units,spikeTimeRawS,movieAlignedTimeS,movieAlignedTimeMs,trialOrder,clipWindowId,clipID,movieID,isAccurate,plotOrder,includeInPlots,clipStartTimeMs,clipEndTimeMs,spikeTimeRelativeToClipStartMs,spikeTimeRelativeToClipStartS
1,1882.3539,1871.3729,1871372.9001,1,1.0-1871219-1873354,783.0000,1.0000,1,1,True,1871219.0000,1873354.0000,153.9001,0.1539
1,1882.4580,1871.4770,1871477.0001,1,1.0-1871219-1873354,783.0000,1.0000,1,1,True,1871219.0000,1873354.0000,258.0001,0.2580
1,1882.5588,1871.5778,1871577.8001,1,1.0-1871219-1873354,783.0000,1.0000,1,1,True,1871219.0000,1873354.0000,358.8001,0.3588
1,1882.7600,1871.7790,1871779.0001,1,1.0-1871219-1873354,783.0000,1.0000,1,1,True,1871219.0000,1873354.0000,560.0001,0.5600
1,1883.2997,1872.3187,1872318.7001,1,1.0-1871219-1873354,783.0000,1.0000,1,1,True,1871219.0000,1873354.0000,1099.7001,1.0997
1,1883.3513,1872.3703,1872370.3001,1,1.0-1871219-1873354,783.0000,1.0000,1,1,True,1871219.0000,1873354.0000,1151.3001,1.1513
1,1883.6277,1872.6467,1872646.7001,1,1.0-1871219-1873354,783.0000,1.0000,1,1,True,1871219.0000,1873354.0000,1427.7001,1.4277
1,1883.7450,1872.7640,1872764.0001,1,1.0-1871219-1873354,783.0000,1.0000,1,1,True,1871219.0000,1873354.0000,1545.0001,1.5450
1,1884.2914,1873.3104,1873310.4001,1,1.0-1871219-1873354,783.0000,1.0000,1,1,True,1871219.0000,1873354.0000,2091.4001,2.0914
1,103.8268,92.8458,92845.8001,2,1.0-92755-93489,54.0000,1.0000,1,2,True,92755.0000,93489.0000,90.8001,0.0908
1,104.0998,93.1188,93118.8001,2,1.0-92755-93489,54.0000,1.0000,1,2,True,92755.0000,93489.0000,363.8001,0.3638
1,104.1407,93.1597,93159.7001,2,1.0-92755-93489,54.0000,1.0000,1,2,True,92755.0000,93489.0000,404.7001,0.4047
1,104.1553,93.1743,93174.3001,2,1.0-92755-93489,54.0000,1.0000,1,2,True,92755.0000,93489.0000,419.3001,0.4193
1,104.3976,93.4166,93416.6001,2,1.0-92755-93489,54.0000,1.0000,1,2,True,92755.0000,93489.0000,661.6001,0.6616
1,195.3450,184.3640,184364.0001,3,1.0-184242-187145,109.0000,1.0000,1,3,True,184242.0000,187145.0000,122.0001,0.1220
1,195.3748,184.3938,184393.8001,3,1.0-184242-187145,109.0000,1.0000,1,3,True,184242.0000,187145.0000,151.8001,0.1518
1,195.4368,184.4558,184455.8001,3,1.0-184242-187145,109.0000,1.0000,1,3,True,184242.0000,187145.0000,213.8001,0.2138
1,195.4801,184.4991,184499.1001,3,1.0-184242-187145,109.0000,1.0000,1,3,True,184242.0000,187145.0000,257.1001,0.2571
1,195.5065,184.5255,184525.5001,3,1.0-184242-187145,109.0000,1.0000,1,3,True,184242.0000,187145.0000,283.5001,0.2835
1,195.5704,184.5894,184589.4001,3,1.0-184242-187145,109.0000,1.0000,1,3,True,184242.0000,187145.0000,347.4001,0.3474
1,195.6615,184.6805,184680.5001,3,1.0-184242-187145,109.0000,1.0000,1,3,True,184242.0000,187145.0000,438.5001,0.4385
1,195.6752,184.6942,184694.2001,3,1.0-184242-187145,109.0000,1.0000,1,3,True,184242.0000,187145.0000,452.2001,0.4522
1,195.6855,184.7045,184704.5001,3,1.0-184242-187145,109.0000,1.0000,1,3,True,184242.0000,187145.0000,462.5001,0.4625
1,195.7013,184.7203,184720.3001,3,1.0-184242-187145,109.0000,1.0000,1,3,True,184242.0000,187145.0000,478.3001,0.4783
1,195.7184,184.7374,184737.4001,3,1.0-184242-187145,109.0000,1.0000,1,3,True,184242.0000,187145.0000,495.4001,0.4954
1,195.7325,184.7515,184751.5001,3,1.0-184242-187145,109.0000,1.0000,1,3,True,184242.0000,187145.0000,509.5001,0.5095
1,195.7453,184.7643,184764.3001,3,1.0-184242-187145,109.0000,1.0000,1,3,True,184242.0000,187145.0000,522.3001,0.5223
1,195.7648,184.7838,184783.8001,3,1.0-184242-187145,109.0000,1.0000,1,3,True,184242.0000,187145.0000,541.8001,0.5418
1,195.7784,184.7974,184797.4001,3,1.0-184242-187145,109.0000,1.0000,1,3,True,184242.0000,187145.0000,555.4001,0.5554
1,195.9517,184.9707,184970.7001,3,1.0-184242-187145,109.0000,1.0000,1,3,True,184242.0000,187145.0000,728.7001,0.7287
1,196.0719,185.0909,185090.9001,3,1.0-184242-187145,109.0000,1.0000,1,3,True,184242.0000,187145.0000,848.9001,0.8489
1,196.1041,185.1231,185123.1001,3,1.0-184242-187145,109.0000,1.0000,1,3,True,184242.0000,187145.0000,881.1001,0.8811
1,196.2974,185.3164,185316.4001,3,1.0-184242-187145,109.0000,1.0000,1,3,True,184242.0000,187145.0000,1074.4001,1.0744
1,196.3830,185.4020,185402.0001,3,1.0-184242-187145,109.0000,1.0000,1,3,True,184242.0000,187145.0000,1160.0001,1.1600
1,196.4038,185.4228,185422.8001,3,1.0-184242-187145,109.0000,1.0000,1,3,True,184242.0000,187145.0000,1180.8001,1.1808
1,196.4062,185.4252,185425.2001,3,1.0-184242-187145,109.0000,1.0000,1,3,True,184242.0000,187145.0000,1183.2001,1.1832
1,196.4472,185.4662,185466.2001,3,1.0-184242-187145,109.0000,1.0000,1,3,True,184242.0000,187145.0000,1224.2001,1.2242
1,196.4704,185.4894,185489.4001,3,1.0-184242-187145,109.0000,1.0000,1,3,True,184242.0000,187145.0000,1247.4001,1.2474
1,196.4911,185.5101,185510.1001,3,1.0-184242-187145,109.0000,1.0000,1,3,True,184242.0000,187145.0000,1268.1001,1.2681
1,196.6030,185.6220,185622.0001,3,1.0-184242-187145,109.0000,1.0000,1,3,True,184242.0000,187145.0000,1380.0001,1.3800
1,196.6915,185.7105,185710.5001,3,1.0-184242-187145,109.0000,1.0000,1,3,True,184242.0000,187145.0000,1468.5001,1.4685
1,196.7273,185.7463,185746.3001,3,1.0-184242-187145,109.0000,1.0000,1,3,True,184242.0000,187145.0000,1504.3001,1.5043
1,196.9204,185.9394,185939.4001,3,1.0-184242-187145,109.0000,1.0000,1,3,True,184242.0000,187145.0000,1697.4001,1.6974
1,196.9428,185.9618,185961.8001,3,1.0-184242-187145,109.0000,1.0000,1,3,True,184242.0000,187145.0000,1719.8001,1.7198
1,196.9815,186.0005,186000.5001,3,1.0-184242-187145,109.0000,1.0000,1,3,True,184242.0000,187145.0000,1758.5001,1.7585
1,196.9927,186.0117,186011.7001,3,1.0-184242-187145,109.0000,1.0000,1,3,True,184242.0000,187145.0000,1769.7001,1.7697
1,196.9946,186.0136,186013.6001,3,1.0-184242-187145,109.0000,1.0000,1,3,True,184242.0000,187145.0000,1771.6001,1.7716
1,197.0940,186.1130,186113.0001,3,1.0-184242-187145,109.0000,1.0000,1,3,True,184242.0000,187145.0000,1871.0001,1.8710
1,197.1801,186.1991,186199.1001,3,1.0-184242-187145,109.0000,1.0000,1,3,True,184242.0000,187145.0000,1957.1001,1.9571
1,197.2400,186.2590,186259.0001,3,1.0-184242-187145,109.0000,1.0000,1,3,True,184242.0000,187145.0000,2017.0001,2.0170
1,197.3145,186.3335,186333.5001,3,1.0-184242-187145,109.0000,1.0000,1,3,True,184242.0000,187145.0000,2091.5001,2.0915
1,197.3415,186.3605,186360.5001,3,1.0-184242-187145,109.0000,1.0000,1,3,True,184242.0000,187145.0000,2118.5001,2.1185
1,197.4985,186.5175,186517.5001,3,1.0-184242-187145,109.0000,1.0000,1,3,True,184242.0000,187145.0000,2275.5001,2.2755
1,197.6384,186.6574,186657.4001,3,1.0-184242-187145,109.0000,1.0000,1,3,True,184242.0000,187145.0000,2415.4001,2.4154
1,197.9213,186.9403,186940.3001,3,1.0-184242-187145,109.0000,1.0000,1,3,True,184242.0000,187145.0000,2698.3001,2.6983
1,197.9614,186.9804,186980.4001,3,1.0-184242-187145,109.0000,1.0000,1,3,True,184242.0000,187145.0000,2738.4001,2.7384
1,198.0022,187.0212,187021.2001,3,1.0-184242-187145,109.0000,1.0000,1,3,True,184242.0000,187145.0000,2779.2001,2.7792
1,198.0346,187.0536,187053.6001,3,1.0-184242-187145,109.0000,1.0000,1,3,True,184242.0000,187145.0000,2811.6001,2.8116
1,533.9507,522.9697,522969.7001,4,1.0-522899-524901,267.0000,1.0000,1,4,True,522899.0000,524901.0000,70.7001,0.0707
1,533.9855,523.0045,523004.5001,4,1.0-522899-524901,267.0000,1.0000,1,4,True,522899.0000,524901.0000,105.5001,0.1055
1,534.0323,523.0513,523051.3001,4,1.0-522899-524901,267.0000,1.0000,1,4,True,522899.0000,524901.0000,152.3001,0.1523
1,534.0776,523.0966,523096.6001,4,1.0-522899-524901,267.0000,1.0000,1,4,True,522899.0000,524901.0000,197.6001,0.1976
1,534.1031,523.1221,523122.1001,4,1.0-522899-524901,267.0000,1.0000,1,4,True,522899.0000,524901.0000,223.1001,0.2231
1,534.2284,523.2474,523247.4001,4,1.0-522899-524901,267.0000,1.0000,1,4,True,522899.0000,524901.0000,348.4001,0.3484
1,534.3343,523.3533,523353.3001,4,1.0-522899-524901,267.0000,1.0000,1,4,True,522899.0000,524901.0000,454.3001,0.4543
1,534.4142,523.4332,523433.2001,4,1.0-522899-524901,267.0000,1.0000,1,4,True,522899.0000,524901.0000,534.2001,0.5342
1,534.6002,523.6192,523619.2001,4,1.0-522899-524901,267.0000,1.0000,1,4,True,522899.0000,524901.0000,720.2001,0.7202
1,534.7632,523.7822,523782.2001,4,1.0-522899-524901,267.0000,1.0000,1,4,True,522899.0000,524901.0000,883.2001,0.8832
1,534.8588,523.8778,523877.8001,4,1.0-522899-524901,267.0000,1.0000,1,4,True,522899.0000,524901.0000,978.8001,0.9788
1,535.1019,524.1209,524120.9001,4,1.0-522899-524901,267.0000,1.0000,1,4,True,522899.0000,524901.0000,1221.9001,1.2219
1,535.5299,524.5489,524548.9001,4,1.0-522899-524901,267.0000,1.0000,1,4,True,522899.0000,524901.0000,1649.9001,1.6499
1,535.7146,524.7336,524733.6001,4,1.0-522899-524901,267.0000,1.0000,1,4,True,522899.0000,524901.0000,1834.6001,1.8346
1,535.8522,524.8712,524871.2001,4,1.0-522899-524901,267.0000,1.0000,1,4,True,522899.0000,524901.0000,1972.2001,1.9722
1,1049.0123,1038.0313,1038031.3001,5,1.0-1037824-1040693,444.0000,1.0000,1,5,True,1037824.0000,1040693.0000,207.3001,0.2073
1,1049.2541,1038.2731,1038273.1001,5,1.0-1037824-1040693,444.0000,1.0000,1,5,True,1037824.0000,1040693.0000,449.1001,0.4491
1,1049.4528,1038.4718,1038471.8001,5,1.0-1037824-1040693,444.0000,1.0000,1,5,True,1037824.0000,1040693.0000,647.8001,0.6478
1,1049.6135,1038.6325,1038632.5001,5,1.0-1037824-1040693,444.0000,1.0000,1,5,True,1037824.0000,1040693.0000,808.5001,0.8085
1,1049.6953,1038.7143,1038714.3001,5,1.0-1037824-1040693,444.0000,1.0000,1,5,True,1037824.0000,1040693.0000,890.3001,0.8903
1,1049.7759,1038.7949,1038794.9001,5,1.0-1037824-1040693,444.0000,1.0000,1,5,True,1037824.0000,1040693.0000,970.9001,0.9709
1,1049.8961,1038.9151,1038915.1001,5,1.0-1037824-1040693,444.0000,1.0000,1,5,True,1037824.0000,1040693.0000,1091.1001,1.0911
1,1049.9135,1038.9325,1038932.5001,5,1.0-1037824-1040693,444.0000,1.0000,1,5,True,1037824.0000,1040693.0000,1108.5001,1.1085
1,1050.0855,1039.1045,1039104.5001,5,1.0-1037824-1040693,444.0000,1.0000,1,5,True,1037824.0000,1040693.0000,1280.5001,1.2805
1,1050.1502,1039.1692,1039169.2001,5,1.0-1037824-1040693,444.0000,1.0000,1,5,True,1037824.0000,1040693.0000,1345.2001,1.3452
1,1050.1523,1039.1713,1039171.3001,5,1.0-1037824-1040693,444.0000,1.0000,1,5,True,1037824.0000,1040693.0000,1347.3001,1.3473
1,1050.3709,1039.3899,1039389.9001,5,1.0-1037824-1040693,444.0000,1.0000,1,5,True,1037824.0000,1040693.0000,1565.9001,1.5659
1,1050.3741,1039.3931,1039393.1001,5,1.0-1037824-1040693,444.0000,1.0000,1,5,True,1037824.0000,1040693.0000,1569.1001,1.5691
1,1050.6858,1039.7048,1039704.8001,5,1.0-1037824-1040693,444.0000,1.0000,1,5,True,1037824.0000,1040693.0000,1880.8001,1.8808
1,1051.3138,1040.3328,1040332.8001,5,1.0-1037824-1040693,444.0000,1.0000,1,5,True,1037824.0000,1040693.0000,2508.8001,2.5088
1,1051.4900,1040.5090,1040509.0001,5,1.0-1037824-1040693,444.0000,1.0000,1,5,True,1037824.0000,1040693.0000,2685.0001,2.6850
1,1051.5759,1040.5949,1040594.9001,5,1.0-1037824-1040693,444.0000,1.0000,1,5,True,1037824.0000,1040693.0000,2770.9001,2.7709
1,1051.6008,1040.6198,1040619.8001,5,1.0-1037824-1040693,444.0000,1.0000,1,5,True,1037824.0000,1040693.0000,2795.8001,2.7958
1,318.8755,307.8945,307894.5001,6,1.0-307894-310296,173.0000,1.0000,1,6,True,307894.0000,310296.0000,0.5001,0.0005
1,319.1724,308.1914,308191.4001,6,1.0-307894-310296,173.0000,1.0000,1,6,True,307894.0000,310296.0000,297.4001,0.2974
1,319.3284,308.3474,308347.4001,6,1.0-307894-310296,173.0000,1.0000,1,6,True,307894.0000,310296.0000,453.4001,0.4534
1,319.4807,308.4997,308499.7001,6,1.0-307894-310296,173.0000,1.0000,1,6,True,307894.0000,310296.0000,605.7001,0.6057
1,319.6523,308.6713,308671.3001,6,1.0-307894-310296,173.0000,1.0000,1,6,True,307894.0000,310296.0000,777.3001,0.7773
1,319.8027,308.8217,308821.7001,6,1.0-307894-310296,173.0000,1.0000,1,6,True,307894.0000,310296.0000,927.7001,0.9277
1,320.2058,309.2248,309224.8001,6,1.0-307894-310296,173.0000,1.0000,1,6,True,307894.0000,310296.0000,1330.8001,1.3308
1,320.8744,309.8934,309893.4001,6,1.0-307894-310296,173.0000,1.0000,1,6,True,307894.0000,310296.0000,1999.4001,1.9994
1,320.9719,309.9909,309990.9001,6,1.0-307894-310296,173.0000,1.0000,1,6,True,307894.0000,310296.0000,2096.9001,2.0969
1,321.2163,310.2353,310235.3001,6,1.0-307894-310296,173.0000,1.0000,1,6,True,307894.0000,310296.0000,2341.3001,2.3413
1,1205.5779,1194.5969,1194596.9001,7,1.0-1194073-1196775,492.0000,1.0000,0,43,True,1194073.0000,1196775.0000,523.9001,0.5239
1,1205.7739,1194.7929,1194792.9001,7,1.0-1194073-1196775,492.0000,1.0000,0,43,True,1194073.0000,1196775.0000,719.9001,0.7199
1,1205.9069,1194.9259,1194925.9001,7,1.0-1194073-1196775,492.0000,1.0000,0,43,True,1194073.0000,1196775.0000,852.9001,0.8529
1,1206.0210,1195.0400,1195040.0001,7,1.0-1194073-1196775,492.0000,1.0000,0,43,True,1194073.0000,1196775.0000,967.0001,0.9670
1,1206.4977,1195.5167,1195516.7001,7,1.0-1194073-1196775,492.0000,1.0000,0,43,True,1194073.0000,1196775.0000,1443.7001,1.4437
1,1207.2385,1196.2575,1196257.5001,7,1.0-1194073-1196775,492.0000,1.0000,0,43,True,1194073.0000,1196775.0000,2184.5001,2.1845
1,1207.2520,1196.2710,1196271.0001,7,1.0-1194073-1196775,492.0000,1.0000,0,43,True,1194073.0000,1196775.0000,2198.0001,2.1980
1,2176.7882,2165.8072,2165807.2001,8,1.0-2165533-2167535,898.0000,1.0000,1,7,True,2165533.0000,2167535.0000,274.2001,0.2742
1,2177.0042,2166.0232,2166023.2001,8,1.0-2165533-2167535,898.0000,1.0000,1,7,True,2165533.0000,2167535.0000,490.2001,0.4902
1,2177.0825,2166.1015,2166101.5001,8,1.0-2165533-2167535,898.0000,1.0000,1,7,True,2165533.0000,2167535.0000,568.5001,0.5685
1,2177.7244,2166.7434,2166743.4001,8,1.0-2165533-2167535,898.0000,1.0000,1,7,True,2165533.0000,2167535.0000,1210.4001,1.2104
1,2178.3076,2167.3266,2167326.6001,8,1.0-2165533-2167535,898.0000,1.0000,1,7,True,2165533.0000,2167535.0000,1793.6001,1.7936
1,432.8141,421.8331,421833.1001,9,1.0-421669-424238,230.0000,1.0000,1,8,True,421669.0000,424238.0000,164.1001,0.1641
1,433.1939,422.2129,422212.9001,9,1.0-421669-424238,230.0000,1.0000,1,8,True,421669.0000,424238.0000,543.9001,0.5439
1,433.3426,422.3616,422361.6001,9,1.0-421669-424238,230.0000,1.0000,1,8,True,421669.0000,424238.0000,692.6001,0.6926
1,433.3643,422.3833,422383.3001,9,1.0-421669-424238,230.0000,1.0000,1,8,True,421669.0000,424238.0000,714.3001,0.7143
1,433.4882,422.5072,422507.2001,9,1.0-421669-424238,230.0000,1.0000,1,8,True,421669.0000,424238.0000,838.2001,0.8382
1,433.7576,422.7766,422776.6001,9,1.0-421669-424238,230.0000,1.0000,1,8,True,421669.0000,424238.0000,1107.6001,1.1076
1,433.8193,422.8383,422838.3001,9,1.0-421669-424238,230.0000,1.0000,1,8,True,421669.0000,424238.0000,1169.3001,1.1693
1,433.9052,422.9242,422924.2001,9,1.0-421669-424238,230.0000,1.0000,1,8,True,421669.0000,424238.0000,1255.2001,1.2552
1,433.9889,423.0079,423007.9001,9,1.0-421669-424238,230.0000,1.0000,1,8,True,421669.0000,424238.0000,1338.9001,1.3389
1,434.0161,423.0351,423035.1001,9,1.0-421669-424238,230.0000,1.0000,1,8,True,421669.0000,424238.0000,1366.1001,1.3661
1,434.2193,423.2383,423238.3001,9,1.0-421669-424238,230.0000,1.0000,1,8,True,421669.0000,424238.0000,1569.3001,1.5693
1,434.6299,423.6489,423648.9001,9,1.0-421669-424238,230.0000,1.0000,1,8,True,421669.0000,424238.0000,1979.9001,1.9799
1,434.6822,423.7012,423701.2001,9,1.0-421669-424238,230.0000,1.0000,1,8,True,421669.0000,424238.0000,2032.2001,2.0322
1,1168.1505,1157.1695,1157169.5001,10,1.0-1156870-1158939,477.0000,1.0000,0,44,True,1156870.0000,1158939.0000,299.5001,0.2995
1,1168.2673,1157.2863,1157286.3001,10,1.0-1156870-1158939,477.0000,1.0000,0,44,True,1156870.0000,1158939.0000,416.3001,0.4163
1,1168.5793,1157.5983,1157598.3001,10,1.0-1156870-1158939,477.0000,1.0000,0,44,True,1156870.0000,1158939.0000,728.3001,0.7283
1,1168.9926,1158.0116,1158011.6001,10,1.0-1156870-1158939,477.0000,1.0000,0,44,True,1156870.0000,1158939.0000,1141.6001,1.1416
1,1169.0656,1158.0846,1158084.6001,10,1.0-1156870-1158939,477.0000,1.0000,0,44,True,1156870.0000,1158939.0000,1214.6001,1.2146
1,1169.1762,1158.1952,1158195.2001,10,1.0-1156870-1158939,477.0000,1.0000,0,44,True,1156870.0000,1158939.0000,1325.2001,1.3252
1,1169.3359,1158.3549,1158354.9001,10,1.0-1156870-1158939,477.0000,1.0000,0,44,True,1156870.0000,1158939.0000,1484.9001,1.4849
1,1169.4174,1158.4364,1158436.4001,10,1.0-1156870-1158939,477.0000,1.0000,0,44,True,1156870.0000,1158939.0000,1566.4001,1.5664
1,1169.5883,1158.6073,1158607.3001,10,1.0-1156870-1158939,477.0000,1.0000,0,44,True,1156870.0000,1158939.0000,1737.3001,1.7373
1,1169.9037,1158.9227,1158922.7001,10,1.0-1156870-1158939,477.0000,1.0000,0,44,True,1156870.0000,1158939.0000,2052.7001,2.0527
1,2360.2690,2349.2880,2349288.0001,11,1.0-2349242-2350376,964.0000,1.0000,0,45,True,2349242.0000,2350376.0000,46.0001,0.0460
1,2360.3843,2349.4033,2349403.3001,11,1.0-2349242-2350376,964.0000,1.0000,0,45,True,2349242.0000,2350376.0000,161.3001,0.1613
1,2360.9046,2349.9236,2349923.6001,11,1.0-2349242-2350376,964.0000,1.0000,0,45,True,2349242.0000,2350376.0000,681.6001,0.6816
1,1511.6120,1500.6310,1500631.0001,12,1.0-1500398-1502867,600.0000,1.0000,0,46,True,1500398.0000,1502867.0000,233.0001,0.2330
1,1511.6688,1500.6878,1500687.8001,12,1.0-1500398-1502867,600.0000,1.0000,0,46,True,1500398.0000,1502867.0000,289.8001,0.2898
1,1511.9915,1501.0105,1501010.5001,12,1.0-1500398-1502867,600.0000,1.0000,0,46,True,1500398.0000,1502867.0000,612.5001,0.6125
1,1512.6006,1501.6196,1501619.6001,12,1.0-1500398-1502867,600.0000,1.0000,0,46,True,1500398.0000,1502867.0000,1221.6001,1.2216
1,1512.8686,1501.8876,1501887.6001,12,1.0-1500398-1502867,600.0000,1.0000,0,46,True,1500398.0000,1502867.0000,1489.6001,1.4896
1,1513.0624,1502.0814,1502081.4001,12,1.0-1500398-1502867,600.0000,1.0000,0,46,True,1500398.0000,1502867.0000,1683.4001,1.6834
1,1513.1251,1502.1441,1502144.1001,12,1.0-1500398-1502867,600.0000,1.0000,0,46,True,1500398.0000,1502867.0000,1746.1001,1.7461
1,1513.3750,1502.3940,1502394.0001,12,1.0-1500398-1502867,600.0000,1.0000,0,46,True,1500398.0000,1502867.0000,1996.0001,1.9960
1,1513.5150,1502.5340,1502534.0001,12,1.0-1500398-1502867,600.0000,1.0000,0,46,True,1500398.0000,1502867.0000,2136.0001,2.1360
1,1513.6275,1502.6465,1502646.5001,12,1.0-1500398-1502867,600.0000,1.0000,0,46,True,1500398.0000,1502867.0000,2248.5001,2.2485
1,1513.7468,1502.7658,1502765.8001,12,1.0-1500398-1502867,600.0000,1.0000,0,46,True,1500398.0000,1502867.0000,2367.8001,2.3678
1,1513.8121,1502.8311,1502831.1001,12,1.0-1500398-1502867,600.0000,1.0000,0,46,True,1500398.0000,1502867.0000,2433.1001,2.4331
1,1513.8473,1502.8663,1502866.3001,12,1.0-1500398-1502867,600.0000,1.0000,0,46,True,1500398.0000,1502867.0000,2468.3001,2.4683
1,2068.6545,2057.6735,2057673.5001,13,1.0-2057597-2059665,857.0000,1.0000,0,47,True,2057597.0000,2059665.0000,76.5001,0.0765
1,2068.7346,2057.7536,2057753.6001,13,1.0-2057597-2059665,857.0000,1.0000,0,47,True,2057597.0000,2059665.0000,156.6001,0.1566
1,2068.7937,2057.8127,2057812.7001,13,1.0-2057597-2059665,857.0000,1.0000,0,47,True,2057597.0000,2059665.0000,215.7001,0.2157
1,2068.8143,2057.8333,2057833.3001,13,1.0-2057597-2059665,857.0000,1.0000,0,47,True,2057597.0000,2059665.0000,236.3001,0.2363
1,2069.5440,2058.5630,2058563.0001,13,1.0-2057597-2059665,857.0000,1.0000,0,47,True,2057597.0000,2059665.0000,966.0001,0.9660
1,2069.6333,2058.6523,2058652.3001,13,1.0-2057597-2059665,857.0000,1.0000,0,47,True,2057597.0000,2059665.0000,1055.3001,1.0553
1,2069.7706,2058.7896,2058789.6001,13,1.0-2057597-2059665,857.0000,1.0000,0,47,True,2057597.0000,2059665.0000,1192.6001,1.1926
1,2070.0268,2059.0458,2059045.8001,13,1.0-2057597-2059665,857.0000,1.0000,0,47,True,2057597.0000,2059665.0000,1448.8001,1.4488
1,2070.1584,2059.1774,2059177.4001,13,1.0-2057597-2059665,857.0000,1.0000,0,47,True,2057597.0000,2059665.0000,1580.4001,1.5804
1,2070.3083,2059.3273,2059327.3001,13,1.0-2057597-2059665,857.0000,1.0000,0,47,True,2057597.0000,2059665.0000,1730.3001,1.7303
1,2070.5981,2059.6171,2059617.1001,13,1.0-2057597-2059665,857.0000,1.0000,0,47,True,2057597.0000,2059665.0000,2020.1001,2.0201
1,1328.1931,1317.2121,1317212.1001,14,1.0-1317090-1320093,535.0000,1.0000,0,48,True,1317090.0000,1320093.0000,122.1001,0.1221
1,1328.2423,1317.2613,1317261.3001,14,1.0-1317090-1320093,535.0000,1.0000,0,48,True,1317090.0000,1320093.0000,171.3001,0.1713
1,1328.4479,1317.4669,1317466.9001,14,1.0-1317090-1320093,535.0000,1.0000,0,48,True,1317090.0000,1320093.0000,376.9001,0.3769
1,1328.6037,1317.6227,1317622.7001,14,1.0-1317090-1320093,535.0000,1.0000,0,48,True,1317090.0000,1320093.0000,532.7001,0.5327
1,1328.7853,1317.8043,1317804.3001,14,1.0-1317090-1320093,535.0000,1.0000,0,48,True,1317090.0000,1320093.0000,714.3001,0.7143
1,1328.8794,1317.8984,1317898.4001,14,1.0-1317090-1320093,535.0000,1.0000,0,48,True,1317090.0000,1320093.0000,808.4001,0.8084
1,1329.0022,1318.0212,1318021.2001,14,1.0-1317090-1320093,535.0000,1.0000,0,48,True,1317090.0000,1320093.0000,931.2001,0.9312
1,1329.1222,1318.1412,1318141.2001,14,1.0-1317090-1320093,535.0000,1.0000,0,48,True,1317090.0000,1320093.0000,1051.2001,1.0512
1,1329.2297,1318.2487,1318248.7001,14,1.0-1317090-1320093,535.0000,1.0000,0,48,True,1317090.0000,1320093.0000,1158.7001,1.1587
1,1329.4161,1318.4351,1318435.1001,14,1.0-1317090-1320093,535.0000,1.0000,0,48,True,1317090.0000,1320093.0000,1345.1001,1.3451
1,1329.4970,1318.5160,1318516.0001,14,1.0-1317090-1320093,535.0000,1.0000,0,48,True,1317090.0000,1320093.0000,1426.0001,1.4260
1,1329.5114,1318.5304,1318530.4001,14,1.0-1317090-1320093,535.0000,1.0000,0,48,True,1317090.0000,1320093.0000,1440.4001,1.4404
1,1329.5933,1318.6123,1318612.3001,14,1.0-1317090-1320093,535.0000,1.0000,0,48,True,1317090.0000,1320093.0000,1522.3001,1.5223
1,1329.6543,1318.6733,1318673.3001,14,1.0-1317090-1320093,535.0000,1.0000,0,48,True,1317090.0000,1320093.0000,1583.3001,1.5833
1,1329.7486,1318.7676,1318767.6001,14,1.0-1317090-1320093,535.0000,1.0000,0,48,True,1317090.0000,1320093.0000,1677.6001,1.6776
1,1329.9436,1318.9626,1318962.6001,14,1.0-1317090-1320093,535.0000,1.0000,0,48,True,1317090.0000,1320093.0000,1872.6001,1.8726
1,1329.9502,1318.9692,1318969.2001,14,1.0-1317090-1320093,535.0000,1.0000,0,48,True,1317090.0000,1320093.0000,1879.2001,1.8792
1,1330.0161,1319.0351,1319035.1001,14,1.0-1317090-1320093,535.0000,1.0000,0,48,True,1317090.0000,1320093.0000,1945.1001,1.9451
1,1330.1841,1319.2031,1319203.1001,14,1.0-1317090-1320093,535.0000,1.0000,0,48,True,1317090.0000,1320093.0000,2113.1001,2.1131
1,1330.2185,1319.2375,1319237.5001,14,1.0-1317090-1320093,535.0000,1.0000,0,48,True,1317090.0000,1320093.0000,2147.5001,2.1475
1,1330.2999,1319.3189,1319318.9001,14,1.0-1317090-1320093,535.0000,1.0000,0,48,True,1317090.0000,1320093.0000,2228.9001,2.2289
1,1330.3582,1319.3772,1319377.2001,14,1.0-1317090-1320093,535.0000,1.0000,0,48,True,1317090.0000,1320093.0000,2287.2001,2.2872
1,1330.3823,1319.4013,1319401.3001,14,1.0-1317090-1320093,535.0000,1.0000,0,48,True,1317090.0000,1320093.0000,2311.3001,2.3113
1,1330.4573,1319.4763,1319476.3001,14,1.0-1317090-1320093,535.0000,1.0000,0,48,True,1317090.0000,1320093.0000,2386.3001,2.3863
1,1330.4984,1319.5174,1319517.4001,14,1.0-1317090-1320093,535.0000,1.0000,0,48,True,1317090.0000,1320093.0000,2427.4001,2.4274
1,1330.7792,1319.7982,1319798.2001,14,1.0-1317090-1320093,535.0000,1.0000,0,48,True,1317090.0000,1320093.0000,2708.2001,2.7082
1,1330.8297,1319.8487,1319848.7001,14,1.0-1317090-1320093,535.0000,1.0000,0,48,True,1317090.0000,1320093.0000,2758.7001,2.7587
1,1330.8801,1319.8991,1319899.1001,14,1.0-1317090-1320093,535.0000,1.0000,0,48,True,1317090.0000,1320093.0000,2809.1001,2.8091
1,1330.9724,1319.9914,1319991.4001,14,1.0-1317090-1320093,535.0000,1.0000,0,48,True,1317090.0000,1320093.0000,2901.4001,2.9014
1,1330.9891,1320.0081,1320008.1001,14,1.0-1317090-1320093,535.0000,1.0000,0,48,True,1317090.0000,1320093.0000,2918.1001,2.9181
1,1331.0111,1320.0301,1320030.1001,14,1.0-1317090-1320093,535.0000,1.0000,0,48,True,1317090.0000,1320093.0000,2940.1001,2.9401
1,920.2893,909.3083,909308.3001,15,1.0-909167-910669,394.0000,1.0000,0,49,True,909167.0000,910669.0000,141.3001,0.1413
1,920.5301,909.5491,909549.1001,15,1.0-909167-910669,394.0000,1.0000,0,49,True,909167.0000,910669.0000,382.1001,0.3821
1,920.5867,909.6057,909605.7001,15,1.0-909167-910669,394.0000,1.0000,0,49,True,909167.0000,910669.0000,438.7001,0.4387
1,920.6348,909.6538,909653.8001,15,1.0-909167-910669,394.0000,1.0000,0,49,True,909167.0000,910669.0000,486.8001,0.4868
1,920.6388,909.6578,909657.8001,15,1.0-909167-910669,394.0000,1.0000,0,49,True,909167.0000,910669.0000,490.8001,0.4908
1,920.7417,909.7607,909760.7001,15,1.0-909167-910669,394.0000,1.0000,0,49,True,909167.0000,910669.0000,593.7001,0.5937
1,920.9073,909.9263,909926.3001,15,1.0-909167-910669,394.0000,1.0000,0,49,True,909167.0000,910669.0000,759.3001,0.7593
1,921.1982,910.2172,910217.2001,15,1.0-909167-910669,394.0000,1.0000,0,49,True,909167.0000,910669.0000,1050.2001,1.0502
1,921.2425,910.2615,910261.5001,15,1.0-909167-910669,394.0000,1.0000,0,49,True,909167.0000,910669.0000,1094.5001,1.0945
1,921.3480,910.3670,910367.0001,15,1.0-909167-910669,394.0000,1.0000,0,49,True,909167.0000,910669.0000,1200.0001,1.2000
1,921.4220,910.4410,910441.0001,15,1.0-909167-910669,394.0000,1.0000,0,49,True,909167.0000,910669.0000,1274.0001,1.2740
1,921.4620,910.4810,910481.0001,15,1.0-909167-910669,394.0000,1.0000,0,49,True,909167.0000,910669.0000,1314.0001,1.3140
1,921.5615,910.5805,910580.5001,15,1.0-909167-910669,394.0000,1.0000,0,49,True,909167.0000,910669.0000,1413.5001,1.4135
1,2429.5603,2418.5793,2418579.3001,16,1.0-2418474-2421477,995.0000,1.0000,0,50,True,2418474.0000,2421477.0000,105.3001,0.1053
1,2429.6595,2418.6785,2418678.5001,16,1.0-2418474-2421477,995.0000,1.0000,0,50,True,2418474.0000,2421477.0000,204.5001,0.2045
1,2429.7028,2418.7218,2418721.8001,16,1.0-2418474-2421477,995.0000,1.0000,0,50,True,2418474.0000,2421477.0000,247.8001,0.2478
1,2429.7568,2418.7758,2418775.8001,16,1.0-2418474-2421477,995.0000,1.0000,0,50,True,2418474.0000,2421477.0000,301.8001,0.3018
1,2429.9010,2418.9200,2418920.0001,16,1.0-2418474-2421477,995.0000,1.0000,0,50,True,2418474.0000,2421477.0000,446.0001,0.4460
1,2430.3358,2419.3548,2419354.8001,16,1.0-2418474-2421477,995.0000,1.0000,0,50,True,2418474.0000,2421477.0000,880.8001,0.8808
1,2430.4519,2419.4709,2419470.9001,16,1.0-2418474-2421477,995.0000,1.0000,0,50,True,2418474.0000,2421477.0000,996.9001,0.9969
1,2430.4548,2419.4738,2419473.8001,16,1.0-2418474-2421477,995.0000,1.0000,0,50,True,2418474.0000,2421477.0000,999.8001,0.9998
1,2430.5459,2419.5649,2419564.9001,16,1.0-2418474-2421477,995.0000,1.0000,0,50,True,2418474.0000,2421477.0000,1090.9001,1.0909
1,2430.5697,2419.5887,2419588.7001,16,1.0-2418474-2421477,995.0000,1.0000,0,50,True,2418474.0000,2421477.0000,1114.7001,1.1147
1,2430.6148,2419.6338,2419633.8001,16,1.0-2418474-2421477,995.0000,1.0000,0,50,True,2418474.0000,2421477.0000,1159.8001,1.1598
1,2430.7638,2419.7828,2419782.8001,16,1.0-2418474-2421477,995.0000,1.0000,0,50,True,2418474.0000,2421477.0000,1308.8001,1.3088
1,2430.8998,2419.9188,2419918.8001,16,1.0-2418474-2421477,995.0000,1.0000,0,50,True,2418474.0000,2421477.0000,1444.8001,1.4448
1,2430.9634,2419.9824,2419982.4001,16,1.0-2418474-2421477,995.0000,1.0000,0,50,True,2418474.0000,2421477.0000,1508.4001,1.5084
1,2431.3103,2420.3293,2420329.3001,16,1.0-2418474-2421477,995.0000,1.0000,0,50,True,2418474.0000,2421477.0000,1855.3001,1.8553
1,2431.3952,2420.4142,2420414.2001,16,1.0-2418474-2421477,995.0000,1.0000,0,50,True,2418474.0000,2421477.0000,1940.2001,1.9402
1,2431.7859,2420.8049,2420804.9001,16,1.0-2418474-2421477,995.0000,1.0000,0,50,True,2418474.0000,2421477.0000,2330.9001,2.3309
1,2431.8110,2420.8300,2420830.0001,16,1.0-2418474-2421477,995.0000,1.0000,0,50,True,2418474.0000,2421477.0000,2356.0001,2.3560
1,2431.8309,2420.8499,2420849.9001,16,1.0-2418474-2421477,995.0000,1.0000,0,50,True,2418474.0000,2421477.0000,2375.9001,2.3759
1,2431.9653,2420.9843,2420984.3001,16,1.0-2418474-2421477,995.0000,1.0000,0,50,True,2418474.0000,2421477.0000,2510.3001,2.5103
1,2432.1358,2421.1548,2421154.8001,16,1.0-2418474-2421477,995.0000,1.0000,0,50,True,2418474.0000,2421477.0000,2680.8001,2.6808
1,2432.2372,2421.2562,2421256.2001,16,1.0-2418474-2421477,995.0000,1.0000,0,50,True,2418474.0000,2421477.0000,2782.2001,2.7822
1,2432.3092,2421.3282,2421328.2001,16,1.0-2418474-2421477,995.0000,1.0000,0,50,True,2418474.0000,2421477.0000,2854.2001,2.8542
1,2432.4091,2421.4281,2421428.1001,16,1.0-2418474-2421477,995.0000,1.0000,0,50,True,2418474.0000,2421477.0000,2954.1001,2.9541
1,852.8974,841.9164,841916.4001,17,1.0-841770-843738,368.0000,1.0000,1,9,True,841770.0000,843738.0000,146.4001,0.1464
1,853.4541,842.4731,842473.1001,17,1.0-841770-843738,368.0000,1.0000,1,9,True,841770.0000,843738.0000,703.1001,0.7031
1,853.5134,842.5324,842532.4001,17,1.0-841770-843738,368.0000,1.0000,1,9,True,841770.0000,843738.0000,762.4001,0.7624
1,853.5278,842.5468,842546.8001,17,1.0-841770-843738,368.0000,1.0000,1,9,True,841770.0000,843738.0000,776.8001,0.7768
1,853.5941,842.6131,842613.1001,17,1.0-841770-843738,368.0000,1.0000,1,9,True,841770.0000,843738.0000,843.1001,0.8431
1,853.6397,842.6587,842658.7001,17,1.0-841770-843738,368.0000,1.0000,1,9,True,841770.0000,843738.0000,888.7001,0.8887
1,853.6568,842.6758,842675.8001,17,1.0-841770-843738,368.0000,1.0000,1,9,True,841770.0000,843738.0000,905.8001,0.9058
1,853.6711,842.6901,842690.1001,17,1.0-841770-843738,368.0000,1.0000,1,9,True,841770.0000,843738.0000,920.1001,0.9201
1,853.6873,842.7063,842706.3001,17,1.0-841770-843738,368.0000,1.0000,1,9,True,841770.0000,843738.0000,936.3001,0.9363
1,853.6946,842.7136,842713.6001,17,1.0-841770-843738,368.0000,1.0000,1,9,True,841770.0000,843738.0000,943.6001,0.9436
1,853.7139,842.7329,842732.9001,17,1.0-841770-843738,368.0000,1.0000,1,9,True,841770.0000,843738.0000,962.9001,0.9629
1,853.7208,842.7398,842739.8001,17,1.0-841770-843738,368.0000,1.0000,1,9,True,841770.0000,843738.0000,969.8001,0.9698
1,853.7420,842.7610,842761.0001,17,1.0-841770-843738,368.0000,1.0000,1,9,True,841770.0000,843738.0000,991.0001,0.9910
1,853.8150,842.8340,842834.0001,17,1.0-841770-843738,368.0000,1.0000,1,9,True,841770.0000,843738.0000,1064.0001,1.0640
1,853.8683,842.8873,842887.3001,17,1.0-841770-843738,368.0000,1.0000,1,9,True,841770.0000,843738.0000,1117.3001,1.1173
1,854.0883,843.1073,843107.3001,17,1.0-841770-843738,368.0000,1.0000,1,9,True,841770.0000,843738.0000,1337.3001,1.3373
1,854.1331,843.1521,843152.1001,17,1.0-841770-843738,368.0000,1.0000,1,9,True,841770.0000,843738.0000,1382.1001,1.3821
1,854.1693,843.1883,843188.3001,17,1.0-841770-843738,368.0000,1.0000,1,9,True,841770.0000,843738.0000,1418.3001,1.4183
1,854.2043,843.2233,843223.3001,17,1.0-841770-843738,368.0000,1.0000,1,9,True,841770.0000,843738.0000,1453.3001,1.4533
1,854.2078,843.2268,843226.8001,17,1.0-841770-843738,368.0000,1.0000,1,9,True,841770.0000,843738.0000,1456.8001,1.4568
1,854.4078,843.4268,843426.8001,17,1.0-841770-843738,368.0000,1.0000,1,9,True,841770.0000,843738.0000,1656.8001,1.6568
1,854.5054,843.5244,843524.4001,17,1.0-841770-843738,368.0000,1.0000,1,9,True,841770.0000,843738.0000,1754.4001,1.7544
1,854.6215,843.6405,843640.5001,17,1.0-841770-843738,368.0000,1.0000,1,9,True,841770.0000,843738.0000,1870.5001,1.8705
1,380.1174,369.1364,369136.4001,18,1.0-368919-370487,205.0000,1.0000,1,10,True,368919.0000,370487.0000,217.4001,0.2174
1,380.5683,369.5873,369587.3001,18,1.0-368919-370487,205.0000,1.0000,1,10,True,368919.0000,370487.0000,668.3001,0.6683
1,380.7873,369.8063,369806.3001,18,1.0-368919-370487,205.0000,1.0000,1,10,True,368919.0000,370487.0000,887.3001,0.8873
1,381.0818,370.1008,370100.8001,18,1.0-368919-370487,205.0000,1.0000,1,10,True,368919.0000,370487.0000,1181.8001,1.1818
1,381.2794,370.2984,370298.4001,18,1.0-368919-370487,205.0000,1.0000,1,10,True,368919.0000,370487.0000,1379.4001,1.3794
1,381.4003,370.4193,370419.3001,18,1.0-368919-370487,205.0000,1.0000,1,10,True,368919.0000,370487.0000,1500.3001,1.5003
1,381.4183,370.4373,370437.3001,18,1.0-368919-370487,205.0000,1.0000,1,10,True,368919.0000,370487.0000,1518.3001,1.5183
1,2421.2926,2410.3116,2410311.6001,19,1.0-2410233-2411401,990.0000,1.0000,0,51,True,2410233.0000,2411401.0000,78.6001,0.0786
1,2421.5568,2410.5758,2410575.8001,19,1.0-2410233-2411401,990.0000,1.0000,0,51,True,2410233.0000,2411401.0000,342.8001,0.3428
1,2421.5721,2410.5911,2410591.1001,19,1.0-2410233-2411401,990.0000,1.0000,0,51,True,2410233.0000,2411401.0000,358.1001,0.3581
1,2421.8620,2410.8810,2410881.0001,19,1.0-2410233-2411401,990.0000,1.0000,0,51,True,2410233.0000,2411401.0000,648.0001,0.6480
1,2422.0752,2411.0942,2411094.2001,19,1.0-2410233-2411401,990.0000,1.0000,0,51,True,2410233.0000,2411401.0000,861.2001,0.8612
1,2422.2360,2411.2550,2411255.0001,19,1.0-2410233-2411401,990.0000,1.0000,0,51,True,2410233.0000,2411401.0000,1022.0001,1.0220
1,2016.5008,2005.5198,2005519.8001,20,1.0-2005413-2006815,833.0000,1.0000,1,11,True,2005413.0000,2006815.0000,106.8001,0.1068
1,2016.6308,2005.6498,2005649.8001,20,1.0-2005413-2006815,833.0000,1.0000,1,11,True,2005413.0000,2006815.0000,236.8001,0.2368
1,2016.6740,2005.6930,2005693.0001,20,1.0-2005413-2006815,833.0000,1.0000,1,11,True,2005413.0000,2006815.0000,280.0001,0.2800
1,2016.7252,2005.7442,2005744.2001,20,1.0-2005413-2006815,833.0000,1.0000,1,11,True,2005413.0000,2006815.0000,331.2001,0.3312
1,2016.8399,2005.8589,2005858.9001,20,1.0-2005413-2006815,833.0000,1.0000,1,11,True,2005413.0000,2006815.0000,445.9001,0.4459
1,2016.9146,2005.9336,2005933.6001,20,1.0-2005413-2006815,833.0000,1.0000,1,11,True,2005413.0000,2006815.0000,520.6001,0.5206
1,2016.9692,2005.9882,2005988.2001,20,1.0-2005413-2006815,833.0000,1.0000,1,11,True,2005413.0000,2006815.0000,575.2001,0.5752
1,2017.0437,2006.0627,2006062.7001,20,1.0-2005413-2006815,833.0000,1.0000,1,11,True,2005413.0000,2006815.0000,649.7001,0.6497
1,2017.0688,2006.0878,2006087.8001,20,1.0-2005413-2006815,833.0000,1.0000,1,11,True,2005413.0000,2006815.0000,674.8001,0.6748
1,2017.1353,2006.1543,2006154.3001,20,1.0-2005413-2006815,833.0000,1.0000,1,11,True,2005413.0000,2006815.0000,741.3001,0.7413
1,2017.3695,2006.3885,2006388.5001,20,1.0-2005413-2006815,833.0000,1.0000,1,11,True,2005413.0000,2006815.0000,975.5001,0.9755
1,2017.5230,2006.5420,2006542.0001,20,1.0-2005413-2006815,833.0000,1.0000,1,11,True,2005413.0000,2006815.0000,1129.0001,1.1290
1,2017.6298,2006.6488,2006648.8001,20,1.0-2005413-2006815,833.0000,1.0000,1,11,True,2005413.0000,2006815.0000,1235.8001,1.2358
1,2017.6472,2006.6662,2006666.2001,20,1.0-2005413-2006815,833.0000,1.0000,1,11,True,2005413.0000,2006815.0000,1253.2001,1.2532
1,2101.3064,2090.3254,2090325.4001,21,1.0-2090028-2091129,872.0000,1.0000,0,52,True,2090028.0000,2091129.0000,297.4001,0.2974
1,2101.3898,2090.4088,2090408.8001,21,1.0-2090028-2091129,872.0000,1.0000,0,52,True,2090028.0000,2091129.0000,380.8001,0.3808
1,2101.4584,2090.4774,2090477.4001,21,1.0-2090028-2091129,872.0000,1.0000,0,52,True,2090028.0000,2091129.0000,449.4001,0.4494
1,2101.5474,2090.5664,2090566.4001,21,1.0-2090028-2091129,872.0000,1.0000,0,52,True,2090028.0000,2091129.0000,538.4001,0.5384
1,2047.7756,2036.7946,2036794.6001,22,1.0-2036710-2039446,848.0000,1.0000,0,53,True,2036710.0000,2039446.0000,84.6001,0.0846
1,2048.4138,2037.4328,2037432.8001,22,1.0-2036710-2039446,848.0000,1.0000,0,53,True,2036710.0000,2039446.0000,722.8001,0.7228
1,2048.4378,2037.4568,2037456.8001,22,1.0-2036710-2039446,848.0000,1.0000,0,53,True,2036710.0000,2039446.0000,746.8001,0.7468
1,2048.4558,2037.4748,2037474.8001,22,1.0-2036710-2039446,848.0000,1.0000,0,53,True,2036710.0000,2039446.0000,764.8001,0.7648
1,2048.5411,2037.5601,2037560.1001,22,1.0-2036710-2039446,848.0000,1.0000,0,53,True,2036710.0000,2039446.0000,850.1001,0.8501
1,2048.6007,2037.6197,2037619.7001,22,1.0-2036710-2039446,848.0000,1.0000,0,53,True,2036710.0000,2039446.0000,909.7001,0.9097
1,2048.7593,2037.7783,2037778.3001,22,1.0-2036710-2039446,848.0000,1.0000,0,53,True,2036710.0000,2039446.0000,1068.3001,1.0683
1,2048.7968,2037.8158,2037815.8001,22,1.0-2036710-2039446,848.0000,1.0000,0,53,True,2036710.0000,2039446.0000,1105.8001,1.1058
1,2048.9947,2038.0137,2038013.7001,22,1.0-2036710-2039446,848.0000,1.0000,0,53,True,2036710.0000,2039446.0000,1303.7001,1.3037
1,2049.1388,2038.1578,2038157.8001,22,1.0-2036710-2039446,848.0000,1.0000,0,53,True,2036710.0000,2039446.0000,1447.8001,1.4478
1,2049.1753,2038.1943,2038194.3001,22,1.0-2036710-2039446,848.0000,1.0000,0,53,True,2036710.0000,2039446.0000,1484.3001,1.4843
1,2049.2114,2038.2304,2038230.4001,22,1.0-2036710-2039446,848.0000,1.0000,0,53,True,2036710.0000,2039446.0000,1520.4001,1.5204
1,2049.3058,2038.3248,2038324.8001,22,1.0-2036710-2039446,848.0000,1.0000,0,53,True,2036710.0000,2039446.0000,1614.8001,1.6148
1,2049.5252,2038.5442,2038544.2001,22,1.0-2036710-2039446,848.0000,1.0000,0,53,True,2036710.0000,2039446.0000,1834.2001,1.8342
1,2049.5914,2038.6104,2038610.4001,22,1.0-2036710-2039446,848.0000,1.0000,0,53,True,2036710.0000,2039446.0000,1900.4001,1.9004
1,2049.6947,2038.7137,2038713.7001,22,1.0-2036710-2039446,848.0000,1.0000,0,53,True,2036710.0000,2039446.0000,2003.7001,2.0037
1,2049.8838,2038.9028,2038902.8001,22,1.0-2036710-2039446,848.0000,1.0000,0,53,True,2036710.0000,2039446.0000,2192.8001,2.1928
1,2049.9986,2039.0176,2039017.6001,22,1.0-2036710-2039446,848.0000,1.0000,0,53,True,2036710.0000,2039446.0000,2307.6001,2.3076
1,904.8130,893.8320,893832.0001,23,1.0-893819-895655,387.0000,1.0000,0,54,True,893819.0000,895655.0000,13.0001,0.0130
1,905.1806,894.1996,894199.6001,23,1.0-893819-895655,387.0000,1.0000,0,54,True,893819.0000,895655.0000,380.6001,0.3806
1,905.2047,894.2237,894223.7001,23,1.0-893819-895655,387.0000,1.0000,0,54,True,893819.0000,895655.0000,404.7001,0.4047
1,905.4712,894.4902,894490.2001,23,1.0-893819-895655,387.0000,1.0000,0,54,True,893819.0000,895655.0000,671.2001,0.6712
1,905.4835,894.5025,894502.5001,23,1.0-893819-895655,387.0000,1.0000,0,54,True,893819.0000,895655.0000,683.5001,0.6835
1,905.7871,894.8061,894806.1001,23,1.0-893819-895655,387.0000,1.0000,0,54,True,893819.0000,895655.0000,987.1001,0.9871
1,905.9021,894.9211,894921.1001,23,1.0-893819-895655,387.0000,1.0000,0,54,True,893819.0000,895655.0000,1102.1001,1.1021
1,905.9764,894.9954,894995.4001,23,1.0-893819-895655,387.0000,1.0000,0,54,True,893819.0000,895655.0000,1176.4001,1.1764
1,906.0725,895.0915,895091.5001,23,1.0-893819-895655,387.0000,1.0000,0,54,True,893819.0000,895655.0000,1272.5001,1.2725
1,906.2573,895.2763,895276.3001,23,1.0-893819-895655,387.0000,1.0000,0,54,True,893819.0000,895655.0000,1457.3001,1.4573
1,906.2995,895.3185,895318.5001,23,1.0-893819-895655,387.0000,1.0000,0,54,True,893819.0000,895655.0000,1499.5001,1.4995
1,906.3901,895.4091,895409.1001,23,1.0-893819-895655,387.0000,1.0000,0,54,True,893819.0000,895655.0000,1590.1001,1.5901
1,906.4356,895.4546,895454.6001,23,1.0-893819-895655,387.0000,1.0000,0,54,True,893819.0000,895655.0000,1635.6001,1.6356
1,906.4560,895.4750,895475.0001,23,1.0-893819-895655,387.0000,1.0000,0,54,True,893819.0000,895655.0000,1656.0001,1.6560
1,906.4978,895.5168,895516.8001,23,1.0-893819-895655,387.0000,1.0000,0,54,True,893819.0000,895655.0000,1697.8001,1.6978
1,627.6217,616.6407,616640.7001,25,1.0-616388-619391,300.0000,1.0000,1,13,True,616388.0000,619391.0000,252.7001,0.2527
1,627.7367,616.7557,616755.7001,25,1.0-616388-619391,300.0000,1.0000,1,13,True,616388.0000,619391.0000,367.7001,0.3677
1,627.9744,616.9934,616993.4001,25,1.0-616388-619391,300.0000,1.0000,1,13,True,616388.0000,619391.0000,605.4001,0.6054
1,628.2276,617.2466,617246.6001,25,1.0-616388-619391,300.0000,1.0000,1,13,True,616388.0000,619391.0000,858.6001,0.8586
1,628.3803,617.3993,617399.3001,25,1.0-616388-619391,300.0000,1.0000,1,13,True,616388.0000,619391.0000,1011.3001,1.0113
1,628.3833,617.4023,617402.3001,25,1.0-616388-619391,300.0000,1.0000,1,13,True,616388.0000,619391.0000,1014.3001,1.0143
1,628.5124,617.5314,617531.4001,25,1.0-616388-619391,300.0000,1.0000,1,13,True,616388.0000,619391.0000,1143.4001,1.1434
1,628.5282,617.5472,617547.2001,25,1.0-616388-619391,300.0000,1.0000,1,13,True,616388.0000,619391.0000,1159.2001,1.1592
1,628.7048,617.7238,617723.8001,25,1.0-616388-619391,300.0000,1.0000,1,13,True,616388.0000,619391.0000,1335.8001,1.3358
1,628.7432,617.7622,617762.2001,25,1.0-616388-619391,300.0000,1.0000,1,13,True,616388.0000,619391.0000,1374.2001,1.3742
1,628.7927,617.8117,617811.7001,25,1.0-616388-619391,300.0000,1.0000,1,13,True,616388.0000,619391.0000,1423.7001,1.4237
1,629.0043,618.0233,618023.3001,25,1.0-616388-619391,300.0000,1.0000,1,13,True,616388.0000,619391.0000,1635.3001,1.6353
1,629.0404,618.0594,618059.4001,25,1.0-616388-619391,300.0000,1.0000,1,13,True,616388.0000,619391.0000,1671.4001,1.6714
1,629.0674,618.0864,618086.4001,25,1.0-616388-619391,300.0000,1.0000,1,13,True,616388.0000,619391.0000,1698.4001,1.6984
1,629.2382,618.2572,618257.2001,25,1.0-616388-619391,300.0000,1.0000,1,13,True,616388.0000,619391.0000,1869.2001,1.8692
1,629.4740,618.4930,618493.0001,25,1.0-616388-619391,300.0000,1.0000,1,13,True,616388.0000,619391.0000,2105.0001,2.1050
1,629.6794,618.6984,618698.4001,25,1.0-616388-619391,300.0000,1.0000,1,13,True,616388.0000,619391.0000,2310.4001,2.3104
1,629.7495,618.7685,618768.5001,25,1.0-616388-619391,300.0000,1.0000,1,13,True,616388.0000,619391.0000,2380.5001,2.3805
1,629.8763,618.8953,618895.3001,25,1.0-616388-619391,300.0000,1.0000,1,13,True,616388.0000,619391.0000,2507.3001,2.5073
1,629.9060,618.9250,618925.0001,25,1.0-616388-619391,300.0000,1.0000,1,13,True,616388.0000,619391.0000,2537.0001,2.5370
1,630.2651,619.2841,619284.1001,25,1.0-616388-619391,300.0000,1.0000,1,13,True,616388.0000,619391.0000,2896.1001,2.8961
1,630.3048,619.3238,619323.8001,25,1.0-616388-619391,300.0000,1.0000,1,13,True,616388.0000,619391.0000,2935.8001,2.9358
1,630.3422,619.3612,619361.2001,25,1.0-616388-619391,300.0000,1.0000,1,13,True,616388.0000,619391.0000,2973.2001,2.9732
1,1091.7979,1080.8169,1080816.9001,26,1.0-1080664-1082666,458.0000,1.0000,1,14,True,1080664.0000,1082666.0000,152.9001,0.1529
1,1091.9731,1080.9921,1080992.1001,26,1.0-1080664-1082666,458.0000,1.0000,1,14,True,1080664.0000,1082666.0000,328.1001,0.3281
1,1092.1567,1081.1757,1081175.7001,26,1.0-1080664-1082666,458.0000,1.0000,1,14,True,1080664.0000,1082666.0000,511.7001,0.5117
1,1092.2685,1081.2875,1081287.5001,26,1.0-1080664-1082666,458.0000,1.0000,1,14,True,1080664.0000,1082666.0000,623.5001,0.6235
1,1092.3215,1081.3405,1081340.5001,26,1.0-1080664-1082666,458.0000,1.0000,1,14,True,1080664.0000,1082666.0000,676.5001,0.6765
1,1092.4567,1081.4757,1081475.7001,26,1.0-1080664-1082666,458.0000,1.0000,1,14,True,1080664.0000,1082666.0000,811.7001,0.8117
1,1092.4708,1081.4898,1081489.8001,26,1.0-1080664-1082666,458.0000,1.0000,1,14,True,1080664.0000,1082666.0000,825.8001,0.8258
1,1092.5149,1081.5339,1081533.9001,26,1.0-1080664-1082666,458.0000,1.0000,1,14,True,1080664.0000,1082666.0000,869.9001,0.8699
1,1092.5733,1081.5923,1081592.3001,26,1.0-1080664-1082666,458.0000,1.0000,1,14,True,1080664.0000,1082666.0000,928.3001,0.9283
1,1092.6993,1081.7183,1081718.3001,26,1.0-1080664-1082666,458.0000,1.0000,1,14,True,1080664.0000,1082666.0000,1054.3001,1.0543
1,1092.7233,1081.7423,1081742.3001,26,1.0-1080664-1082666,458.0000,1.0000,1,14,True,1080664.0000,1082666.0000,1078.3001,1.0783
1,1092.7863,1081.8053,1081805.3001,26,1.0-1080664-1082666,458.0000,1.0000,1,14,True,1080664.0000,1082666.0000,1141.3001,1.1413
1,1092.8381,1081.8571,1081857.1001,26,1.0-1080664-1082666,458.0000,1.0000,1,14,True,1080664.0000,1082666.0000,1193.1001,1.1931
1,1092.9553,1081.9743,1081974.3001,26,1.0-1080664-1082666,458.0000,1.0000,1,14,True,1080664.0000,1082666.0000,1310.3001,1.3103
1,1093.0251,1082.0441,1082044.1001,26,1.0-1080664-1082666,458.0000,1.0000,1,14,True,1080664.0000,1082666.0000,1380.1001,1.3801
1,1093.0779,1082.0969,1082096.9001,26,1.0-1080664-1082666,458.0000,1.0000,1,14,True,1080664.0000,1082666.0000,1432.9001,1.4329
1,1093.2429,1082.2619,1082261.9001,26,1.0-1080664-1082666,458.0000,1.0000,1,14,True,1080664.0000,1082666.0000,1597.9001,1.5979
1,1093.3961,1082.4151,1082415.1001,26,1.0-1080664-1082666,458.0000,1.0000,1,14,True,1080664.0000,1082666.0000,1751.1001,1.7511
1,1093.4307,1082.4497,1082449.7001,26,1.0-1080664-1082666,458.0000,1.0000,1,14,True,1080664.0000,1082666.0000,1785.7001,1.7857
1,1093.4882,1082.5072,1082507.2001,26,1.0-1080664-1082666,458.0000,1.0000,1,14,True,1080664.0000,1082666.0000,1843.2001,1.8432
1,1648.7191,1637.7381,1637738.1001,27,1.0-1637663-1640665,666.0000,1.0000,1,15,True,1637663.0000,1640665.0000,75.1001,0.0751
1,1649.4078,1638.4268,1638426.8001,27,1.0-1637663-1640665,666.0000,1.0000,1,15,True,1637663.0000,1640665.0000,763.8001,0.7638
1,1649.5989,1638.6179,1638617.9001,27,1.0-1637663-1640665,666.0000,1.0000,1,15,True,1637663.0000,1640665.0000,954.9001,0.9549
1,1649.8000,1638.8190,1638819.0001,27,1.0-1637663-1640665,666.0000,1.0000,1,15,True,1637663.0000,1640665.0000,1156.0001,1.1560
1,1651.0589,1640.0779,1640077.9001,27,1.0-1637663-1640665,666.0000,1.0000,1,15,True,1637663.0000,1640665.0000,2414.9001,2.4149
1,1651.1863,1640.2053,1640205.3001,27,1.0-1637663-1640665,666.0000,1.0000,1,15,True,1637663.0000,1640665.0000,2542.3001,2.5423
1,1651.2740,1640.2930,1640293.0001,27,1.0-1637663-1640665,666.0000,1.0000,1,15,True,1637663.0000,1640665.0000,2630.0001,2.6300
1,1651.4346,1640.4536,1640453.6001,27,1.0-1637663-1640665,666.0000,1.0000,1,15,True,1637663.0000,1640665.0000,2790.6001,2.7906
1,1651.5415,1640.5605,1640560.5001,27,1.0-1637663-1640665,666.0000,1.0000,1,15,True,1637663.0000,1640665.0000,2897.5001,2.8975
1,1651.6069,1640.6259,1640625.9001,27,1.0-1637663-1640665,666.0000,1.0000,1,15,True,1637663.0000,1640665.0000,2962.9001,2.9629
1,2062.2778,2051.2968,2051296.8001,28,1.0-2051190-2052125,852.0000,1.0000,0,55,True,2051190.0000,2052125.0000,106.8001,0.1068
1,2062.4367,2051.4557,2051455.7001,28,1.0-2051190-2052125,852.0000,1.0000,0,55,True,2051190.0000,2052125.0000,265.7001,0.2657
1,2062.4897,2051.5087,2051508.7001,28,1.0-2051190-2052125,852.0000,1.0000,0,55,True,2051190.0000,2052125.0000,318.7001,0.3187
1,2062.5615,2051.5805,2051580.5001,28,1.0-2051190-2052125,852.0000,1.0000,0,55,True,2051190.0000,2052125.0000,390.5001,0.3905
1,2062.6217,2051.6407,2051640.7001,28,1.0-2051190-2052125,852.0000,1.0000,0,55,True,2051190.0000,2052125.0000,450.7001,0.4507
1,2062.7506,2051.7696,2051769.6001,28,1.0-2051190-2052125,852.0000,1.0000,0,55,True,2051190.0000,2052125.0000,579.6001,0.5796
1,2062.8438,2051.8628,2051862.8001,28,1.0-2051190-2052125,852.0000,1.0000,0,55,True,2051190.0000,2052125.0000,672.8001,0.6728
1,2063.0435,2052.0625,2052062.5001,28,1.0-2051190-2052125,852.0000,1.0000,0,55,True,2051190.0000,2052125.0000,872.5001,0.8725
1,1694.3908,1683.4098,1683409.8001,29,1.0-1683206-1684674,688.0000,1.0000,1,16,True,1683206.0000,1684674.0000,203.8001,0.2038
1,1694.5568,1683.5758,1683575.8001,29,1.0-1683206-1684674,688.0000,1.0000,1,16,True,1683206.0000,1684674.0000,369.8001,0.3698
1,1694.9533,1683.9723,1683972.3001,29,1.0-1683206-1684674,688.0000,1.0000,1,16,True,1683206.0000,1684674.0000,766.3001,0.7663
1,1695.2236,1684.2426,1684242.6001,29,1.0-1683206-1684674,688.0000,1.0000,1,16,True,1683206.0000,1684674.0000,1036.6001,1.0366
1,1695.4544,1684.4734,1684473.4001,29,1.0-1683206-1684674,688.0000,1.0000,1,16,True,1683206.0000,1684674.0000,1267.4001,1.2674
1,55.7018,44.7208,44720.8001,30,1.0-44609-47579,24.0000,1.0000,1,17,True,44609.0000,47579.0000,111.8001,0.1118
1,55.7862,44.8052,44805.2001,30,1.0-44609-47579,24.0000,1.0000,1,17,True,44609.0000,47579.0000,196.2001,0.1962
1,56.2466,45.2656,45265.6001,30,1.0-44609-47579,24.0000,1.0000,1,17,True,44609.0000,47579.0000,656.6001,0.6566
1,56.5456,45.5646,45564.6001,30,1.0-44609-47579,24.0000,1.0000,1,17,True,44609.0000,47579.0000,955.6001,0.9556
1,56.8455,45.8645,45864.5001,30,1.0-44609-47579,24.0000,1.0000,1,17,True,44609.0000,47579.0000,1255.5001,1.2555
1,56.9462,45.9652,45965.2001,30,1.0-44609-47579,24.0000,1.0000,1,17,True,44609.0000,47579.0000,1356.2001,1.3562
1,57.1163,46.1353,46135.3001,30,1.0-44609-47579,24.0000,1.0000,1,17,True,44609.0000,47579.0000,1526.3001,1.5263
1,57.4042,46.4232,46423.2001,30,1.0-44609-47579,24.0000,1.0000,1,17,True,44609.0000,47579.0000,1814.2001,1.8142
1,57.4809,46.4999,46499.9001,30,1.0-44609-47579,24.0000,1.0000,1,17,True,44609.0000,47579.0000,1890.9001,1.8909
1,57.5329,46.5519,46551.9001,30,1.0-44609-47579,24.0000,1.0000,1,17,True,44609.0000,47579.0000,1942.9001,1.9429
1,57.5370,46.5560,46556.0001,30,1.0-44609-47579,24.0000,1.0000,1,17,True,44609.0000,47579.0000,1947.0001,1.9470
1,57.5764,46.5954,46595.4001,30,1.0-44609-47579,24.0000,1.0000,1,17,True,44609.0000,47579.0000,1986.4001,1.9864
1,57.6105,46.6295,46629.5001,30,1.0-44609-47579,24.0000,1.0000,1,17,True,44609.0000,47579.0000,2020.5001,2.0205
1,57.9580,46.9770,46977.0001,30,1.0-44609-47579,24.0000,1.0000,1,17,True,44609.0000,47579.0000,2368.0001,2.3680
1,57.9921,47.0111,47011.1001,30,1.0-44609-47579,24.0000,1.0000,1,17,True,44609.0000,47579.0000,2402.1001,2.4021
1,58.0025,47.0215,47021.5001,30,1.0-44609-47579,24.0000,1.0000,1,17,True,44609.0000,47579.0000,2412.5001,2.4125
1,58.2493,47.2683,47268.3001,30,1.0-44609-47579,24.0000,1.0000,1,17,True,44609.0000,47579.0000,2659.3001,2.6593
1,58.3657,47.3847,47384.7001,30,1.0-44609-47579,24.0000,1.0000,1,17,True,44609.0000,47579.0000,2775.7001,2.7757
1,58.3849,47.4039,47403.9001,30,1.0-44609-47579,24.0000,1.0000,1,17,True,44609.0000,47579.0000,2794.9001,2.7949
1,58.5512,47.5702,47570.2001,30,1.0-44609-47579,24.0000,1.0000,1,17,True,44609.0000,47579.0000,2961.2001,2.9612
1,113.3215,102.3405,102340.5001,31,1.0-102298-103065,58.0000,1.0000,1,18,True,102298.0000,103065.0000,42.5001,0.0425
1,113.3547,102.3737,102373.7001,31,1.0-102298-103065,58.0000,1.0000,1,18,True,102298.0000,103065.0000,75.7001,0.0757
1,113.4710,102.4900,102490.0001,31,1.0-102298-103065,58.0000,1.0000,1,18,True,102298.0000,103065.0000,192.0001,0.1920
1,113.5295,102.5485,102548.5001,31,1.0-102298-103065,58.0000,1.0000,1,18,True,102298.0000,103065.0000,250.5001,0.2505
1,113.6994,102.7184,102718.4001,31,1.0-102298-103065,58.0000,1.0000,1,18,True,102298.0000,103065.0000,420.4001,0.4204
1,113.7389,102.7579,102757.9001,31,1.0-102298-103065,58.0000,1.0000,1,18,True,102298.0000,103065.0000,459.9001,0.4599
1,113.8359,102.8549,102854.9001,31,1.0-102298-103065,58.0000,1.0000,1,18,True,102298.0000,103065.0000,556.9001,0.5569
1,113.8677,102.8867,102886.7001,31,1.0-102298-103065,58.0000,1.0000,1,18,True,102298.0000,103065.0000,588.7001,0.5887
1,113.9724,102.9914,102991.4001,31,1.0-102298-103065,58.0000,1.0000,1,18,True,102298.0000,103065.0000,693.4001,0.6934
1,114.0041,103.0231,103023.1001,31,1.0-102298-103065,58.0000,1.0000,1,18,True,102298.0000,103065.0000,725.1001,0.7251
1,1731.8018,1720.8208,1720820.8001,32,1.0-1720809-1722810,705.0000,1.0000,0,56,True,1720809.0000,1722810.0000,11.8001,0.0118
1,1731.9556,1720.9746,1720974.6001,32,1.0-1720809-1722810,705.0000,1.0000,0,56,True,1720809.0000,1722810.0000,165.6001,0.1656
1,1732.0102,1721.0292,1721029.2001,32,1.0-1720809-1722810,705.0000,1.0000,0,56,True,1720809.0000,1722810.0000,220.2001,0.2202
1,1732.9561,1721.9751,1721975.1001,32,1.0-1720809-1722810,705.0000,1.0000,0,56,True,1720809.0000,1722810.0000,1166.1001,1.1661
1,1733.0038,1722.0228,1722022.8001,32,1.0-1720809-1722810,705.0000,1.0000,0,56,True,1720809.0000,1722810.0000,1213.8001,1.2138
1,1733.2559,1722.2749,1722274.9001,32,1.0-1720809-1722810,705.0000,1.0000,0,56,True,1720809.0000,1722810.0000,1465.9001,1.4659
1,529.8215,518.8405,518840.5001,33,1.0-518795-520196,264.0000,1.0000,1,19,True,518795.0000,520196.0000,45.5001,0.0455
1,529.8284,518.8474,518847.4001,33,1.0-518795-520196,264.0000,1.0000,1,19,True,518795.0000,520196.0000,52.4001,0.0524
1,529.9090,518.9280,518928.0001,33,1.0-518795-520196,264.0000,1.0000,1,19,True,518795.0000,520196.0000,133.0001,0.1330
1,529.9953,519.0143,519014.3001,33,1.0-518795-520196,264.0000,1.0000,1,19,True,518795.0000,520196.0000,219.3001,0.2193
1,530.0133,519.0323,519032.3001,33,1.0-518795-520196,264.0000,1.0000,1,19,True,518795.0000,520196.0000,237.3001,0.2373
1,530.1518,519.1708,519170.8001,33,1.0-518795-520196,264.0000,1.0000,1,19,True,518795.0000,520196.0000,375.8001,0.3758
1,530.3199,519.3389,519338.9001,33,1.0-518795-520196,264.0000,1.0000,1,19,True,518795.0000,520196.0000,543.9001,0.5439
1,530.4406,519.4596,519459.6001,33,1.0-518795-520196,264.0000,1.0000,1,19,True,518795.0000,520196.0000,664.6001,0.6646
1,530.6806,519.6996,519699.6001,33,1.0-518795-520196,264.0000,1.0000,1,19,True,518795.0000,520196.0000,904.6001,0.9046
1,530.6953,519.7143,519714.3001,33,1.0-518795-520196,264.0000,1.0000,1,19,True,518795.0000,520196.0000,919.3001,0.9193
1,530.8578,519.8768,519876.8001,33,1.0-518795-520196,264.0000,1.0000,1,19,True,518795.0000,520196.0000,1081.8001,1.0818
1,530.9113,519.9303,519930.3001,33,1.0-518795-520196,264.0000,1.0000,1,19,True,518795.0000,520196.0000,1135.3001,1.1353
1,530.9173,519.9363,519936.3001,33,1.0-518795-520196,264.0000,1.0000,1,19,True,518795.0000,520196.0000,1141.3001,1.1413
1,530.9234,519.9424,519942.4001,33,1.0-518795-520196,264.0000,1.0000,1,19,True,518795.0000,520196.0000,1147.4001,1.1474
1,530.9606,519.9796,519979.6001,33,1.0-518795-520196,264.0000,1.0000,1,19,True,518795.0000,520196.0000,1184.6001,1.1846
1,531.0140,520.0330,520033.0001,33,1.0-518795-520196,264.0000,1.0000,1,19,True,518795.0000,520196.0000,1238.0001,1.2380
1,531.0993,520.1183,520118.3001,33,1.0-518795-520196,264.0000,1.0000,1,19,True,518795.0000,520196.0000,1323.3001,1.3233
1,531.1324,520.1514,520151.4001,33,1.0-518795-520196,264.0000,1.0000,1,19,True,518795.0000,520196.0000,1356.4001,1.3564
1,1907.3014,1896.3204,1896320.4001,34,1.0-1895842-1898078,799.0000,1.0000,0,57,True,1895842.0000,1898078.0000,478.4001,0.4784
1,1907.8638,1896.8828,1896882.8001,34,1.0-1895842-1898078,799.0000,1.0000,0,57,True,1895842.0000,1898078.0000,1040.8001,1.0408
1,1908.0076,1897.0266,1897026.6001,34,1.0-1895842-1898078,799.0000,1.0000,0,57,True,1895842.0000,1898078.0000,1184.6001,1.1846
1,1908.0105,1897.0295,1897029.5001,34,1.0-1895842-1898078,799.0000,1.0000,0,57,True,1895842.0000,1898078.0000,1187.5001,1.1875
1,1908.0467,1897.0657,1897065.7001,34,1.0-1895842-1898078,799.0000,1.0000,0,57,True,1895842.0000,1898078.0000,1223.7001,1.2237
1,1908.0753,1897.0943,1897094.3001,34,1.0-1895842-1898078,799.0000,1.0000,0,57,True,1895842.0000,1898078.0000,1252.3001,1.2523
1,1908.5817,1897.6007,1897600.7001,34,1.0-1895842-1898078,799.0000,1.0000,0,57,True,1895842.0000,1898078.0000,1758.7001,1.7587
1,1908.7050,1897.7240,1897724.0001,34,1.0-1895842-1898078,799.0000,1.0000,0,57,True,1895842.0000,1898078.0000,1882.0001,1.8820
1,1908.7851,1897.8041,1897804.1001,34,1.0-1895842-1898078,799.0000,1.0000,0,57,True,1895842.0000,1898078.0000,1962.1001,1.9621
1,1908.8372,1897.8562,1897856.2001,34,1.0-1895842-1898078,799.0000,1.0000,0,57,True,1895842.0000,1898078.0000,2014.2001,2.0142
1,1908.9427,1897.9617,1897961.7001,34,1.0-1895842-1898078,799.0000,1.0000,0,57,True,1895842.0000,1898078.0000,2119.7001,2.1197
1,1909.0138,1898.0328,1898032.8001,34,1.0-1895842-1898078,799.0000,1.0000,0,57,True,1895842.0000,1898078.0000,2190.8001,2.1908
1,1742.2181,1731.2371,1731237.1001,35,1.0-1731152-1734155,709.0000,1.0000,0,58,True,1731152.0000,1734155.0000,85.1001,0.0851
1,1742.2325,1731.2515,1731251.5001,35,1.0-1731152-1734155,709.0000,1.0000,0,58,True,1731152.0000,1734155.0000,99.5001,0.0995
1,1742.3372,1731.3562,1731356.2001,35,1.0-1731152-1734155,709.0000,1.0000,0,58,True,1731152.0000,1734155.0000,204.2001,0.2042
1,1742.3443,1731.3633,1731363.3001,35,1.0-1731152-1734155,709.0000,1.0000,0,58,True,1731152.0000,1734155.0000,211.3001,0.2113
1,1742.3644,1731.3834,1731383.4001,35,1.0-1731152-1734155,709.0000,1.0000,0,58,True,1731152.0000,1734155.0000,231.4001,0.2314
1,1742.3858,1731.4048,1731404.8001,35,1.0-1731152-1734155,709.0000,1.0000,0,58,True,1731152.0000,1734155.0000,252.8001,0.2528
1,1742.4768,1731.4958,1731495.8001,35,1.0-1731152-1734155,709.0000,1.0000,0,58,True,1731152.0000,1734155.0000,343.8001,0.3438
1,1742.5832,1731.6022,1731602.2001,35,1.0-1731152-1734155,709.0000,1.0000,0,58,True,1731152.0000,1734155.0000,450.2001,0.4502
1,1742.6029,1731.6219,1731621.9001,35,1.0-1731152-1734155,709.0000,1.0000,0,58,True,1731152.0000,1734155.0000,469.9001,0.4699
1,1742.6450,1731.6640,1731664.0001,35,1.0-1731152-1734155,709.0000,1.0000,0,58,True,1731152.0000,1734155.0000,512.0001,0.5120
1,1742.6482,1731.6672,1731667.2001,35,1.0-1731152-1734155,709.0000,1.0000,0,58,True,1731152.0000,1734155.0000,515.2001,0.5152
1,1742.7492,1731.7682,1731768.2001,35,1.0-1731152-1734155,709.0000,1.0000,0,58,True,1731152.0000,1734155.0000,616.2001,0.6162
1,1742.7949,1731.8139,1731813.9001,35,1.0-1731152-1734155,709.0000,1.0000,0,58,True,1731152.0000,1734155.0000,661.9001,0.6619
1,1742.8927,1731.9117,1731911.7001,35,1.0-1731152-1734155,709.0000,1.0000,0,58,True,1731152.0000,1734155.0000,759.7001,0.7597
1,1742.9454,1731.9644,1731964.4001,35,1.0-1731152-1734155,709.0000,1.0000,0,58,True,1731152.0000,1734155.0000,812.4001,0.8124
1,1743.0284,1732.0474,1732047.4001,35,1.0-1731152-1734155,709.0000,1.0000,0,58,True,1731152.0000,1734155.0000,895.4001,0.8954
1,1743.0388,1732.0578,1732057.8001,35,1.0-1731152-1734155,709.0000,1.0000,0,58,True,1731152.0000,1734155.0000,905.8001,0.9058
1,1743.0994,1732.1184,1732118.4001,35,1.0-1731152-1734155,709.0000,1.0000,0,58,True,1731152.0000,1734155.0000,966.4001,0.9664
1,1743.1459,1732.1649,1732164.9001,35,1.0-1731152-1734155,709.0000,1.0000,0,58,True,1731152.0000,1734155.0000,1012.9001,1.0129
1,1743.1997,1732.2187,1732218.7001,35,1.0-1731152-1734155,709.0000,1.0000,0,58,True,1731152.0000,1734155.0000,1066.7001,1.0667
1,1743.3374,1732.3564,1732356.4001,35,1.0-1731152-1734155,709.0000,1.0000,0,58,True,1731152.0000,1734155.0000,1204.4001,1.2044
1,1743.3402,1732.3592,1732359.2001,35,1.0-1731152-1734155,709.0000,1.0000,0,58,True,1731152.0000,1734155.0000,1207.2001,1.2072
1,1743.3781,1732.3971,1732397.1001,35,1.0-1731152-1734155,709.0000,1.0000,0,58,True,1731152.0000,1734155.0000,1245.1001,1.2451
1,1743.3809,1732.3999,1732399.9001,35,1.0-1731152-1734155,709.0000,1.0000,0,58,True,1731152.0000,1734155.0000,1247.9001,1.2479
1,1743.3933,1732.4123,1732412.3001,35,1.0-1731152-1734155,709.0000,1.0000,0,58,True,1731152.0000,1734155.0000,1260.3001,1.2603
1,1743.3961,1732.4151,1732415.1001,35,1.0-1731152-1734155,709.0000,1.0000,0,58,True,1731152.0000,1734155.0000,1263.1001,1.2631
1,1743.5042,1732.5232,1732523.2001,35,1.0-1731152-1734155,709.0000,1.0000,0,58,True,1731152.0000,1734155.0000,1371.2001,1.3712
1,1743.5863,1732.6053,1732605.3001,35,1.0-1731152-1734155,709.0000,1.0000,0,58,True,1731152.0000,1734155.0000,1453.3001,1.4533
1,1743.6890,1732.7080,1732708.0001,35,1.0-1731152-1734155,709.0000,1.0000,0,58,True,1731152.0000,1734155.0000,1556.0001,1.5560
1,1743.7784,1732.7974,1732797.4001,35,1.0-1731152-1734155,709.0000,1.0000,0,58,True,1731152.0000,1734155.0000,1645.4001,1.6454
1,1743.8633,1732.8823,1732882.3001,35,1.0-1731152-1734155,709.0000,1.0000,0,58,True,1731152.0000,1734155.0000,1730.3001,1.7303
1,1743.8667,1732.8857,1732885.7001,35,1.0-1731152-1734155,709.0000,1.0000,0,58,True,1731152.0000,1734155.0000,1733.7001,1.7337
1,1744.0025,1733.0215,1733021.5001,35,1.0-1731152-1734155,709.0000,1.0000,0,58,True,1731152.0000,1734155.0000,1869.5001,1.8695
1,1744.3801,1733.3991,1733399.1001,35,1.0-1731152-1734155,709.0000,1.0000,0,58,True,1731152.0000,1734155.0000,2247.1001,2.2471
1,1744.5066,1733.5256,1733525.6001,35,1.0-1731152-1734155,709.0000,1.0000,0,58,True,1731152.0000,1734155.0000,2373.6001,2.3736
1,1744.5146,1733.5336,1733533.6001,35,1.0-1731152-1734155,709.0000,1.0000,0,58,True,1731152.0000,1734155.0000,2381.6001,2.3816
1,1744.6220,1733.6410,1733641.0001,35,1.0-1731152-1734155,709.0000,1.0000,0,58,True,1731152.0000,1734155.0000,2489.0001,2.4890
1,1744.7574,1733.7764,1733776.4001,35,1.0-1731152-1734155,709.0000,1.0000,0,58,True,1731152.0000,1734155.0000,2624.4001,2.6244
1,1745.0316,1734.0506,1734050.6001,35,1.0-1731152-1734155,709.0000,1.0000,0,58,True,1731152.0000,1734155.0000,2898.6001,2.8986
1,462.5835,451.6025,451602.5001,36,1.0-451431-453266,246.0000,1.0000,1,20,True,451431.0000,453266.0000,171.5001,0.1715
1,462.6429,451.6619,451661.9001,36,1.0-451431-453266,246.0000,1.0000,1,20,True,451431.0000,453266.0000,230.9001,0.2309
1,462.7134,451.7324,451732.4001,36,1.0-451431-453266,246.0000,1.0000,1,20,True,451431.0000,453266.0000,301.4001,0.3014
1,462.7770,451.7960,451796.0001,36,1.0-451431-453266,246.0000,1.0000,1,20,True,451431.0000,453266.0000,365.0001,0.3650
1,462.8241,451.8431,451843.1001,36,1.0-451431-453266,246.0000,1.0000,1,20,True,451431.0000,453266.0000,412.1001,0.4121
1,462.8399,451.8589,451858.9001,36,1.0-451431-453266,246.0000,1.0000,1,20,True,451431.0000,453266.0000,427.9001,0.4279
1,462.8564,451.8754,451875.4001,36,1.0-451431-453266,246.0000,1.0000,1,20,True,451431.0000,453266.0000,444.4001,0.4444
1,462.9141,451.9331,451933.1001,36,1.0-451431-453266,246.0000,1.0000,1,20,True,451431.0000,453266.0000,502.1001,0.5021
1,462.9959,452.0149,452014.9001,36,1.0-451431-453266,246.0000,1.0000,1,20,True,451431.0000,453266.0000,583.9001,0.5839
1,463.0825,452.1015,452101.5001,36,1.0-451431-453266,246.0000,1.0000,1,20,True,451431.0000,453266.0000,670.5001,0.6705
1,463.2457,452.2647,452264.7001,36,1.0-451431-453266,246.0000,1.0000,1,20,True,451431.0000,453266.0000,833.7001,0.8337
1,463.3295,452.3485,452348.5001,36,1.0-451431-453266,246.0000,1.0000,1,20,True,451431.0000,453266.0000,917.5001,0.9175
1,463.3409,452.3599,452359.9001,36,1.0-451431-453266,246.0000,1.0000,1,20,True,451431.0000,453266.0000,928.9001,0.9289
1,463.4625,452.4815,452481.5001,36,1.0-451431-453266,246.0000,1.0000,1,20,True,451431.0000,453266.0000,1050.5001,1.0505
1,463.5839,452.6029,452602.9001,36,1.0-451431-453266,246.0000,1.0000,1,20,True,451431.0000,453266.0000,1171.9001,1.1719
1,463.6181,452.6371,452637.1001,36,1.0-451431-453266,246.0000,1.0000,1,20,True,451431.0000,453266.0000,1206.1001,1.2061
1,463.6555,452.6745,452674.5001,36,1.0-451431-453266,246.0000,1.0000,1,20,True,451431.0000,453266.0000,1243.5001,1.2435
1,463.6678,452.6868,452686.8001,36,1.0-451431-453266,246.0000,1.0000,1,20,True,451431.0000,453266.0000,1255.8001,1.2558
1,463.6913,452.7103,452710.3001,36,1.0-451431-453266,246.0000,1.0000,1,20,True,451431.0000,453266.0000,1279.3001,1.2793
1,463.7356,452.7546,452754.6001,36,1.0-451431-453266,246.0000,1.0000,1,20,True,451431.0000,453266.0000,1323.6001,1.3236
1,463.7977,452.8167,452816.7001,36,1.0-451431-453266,246.0000,1.0000,1,20,True,451431.0000,453266.0000,1385.7001,1.3857
1,463.8744,452.8934,452893.4001,36,1.0-451431-453266,246.0000,1.0000,1,20,True,451431.0000,453266.0000,1462.4001,1.4624
1,463.9050,452.9240,452924.0001,36,1.0-451431-453266,246.0000,1.0000,1,20,True,451431.0000,453266.0000,1493.0001,1.4930
1,464.0614,453.0804,453080.4001,36,1.0-451431-453266,246.0000,1.0000,1,20,True,451431.0000,453266.0000,1649.4001,1.6494
1,464.0790,453.0980,453098.0001,36,1.0-451431-453266,246.0000,1.0000,1,20,True,451431.0000,453266.0000,1667.0001,1.6670
1,464.1713,453.1903,453190.3001,36,1.0-451431-453266,246.0000,1.0000,1,20,True,451431.0000,453266.0000,1759.3001,1.7593
1,306.0210,295.0400,295040.0001,37,1.0-294948-297817,167.0000,1.0000,1,21,True,294948.0000,297817.0000,92.0001,0.0920
1,306.2122,295.2312,295231.2001,37,1.0-294948-297817,167.0000,1.0000,1,21,True,294948.0000,297817.0000,283.2001,0.2832
1,306.2578,295.2768,295276.8001,37,1.0-294948-297817,167.0000,1.0000,1,21,True,294948.0000,297817.0000,328.8001,0.3288
1,306.4004,295.4194,295419.4001,37,1.0-294948-297817,167.0000,1.0000,1,21,True,294948.0000,297817.0000,471.4001,0.4714
1,306.5496,295.5686,295568.6001,37,1.0-294948-297817,167.0000,1.0000,1,21,True,294948.0000,297817.0000,620.6001,0.6206
1,306.6003,295.6193,295619.3001,37,1.0-294948-297817,167.0000,1.0000,1,21,True,294948.0000,297817.0000,671.3001,0.6713
1,306.6116,295.6306,295630.6001,37,1.0-294948-297817,167.0000,1.0000,1,21,True,294948.0000,297817.0000,682.6001,0.6826
1,306.6443,295.6633,295663.3001,37,1.0-294948-297817,167.0000,1.0000,1,21,True,294948.0000,297817.0000,715.3001,0.7153
1,306.7720,295.7910,295791.0001,37,1.0-294948-297817,167.0000,1.0000,1,21,True,294948.0000,297817.0000,843.0001,0.8430
1,306.8321,295.8511,295851.1001,37,1.0-294948-297817,167.0000,1.0000,1,21,True,294948.0000,297817.0000,903.1001,0.9031
1,306.9392,295.9582,295958.2001,37,1.0-294948-297817,167.0000,1.0000,1,21,True,294948.0000,297817.0000,1010.2001,1.0102
1,306.9464,295.9654,295965.4001,37,1.0-294948-297817,167.0000,1.0000,1,21,True,294948.0000,297817.0000,1017.4001,1.0174
1,307.0126,296.0316,296031.6001,37,1.0-294948-297817,167.0000,1.0000,1,21,True,294948.0000,297817.0000,1083.6001,1.0836
1,307.0457,296.0647,296064.7001,37,1.0-294948-297817,167.0000,1.0000,1,21,True,294948.0000,297817.0000,1116.7001,1.1167
1,307.1318,296.1508,296150.8001,37,1.0-294948-297817,167.0000,1.0000,1,21,True,294948.0000,297817.0000,1202.8001,1.2028
1,307.2319,296.2509,296250.9001,37,1.0-294948-297817,167.0000,1.0000,1,21,True,294948.0000,297817.0000,1302.9001,1.3029
1,307.2631,296.2821,296282.1001,37,1.0-294948-297817,167.0000,1.0000,1,21,True,294948.0000,297817.0000,1334.1001,1.3341
1,307.3252,296.3442,296344.2001,37,1.0-294948-297817,167.0000,1.0000,1,21,True,294948.0000,297817.0000,1396.2001,1.3962
1,307.3486,296.3676,296367.6001,37,1.0-294948-297817,167.0000,1.0000,1,21,True,294948.0000,297817.0000,1419.6001,1.4196
1,307.3878,296.4068,296406.8001,37,1.0-294948-297817,167.0000,1.0000,1,21,True,294948.0000,297817.0000,1458.8001,1.4588
1,307.4772,296.4962,296496.2001,37,1.0-294948-297817,167.0000,1.0000,1,21,True,294948.0000,297817.0000,1548.2001,1.5482
1,307.4888,296.5078,296507.8001,37,1.0-294948-297817,167.0000,1.0000,1,21,True,294948.0000,297817.0000,1559.8001,1.5598
1,307.5318,296.5508,296550.8001,37,1.0-294948-297817,167.0000,1.0000,1,21,True,294948.0000,297817.0000,1602.8001,1.6028
1,307.5497,296.5687,296568.7001,37,1.0-294948-297817,167.0000,1.0000,1,21,True,294948.0000,297817.0000,1620.7001,1.6207
1,307.5873,296.6063,296606.3001,37,1.0-294948-297817,167.0000,1.0000,1,21,True,294948.0000,297817.0000,1658.3001,1.6583
1,307.6086,296.6276,296627.6001,37,1.0-294948-297817,167.0000,1.0000,1,21,True,294948.0000,297817.0000,1679.6001,1.6796
1,307.7128,296.7318,296731.8001,37,1.0-294948-297817,167.0000,1.0000,1,21,True,294948.0000,297817.0000,1783.8001,1.7838
1,307.8532,296.8722,296872.2001,37,1.0-294948-297817,167.0000,1.0000,1,21,True,294948.0000,297817.0000,1924.2001,1.9242
1,307.8638,296.8828,296882.8001,37,1.0-294948-297817,167.0000,1.0000,1,21,True,294948.0000,297817.0000,1934.8001,1.9348
1,307.9414,296.9604,296960.4001,37,1.0-294948-297817,167.0000,1.0000,1,21,True,294948.0000,297817.0000,2012.4001,2.0124
1,307.9879,297.0069,297006.9001,37,1.0-294948-297817,167.0000,1.0000,1,21,True,294948.0000,297817.0000,2058.9001,2.0589
1,308.0831,297.1021,297102.1001,37,1.0-294948-297817,167.0000,1.0000,1,21,True,294948.0000,297817.0000,2154.1001,2.1541
1,308.1259,297.1449,297144.9001,37,1.0-294948-297817,167.0000,1.0000,1,21,True,294948.0000,297817.0000,2196.9001,2.1969
1,308.2436,297.2626,297262.6001,37,1.0-294948-297817,167.0000,1.0000,1,21,True,294948.0000,297817.0000,2314.6001,2.3146
1,308.3055,297.3245,297324.5001,37,1.0-294948-297817,167.0000,1.0000,1,21,True,294948.0000,297817.0000,2376.5001,2.3765
1,308.4361,297.4551,297455.1001,37,1.0-294948-297817,167.0000,1.0000,1,21,True,294948.0000,297817.0000,2507.1001,2.5071
1,308.6168,297.6358,297635.8001,37,1.0-294948-297817,167.0000,1.0000,1,21,True,294948.0000,297817.0000,2687.8001,2.6878
1,308.6552,297.6742,297674.2001,37,1.0-294948-297817,167.0000,1.0000,1,21,True,294948.0000,297817.0000,2726.2001,2.7262
1,1465.7638,1454.7828,1454782.8001,38,1.0-1454721-1455889,577.0000,1.0000,1,22,True,1454721.0000,1455889.0000,61.8001,0.0618
1,1465.8664,1454.8854,1454885.4001,38,1.0-1454721-1455889,577.0000,1.0000,1,22,True,1454721.0000,1455889.0000,164.4001,0.1644
1,1465.9008,1454.9198,1454919.8001,38,1.0-1454721-1455889,577.0000,1.0000,1,22,True,1454721.0000,1455889.0000,198.8001,0.1988
1,1465.9238,1454.9428,1454942.8001,38,1.0-1454721-1455889,577.0000,1.0000,1,22,True,1454721.0000,1455889.0000,221.8001,0.2218
1,1465.9259,1454.9449,1454944.9001,38,1.0-1454721-1455889,577.0000,1.0000,1,22,True,1454721.0000,1455889.0000,223.9001,0.2239
1,1466.0929,1455.1119,1455111.9001,38,1.0-1454721-1455889,577.0000,1.0000,1,22,True,1454721.0000,1455889.0000,390.9001,0.3909
1,1466.1760,1455.1950,1455195.0001,38,1.0-1454721-1455889,577.0000,1.0000,1,22,True,1454721.0000,1455889.0000,474.0001,0.4740
1,1466.2034,1455.2224,1455222.4001,38,1.0-1454721-1455889,577.0000,1.0000,1,22,True,1454721.0000,1455889.0000,501.4001,0.5014
1,1466.2506,1455.2696,1455269.6001,38,1.0-1454721-1455889,577.0000,1.0000,1,22,True,1454721.0000,1455889.0000,548.6001,0.5486
1,1466.3495,1455.3685,1455368.5001,38,1.0-1454721-1455889,577.0000,1.0000,1,22,True,1454721.0000,1455889.0000,647.5001,0.6475
1,1466.5500,1455.5690,1455569.0001,38,1.0-1454721-1455889,577.0000,1.0000,1,22,True,1454721.0000,1455889.0000,848.0001,0.8480
1,1466.5701,1455.5891,1455589.1001,38,1.0-1454721-1455889,577.0000,1.0000,1,22,True,1454721.0000,1455889.0000,868.1001,0.8681
1,1466.8385,1455.8575,1455857.5001,38,1.0-1454721-1455889,577.0000,1.0000,1,22,True,1454721.0000,1455889.0000,1136.5001,1.1365
1,2439.8457,2428.8647,2428864.7001,39,1.0-2428117-2430119,999.0000,1.0000,0,59,True,2428117.0000,2430119.0000,747.7001,0.7477
1,2440.0502,2429.0692,2429069.2001,39,1.0-2428117-2430119,999.0000,1.0000,0,59,True,2428117.0000,2430119.0000,952.2001,0.9522
1,2440.0917,2429.1107,2429110.7001,39,1.0-2428117-2430119,999.0000,1.0000,0,59,True,2428117.0000,2430119.0000,993.7001,0.9937
1,2440.1169,2429.1359,2429135.9001,39,1.0-2428117-2430119,999.0000,1.0000,0,59,True,2428117.0000,2430119.0000,1018.9001,1.0189
1,2440.4172,2429.4362,2429436.2001,39,1.0-2428117-2430119,999.0000,1.0000,0,59,True,2428117.0000,2430119.0000,1319.2001,1.3192
1,2440.5405,2429.5595,2429559.5001,39,1.0-2428117-2430119,999.0000,1.0000,0,59,True,2428117.0000,2430119.0000,1442.5001,1.4425
1,2440.6044,2429.6234,2429623.4001,39,1.0-2428117-2430119,999.0000,1.0000,0,59,True,2428117.0000,2430119.0000,1506.4001,1.5064
1,2440.7552,2429.7742,2429774.2001,39,1.0-2428117-2430119,999.0000,1.0000,0,59,True,2428117.0000,2430119.0000,1657.2001,1.6572
1,2440.7748,2429.7938,2429793.8001,39,1.0-2428117-2430119,999.0000,1.0000,0,59,True,2428117.0000,2430119.0000,1676.8001,1.6768
1,240.7116,229.7306,229730.6001,40,1.0-228952-231354,133.0000,1.0000,0,60,True,228952.0000,231354.0000,778.6001,0.7786
1,240.8182,229.8372,229837.2001,40,1.0-228952-231354,133.0000,1.0000,0,60,True,228952.0000,231354.0000,885.2001,0.8852
1,241.4657,230.4847,230484.7001,40,1.0-228952-231354,133.0000,1.0000,0,60,True,228952.0000,231354.0000,1532.7001,1.5327
1,242.0256,231.0446,231044.6001,40,1.0-228952-231354,133.0000,1.0000,0,60,True,228952.0000,231354.0000,2092.6001,2.0926
1,242.0297,231.0487,231048.7001,40,1.0-228952-231354,133.0000,1.0000,0,60,True,228952.0000,231354.0000,2096.7001,2.0967
1,2091.8218,2080.8408,2080840.8001,41,1.0-2080619-2082821,867.0000,1.0000,0,61,True,2080619.0000,2082821.0000,221.8001,0.2218
1,2092.8762,2081.8952,2081895.2001,41,1.0-2080619-2082821,867.0000,1.0000,0,61,True,2080619.0000,2082821.0000,1276.2001,1.2762
1,2093.0334,2082.0524,2082052.4001,41,1.0-2080619-2082821,867.0000,1.0000,0,61,True,2080619.0000,2082821.0000,1433.4001,1.4334
1,2093.5878,2082.6068,2082606.8001,41,1.0-2080619-2082821,867.0000,1.0000,0,61,True,2080619.0000,2082821.0000,1987.8001,1.9878
1,1728.1968,1717.2158,1717215.8001,42,1.0-1717205-1719641,703.0000,1.0000,0,62,True,1717205.0000,1719641.0000,10.8001,0.0108
1,1728.2090,1717.2280,1717228.0001,42,1.0-1717205-1719641,703.0000,1.0000,0,62,True,1717205.0000,1719641.0000,23.0001,0.0230
1,1728.3794,1717.3984,1717398.4001,42,1.0-1717205-1719641,703.0000,1.0000,0,62,True,1717205.0000,1719641.0000,193.4001,0.1934
1,1728.4827,1717.5017,1717501.7001,42,1.0-1717205-1719641,703.0000,1.0000,0,62,True,1717205.0000,1719641.0000,296.7001,0.2967
1,1728.6410,1717.6600,1717660.0001,42,1.0-1717205-1719641,703.0000,1.0000,0,62,True,1717205.0000,1719641.0000,455.0001,0.4550
1,1728.8311,1717.8501,1717850.1001,42,1.0-1717205-1719641,703.0000,1.0000,0,62,True,1717205.0000,1719641.0000,645.1001,0.6451
1,1729.3293,1718.3483,1718348.3001,42,1.0-1717205-1719641,703.0000,1.0000,0,62,True,1717205.0000,1719641.0000,1143.3001,1.1433
1,1729.5310,1718.5500,1718550.0001,42,1.0-1717205-1719641,703.0000,1.0000,0,62,True,1717205.0000,1719641.0000,1345.0001,1.3450
1,1730.4201,1719.4391,1719439.1001,42,1.0-1717205-1719641,703.0000,1.0000,0,62,True,1717205.0000,1719641.0000,2234.1001,2.2341
1,1557.2319,1546.2509,1546250.9001,43,1.0-1545942-1547109,627.0000,1.0000,1,23,True,1545942.0000,1547109.0000,308.9001,0.3089
1,1557.5650,1546.5840,1546584.0001,43,1.0-1545942-1547109,627.0000,1.0000,1,23,True,1545942.0000,1547109.0000,642.0001,0.6420
1,1557.8297,1546.8487,1546848.7001,43,1.0-1545942-1547109,627.0000,1.0000,1,23,True,1545942.0000,1547109.0000,906.7001,0.9067
1,145.9857,135.0047,135004.7001,44,1.0-134962-137798,79.0000,1.0000,1,24,True,134962.0000,137798.0000,42.7001,0.0427
1,146.0343,135.0533,135053.3001,44,1.0-134962-137798,79.0000,1.0000,1,24,True,134962.0000,137798.0000,91.3001,0.0913
1,146.4593,135.4783,135478.3001,44,1.0-134962-137798,79.0000,1.0000,1,24,True,134962.0000,137798.0000,516.3001,0.5163
1,146.4926,135.5116,135511.6001,44,1.0-134962-137798,79.0000,1.0000,1,24,True,134962.0000,137798.0000,549.6001,0.5496
1,146.5861,135.6051,135605.1001,44,1.0-134962-137798,79.0000,1.0000,1,24,True,134962.0000,137798.0000,643.1001,0.6431
1,146.6274,135.6464,135646.4001,44,1.0-134962-137798,79.0000,1.0000,1,24,True,134962.0000,137798.0000,684.4001,0.6844
1,146.6308,135.6498,135649.8001,44,1.0-134962-137798,79.0000,1.0000,1,24,True,134962.0000,137798.0000,687.8001,0.6878
1,146.6886,135.7076,135707.6001,44,1.0-134962-137798,79.0000,1.0000,1,24,True,134962.0000,137798.0000,745.6001,0.7456
1,146.8050,135.8240,135824.0001,44,1.0-134962-137798,79.0000,1.0000,1,24,True,134962.0000,137798.0000,862.0001,0.8620
1,146.8517,135.8707,135870.7001,44,1.0-134962-137798,79.0000,1.0000,1,24,True,134962.0000,137798.0000,908.7001,0.9087
1,146.9781,135.9971,135997.1001,44,1.0-134962-137798,79.0000,1.0000,1,24,True,134962.0000,137798.0000,1035.1001,1.0351
1,147.5136,136.5326,136532.6001,44,1.0-134962-137798,79.0000,1.0000,1,24,True,134962.0000,137798.0000,1570.6001,1.5706
1,147.5355,136.5545,136554.5001,44,1.0-134962-137798,79.0000,1.0000,1,24,True,134962.0000,137798.0000,1592.5001,1.5925
1,147.6004,136.6194,136619.4001,44,1.0-134962-137798,79.0000,1.0000,1,24,True,134962.0000,137798.0000,1657.4001,1.6574
1,147.6284,136.6474,136647.4001,44,1.0-134962-137798,79.0000,1.0000,1,24,True,134962.0000,137798.0000,1685.4001,1.6854
1,147.7247,136.7437,136743.7001,44,1.0-134962-137798,79.0000,1.0000,1,24,True,134962.0000,137798.0000,1781.7001,1.7817
1,147.9445,136.9635,136963.5001,44,1.0-134962-137798,79.0000,1.0000,1,24,True,134962.0000,137798.0000,2001.5001,2.0015
1,148.0229,137.0419,137041.9001,44,1.0-134962-137798,79.0000,1.0000,1,24,True,134962.0000,137798.0000,2079.9001,2.0799
1,148.0957,137.1147,137114.7001,44,1.0-134962-137798,79.0000,1.0000,1,24,True,134962.0000,137798.0000,2152.7001,2.1527
1,148.2307,137.2497,137249.7001,44,1.0-134962-137798,79.0000,1.0000,1,24,True,134962.0000,137798.0000,2287.7001,2.2877
1,148.2795,137.2985,137298.5001,44,1.0-134962-137798,79.0000,1.0000,1,24,True,134962.0000,137798.0000,2336.5001,2.3365
1,148.6823,137.7013,137701.3001,44,1.0-134962-137798,79.0000,1.0000,1,24,True,134962.0000,137798.0000,2739.3001,2.7393
1,1009.7501,998.7691,998769.1001,45,1.0-998686-999520,429.0000,1.0000,0,63,True,998686.0000,999520.0000,83.1001,0.0831
1,1009.7980,998.8170,998817.0001,45,1.0-998686-999520,429.0000,1.0000,0,63,True,998686.0000,999520.0000,131.0001,0.1310
1,1009.8829,998.9019,998901.9001,45,1.0-998686-999520,429.0000,1.0000,0,63,True,998686.0000,999520.0000,215.9001,0.2159
1,1009.9626,998.9816,998981.6001,45,1.0-998686-999520,429.0000,1.0000,0,63,True,998686.0000,999520.0000,295.6001,0.2956
1,1010.1122,999.1312,999131.2001,45,1.0-998686-999520,429.0000,1.0000,0,63,True,998686.0000,999520.0000,445.2001,0.4452
1,1010.2133,999.2323,999232.3001,45,1.0-998686-999520,429.0000,1.0000,0,63,True,998686.0000,999520.0000,546.3001,0.5463
1,1010.2868,999.3058,999305.8001,45,1.0-998686-999520,429.0000,1.0000,0,63,True,998686.0000,999520.0000,619.8001,0.6198
1,1010.3243,999.3433,999343.3001,45,1.0-998686-999520,429.0000,1.0000,0,63,True,998686.0000,999520.0000,657.3001,0.6573
1,1010.4638,999.4828,999482.8001,45,1.0-998686-999520,429.0000,1.0000,0,63,True,998686.0000,999520.0000,796.8001,0.7968
1,389.1437,378.1627,378162.7001,46,1.0-378094-380229,210.0000,1.0000,0,64,True,378094.0000,380229.0000,68.7001,0.0687
1,389.1528,378.1718,378171.8001,46,1.0-378094-380229,210.0000,1.0000,0,64,True,378094.0000,380229.0000,77.8001,0.0778
1,389.4339,378.4529,378452.9001,46,1.0-378094-380229,210.0000,1.0000,0,64,True,378094.0000,380229.0000,358.9001,0.3589
1,389.5308,378.5498,378549.8001,46,1.0-378094-380229,210.0000,1.0000,0,64,True,378094.0000,380229.0000,455.8001,0.4558
1,389.5370,378.5560,378556.0001,46,1.0-378094-380229,210.0000,1.0000,0,64,True,378094.0000,380229.0000,462.0001,0.4620
1,389.5498,378.5688,378568.8001,46,1.0-378094-380229,210.0000,1.0000,0,64,True,378094.0000,380229.0000,474.8001,0.4748
1,389.5990,378.6180,378618.0001,46,1.0-378094-380229,210.0000,1.0000,0,64,True,378094.0000,380229.0000,524.0001,0.5240
1,389.7392,378.7582,378758.2001,46,1.0-378094-380229,210.0000,1.0000,0,64,True,378094.0000,380229.0000,664.2001,0.6642
1,389.8928,378.9118,378911.8001,46,1.0-378094-380229,210.0000,1.0000,0,64,True,378094.0000,380229.0000,817.8001,0.8178
1,390.2607,379.2797,379279.7001,46,1.0-378094-380229,210.0000,1.0000,0,64,True,378094.0000,380229.0000,1185.7001,1.1857
1,390.3885,379.4075,379407.5001,46,1.0-378094-380229,210.0000,1.0000,0,64,True,378094.0000,380229.0000,1313.5001,1.3135
1,390.5274,379.5464,379546.4001,46,1.0-378094-380229,210.0000,1.0000,0,64,True,378094.0000,380229.0000,1452.4001,1.4524
1,390.8297,379.8487,379848.7001,46,1.0-378094-380229,210.0000,1.0000,0,64,True,378094.0000,380229.0000,1754.7001,1.7547
1,1457.9216,1446.9406,1446940.6001,47,1.0-1446780-1448716,574.0000,1.0000,0,65,True,1446780.0000,1448716.0000,160.6001,0.1606
1,1458.1480,1447.1670,1447167.0001,47,1.0-1446780-1448716,574.0000,1.0000,0,65,True,1446780.0000,1448716.0000,387.0001,0.3870
1,1458.1659,1447.1849,1447184.9001,47,1.0-1446780-1448716,574.0000,1.0000,0,65,True,1446780.0000,1448716.0000,404.9001,0.4049
1,1458.3827,1447.4017,1447401.7001,47,1.0-1446780-1448716,574.0000,1.0000,0,65,True,1446780.0000,1448716.0000,621.7001,0.6217
1,1458.4680,1447.4870,1447487.0001,47,1.0-1446780-1448716,574.0000,1.0000,0,65,True,1446780.0000,1448716.0000,707.0001,0.7070
1,1458.5293,1447.5483,1447548.3001,47,1.0-1446780-1448716,574.0000,1.0000,0,65,True,1446780.0000,1448716.0000,768.3001,0.7683
1,1458.7385,1447.7575,1447757.5001,47,1.0-1446780-1448716,574.0000,1.0000,0,65,True,1446780.0000,1448716.0000,977.5001,0.9775
1,1458.8490,1447.8680,1447868.0001,47,1.0-1446780-1448716,574.0000,1.0000,0,65,True,1446780.0000,1448716.0000,1088.0001,1.0880
1,1458.8528,1447.8718,1447871.8001,47,1.0-1446780-1448716,574.0000,1.0000,0,65,True,1446780.0000,1448716.0000,1091.8001,1.0918
1,1459.0280,1448.0470,1448047.0001,47,1.0-1446780-1448716,574.0000,1.0000,0,65,True,1446780.0000,1448716.0000,1267.0001,1.2670
1,1459.1383,1448.1573,1448157.3001,47,1.0-1446780-1448716,574.0000,1.0000,0,65,True,1446780.0000,1448716.0000,1377.3001,1.3773
1,1459.2824,1448.3014,1448301.4001,47,1.0-1446780-1448716,574.0000,1.0000,0,65,True,1446780.0000,1448716.0000,1521.4001,1.5214
1,1459.3499,1448.3689,1448368.9001,47,1.0-1446780-1448716,574.0000,1.0000,0,65,True,1446780.0000,1448716.0000,1588.9001,1.5889
1,1459.6448,1448.6638,1448663.8001,47,1.0-1446780-1448716,574.0000,1.0000,0,65,True,1446780.0000,1448716.0000,1883.8001,1.8838
1,2243.2010,2232.2200,2232220.0001,48,1.0-2232063-2233464,922.0000,1.0000,0,66,True,2232063.0000,2233464.0000,157.0001,0.1570
1,2243.2633,2232.2823,2232282.3001,48,1.0-2232063-2233464,922.0000,1.0000,0,66,True,2232063.0000,2233464.0000,219.3001,0.2193
1,2243.2775,2232.2965,2232296.5001,48,1.0-2232063-2233464,922.0000,1.0000,0,66,True,2232063.0000,2233464.0000,233.5001,0.2335
1,2243.2883,2232.3073,2232307.3001,48,1.0-2232063-2233464,922.0000,1.0000,0,66,True,2232063.0000,2233464.0000,244.3001,0.2443
1,2243.4501,2232.4691,2232469.1001,48,1.0-2232063-2233464,922.0000,1.0000,0,66,True,2232063.0000,2233464.0000,406.1001,0.4061
1,2243.7506,2232.7696,2232769.6001,48,1.0-2232063-2233464,922.0000,1.0000,0,66,True,2232063.0000,2233464.0000,706.6001,0.7066
1,2243.8233,2232.8423,2232842.3001,48,1.0-2232063-2233464,922.0000,1.0000,0,66,True,2232063.0000,2233464.0000,779.3001,0.7793
1,2243.8854,2232.9044,2232904.4001,48,1.0-2232063-2233464,922.0000,1.0000,0,66,True,2232063.0000,2233464.0000,841.4001,0.8414
1,2243.9858,2233.0048,2233004.8001,48,1.0-2232063-2233464,922.0000,1.0000,0,66,True,2232063.0000,2233464.0000,941.8001,0.9418
1,2244.1348,2233.1538,2233153.8001,48,1.0-2232063-2233464,922.0000,1.0000,0,66,True,2232063.0000,2233464.0000,1090.8001,1.0908
1,2244.2647,2233.2837,2233283.7001,48,1.0-2232063-2233464,922.0000,1.0000,0,66,True,2232063.0000,2233464.0000,1220.7001,1.2207
1,2244.3573,2233.3763,2233376.3001,48,1.0-2232063-2233464,922.0000,1.0000,0,66,True,2232063.0000,2233464.0000,1313.3001,1.3133
1,2244.3849,2233.4039,2233403.9001,48,1.0-2232063-2233464,922.0000,1.0000,0,66,True,2232063.0000,2233464.0000,1340.9001,1.3409
1,1592.2910,1581.3100,1581310.0001,49,1.0-1581175-1583177,643.0000,1.0000,1,25,True,1581175.0000,1583177.0000,135.0001,0.1350
1,1592.3882,1581.4072,1581407.2001,49,1.0-1581175-1583177,643.0000,1.0000,1,25,True,1581175.0000,1583177.0000,232.2001,0.2322
1,1592.3943,1581.4133,1581413.3001,49,1.0-1581175-1583177,643.0000,1.0000,1,25,True,1581175.0000,1583177.0000,238.3001,0.2383
1,1592.3976,1581.4166,1581416.6001,49,1.0-1581175-1583177,643.0000,1.0000,1,25,True,1581175.0000,1583177.0000,241.6001,0.2416
1,1592.5709,1581.5899,1581589.9001,49,1.0-1581175-1583177,643.0000,1.0000,1,25,True,1581175.0000,1583177.0000,414.9001,0.4149
1,1592.6474,1581.6664,1581666.4001,49,1.0-1581175-1583177,643.0000,1.0000,1,25,True,1581175.0000,1583177.0000,491.4001,0.4914
1,1592.7193,1581.7383,1581738.3001,49,1.0-1581175-1583177,643.0000,1.0000,1,25,True,1581175.0000,1583177.0000,563.3001,0.5633
1,1592.9625,1581.9815,1581981.5001,49,1.0-1581175-1583177,643.0000,1.0000,1,25,True,1581175.0000,1583177.0000,806.5001,0.8065
1,1592.9650,1581.9840,1581984.0001,49,1.0-1581175-1583177,643.0000,1.0000,1,25,True,1581175.0000,1583177.0000,809.0001,0.8090
1,64.5864,53.6054,53605.4001,50,1.0-53584-55586,28.0000,1.0000,0,67,True,53584.0000,55586.0000,21.4001,0.0214
1,64.6318,53.6508,53650.8001,50,1.0-53584-55586,28.0000,1.0000,0,67,True,53584.0000,55586.0000,66.8001,0.0668
1,64.7138,53.7328,53732.8001,50,1.0-53584-55586,28.0000,1.0000,0,67,True,53584.0000,55586.0000,148.8001,0.1488
1,64.7505,53.7695,53769.5001,50,1.0-53584-55586,28.0000,1.0000,0,67,True,53584.0000,55586.0000,185.5001,0.1855
1,64.8943,53.9133,53913.3001,50,1.0-53584-55586,28.0000,1.0000,0,67,True,53584.0000,55586.0000,329.3001,0.3293
1,65.0002,54.0192,54019.2001,50,1.0-53584-55586,28.0000,1.0000,0,67,True,53584.0000,55586.0000,435.2001,0.4352
1,65.0033,54.0223,54022.3001,50,1.0-53584-55586,28.0000,1.0000,0,67,True,53584.0000,55586.0000,438.3001,0.4383
1,65.3613,54.3803,54380.3001,50,1.0-53584-55586,28.0000,1.0000,0,67,True,53584.0000,55586.0000,796.3001,0.7963
1,65.5666,54.5856,54585.6001,50,1.0-53584-55586,28.0000,1.0000,0,67,True,53584.0000,55586.0000,1001.6001,1.0016
1,65.5919,54.6109,54610.9001,50,1.0-53584-55586,28.0000,1.0000,0,67,True,53584.0000,55586.0000,1026.9001,1.0269
1,597.6286,586.6476,586647.6001,51,1.0-586593-589496,290.0000,1.0000,1,26,True,586593.0000,589496.0000,54.6001,0.0546
1,597.8987,586.9177,586917.7001,51,1.0-586593-589496,290.0000,1.0000,1,26,True,586593.0000,589496.0000,324.7001,0.3247
1,598.1199,587.1389,587138.9001,51,1.0-586593-589496,290.0000,1.0000,1,26,True,586593.0000,589496.0000,545.9001,0.5459
1,598.1464,587.1654,587165.4001,51,1.0-586593-589496,290.0000,1.0000,1,26,True,586593.0000,589496.0000,572.4001,0.5724
1,598.1700,587.1890,587189.0001,51,1.0-586593-589496,290.0000,1.0000,1,26,True,586593.0000,589496.0000,596.0001,0.5960
1,598.4806,587.4996,587499.6001,51,1.0-586593-589496,290.0000,1.0000,1,26,True,586593.0000,589496.0000,906.6001,0.9066
1,598.7809,587.7999,587799.9001,51,1.0-586593-589496,290.0000,1.0000,1,26,True,586593.0000,589496.0000,1206.9001,1.2069
1,598.8334,587.8524,587852.4001,51,1.0-586593-589496,290.0000,1.0000,1,26,True,586593.0000,589496.0000,1259.4001,1.2594
1,598.9065,587.9255,587925.5001,51,1.0-586593-589496,290.0000,1.0000,1,26,True,586593.0000,589496.0000,1332.5001,1.3325
1,599.0841,588.1031,588103.1001,51,1.0-586593-589496,290.0000,1.0000,1,26,True,586593.0000,589496.0000,1510.1001,1.5101
1,599.0954,588.1144,588114.4001,51,1.0-586593-589496,290.0000,1.0000,1,26,True,586593.0000,589496.0000,1521.4001,1.5214
1,599.4056,588.4246,588424.6001,51,1.0-586593-589496,290.0000,1.0000,1,26,True,586593.0000,589496.0000,1831.6001,1.8316
1,599.6424,588.6614,588661.4001,51,1.0-586593-589496,290.0000,1.0000,1,26,True,586593.0000,589496.0000,2068.4001,2.0684
1,599.8383,588.8573,588857.3001,51,1.0-586593-589496,290.0000,1.0000,1,26,True,586593.0000,589496.0000,2264.3001,2.2643
1,599.8467,588.8657,588865.7001,51,1.0-586593-589496,290.0000,1.0000,1,26,True,586593.0000,589496.0000,2272.7001,2.2727
1,600.0946,589.1136,589113.6001,51,1.0-586593-589496,290.0000,1.0000,1,26,True,586593.0000,589496.0000,2520.6001,2.5206
1,600.3300,589.3490,589349.0001,51,1.0-586593-589496,290.0000,1.0000,1,26,True,586593.0000,589496.0000,2756.0001,2.7560
1,1845.3884,1834.4074,1834407.4001,52,1.0-1833883-1835585,758.0000,1.0000,1,27,True,1833883.0000,1835585.0000,524.4001,0.5244
1,1845.6570,1834.6760,1834676.0001,52,1.0-1833883-1835585,758.0000,1.0000,1,27,True,1833883.0000,1835585.0000,793.0001,0.7930
1,1845.8020,1834.8210,1834821.0001,52,1.0-1833883-1835585,758.0000,1.0000,1,27,True,1833883.0000,1835585.0000,938.0001,0.9380
1,1845.9193,1834.9383,1834938.3001,52,1.0-1833883-1835585,758.0000,1.0000,1,27,True,1833883.0000,1835585.0000,1055.3001,1.0553
1,1846.1220,1835.1410,1835141.0001,52,1.0-1833883-1835585,758.0000,1.0000,1,27,True,1833883.0000,1835585.0000,1258.0001,1.2580
1,1846.1512,1835.1702,1835170.2001,52,1.0-1833883-1835585,758.0000,1.0000,1,27,True,1833883.0000,1835585.0000,1287.2001,1.2872
1,1846.3326,1835.3516,1835351.6001,52,1.0-1833883-1835585,758.0000,1.0000,1,27,True,1833883.0000,1835585.0000,1468.6001,1.4686
1,1846.4299,1835.4489,1835448.9001,52,1.0-1833883-1835585,758.0000,1.0000,1,27,True,1833883.0000,1835585.0000,1565.9001,1.5659
1,1846.5060,1835.5250,1835525.0001,52,1.0-1833883-1835585,758.0000,1.0000,1,27,True,1833883.0000,1835585.0000,1642.0001,1.6420
1,1846.5415,1835.5605,1835560.5001,52,1.0-1833883-1835585,758.0000,1.0000,1,27,True,1833883.0000,1835585.0000,1677.5001,1.6775
1,1846.5580,1835.5770,1835577.0001,52,1.0-1833883-1835585,758.0000,1.0000,1,27,True,1833883.0000,1835585.0000,1694.0001,1.6940
1,1001.8213,990.8403,990840.3001,53,1.0-990779-993681,427.0000,1.0000,1,28,True,990779.0000,993681.0000,61.3001,0.0613
1,1001.9030,990.9220,990922.0001,53,1.0-990779-993681,427.0000,1.0000,1,28,True,990779.0000,993681.0000,143.0001,0.1430
1,1002.3154,991.3344,991334.4001,53,1.0-990779-993681,427.0000,1.0000,1,28,True,990779.0000,993681.0000,555.4001,0.5554
1,1002.3740,991.3930,991393.0001,53,1.0-990779-993681,427.0000,1.0000,1,28,True,990779.0000,993681.0000,614.0001,0.6140
1,1002.4618,991.4808,991480.8001,53,1.0-990779-993681,427.0000,1.0000,1,28,True,990779.0000,993681.0000,701.8001,0.7018
1,1002.6104,991.6294,991629.4001,53,1.0-990779-993681,427.0000,1.0000,1,28,True,990779.0000,993681.0000,850.4001,0.8504
1,1002.6488,991.6678,991667.8001,53,1.0-990779-993681,427.0000,1.0000,1,28,True,990779.0000,993681.0000,888.8001,0.8888
1,1002.7055,991.7245,991724.5001,53,1.0-990779-993681,427.0000,1.0000,1,28,True,990779.0000,993681.0000,945.5001,0.9455
1,1002.7882,991.8072,991807.2001,53,1.0-990779-993681,427.0000,1.0000,1,28,True,990779.0000,993681.0000,1028.2001,1.0282
1,1002.9028,991.9218,991921.8001,53,1.0-990779-993681,427.0000,1.0000,1,28,True,990779.0000,993681.0000,1142.8001,1.1428
1,1003.0049,992.0239,992023.9001,53,1.0-990779-993681,427.0000,1.0000,1,28,True,990779.0000,993681.0000,1244.9001,1.2449
1,1003.1134,992.1324,992132.4001,53,1.0-990779-993681,427.0000,1.0000,1,28,True,990779.0000,993681.0000,1353.4001,1.3534
1,1003.2284,992.2474,992247.4001,53,1.0-990779-993681,427.0000,1.0000,1,28,True,990779.0000,993681.0000,1468.4001,1.4684
1,1003.3146,992.3336,992333.6001,53,1.0-990779-993681,427.0000,1.0000,1,28,True,990779.0000,993681.0000,1554.6001,1.5546
1,1003.3910,992.4100,992410.0001,53,1.0-990779-993681,427.0000,1.0000,1,28,True,990779.0000,993681.0000,1631.0001,1.6310
1,1003.7120,992.7310,992731.0001,53,1.0-990779-993681,427.0000,1.0000,1,28,True,990779.0000,993681.0000,1952.0001,1.9520
1,1003.7667,992.7857,992785.7001,53,1.0-990779-993681,427.0000,1.0000,1,28,True,990779.0000,993681.0000,2006.7001,2.0067
1,1003.8672,992.8862,992886.2001,53,1.0-990779-993681,427.0000,1.0000,1,28,True,990779.0000,993681.0000,2107.2001,2.1072
1,1003.8899,992.9089,992908.9001,53,1.0-990779-993681,427.0000,1.0000,1,28,True,990779.0000,993681.0000,2129.9001,2.1299
1,1004.0288,993.0478,993047.8001,53,1.0-990779-993681,427.0000,1.0000,1,28,True,990779.0000,993681.0000,2268.8001,2.2688
1,1004.2124,993.2314,993231.4001,53,1.0-990779-993681,427.0000,1.0000,1,28,True,990779.0000,993681.0000,2452.4001,2.4524
1,1004.3265,993.3455,993345.5001,53,1.0-990779-993681,427.0000,1.0000,1,28,True,990779.0000,993681.0000,2566.5001,2.5665
1,1004.4481,993.4671,993467.1001,53,1.0-990779-993681,427.0000,1.0000,1,28,True,990779.0000,993681.0000,2688.1001,2.6881
1,1004.6393,993.6583,993658.3001,53,1.0-990779-993681,427.0000,1.0000,1,28,True,990779.0000,993681.0000,2879.3001,2.8793
1,221.0963,210.1153,210115.3001,54,1.0-209934-212136,126.0000,1.0000,1,29,True,209934.0000,212136.0000,181.3001,0.1813
1,221.7930,210.8120,210812.0001,54,1.0-209934-212136,126.0000,1.0000,1,29,True,209934.0000,212136.0000,878.0001,0.8780
1,222.3012,211.3202,211320.2001,54,1.0-209934-212136,126.0000,1.0000,1,29,True,209934.0000,212136.0000,1386.2001,1.3862
1,222.5229,211.5419,211541.9001,54,1.0-209934-212136,126.0000,1.0000,1,29,True,209934.0000,212136.0000,1607.9001,1.6079
1,222.7651,211.7841,211784.1001,54,1.0-209934-212136,126.0000,1.0000,1,29,True,209934.0000,212136.0000,1850.1001,1.8501
1,220.1303,209.1493,209149.3001,55,1.0-208933-209867,125.0000,1.0000,1,30,True,208933.0000,209867.0000,216.3001,0.2163
1,187.2148,176.2338,176233.8001,56,1.0-176135-178404,105.0000,1.0000,1,31,True,176135.0000,178404.0000,98.8001,0.0988
1,187.2832,176.3022,176302.2001,56,1.0-176135-178404,105.0000,1.0000,1,31,True,176135.0000,178404.0000,167.2001,0.1672
1,187.3208,176.3398,176339.8001,56,1.0-176135-178404,105.0000,1.0000,1,31,True,176135.0000,178404.0000,204.8001,0.2048
1,187.3519,176.3709,176370.9001,56,1.0-176135-178404,105.0000,1.0000,1,31,True,176135.0000,178404.0000,235.9001,0.2359
1,187.4229,176.4419,176441.9001,56,1.0-176135-178404,105.0000,1.0000,1,31,True,176135.0000,178404.0000,306.9001,0.3069
1,187.4662,176.4852,176485.2001,56,1.0-176135-178404,105.0000,1.0000,1,31,True,176135.0000,178404.0000,350.2001,0.3502
1,187.4823,176.5013,176501.3001,56,1.0-176135-178404,105.0000,1.0000,1,31,True,176135.0000,178404.0000,366.3001,0.3663
1,187.5207,176.5397,176539.7001,56,1.0-176135-178404,105.0000,1.0000,1,31,True,176135.0000,178404.0000,404.7001,0.4047
1,187.5649,176.5839,176583.9001,56,1.0-176135-178404,105.0000,1.0000,1,31,True,176135.0000,178404.0000,448.9001,0.4489
1,187.5969,176.6159,176615.9001,56,1.0-176135-178404,105.0000,1.0000,1,31,True,176135.0000,178404.0000,480.9001,0.4809
1,187.6647,176.6837,176683.7001,56,1.0-176135-178404,105.0000,1.0000,1,31,True,176135.0000,178404.0000,548.7001,0.5487
1,187.7484,176.7674,176767.4001,56,1.0-176135-178404,105.0000,1.0000,1,31,True,176135.0000,178404.0000,632.4001,0.6324
1,187.8760,176.8950,176895.0001,56,1.0-176135-178404,105.0000,1.0000,1,31,True,176135.0000,178404.0000,760.0001,0.7600
1,188.0586,177.0776,177077.6001,56,1.0-176135-178404,105.0000,1.0000,1,31,True,176135.0000,178404.0000,942.6001,0.9426
1,188.1120,177.1310,177131.0001,56,1.0-176135-178404,105.0000,1.0000,1,31,True,176135.0000,178404.0000,996.0001,0.9960
1,188.2011,177.2201,177220.1001,56,1.0-176135-178404,105.0000,1.0000,1,31,True,176135.0000,178404.0000,1085.1001,1.0851
1,188.2089,177.2279,177227.9001,56,1.0-176135-178404,105.0000,1.0000,1,31,True,176135.0000,178404.0000,1092.9001,1.0929
1,188.3604,177.3794,177379.4001,56,1.0-176135-178404,105.0000,1.0000,1,31,True,176135.0000,178404.0000,1244.4001,1.2444
1,188.4280,177.4470,177447.0001,56,1.0-176135-178404,105.0000,1.0000,1,31,True,176135.0000,178404.0000,1312.0001,1.3120
1,188.4679,177.4869,177486.9001,56,1.0-176135-178404,105.0000,1.0000,1,31,True,176135.0000,178404.0000,1351.9001,1.3519
1,188.5045,177.5235,177523.5001,56,1.0-176135-178404,105.0000,1.0000,1,31,True,176135.0000,178404.0000,1388.5001,1.3885
1,188.5268,177.5458,177545.8001,56,1.0-176135-178404,105.0000,1.0000,1,31,True,176135.0000,178404.0000,1410.8001,1.4108
1,188.5334,177.5524,177552.4001,56,1.0-176135-178404,105.0000,1.0000,1,31,True,176135.0000,178404.0000,1417.4001,1.4174
1,188.5863,177.6053,177605.3001,56,1.0-176135-178404,105.0000,1.0000,1,31,True,176135.0000,178404.0000,1470.3001,1.4703
1,188.6084,177.6274,177627.4001,56,1.0-176135-178404,105.0000,1.0000,1,31,True,176135.0000,178404.0000,1492.4001,1.4924
1,188.6766,177.6956,177695.6001,56,1.0-176135-178404,105.0000,1.0000,1,31,True,176135.0000,178404.0000,1560.6001,1.5606
1,188.7487,177.7677,177767.7001,56,1.0-176135-178404,105.0000,1.0000,1,31,True,176135.0000,178404.0000,1632.7001,1.6327
1,188.8543,177.8733,177873.3001,56,1.0-176135-178404,105.0000,1.0000,1,31,True,176135.0000,178404.0000,1738.3001,1.7383
1,188.8947,177.9137,177913.7001,56,1.0-176135-178404,105.0000,1.0000,1,31,True,176135.0000,178404.0000,1778.7001,1.7787
1,188.9433,177.9623,177962.3001,56,1.0-176135-178404,105.0000,1.0000,1,31,True,176135.0000,178404.0000,1827.3001,1.8273
1,188.9848,178.0038,178003.8001,56,1.0-176135-178404,105.0000,1.0000,1,31,True,176135.0000,178404.0000,1868.8001,1.8688
1,189.0054,178.0244,178024.4001,56,1.0-176135-178404,105.0000,1.0000,1,31,True,176135.0000,178404.0000,1889.4001,1.8894
1,189.0525,178.0715,178071.5001,56,1.0-176135-178404,105.0000,1.0000,1,31,True,176135.0000,178404.0000,1936.5001,1.9365
1,189.1042,178.1232,178123.2001,56,1.0-176135-178404,105.0000,1.0000,1,31,True,176135.0000,178404.0000,1988.2001,1.9882
1,189.1295,178.1485,178148.5001,56,1.0-176135-178404,105.0000,1.0000,1,31,True,176135.0000,178404.0000,2013.5001,2.0135
1,189.3346,178.3536,178353.6001,56,1.0-176135-178404,105.0000,1.0000,1,31,True,176135.0000,178404.0000,2218.6001,2.2186
1,342.0806,331.0996,331099.6001,57,1.0-331083-334052,187.0000,1.0000,1,32,True,331083.0000,334052.0000,16.6001,0.0166
1,342.2456,331.2646,331264.6001,57,1.0-331083-334052,187.0000,1.0000,1,32,True,331083.0000,334052.0000,181.6001,0.1816
1,342.2933,331.3123,331312.3001,57,1.0-331083-334052,187.0000,1.0000,1,32,True,331083.0000,334052.0000,229.3001,0.2293
1,342.3827,331.4017,331401.7001,57,1.0-331083-334052,187.0000,1.0000,1,32,True,331083.0000,334052.0000,318.7001,0.3187
1,342.5202,331.5392,331539.2001,57,1.0-331083-334052,187.0000,1.0000,1,32,True,331083.0000,334052.0000,456.2001,0.4562
1,342.6582,331.6772,331677.2001,57,1.0-331083-334052,187.0000,1.0000,1,32,True,331083.0000,334052.0000,594.2001,0.5942
1,342.8048,331.8238,331823.8001,57,1.0-331083-334052,187.0000,1.0000,1,32,True,331083.0000,334052.0000,740.8001,0.7408
1,342.8941,331.9131,331913.1001,57,1.0-331083-334052,187.0000,1.0000,1,32,True,331083.0000,334052.0000,830.1001,0.8301
1,343.1004,332.1194,332119.4001,57,1.0-331083-334052,187.0000,1.0000,1,32,True,331083.0000,334052.0000,1036.4001,1.0364
1,343.2198,332.2388,332238.8001,57,1.0-331083-334052,187.0000,1.0000,1,32,True,331083.0000,334052.0000,1155.8001,1.1558
1,343.8752,332.8942,332894.2001,57,1.0-331083-334052,187.0000,1.0000,1,32,True,331083.0000,334052.0000,1811.2001,1.8112
1,344.1913,333.2103,333210.3001,57,1.0-331083-334052,187.0000,1.0000,1,32,True,331083.0000,334052.0000,2127.3001,2.1273
1,344.2020,333.2210,333221.0001,57,1.0-331083-334052,187.0000,1.0000,1,32,True,331083.0000,334052.0000,2138.0001,2.1380
1,344.2657,333.2847,333284.7001,57,1.0-331083-334052,187.0000,1.0000,1,32,True,331083.0000,334052.0000,2201.7001,2.2017
1,344.4843,333.5033,333503.3001,57,1.0-331083-334052,187.0000,1.0000,1,32,True,331083.0000,334052.0000,2420.3001,2.4203
1,344.6512,333.6702,333670.2001,57,1.0-331083-334052,187.0000,1.0000,1,32,True,331083.0000,334052.0000,2587.2001,2.5872
1,344.6757,333.6947,333694.7001,57,1.0-331083-334052,187.0000,1.0000,1,32,True,331083.0000,334052.0000,2611.7001,2.6117
1,344.8225,333.8415,333841.5001,57,1.0-331083-334052,187.0000,1.0000,1,32,True,331083.0000,334052.0000,2758.5001,2.7585
1,344.8473,333.8663,333866.3001,57,1.0-331083-334052,187.0000,1.0000,1,32,True,331083.0000,334052.0000,2783.3001,2.7833
1,344.9609,333.9799,333979.9001,57,1.0-331083-334052,187.0000,1.0000,1,32,True,331083.0000,334052.0000,2896.9001,2.8969
1,592.4899,581.5089,581508.9001,58,1.0-581121-582155,287.0000,1.0000,1,33,True,581121.0000,582155.0000,387.9001,0.3879
1,592.5821,581.6011,581601.1001,58,1.0-581121-582155,287.0000,1.0000,1,33,True,581121.0000,582155.0000,480.1001,0.4801
1,592.6422,581.6612,581661.2001,58,1.0-581121-582155,287.0000,1.0000,1,33,True,581121.0000,582155.0000,540.2001,0.5402
1,592.6771,581.6961,581696.1001,58,1.0-581121-582155,287.0000,1.0000,1,33,True,581121.0000,582155.0000,575.1001,0.5751
1,592.7128,581.7318,581731.8001,58,1.0-581121-582155,287.0000,1.0000,1,33,True,581121.0000,582155.0000,610.8001,0.6108
1,2337.4864,2326.5054,2326505.4001,59,1.0-2326353-2327721,954.0000,1.0000,0,68,True,2326353.0000,2327721.0000,152.4001,0.1524
1,2337.5747,2326.5937,2326593.7001,59,1.0-2326353-2327721,954.0000,1.0000,0,68,True,2326353.0000,2327721.0000,240.7001,0.2407
1,2337.5854,2326.6044,2326604.4001,59,1.0-2326353-2327721,954.0000,1.0000,0,68,True,2326353.0000,2327721.0000,251.4001,0.2514
1,2337.6154,2326.6344,2326634.4001,59,1.0-2326353-2327721,954.0000,1.0000,0,68,True,2326353.0000,2327721.0000,281.4001,0.2814
1,2337.6658,2326.6848,2326684.8001,59,1.0-2326353-2327721,954.0000,1.0000,0,68,True,2326353.0000,2327721.0000,331.8001,0.3318
1,2338.0094,2327.0284,2327028.4001,59,1.0-2326353-2327721,954.0000,1.0000,0,68,True,2326353.0000,2327721.0000,675.4001,0.6754
1,2338.2374,2327.2564,2327256.4001,59,1.0-2326353-2327721,954.0000,1.0000,0,68,True,2326353.0000,2327721.0000,903.4001,0.9034
1,2338.4745,2327.4935,2327493.5001,59,1.0-2326353-2327721,954.0000,1.0000,0,68,True,2326353.0000,2327721.0000,1140.5001,1.1405
1,2338.6531,2327.6721,2327672.1001,59,1.0-2326353-2327721,954.0000,1.0000,0,68,True,2326353.0000,2327721.0000,1319.1001,1.3191
1,2338.6906,2327.7096,2327709.6001,59,1.0-2326353-2327721,954.0000,1.0000,0,68,True,2326353.0000,2327721.0000,1356.6001,1.3566
1,2401.1154,2390.1344,2390134.4001,60,1.0-2390080-2393083,981.0000,1.0000,1,34,True,2390080.0000,2393083.0000,54.4001,0.0544
1,2401.1725,2390.1915,2390191.5001,60,1.0-2390080-2393083,981.0000,1.0000,1,34,True,2390080.0000,2393083.0000,111.5001,0.1115
1,2402.0901,2391.1091,2391109.1001,60,1.0-2390080-2393083,981.0000,1.0000,1,34,True,2390080.0000,2393083.0000,1029.1001,1.0291
1,2402.3672,2391.3862,2391386.2001,60,1.0-2390080-2393083,981.0000,1.0000,1,34,True,2390080.0000,2393083.0000,1306.2001,1.3062
1,2402.6034,2391.6224,2391622.4001,60,1.0-2390080-2393083,981.0000,1.0000,1,34,True,2390080.0000,2393083.0000,1542.4001,1.5424
1,2402.6324,2391.6514,2391651.4001,60,1.0-2390080-2393083,981.0000,1.0000,1,34,True,2390080.0000,2393083.0000,1571.4001,1.5714
1,2402.7172,2391.7362,2391736.2001,60,1.0-2390080-2393083,981.0000,1.0000,1,34,True,2390080.0000,2393083.0000,1656.2001,1.6562
1,2402.9429,2391.9619,2391961.9001,60,1.0-2390080-2393083,981.0000,1.0000,1,34,True,2390080.0000,2393083.0000,1881.9001,1.8819
1,2403.0526,2392.0716,2392071.6001,60,1.0-2390080-2393083,981.0000,1.0000,1,34,True,2390080.0000,2393083.0000,1991.6001,1.9916
1,2403.1380,2392.1570,2392157.0001,60,1.0-2390080-2393083,981.0000,1.0000,1,34,True,2390080.0000,2393083.0000,2077.0001,2.0770
1,2403.6820,2392.7010,2392701.0001,60,1.0-2390080-2393083,981.0000,1.0000,1,34,True,2390080.0000,2393083.0000,2621.0001,2.6210
1,2403.8672,2392.8862,2392886.2001,60,1.0-2390080-2393083,981.0000,1.0000,1,34,True,2390080.0000,2393083.0000,2806.2001,2.8062
1,2403.9242,2392.9432,2392943.2001,60,1.0-2390080-2393083,981.0000,1.0000,1,34,True,2390080.0000,2393083.0000,2863.2001,2.8632
1,2403.9894,2393.0084,2393008.4001,60,1.0-2390080-2393083,981.0000,1.0000,1,34,True,2390080.0000,2393083.0000,2928.4001,2.9284
1,1382.6542,1371.6732,1371673.2001,61,1.0-1371642-1373644,548.0000,1.0000,1,35,True,1371642.0000,1373644.0000,31.2001,0.0312
1,1382.6848,1371.7038,1371703.8001,61,1.0-1371642-1373644,548.0000,1.0000,1,35,True,1371642.0000,1373644.0000,61.8001,0.0618
1,1383.1559,1372.1749,1372174.9001,61,1.0-1371642-1373644,548.0000,1.0000,1,35,True,1371642.0000,1373644.0000,532.9001,0.5329
1,1383.3940,1372.4130,1372413.0001,61,1.0-1371642-1373644,548.0000,1.0000,1,35,True,1371642.0000,1373644.0000,771.0001,0.7710
1,1383.4672,1372.4862,1372486.2001,61,1.0-1371642-1373644,548.0000,1.0000,1,35,True,1371642.0000,1373644.0000,844.2001,0.8442
1,1383.5033,1372.5223,1372522.3001,61,1.0-1371642-1373644,548.0000,1.0000,1,35,True,1371642.0000,1373644.0000,880.3001,0.8803
1,1383.5391,1372.5581,1372558.1001,61,1.0-1371642-1373644,548.0000,1.0000,1,35,True,1371642.0000,1373644.0000,916.1001,0.9161
1,1383.5782,1372.5972,1372597.2001,61,1.0-1371642-1373644,548.0000,1.0000,1,35,True,1371642.0000,1373644.0000,955.2001,0.9552
1,1383.5972,1372.6162,1372616.2001,61,1.0-1371642-1373644,548.0000,1.0000,1,35,True,1371642.0000,1373644.0000,974.2001,0.9742
1,1383.6878,1372.7068,1372706.8001,61,1.0-1371642-1373644,548.0000,1.0000,1,35,True,1371642.0000,1373644.0000,1064.8001,1.0648
1,1383.6904,1372.7094,1372709.4001,61,1.0-1371642-1373644,548.0000,1.0000,1,35,True,1371642.0000,1373644.0000,1067.4001,1.0674
1,1383.8381,1372.8571,1372857.1001,61,1.0-1371642-1373644,548.0000,1.0000,1,35,True,1371642.0000,1373644.0000,1215.1001,1.2151
1,1383.9091,1372.9281,1372928.1001,61,1.0-1371642-1373644,548.0000,1.0000,1,35,True,1371642.0000,1373644.0000,1286.1001,1.2861
1,1383.9350,1372.9540,1372954.0001,61,1.0-1371642-1373644,548.0000,1.0000,1,35,True,1371642.0000,1373644.0000,1312.0001,1.3120
1,1384.0391,1373.0581,1373058.1001,61,1.0-1371642-1373644,548.0000,1.0000,1,35,True,1371642.0000,1373644.0000,1416.1001,1.4161
1,1384.0737,1373.0927,1373092.7001,61,1.0-1371642-1373644,548.0000,1.0000,1,35,True,1371642.0000,1373644.0000,1450.7001,1.4507
1,1384.1139,1373.1329,1373132.9001,61,1.0-1371642-1373644,548.0000,1.0000,1,35,True,1371642.0000,1373644.0000,1490.9001,1.4909
1,1384.3823,1373.4013,1373401.3001,61,1.0-1371642-1373644,548.0000,1.0000,1,35,True,1371642.0000,1373644.0000,1759.3001,1.7593
1,1384.4926,1373.5116,1373511.6001,61,1.0-1371642-1373644,548.0000,1.0000,1,35,True,1371642.0000,1373644.0000,1869.6001,1.8696
1,1384.5405,1373.5595,1373559.5001,61,1.0-1371642-1373644,548.0000,1.0000,1,35,True,1371642.0000,1373644.0000,1917.5001,1.9175
1,1707.7920,1696.8110,1696811.0001,62,1.0-1696552-1699388,694.0000,1.0000,0,69,True,1696552.0000,1699388.0000,259.0001,0.2590
1,1708.1889,1697.2079,1697207.9001,62,1.0-1696552-1699388,694.0000,1.0000,0,69,True,1696552.0000,1699388.0000,655.9001,0.6559
1,1708.2082,1697.2272,1697227.2001,62,1.0-1696552-1699388,694.0000,1.0000,0,69,True,1696552.0000,1699388.0000,675.2001,0.6752
1,1708.6397,1697.6587,1697658.7001,62,1.0-1696552-1699388,694.0000,1.0000,0,69,True,1696552.0000,1699388.0000,1106.7001,1.1067
1,1708.8713,1697.8903,1697890.3001,62,1.0-1696552-1699388,694.0000,1.0000,0,69,True,1696552.0000,1699388.0000,1338.3001,1.3383
1,1709.7598,1698.7788,1698778.8001,62,1.0-1696552-1699388,694.0000,1.0000,0,69,True,1696552.0000,1699388.0000,2226.8001,2.2268
1,1709.9929,1699.0119,1699011.9001,62,1.0-1696552-1699388,694.0000,1.0000,0,69,True,1696552.0000,1699388.0000,2459.9001,2.4599
1,1710.2049,1699.2239,1699223.9001,62,1.0-1696552-1699388,694.0000,1.0000,0,69,True,1696552.0000,1699388.0000,2671.9001,2.6719
1,1710.2982,1699.3172,1699317.2001,62,1.0-1696552-1699388,694.0000,1.0000,0,69,True,1696552.0000,1699388.0000,2765.2001,2.7652
1,1965.6082,1954.6272,1954627.2001,63,1.0-1954465-1957468,818.0000,1.0000,0,70,True,1954465.0000,1957468.0000,162.2001,0.1622
1,1966.2093,1955.2283,1955228.3001,63,1.0-1954465-1957468,818.0000,1.0000,0,70,True,1954465.0000,1957468.0000,763.3001,0.7633
1,1966.4377,1955.4567,1955456.7001,63,1.0-1954465-1957468,818.0000,1.0000,0,70,True,1954465.0000,1957468.0000,991.7001,0.9917
1,1966.7316,1955.7506,1955750.6001,63,1.0-1954465-1957468,818.0000,1.0000,0,70,True,1954465.0000,1957468.0000,1285.6001,1.2856
1,1966.8488,1955.8678,1955867.8001,63,1.0-1954465-1957468,818.0000,1.0000,0,70,True,1954465.0000,1957468.0000,1402.8001,1.4028
1,1966.8786,1955.8976,1955897.6001,63,1.0-1954465-1957468,818.0000,1.0000,0,70,True,1954465.0000,1957468.0000,1432.6001,1.4326
1,1967.4506,1956.4696,1956469.6001,63,1.0-1954465-1957468,818.0000,1.0000,0,70,True,1954465.0000,1957468.0000,2004.6001,2.0046
1,1967.7395,1956.7585,1956758.5001,63,1.0-1954465-1957468,818.0000,1.0000,0,70,True,1954465.0000,1957468.0000,2293.5001,2.2935
1,1967.7888,1956.8078,1956807.8001,63,1.0-1954465-1957468,818.0000,1.0000,0,70,True,1954465.0000,1957468.0000,2342.8001,2.3428
1,1967.9362,1956.9552,1956955.2001,63,1.0-1954465-1957468,818.0000,1.0000,0,70,True,1954465.0000,1957468.0000,2490.2001,2.4902
1,1968.0117,1957.0307,1957030.7001,63,1.0-1954465-1957468,818.0000,1.0000,0,70,True,1954465.0000,1957468.0000,2565.7001,2.5657
1,1968.1140,1957.1330,1957133.0001,63,1.0-1954465-1957468,818.0000,1.0000,0,70,True,1954465.0000,1957468.0000,2668.0001,2.6680
1,1968.1649,1957.1839,1957183.9001,63,1.0-1954465-1957468,818.0000,1.0000,0,70,True,1954465.0000,1957468.0000,2718.9001,2.7189
1,1968.2787,1957.2977,1957297.7001,63,1.0-1954465-1957468,818.0000,1.0000,0,70,True,1954465.0000,1957468.0000,2832.7001,2.8327
1,707.0240,696.0430,696043.0001,64,1.0-695797-697432,326.0000,1.0000,0,71,True,695797.0000,697432.0000,246.0001,0.2460
1,707.1416,696.1606,696160.6001,64,1.0-695797-697432,326.0000,1.0000,0,71,True,695797.0000,697432.0000,363.6001,0.3636
1,707.4796,696.4986,696498.6001,64,1.0-695797-697432,326.0000,1.0000,0,71,True,695797.0000,697432.0000,701.6001,0.7016
1,707.6976,696.7166,696716.6001,64,1.0-695797-697432,326.0000,1.0000,0,71,True,695797.0000,697432.0000,919.6001,0.9196
1,708.0887,697.1077,697107.7001,64,1.0-695797-697432,326.0000,1.0000,0,71,True,695797.0000,697432.0000,1310.7001,1.3107
1,708.0978,697.1168,697116.8001,64,1.0-695797-697432,326.0000,1.0000,0,71,True,695797.0000,697432.0000,1319.8001,1.3198
1,708.3803,697.3993,697399.3001,64,1.0-695797-697432,326.0000,1.0000,0,71,True,695797.0000,697432.0000,1602.3001,1.6023
1,708.3880,697.4070,697407.0001,64,1.0-695797-697432,326.0000,1.0000,0,71,True,695797.0000,697432.0000,1610.0001,1.6100
1,99.8420,88.8610,88861.0001,65,1.0-88785-90453,51.0000,1.0000,1,36,True,88785.0000,90453.0000,76.0001,0.0760
1,99.9164,88.9354,88935.4001,65,1.0-88785-90453,51.0000,1.0000,1,36,True,88785.0000,90453.0000,150.4001,0.1504
1,100.0670,89.0860,89086.0001,65,1.0-88785-90453,51.0000,1.0000,1,36,True,88785.0000,90453.0000,301.0001,0.3010
1,100.3021,89.3211,89321.1001,65,1.0-88785-90453,51.0000,1.0000,1,36,True,88785.0000,90453.0000,536.1001,0.5361
1,100.4259,89.4449,89444.9001,65,1.0-88785-90453,51.0000,1.0000,1,36,True,88785.0000,90453.0000,659.9001,0.6599
1,100.4473,89.4663,89466.3001,65,1.0-88785-90453,51.0000,1.0000,1,36,True,88785.0000,90453.0000,681.3001,0.6813
1,100.7201,89.7391,89739.1001,65,1.0-88785-90453,51.0000,1.0000,1,36,True,88785.0000,90453.0000,954.1001,0.9541
1,719.9166,708.9356,708935.6001,66,1.0-708910-710945,330.0000,1.0000,0,72,True,708910.0000,710945.0000,25.6001,0.0256
1,720.1501,709.1691,709169.1001,66,1.0-708910-710945,330.0000,1.0000,0,72,True,708910.0000,710945.0000,259.1001,0.2591
1,720.6101,709.6291,709629.1001,66,1.0-708910-710945,330.0000,1.0000,0,72,True,708910.0000,710945.0000,719.1001,0.7191
1,720.9603,709.9793,709979.3001,66,1.0-708910-710945,330.0000,1.0000,0,72,True,708910.0000,710945.0000,1069.3001,1.0693
1,721.0746,710.0936,710093.6001,66,1.0-708910-710945,330.0000,1.0000,0,72,True,708910.0000,710945.0000,1183.6001,1.1836
1,721.0821,710.1011,710101.1001,66,1.0-708910-710945,330.0000,1.0000,0,72,True,708910.0000,710945.0000,1191.1001,1.1911
1,721.1817,710.2007,710200.7001,66,1.0-708910-710945,330.0000,1.0000,0,72,True,708910.0000,710945.0000,1290.7001,1.2907
1,721.8851,710.9041,710904.1001,66,1.0-708910-710945,330.0000,1.0000,0,72,True,708910.0000,710945.0000,1994.1001,1.9941
1,1567.8290,1556.8480,1556848.0001,67,1.0-1556785-1558787,634.0000,1.0000,1,37,True,1556785.0000,1558787.0000,63.0001,0.0630
1,1568.1977,1557.2167,1557216.7001,67,1.0-1556785-1558787,634.0000,1.0000,1,37,True,1556785.0000,1558787.0000,431.7001,0.4317
1,1569.2394,1558.2584,1558258.4001,67,1.0-1556785-1558787,634.0000,1.0000,1,37,True,1556785.0000,1558787.0000,1473.4001,1.4734
1,1569.6777,1558.6967,1558696.7001,67,1.0-1556785-1558787,634.0000,1.0000,1,37,True,1556785.0000,1558787.0000,1911.7001,1.9117
1,1754.8357,1743.8547,1743854.7001,68,1.0-1743697-1744531,716.0000,1.0000,0,73,True,1743697.0000,1744531.0000,157.7001,0.1577
1,1755.2573,1744.2763,1744276.3001,68,1.0-1743697-1744531,716.0000,1.0000,0,73,True,1743697.0000,1744531.0000,579.3001,0.5793
1,1755.3351,1744.3541,1744354.1001,68,1.0-1743697-1744531,716.0000,1.0000,0,73,True,1743697.0000,1744531.0000,657.1001,0.6571
1,1425.0937,1414.1127,1414112.7001,69,1.0-1413882-1415751,560.0000,1.0000,1,38,True,1413882.0000,1415751.0000,230.7001,0.2307
1,1425.2892,1414.3082,1414308.2001,69,1.0-1413882-1415751,560.0000,1.0000,1,38,True,1413882.0000,1415751.0000,426.2001,0.4262
1,1425.6157,1414.6347,1414634.7001,69,1.0-1413882-1415751,560.0000,1.0000,1,38,True,1413882.0000,1415751.0000,752.7001,0.7527
1,1425.6291,1414.6481,1414648.1001,69,1.0-1413882-1415751,560.0000,1.0000,1,38,True,1413882.0000,1415751.0000,766.1001,0.7661
1,1425.6493,1414.6683,1414668.3001,69,1.0-1413882-1415751,560.0000,1.0000,1,38,True,1413882.0000,1415751.0000,786.3001,0.7863
1,1425.6726,1414.6916,1414691.6001,69,1.0-1413882-1415751,560.0000,1.0000,1,38,True,1413882.0000,1415751.0000,809.6001,0.8096
1,1425.9401,1414.9591,1414959.1001,69,1.0-1413882-1415751,560.0000,1.0000,1,38,True,1413882.0000,1415751.0000,1077.1001,1.0771
1,1425.9767,1414.9957,1414995.7001,69,1.0-1413882-1415751,560.0000,1.0000,1,38,True,1413882.0000,1415751.0000,1113.7001,1.1137
1,1426.4095,1415.4285,1415428.5001,69,1.0-1413882-1415751,560.0000,1.0000,1,38,True,1413882.0000,1415751.0000,1546.5001,1.5465
1,1426.5350,1415.5540,1415554.0001,69,1.0-1413882-1415751,560.0000,1.0000,1,38,True,1413882.0000,1415751.0000,1672.0001,1.6720
1,1426.7166,1415.7356,1415735.6001,69,1.0-1413882-1415751,560.0000,1.0000,1,38,True,1413882.0000,1415751.0000,1853.6001,1.8536
1,1841.6431,1830.6621,1830662.1001,70,1.0-1829946-1830980,755.0000,1.0000,1,39,True,1829946.0000,1830980.0000,716.1001,0.7161
1,1841.8479,1830.8669,1830866.9001,70,1.0-1829946-1830980,755.0000,1.0000,1,39,True,1829946.0000,1830980.0000,920.9001,0.9209
1,1841.9607,1830.9797,1830979.7001,70,1.0-1829946-1830980,755.0000,1.0000,1,39,True,1829946.0000,1830980.0000,1033.7001,1.0337
1,191.3477,180.3667,180366.7001,71,1.0-180272-182107,107.0000,1.0000,1,40,True,180272.0000,182107.0000,94.7001,0.0947
1,191.4049,180.4239,180423.9001,71,1.0-180272-182107,107.0000,1.0000,1,40,True,180272.0000,182107.0000,151.9001,0.1519
1,191.5006,180.5196,180519.6001,71,1.0-180272-182107,107.0000,1.0000,1,40,True,180272.0000,182107.0000,247.6001,0.2476
1,191.5783,180.5973,180597.3001,71,1.0-180272-182107,107.0000,1.0000,1,40,True,180272.0000,182107.0000,325.3001,0.3253
1,191.6676,180.6866,180686.6001,71,1.0-180272-182107,107.0000,1.0000,1,40,True,180272.0000,182107.0000,414.6001,0.4146
1,191.6970,180.7160,180716.0001,71,1.0-180272-182107,107.0000,1.0000,1,40,True,180272.0000,182107.0000,444.0001,0.4440
1,191.7432,180.7622,180762.2001,71,1.0-180272-182107,107.0000,1.0000,1,40,True,180272.0000,182107.0000,490.2001,0.4902
1,191.8011,180.8201,180820.1001,71,1.0-180272-182107,107.0000,1.0000,1,40,True,180272.0000,182107.0000,548.1001,0.5481
1,191.8597,180.8787,180878.7001,71,1.0-180272-182107,107.0000,1.0000,1,40,True,180272.0000,182107.0000,606.7001,0.6067
1,191.9400,180.9590,180959.0001,71,1.0-180272-182107,107.0000,1.0000,1,40,True,180272.0000,182107.0000,687.0001,0.6870
1,192.5272,181.5462,181546.2001,71,1.0-180272-182107,107.0000,1.0000,1,40,True,180272.0000,182107.0000,1274.2001,1.2742
1,192.6604,181.6794,181679.4001,71,1.0-180272-182107,107.0000,1.0000,1,40,True,180272.0000,182107.0000,1407.4001,1.4074
1,192.7900,181.8090,181809.0001,71,1.0-180272-182107,107.0000,1.0000,1,40,True,180272.0000,182107.0000,1537.0001,1.5370
1,192.8280,181.8470,181847.0001,71,1.0-180272-182107,107.0000,1.0000,1,40,True,180272.0000,182107.0000,1575.0001,1.5750
1,192.8961,181.9151,181915.1001,71,1.0-180272-182107,107.0000,1.0000,1,40,True,180272.0000,182107.0000,1643.1001,1.6431
1,193.0272,182.0462,182046.2001,71,1.0-180272-182107,107.0000,1.0000,1,40,True,180272.0000,182107.0000,1774.2001,1.7742
1,502.4608,491.4798,491479.8001,72,1.0-491436-493171,257.0000,1.0000,1,41,True,491436.0000,493171.0000,43.8001,0.0438
1,502.5530,491.5720,491572.0001,72,1.0-491436-493171,257.0000,1.0000,1,41,True,491436.0000,493171.0000,136.0001,0.1360
1,502.5782,491.5972,491597.2001,72,1.0-491436-493171,257.0000,1.0000,1,41,True,491436.0000,493171.0000,161.2001,0.1612
1,502.7000,491.7190,491719.0001,72,1.0-491436-493171,257.0000,1.0000,1,41,True,491436.0000,493171.0000,283.0001,0.2830
1,502.7447,491.7637,491763.7001,72,1.0-491436-493171,257.0000,1.0000,1,41,True,491436.0000,493171.0000,327.7001,0.3277
1,502.7996,491.8186,491818.6001,72,1.0-491436-493171,257.0000,1.0000,1,41,True,491436.0000,493171.0000,382.6001,0.3826
1,502.8045,491.8235,491823.5001,72,1.0-491436-493171,257.0000,1.0000,1,41,True,491436.0000,493171.0000,387.5001,0.3875
1,502.9896,492.0086,492008.6001,72,1.0-491436-493171,257.0000,1.0000,1,41,True,491436.0000,493171.0000,572.6001,0.5726
1,503.0138,492.0328,492032.8001,72,1.0-491436-493171,257.0000,1.0000,1,41,True,491436.0000,493171.0000,596.8001,0.5968
1,503.2037,492.2227,492222.7001,72,1.0-491436-493171,257.0000,1.0000,1,41,True,491436.0000,493171.0000,786.7001,0.7867
1,503.2393,492.2583,492258.3001,72,1.0-491436-493171,257.0000,1.0000,1,41,True,491436.0000,493171.0000,822.3001,0.8223
1,503.6104,492.6294,492629.4001,72,1.0-491436-493171,257.0000,1.0000,1,41,True,491436.0000,493171.0000,1193.4001,1.1934
1,503.6302,492.6492,492649.2001,72,1.0-491436-493171,257.0000,1.0000,1,41,True,491436.0000,493171.0000,1213.2001,1.2132
1,503.6680,492.6870,492687.0001,72,1.0-491436-493171,257.0000,1.0000,1,41,True,491436.0000,493171.0000,1251.0001,1.2510
1,503.6800,492.6990,492699.0001,72,1.0-491436-493171,257.0000,1.0000,1,41,True,491436.0000,493171.0000,1263.0001,1.2630
1,503.7981,492.8171,492817.1001,72,1.0-491436-493171,257.0000,1.0000,1,41,True,491436.0000,493171.0000,1381.1001,1.3811
1,503.8021,492.8211,492821.1001,72,1.0-491436-493171,257.0000,1.0000,1,41,True,491436.0000,493171.0000,1385.1001,1.3851
1,503.8220,492.8410,492841.0001,72,1.0-491436-493171,257.0000,1.0000,1,41,True,491436.0000,493171.0000,1405.0001,1.4050
1,503.8761,492.8951,492895.1001,72,1.0-491436-493171,257.0000,1.0000,1,41,True,491436.0000,493171.0000,1459.1001,1.4591
1,503.9253,492.9443,492944.3001,72,1.0-491436-493171,257.0000,1.0000,1,41,True,491436.0000,493171.0000,1508.3001,1.5083
1,503.9854,493.0044,493004.4001,72,1.0-491436-493171,257.0000,1.0000,1,41,True,491436.0000,493171.0000,1568.4001,1.5684
1,504.0081,493.0271,493027.1001,72,1.0-491436-493171,257.0000,1.0000,1,41,True,491436.0000,493171.0000,1591.1001,1.5911
1,504.0302,493.0492,493049.2001,72,1.0-491436-493171,257.0000,1.0000,1,41,True,491436.0000,493171.0000,1613.2001,1.6132
1,504.0489,493.0679,493067.9001,72,1.0-491436-493171,257.0000,1.0000,1,41,True,491436.0000,493171.0000,1631.9001,1.6319
1,504.0699,493.0889,493088.9001,72,1.0-491436-493171,257.0000,1.0000,1,41,True,491436.0000,493171.0000,1652.9001,1.6529
1,504.1148,493.1338,493133.8001,72,1.0-491436-493171,257.0000,1.0000,1,41,True,491436.0000,493171.0000,1697.8001,1.6978
1,48.5875,37.6065,37606.5001,73,1.0-37569-38670,19.0000,1.0000,0,74,True,37569.0000,38670.0000,37.5001,0.0375
1,48.5944,37.6134,37613.4001,73,1.0-37569-38670,19.0000,1.0000,0,74,True,37569.0000,38670.0000,44.4001,0.0444
1,48.6537,37.6727,37672.7001,73,1.0-37569-38670,19.0000,1.0000,0,74,True,37569.0000,38670.0000,103.7001,0.1037
1,48.7177,37.7367,37736.7001,73,1.0-37569-38670,19.0000,1.0000,0,74,True,37569.0000,38670.0000,167.7001,0.1677
1,48.8294,37.8484,37848.4001,73,1.0-37569-38670,19.0000,1.0000,0,74,True,37569.0000,38670.0000,279.4001,0.2794
1,48.8760,37.8950,37895.0001,73,1.0-37569-38670,19.0000,1.0000,0,74,True,37569.0000,38670.0000,326.0001,0.3260
1,48.9681,37.9871,37987.1001,73,1.0-37569-38670,19.0000,1.0000,0,74,True,37569.0000,38670.0000,418.1001,0.4181
1,49.1744,38.1934,38193.4001,73,1.0-37569-38670,19.0000,1.0000,0,74,True,37569.0000,38670.0000,624.4001,0.6244
1,49.2274,38.2464,38246.4001,73,1.0-37569-38670,19.0000,1.0000,0,74,True,37569.0000,38670.0000,677.4001,0.6774
1,49.3559,38.3749,38374.9001,73,1.0-37569-38670,19.0000,1.0000,0,74,True,37569.0000,38670.0000,805.9001,0.8059
1,49.4221,38.4411,38441.1001,73,1.0-37569-38670,19.0000,1.0000,0,74,True,37569.0000,38670.0000,872.1001,0.8721
1,49.4437,38.4627,38462.7001,73,1.0-37569-38670,19.0000,1.0000,0,74,True,37569.0000,38670.0000,893.7001,0.8937
1,49.5578,38.5768,38576.8001,73,1.0-37569-38670,19.0000,1.0000,0,74,True,37569.0000,38670.0000,1007.8001,1.0078
1,49.5779,38.5969,38596.9001,73,1.0-37569-38670,19.0000,1.0000,0,74,True,37569.0000,38670.0000,1027.9001,1.0279
1,1613.8408,1602.8598,1602859.8001,74,1.0-1602763-1605532,650.0000,1.0000,1,42,True,1602763.0000,1605532.0000,96.8001,0.0968
1,1613.8761,1602.8951,1602895.1001,74,1.0-1602763-1605532,650.0000,1.0000,1,42,True,1602763.0000,1605532.0000,132.1001,0.1321
1,1613.8938,1602.9128,1602912.8001,74,1.0-1602763-1605532,650.0000,1.0000,1,42,True,1602763.0000,1605532.0000,149.8001,0.1498
1,1614.0227,1603.0417,1603041.7001,74,1.0-1602763-1605532,650.0000,1.0000,1,42,True,1602763.0000,1605532.0000,278.7001,0.2787
1,1614.1779,1603.1969,1603196.9001,74,1.0-1602763-1605532,650.0000,1.0000,1,42,True,1602763.0000,1605532.0000,433.9001,0.4339
1,1614.3984,1603.4174,1603417.4001,74,1.0-1602763-1605532,650.0000,1.0000,1,42,True,1602763.0000,1605532.0000,654.4001,0.6544
1,1614.4631,1603.4821,1603482.1001,74,1.0-1602763-1605532,650.0000,1.0000,1,42,True,1602763.0000,1605532.0000,719.1001,0.7191
1,1614.6372,1603.6562,1603656.2001,74,1.0-1602763-1605532,650.0000,1.0000,1,42,True,1602763.0000,1605532.0000,893.2001,0.8932
1,1614.6582,1603.6772,1603677.2001,74,1.0-1602763-1605532,650.0000,1.0000,1,42,True,1602763.0000,1605532.0000,914.2001,0.9142
1,1614.7682,1603.7872,1603787.2001,74,1.0-1602763-1605532,650.0000,1.0000,1,42,True,1602763.0000,1605532.0000,1024.2001,1.0242
1,1614.8733,1603.8923,1603892.3001,74,1.0-1602763-1605532,650.0000,1.0000,1,42,True,1602763.0000,1605532.0000,1129.3001,1.1293
1,1614.8868,1603.9058,1603905.8001,74,1.0-1602763-1605532,650.0000,1.0000,1,42,True,1602763.0000,1605532.0000,1142.8001,1.1428
1,1614.9321,1603.9511,1603951.1001,74,1.0-1602763-1605532,650.0000,1.0000,1,42,True,1602763.0000,1605532.0000,1188.1001,1.1881
1,1614.9709,1603.9899,1603989.9001,74,1.0-1602763-1605532,650.0000,1.0000,1,42,True,1602763.0000,1605532.0000,1226.9001,1.2269
1,1615.0603,1604.0793,1604079.3001,74,1.0-1602763-1605532,650.0000,1.0000,1,42,True,1602763.0000,1605532.0000,1316.3001,1.3163
1,1615.0676,1604.0866,1604086.6001,74,1.0-1602763-1605532,650.0000,1.0000,1,42,True,1602763.0000,1605532.0000,1323.6001,1.3236
1,1615.1260,1604.1450,1604145.0001,74,1.0-1602763-1605532,650.0000,1.0000,1,42,True,1602763.0000,1605532.0000,1382.0001,1.3820
1,1615.2693,1604.2883,1604288.3001,74,1.0-1602763-1605532,650.0000,1.0000,1,42,True,1602763.0000,1605532.0000,1525.3001,1.5253
1,1615.4749,1604.4939,1604493.9001,74,1.0-1602763-1605532,650.0000,1.0000,1,42,True,1602763.0000,1605532.0000,1730.9001,1.7309
1,1615.4879,1604.5069,1604506.9001,74,1.0-1602763-1605532,650.0000,1.0000,1,42,True,1602763.0000,1605532.0000,1743.9001,1.7439
1,1615.6376,1604.6566,1604656.6001,74,1.0-1602763-1605532,650.0000,1.0000,1,42,True,1602763.0000,1605532.0000,1893.6001,1.8936
1,1615.8017,1604.8207,1604820.7001,74,1.0-1602763-1605532,650.0000,1.0000,1,42,True,1602763.0000,1605532.0000,2057.7001,2.0577
1,1615.8771,1604.8961,1604896.1001,74,1.0-1602763-1605532,650.0000,1.0000,1,42,True,1602763.0000,1605532.0000,2133.1001,2.1331
1,1615.9919,1605.0109,1605010.9001,74,1.0-1602763-1605532,650.0000,1.0000,1,42,True,1602763.0000,1605532.0000,2247.9001,2.2479
1,1616.1264,1605.1454,1605145.4001,74,1.0-1602763-1605532,650.0000,1.0000,1,42,True,1602763.0000,1605532.0000,2382.4001,2.3824
1,1616.3024,1605.3214,1605321.4001,74,1.0-1602763-1605532,650.0000,1.0000,1,42,True,1602763.0000,1605532.0000,2558.4001,2.5584
1,1616.4329,1605.4519,1605451.9001,74,1.0-1602763-1605532,650.0000,1.0000,1,42,True,1602763.0000,1605532.0000,2688.9001,2.6889
1,1616.4398,1605.4588,1605458.8001,74,1.0-1602763-1605532,650.0000,1.0000,1,42,True,1602763.0000,1605532.0000,2695.8001,2.6958
1,1616.5071,1605.5261,1605526.1001,74,1.0-1602763-1605532,650.0000,1.0000,1,42,True,1602763.0000,1605532.0000,2763.1001,2.7631
