units,spikeTimeRawS,movieAlignedTimeS,movieAlignedTimeMs,trialOrder,clipWindowId,clipID,movieID,isAccurate,plotOrder,includeInPlots,clipStartTimeMs,clipEndTimeMs,spikeTimeRelativeToClipStartMs,spikeTimeRelativeToClipStartS
1,1882.5540,1871.5730,1871573.0001,1,1.0-1871219-1873354,783.0000,1.0000,1,1,True,1871219.0000,1873354.0000,354.0001,0.3540
1,1882.6995,1871.7185,1871718.5001,1,1.0-1871219-1873354,783.0000,1.0000,1,1,True,1871219.0000,1873354.0000,499.5001,0.4995
1,1882.7435,1871.7625,1871762.5001,1,1.0-1871219-1873354,783.0000,1.0000,1,1,True,1871219.0000,1873354.0000,543.5001,0.5435
1,1883.0622,1872.0812,1872081.2001,1,1.0-1871219-1873354,783.0000,1.0000,1,1,True,1871219.0000,1873354.0000,862.2001,0.8622
1,1883.4872,1872.5062,1872506.2001,1,1.0-1871219-1873354,783.0000,1.0000,1,1,True,1871219.0000,1873354.0000,1287.2001,1.2872
1,1883.5283,1872.5473,1872547.3001,1,1.0-1871219-1873354,783.0000,1.0000,1,1,True,1871219.0000,1873354.0000,1328.3001,1.3283
1,1883.5710,1872.5900,1872590.0001,1,1.0-1871219-1873354,783.0000,1.0000,1,1,True,1871219.0000,1873354.0000,1371.0001,1.3710
1,1883.6722,1872.6912,1872691.2001,1,1.0-1871219-1873354,783.0000,1.0000,1,1,True,1871219.0000,1873354.0000,1472.2001,1.4722
1,1883.7783,1872.7973,1872797.3001,1,1.0-1871219-1873354,783.0000,1.0000,1,1,True,1871219.0000,1873354.0000,1578.3001,1.5783
1,1883.8301,1872.8491,1872849.1001,1,1.0-1871219-1873354,783.0000,1.0000,1,1,True,1871219.0000,1873354.0000,1630.1001,1.6301
1,1883.9219,1872.9409,1872940.9001,1,1.0-1871219-1873354,783.0000,1.0000,1,1,True,1871219.0000,1873354.0000,1721.9001,1.7219
1,1884.0307,1873.0497,1873049.7001,1,1.0-1871219-1873354,783.0000,1.0000,1,1,True,1871219.0000,1873354.0000,1830.7001,1.8307
1,103.9738,92.9928,92992.8001,2,1.0-92755-93489,54.0000,1.0000,1,2,True,92755.0000,93489.0000,237.8001,0.2378
1,103.9804,92.9994,92999.4001,2,1.0-92755-93489,54.0000,1.0000,1,2,True,92755.0000,93489.0000,244.4001,0.2444
1,104.1132,93.1322,93132.2001,2,1.0-92755-93489,54.0000,1.0000,1,2,True,92755.0000,93489.0000,377.2001,0.3772
1,104.2102,93.2292,93229.2001,2,1.0-92755-93489,54.0000,1.0000,1,2,True,92755.0000,93489.0000,474.2001,0.4742
1,104.3221,93.3411,93341.1001,2,1.0-92755-93489,54.0000,1.0000,1,2,True,92755.0000,93489.0000,586.1001,0.5861
1,195.3670,184.3860,184386.0001,3,1.0-184242-187145,109.0000,1.0000,1,3,True,184242.0000,187145.0000,144.0001,0.1440
1,195.6347,184.6537,184653.7001,3,1.0-184242-187145,109.0000,1.0000,1,3,True,184242.0000,187145.0000,411.7001,0.4117
1,196.0740,185.0930,185093.0001,3,1.0-184242-187145,109.0000,1.0000,1,3,True,184242.0000,187145.0000,851.0001,0.8510
1,196.1619,185.1809,185180.9001,3,1.0-184242-187145,109.0000,1.0000,1,3,True,184242.0000,187145.0000,938.9001,0.9389
1,196.3217,185.3407,185340.7001,3,1.0-184242-187145,109.0000,1.0000,1,3,True,184242.0000,187145.0000,1098.7001,1.0987
1,196.3957,185.4147,185414.7001,3,1.0-184242-187145,109.0000,1.0000,1,3,True,184242.0000,187145.0000,1172.7001,1.1727
1,196.6502,185.6692,185669.2001,3,1.0-184242-187145,109.0000,1.0000,1,3,True,184242.0000,187145.0000,1427.2001,1.4272
1,197.0372,186.0562,186056.2001,3,1.0-184242-187145,109.0000,1.0000,1,3,True,184242.0000,187145.0000,1814.2001,1.8142
1,197.1033,186.1223,186122.3001,3,1.0-184242-187145,109.0000,1.0000,1,3,True,184242.0000,187145.0000,1880.3001,1.8803
1,197.4114,186.4304,186430.4001,3,1.0-184242-187145,109.0000,1.0000,1,3,True,184242.0000,187145.0000,2188.4001,2.1884
1,197.5506,186.5696,186569.6001,3,1.0-184242-187145,109.0000,1.0000,1,3,True,184242.0000,187145.0000,2327.6001,2.3276
1,197.8300,186.8490,186849.0001,3,1.0-184242-187145,109.0000,1.0000,1,3,True,184242.0000,187145.0000,2607.0001,2.6070
1,198.0120,187.0310,187031.0001,3,1.0-184242-187145,109.0000,1.0000,1,3,True,184242.0000,187145.0000,2789.0001,2.7890
1,534.0764,523.0954,523095.4001,4,1.0-522899-524901,267.0000,1.0000,1,4,True,522899.0000,524901.0000,196.4001,0.1964
1,534.1185,523.1375,523137.5001,4,1.0-522899-524901,267.0000,1.0000,1,4,True,522899.0000,524901.0000,238.5001,0.2385
1,534.2153,523.2343,523234.3001,4,1.0-522899-524901,267.0000,1.0000,1,4,True,522899.0000,524901.0000,335.3001,0.3353
1,534.3051,523.3241,523324.1001,4,1.0-522899-524901,267.0000,1.0000,1,4,True,522899.0000,524901.0000,425.1001,0.4251
1,534.4436,523.4626,523462.6001,4,1.0-522899-524901,267.0000,1.0000,1,4,True,522899.0000,524901.0000,563.6001,0.5636
1,534.4551,523.4741,523474.1001,4,1.0-522899-524901,267.0000,1.0000,1,4,True,522899.0000,524901.0000,575.1001,0.5751
1,534.5971,523.6161,523616.1001,4,1.0-522899-524901,267.0000,1.0000,1,4,True,522899.0000,524901.0000,717.1001,0.7171
1,534.6002,523.6192,523619.2001,4,1.0-522899-524901,267.0000,1.0000,1,4,True,522899.0000,524901.0000,720.2001,0.7202
1,535.0755,524.0945,524094.5001,4,1.0-522899-524901,267.0000,1.0000,1,4,True,522899.0000,524901.0000,1195.5001,1.1955
1,535.1992,524.2182,524218.2001,4,1.0-522899-524901,267.0000,1.0000,1,4,True,522899.0000,524901.0000,1319.2001,1.3192
1,535.2793,524.2983,524298.3001,4,1.0-522899-524901,267.0000,1.0000,1,4,True,522899.0000,524901.0000,1399.3001,1.3993
1,535.3315,524.3505,524350.5001,4,1.0-522899-524901,267.0000,1.0000,1,4,True,522899.0000,524901.0000,1451.5001,1.4515
1,535.5873,524.6063,524606.3001,4,1.0-522899-524901,267.0000,1.0000,1,4,True,522899.0000,524901.0000,1707.3001,1.7073
1,535.5988,524.6178,524617.8001,4,1.0-522899-524901,267.0000,1.0000,1,4,True,522899.0000,524901.0000,1718.8001,1.7188
1,535.7642,524.7832,524783.2001,4,1.0-522899-524901,267.0000,1.0000,1,4,True,522899.0000,524901.0000,1884.2001,1.8842
1,1048.8259,1037.8449,1037844.9001,5,1.0-1037824-1040693,444.0000,1.0000,1,5,True,1037824.0000,1040693.0000,20.9001,0.0209
1,1048.8709,1037.8899,1037889.9001,5,1.0-1037824-1040693,444.0000,1.0000,1,5,True,1037824.0000,1040693.0000,65.9001,0.0659
1,1049.1774,1038.1964,1038196.4001,5,1.0-1037824-1040693,444.0000,1.0000,1,5,True,1037824.0000,1040693.0000,372.4001,0.3724
1,1049.1976,1038.2166,1038216.6001,5,1.0-1037824-1040693,444.0000,1.0000,1,5,True,1037824.0000,1040693.0000,392.6001,0.3926
1,1049.2612,1038.2802,1038280.2001,5,1.0-1037824-1040693,444.0000,1.0000,1,5,True,1037824.0000,1040693.0000,456.2001,0.4562
1,1049.3413,1038.3603,1038360.3001,5,1.0-1037824-1040693,444.0000,1.0000,1,5,True,1037824.0000,1040693.0000,536.3001,0.5363
1,1049.6739,1038.6929,1038692.9001,5,1.0-1037824-1040693,444.0000,1.0000,1,5,True,1037824.0000,1040693.0000,868.9001,0.8689
1,1050.0234,1039.0424,1039042.4001,5,1.0-1037824-1040693,444.0000,1.0000,1,5,True,1037824.0000,1040693.0000,1218.4001,1.2184
1,1050.0528,1039.0718,1039071.8001,5,1.0-1037824-1040693,444.0000,1.0000,1,5,True,1037824.0000,1040693.0000,1247.8001,1.2478
1,1050.0820,1039.1010,1039101.0001,5,1.0-1037824-1040693,444.0000,1.0000,1,5,True,1037824.0000,1040693.0000,1277.0001,1.2770
1,1050.1898,1039.2088,1039208.8001,5,1.0-1037824-1040693,444.0000,1.0000,1,5,True,1037824.0000,1040693.0000,1384.8001,1.3848
1,1050.3846,1039.4036,1039403.6001,5,1.0-1037824-1040693,444.0000,1.0000,1,5,True,1037824.0000,1040693.0000,1579.6001,1.5796
1,1050.6022,1039.6212,1039621.2001,5,1.0-1037824-1040693,444.0000,1.0000,1,5,True,1037824.0000,1040693.0000,1797.2001,1.7972
1,1050.6378,1039.6568,1039656.8001,5,1.0-1037824-1040693,444.0000,1.0000,1,5,True,1037824.0000,1040693.0000,1832.8001,1.8328
1,1050.6612,1039.6802,1039680.2001,5,1.0-1037824-1040693,444.0000,1.0000,1,5,True,1037824.0000,1040693.0000,1856.2001,1.8562
1,1050.8146,1039.8336,1039833.6001,5,1.0-1037824-1040693,444.0000,1.0000,1,5,True,1037824.0000,1040693.0000,2009.6001,2.0096
1,1050.8270,1039.8460,1039846.0001,5,1.0-1037824-1040693,444.0000,1.0000,1,5,True,1037824.0000,1040693.0000,2022.0001,2.0220
1,1050.8870,1039.9060,1039906.0001,5,1.0-1037824-1040693,444.0000,1.0000,1,5,True,1037824.0000,1040693.0000,2082.0001,2.0820
1,1050.9592,1039.9782,1039978.2001,5,1.0-1037824-1040693,444.0000,1.0000,1,5,True,1037824.0000,1040693.0000,2154.2001,2.1542
1,1050.9843,1040.0033,1040003.3001,5,1.0-1037824-1040693,444.0000,1.0000,1,5,True,1037824.0000,1040693.0000,2179.3001,2.1793
1,1051.0883,1040.1073,1040107.3001,5,1.0-1037824-1040693,444.0000,1.0000,1,5,True,1037824.0000,1040693.0000,2283.3001,2.2833
1,1051.3996,1040.4186,1040418.6001,5,1.0-1037824-1040693,444.0000,1.0000,1,5,True,1037824.0000,1040693.0000,2594.6001,2.5946
1,1051.6650,1040.6840,1040684.0001,5,1.0-1037824-1040693,444.0000,1.0000,1,5,True,1037824.0000,1040693.0000,2860.0001,2.8600
1,319.0514,308.0704,308070.4001,6,1.0-307894-310296,173.0000,1.0000,1,6,True,307894.0000,310296.0000,176.4001,0.1764
1,319.4620,308.4810,308481.0001,6,1.0-307894-310296,173.0000,1.0000,1,6,True,307894.0000,310296.0000,587.0001,0.5870
1,319.5267,308.5457,308545.7001,6,1.0-307894-310296,173.0000,1.0000,1,6,True,307894.0000,310296.0000,651.7001,0.6517
1,319.8512,308.8702,308870.2001,6,1.0-307894-310296,173.0000,1.0000,1,6,True,307894.0000,310296.0000,976.2001,0.9762
1,320.8132,309.8322,309832.2001,6,1.0-307894-310296,173.0000,1.0000,1,6,True,307894.0000,310296.0000,1938.2001,1.9382
1,320.9496,309.9686,309968.6001,6,1.0-307894-310296,173.0000,1.0000,1,6,True,307894.0000,310296.0000,2074.6001,2.0746
1,1205.0720,1194.0910,1194091.0001,7,1.0-1194073-1196775,492.0000,1.0000,0,43,True,1194073.0000,1196775.0000,18.0001,0.0180
1,1205.0977,1194.1167,1194116.7001,7,1.0-1194073-1196775,492.0000,1.0000,0,43,True,1194073.0000,1196775.0000,43.7001,0.0437
1,1205.1223,1194.1413,1194141.3001,7,1.0-1194073-1196775,492.0000,1.0000,0,43,True,1194073.0000,1196775.0000,68.3001,0.0683
1,1205.2546,1194.2736,1194273.6001,7,1.0-1194073-1196775,492.0000,1.0000,0,43,True,1194073.0000,1196775.0000,200.6001,0.2006
1,1205.2990,1194.3180,1194318.0001,7,1.0-1194073-1196775,492.0000,1.0000,0,43,True,1194073.0000,1196775.0000,245.0001,0.2450
1,1205.3471,1194.3661,1194366.1001,7,1.0-1194073-1196775,492.0000,1.0000,0,43,True,1194073.0000,1196775.0000,293.1001,0.2931
1,1205.4956,1194.5146,1194514.6001,7,1.0-1194073-1196775,492.0000,1.0000,0,43,True,1194073.0000,1196775.0000,441.6001,0.4416
1,1205.6548,1194.6738,1194673.8001,7,1.0-1194073-1196775,492.0000,1.0000,0,43,True,1194073.0000,1196775.0000,600.8001,0.6008
1,1205.7116,1194.7306,1194730.6001,7,1.0-1194073-1196775,492.0000,1.0000,0,43,True,1194073.0000,1196775.0000,657.6001,0.6576
1,1205.7674,1194.7864,1194786.4001,7,1.0-1194073-1196775,492.0000,1.0000,0,43,True,1194073.0000,1196775.0000,713.4001,0.7134
1,1205.8051,1194.8241,1194824.1001,7,1.0-1194073-1196775,492.0000,1.0000,0,43,True,1194073.0000,1196775.0000,751.1001,0.7511
1,1205.8132,1194.8322,1194832.2001,7,1.0-1194073-1196775,492.0000,1.0000,0,43,True,1194073.0000,1196775.0000,759.2001,0.7592
1,1205.8376,1194.8566,1194856.6001,7,1.0-1194073-1196775,492.0000,1.0000,0,43,True,1194073.0000,1196775.0000,783.6001,0.7836
1,1205.8530,1194.8720,1194872.0001,7,1.0-1194073-1196775,492.0000,1.0000,0,43,True,1194073.0000,1196775.0000,799.0001,0.7990
1,1205.8567,1194.8757,1194875.7001,7,1.0-1194073-1196775,492.0000,1.0000,0,43,True,1194073.0000,1196775.0000,802.7001,0.8027
1,1205.8803,1194.8993,1194899.3001,7,1.0-1194073-1196775,492.0000,1.0000,0,43,True,1194073.0000,1196775.0000,826.3001,0.8263
1,1205.8840,1194.9030,1194903.0001,7,1.0-1194073-1196775,492.0000,1.0000,0,43,True,1194073.0000,1196775.0000,830.0001,0.8300
1,1205.9191,1194.9381,1194938.1001,7,1.0-1194073-1196775,492.0000,1.0000,0,43,True,1194073.0000,1196775.0000,865.1001,0.8651
1,1206.0759,1195.0949,1195094.9001,7,1.0-1194073-1196775,492.0000,1.0000,0,43,True,1194073.0000,1196775.0000,1021.9001,1.0219
1,1206.1315,1195.1505,1195150.5001,7,1.0-1194073-1196775,492.0000,1.0000,0,43,True,1194073.0000,1196775.0000,1077.5001,1.0775
1,1206.2577,1195.2767,1195276.7001,7,1.0-1194073-1196775,492.0000,1.0000,0,43,True,1194073.0000,1196775.0000,1203.7001,1.2037
1,1206.3744,1195.3934,1195393.4001,7,1.0-1194073-1196775,492.0000,1.0000,0,43,True,1194073.0000,1196775.0000,1320.4001,1.3204
1,1206.4530,1195.4720,1195472.0001,7,1.0-1194073-1196775,492.0000,1.0000,0,43,True,1194073.0000,1196775.0000,1399.0001,1.3990
1,1206.4777,1195.4967,1195496.7001,7,1.0-1194073-1196775,492.0000,1.0000,0,43,True,1194073.0000,1196775.0000,1423.7001,1.4237
1,1206.6407,1195.6597,1195659.7001,7,1.0-1194073-1196775,492.0000,1.0000,0,43,True,1194073.0000,1196775.0000,1586.7001,1.5867
1,1206.7093,1195.7283,1195728.3001,7,1.0-1194073-1196775,492.0000,1.0000,0,43,True,1194073.0000,1196775.0000,1655.3001,1.6553
1,1206.7322,1195.7512,1195751.2001,7,1.0-1194073-1196775,492.0000,1.0000,0,43,True,1194073.0000,1196775.0000,1678.2001,1.6782
1,1206.8515,1195.8705,1195870.5001,7,1.0-1194073-1196775,492.0000,1.0000,0,43,True,1194073.0000,1196775.0000,1797.5001,1.7975
1,1206.8766,1195.8956,1195895.6001,7,1.0-1194073-1196775,492.0000,1.0000,0,43,True,1194073.0000,1196775.0000,1822.6001,1.8226
1,1207.2185,1196.2375,1196237.5001,7,1.0-1194073-1196775,492.0000,1.0000,0,43,True,1194073.0000,1196775.0000,2164.5001,2.1645
1,1207.2671,1196.2861,1196286.1001,7,1.0-1194073-1196775,492.0000,1.0000,0,43,True,1194073.0000,1196775.0000,2213.1001,2.2131
1,1207.2710,1196.2900,1196290.0001,7,1.0-1194073-1196775,492.0000,1.0000,0,43,True,1194073.0000,1196775.0000,2217.0001,2.2170
1,1207.4164,1196.4354,1196435.4001,7,1.0-1194073-1196775,492.0000,1.0000,0,43,True,1194073.0000,1196775.0000,2362.4001,2.3624
1,1207.4785,1196.4975,1196497.5001,7,1.0-1194073-1196775,492.0000,1.0000,0,43,True,1194073.0000,1196775.0000,2424.5001,2.4245
1,1207.5454,1196.5644,1196564.4001,7,1.0-1194073-1196775,492.0000,1.0000,0,43,True,1194073.0000,1196775.0000,2491.4001,2.4914
1,1207.7449,1196.7639,1196763.9001,7,1.0-1194073-1196775,492.0000,1.0000,0,43,True,1194073.0000,1196775.0000,2690.9001,2.6909
1,2176.7009,2165.7199,2165719.9001,8,1.0-2165533-2167535,898.0000,1.0000,1,7,True,2165533.0000,2167535.0000,186.9001,0.1869
1,2177.1237,2166.1427,2166142.7001,8,1.0-2165533-2167535,898.0000,1.0000,1,7,True,2165533.0000,2167535.0000,609.7001,0.6097
1,2177.6444,2166.6634,2166663.4001,8,1.0-2165533-2167535,898.0000,1.0000,1,7,True,2165533.0000,2167535.0000,1130.4001,1.1304
1,2178.1824,2167.2014,2167201.4001,8,1.0-2165533-2167535,898.0000,1.0000,1,7,True,2165533.0000,2167535.0000,1668.4001,1.6684
1,2178.3238,2167.3428,2167342.8001,8,1.0-2165533-2167535,898.0000,1.0000,1,7,True,2165533.0000,2167535.0000,1809.8001,1.8098
1,432.6817,421.7007,421700.7001,9,1.0-421669-424238,230.0000,1.0000,1,8,True,421669.0000,424238.0000,31.7001,0.0317
1,432.7350,421.7540,421754.0001,9,1.0-421669-424238,230.0000,1.0000,1,8,True,421669.0000,424238.0000,85.0001,0.0850
1,432.9690,421.9880,421988.0001,9,1.0-421669-424238,230.0000,1.0000,1,8,True,421669.0000,424238.0000,319.0001,0.3190
1,433.1299,422.1489,422148.9001,9,1.0-421669-424238,230.0000,1.0000,1,8,True,421669.0000,424238.0000,479.9001,0.4799
1,433.5443,422.5633,422563.3001,9,1.0-421669-424238,230.0000,1.0000,1,8,True,421669.0000,424238.0000,894.3001,0.8943
1,433.6827,422.7017,422701.7001,9,1.0-421669-424238,230.0000,1.0000,1,8,True,421669.0000,424238.0000,1032.7001,1.0327
1,433.6915,422.7105,422710.5001,9,1.0-421669-424238,230.0000,1.0000,1,8,True,421669.0000,424238.0000,1041.5001,1.0415
1,433.7316,422.7506,422750.6001,9,1.0-421669-424238,230.0000,1.0000,1,8,True,421669.0000,424238.0000,1081.6001,1.0816
1,433.7469,422.7659,422765.9001,9,1.0-421669-424238,230.0000,1.0000,1,8,True,421669.0000,424238.0000,1096.9001,1.0969
1,433.8619,422.8809,422880.9001,9,1.0-421669-424238,230.0000,1.0000,1,8,True,421669.0000,424238.0000,1211.9001,1.2119
1,434.1068,423.1258,423125.8001,9,1.0-421669-424238,230.0000,1.0000,1,8,True,421669.0000,424238.0000,1456.8001,1.4568
1,434.2855,423.3045,423304.5001,9,1.0-421669-424238,230.0000,1.0000,1,8,True,421669.0000,424238.0000,1635.5001,1.6355
1,434.3141,423.3331,423333.1001,9,1.0-421669-424238,230.0000,1.0000,1,8,True,421669.0000,424238.0000,1664.1001,1.6641
1,434.4118,423.4308,423430.8001,9,1.0-421669-424238,230.0000,1.0000,1,8,True,421669.0000,424238.0000,1761.8001,1.7618
1,434.4566,423.4756,423475.6001,9,1.0-421669-424238,230.0000,1.0000,1,8,True,421669.0000,424238.0000,1806.6001,1.8066
1,434.6252,423.6442,423644.2001,9,1.0-421669-424238,230.0000,1.0000,1,8,True,421669.0000,424238.0000,1975.2001,1.9752
1,434.9598,423.9788,423978.8001,9,1.0-421669-424238,230.0000,1.0000,1,8,True,421669.0000,424238.0000,2309.8001,2.3098
1,434.9629,423.9819,423981.9001,9,1.0-421669-424238,230.0000,1.0000,1,8,True,421669.0000,424238.0000,2312.9001,2.3129
1,435.0625,424.0815,424081.5001,9,1.0-421669-424238,230.0000,1.0000,1,8,True,421669.0000,424238.0000,2412.5001,2.4125
1,1168.3475,1157.3665,1157366.5001,10,1.0-1156870-1158939,477.0000,1.0000,0,44,True,1156870.0000,1158939.0000,496.5001,0.4965
1,1168.9814,1158.0004,1158000.4001,10,1.0-1156870-1158939,477.0000,1.0000,0,44,True,1156870.0000,1158939.0000,1130.4001,1.1304
1,1169.0433,1158.0623,1158062.3001,10,1.0-1156870-1158939,477.0000,1.0000,0,44,True,1156870.0000,1158939.0000,1192.3001,1.1923
1,1169.1998,1158.2188,1158218.8001,10,1.0-1156870-1158939,477.0000,1.0000,0,44,True,1156870.0000,1158939.0000,1348.8001,1.3488
1,1169.3196,1158.3386,1158338.6001,10,1.0-1156870-1158939,477.0000,1.0000,0,44,True,1156870.0000,1158939.0000,1468.6001,1.4686
1,1169.4510,1158.4700,1158470.0001,10,1.0-1156870-1158939,477.0000,1.0000,0,44,True,1156870.0000,1158939.0000,1600.0001,1.6000
1,1169.6070,1158.6260,1158626.0001,10,1.0-1156870-1158939,477.0000,1.0000,0,44,True,1156870.0000,1158939.0000,1756.0001,1.7560
1,2360.3032,2349.3222,2349322.2001,11,1.0-2349242-2350376,964.0000,1.0000,0,45,True,2349242.0000,2350376.0000,80.2001,0.0802
1,2360.3816,2349.4006,2349400.6001,11,1.0-2349242-2350376,964.0000,1.0000,0,45,True,2349242.0000,2350376.0000,158.6001,0.1586
1,2360.5371,2349.5561,2349556.1001,11,1.0-2349242-2350376,964.0000,1.0000,0,45,True,2349242.0000,2350376.0000,314.1001,0.3141
1,2360.6850,2349.7040,2349704.0001,11,1.0-2349242-2350376,964.0000,1.0000,0,45,True,2349242.0000,2350376.0000,462.0001,0.4620
1,2360.7449,2349.7639,2349763.9001,11,1.0-2349242-2350376,964.0000,1.0000,0,45,True,2349242.0000,2350376.0000,521.9001,0.5219
1,2360.7922,2349.8112,2349811.2001,11,1.0-2349242-2350376,964.0000,1.0000,0,45,True,2349242.0000,2350376.0000,569.2001,0.5692
1,2360.9430,2349.9620,2349962.0001,11,1.0-2349242-2350376,964.0000,1.0000,0,45,True,2349242.0000,2350376.0000,720.0001,0.7200
1,2361.0892,2350.1082,2350108.2001,11,1.0-2349242-2350376,964.0000,1.0000,0,45,True,2349242.0000,2350376.0000,866.2001,0.8662
1,2361.2397,2350.2587,2350258.7001,11,1.0-2349242-2350376,964.0000,1.0000,0,45,True,2349242.0000,2350376.0000,1016.7001,1.0167
1,1511.8833,1500.9023,1500902.3001,12,1.0-1500398-1502867,600.0000,1.0000,0,46,True,1500398.0000,1502867.0000,504.3001,0.5043
1,1511.9021,1500.9211,1500921.1001,12,1.0-1500398-1502867,600.0000,1.0000,0,46,True,1500398.0000,1502867.0000,523.1001,0.5231
1,1512.5832,1501.6022,1501602.2001,12,1.0-1500398-1502867,600.0000,1.0000,0,46,True,1500398.0000,1502867.0000,1204.2001,1.2042
1,1512.8042,1501.8232,1501823.2001,12,1.0-1500398-1502867,600.0000,1.0000,0,46,True,1500398.0000,1502867.0000,1425.2001,1.4252
1,1513.1701,1502.1891,1502189.1001,12,1.0-1500398-1502867,600.0000,1.0000,0,46,True,1500398.0000,1502867.0000,1791.1001,1.7911
1,1513.2664,1502.2854,1502285.4001,12,1.0-1500398-1502867,600.0000,1.0000,0,46,True,1500398.0000,1502867.0000,1887.4001,1.8874
1,1513.3564,1502.3754,1502375.4001,12,1.0-1500398-1502867,600.0000,1.0000,0,46,True,1500398.0000,1502867.0000,1977.4001,1.9774
1,1513.3781,1502.3971,1502397.1001,12,1.0-1500398-1502867,600.0000,1.0000,0,46,True,1500398.0000,1502867.0000,1999.1001,1.9991
1,1513.4012,1502.4202,1502420.2001,12,1.0-1500398-1502867,600.0000,1.0000,0,46,True,1500398.0000,1502867.0000,2022.2001,2.0222
1,1513.5848,1502.6038,1502603.8001,12,1.0-1500398-1502867,600.0000,1.0000,0,46,True,1500398.0000,1502867.0000,2205.8001,2.2058
1,1513.6139,1502.6329,1502632.9001,12,1.0-1500398-1502867,600.0000,1.0000,0,46,True,1500398.0000,1502867.0000,2234.9001,2.2349
1,1513.6922,1502.7112,1502711.2001,12,1.0-1500398-1502867,600.0000,1.0000,0,46,True,1500398.0000,1502867.0000,2313.2001,2.3132
1,1513.7850,1502.8040,1502804.0001,12,1.0-1500398-1502867,600.0000,1.0000,0,46,True,1500398.0000,1502867.0000,2406.0001,2.4060
1,2068.6202,2057.6392,2057639.2001,13,1.0-2057597-2059665,857.0000,1.0000,0,47,True,2057597.0000,2059665.0000,42.2001,0.0422
1,2068.6377,2057.6567,2057656.7001,13,1.0-2057597-2059665,857.0000,1.0000,0,47,True,2057597.0000,2059665.0000,59.7001,0.0597
1,2068.9374,2057.9564,2057956.4001,13,1.0-2057597-2059665,857.0000,1.0000,0,47,True,2057597.0000,2059665.0000,359.4001,0.3594
1,2069.1896,2058.2086,2058208.6001,13,1.0-2057597-2059665,857.0000,1.0000,0,47,True,2057597.0000,2059665.0000,611.6001,0.6116
1,2069.1961,2058.2151,2058215.1001,13,1.0-2057597-2059665,857.0000,1.0000,0,47,True,2057597.0000,2059665.0000,618.1001,0.6181
1,2069.3720,2058.3910,2058391.0001,13,1.0-2057597-2059665,857.0000,1.0000,0,47,True,2057597.0000,2059665.0000,794.0001,0.7940
1,2069.5112,2058.5302,2058530.2001,13,1.0-2057597-2059665,857.0000,1.0000,0,47,True,2057597.0000,2059665.0000,933.2001,0.9332
1,2069.5147,2058.5337,2058533.7001,13,1.0-2057597-2059665,857.0000,1.0000,0,47,True,2057597.0000,2059665.0000,936.7001,0.9367
1,2069.5694,2058.5884,2058588.4001,13,1.0-2057597-2059665,857.0000,1.0000,0,47,True,2057597.0000,2059665.0000,991.4001,0.9914
1,2069.5834,2058.6024,2058602.4001,13,1.0-2057597-2059665,857.0000,1.0000,0,47,True,2057597.0000,2059665.0000,1005.4001,1.0054
1,2069.8586,2058.8776,2058877.6001,13,1.0-2057597-2059665,857.0000,1.0000,0,47,True,2057597.0000,2059665.0000,1280.6001,1.2806
1,2069.8782,2058.8972,2058897.2001,13,1.0-2057597-2059665,857.0000,1.0000,0,47,True,2057597.0000,2059665.0000,1300.2001,1.3002
1,2069.9391,2058.9581,2058958.1001,13,1.0-2057597-2059665,857.0000,1.0000,0,47,True,2057597.0000,2059665.0000,1361.1001,1.3611
1,2070.2289,2059.2479,2059247.9001,13,1.0-2057597-2059665,857.0000,1.0000,0,47,True,2057597.0000,2059665.0000,1650.9001,1.6509
1,2070.3384,2059.3574,2059357.4001,13,1.0-2057597-2059665,857.0000,1.0000,0,47,True,2057597.0000,2059665.0000,1760.4001,1.7604
1,2070.3672,2059.3862,2059386.2001,13,1.0-2057597-2059665,857.0000,1.0000,0,47,True,2057597.0000,2059665.0000,1789.2001,1.7892
1,2070.6309,2059.6499,2059649.9001,13,1.0-2057597-2059665,857.0000,1.0000,0,47,True,2057597.0000,2059665.0000,2052.9001,2.0529
1,1328.5368,1317.5558,1317555.8001,14,1.0-1317090-1320093,535.0000,1.0000,0,48,True,1317090.0000,1320093.0000,465.8001,0.4658
1,1328.5949,1317.6139,1317613.9001,14,1.0-1317090-1320093,535.0000,1.0000,0,48,True,1317090.0000,1320093.0000,523.9001,0.5239
1,1328.7422,1317.7612,1317761.2001,14,1.0-1317090-1320093,535.0000,1.0000,0,48,True,1317090.0000,1320093.0000,671.2001,0.6712
1,1328.7838,1317.8028,1317802.8001,14,1.0-1317090-1320093,535.0000,1.0000,0,48,True,1317090.0000,1320093.0000,712.8001,0.7128
1,1329.0526,1318.0716,1318071.6001,14,1.0-1317090-1320093,535.0000,1.0000,0,48,True,1317090.0000,1320093.0000,981.6001,0.9816
1,1329.1462,1318.1652,1318165.2001,14,1.0-1317090-1320093,535.0000,1.0000,0,48,True,1317090.0000,1320093.0000,1075.2001,1.0752
1,1329.6392,1318.6582,1318658.2001,14,1.0-1317090-1320093,535.0000,1.0000,0,48,True,1317090.0000,1320093.0000,1568.2001,1.5682
1,1329.6642,1318.6832,1318683.2001,14,1.0-1317090-1320093,535.0000,1.0000,0,48,True,1317090.0000,1320093.0000,1593.2001,1.5932
1,1329.7065,1318.7255,1318725.5001,14,1.0-1317090-1320093,535.0000,1.0000,0,48,True,1317090.0000,1320093.0000,1635.5001,1.6355
1,1329.8175,1318.8365,1318836.5001,14,1.0-1317090-1320093,535.0000,1.0000,0,48,True,1317090.0000,1320093.0000,1746.5001,1.7465
1,1329.9848,1319.0038,1319003.8001,14,1.0-1317090-1320093,535.0000,1.0000,0,48,True,1317090.0000,1320093.0000,1913.8001,1.9138
1,1330.0486,1319.0676,1319067.6001,14,1.0-1317090-1320093,535.0000,1.0000,0,48,True,1317090.0000,1320093.0000,1977.6001,1.9776
1,1330.0527,1319.0717,1319071.7001,14,1.0-1317090-1320093,535.0000,1.0000,0,48,True,1317090.0000,1320093.0000,1981.7001,1.9817
1,1330.0602,1319.0792,1319079.2001,14,1.0-1317090-1320093,535.0000,1.0000,0,48,True,1317090.0000,1320093.0000,1989.2001,1.9892
1,1330.3148,1319.3338,1319333.8001,14,1.0-1317090-1320093,535.0000,1.0000,0,48,True,1317090.0000,1320093.0000,2243.8001,2.2438
1,1330.5156,1319.5346,1319534.6001,14,1.0-1317090-1320093,535.0000,1.0000,0,48,True,1317090.0000,1320093.0000,2444.6001,2.4446
1,1330.5181,1319.5371,1319537.1001,14,1.0-1317090-1320093,535.0000,1.0000,0,48,True,1317090.0000,1320093.0000,2447.1001,2.4471
1,1330.5268,1319.5458,1319545.8001,14,1.0-1317090-1320093,535.0000,1.0000,0,48,True,1317090.0000,1320093.0000,2455.8001,2.4558
1,1330.6551,1319.6741,1319674.1001,14,1.0-1317090-1320093,535.0000,1.0000,0,48,True,1317090.0000,1320093.0000,2584.1001,2.5841
1,1330.9327,1319.9517,1319951.7001,14,1.0-1317090-1320093,535.0000,1.0000,0,48,True,1317090.0000,1320093.0000,2861.7001,2.8617
1,920.2942,909.3132,909313.2001,15,1.0-909167-910669,394.0000,1.0000,0,49,True,909167.0000,910669.0000,146.2001,0.1462
1,920.4511,909.4701,909470.1001,15,1.0-909167-910669,394.0000,1.0000,0,49,True,909167.0000,910669.0000,303.1001,0.3031
1,920.5095,909.5285,909528.5001,15,1.0-909167-910669,394.0000,1.0000,0,49,True,909167.0000,910669.0000,361.5001,0.3615
1,920.6213,909.6403,909640.3001,15,1.0-909167-910669,394.0000,1.0000,0,49,True,909167.0000,910669.0000,473.3001,0.4733
1,920.6263,909.6453,909645.3001,15,1.0-909167-910669,394.0000,1.0000,0,49,True,909167.0000,910669.0000,478.3001,0.4783
1,921.5976,910.6166,910616.6001,15,1.0-909167-910669,394.0000,1.0000,0,49,True,909167.0000,910669.0000,1449.6001,1.4496
1,2429.6262,2418.6452,2418645.2001,16,1.0-2418474-2421477,995.0000,1.0000,0,50,True,2418474.0000,2421477.0000,171.2001,0.1712
1,2429.7690,2418.7880,2418788.0001,16,1.0-2418474-2421477,995.0000,1.0000,0,50,True,2418474.0000,2421477.0000,314.0001,0.3140
1,2430.0358,2419.0548,2419054.8001,16,1.0-2418474-2421477,995.0000,1.0000,0,50,True,2418474.0000,2421477.0000,580.8001,0.5808
1,2430.1519,2419.1709,2419170.9001,16,1.0-2418474-2421477,995.0000,1.0000,0,50,True,2418474.0000,2421477.0000,696.9001,0.6969
1,2430.4188,2419.4378,2419437.8001,16,1.0-2418474-2421477,995.0000,1.0000,0,50,True,2418474.0000,2421477.0000,963.8001,0.9638
1,2430.7003,2419.7193,2419719.3001,16,1.0-2418474-2421477,995.0000,1.0000,0,50,True,2418474.0000,2421477.0000,1245.3001,1.2453
1,2430.7619,2419.7809,2419780.9001,16,1.0-2418474-2421477,995.0000,1.0000,0,50,True,2418474.0000,2421477.0000,1306.9001,1.3069
1,2430.8411,2419.8601,2419860.1001,16,1.0-2418474-2421477,995.0000,1.0000,0,50,True,2418474.0000,2421477.0000,1386.1001,1.3861
1,2430.8446,2419.8636,2419863.6001,16,1.0-2418474-2421477,995.0000,1.0000,0,50,True,2418474.0000,2421477.0000,1389.6001,1.3896
1,2431.0105,2420.0295,2420029.5001,16,1.0-2418474-2421477,995.0000,1.0000,0,50,True,2418474.0000,2421477.0000,1555.5001,1.5555
1,2431.1371,2420.1561,2420156.1001,16,1.0-2418474-2421477,995.0000,1.0000,0,50,True,2418474.0000,2421477.0000,1682.1001,1.6821
1,2431.1756,2420.1946,2420194.6001,16,1.0-2418474-2421477,995.0000,1.0000,0,50,True,2418474.0000,2421477.0000,1720.6001,1.7206
1,2431.3772,2420.3962,2420396.2001,16,1.0-2418474-2421477,995.0000,1.0000,0,50,True,2418474.0000,2421477.0000,1922.2001,1.9222
1,2431.4267,2420.4457,2420445.7001,16,1.0-2418474-2421477,995.0000,1.0000,0,50,True,2418474.0000,2421477.0000,1971.7001,1.9717
1,2431.4506,2420.4696,2420469.6001,16,1.0-2418474-2421477,995.0000,1.0000,0,50,True,2418474.0000,2421477.0000,1995.6001,1.9956
1,2431.5240,2420.5430,2420543.0001,16,1.0-2418474-2421477,995.0000,1.0000,0,50,True,2418474.0000,2421477.0000,2069.0001,2.0690
1,2431.8515,2420.8705,2420870.5001,16,1.0-2418474-2421477,995.0000,1.0000,0,50,True,2418474.0000,2421477.0000,2396.5001,2.3965
1,2431.9290,2420.9480,2420948.0001,16,1.0-2418474-2421477,995.0000,1.0000,0,50,True,2418474.0000,2421477.0000,2474.0001,2.4740
1,2431.9928,2421.0118,2421011.8001,16,1.0-2418474-2421477,995.0000,1.0000,0,50,True,2418474.0000,2421477.0000,2537.8001,2.5378
1,2432.0378,2421.0568,2421056.8001,16,1.0-2418474-2421477,995.0000,1.0000,0,50,True,2418474.0000,2421477.0000,2582.8001,2.5828
1,852.9991,842.0181,842018.1001,17,1.0-841770-843738,368.0000,1.0000,1,9,True,841770.0000,843738.0000,248.1001,0.2481
1,853.1788,842.1978,842197.8001,17,1.0-841770-843738,368.0000,1.0000,1,9,True,841770.0000,843738.0000,427.8001,0.4278
1,853.2283,842.2473,842247.3001,17,1.0-841770-843738,368.0000,1.0000,1,9,True,841770.0000,843738.0000,477.3001,0.4773
1,853.2876,842.3066,842306.6001,17,1.0-841770-843738,368.0000,1.0000,1,9,True,841770.0000,843738.0000,536.6001,0.5366
1,853.2991,842.3181,842318.1001,17,1.0-841770-843738,368.0000,1.0000,1,9,True,841770.0000,843738.0000,548.1001,0.5481
1,853.3513,842.3703,842370.3001,17,1.0-841770-843738,368.0000,1.0000,1,9,True,841770.0000,843738.0000,600.3001,0.6003
1,853.4354,842.4544,842454.4001,17,1.0-841770-843738,368.0000,1.0000,1,9,True,841770.0000,843738.0000,684.4001,0.6844
1,853.4861,842.5051,842505.1001,17,1.0-841770-843738,368.0000,1.0000,1,9,True,841770.0000,843738.0000,735.1001,0.7351
1,853.7913,842.8103,842810.3001,17,1.0-841770-843738,368.0000,1.0000,1,9,True,841770.0000,843738.0000,1040.3001,1.0403
1,854.0880,843.1070,843107.0001,17,1.0-841770-843738,368.0000,1.0000,1,9,True,841770.0000,843738.0000,1337.0001,1.3370
1,854.1089,843.1279,843127.9001,17,1.0-841770-843738,368.0000,1.0000,1,9,True,841770.0000,843738.0000,1357.9001,1.3579
1,854.4468,843.4658,843465.8001,17,1.0-841770-843738,368.0000,1.0000,1,9,True,841770.0000,843738.0000,1695.8001,1.6958
1,854.5747,843.5937,843593.7001,17,1.0-841770-843738,368.0000,1.0000,1,9,True,841770.0000,843738.0000,1823.7001,1.8237
1,379.9143,368.9333,368933.3001,18,1.0-368919-370487,205.0000,1.0000,1,10,True,368919.0000,370487.0000,14.3001,0.0143
1,379.9703,368.9893,368989.3001,18,1.0-368919-370487,205.0000,1.0000,1,10,True,368919.0000,370487.0000,70.3001,0.0703
1,380.2777,369.2967,369296.7001,18,1.0-368919-370487,205.0000,1.0000,1,10,True,368919.0000,370487.0000,377.7001,0.3777
1,380.4874,369.5064,369506.4001,18,1.0-368919-370487,205.0000,1.0000,1,10,True,368919.0000,370487.0000,587.4001,0.5874
1,380.9249,369.9439,369943.9001,18,1.0-368919-370487,205.0000,1.0000,1,10,True,368919.0000,370487.0000,1024.9001,1.0249
1,380.9726,369.9916,369991.6001,18,1.0-368919-370487,205.0000,1.0000,1,10,True,368919.0000,370487.0000,1072.6001,1.0726
1,380.9829,370.0019,370001.9001,18,1.0-368919-370487,205.0000,1.0000,1,10,True,368919.0000,370487.0000,1082.9001,1.0829
1,381.1201,370.1391,370139.1001,18,1.0-368919-370487,205.0000,1.0000,1,10,True,368919.0000,370487.0000,1220.1001,1.2201
1,2421.2755,2410.2945,2410294.5001,19,1.0-2410233-2411401,990.0000,1.0000,0,51,True,2410233.0000,2411401.0000,61.5001,0.0615
1,2421.3861,2410.4051,2410405.1001,19,1.0-2410233-2411401,990.0000,1.0000,0,51,True,2410233.0000,2411401.0000,172.1001,0.1721
1,2421.4117,2410.4307,2410430.7001,19,1.0-2410233-2411401,990.0000,1.0000,0,51,True,2410233.0000,2411401.0000,197.7001,0.1977
1,2421.5760,2410.5950,2410595.0001,19,1.0-2410233-2411401,990.0000,1.0000,0,51,True,2410233.0000,2411401.0000,362.0001,0.3620
1,2421.6519,2410.6709,2410670.9001,19,1.0-2410233-2411401,990.0000,1.0000,0,51,True,2410233.0000,2411401.0000,437.9001,0.4379
1,2422.0207,2411.0397,2411039.7001,19,1.0-2410233-2411401,990.0000,1.0000,0,51,True,2410233.0000,2411401.0000,806.7001,0.8067
1,2422.0476,2411.0666,2411066.6001,19,1.0-2410233-2411401,990.0000,1.0000,0,51,True,2410233.0000,2411401.0000,833.6001,0.8336
1,2422.1826,2411.2016,2411201.6001,19,1.0-2410233-2411401,990.0000,1.0000,0,51,True,2410233.0000,2411401.0000,968.6001,0.9686
1,2422.3031,2411.3221,2411322.1001,19,1.0-2410233-2411401,990.0000,1.0000,0,51,True,2410233.0000,2411401.0000,1089.1001,1.0891
1,2016.6890,2005.7080,2005708.0001,20,1.0-2005413-2006815,833.0000,1.0000,1,11,True,2005413.0000,2006815.0000,295.0001,0.2950
1,2016.8070,2005.8260,2005826.0001,20,1.0-2005413-2006815,833.0000,1.0000,1,11,True,2005413.0000,2006815.0000,413.0001,0.4130
1,2016.9398,2005.9588,2005958.8001,20,1.0-2005413-2006815,833.0000,1.0000,1,11,True,2005413.0000,2006815.0000,545.8001,0.5458
1,2017.1567,2006.1757,2006175.7001,20,1.0-2005413-2006815,833.0000,1.0000,1,11,True,2005413.0000,2006815.0000,762.7001,0.7627
1,2017.2061,2006.2251,2006225.1001,20,1.0-2005413-2006815,833.0000,1.0000,1,11,True,2005413.0000,2006815.0000,812.1001,0.8121
1,2017.2540,2006.2730,2006273.0001,20,1.0-2005413-2006815,833.0000,1.0000,1,11,True,2005413.0000,2006815.0000,860.0001,0.8600
1,2017.5105,2006.5295,2006529.5001,20,1.0-2005413-2006815,833.0000,1.0000,1,11,True,2005413.0000,2006815.0000,1116.5001,1.1165
1,2017.5442,2006.5632,2006563.2001,20,1.0-2005413-2006815,833.0000,1.0000,1,11,True,2005413.0000,2006815.0000,1150.2001,1.1502
1,2017.5474,2006.5664,2006566.4001,20,1.0-2005413-2006815,833.0000,1.0000,1,11,True,2005413.0000,2006815.0000,1153.4001,1.1534
1,2101.0571,2090.0761,2090076.1001,21,1.0-2090028-2091129,872.0000,1.0000,0,52,True,2090028.0000,2091129.0000,48.1001,0.0481
1,2101.1998,2090.2188,2090218.8001,21,1.0-2090028-2091129,872.0000,1.0000,0,52,True,2090028.0000,2091129.0000,190.8001,0.1908
1,2101.7243,2090.7433,2090743.3001,21,1.0-2090028-2091129,872.0000,1.0000,0,52,True,2090028.0000,2091129.0000,715.3001,0.7153
1,2102.0012,2091.0202,2091020.2001,21,1.0-2090028-2091129,872.0000,1.0000,0,52,True,2090028.0000,2091129.0000,992.2001,0.9922
1,2102.0176,2091.0366,2091036.6001,21,1.0-2090028-2091129,872.0000,1.0000,0,52,True,2090028.0000,2091129.0000,1008.6001,1.0086
1,2102.0347,2091.0537,2091053.7001,21,1.0-2090028-2091129,872.0000,1.0000,0,52,True,2090028.0000,2091129.0000,1025.7001,1.0257
1,2102.0502,2091.0692,2091069.2001,21,1.0-2090028-2091129,872.0000,1.0000,0,52,True,2090028.0000,2091129.0000,1041.2001,1.0412
1,2047.8557,2036.8747,2036874.7001,22,1.0-2036710-2039446,848.0000,1.0000,0,53,True,2036710.0000,2039446.0000,164.7001,0.1647
1,2047.9503,2036.9693,2036969.3001,22,1.0-2036710-2039446,848.0000,1.0000,0,53,True,2036710.0000,2039446.0000,259.3001,0.2593
1,2048.0233,2037.0423,2037042.3001,22,1.0-2036710-2039446,848.0000,1.0000,0,53,True,2036710.0000,2039446.0000,332.3001,0.3323
1,2048.2543,2037.2733,2037273.3001,22,1.0-2036710-2039446,848.0000,1.0000,0,53,True,2036710.0000,2039446.0000,563.3001,0.5633
1,2048.4814,2037.5004,2037500.4001,22,1.0-2036710-2039446,848.0000,1.0000,0,53,True,2036710.0000,2039446.0000,790.4001,0.7904
1,2048.9420,2037.9610,2037961.0001,22,1.0-2036710-2039446,848.0000,1.0000,0,53,True,2036710.0000,2039446.0000,1251.0001,1.2510
1,2049.1346,2038.1536,2038153.6001,22,1.0-2036710-2039446,848.0000,1.0000,0,53,True,2036710.0000,2039446.0000,1443.6001,1.4436
1,2049.3948,2038.4138,2038413.8001,22,1.0-2036710-2039446,848.0000,1.0000,0,53,True,2036710.0000,2039446.0000,1703.8001,1.7038
1,2049.6119,2038.6309,2038630.9001,22,1.0-2036710-2039446,848.0000,1.0000,0,53,True,2036710.0000,2039446.0000,1920.9001,1.9209
1,2049.6533,2038.6723,2038672.3001,22,1.0-2036710-2039446,848.0000,1.0000,0,53,True,2036710.0000,2039446.0000,1962.3001,1.9623
1,2049.8884,2038.9074,2038907.4001,22,1.0-2036710-2039446,848.0000,1.0000,0,53,True,2036710.0000,2039446.0000,2197.4001,2.1974
1,2049.9206,2038.9396,2038939.6001,22,1.0-2036710-2039446,848.0000,1.0000,0,53,True,2036710.0000,2039446.0000,2229.6001,2.2296
1,2050.0356,2039.0546,2039054.6001,22,1.0-2036710-2039446,848.0000,1.0000,0,53,True,2036710.0000,2039446.0000,2344.6001,2.3446
1,2050.1740,2039.1930,2039193.0001,22,1.0-2036710-2039446,848.0000,1.0000,0,53,True,2036710.0000,2039446.0000,2483.0001,2.4830
1,904.8559,893.8749,893874.9001,23,1.0-893819-895655,387.0000,1.0000,0,54,True,893819.0000,895655.0000,55.9001,0.0559
1,905.0144,894.0334,894033.4001,23,1.0-893819-895655,387.0000,1.0000,0,54,True,893819.0000,895655.0000,214.4001,0.2144
1,905.0788,894.0978,894097.8001,23,1.0-893819-895655,387.0000,1.0000,0,54,True,893819.0000,895655.0000,278.8001,0.2788
1,905.1044,894.1234,894123.4001,23,1.0-893819-895655,387.0000,1.0000,0,54,True,893819.0000,895655.0000,304.4001,0.3044
1,905.4879,894.5069,894506.9001,23,1.0-893819-895655,387.0000,1.0000,0,54,True,893819.0000,895655.0000,687.9001,0.6879
1,905.5630,894.5820,894582.0001,23,1.0-893819-895655,387.0000,1.0000,0,54,True,893819.0000,895655.0000,763.0001,0.7630
1,905.5758,894.5948,894594.8001,23,1.0-893819-895655,387.0000,1.0000,0,54,True,893819.0000,895655.0000,775.8001,0.7758
1,905.6748,894.6938,894693.8001,23,1.0-893819-895655,387.0000,1.0000,0,54,True,893819.0000,895655.0000,874.8001,0.8748
1,905.6985,894.7175,894717.5001,23,1.0-893819-895655,387.0000,1.0000,0,54,True,893819.0000,895655.0000,898.5001,0.8985
1,905.8408,894.8598,894859.8001,23,1.0-893819-895655,387.0000,1.0000,0,54,True,893819.0000,895655.0000,1040.8001,1.0408
1,905.8857,894.9047,894904.7001,23,1.0-893819-895655,387.0000,1.0000,0,54,True,893819.0000,895655.0000,1085.7001,1.0857
1,905.9357,894.9547,894954.7001,23,1.0-893819-895655,387.0000,1.0000,0,54,True,893819.0000,895655.0000,1135.7001,1.1357
1,906.0809,895.0999,895099.9001,23,1.0-893819-895655,387.0000,1.0000,0,54,True,893819.0000,895655.0000,1280.9001,1.2809
1,906.1254,895.1444,895144.4001,23,1.0-893819-895655,387.0000,1.0000,0,54,True,893819.0000,895655.0000,1325.4001,1.3254
1,906.2778,895.2968,895296.8001,23,1.0-893819-895655,387.0000,1.0000,0,54,True,893819.0000,895655.0000,1477.8001,1.4778
1,906.4961,895.5151,895515.1001,23,1.0-893819-895655,387.0000,1.0000,0,54,True,893819.0000,895655.0000,1696.1001,1.6961
1,627.4245,616.4435,616443.5001,25,1.0-616388-619391,300.0000,1.0000,1,13,True,616388.0000,619391.0000,55.5001,0.0555
1,627.5535,616.5725,616572.5001,25,1.0-616388-619391,300.0000,1.0000,1,13,True,616388.0000,619391.0000,184.5001,0.1845
1,627.6108,616.6298,616629.8001,25,1.0-616388-619391,300.0000,1.0000,1,13,True,616388.0000,619391.0000,241.8001,0.2418
1,627.6712,616.6902,616690.2001,25,1.0-616388-619391,300.0000,1.0000,1,13,True,616388.0000,619391.0000,302.2001,0.3022
1,627.7133,616.7323,616732.3001,25,1.0-616388-619391,300.0000,1.0000,1,13,True,616388.0000,619391.0000,344.3001,0.3443
1,627.7727,616.7917,616791.7001,25,1.0-616388-619391,300.0000,1.0000,1,13,True,616388.0000,619391.0000,403.7001,0.4037
1,627.9044,616.9234,616923.4001,25,1.0-616388-619391,300.0000,1.0000,1,13,True,616388.0000,619391.0000,535.4001,0.5354
1,628.2867,617.3057,617305.7001,25,1.0-616388-619391,300.0000,1.0000,1,13,True,616388.0000,619391.0000,917.7001,0.9177
1,628.6275,617.6465,617646.5001,25,1.0-616388-619391,300.0000,1.0000,1,13,True,616388.0000,619391.0000,1258.5001,1.2585
1,628.7208,617.7398,617739.8001,25,1.0-616388-619391,300.0000,1.0000,1,13,True,616388.0000,619391.0000,1351.8001,1.3518
1,628.8085,617.8275,617827.5001,25,1.0-616388-619391,300.0000,1.0000,1,13,True,616388.0000,619391.0000,1439.5001,1.4395
1,628.8313,617.8503,617850.3001,25,1.0-616388-619391,300.0000,1.0000,1,13,True,616388.0000,619391.0000,1462.3001,1.4623
1,628.9188,617.9378,617937.8001,25,1.0-616388-619391,300.0000,1.0000,1,13,True,616388.0000,619391.0000,1549.8001,1.5498
1,628.9999,618.0189,618018.9001,25,1.0-616388-619391,300.0000,1.0000,1,13,True,616388.0000,619391.0000,1630.9001,1.6309
1,629.0744,618.0934,618093.4001,25,1.0-616388-619391,300.0000,1.0000,1,13,True,616388.0000,619391.0000,1705.4001,1.7054
1,629.1841,618.2031,618203.1001,25,1.0-616388-619391,300.0000,1.0000,1,13,True,616388.0000,619391.0000,1815.1001,1.8151
1,629.4801,618.4991,618499.1001,25,1.0-616388-619391,300.0000,1.0000,1,13,True,616388.0000,619391.0000,2111.1001,2.1111
1,629.5252,618.5442,618544.2001,25,1.0-616388-619391,300.0000,1.0000,1,13,True,616388.0000,619391.0000,2156.2001,2.1562
1,629.5504,618.5694,618569.4001,25,1.0-616388-619391,300.0000,1.0000,1,13,True,616388.0000,619391.0000,2181.4001,2.1814
1,629.6226,618.6416,618641.6001,25,1.0-616388-619391,300.0000,1.0000,1,13,True,616388.0000,619391.0000,2253.6001,2.2536
1,629.8977,618.9167,618916.7001,25,1.0-616388-619391,300.0000,1.0000,1,13,True,616388.0000,619391.0000,2528.7001,2.5287
1,630.2196,619.2386,619238.6001,25,1.0-616388-619391,300.0000,1.0000,1,13,True,616388.0000,619391.0000,2850.6001,2.8506
1,630.2361,619.2551,619255.1001,25,1.0-616388-619391,300.0000,1.0000,1,13,True,616388.0000,619391.0000,2867.1001,2.8671
1,630.2536,619.2726,619272.6001,25,1.0-616388-619391,300.0000,1.0000,1,13,True,616388.0000,619391.0000,2884.6001,2.8846
1,1091.7485,1080.7675,1080767.5001,26,1.0-1080664-1082666,458.0000,1.0000,1,14,True,1080664.0000,1082666.0000,103.5001,0.1035
1,1091.8130,1080.8320,1080832.0001,26,1.0-1080664-1082666,458.0000,1.0000,1,14,True,1080664.0000,1082666.0000,168.0001,0.1680
1,1092.0593,1081.0783,1081078.3001,26,1.0-1080664-1082666,458.0000,1.0000,1,14,True,1080664.0000,1082666.0000,414.3001,0.4143
1,1092.1375,1081.1565,1081156.5001,26,1.0-1080664-1082666,458.0000,1.0000,1,14,True,1080664.0000,1082666.0000,492.5001,0.4925
1,1092.1809,1081.1999,1081199.9001,26,1.0-1080664-1082666,458.0000,1.0000,1,14,True,1080664.0000,1082666.0000,535.9001,0.5359
1,1092.3445,1081.3635,1081363.5001,26,1.0-1080664-1082666,458.0000,1.0000,1,14,True,1080664.0000,1082666.0000,699.5001,0.6995
1,1092.4345,1081.4535,1081453.5001,26,1.0-1080664-1082666,458.0000,1.0000,1,14,True,1080664.0000,1082666.0000,789.5001,0.7895
1,1092.5002,1081.5192,1081519.2001,26,1.0-1080664-1082666,458.0000,1.0000,1,14,True,1080664.0000,1082666.0000,855.2001,0.8552
1,1092.6881,1081.7071,1081707.1001,26,1.0-1080664-1082666,458.0000,1.0000,1,14,True,1080664.0000,1082666.0000,1043.1001,1.0431
1,1092.7177,1081.7367,1081736.7001,26,1.0-1080664-1082666,458.0000,1.0000,1,14,True,1080664.0000,1082666.0000,1072.7001,1.0727
1,1092.8287,1081.8477,1081847.7001,26,1.0-1080664-1082666,458.0000,1.0000,1,14,True,1080664.0000,1082666.0000,1183.7001,1.1837
1,1092.8393,1081.8583,1081858.3001,26,1.0-1080664-1082666,458.0000,1.0000,1,14,True,1080664.0000,1082666.0000,1194.3001,1.1943
1,1092.9473,1081.9663,1081966.3001,26,1.0-1080664-1082666,458.0000,1.0000,1,14,True,1080664.0000,1082666.0000,1302.3001,1.3023
1,1093.0967,1082.1157,1082115.7001,26,1.0-1080664-1082666,458.0000,1.0000,1,14,True,1080664.0000,1082666.0000,1451.7001,1.4517
1,1093.1009,1082.1199,1082119.9001,26,1.0-1080664-1082666,458.0000,1.0000,1,14,True,1080664.0000,1082666.0000,1455.9001,1.4559
1,1093.1273,1082.1463,1082146.3001,26,1.0-1080664-1082666,458.0000,1.0000,1,14,True,1080664.0000,1082666.0000,1482.3001,1.4823
1,1093.1301,1082.1491,1082149.1001,26,1.0-1080664-1082666,458.0000,1.0000,1,14,True,1080664.0000,1082666.0000,1485.1001,1.4851
1,1093.1337,1082.1527,1082152.7001,26,1.0-1080664-1082666,458.0000,1.0000,1,14,True,1080664.0000,1082666.0000,1488.7001,1.4887
1,1093.1367,1082.1557,1082155.7001,26,1.0-1080664-1082666,458.0000,1.0000,1,14,True,1080664.0000,1082666.0000,1491.7001,1.4917
1,1093.1566,1082.1756,1082175.6001,26,1.0-1080664-1082666,458.0000,1.0000,1,14,True,1080664.0000,1082666.0000,1511.6001,1.5116
1,1093.3575,1082.3765,1082376.5001,26,1.0-1080664-1082666,458.0000,1.0000,1,14,True,1080664.0000,1082666.0000,1712.5001,1.7125
1,1093.3619,1082.3809,1082380.9001,26,1.0-1080664-1082666,458.0000,1.0000,1,14,True,1080664.0000,1082666.0000,1716.9001,1.7169
1,1093.3890,1082.4080,1082408.0001,26,1.0-1080664-1082666,458.0000,1.0000,1,14,True,1080664.0000,1082666.0000,1744.0001,1.7440
1,1093.4027,1082.4217,1082421.7001,26,1.0-1080664-1082666,458.0000,1.0000,1,14,True,1080664.0000,1082666.0000,1757.7001,1.7577
1,1093.5681,1082.5871,1082587.1001,26,1.0-1080664-1082666,458.0000,1.0000,1,14,True,1080664.0000,1082666.0000,1923.1001,1.9231
1,1093.5904,1082.6094,1082609.4001,26,1.0-1080664-1082666,458.0000,1.0000,1,14,True,1080664.0000,1082666.0000,1945.4001,1.9454
1,1093.6228,1082.6418,1082641.8001,26,1.0-1080664-1082666,458.0000,1.0000,1,14,True,1080664.0000,1082666.0000,1977.8001,1.9778
1,1648.6848,1637.7038,1637703.8001,27,1.0-1637663-1640665,666.0000,1.0000,1,15,True,1637663.0000,1640665.0000,40.8001,0.0408
1,1648.6913,1637.7103,1637710.3001,27,1.0-1637663-1640665,666.0000,1.0000,1,15,True,1637663.0000,1640665.0000,47.3001,0.0473
1,1648.8619,1637.8809,1637880.9001,27,1.0-1637663-1640665,666.0000,1.0000,1,15,True,1637663.0000,1640665.0000,217.9001,0.2179
1,1649.0052,1638.0242,1638024.2001,27,1.0-1637663-1640665,666.0000,1.0000,1,15,True,1637663.0000,1640665.0000,361.2001,0.3612
1,1649.1346,1638.1536,1638153.6001,27,1.0-1637663-1640665,666.0000,1.0000,1,15,True,1637663.0000,1640665.0000,490.6001,0.4906
1,1649.1650,1638.1840,1638184.0001,27,1.0-1637663-1640665,666.0000,1.0000,1,15,True,1637663.0000,1640665.0000,521.0001,0.5210
1,1649.2214,1638.2404,1638240.4001,27,1.0-1637663-1640665,666.0000,1.0000,1,15,True,1637663.0000,1640665.0000,577.4001,0.5774
1,1649.7434,1638.7624,1638762.4001,27,1.0-1637663-1640665,666.0000,1.0000,1,15,True,1637663.0000,1640665.0000,1099.4001,1.0994
1,1649.7601,1638.7791,1638779.1001,27,1.0-1637663-1640665,666.0000,1.0000,1,15,True,1637663.0000,1640665.0000,1116.1001,1.1161
1,1649.7855,1638.8045,1638804.5001,27,1.0-1637663-1640665,666.0000,1.0000,1,15,True,1637663.0000,1640665.0000,1141.5001,1.1415
1,1649.9076,1638.9266,1638926.6001,27,1.0-1637663-1640665,666.0000,1.0000,1,15,True,1637663.0000,1640665.0000,1263.6001,1.2636
1,1649.9538,1638.9728,1638972.8001,27,1.0-1637663-1640665,666.0000,1.0000,1,15,True,1637663.0000,1640665.0000,1309.8001,1.3098
1,1650.0281,1639.0471,1639047.1001,27,1.0-1637663-1640665,666.0000,1.0000,1,15,True,1637663.0000,1640665.0000,1384.1001,1.3841
1,1650.0941,1639.1131,1639113.1001,27,1.0-1637663-1640665,666.0000,1.0000,1,15,True,1637663.0000,1640665.0000,1450.1001,1.4501
1,1650.1871,1639.2061,1639206.1001,27,1.0-1637663-1640665,666.0000,1.0000,1,15,True,1637663.0000,1640665.0000,1543.1001,1.5431
1,1650.2543,1639.2733,1639273.3001,27,1.0-1637663-1640665,666.0000,1.0000,1,15,True,1637663.0000,1640665.0000,1610.3001,1.6103
1,1650.5125,1639.5315,1639531.5001,27,1.0-1637663-1640665,666.0000,1.0000,1,15,True,1637663.0000,1640665.0000,1868.5001,1.8685
1,1650.6151,1639.6341,1639634.1001,27,1.0-1637663-1640665,666.0000,1.0000,1,15,True,1637663.0000,1640665.0000,1971.1001,1.9711
1,1650.8772,1639.8962,1639896.2001,27,1.0-1637663-1640665,666.0000,1.0000,1,15,True,1637663.0000,1640665.0000,2233.2001,2.2332
1,1650.8897,1639.9087,1639908.7001,27,1.0-1637663-1640665,666.0000,1.0000,1,15,True,1637663.0000,1640665.0000,2245.7001,2.2457
1,1650.9127,1639.9317,1639931.7001,27,1.0-1637663-1640665,666.0000,1.0000,1,15,True,1637663.0000,1640665.0000,2268.7001,2.2687
1,1651.0546,1640.0736,1640073.6001,27,1.0-1637663-1640665,666.0000,1.0000,1,15,True,1637663.0000,1640665.0000,2410.6001,2.4106
1,1651.1606,1640.1796,1640179.6001,27,1.0-1637663-1640665,666.0000,1.0000,1,15,True,1637663.0000,1640665.0000,2516.6001,2.5166
1,1651.2209,1640.2399,1640239.9001,27,1.0-1637663-1640665,666.0000,1.0000,1,15,True,1637663.0000,1640665.0000,2576.9001,2.5769
1,1651.4203,1640.4393,1640439.3001,27,1.0-1637663-1640665,666.0000,1.0000,1,15,True,1637663.0000,1640665.0000,2776.3001,2.7763
1,1651.5727,1640.5917,1640591.7001,27,1.0-1637663-1640665,666.0000,1.0000,1,15,True,1637663.0000,1640665.0000,2928.7001,2.9287
1,1694.2913,1683.3103,1683310.3001,29,1.0-1683206-1684674,688.0000,1.0000,1,16,True,1683206.0000,1684674.0000,104.3001,0.1043
1,1694.3564,1683.3754,1683375.4001,29,1.0-1683206-1684674,688.0000,1.0000,1,16,True,1683206.0000,1684674.0000,169.4001,0.1694
1,1694.5244,1683.5434,1683543.4001,29,1.0-1683206-1684674,688.0000,1.0000,1,16,True,1683206.0000,1684674.0000,337.4001,0.3374
1,1694.5860,1683.6050,1683605.0001,29,1.0-1683206-1684674,688.0000,1.0000,1,16,True,1683206.0000,1684674.0000,399.0001,0.3990
1,1694.8243,1683.8433,1683843.3001,29,1.0-1683206-1684674,688.0000,1.0000,1,16,True,1683206.0000,1684674.0000,637.3001,0.6373
1,1694.8339,1683.8529,1683852.9001,29,1.0-1683206-1684674,688.0000,1.0000,1,16,True,1683206.0000,1684674.0000,646.9001,0.6469
1,1694.9214,1683.9404,1683940.4001,29,1.0-1683206-1684674,688.0000,1.0000,1,16,True,1683206.0000,1684674.0000,734.4001,0.7344
1,1694.9935,1684.0125,1684012.5001,29,1.0-1683206-1684674,688.0000,1.0000,1,16,True,1683206.0000,1684674.0000,806.5001,0.8065
1,55.7540,44.7730,44773.0001,30,1.0-44609-47579,24.0000,1.0000,1,17,True,44609.0000,47579.0000,164.0001,0.1640
1,55.8548,44.8738,44873.8001,30,1.0-44609-47579,24.0000,1.0000,1,17,True,44609.0000,47579.0000,264.8001,0.2648
1,56.0175,45.0365,45036.5001,30,1.0-44609-47579,24.0000,1.0000,1,17,True,44609.0000,47579.0000,427.5001,0.4275
1,56.2795,45.2985,45298.5001,30,1.0-44609-47579,24.0000,1.0000,1,17,True,44609.0000,47579.0000,689.5001,0.6895
1,56.9243,45.9433,45943.3001,30,1.0-44609-47579,24.0000,1.0000,1,17,True,44609.0000,47579.0000,1334.3001,1.3343
1,56.9749,45.9939,45993.9001,30,1.0-44609-47579,24.0000,1.0000,1,17,True,44609.0000,47579.0000,1384.9001,1.3849
1,57.2224,46.2414,46241.4001,30,1.0-44609-47579,24.0000,1.0000,1,17,True,44609.0000,47579.0000,1632.4001,1.6324
1,57.2692,46.2882,46288.2001,30,1.0-44609-47579,24.0000,1.0000,1,17,True,44609.0000,47579.0000,1679.2001,1.6792
1,57.2947,46.3137,46313.7001,30,1.0-44609-47579,24.0000,1.0000,1,17,True,44609.0000,47579.0000,1704.7001,1.7047
1,57.5372,46.5562,46556.2001,30,1.0-44609-47579,24.0000,1.0000,1,17,True,44609.0000,47579.0000,1947.2001,1.9472
1,57.5853,46.6043,46604.3001,30,1.0-44609-47579,24.0000,1.0000,1,17,True,44609.0000,47579.0000,1995.3001,1.9953
1,57.8674,46.8864,46886.4001,30,1.0-44609-47579,24.0000,1.0000,1,17,True,44609.0000,47579.0000,2277.4001,2.2774
1,57.9213,46.9403,46940.3001,30,1.0-44609-47579,24.0000,1.0000,1,17,True,44609.0000,47579.0000,2331.3001,2.3313
1,58.2063,47.2253,47225.3001,30,1.0-44609-47579,24.0000,1.0000,1,17,True,44609.0000,47579.0000,2616.3001,2.6163
1,113.3523,102.3713,102371.3001,31,1.0-102298-103065,58.0000,1.0000,1,18,True,102298.0000,103065.0000,73.3001,0.0733
1,113.5547,102.5737,102573.7001,31,1.0-102298-103065,58.0000,1.0000,1,18,True,102298.0000,103065.0000,275.7001,0.2757
1,113.6803,102.6993,102699.3001,31,1.0-102298-103065,58.0000,1.0000,1,18,True,102298.0000,103065.0000,401.3001,0.4013
1,113.8739,102.8929,102892.9001,31,1.0-102298-103065,58.0000,1.0000,1,18,True,102298.0000,103065.0000,594.9001,0.5949
1,113.8973,102.9163,102916.3001,31,1.0-102298-103065,58.0000,1.0000,1,18,True,102298.0000,103065.0000,618.3001,0.6183
1,1732.0346,1721.0536,1721053.6001,32,1.0-1720809-1722810,705.0000,1.0000,0,56,True,1720809.0000,1722810.0000,244.6001,0.2446
1,1732.0614,1721.0804,1721080.4001,32,1.0-1720809-1722810,705.0000,1.0000,0,56,True,1720809.0000,1722810.0000,271.4001,0.2714
1,1732.2536,1721.2726,1721272.6001,32,1.0-1720809-1722810,705.0000,1.0000,0,56,True,1720809.0000,1722810.0000,463.6001,0.4636
1,1732.4311,1721.4501,1721450.1001,32,1.0-1720809-1722810,705.0000,1.0000,0,56,True,1720809.0000,1722810.0000,641.1001,0.6411
1,1732.7269,1721.7459,1721745.9001,32,1.0-1720809-1722810,705.0000,1.0000,0,56,True,1720809.0000,1722810.0000,936.9001,0.9369
1,1732.9403,1721.9593,1721959.3001,32,1.0-1720809-1722810,705.0000,1.0000,0,56,True,1720809.0000,1722810.0000,1150.3001,1.1503
1,1733.0612,1722.0802,1722080.2001,32,1.0-1720809-1722810,705.0000,1.0000,0,56,True,1720809.0000,1722810.0000,1271.2001,1.2712
1,1733.1080,1722.1270,1722127.0001,32,1.0-1720809-1722810,705.0000,1.0000,0,56,True,1720809.0000,1722810.0000,1318.0001,1.3180
1,1733.1502,1722.1692,1722169.2001,32,1.0-1720809-1722810,705.0000,1.0000,0,56,True,1720809.0000,1722810.0000,1360.2001,1.3602
1,1733.6153,1722.6343,1722634.3001,32,1.0-1720809-1722810,705.0000,1.0000,0,56,True,1720809.0000,1722810.0000,1825.3001,1.8253
1,1733.7468,1722.7658,1722765.8001,32,1.0-1720809-1722810,705.0000,1.0000,0,56,True,1720809.0000,1722810.0000,1956.8001,1.9568
1,529.9850,519.0040,519004.0001,33,1.0-518795-520196,264.0000,1.0000,1,19,True,518795.0000,520196.0000,209.0001,0.2090
1,530.0463,519.0653,519065.3001,33,1.0-518795-520196,264.0000,1.0000,1,19,True,518795.0000,520196.0000,270.3001,0.2703
1,530.3298,519.3488,519348.8001,33,1.0-518795-520196,264.0000,1.0000,1,19,True,518795.0000,520196.0000,553.8001,0.5538
1,530.4844,519.5034,519503.4001,33,1.0-518795-520196,264.0000,1.0000,1,19,True,518795.0000,520196.0000,708.4001,0.7084
1,530.5621,519.5811,519581.1001,33,1.0-518795-520196,264.0000,1.0000,1,19,True,518795.0000,520196.0000,786.1001,0.7861
1,530.5708,519.5898,519589.8001,33,1.0-518795-520196,264.0000,1.0000,1,19,True,518795.0000,520196.0000,794.8001,0.7948
1,530.6342,519.6532,519653.2001,33,1.0-518795-520196,264.0000,1.0000,1,19,True,518795.0000,520196.0000,858.2001,0.8582
1,530.7473,519.7663,519766.3001,33,1.0-518795-520196,264.0000,1.0000,1,19,True,518795.0000,520196.0000,971.3001,0.9713
1,530.8865,519.9055,519905.5001,33,1.0-518795-520196,264.0000,1.0000,1,19,True,518795.0000,520196.0000,1110.5001,1.1105
1,530.9799,519.9989,519998.9001,33,1.0-518795-520196,264.0000,1.0000,1,19,True,518795.0000,520196.0000,1203.9001,1.2039
1,531.0189,520.0379,520037.9001,33,1.0-518795-520196,264.0000,1.0000,1,19,True,518795.0000,520196.0000,1242.9001,1.2429
1,1907.1007,1896.1197,1896119.7001,34,1.0-1895842-1898078,799.0000,1.0000,0,57,True,1895842.0000,1898078.0000,277.7001,0.2777
1,1907.1048,1896.1238,1896123.8001,34,1.0-1895842-1898078,799.0000,1.0000,0,57,True,1895842.0000,1898078.0000,281.8001,0.2818
1,1907.3764,1896.3954,1896395.4001,34,1.0-1895842-1898078,799.0000,1.0000,0,57,True,1895842.0000,1898078.0000,553.4001,0.5534
1,1907.7574,1896.7764,1896776.4001,34,1.0-1895842-1898078,799.0000,1.0000,0,57,True,1895842.0000,1898078.0000,934.4001,0.9344
1,1908.1846,1897.2036,1897203.6001,34,1.0-1895842-1898078,799.0000,1.0000,0,57,True,1895842.0000,1898078.0000,1361.6001,1.3616
1,1908.2530,1897.2720,1897272.0001,34,1.0-1895842-1898078,799.0000,1.0000,0,57,True,1895842.0000,1898078.0000,1430.0001,1.4300
1,1908.5346,1897.5536,1897553.6001,34,1.0-1895842-1898078,799.0000,1.0000,0,57,True,1895842.0000,1898078.0000,1711.6001,1.7116
1,1908.5922,1897.6112,1897611.2001,34,1.0-1895842-1898078,799.0000,1.0000,0,57,True,1895842.0000,1898078.0000,1769.2001,1.7692
1,1908.6672,1897.6862,1897686.2001,34,1.0-1895842-1898078,799.0000,1.0000,0,57,True,1895842.0000,1898078.0000,1844.2001,1.8442
1,1908.7044,1897.7234,1897723.4001,34,1.0-1895842-1898078,799.0000,1.0000,0,57,True,1895842.0000,1898078.0000,1881.4001,1.8814
1,1908.9824,1898.0014,1898001.4001,34,1.0-1895842-1898078,799.0000,1.0000,0,57,True,1895842.0000,1898078.0000,2159.4001,2.1594
1,1742.5183,1731.5373,1731537.3001,35,1.0-1731152-1734155,709.0000,1.0000,0,58,True,1731152.0000,1734155.0000,385.3001,0.3853
1,1742.5603,1731.5793,1731579.3001,35,1.0-1731152-1734155,709.0000,1.0000,0,58,True,1731152.0000,1734155.0000,427.3001,0.4273
1,1742.8812,1731.9002,1731900.2001,35,1.0-1731152-1734155,709.0000,1.0000,0,58,True,1731152.0000,1734155.0000,748.2001,0.7482
1,1742.9928,1732.0118,1732011.8001,35,1.0-1731152-1734155,709.0000,1.0000,0,58,True,1731152.0000,1734155.0000,859.8001,0.8598
1,1743.0729,1732.0919,1732091.9001,35,1.0-1731152-1734155,709.0000,1.0000,0,58,True,1731152.0000,1734155.0000,939.9001,0.9399
1,1743.2034,1732.2224,1732222.4001,35,1.0-1731152-1734155,709.0000,1.0000,0,58,True,1731152.0000,1734155.0000,1070.4001,1.0704
1,1743.4686,1732.4876,1732487.6001,35,1.0-1731152-1734155,709.0000,1.0000,0,58,True,1731152.0000,1734155.0000,1335.6001,1.3356
1,1743.6982,1732.7172,1732717.2001,35,1.0-1731152-1734155,709.0000,1.0000,0,58,True,1731152.0000,1734155.0000,1565.2001,1.5652
1,1743.7339,1732.7529,1732752.9001,35,1.0-1731152-1734155,709.0000,1.0000,0,58,True,1731152.0000,1734155.0000,1600.9001,1.6009
1,1743.9109,1732.9299,1732929.9001,35,1.0-1731152-1734155,709.0000,1.0000,0,58,True,1731152.0000,1734155.0000,1777.9001,1.7779
1,1744.2149,1733.2339,1733233.9001,35,1.0-1731152-1734155,709.0000,1.0000,0,58,True,1731152.0000,1734155.0000,2081.9001,2.0819
1,1744.7755,1733.7945,1733794.5001,35,1.0-1731152-1734155,709.0000,1.0000,0,58,True,1731152.0000,1734155.0000,2642.5001,2.6425
1,1744.8402,1733.8592,1733859.2001,35,1.0-1731152-1734155,709.0000,1.0000,0,58,True,1731152.0000,1734155.0000,2707.2001,2.7072
1,462.7447,451.7637,451763.7001,36,1.0-451431-453266,246.0000,1.0000,1,20,True,451431.0000,453266.0000,332.7001,0.3327
1,462.8856,451.9046,451904.6001,36,1.0-451431-453266,246.0000,1.0000,1,20,True,451431.0000,453266.0000,473.6001,0.4736
1,463.1303,452.1493,452149.3001,36,1.0-451431-453266,246.0000,1.0000,1,20,True,451431.0000,453266.0000,718.3001,0.7183
1,463.3305,452.3495,452349.5001,36,1.0-451431-453266,246.0000,1.0000,1,20,True,451431.0000,453266.0000,918.5001,0.9185
1,463.3797,452.3987,452398.7001,36,1.0-451431-453266,246.0000,1.0000,1,20,True,451431.0000,453266.0000,967.7001,0.9677
1,463.4266,452.4456,452445.6001,36,1.0-451431-453266,246.0000,1.0000,1,20,True,451431.0000,453266.0000,1014.6001,1.0146
1,463.7369,452.7559,452755.9001,36,1.0-451431-453266,246.0000,1.0000,1,20,True,451431.0000,453266.0000,1324.9001,1.3249
1,463.8315,452.8505,452850.5001,36,1.0-451431-453266,246.0000,1.0000,1,20,True,451431.0000,453266.0000,1419.5001,1.4195
1,463.8344,452.8534,452853.4001,36,1.0-451431-453266,246.0000,1.0000,1,20,True,451431.0000,453266.0000,1422.4001,1.4224
1,463.9310,452.9500,452950.0001,36,1.0-451431-453266,246.0000,1.0000,1,20,True,451431.0000,453266.0000,1519.0001,1.5190
1,463.9368,452.9558,452955.8001,36,1.0-451431-453266,246.0000,1.0000,1,20,True,451431.0000,453266.0000,1524.8001,1.5248
1,463.9692,452.9882,452988.2001,36,1.0-451431-453266,246.0000,1.0000,1,20,True,451431.0000,453266.0000,1557.2001,1.5572
1,463.9993,453.0183,453018.3001,36,1.0-451431-453266,246.0000,1.0000,1,20,True,451431.0000,453266.0000,1587.3001,1.5873
1,464.0883,453.1073,453107.3001,36,1.0-451431-453266,246.0000,1.0000,1,20,True,451431.0000,453266.0000,1676.3001,1.6763
1,464.0904,453.1094,453109.4001,36,1.0-451431-453266,246.0000,1.0000,1,20,True,451431.0000,453266.0000,1678.4001,1.6784
1,464.1346,453.1536,453153.6001,36,1.0-451431-453266,246.0000,1.0000,1,20,True,451431.0000,453266.0000,1722.6001,1.7226
1,306.1075,295.1265,295126.5001,37,1.0-294948-297817,167.0000,1.0000,1,21,True,294948.0000,297817.0000,178.5001,0.1785
1,306.1902,295.2092,295209.2001,37,1.0-294948-297817,167.0000,1.0000,1,21,True,294948.0000,297817.0000,261.2001,0.2612
1,306.4467,295.4657,295465.7001,37,1.0-294948-297817,167.0000,1.0000,1,21,True,294948.0000,297817.0000,517.7001,0.5177
1,306.6450,295.6640,295664.0001,37,1.0-294948-297817,167.0000,1.0000,1,21,True,294948.0000,297817.0000,716.0001,0.7160
1,306.7396,295.7586,295758.6001,37,1.0-294948-297817,167.0000,1.0000,1,21,True,294948.0000,297817.0000,810.6001,0.8106
1,306.9010,295.9200,295920.0001,37,1.0-294948-297817,167.0000,1.0000,1,21,True,294948.0000,297817.0000,972.0001,0.9720
1,306.9774,295.9964,295996.4001,37,1.0-294948-297817,167.0000,1.0000,1,21,True,294948.0000,297817.0000,1048.4001,1.0484
1,306.9905,296.0095,296009.5001,37,1.0-294948-297817,167.0000,1.0000,1,21,True,294948.0000,297817.0000,1061.5001,1.0615
1,307.0622,296.0812,296081.2001,37,1.0-294948-297817,167.0000,1.0000,1,21,True,294948.0000,297817.0000,1133.2001,1.1332
1,307.0644,296.0834,296083.4001,37,1.0-294948-297817,167.0000,1.0000,1,21,True,294948.0000,297817.0000,1135.4001,1.1354
1,307.2605,296.2795,296279.5001,37,1.0-294948-297817,167.0000,1.0000,1,21,True,294948.0000,297817.0000,1331.5001,1.3315
1,307.3463,296.3653,296365.3001,37,1.0-294948-297817,167.0000,1.0000,1,21,True,294948.0000,297817.0000,1417.3001,1.4173
1,307.6195,296.6385,296638.5001,37,1.0-294948-297817,167.0000,1.0000,1,21,True,294948.0000,297817.0000,1690.5001,1.6905
1,307.6367,296.6557,296655.7001,37,1.0-294948-297817,167.0000,1.0000,1,21,True,294948.0000,297817.0000,1707.7001,1.7077
1,307.8307,296.8497,296849.7001,37,1.0-294948-297817,167.0000,1.0000,1,21,True,294948.0000,297817.0000,1901.7001,1.9017
1,308.0464,297.0654,297065.4001,37,1.0-294948-297817,167.0000,1.0000,1,21,True,294948.0000,297817.0000,2117.4001,2.1174
1,308.4006,297.4196,297419.6001,37,1.0-294948-297817,167.0000,1.0000,1,21,True,294948.0000,297817.0000,2471.6001,2.4716
1,308.4554,297.4744,297474.4001,37,1.0-294948-297817,167.0000,1.0000,1,21,True,294948.0000,297817.0000,2526.4001,2.5264
1,308.6453,297.6643,297664.3001,37,1.0-294948-297817,167.0000,1.0000,1,21,True,294948.0000,297817.0000,2716.3001,2.7163
1,308.7173,297.7363,297736.3001,37,1.0-294948-297817,167.0000,1.0000,1,21,True,294948.0000,297817.0000,2788.3001,2.7883
1,1465.7146,1454.7336,1454733.6001,38,1.0-1454721-1455889,577.0000,1.0000,1,22,True,1454721.0000,1455889.0000,12.6001,0.0126
1,1465.7838,1454.8028,1454802.8001,38,1.0-1454721-1455889,577.0000,1.0000,1,22,True,1454721.0000,1455889.0000,81.8001,0.0818
1,1465.9694,1454.9884,1454988.4001,38,1.0-1454721-1455889,577.0000,1.0000,1,22,True,1454721.0000,1455889.0000,267.4001,0.2674
1,1466.2490,1455.2680,1455268.0001,38,1.0-1454721-1455889,577.0000,1.0000,1,22,True,1454721.0000,1455889.0000,547.0001,0.5470
1,1466.2713,1455.2903,1455290.3001,38,1.0-1454721-1455889,577.0000,1.0000,1,22,True,1454721.0000,1455889.0000,569.3001,0.5693
1,1466.5108,1455.5298,1455529.8001,38,1.0-1454721-1455889,577.0000,1.0000,1,22,True,1454721.0000,1455889.0000,808.8001,0.8088
1,1466.5327,1455.5517,1455551.7001,38,1.0-1454721-1455889,577.0000,1.0000,1,22,True,1454721.0000,1455889.0000,830.7001,0.8307
1,1466.5769,1455.5959,1455595.9001,38,1.0-1454721-1455889,577.0000,1.0000,1,22,True,1454721.0000,1455889.0000,874.9001,0.8749
1,2439.2963,2428.3153,2428315.3001,39,1.0-2428117-2430119,999.0000,1.0000,0,59,True,2428117.0000,2430119.0000,198.3001,0.1983
1,2439.3284,2428.3474,2428347.4001,39,1.0-2428117-2430119,999.0000,1.0000,0,59,True,2428117.0000,2430119.0000,230.4001,0.2304
1,2439.3569,2428.3759,2428375.9001,39,1.0-2428117-2430119,999.0000,1.0000,0,59,True,2428117.0000,2430119.0000,258.9001,0.2589
1,2439.4236,2428.4426,2428442.6001,39,1.0-2428117-2430119,999.0000,1.0000,0,59,True,2428117.0000,2430119.0000,325.6001,0.3256
1,2439.5692,2428.5882,2428588.2001,39,1.0-2428117-2430119,999.0000,1.0000,0,59,True,2428117.0000,2430119.0000,471.2001,0.4712
1,2439.6418,2428.6608,2428660.8001,39,1.0-2428117-2430119,999.0000,1.0000,0,59,True,2428117.0000,2430119.0000,543.8001,0.5438
1,2439.6667,2428.6857,2428685.7001,39,1.0-2428117-2430119,999.0000,1.0000,0,59,True,2428117.0000,2430119.0000,568.7001,0.5687
1,2440.0014,2429.0204,2429020.4001,39,1.0-2428117-2430119,999.0000,1.0000,0,59,True,2428117.0000,2430119.0000,903.4001,0.9034
1,2440.0502,2429.0692,2429069.2001,39,1.0-2428117-2430119,999.0000,1.0000,0,59,True,2428117.0000,2430119.0000,952.2001,0.9522
1,2440.2628,2429.2818,2429281.8001,39,1.0-2428117-2430119,999.0000,1.0000,0,59,True,2428117.0000,2430119.0000,1164.8001,1.1648
1,2440.3578,2429.3768,2429376.8001,39,1.0-2428117-2430119,999.0000,1.0000,0,59,True,2428117.0000,2430119.0000,1259.8001,1.2598
1,2440.4004,2429.4194,2429419.4001,39,1.0-2428117-2430119,999.0000,1.0000,0,59,True,2428117.0000,2430119.0000,1302.4001,1.3024
1,2440.4884,2429.5074,2429507.4001,39,1.0-2428117-2430119,999.0000,1.0000,0,59,True,2428117.0000,2430119.0000,1390.4001,1.3904
1,2440.5558,2429.5748,2429574.8001,39,1.0-2428117-2430119,999.0000,1.0000,0,59,True,2428117.0000,2430119.0000,1457.8001,1.4578
1,2440.6268,2429.6458,2429645.8001,39,1.0-2428117-2430119,999.0000,1.0000,0,59,True,2428117.0000,2430119.0000,1528.8001,1.5288
1,2440.6521,2429.6711,2429671.1001,39,1.0-2428117-2430119,999.0000,1.0000,0,59,True,2428117.0000,2430119.0000,1554.1001,1.5541
1,2440.7316,2429.7506,2429750.6001,39,1.0-2428117-2430119,999.0000,1.0000,0,59,True,2428117.0000,2430119.0000,1633.6001,1.6336
1,2440.7791,2429.7981,2429798.1001,39,1.0-2428117-2430119,999.0000,1.0000,0,59,True,2428117.0000,2430119.0000,1681.1001,1.6811
1,2440.9732,2429.9922,2429992.2001,39,1.0-2428117-2430119,999.0000,1.0000,0,59,True,2428117.0000,2430119.0000,1875.2001,1.8752
1,240.0842,229.1032,229103.2001,40,1.0-228952-231354,133.0000,1.0000,0,60,True,228952.0000,231354.0000,151.2001,0.1512
1,240.1816,229.2006,229200.6001,40,1.0-228952-231354,133.0000,1.0000,0,60,True,228952.0000,231354.0000,248.6001,0.2486
1,240.2092,229.2282,229228.2001,40,1.0-228952-231354,133.0000,1.0000,0,60,True,228952.0000,231354.0000,276.2001,0.2762
1,240.6475,229.6665,229666.5001,40,1.0-228952-231354,133.0000,1.0000,0,60,True,228952.0000,231354.0000,714.5001,0.7145
1,240.7029,229.7219,229721.9001,40,1.0-228952-231354,133.0000,1.0000,0,60,True,228952.0000,231354.0000,769.9001,0.7699
1,241.0088,230.0278,230027.8001,40,1.0-228952-231354,133.0000,1.0000,0,60,True,228952.0000,231354.0000,1075.8001,1.0758
1,241.0839,230.1029,230102.9001,40,1.0-228952-231354,133.0000,1.0000,0,60,True,228952.0000,231354.0000,1150.9001,1.1509
1,241.0863,230.1053,230105.3001,40,1.0-228952-231354,133.0000,1.0000,0,60,True,228952.0000,231354.0000,1153.3001,1.1533
1,241.1736,230.1926,230192.6001,40,1.0-228952-231354,133.0000,1.0000,0,60,True,228952.0000,231354.0000,1240.6001,1.2406
1,241.3032,230.3222,230322.2001,40,1.0-228952-231354,133.0000,1.0000,0,60,True,228952.0000,231354.0000,1370.2001,1.3702
1,241.3106,230.3296,230329.6001,40,1.0-228952-231354,133.0000,1.0000,0,60,True,228952.0000,231354.0000,1377.6001,1.3776
1,241.4080,230.4270,230427.0001,40,1.0-228952-231354,133.0000,1.0000,0,60,True,228952.0000,231354.0000,1475.0001,1.4750
1,241.4191,230.4381,230438.1001,40,1.0-228952-231354,133.0000,1.0000,0,60,True,228952.0000,231354.0000,1486.1001,1.4861
1,241.4879,230.5069,230506.9001,40,1.0-228952-231354,133.0000,1.0000,0,60,True,228952.0000,231354.0000,1554.9001,1.5549
1,241.6035,230.6225,230622.5001,40,1.0-228952-231354,133.0000,1.0000,0,60,True,228952.0000,231354.0000,1670.5001,1.6705
1,241.6386,230.6576,230657.6001,40,1.0-228952-231354,133.0000,1.0000,0,60,True,228952.0000,231354.0000,1705.6001,1.7056
1,241.6696,230.6886,230688.6001,40,1.0-228952-231354,133.0000,1.0000,0,60,True,228952.0000,231354.0000,1736.6001,1.7366
1,241.6816,230.7006,230700.6001,40,1.0-228952-231354,133.0000,1.0000,0,60,True,228952.0000,231354.0000,1748.6001,1.7486
1,241.7735,230.7925,230792.5001,40,1.0-228952-231354,133.0000,1.0000,0,60,True,228952.0000,231354.0000,1840.5001,1.8405
1,241.8768,230.8958,230895.8001,40,1.0-228952-231354,133.0000,1.0000,0,60,True,228952.0000,231354.0000,1943.8001,1.9438
1,241.8801,230.8991,230899.1001,40,1.0-228952-231354,133.0000,1.0000,0,60,True,228952.0000,231354.0000,1947.1001,1.9471
1,242.0478,231.0668,231066.8001,40,1.0-228952-231354,133.0000,1.0000,0,60,True,228952.0000,231354.0000,2114.8001,2.1148
1,242.1019,231.1209,231120.9001,40,1.0-228952-231354,133.0000,1.0000,0,60,True,228952.0000,231354.0000,2168.9001,2.1689
1,242.1567,231.1757,231175.7001,40,1.0-228952-231354,133.0000,1.0000,0,60,True,228952.0000,231354.0000,2223.7001,2.2237
1,2091.7411,2080.7601,2080760.1001,41,1.0-2080619-2082821,867.0000,1.0000,0,61,True,2080619.0000,2082821.0000,141.1001,0.1411
1,2092.1880,2081.2070,2081207.0001,41,1.0-2080619-2082821,867.0000,1.0000,0,61,True,2080619.0000,2082821.0000,588.0001,0.5880
1,2092.5096,2081.5286,2081528.6001,41,1.0-2080619-2082821,867.0000,1.0000,0,61,True,2080619.0000,2082821.0000,909.6001,0.9096
1,2093.0015,2082.0205,2082020.5001,41,1.0-2080619-2082821,867.0000,1.0000,0,61,True,2080619.0000,2082821.0000,1401.5001,1.4015
1,2093.1242,2082.1432,2082143.2001,41,1.0-2080619-2082821,867.0000,1.0000,0,61,True,2080619.0000,2082821.0000,1524.2001,1.5242
1,2093.2476,2082.2666,2082266.6001,41,1.0-2080619-2082821,867.0000,1.0000,0,61,True,2080619.0000,2082821.0000,1647.6001,1.6476
1,2093.3891,2082.4081,2082408.1001,41,1.0-2080619-2082821,867.0000,1.0000,0,61,True,2080619.0000,2082821.0000,1789.1001,1.7891
1,2093.4165,2082.4355,2082435.5001,41,1.0-2080619-2082821,867.0000,1.0000,0,61,True,2080619.0000,2082821.0000,1816.5001,1.8165
1,2093.4403,2082.4593,2082459.3001,41,1.0-2080619-2082821,867.0000,1.0000,0,61,True,2080619.0000,2082821.0000,1840.3001,1.8403
1,2093.4649,2082.4839,2082483.9001,41,1.0-2080619-2082821,867.0000,1.0000,0,61,True,2080619.0000,2082821.0000,1864.9001,1.8649
1,2093.7571,2082.7761,2082776.1001,41,1.0-2080619-2082821,867.0000,1.0000,0,61,True,2080619.0000,2082821.0000,2157.1001,2.1571
1,1728.2234,1717.2424,1717242.4001,42,1.0-1717205-1719641,703.0000,1.0000,0,62,True,1717205.0000,1719641.0000,37.4001,0.0374
1,1728.3220,1717.3410,1717341.0001,42,1.0-1717205-1719641,703.0000,1.0000,0,62,True,1717205.0000,1719641.0000,136.0001,0.1360
1,1728.3636,1717.3826,1717382.6001,42,1.0-1717205-1719641,703.0000,1.0000,0,62,True,1717205.0000,1719641.0000,177.6001,0.1776
1,1728.5021,1717.5211,1717521.1001,42,1.0-1717205-1719641,703.0000,1.0000,0,62,True,1717205.0000,1719641.0000,316.1001,0.3161
1,1728.5343,1717.5533,1717553.3001,42,1.0-1717205-1719641,703.0000,1.0000,0,62,True,1717205.0000,1719641.0000,348.3001,0.3483
1,1728.7790,1717.7980,1717798.0001,42,1.0-1717205-1719641,703.0000,1.0000,0,62,True,1717205.0000,1719641.0000,593.0001,0.5930
1,1728.9467,1717.9657,1717965.7001,42,1.0-1717205-1719641,703.0000,1.0000,0,62,True,1717205.0000,1719641.0000,760.7001,0.7607
1,1729.0281,1718.0471,1718047.1001,42,1.0-1717205-1719641,703.0000,1.0000,0,62,True,1717205.0000,1719641.0000,842.1001,0.8421
1,1729.0470,1718.0660,1718066.0001,42,1.0-1717205-1719641,703.0000,1.0000,0,62,True,1717205.0000,1719641.0000,861.0001,0.8610
1,1729.0766,1718.0956,1718095.6001,42,1.0-1717205-1719641,703.0000,1.0000,0,62,True,1717205.0000,1719641.0000,890.6001,0.8906
1,1729.1598,1718.1788,1718178.8001,42,1.0-1717205-1719641,703.0000,1.0000,0,62,True,1717205.0000,1719641.0000,973.8001,0.9738
1,1729.2891,1718.3081,1718308.1001,42,1.0-1717205-1719641,703.0000,1.0000,0,62,True,1717205.0000,1719641.0000,1103.1001,1.1031
1,1729.3184,1718.3374,1718337.4001,42,1.0-1717205-1719641,703.0000,1.0000,0,62,True,1717205.0000,1719641.0000,1132.4001,1.1324
1,1729.3789,1718.3979,1718397.9001,42,1.0-1717205-1719641,703.0000,1.0000,0,62,True,1717205.0000,1719641.0000,1192.9001,1.1929
1,1729.4919,1718.5109,1718510.9001,42,1.0-1717205-1719641,703.0000,1.0000,0,62,True,1717205.0000,1719641.0000,1305.9001,1.3059
1,1729.7656,1718.7846,1718784.6001,42,1.0-1717205-1719641,703.0000,1.0000,0,62,True,1717205.0000,1719641.0000,1579.6001,1.5796
1,1729.9417,1718.9607,1718960.7001,42,1.0-1717205-1719641,703.0000,1.0000,0,62,True,1717205.0000,1719641.0000,1755.7001,1.7557
1,1730.1823,1719.2013,1719201.3001,42,1.0-1717205-1719641,703.0000,1.0000,0,62,True,1717205.0000,1719641.0000,1996.3001,1.9963
1,1730.1968,1719.2158,1719215.8001,42,1.0-1717205-1719641,703.0000,1.0000,0,62,True,1717205.0000,1719641.0000,2010.8001,2.0108
1,1730.2983,1719.3173,1719317.3001,42,1.0-1717205-1719641,703.0000,1.0000,0,62,True,1717205.0000,1719641.0000,2112.3001,2.1123
1,1730.4353,1719.4543,1719454.3001,42,1.0-1717205-1719641,703.0000,1.0000,0,62,True,1717205.0000,1719641.0000,2249.3001,2.2493
1,1730.5373,1719.5563,1719556.3001,42,1.0-1717205-1719641,703.0000,1.0000,0,62,True,1717205.0000,1719641.0000,2351.3001,2.3513
1,1730.5947,1719.6137,1719613.7001,42,1.0-1717205-1719641,703.0000,1.0000,0,62,True,1717205.0000,1719641.0000,2408.7001,2.4087
1,1557.2453,1546.2643,1546264.3001,43,1.0-1545942-1547109,627.0000,1.0000,1,23,True,1545942.0000,1547109.0000,322.3001,0.3223
1,1557.2787,1546.2977,1546297.7001,43,1.0-1545942-1547109,627.0000,1.0000,1,23,True,1545942.0000,1547109.0000,355.7001,0.3557
1,1557.3156,1546.3346,1546334.6001,43,1.0-1545942-1547109,627.0000,1.0000,1,23,True,1545942.0000,1547109.0000,392.6001,0.3926
1,1557.4221,1546.4411,1546441.1001,43,1.0-1545942-1547109,627.0000,1.0000,1,23,True,1545942.0000,1547109.0000,499.1001,0.4991
1,1557.4365,1546.4555,1546455.5001,43,1.0-1545942-1547109,627.0000,1.0000,1,23,True,1545942.0000,1547109.0000,513.5001,0.5135
1,1557.4480,1546.4670,1546467.0001,43,1.0-1545942-1547109,627.0000,1.0000,1,23,True,1545942.0000,1547109.0000,525.0001,0.5250
1,1557.4547,1546.4737,1546473.7001,43,1.0-1545942-1547109,627.0000,1.0000,1,23,True,1545942.0000,1547109.0000,531.7001,0.5317
1,1557.9802,1546.9992,1546999.2001,43,1.0-1545942-1547109,627.0000,1.0000,1,23,True,1545942.0000,1547109.0000,1057.2001,1.0572
1,145.9870,135.0060,135006.0001,44,1.0-134962-137798,79.0000,1.0000,1,24,True,134962.0000,137798.0000,44.0001,0.0440
1,146.0282,135.0472,135047.2001,44,1.0-134962-137798,79.0000,1.0000,1,24,True,134962.0000,137798.0000,85.2001,0.0852
1,146.1134,135.1324,135132.4001,44,1.0-134962-137798,79.0000,1.0000,1,24,True,134962.0000,137798.0000,170.4001,0.1704
1,146.4462,135.4652,135465.2001,44,1.0-134962-137798,79.0000,1.0000,1,24,True,134962.0000,137798.0000,503.2001,0.5032
1,147.0869,136.1059,136105.9001,44,1.0-134962-137798,79.0000,1.0000,1,24,True,134962.0000,137798.0000,1143.9001,1.1439
1,148.2289,137.2479,137247.9001,44,1.0-134962-137798,79.0000,1.0000,1,24,True,134962.0000,137798.0000,2285.9001,2.2859
1,148.2433,137.2623,137262.3001,44,1.0-134962-137798,79.0000,1.0000,1,24,True,134962.0000,137798.0000,2300.3001,2.3003
1,1009.9663,998.9853,998985.3001,45,1.0-998686-999520,429.0000,1.0000,0,63,True,998686.0000,999520.0000,299.3001,0.2993
1,1010.1431,999.1621,999162.1001,45,1.0-998686-999520,429.0000,1.0000,0,63,True,998686.0000,999520.0000,476.1001,0.4761
1,1010.2234,999.2424,999242.4001,45,1.0-998686-999520,429.0000,1.0000,0,63,True,998686.0000,999520.0000,556.4001,0.5564
1,389.1274,378.1464,378146.4001,46,1.0-378094-380229,210.0000,1.0000,0,64,True,378094.0000,380229.0000,52.4001,0.0524
1,389.1661,378.1851,378185.1001,46,1.0-378094-380229,210.0000,1.0000,0,64,True,378094.0000,380229.0000,91.1001,0.0911
1,389.3971,378.4161,378416.1001,46,1.0-378094-380229,210.0000,1.0000,0,64,True,378094.0000,380229.0000,322.1001,0.3221
1,389.5855,378.6045,378604.5001,46,1.0-378094-380229,210.0000,1.0000,0,64,True,378094.0000,380229.0000,510.5001,0.5105
1,389.6925,378.7115,378711.5001,46,1.0-378094-380229,210.0000,1.0000,0,64,True,378094.0000,380229.0000,617.5001,0.6175
1,389.8940,378.9130,378913.0001,46,1.0-378094-380229,210.0000,1.0000,0,64,True,378094.0000,380229.0000,819.0001,0.8190
1,389.9524,378.9714,378971.4001,46,1.0-378094-380229,210.0000,1.0000,0,64,True,378094.0000,380229.0000,877.4001,0.8774
1,390.0529,379.0719,379071.9001,46,1.0-378094-380229,210.0000,1.0000,0,64,True,378094.0000,380229.0000,977.9001,0.9779
1,390.1912,379.2102,379210.2001,46,1.0-378094-380229,210.0000,1.0000,0,64,True,378094.0000,380229.0000,1116.2001,1.1162
1,390.2067,379.2257,379225.7001,46,1.0-378094-380229,210.0000,1.0000,0,64,True,378094.0000,380229.0000,1131.7001,1.1317
1,390.3398,379.3588,379358.8001,46,1.0-378094-380229,210.0000,1.0000,0,64,True,378094.0000,380229.0000,1264.8001,1.2648
1,390.5001,379.5191,379519.1001,46,1.0-378094-380229,210.0000,1.0000,0,64,True,378094.0000,380229.0000,1425.1001,1.4251
1,390.9932,380.0122,380012.2001,46,1.0-378094-380229,210.0000,1.0000,0,64,True,378094.0000,380229.0000,1918.2001,1.9182
1,391.0675,380.0865,380086.5001,46,1.0-378094-380229,210.0000,1.0000,0,64,True,378094.0000,380229.0000,1992.5001,1.9925
1,1457.9102,1446.9292,1446929.2001,47,1.0-1446780-1448716,574.0000,1.0000,0,65,True,1446780.0000,1448716.0000,149.2001,0.1492
1,1457.9848,1447.0038,1447003.8001,47,1.0-1446780-1448716,574.0000,1.0000,0,65,True,1446780.0000,1448716.0000,223.8001,0.2238
1,1458.1893,1447.2083,1447208.3001,47,1.0-1446780-1448716,574.0000,1.0000,0,65,True,1446780.0000,1448716.0000,428.3001,0.4283
1,1458.2169,1447.2359,1447235.9001,47,1.0-1446780-1448716,574.0000,1.0000,0,65,True,1446780.0000,1448716.0000,455.9001,0.4559
1,1458.3254,1447.3444,1447344.4001,47,1.0-1446780-1448716,574.0000,1.0000,0,65,True,1446780.0000,1448716.0000,564.4001,0.5644
1,1458.8516,1447.8706,1447870.6001,47,1.0-1446780-1448716,574.0000,1.0000,0,65,True,1446780.0000,1448716.0000,1090.6001,1.0906
1,1458.8544,1447.8734,1447873.4001,47,1.0-1446780-1448716,574.0000,1.0000,0,65,True,1446780.0000,1448716.0000,1093.4001,1.0934
1,1459.1175,1448.1365,1448136.5001,47,1.0-1446780-1448716,574.0000,1.0000,0,65,True,1446780.0000,1448716.0000,1356.5001,1.3565
1,1459.2330,1448.2520,1448252.0001,47,1.0-1446780-1448716,574.0000,1.0000,0,65,True,1446780.0000,1448716.0000,1472.0001,1.4720
1,1459.2598,1448.2788,1448278.8001,47,1.0-1446780-1448716,574.0000,1.0000,0,65,True,1446780.0000,1448716.0000,1498.8001,1.4988
1,1459.2946,1448.3136,1448313.6001,47,1.0-1446780-1448716,574.0000,1.0000,0,65,True,1446780.0000,1448716.0000,1533.6001,1.5336
1,1459.3154,1448.3344,1448334.4001,47,1.0-1446780-1448716,574.0000,1.0000,0,65,True,1446780.0000,1448716.0000,1554.4001,1.5544
1,1459.4949,1448.5139,1448513.9001,47,1.0-1446780-1448716,574.0000,1.0000,0,65,True,1446780.0000,1448716.0000,1733.9001,1.7339
1,1459.5136,1448.5326,1448532.6001,47,1.0-1446780-1448716,574.0000,1.0000,0,65,True,1446780.0000,1448716.0000,1752.6001,1.7526
1,1459.5614,1448.5804,1448580.4001,47,1.0-1446780-1448716,574.0000,1.0000,0,65,True,1446780.0000,1448716.0000,1800.4001,1.8004
1,2243.4121,2232.4311,2232431.1001,48,1.0-2232063-2233464,922.0000,1.0000,0,66,True,2232063.0000,2233464.0000,368.1001,0.3681
1,2244.0779,2233.0969,2233096.9001,48,1.0-2232063-2233464,922.0000,1.0000,0,66,True,2232063.0000,2233464.0000,1033.9001,1.0339
1,2244.0870,2233.1060,2233106.0001,48,1.0-2232063-2233464,922.0000,1.0000,0,66,True,2232063.0000,2233464.0000,1043.0001,1.0430
1,2244.1776,2233.1966,2233196.6001,48,1.0-2232063-2233464,922.0000,1.0000,0,66,True,2232063.0000,2233464.0000,1133.6001,1.1336
1,2244.1977,2233.2167,2233216.7001,48,1.0-2232063-2233464,922.0000,1.0000,0,66,True,2232063.0000,2233464.0000,1153.7001,1.1537
1,2244.4010,2233.4200,2233420.0001,48,1.0-2232063-2233464,922.0000,1.0000,0,66,True,2232063.0000,2233464.0000,1357.0001,1.3570
1,1592.2883,1581.3073,1581307.3001,49,1.0-1581175-1583177,643.0000,1.0000,1,25,True,1581175.0000,1583177.0000,132.3001,0.1323
1,1592.5099,1581.5289,1581528.9001,49,1.0-1581175-1583177,643.0000,1.0000,1,25,True,1581175.0000,1583177.0000,353.9001,0.3539
1,1592.5913,1581.6103,1581610.3001,49,1.0-1581175-1583177,643.0000,1.0000,1,25,True,1581175.0000,1583177.0000,435.3001,0.4353
1,64.7191,53.7381,53738.1001,50,1.0-53584-55586,28.0000,1.0000,0,67,True,53584.0000,55586.0000,154.1001,0.1541
1,64.8403,53.8593,53859.3001,50,1.0-53584-55586,28.0000,1.0000,0,67,True,53584.0000,55586.0000,275.3001,0.2753
1,64.9746,53.9936,53993.6001,50,1.0-53584-55586,28.0000,1.0000,0,67,True,53584.0000,55586.0000,409.6001,0.4096
1,65.0117,54.0307,54030.7001,50,1.0-53584-55586,28.0000,1.0000,0,67,True,53584.0000,55586.0000,446.7001,0.4467
1,65.3207,54.3397,54339.7001,50,1.0-53584-55586,28.0000,1.0000,0,67,True,53584.0000,55586.0000,755.7001,0.7557
1,65.6010,54.6200,54620.0001,50,1.0-53584-55586,28.0000,1.0000,0,67,True,53584.0000,55586.0000,1036.0001,1.0360
1,65.7797,54.7987,54798.7001,50,1.0-53584-55586,28.0000,1.0000,0,67,True,53584.0000,55586.0000,1214.7001,1.2147
1,65.8172,54.8362,54836.2001,50,1.0-53584-55586,28.0000,1.0000,0,67,True,53584.0000,55586.0000,1252.2001,1.2522
1,65.8893,54.9083,54908.3001,50,1.0-53584-55586,28.0000,1.0000,0,67,True,53584.0000,55586.0000,1324.3001,1.3243
1,66.0577,55.0767,55076.7001,50,1.0-53584-55586,28.0000,1.0000,0,67,True,53584.0000,55586.0000,1492.7001,1.4927
1,66.1193,55.1383,55138.3001,50,1.0-53584-55586,28.0000,1.0000,0,67,True,53584.0000,55586.0000,1554.3001,1.5543
1,66.5310,55.5500,55550.0001,50,1.0-53584-55586,28.0000,1.0000,0,67,True,53584.0000,55586.0000,1966.0001,1.9660
1,597.6230,586.6420,586642.0001,51,1.0-586593-589496,290.0000,1.0000,1,26,True,586593.0000,589496.0000,49.0001,0.0490
1,597.6579,586.6769,586676.9001,51,1.0-586593-589496,290.0000,1.0000,1,26,True,586593.0000,589496.0000,83.9001,0.0839
1,597.9204,586.9394,586939.4001,51,1.0-586593-589496,290.0000,1.0000,1,26,True,586593.0000,589496.0000,346.4001,0.3464
1,598.2346,587.2536,587253.6001,51,1.0-586593-589496,290.0000,1.0000,1,26,True,586593.0000,589496.0000,660.6001,0.6606
1,598.3930,587.4120,587412.0001,51,1.0-586593-589496,290.0000,1.0000,1,26,True,586593.0000,589496.0000,819.0001,0.8190
1,598.8159,587.8349,587834.9001,51,1.0-586593-589496,290.0000,1.0000,1,26,True,586593.0000,589496.0000,1241.9001,1.2419
1,599.0490,588.0680,588068.0001,51,1.0-586593-589496,290.0000,1.0000,1,26,True,586593.0000,589496.0000,1475.0001,1.4750
1,599.1504,588.1694,588169.4001,51,1.0-586593-589496,290.0000,1.0000,1,26,True,586593.0000,589496.0000,1576.4001,1.5764
1,599.4552,588.4742,588474.2001,51,1.0-586593-589496,290.0000,1.0000,1,26,True,586593.0000,589496.0000,1881.2001,1.8812
1,599.5469,588.5659,588565.9001,51,1.0-586593-589496,290.0000,1.0000,1,26,True,586593.0000,589496.0000,1972.9001,1.9729
1,600.3357,589.3547,589354.7001,51,1.0-586593-589496,290.0000,1.0000,1,26,True,586593.0000,589496.0000,2761.7001,2.7617
1,1845.3042,1834.3232,1834323.2001,52,1.0-1833883-1835585,758.0000,1.0000,1,27,True,1833883.0000,1835585.0000,440.2001,0.4402
1,1845.5958,1834.6148,1834614.8001,52,1.0-1833883-1835585,758.0000,1.0000,1,27,True,1833883.0000,1835585.0000,731.8001,0.7318
1,1845.6337,1834.6527,1834652.7001,52,1.0-1833883-1835585,758.0000,1.0000,1,27,True,1833883.0000,1835585.0000,769.7001,0.7697
1,1846.2703,1835.2893,1835289.3001,52,1.0-1833883-1835585,758.0000,1.0000,1,27,True,1833883.0000,1835585.0000,1406.3001,1.4063
1,1846.5595,1835.5785,1835578.5001,52,1.0-1833883-1835585,758.0000,1.0000,1,27,True,1833883.0000,1835585.0000,1695.5001,1.6955
1,1001.7916,990.8106,990810.6001,53,1.0-990779-993681,427.0000,1.0000,1,28,True,990779.0000,993681.0000,31.6001,0.0316
1,1002.0508,991.0698,991069.8001,53,1.0-990779-993681,427.0000,1.0000,1,28,True,990779.0000,993681.0000,290.8001,0.2908
1,1002.0756,991.0946,991094.6001,53,1.0-990779-993681,427.0000,1.0000,1,28,True,990779.0000,993681.0000,315.6001,0.3156
1,1002.2654,991.2844,991284.4001,53,1.0-990779-993681,427.0000,1.0000,1,28,True,990779.0000,993681.0000,505.4001,0.5054
1,1002.4872,991.5062,991506.2001,53,1.0-990779-993681,427.0000,1.0000,1,28,True,990779.0000,993681.0000,727.2001,0.7272
1,1002.7056,991.7246,991724.6001,53,1.0-990779-993681,427.0000,1.0000,1,28,True,990779.0000,993681.0000,945.6001,0.9456
1,1002.7407,991.7597,991759.7001,53,1.0-990779-993681,427.0000,1.0000,1,28,True,990779.0000,993681.0000,980.7001,0.9807
1,1003.2525,992.2715,992271.5001,53,1.0-990779-993681,427.0000,1.0000,1,28,True,990779.0000,993681.0000,1492.5001,1.4925
1,1003.3472,992.3662,992366.2001,53,1.0-990779-993681,427.0000,1.0000,1,28,True,990779.0000,993681.0000,1587.2001,1.5872
1,1003.6244,992.6434,992643.4001,53,1.0-990779-993681,427.0000,1.0000,1,28,True,990779.0000,993681.0000,1864.4001,1.8644
1,1003.6995,992.7185,992718.5001,53,1.0-990779-993681,427.0000,1.0000,1,28,True,990779.0000,993681.0000,1939.5001,1.9395
1,1003.8861,992.9051,992905.1001,53,1.0-990779-993681,427.0000,1.0000,1,28,True,990779.0000,993681.0000,2126.1001,2.1261
1,1004.4096,993.4286,993428.6001,53,1.0-990779-993681,427.0000,1.0000,1,28,True,990779.0000,993681.0000,2649.6001,2.6496
1,1004.5367,993.5557,993555.7001,53,1.0-990779-993681,427.0000,1.0000,1,28,True,990779.0000,993681.0000,2776.7001,2.7767
1,1004.6129,993.6319,993631.9001,53,1.0-990779-993681,427.0000,1.0000,1,28,True,990779.0000,993681.0000,2852.9001,2.8529
1,221.3684,210.3874,210387.4001,54,1.0-209934-212136,126.0000,1.0000,1,29,True,209934.0000,212136.0000,453.4001,0.4534
1,221.5235,210.5425,210542.5001,54,1.0-209934-212136,126.0000,1.0000,1,29,True,209934.0000,212136.0000,608.5001,0.6085
1,221.8467,210.8657,210865.7001,54,1.0-209934-212136,126.0000,1.0000,1,29,True,209934.0000,212136.0000,931.7001,0.9317
1,221.9584,210.9774,210977.4001,54,1.0-209934-212136,126.0000,1.0000,1,29,True,209934.0000,212136.0000,1043.4001,1.0434
1,222.1463,211.1653,211165.3001,54,1.0-209934-212136,126.0000,1.0000,1,29,True,209934.0000,212136.0000,1231.3001,1.2313
1,222.3836,211.4026,211402.6001,54,1.0-209934-212136,126.0000,1.0000,1,29,True,209934.0000,212136.0000,1468.6001,1.4686
1,222.5506,211.5696,211569.6001,54,1.0-209934-212136,126.0000,1.0000,1,29,True,209934.0000,212136.0000,1635.6001,1.6356
1,222.5651,211.5841,211584.1001,54,1.0-209934-212136,126.0000,1.0000,1,29,True,209934.0000,212136.0000,1650.1001,1.6501
1,222.8167,211.8357,211835.7001,54,1.0-209934-212136,126.0000,1.0000,1,29,True,209934.0000,212136.0000,1901.7001,1.9017
1,219.9524,208.9714,208971.4001,55,1.0-208933-209867,125.0000,1.0000,1,30,True,208933.0000,209867.0000,38.4001,0.0384
1,187.1817,176.2007,176200.7001,56,1.0-176135-178404,105.0000,1.0000,1,31,True,176135.0000,178404.0000,65.7001,0.0657
1,187.2273,176.2463,176246.3001,56,1.0-176135-178404,105.0000,1.0000,1,31,True,176135.0000,178404.0000,111.3001,0.1113
1,187.4673,176.4863,176486.3001,56,1.0-176135-178404,105.0000,1.0000,1,31,True,176135.0000,178404.0000,351.3001,0.3513
1,187.4811,176.5001,176500.1001,56,1.0-176135-178404,105.0000,1.0000,1,31,True,176135.0000,178404.0000,365.1001,0.3651
1,187.6042,176.6232,176623.2001,56,1.0-176135-178404,105.0000,1.0000,1,31,True,176135.0000,178404.0000,488.2001,0.4882
1,187.7011,176.7201,176720.1001,56,1.0-176135-178404,105.0000,1.0000,1,31,True,176135.0000,178404.0000,585.1001,0.5851
1,187.7043,176.7233,176723.3001,56,1.0-176135-178404,105.0000,1.0000,1,31,True,176135.0000,178404.0000,588.3001,0.5883
1,187.7268,176.7458,176745.8001,56,1.0-176135-178404,105.0000,1.0000,1,31,True,176135.0000,178404.0000,610.8001,0.6108
1,187.8773,176.8963,176896.3001,56,1.0-176135-178404,105.0000,1.0000,1,31,True,176135.0000,178404.0000,761.3001,0.7613
1,188.4560,177.4750,177475.0001,56,1.0-176135-178404,105.0000,1.0000,1,31,True,176135.0000,178404.0000,1340.0001,1.3400
1,188.5013,177.5203,177520.3001,56,1.0-176135-178404,105.0000,1.0000,1,31,True,176135.0000,178404.0000,1385.3001,1.3853
1,188.5723,177.5913,177591.3001,56,1.0-176135-178404,105.0000,1.0000,1,31,True,176135.0000,178404.0000,1456.3001,1.4563
1,188.7490,177.7680,177768.0001,56,1.0-176135-178404,105.0000,1.0000,1,31,True,176135.0000,178404.0000,1633.0001,1.6330
1,188.9497,177.9687,177968.7001,56,1.0-176135-178404,105.0000,1.0000,1,31,True,176135.0000,178404.0000,1833.7001,1.8337
1,189.0759,178.0949,178094.9001,56,1.0-176135-178404,105.0000,1.0000,1,31,True,176135.0000,178404.0000,1959.9001,1.9599
1,189.0784,178.0974,178097.4001,56,1.0-176135-178404,105.0000,1.0000,1,31,True,176135.0000,178404.0000,1962.4001,1.9624
1,189.0954,178.1144,178114.4001,56,1.0-176135-178404,105.0000,1.0000,1,31,True,176135.0000,178404.0000,1979.4001,1.9794
1,189.1156,178.1346,178134.6001,56,1.0-176135-178404,105.0000,1.0000,1,31,True,176135.0000,178404.0000,1999.6001,1.9996
1,189.3229,178.3419,178341.9001,56,1.0-176135-178404,105.0000,1.0000,1,31,True,176135.0000,178404.0000,2206.9001,2.2069
1,342.6819,331.7009,331700.9001,57,1.0-331083-334052,187.0000,1.0000,1,32,True,331083.0000,334052.0000,617.9001,0.6179
1,342.6989,331.7179,331717.9001,57,1.0-331083-334052,187.0000,1.0000,1,32,True,331083.0000,334052.0000,634.9001,0.6349
1,343.1686,332.1876,332187.6001,57,1.0-331083-334052,187.0000,1.0000,1,32,True,331083.0000,334052.0000,1104.6001,1.1046
1,343.3230,332.3420,332342.0001,57,1.0-331083-334052,187.0000,1.0000,1,32,True,331083.0000,334052.0000,1259.0001,1.2590
1,343.4150,332.4340,332434.0001,57,1.0-331083-334052,187.0000,1.0000,1,32,True,331083.0000,334052.0000,1351.0001,1.3510
1,343.5351,332.5541,332554.1001,57,1.0-331083-334052,187.0000,1.0000,1,32,True,331083.0000,334052.0000,1471.1001,1.4711
1,343.8354,332.8544,332854.4001,57,1.0-331083-334052,187.0000,1.0000,1,32,True,331083.0000,334052.0000,1771.4001,1.7714
1,343.9350,332.9540,332954.0001,57,1.0-331083-334052,187.0000,1.0000,1,32,True,331083.0000,334052.0000,1871.0001,1.8710
1,344.0506,333.0696,333069.6001,57,1.0-331083-334052,187.0000,1.0000,1,32,True,331083.0000,334052.0000,1986.6001,1.9866
1,344.1701,333.1891,333189.1001,57,1.0-331083-334052,187.0000,1.0000,1,32,True,331083.0000,334052.0000,2106.1001,2.1061
1,344.2299,333.2489,333248.9001,57,1.0-331083-334052,187.0000,1.0000,1,32,True,331083.0000,334052.0000,2165.9001,2.1659
1,344.7110,333.7300,333730.0001,57,1.0-331083-334052,187.0000,1.0000,1,32,True,331083.0000,334052.0000,2647.0001,2.6470
1,344.8577,333.8767,333876.7001,57,1.0-331083-334052,187.0000,1.0000,1,32,True,331083.0000,334052.0000,2793.7001,2.7937
1,344.9599,333.9789,333978.9001,57,1.0-331083-334052,187.0000,1.0000,1,32,True,331083.0000,334052.0000,2895.9001,2.8959
1,592.1050,581.1240,581124.0001,58,1.0-581121-582155,287.0000,1.0000,1,33,True,581121.0000,582155.0000,3.0001,0.0030
1,592.9092,581.9282,581928.2001,58,1.0-581121-582155,287.0000,1.0000,1,33,True,581121.0000,582155.0000,807.2001,0.8072
1,2337.4169,2326.4359,2326435.9001,59,1.0-2326353-2327721,954.0000,1.0000,0,68,True,2326353.0000,2327721.0000,82.9001,0.0829
1,2337.4946,2326.5136,2326513.6001,59,1.0-2326353-2327721,954.0000,1.0000,0,68,True,2326353.0000,2327721.0000,160.6001,0.1606
1,2337.7428,2326.7618,2326761.8001,59,1.0-2326353-2327721,954.0000,1.0000,0,68,True,2326353.0000,2327721.0000,408.8001,0.4088
1,2337.7593,2326.7783,2326778.3001,59,1.0-2326353-2327721,954.0000,1.0000,0,68,True,2326353.0000,2327721.0000,425.3001,0.4253
1,2337.8295,2326.8485,2326848.5001,59,1.0-2326353-2327721,954.0000,1.0000,0,68,True,2326353.0000,2327721.0000,495.5001,0.4955
1,2337.9992,2327.0182,2327018.2001,59,1.0-2326353-2327721,954.0000,1.0000,0,68,True,2326353.0000,2327721.0000,665.2001,0.6652
1,2338.0011,2327.0201,2327020.1001,59,1.0-2326353-2327721,954.0000,1.0000,0,68,True,2326353.0000,2327721.0000,667.1001,0.6671
1,2338.0629,2327.0819,2327081.9001,59,1.0-2326353-2327721,954.0000,1.0000,0,68,True,2326353.0000,2327721.0000,728.9001,0.7289
1,2338.2114,2327.2304,2327230.4001,59,1.0-2326353-2327721,954.0000,1.0000,0,68,True,2326353.0000,2327721.0000,877.4001,0.8774
1,2338.2612,2327.2802,2327280.2001,59,1.0-2326353-2327721,954.0000,1.0000,0,68,True,2326353.0000,2327721.0000,927.2001,0.9272
1,2338.3704,2327.3894,2327389.4001,59,1.0-2326353-2327721,954.0000,1.0000,0,68,True,2326353.0000,2327721.0000,1036.4001,1.0364
1,2338.4521,2327.4711,2327471.1001,59,1.0-2326353-2327721,954.0000,1.0000,0,68,True,2326353.0000,2327721.0000,1118.1001,1.1181
1,2338.5854,2327.6044,2327604.4001,59,1.0-2326353-2327721,954.0000,1.0000,0,68,True,2326353.0000,2327721.0000,1251.4001,1.2514
1,2401.2247,2390.2437,2390243.7001,60,1.0-2390080-2393083,981.0000,1.0000,1,34,True,2390080.0000,2393083.0000,163.7001,0.1637
1,2401.4414,2390.4604,2390460.4001,60,1.0-2390080-2393083,981.0000,1.0000,1,34,True,2390080.0000,2393083.0000,380.4001,0.3804
1,2402.0665,2391.0855,2391085.5001,60,1.0-2390080-2393083,981.0000,1.0000,1,34,True,2390080.0000,2393083.0000,1005.5001,1.0055
1,2402.3600,2391.3790,2391379.0001,60,1.0-2390080-2393083,981.0000,1.0000,1,34,True,2390080.0000,2393083.0000,1299.0001,1.2990
1,2402.3838,2391.4028,2391402.8001,60,1.0-2390080-2393083,981.0000,1.0000,1,34,True,2390080.0000,2393083.0000,1322.8001,1.3228
1,2402.9922,2392.0112,2392011.2001,60,1.0-2390080-2393083,981.0000,1.0000,1,34,True,2390080.0000,2393083.0000,1931.2001,1.9312
1,2403.0703,2392.0893,2392089.3001,60,1.0-2390080-2393083,981.0000,1.0000,1,34,True,2390080.0000,2393083.0000,2009.3001,2.0093
1,2403.2283,2392.2473,2392247.3001,60,1.0-2390080-2393083,981.0000,1.0000,1,34,True,2390080.0000,2393083.0000,2167.3001,2.1673
1,2403.3028,2392.3218,2392321.8001,60,1.0-2390080-2393083,981.0000,1.0000,1,34,True,2390080.0000,2393083.0000,2241.8001,2.2418
1,2403.3635,2392.3825,2392382.5001,60,1.0-2390080-2393083,981.0000,1.0000,1,34,True,2390080.0000,2393083.0000,2302.5001,2.3025
1,2403.7469,2392.7659,2392765.9001,60,1.0-2390080-2393083,981.0000,1.0000,1,34,True,2390080.0000,2393083.0000,2685.9001,2.6859
1,2403.9810,2393.0000,2393000.0001,60,1.0-2390080-2393083,981.0000,1.0000,1,34,True,2390080.0000,2393083.0000,2920.0001,2.9200
1,1382.8163,1371.8353,1371835.3001,61,1.0-1371642-1373644,548.0000,1.0000,1,35,True,1371642.0000,1373644.0000,193.3001,0.1933
1,1383.2333,1372.2523,1372252.3001,61,1.0-1371642-1373644,548.0000,1.0000,1,35,True,1371642.0000,1373644.0000,610.3001,0.6103
1,1384.1117,1373.1307,1373130.7001,61,1.0-1371642-1373644,548.0000,1.0000,1,35,True,1371642.0000,1373644.0000,1488.7001,1.4887
1,1384.1859,1373.2049,1373204.9001,61,1.0-1371642-1373644,548.0000,1.0000,1,35,True,1371642.0000,1373644.0000,1562.9001,1.5629
1,1384.4599,1373.4789,1373478.9001,61,1.0-1371642-1373644,548.0000,1.0000,1,35,True,1371642.0000,1373644.0000,1836.9001,1.8369
1,1707.7599,1696.7789,1696778.9001,62,1.0-1696552-1699388,694.0000,1.0000,0,69,True,1696552.0000,1699388.0000,226.9001,0.2269
1,1707.9450,1696.9640,1696964.0001,62,1.0-1696552-1699388,694.0000,1.0000,0,69,True,1696552.0000,1699388.0000,412.0001,0.4120
1,1707.9543,1696.9733,1696973.3001,62,1.0-1696552-1699388,694.0000,1.0000,0,69,True,1696552.0000,1699388.0000,421.3001,0.4213
1,1708.2352,1697.2542,1697254.2001,62,1.0-1696552-1699388,694.0000,1.0000,0,69,True,1696552.0000,1699388.0000,702.2001,0.7022
1,1708.2636,1697.2826,1697282.6001,62,1.0-1696552-1699388,694.0000,1.0000,0,69,True,1696552.0000,1699388.0000,730.6001,0.7306
1,1708.2952,1697.3142,1697314.2001,62,1.0-1696552-1699388,694.0000,1.0000,0,69,True,1696552.0000,1699388.0000,762.2001,0.7622
1,1708.5934,1697.6124,1697612.4001,62,1.0-1696552-1699388,694.0000,1.0000,0,69,True,1696552.0000,1699388.0000,1060.4001,1.0604
1,1708.8466,1697.8656,1697865.6001,62,1.0-1696552-1699388,694.0000,1.0000,0,69,True,1696552.0000,1699388.0000,1313.6001,1.3136
1,1709.0499,1698.0689,1698068.9001,62,1.0-1696552-1699388,694.0000,1.0000,0,69,True,1696552.0000,1699388.0000,1516.9001,1.5169
1,1709.0669,1698.0859,1698085.9001,62,1.0-1696552-1699388,694.0000,1.0000,0,69,True,1696552.0000,1699388.0000,1533.9001,1.5339
1,1709.6105,1698.6295,1698629.5001,62,1.0-1696552-1699388,694.0000,1.0000,0,69,True,1696552.0000,1699388.0000,2077.5001,2.0775
1,1709.9865,1699.0055,1699005.5001,62,1.0-1696552-1699388,694.0000,1.0000,0,69,True,1696552.0000,1699388.0000,2453.5001,2.4535
1,1710.0503,1699.0693,1699069.3001,62,1.0-1696552-1699388,694.0000,1.0000,0,69,True,1696552.0000,1699388.0000,2517.3001,2.5173
1,1710.1171,1699.1361,1699136.1001,62,1.0-1696552-1699388,694.0000,1.0000,0,69,True,1696552.0000,1699388.0000,2584.1001,2.5841
1,1710.1608,1699.1798,1699179.8001,62,1.0-1696552-1699388,694.0000,1.0000,0,69,True,1696552.0000,1699388.0000,2627.8001,2.6278
1,1710.1734,1699.1924,1699192.4001,62,1.0-1696552-1699388,694.0000,1.0000,0,69,True,1696552.0000,1699388.0000,2640.4001,2.6404
1,1710.1762,1699.1952,1699195.2001,62,1.0-1696552-1699388,694.0000,1.0000,0,69,True,1696552.0000,1699388.0000,2643.2001,2.6432
1,1710.3243,1699.3433,1699343.3001,62,1.0-1696552-1699388,694.0000,1.0000,0,69,True,1696552.0000,1699388.0000,2791.3001,2.7913
1,1965.4986,1954.5176,1954517.6001,63,1.0-1954465-1957468,818.0000,1.0000,0,70,True,1954465.0000,1957468.0000,52.6001,0.0526
1,1965.5047,1954.5237,1954523.7001,63,1.0-1954465-1957468,818.0000,1.0000,0,70,True,1954465.0000,1957468.0000,58.7001,0.0587
1,1965.7642,1954.7832,1954783.2001,63,1.0-1954465-1957468,818.0000,1.0000,0,70,True,1954465.0000,1957468.0000,318.2001,0.3182
1,1966.0515,1955.0705,1955070.5001,63,1.0-1954465-1957468,818.0000,1.0000,0,70,True,1954465.0000,1957468.0000,605.5001,0.6055
1,1966.0847,1955.1037,1955103.7001,63,1.0-1954465-1957468,818.0000,1.0000,0,70,True,1954465.0000,1957468.0000,638.7001,0.6387
1,1966.1109,1955.1299,1955129.9001,63,1.0-1954465-1957468,818.0000,1.0000,0,70,True,1954465.0000,1957468.0000,664.9001,0.6649
1,1966.3713,1955.3903,1955390.3001,63,1.0-1954465-1957468,818.0000,1.0000,0,70,True,1954465.0000,1957468.0000,925.3001,0.9253
1,1966.4599,1955.4789,1955478.9001,63,1.0-1954465-1957468,818.0000,1.0000,0,70,True,1954465.0000,1957468.0000,1013.9001,1.0139
1,1966.5989,1955.6179,1955617.9001,63,1.0-1954465-1957468,818.0000,1.0000,0,70,True,1954465.0000,1957468.0000,1152.9001,1.1529
1,1966.7888,1955.8078,1955807.8001,63,1.0-1954465-1957468,818.0000,1.0000,0,70,True,1954465.0000,1957468.0000,1342.8001,1.3428
1,1967.0801,1956.0991,1956099.1001,63,1.0-1954465-1957468,818.0000,1.0000,0,70,True,1954465.0000,1957468.0000,1634.1001,1.6341
1,1967.2180,1956.2370,1956237.0001,63,1.0-1954465-1957468,818.0000,1.0000,0,70,True,1954465.0000,1957468.0000,1772.0001,1.7720
1,1967.6250,1956.6440,1956644.0001,63,1.0-1954465-1957468,818.0000,1.0000,0,70,True,1954465.0000,1957468.0000,2179.0001,2.1790
1,1968.2865,1957.3055,1957305.5001,63,1.0-1954465-1957468,818.0000,1.0000,0,70,True,1954465.0000,1957468.0000,2840.5001,2.8405
1,1968.4073,1957.4263,1957426.3001,63,1.0-1954465-1957468,818.0000,1.0000,0,70,True,1954465.0000,1957468.0000,2961.3001,2.9613
1,707.0027,696.0217,696021.7001,64,1.0-695797-697432,326.0000,1.0000,0,71,True,695797.0000,697432.0000,224.7001,0.2247
1,707.0045,696.0235,696023.5001,64,1.0-695797-697432,326.0000,1.0000,0,71,True,695797.0000,697432.0000,226.5001,0.2265
1,707.0897,696.1087,696108.7001,64,1.0-695797-697432,326.0000,1.0000,0,71,True,695797.0000,697432.0000,311.7001,0.3117
1,707.1440,696.1630,696163.0001,64,1.0-695797-697432,326.0000,1.0000,0,71,True,695797.0000,697432.0000,366.0001,0.3660
1,707.7225,696.7415,696741.5001,64,1.0-695797-697432,326.0000,1.0000,0,71,True,695797.0000,697432.0000,944.5001,0.9445
1,707.7896,696.8086,696808.6001,64,1.0-695797-697432,326.0000,1.0000,0,71,True,695797.0000,697432.0000,1011.6001,1.0116
1,707.9449,696.9639,696963.9001,64,1.0-695797-697432,326.0000,1.0000,0,71,True,695797.0000,697432.0000,1166.9001,1.1669
1,708.0262,697.0452,697045.2001,64,1.0-695797-697432,326.0000,1.0000,0,71,True,695797.0000,697432.0000,1248.2001,1.2482
1,708.2791,697.2981,697298.1001,64,1.0-695797-697432,326.0000,1.0000,0,71,True,695797.0000,697432.0000,1501.1001,1.5011
1,100.2703,89.2893,89289.3001,65,1.0-88785-90453,51.0000,1.0000,1,36,True,88785.0000,90453.0000,504.3001,0.5043
1,100.6456,89.6646,89664.6001,65,1.0-88785-90453,51.0000,1.0000,1,36,True,88785.0000,90453.0000,879.6001,0.8796
1,100.7102,89.7292,89729.2001,65,1.0-88785-90453,51.0000,1.0000,1,36,True,88785.0000,90453.0000,944.2001,0.9442
1,100.8715,89.8905,89890.5001,65,1.0-88785-90453,51.0000,1.0000,1,36,True,88785.0000,90453.0000,1105.5001,1.1055
1,100.9243,89.9433,89943.3001,65,1.0-88785-90453,51.0000,1.0000,1,36,True,88785.0000,90453.0000,1158.3001,1.1583
1,101.0589,90.0779,90077.9001,65,1.0-88785-90453,51.0000,1.0000,1,36,True,88785.0000,90453.0000,1292.9001,1.2929
1,101.1379,90.1569,90156.9001,65,1.0-88785-90453,51.0000,1.0000,1,36,True,88785.0000,90453.0000,1371.9001,1.3719
1,101.3724,90.3914,90391.4001,65,1.0-88785-90453,51.0000,1.0000,1,36,True,88785.0000,90453.0000,1606.4001,1.6064
1,719.9393,708.9583,708958.3001,66,1.0-708910-710945,330.0000,1.0000,0,72,True,708910.0000,710945.0000,48.3001,0.0483
1,720.2405,709.2595,709259.5001,66,1.0-708910-710945,330.0000,1.0000,0,72,True,708910.0000,710945.0000,349.5001,0.3495
1,720.2434,709.2624,709262.4001,66,1.0-708910-710945,330.0000,1.0000,0,72,True,708910.0000,710945.0000,352.4001,0.3524
1,720.2771,709.2961,709296.1001,66,1.0-708910-710945,330.0000,1.0000,0,72,True,708910.0000,710945.0000,386.1001,0.3861
1,720.6314,709.6504,709650.4001,66,1.0-708910-710945,330.0000,1.0000,0,72,True,708910.0000,710945.0000,740.4001,0.7404
1,720.7002,709.7192,709719.2001,66,1.0-708910-710945,330.0000,1.0000,0,72,True,708910.0000,710945.0000,809.2001,0.8092
1,720.7277,709.7467,709746.7001,66,1.0-708910-710945,330.0000,1.0000,0,72,True,708910.0000,710945.0000,836.7001,0.8367
1,720.8668,709.8858,709885.8001,66,1.0-708910-710945,330.0000,1.0000,0,72,True,708910.0000,710945.0000,975.8001,0.9758
1,721.0034,710.0224,710022.4001,66,1.0-708910-710945,330.0000,1.0000,0,72,True,708910.0000,710945.0000,1112.4001,1.1124
1,721.0817,710.1007,710100.7001,66,1.0-708910-710945,330.0000,1.0000,0,72,True,708910.0000,710945.0000,1190.7001,1.1907
1,721.1323,710.1513,710151.3001,66,1.0-708910-710945,330.0000,1.0000,0,72,True,708910.0000,710945.0000,1241.3001,1.2413
1,721.6294,710.6484,710648.4001,66,1.0-708910-710945,330.0000,1.0000,0,72,True,708910.0000,710945.0000,1738.4001,1.7384
1,1567.8547,1556.8737,1556873.7001,67,1.0-1556785-1558787,634.0000,1.0000,1,37,True,1556785.0000,1558787.0000,88.7001,0.0887
1,1567.9525,1556.9715,1556971.5001,67,1.0-1556785-1558787,634.0000,1.0000,1,37,True,1556785.0000,1558787.0000,186.5001,0.1865
1,1568.1449,1557.1639,1557163.9001,67,1.0-1556785-1558787,634.0000,1.0000,1,37,True,1556785.0000,1558787.0000,378.9001,0.3789
1,1568.1629,1557.1819,1557181.9001,67,1.0-1556785-1558787,634.0000,1.0000,1,37,True,1556785.0000,1558787.0000,396.9001,0.3969
1,1568.4283,1557.4473,1557447.3001,67,1.0-1556785-1558787,634.0000,1.0000,1,37,True,1556785.0000,1558787.0000,662.3001,0.6623
1,1568.8471,1557.8661,1557866.1001,67,1.0-1556785-1558787,634.0000,1.0000,1,37,True,1556785.0000,1558787.0000,1081.1001,1.0811
1,1568.8882,1557.9072,1557907.2001,67,1.0-1556785-1558787,634.0000,1.0000,1,37,True,1556785.0000,1558787.0000,1122.2001,1.1222
1,1569.2228,1558.2418,1558241.8001,67,1.0-1556785-1558787,634.0000,1.0000,1,37,True,1556785.0000,1558787.0000,1456.8001,1.4568
1,1754.8719,1743.8909,1743890.9001,68,1.0-1743697-1744531,716.0000,1.0000,0,73,True,1743697.0000,1744531.0000,193.9001,0.1939
1,1755.1091,1744.1281,1744128.1001,68,1.0-1743697-1744531,716.0000,1.0000,0,73,True,1743697.0000,1744531.0000,431.1001,0.4311
1,1755.1286,1744.1476,1744147.6001,68,1.0-1743697-1744531,716.0000,1.0000,0,73,True,1743697.0000,1744531.0000,450.6001,0.4506
1,1755.1359,1744.1549,1744154.9001,68,1.0-1743697-1744531,716.0000,1.0000,0,73,True,1743697.0000,1744531.0000,457.9001,0.4579
1,1755.1495,1744.1685,1744168.5001,68,1.0-1743697-1744531,716.0000,1.0000,0,73,True,1743697.0000,1744531.0000,471.5001,0.4715
1,1755.2353,1744.2543,1744254.3001,68,1.0-1743697-1744531,716.0000,1.0000,0,73,True,1743697.0000,1744531.0000,557.3001,0.5573
1,1755.2874,1744.3064,1744306.4001,68,1.0-1743697-1744531,716.0000,1.0000,0,73,True,1743697.0000,1744531.0000,609.4001,0.6094
1,1755.4959,1744.5149,1744514.9001,68,1.0-1743697-1744531,716.0000,1.0000,0,73,True,1743697.0000,1744531.0000,817.9001,0.8179
1,1425.0547,1414.0737,1414073.7001,69,1.0-1413882-1415751,560.0000,1.0000,1,38,True,1413882.0000,1415751.0000,191.7001,0.1917
1,1425.0702,1414.0892,1414089.2001,69,1.0-1413882-1415751,560.0000,1.0000,1,38,True,1413882.0000,1415751.0000,207.2001,0.2072
1,1425.7311,1414.7501,1414750.1001,69,1.0-1413882-1415751,560.0000,1.0000,1,38,True,1413882.0000,1415751.0000,868.1001,0.8681
1,1426.0275,1415.0465,1415046.5001,69,1.0-1413882-1415751,560.0000,1.0000,1,38,True,1413882.0000,1415751.0000,1164.5001,1.1645
1,1426.0365,1415.0555,1415055.5001,69,1.0-1413882-1415751,560.0000,1.0000,1,38,True,1413882.0000,1415751.0000,1173.5001,1.1735
1,1426.0603,1415.0793,1415079.3001,69,1.0-1413882-1415751,560.0000,1.0000,1,38,True,1413882.0000,1415751.0000,1197.3001,1.1973
1,1426.1307,1415.1497,1415149.7001,69,1.0-1413882-1415751,560.0000,1.0000,1,38,True,1413882.0000,1415751.0000,1267.7001,1.2677
1,1426.1765,1415.1955,1415195.5001,69,1.0-1413882-1415751,560.0000,1.0000,1,38,True,1413882.0000,1415751.0000,1313.5001,1.3135
1,1426.2127,1415.2317,1415231.7001,69,1.0-1413882-1415751,560.0000,1.0000,1,38,True,1413882.0000,1415751.0000,1349.7001,1.3497
1,1426.3159,1415.3349,1415334.9001,69,1.0-1413882-1415751,560.0000,1.0000,1,38,True,1413882.0000,1415751.0000,1452.9001,1.4529
1,1426.6225,1415.6415,1415641.5001,69,1.0-1413882-1415751,560.0000,1.0000,1,38,True,1413882.0000,1415751.0000,1759.5001,1.7595
1,1426.6500,1415.6690,1415669.0001,69,1.0-1413882-1415751,560.0000,1.0000,1,38,True,1413882.0000,1415751.0000,1787.0001,1.7870
1,1841.1207,1830.1397,1830139.7001,70,1.0-1829946-1830980,755.0000,1.0000,1,39,True,1829946.0000,1830980.0000,193.7001,0.1937
1,1841.1437,1830.1627,1830162.7001,70,1.0-1829946-1830980,755.0000,1.0000,1,39,True,1829946.0000,1830980.0000,216.7001,0.2167
1,1841.5467,1830.5657,1830565.7001,70,1.0-1829946-1830980,755.0000,1.0000,1,39,True,1829946.0000,1830980.0000,619.7001,0.6197
1,1841.5590,1830.5780,1830578.0001,70,1.0-1829946-1830980,755.0000,1.0000,1,39,True,1829946.0000,1830980.0000,632.0001,0.6320
1,1841.5908,1830.6098,1830609.8001,70,1.0-1829946-1830980,755.0000,1.0000,1,39,True,1829946.0000,1830980.0000,663.8001,0.6638
1,1841.7497,1830.7687,1830768.7001,70,1.0-1829946-1830980,755.0000,1.0000,1,39,True,1829946.0000,1830980.0000,822.7001,0.8227
1,1841.8587,1830.8777,1830877.7001,70,1.0-1829946-1830980,755.0000,1.0000,1,39,True,1829946.0000,1830980.0000,931.7001,0.9317
1,191.3152,180.3342,180334.2001,71,1.0-180272-182107,107.0000,1.0000,1,40,True,180272.0000,182107.0000,62.2001,0.0622
1,191.3442,180.3632,180363.2001,71,1.0-180272-182107,107.0000,1.0000,1,40,True,180272.0000,182107.0000,91.2001,0.0912
1,191.3906,180.4096,180409.6001,71,1.0-180272-182107,107.0000,1.0000,1,40,True,180272.0000,182107.0000,137.6001,0.1376
1,191.6407,180.6597,180659.7001,71,1.0-180272-182107,107.0000,1.0000,1,40,True,180272.0000,182107.0000,387.7001,0.3877
1,191.9114,180.9304,180930.4001,71,1.0-180272-182107,107.0000,1.0000,1,40,True,180272.0000,182107.0000,658.4001,0.6584
1,191.9785,180.9975,180997.5001,71,1.0-180272-182107,107.0000,1.0000,1,40,True,180272.0000,182107.0000,725.5001,0.7255
1,192.1133,181.1323,181132.3001,71,1.0-180272-182107,107.0000,1.0000,1,40,True,180272.0000,182107.0000,860.3001,0.8603
1,192.1335,181.1525,181152.5001,71,1.0-180272-182107,107.0000,1.0000,1,40,True,180272.0000,182107.0000,880.5001,0.8805
1,192.3121,181.3311,181331.1001,71,1.0-180272-182107,107.0000,1.0000,1,40,True,180272.0000,182107.0000,1059.1001,1.0591
1,192.4282,181.4472,181447.2001,71,1.0-180272-182107,107.0000,1.0000,1,40,True,180272.0000,182107.0000,1175.2001,1.1752
1,192.5319,181.5509,181550.9001,71,1.0-180272-182107,107.0000,1.0000,1,40,True,180272.0000,182107.0000,1278.9001,1.2789
1,192.5537,181.5727,181572.7001,71,1.0-180272-182107,107.0000,1.0000,1,40,True,180272.0000,182107.0000,1300.7001,1.3007
1,192.5844,181.6034,181603.4001,71,1.0-180272-182107,107.0000,1.0000,1,40,True,180272.0000,182107.0000,1331.4001,1.3314
1,192.7091,181.7281,181728.1001,71,1.0-180272-182107,107.0000,1.0000,1,40,True,180272.0000,182107.0000,1456.1001,1.4561
1,192.9645,181.9835,181983.5001,71,1.0-180272-182107,107.0000,1.0000,1,40,True,180272.0000,182107.0000,1711.5001,1.7115
1,502.5253,491.5443,491544.3001,72,1.0-491436-493171,257.0000,1.0000,1,41,True,491436.0000,493171.0000,108.3001,0.1083
1,502.6149,491.6339,491633.9001,72,1.0-491436-493171,257.0000,1.0000,1,41,True,491436.0000,493171.0000,197.9001,0.1979
1,502.6659,491.6849,491684.9001,72,1.0-491436-493171,257.0000,1.0000,1,41,True,491436.0000,493171.0000,248.9001,0.2489
1,502.7116,491.7306,491730.6001,72,1.0-491436-493171,257.0000,1.0000,1,41,True,491436.0000,493171.0000,294.6001,0.2946
1,502.7189,491.7379,491737.9001,72,1.0-491436-493171,257.0000,1.0000,1,41,True,491436.0000,493171.0000,301.9001,0.3019
1,502.7229,491.7419,491741.9001,72,1.0-491436-493171,257.0000,1.0000,1,41,True,491436.0000,493171.0000,305.9001,0.3059
1,502.7256,491.7446,491744.6001,72,1.0-491436-493171,257.0000,1.0000,1,41,True,491436.0000,493171.0000,308.6001,0.3086
1,502.7647,491.7837,491783.7001,72,1.0-491436-493171,257.0000,1.0000,1,41,True,491436.0000,493171.0000,347.7001,0.3477
1,502.8772,491.8962,491896.2001,72,1.0-491436-493171,257.0000,1.0000,1,41,True,491436.0000,493171.0000,460.2001,0.4602
1,502.9034,491.9224,491922.4001,72,1.0-491436-493171,257.0000,1.0000,1,41,True,491436.0000,493171.0000,486.4001,0.4864
1,502.9433,491.9623,491962.3001,72,1.0-491436-493171,257.0000,1.0000,1,41,True,491436.0000,493171.0000,526.3001,0.5263
1,503.1723,492.1913,492191.3001,72,1.0-491436-493171,257.0000,1.0000,1,41,True,491436.0000,493171.0000,755.3001,0.7553
1,503.1956,492.2146,492214.6001,72,1.0-491436-493171,257.0000,1.0000,1,41,True,491436.0000,493171.0000,778.6001,0.7786
1,503.2065,492.2255,492225.5001,72,1.0-491436-493171,257.0000,1.0000,1,41,True,491436.0000,493171.0000,789.5001,0.7895
1,503.2217,492.2407,492240.7001,72,1.0-491436-493171,257.0000,1.0000,1,41,True,491436.0000,493171.0000,804.7001,0.8047
1,503.2474,492.2664,492266.4001,72,1.0-491436-493171,257.0000,1.0000,1,41,True,491436.0000,493171.0000,830.4001,0.8304
1,503.2523,492.2713,492271.3001,72,1.0-491436-493171,257.0000,1.0000,1,41,True,491436.0000,493171.0000,835.3001,0.8353
1,503.4829,492.5019,492501.9001,72,1.0-491436-493171,257.0000,1.0000,1,41,True,491436.0000,493171.0000,1065.9001,1.0659
1,503.4961,492.5151,492515.1001,72,1.0-491436-493171,257.0000,1.0000,1,41,True,491436.0000,493171.0000,1079.1001,1.0791
1,503.7745,492.7935,492793.5001,72,1.0-491436-493171,257.0000,1.0000,1,41,True,491436.0000,493171.0000,1357.5001,1.3575
1,503.8892,492.9082,492908.2001,72,1.0-491436-493171,257.0000,1.0000,1,41,True,491436.0000,493171.0000,1472.2001,1.4722
1,504.0786,493.0976,493097.6001,72,1.0-491436-493171,257.0000,1.0000,1,41,True,491436.0000,493171.0000,1661.6001,1.6616
1,48.9395,37.9585,37958.5001,73,1.0-37569-38670,19.0000,1.0000,0,74,True,37569.0000,38670.0000,389.5001,0.3895
1,49.1164,38.1354,38135.4001,73,1.0-37569-38670,19.0000,1.0000,0,74,True,37569.0000,38670.0000,566.4001,0.5664
1,49.4294,38.4484,38448.4001,73,1.0-37569-38670,19.0000,1.0000,0,74,True,37569.0000,38670.0000,879.4001,0.8794
1,1613.7706,1602.7896,1602789.6001,74,1.0-1602763-1605532,650.0000,1.0000,1,42,True,1602763.0000,1605532.0000,26.6001,0.0266
1,1613.9774,1602.9964,1602996.4001,74,1.0-1602763-1605532,650.0000,1.0000,1,42,True,1602763.0000,1605532.0000,233.4001,0.2334
1,1614.0220,1603.0410,1603041.0001,74,1.0-1602763-1605532,650.0000,1.0000,1,42,True,1602763.0000,1605532.0000,278.0001,0.2780
1,1614.1109,1603.1299,1603129.9001,74,1.0-1602763-1605532,650.0000,1.0000,1,42,True,1602763.0000,1605532.0000,366.9001,0.3669
1,1614.4295,1603.4485,1603448.5001,74,1.0-1602763-1605532,650.0000,1.0000,1,42,True,1602763.0000,1605532.0000,685.5001,0.6855
1,1614.5429,1603.5619,1603561.9001,74,1.0-1602763-1605532,650.0000,1.0000,1,42,True,1602763.0000,1605532.0000,798.9001,0.7989
1,1614.5481,1603.5671,1603567.1001,74,1.0-1602763-1605532,650.0000,1.0000,1,42,True,1602763.0000,1605532.0000,804.1001,0.8041
1,1614.6295,1603.6485,1603648.5001,74,1.0-1602763-1605532,650.0000,1.0000,1,42,True,1602763.0000,1605532.0000,885.5001,0.8855
1,1614.9191,1603.9381,1603938.1001,74,1.0-1602763-1605532,650.0000,1.0000,1,42,True,1602763.0000,1605532.0000,1175.1001,1.1751
1,1615.5142,1604.5332,1604533.2001,74,1.0-1602763-1605532,650.0000,1.0000,1,42,True,1602763.0000,1605532.0000,1770.2001,1.7702
1,1615.5434,1604.5624,1604562.4001,74,1.0-1602763-1605532,650.0000,1.0000,1,42,True,1602763.0000,1605532.0000,1799.4001,1.7994
1,1616.1286,1605.1476,1605147.6001,74,1.0-1602763-1605532,650.0000,1.0000,1,42,True,1602763.0000,1605532.0000,2384.6001,2.3846
1,1616.2376,1605.2566,1605256.6001,74,1.0-1602763-1605532,650.0000,1.0000,1,42,True,1602763.0000,1605532.0000,2493.6001,2.4936
1,1616.4301,1605.4491,1605449.1001,74,1.0-1602763-1605532,650.0000,1.0000,1,42,True,1602763.0000,1605532.0000,2686.1001,2.6861
1,1616.4592,1605.4782,1605478.2001,74,1.0-1602763-1605532,650.0000,1.0000,1,42,True,1602763.0000,1605532.0000,2715.2001,2.7152
