units,spikeTimeRawS,movieAlignedTimeS,movieAlignedTimeMs,trialOrder,clipWindowId,clipID,movieID,isAccurate,plotOrder,includeInPlots,clipStartTimeMs,clipEndTimeMs,spikeTimeRelativeToClipStartMs,spikeTimeRelativeToClipStartS
1,1882.5461,1871.5651,1871565.1001,1,1.0-1871219-1873354,783.0000,1.0000,1,1,True,1871219.0000,1873354.0000,346.1001,0.3461
1,1882.7673,1871.7863,1871786.3001,1,1.0-1871219-1873354,783.0000,1.0000,1,1,True,1871219.0000,1873354.0000,567.3001,0.5673
1,1882.7897,1871.8087,1871808.7001,1,1.0-1871219-1873354,783.0000,1.0000,1,1,True,1871219.0000,1873354.0000,589.7001,0.5897
1,1882.9201,1871.9391,1871939.1001,1,1.0-1871219-1873354,783.0000,1.0000,1,1,True,1871219.0000,1873354.0000,720.1001,0.7201
1,1882.9618,1871.9808,1871980.8001,1,1.0-1871219-1873354,783.0000,1.0000,1,1,True,1871219.0000,1873354.0000,761.8001,0.7618
1,1883.4694,1872.4884,1872488.4001,1,1.0-1871219-1873354,783.0000,1.0000,1,1,True,1871219.0000,1873354.0000,1269.4001,1.2694
1,1883.6161,1872.6351,1872635.1001,1,1.0-1871219-1873354,783.0000,1.0000,1,1,True,1871219.0000,1873354.0000,1416.1001,1.4161
1,1883.7551,1872.7741,1872774.1001,1,1.0-1871219-1873354,783.0000,1.0000,1,1,True,1871219.0000,1873354.0000,1555.1001,1.5551
1,1883.9331,1872.9521,1872952.1001,1,1.0-1871219-1873354,783.0000,1.0000,1,1,True,1871219.0000,1873354.0000,1733.1001,1.7331
1,1884.0358,1873.0548,1873054.8001,1,1.0-1871219-1873354,783.0000,1.0000,1,1,True,1871219.0000,1873354.0000,1835.8001,1.8358
1,103.8042,92.8232,92823.2001,2,1.0-92755-93489,54.0000,1.0000,1,2,True,92755.0000,93489.0000,68.2001,0.0682
1,103.9240,92.9430,92943.0001,2,1.0-92755-93489,54.0000,1.0000,1,2,True,92755.0000,93489.0000,188.0001,0.1880
1,104.0421,93.0611,93061.1001,2,1.0-92755-93489,54.0000,1.0000,1,2,True,92755.0000,93489.0000,306.1001,0.3061
1,104.1707,93.1897,93189.7001,2,1.0-92755-93489,54.0000,1.0000,1,2,True,92755.0000,93489.0000,434.7001,0.4347
1,104.3615,93.3805,93380.5001,2,1.0-92755-93489,54.0000,1.0000,1,2,True,92755.0000,93489.0000,625.5001,0.6255
1,195.5521,184.5711,184571.1001,3,1.0-184242-187145,109.0000,1.0000,1,3,True,184242.0000,187145.0000,329.1001,0.3291
1,195.5788,184.5978,184597.8001,3,1.0-184242-187145,109.0000,1.0000,1,3,True,184242.0000,187145.0000,355.8001,0.3558
1,195.5949,184.6139,184613.9001,3,1.0-184242-187145,109.0000,1.0000,1,3,True,184242.0000,187145.0000,371.9001,0.3719
1,196.0782,185.0972,185097.2001,3,1.0-184242-187145,109.0000,1.0000,1,3,True,184242.0000,187145.0000,855.2001,0.8552
1,196.1290,185.1480,185148.0001,3,1.0-184242-187145,109.0000,1.0000,1,3,True,184242.0000,187145.0000,906.0001,0.9060
1,196.3029,185.3219,185321.9001,3,1.0-184242-187145,109.0000,1.0000,1,3,True,184242.0000,187145.0000,1079.9001,1.0799
1,196.4083,185.4273,185427.3001,3,1.0-184242-187145,109.0000,1.0000,1,3,True,184242.0000,187145.0000,1185.3001,1.1853
1,196.4974,185.5164,185516.4001,3,1.0-184242-187145,109.0000,1.0000,1,3,True,184242.0000,187145.0000,1274.4001,1.2744
1,196.7934,185.8124,185812.4001,3,1.0-184242-187145,109.0000,1.0000,1,3,True,184242.0000,187145.0000,1570.4001,1.5704
1,197.4045,186.4235,186423.5001,3,1.0-184242-187145,109.0000,1.0000,1,3,True,184242.0000,187145.0000,2181.5001,2.1815
1,197.8115,186.8305,186830.5001,3,1.0-184242-187145,109.0000,1.0000,1,3,True,184242.0000,187145.0000,2588.5001,2.5885
1,534.0039,523.0229,523022.9001,4,1.0-522899-524901,267.0000,1.0000,1,4,True,522899.0000,524901.0000,123.9001,0.1239
1,534.1873,523.2063,523206.3001,4,1.0-522899-524901,267.0000,1.0000,1,4,True,522899.0000,524901.0000,307.3001,0.3073
1,534.8292,523.8482,523848.2001,4,1.0-522899-524901,267.0000,1.0000,1,4,True,522899.0000,524901.0000,949.2001,0.9492
1,535.0904,524.1094,524109.4001,4,1.0-522899-524901,267.0000,1.0000,1,4,True,522899.0000,524901.0000,1210.4001,1.2104
1,535.1013,524.1203,524120.3001,4,1.0-522899-524901,267.0000,1.0000,1,4,True,522899.0000,524901.0000,1221.3001,1.2213
1,535.2153,524.2343,524234.3001,4,1.0-522899-524901,267.0000,1.0000,1,4,True,522899.0000,524901.0000,1335.3001,1.3353
1,535.2967,524.3157,524315.7001,4,1.0-522899-524901,267.0000,1.0000,1,4,True,522899.0000,524901.0000,1416.7001,1.4167
1,535.2986,524.3176,524317.6001,4,1.0-522899-524901,267.0000,1.0000,1,4,True,522899.0000,524901.0000,1418.6001,1.4186
1,535.3508,524.3698,524369.8001,4,1.0-522899-524901,267.0000,1.0000,1,4,True,522899.0000,524901.0000,1470.8001,1.4708
1,535.4973,524.5163,524516.3001,4,1.0-522899-524901,267.0000,1.0000,1,4,True,522899.0000,524901.0000,1617.3001,1.6173
1,535.6524,524.6714,524671.4001,4,1.0-522899-524901,267.0000,1.0000,1,4,True,522899.0000,524901.0000,1772.4001,1.7724
1,535.6926,524.7116,524711.6001,4,1.0-522899-524901,267.0000,1.0000,1,4,True,522899.0000,524901.0000,1812.6001,1.8126
1,1048.8725,1037.8915,1037891.5001,5,1.0-1037824-1040693,444.0000,1.0000,1,5,True,1037824.0000,1040693.0000,67.5001,0.0675
1,1049.0182,1038.0372,1038037.2001,5,1.0-1037824-1040693,444.0000,1.0000,1,5,True,1037824.0000,1040693.0000,213.2001,0.2132
1,1049.1979,1038.2169,1038216.9001,5,1.0-1037824-1040693,444.0000,1.0000,1,5,True,1037824.0000,1040693.0000,392.9001,0.3929
1,1049.3032,1038.3222,1038322.2001,5,1.0-1037824-1040693,444.0000,1.0000,1,5,True,1037824.0000,1040693.0000,498.2001,0.4982
1,1049.3211,1038.3401,1038340.1001,5,1.0-1037824-1040693,444.0000,1.0000,1,5,True,1037824.0000,1040693.0000,516.1001,0.5161
1,1049.4954,1038.5144,1038514.4001,5,1.0-1037824-1040693,444.0000,1.0000,1,5,True,1037824.0000,1040693.0000,690.4001,0.6904
1,1049.5339,1038.5529,1038552.9001,5,1.0-1037824-1040693,444.0000,1.0000,1,5,True,1037824.0000,1040693.0000,728.9001,0.7289
1,1050.0263,1039.0453,1039045.3001,5,1.0-1037824-1040693,444.0000,1.0000,1,5,True,1037824.0000,1040693.0000,1221.3001,1.2213
1,1050.2158,1039.2348,1039234.8001,5,1.0-1037824-1040693,444.0000,1.0000,1,5,True,1037824.0000,1040693.0000,1410.8001,1.4108
1,1050.2492,1039.2682,1039268.2001,5,1.0-1037824-1040693,444.0000,1.0000,1,5,True,1037824.0000,1040693.0000,1444.2001,1.4442
1,1050.3731,1039.3921,1039392.1001,5,1.0-1037824-1040693,444.0000,1.0000,1,5,True,1037824.0000,1040693.0000,1568.1001,1.5681
1,1050.4262,1039.4452,1039445.2001,5,1.0-1037824-1040693,444.0000,1.0000,1,5,True,1037824.0000,1040693.0000,1621.2001,1.6212
1,1050.4619,1039.4809,1039480.9001,5,1.0-1037824-1040693,444.0000,1.0000,1,5,True,1037824.0000,1040693.0000,1656.9001,1.6569
1,1050.4737,1039.4927,1039492.7001,5,1.0-1037824-1040693,444.0000,1.0000,1,5,True,1037824.0000,1040693.0000,1668.7001,1.6687
1,1050.4782,1039.4972,1039497.2001,5,1.0-1037824-1040693,444.0000,1.0000,1,5,True,1037824.0000,1040693.0000,1673.2001,1.6732
1,1050.5282,1039.5472,1039547.2001,5,1.0-1037824-1040693,444.0000,1.0000,1,5,True,1037824.0000,1040693.0000,1723.2001,1.7232
1,1050.5462,1039.5652,1039565.2001,5,1.0-1037824-1040693,444.0000,1.0000,1,5,True,1037824.0000,1040693.0000,1741.2001,1.7412
1,1050.5754,1039.5944,1039594.4001,5,1.0-1037824-1040693,444.0000,1.0000,1,5,True,1037824.0000,1040693.0000,1770.4001,1.7704
1,1050.5846,1039.6036,1039603.6001,5,1.0-1037824-1040693,444.0000,1.0000,1,5,True,1037824.0000,1040693.0000,1779.6001,1.7796
1,1050.6882,1039.7072,1039707.2001,5,1.0-1037824-1040693,444.0000,1.0000,1,5,True,1037824.0000,1040693.0000,1883.2001,1.8832
1,1050.7116,1039.7306,1039730.6001,5,1.0-1037824-1040693,444.0000,1.0000,1,5,True,1037824.0000,1040693.0000,1906.6001,1.9066
1,1050.9657,1039.9847,1039984.7001,5,1.0-1037824-1040693,444.0000,1.0000,1,5,True,1037824.0000,1040693.0000,2160.7001,2.1607
1,1050.9710,1039.9900,1039990.0001,5,1.0-1037824-1040693,444.0000,1.0000,1,5,True,1037824.0000,1040693.0000,2166.0001,2.1660
1,1050.9950,1040.0140,1040014.0001,5,1.0-1037824-1040693,444.0000,1.0000,1,5,True,1037824.0000,1040693.0000,2190.0001,2.1900
1,1051.0443,1040.0633,1040063.3001,5,1.0-1037824-1040693,444.0000,1.0000,1,5,True,1037824.0000,1040693.0000,2239.3001,2.2393
1,1051.0701,1040.0891,1040089.1001,5,1.0-1037824-1040693,444.0000,1.0000,1,5,True,1037824.0000,1040693.0000,2265.1001,2.2651
1,1051.0811,1040.1001,1040100.1001,5,1.0-1037824-1040693,444.0000,1.0000,1,5,True,1037824.0000,1040693.0000,2276.1001,2.2761
1,1051.2005,1040.2195,1040219.5001,5,1.0-1037824-1040693,444.0000,1.0000,1,5,True,1037824.0000,1040693.0000,2395.5001,2.3955
1,1051.2155,1040.2345,1040234.5001,5,1.0-1037824-1040693,444.0000,1.0000,1,5,True,1037824.0000,1040693.0000,2410.5001,2.4105
1,1051.2302,1040.2492,1040249.2001,5,1.0-1037824-1040693,444.0000,1.0000,1,5,True,1037824.0000,1040693.0000,2425.2001,2.4252
1,1051.2420,1040.2610,1040261.0001,5,1.0-1037824-1040693,444.0000,1.0000,1,5,True,1037824.0000,1040693.0000,2437.0001,2.4370
1,1051.2818,1040.3008,1040300.8001,5,1.0-1037824-1040693,444.0000,1.0000,1,5,True,1037824.0000,1040693.0000,2476.8001,2.4768
1,1051.3527,1040.3717,1040371.7001,5,1.0-1037824-1040693,444.0000,1.0000,1,5,True,1037824.0000,1040693.0000,2547.7001,2.5477
1,1051.3721,1040.3911,1040391.1001,5,1.0-1037824-1040693,444.0000,1.0000,1,5,True,1037824.0000,1040693.0000,2567.1001,2.5671
1,1051.3824,1040.4014,1040401.4001,5,1.0-1037824-1040693,444.0000,1.0000,1,5,True,1037824.0000,1040693.0000,2577.4001,2.5774
1,1051.4172,1040.4362,1040436.2001,5,1.0-1037824-1040693,444.0000,1.0000,1,5,True,1037824.0000,1040693.0000,2612.2001,2.6122
1,1051.4860,1040.5050,1040505.0001,5,1.0-1037824-1040693,444.0000,1.0000,1,5,True,1037824.0000,1040693.0000,2681.0001,2.6810
1,1051.5520,1040.5710,1040571.0001,5,1.0-1037824-1040693,444.0000,1.0000,1,5,True,1037824.0000,1040693.0000,2747.0001,2.7470
1,1051.6004,1040.6194,1040619.4001,5,1.0-1037824-1040693,444.0000,1.0000,1,5,True,1037824.0000,1040693.0000,2795.4001,2.7954
1,1051.6515,1040.6705,1040670.5001,5,1.0-1037824-1040693,444.0000,1.0000,1,5,True,1037824.0000,1040693.0000,2846.5001,2.8465
1,318.9572,307.9762,307976.2001,6,1.0-307894-310296,173.0000,1.0000,1,6,True,307894.0000,310296.0000,82.2001,0.0822
1,319.3222,308.3412,308341.2001,6,1.0-307894-310296,173.0000,1.0000,1,6,True,307894.0000,310296.0000,447.2001,0.4472
1,319.3497,308.3687,308368.7001,6,1.0-307894-310296,173.0000,1.0000,1,6,True,307894.0000,310296.0000,474.7001,0.4747
1,319.7956,308.8146,308814.6001,6,1.0-307894-310296,173.0000,1.0000,1,6,True,307894.0000,310296.0000,920.6001,0.9206
1,320.1964,309.2154,309215.4001,6,1.0-307894-310296,173.0000,1.0000,1,6,True,307894.0000,310296.0000,1321.4001,1.3214
1,320.2335,309.2525,309252.5001,6,1.0-307894-310296,173.0000,1.0000,1,6,True,307894.0000,310296.0000,1358.5001,1.3585
1,320.2374,309.2564,309256.4001,6,1.0-307894-310296,173.0000,1.0000,1,6,True,307894.0000,310296.0000,1362.4001,1.3624
1,320.5255,309.5445,309544.5001,6,1.0-307894-310296,173.0000,1.0000,1,6,True,307894.0000,310296.0000,1650.5001,1.6505
1,320.9150,309.9340,309934.0001,6,1.0-307894-310296,173.0000,1.0000,1,6,True,307894.0000,310296.0000,2040.0001,2.0400
1,321.0974,310.1164,310116.4001,6,1.0-307894-310296,173.0000,1.0000,1,6,True,307894.0000,310296.0000,2222.4001,2.2224
1,321.1699,310.1889,310188.9001,6,1.0-307894-310296,173.0000,1.0000,1,6,True,307894.0000,310296.0000,2294.9001,2.2949
1,321.1993,310.2183,310218.3001,6,1.0-307894-310296,173.0000,1.0000,1,6,True,307894.0000,310296.0000,2324.3001,2.3243
1,321.2012,310.2202,310220.2001,6,1.0-307894-310296,173.0000,1.0000,1,6,True,307894.0000,310296.0000,2326.2001,2.3262
1,1205.1021,1194.1211,1194121.1001,7,1.0-1194073-1196775,492.0000,1.0000,0,43,True,1194073.0000,1196775.0000,48.1001,0.0481
1,1205.2340,1194.2530,1194253.0001,7,1.0-1194073-1196775,492.0000,1.0000,0,43,True,1194073.0000,1196775.0000,180.0001,0.1800
1,1205.3002,1194.3192,1194319.2001,7,1.0-1194073-1196775,492.0000,1.0000,0,43,True,1194073.0000,1196775.0000,246.2001,0.2462
1,1205.3736,1194.3926,1194392.6001,7,1.0-1194073-1196775,492.0000,1.0000,0,43,True,1194073.0000,1196775.0000,319.6001,0.3196
1,1205.4025,1194.4215,1194421.5001,7,1.0-1194073-1196775,492.0000,1.0000,0,43,True,1194073.0000,1196775.0000,348.5001,0.3485
1,1205.7336,1194.7526,1194752.6001,7,1.0-1194073-1196775,492.0000,1.0000,0,43,True,1194073.0000,1196775.0000,679.6001,0.6796
1,1206.2216,1195.2406,1195240.6001,7,1.0-1194073-1196775,492.0000,1.0000,0,43,True,1194073.0000,1196775.0000,1167.6001,1.1676
1,1206.4487,1195.4677,1195467.7001,7,1.0-1194073-1196775,492.0000,1.0000,0,43,True,1194073.0000,1196775.0000,1394.7001,1.3947
1,1206.4879,1195.5069,1195506.9001,7,1.0-1194073-1196775,492.0000,1.0000,0,43,True,1194073.0000,1196775.0000,1433.9001,1.4339
1,1206.5454,1195.5644,1195564.4001,7,1.0-1194073-1196775,492.0000,1.0000,0,43,True,1194073.0000,1196775.0000,1491.4001,1.4914
1,1206.5795,1195.5985,1195598.5001,7,1.0-1194073-1196775,492.0000,1.0000,0,43,True,1194073.0000,1196775.0000,1525.5001,1.5255
1,1206.6805,1195.6995,1195699.5001,7,1.0-1194073-1196775,492.0000,1.0000,0,43,True,1194073.0000,1196775.0000,1626.5001,1.6265
1,1206.7384,1195.7574,1195757.4001,7,1.0-1194073-1196775,492.0000,1.0000,0,43,True,1194073.0000,1196775.0000,1684.4001,1.6844
1,1206.8979,1195.9169,1195916.9001,7,1.0-1194073-1196775,492.0000,1.0000,0,43,True,1194073.0000,1196775.0000,1843.9001,1.8439
1,1207.0312,1196.0502,1196050.2001,7,1.0-1194073-1196775,492.0000,1.0000,0,43,True,1194073.0000,1196775.0000,1977.2001,1.9772
1,1207.0987,1196.1177,1196117.7001,7,1.0-1194073-1196775,492.0000,1.0000,0,43,True,1194073.0000,1196775.0000,2044.7001,2.0447
1,1207.1602,1196.1792,1196179.2001,7,1.0-1194073-1196775,492.0000,1.0000,0,43,True,1194073.0000,1196775.0000,2106.2001,2.1062
1,1207.1691,1196.1881,1196188.1001,7,1.0-1194073-1196775,492.0000,1.0000,0,43,True,1194073.0000,1196775.0000,2115.1001,2.1151
1,1207.1953,1196.2143,1196214.3001,7,1.0-1194073-1196775,492.0000,1.0000,0,43,True,1194073.0000,1196775.0000,2141.3001,2.1413
1,1207.2160,1196.2350,1196235.0001,7,1.0-1194073-1196775,492.0000,1.0000,0,43,True,1194073.0000,1196775.0000,2162.0001,2.1620
1,1207.2383,1196.2573,1196257.3001,7,1.0-1194073-1196775,492.0000,1.0000,0,43,True,1194073.0000,1196775.0000,2184.3001,2.1843
1,1207.2806,1196.2996,1196299.6001,7,1.0-1194073-1196775,492.0000,1.0000,0,43,True,1194073.0000,1196775.0000,2226.6001,2.2266
1,1207.3446,1196.3636,1196363.6001,7,1.0-1194073-1196775,492.0000,1.0000,0,43,True,1194073.0000,1196775.0000,2290.6001,2.2906
1,1207.3510,1196.3700,1196370.0001,7,1.0-1194073-1196775,492.0000,1.0000,0,43,True,1194073.0000,1196775.0000,2297.0001,2.2970
1,1207.3837,1196.4027,1196402.7001,7,1.0-1194073-1196775,492.0000,1.0000,0,43,True,1194073.0000,1196775.0000,2329.7001,2.3297
1,1207.4566,1196.4756,1196475.6001,7,1.0-1194073-1196775,492.0000,1.0000,0,43,True,1194073.0000,1196775.0000,2402.6001,2.4026
1,1207.4668,1196.4858,1196485.8001,7,1.0-1194073-1196775,492.0000,1.0000,0,43,True,1194073.0000,1196775.0000,2412.8001,2.4128
1,1207.5180,1196.5370,1196537.0001,7,1.0-1194073-1196775,492.0000,1.0000,0,43,True,1194073.0000,1196775.0000,2464.0001,2.4640
1,1207.5580,1196.5770,1196577.0001,7,1.0-1194073-1196775,492.0000,1.0000,0,43,True,1194073.0000,1196775.0000,2504.0001,2.5040
1,1207.6824,1196.7014,1196701.4001,7,1.0-1194073-1196775,492.0000,1.0000,0,43,True,1194073.0000,1196775.0000,2628.4001,2.6284
1,1207.7288,1196.7478,1196747.8001,7,1.0-1194073-1196775,492.0000,1.0000,0,43,True,1194073.0000,1196775.0000,2674.8001,2.6748
1,2176.5721,2165.5911,2165591.1001,8,1.0-2165533-2167535,898.0000,1.0000,1,7,True,2165533.0000,2167535.0000,58.1001,0.0581
1,2176.8980,2165.9170,2165917.0001,8,1.0-2165533-2167535,898.0000,1.0000,1,7,True,2165533.0000,2167535.0000,384.0001,0.3840
1,2176.9644,2165.9834,2165983.4001,8,1.0-2165533-2167535,898.0000,1.0000,1,7,True,2165533.0000,2167535.0000,450.4001,0.4504
1,2177.0974,2166.1164,2166116.4001,8,1.0-2165533-2167535,898.0000,1.0000,1,7,True,2165533.0000,2167535.0000,583.4001,0.5834
1,2177.2620,2166.2810,2166281.0001,8,1.0-2165533-2167535,898.0000,1.0000,1,7,True,2165533.0000,2167535.0000,748.0001,0.7480
1,2177.4662,2166.4852,2166485.2001,8,1.0-2165533-2167535,898.0000,1.0000,1,7,True,2165533.0000,2167535.0000,952.2001,0.9522
1,2177.5286,2166.5476,2166547.6001,8,1.0-2165533-2167535,898.0000,1.0000,1,7,True,2165533.0000,2167535.0000,1014.6001,1.0146
1,2177.6586,2166.6776,2166677.6001,8,1.0-2165533-2167535,898.0000,1.0000,1,7,True,2165533.0000,2167535.0000,1144.6001,1.1446
1,2177.6771,2166.6961,2166696.1001,8,1.0-2165533-2167535,898.0000,1.0000,1,7,True,2165533.0000,2167535.0000,1163.1001,1.1631
1,2177.9564,2166.9754,2166975.4001,8,1.0-2165533-2167535,898.0000,1.0000,1,7,True,2165533.0000,2167535.0000,1442.4001,1.4424
1,2178.1440,2167.1630,2167163.0001,8,1.0-2165533-2167535,898.0000,1.0000,1,7,True,2165533.0000,2167535.0000,1630.0001,1.6300
1,2178.2318,2167.2508,2167250.8001,8,1.0-2165533-2167535,898.0000,1.0000,1,7,True,2165533.0000,2167535.0000,1717.8001,1.7178
1,2178.2407,2167.2597,2167259.7001,8,1.0-2165533-2167535,898.0000,1.0000,1,7,True,2165533.0000,2167535.0000,1726.7001,1.7267
1,432.7138,421.7328,421732.8001,9,1.0-421669-424238,230.0000,1.0000,1,8,True,421669.0000,424238.0000,63.8001,0.0638
1,432.7179,421.7369,421736.9001,9,1.0-421669-424238,230.0000,1.0000,1,8,True,421669.0000,424238.0000,67.9001,0.0679
1,432.7983,421.8173,421817.3001,9,1.0-421669-424238,230.0000,1.0000,1,8,True,421669.0000,424238.0000,148.3001,0.1483
1,432.8660,421.8850,421885.0001,9,1.0-421669-424238,230.0000,1.0000,1,8,True,421669.0000,424238.0000,216.0001,0.2160
1,432.9735,421.9925,421992.5001,9,1.0-421669-424238,230.0000,1.0000,1,8,True,421669.0000,424238.0000,323.5001,0.3235
1,432.9934,422.0124,422012.4001,9,1.0-421669-424238,230.0000,1.0000,1,8,True,421669.0000,424238.0000,343.4001,0.3434
1,433.7357,422.7547,422754.7001,9,1.0-421669-424238,230.0000,1.0000,1,8,True,421669.0000,424238.0000,1085.7001,1.0857
1,433.7385,422.7575,422757.5001,9,1.0-421669-424238,230.0000,1.0000,1,8,True,421669.0000,424238.0000,1088.5001,1.0885
1,433.9453,422.9643,422964.3001,9,1.0-421669-424238,230.0000,1.0000,1,8,True,421669.0000,424238.0000,1295.3001,1.2953
1,433.9650,422.9840,422984.0001,9,1.0-421669-424238,230.0000,1.0000,1,8,True,421669.0000,424238.0000,1315.0001,1.3150
1,434.2257,423.2447,423244.7001,9,1.0-421669-424238,230.0000,1.0000,1,8,True,421669.0000,424238.0000,1575.7001,1.5757
1,434.2453,423.2643,423264.3001,9,1.0-421669-424238,230.0000,1.0000,1,8,True,421669.0000,424238.0000,1595.3001,1.5953
1,434.3972,423.4162,423416.2001,9,1.0-421669-424238,230.0000,1.0000,1,8,True,421669.0000,424238.0000,1747.2001,1.7472
1,434.4055,423.4245,423424.5001,9,1.0-421669-424238,230.0000,1.0000,1,8,True,421669.0000,424238.0000,1755.5001,1.7555
1,434.4317,423.4507,423450.7001,9,1.0-421669-424238,230.0000,1.0000,1,8,True,421669.0000,424238.0000,1781.7001,1.7817
1,434.4513,423.4703,423470.3001,9,1.0-421669-424238,230.0000,1.0000,1,8,True,421669.0000,424238.0000,1801.3001,1.8013
1,434.6312,423.6502,423650.2001,9,1.0-421669-424238,230.0000,1.0000,1,8,True,421669.0000,424238.0000,1981.2001,1.9812
1,434.7514,423.7704,423770.4001,9,1.0-421669-424238,230.0000,1.0000,1,8,True,421669.0000,424238.0000,2101.4001,2.1014
1,434.7713,423.7903,423790.3001,9,1.0-421669-424238,230.0000,1.0000,1,8,True,421669.0000,424238.0000,2121.3001,2.1213
1,434.9624,423.9814,423981.4001,9,1.0-421669-424238,230.0000,1.0000,1,8,True,421669.0000,424238.0000,2312.4001,2.3124
1,434.9744,423.9934,423993.4001,9,1.0-421669-424238,230.0000,1.0000,1,8,True,421669.0000,424238.0000,2324.4001,2.3244
1,435.0026,424.0216,424021.6001,9,1.0-421669-424238,230.0000,1.0000,1,8,True,421669.0000,424238.0000,2352.6001,2.3526
1,435.0740,424.0930,424093.0001,9,1.0-421669-424238,230.0000,1.0000,1,8,True,421669.0000,424238.0000,2424.0001,2.4240
1,435.1120,424.1310,424131.0001,9,1.0-421669-424238,230.0000,1.0000,1,8,True,421669.0000,424238.0000,2462.0001,2.4620
1,435.1484,424.1674,424167.4001,9,1.0-421669-424238,230.0000,1.0000,1,8,True,421669.0000,424238.0000,2498.4001,2.4984
1,1167.9203,1156.9393,1156939.3001,10,1.0-1156870-1158939,477.0000,1.0000,0,44,True,1156870.0000,1158939.0000,69.3001,0.0693
1,1168.1950,1157.2140,1157214.0001,10,1.0-1156870-1158939,477.0000,1.0000,0,44,True,1156870.0000,1158939.0000,344.0001,0.3440
1,1168.2837,1157.3027,1157302.7001,10,1.0-1156870-1158939,477.0000,1.0000,0,44,True,1156870.0000,1158939.0000,432.7001,0.4327
1,1168.3100,1157.3290,1157329.0001,10,1.0-1156870-1158939,477.0000,1.0000,0,44,True,1156870.0000,1158939.0000,459.0001,0.4590
1,1168.3193,1157.3383,1157338.3001,10,1.0-1156870-1158939,477.0000,1.0000,0,44,True,1156870.0000,1158939.0000,468.3001,0.4683
1,1168.3277,1157.3467,1157346.7001,10,1.0-1156870-1158939,477.0000,1.0000,0,44,True,1156870.0000,1158939.0000,476.7001,0.4767
1,1168.3475,1157.3665,1157366.5001,10,1.0-1156870-1158939,477.0000,1.0000,0,44,True,1156870.0000,1158939.0000,496.5001,0.4965
1,1168.4807,1157.4997,1157499.7001,10,1.0-1156870-1158939,477.0000,1.0000,0,44,True,1156870.0000,1158939.0000,629.7001,0.6297
1,1168.8081,1157.8271,1157827.1001,10,1.0-1156870-1158939,477.0000,1.0000,0,44,True,1156870.0000,1158939.0000,957.1001,0.9571
1,1169.0103,1158.0293,1158029.3001,10,1.0-1156870-1158939,477.0000,1.0000,0,44,True,1156870.0000,1158939.0000,1159.3001,1.1593
1,1169.0513,1158.0703,1158070.3001,10,1.0-1156870-1158939,477.0000,1.0000,0,44,True,1156870.0000,1158939.0000,1200.3001,1.2003
1,1169.2294,1158.2484,1158248.4001,10,1.0-1156870-1158939,477.0000,1.0000,0,44,True,1156870.0000,1158939.0000,1378.4001,1.3784
1,1169.3154,1158.3344,1158334.4001,10,1.0-1156870-1158939,477.0000,1.0000,0,44,True,1156870.0000,1158939.0000,1464.4001,1.4644
1,1169.8435,1158.8625,1158862.5001,10,1.0-1156870-1158939,477.0000,1.0000,0,44,True,1156870.0000,1158939.0000,1992.5001,1.9925
1,1169.8929,1158.9119,1158911.9001,10,1.0-1156870-1158939,477.0000,1.0000,0,44,True,1156870.0000,1158939.0000,2041.9001,2.0419
1,2360.4747,2349.4937,2349493.7001,11,1.0-2349242-2350376,964.0000,1.0000,0,45,True,2349242.0000,2350376.0000,251.7001,0.2517
1,2360.5152,2349.5342,2349534.2001,11,1.0-2349242-2350376,964.0000,1.0000,0,45,True,2349242.0000,2350376.0000,292.2001,0.2922
1,2360.5346,2349.5536,2349553.6001,11,1.0-2349242-2350376,964.0000,1.0000,0,45,True,2349242.0000,2350376.0000,311.6001,0.3116
1,2360.8336,2349.8526,2349852.6001,11,1.0-2349242-2350376,964.0000,1.0000,0,45,True,2349242.0000,2350376.0000,610.6001,0.6106
1,2360.8358,2349.8548,2349854.8001,11,1.0-2349242-2350376,964.0000,1.0000,0,45,True,2349242.0000,2350376.0000,612.8001,0.6128
1,1511.4164,1500.4354,1500435.4001,12,1.0-1500398-1502867,600.0000,1.0000,0,46,True,1500398.0000,1502867.0000,37.4001,0.0374
1,1511.4185,1500.4375,1500437.5001,12,1.0-1500398-1502867,600.0000,1.0000,0,46,True,1500398.0000,1502867.0000,39.5001,0.0395
1,1511.4382,1500.4572,1500457.2001,12,1.0-1500398-1502867,600.0000,1.0000,0,46,True,1500398.0000,1502867.0000,59.2001,0.0592
1,1511.5419,1500.5609,1500560.9001,12,1.0-1500398-1502867,600.0000,1.0000,0,46,True,1500398.0000,1502867.0000,162.9001,0.1629
1,1511.5581,1500.5771,1500577.1001,12,1.0-1500398-1502867,600.0000,1.0000,0,46,True,1500398.0000,1502867.0000,179.1001,0.1791
1,1511.6360,1500.6550,1500655.0001,12,1.0-1500398-1502867,600.0000,1.0000,0,46,True,1500398.0000,1502867.0000,257.0001,0.2570
1,1511.6680,1500.6870,1500687.0001,12,1.0-1500398-1502867,600.0000,1.0000,0,46,True,1500398.0000,1502867.0000,289.0001,0.2890
1,1512.5210,1501.5400,1501540.0001,12,1.0-1500398-1502867,600.0000,1.0000,0,46,True,1500398.0000,1502867.0000,1142.0001,1.1420
1,1512.6364,1501.6554,1501655.4001,12,1.0-1500398-1502867,600.0000,1.0000,0,46,True,1500398.0000,1502867.0000,1257.4001,1.2574
1,1512.6830,1501.7020,1501702.0001,12,1.0-1500398-1502867,600.0000,1.0000,0,46,True,1500398.0000,1502867.0000,1304.0001,1.3040
1,1512.6955,1501.7145,1501714.5001,12,1.0-1500398-1502867,600.0000,1.0000,0,46,True,1500398.0000,1502867.0000,1316.5001,1.3165
1,1512.8439,1501.8629,1501862.9001,12,1.0-1500398-1502867,600.0000,1.0000,0,46,True,1500398.0000,1502867.0000,1464.9001,1.4649
1,1512.8636,1501.8826,1501882.6001,12,1.0-1500398-1502867,600.0000,1.0000,0,46,True,1500398.0000,1502867.0000,1484.6001,1.4846
1,1512.8711,1501.8901,1501890.1001,12,1.0-1500398-1502867,600.0000,1.0000,0,46,True,1500398.0000,1502867.0000,1492.1001,1.4921
1,1513.0733,1502.0923,1502092.3001,12,1.0-1500398-1502867,600.0000,1.0000,0,46,True,1500398.0000,1502867.0000,1694.3001,1.6943
1,1513.1342,1502.1532,1502153.2001,12,1.0-1500398-1502867,600.0000,1.0000,0,46,True,1500398.0000,1502867.0000,1755.2001,1.7552
1,1513.1362,1502.1552,1502155.2001,12,1.0-1500398-1502867,600.0000,1.0000,0,46,True,1500398.0000,1502867.0000,1757.2001,1.7572
1,1513.1560,1502.1750,1502175.0001,12,1.0-1500398-1502867,600.0000,1.0000,0,46,True,1500398.0000,1502867.0000,1777.0001,1.7770
1,1513.2237,1502.2427,1502242.7001,12,1.0-1500398-1502867,600.0000,1.0000,0,46,True,1500398.0000,1502867.0000,1844.7001,1.8447
1,1513.4305,1502.4495,1502449.5001,12,1.0-1500398-1502867,600.0000,1.0000,0,46,True,1500398.0000,1502867.0000,2051.5001,2.0515
1,1513.6004,1502.6194,1502619.4001,12,1.0-1500398-1502867,600.0000,1.0000,0,46,True,1500398.0000,1502867.0000,2221.4001,2.2214
1,1513.7511,1502.7701,1502770.1001,12,1.0-1500398-1502867,600.0000,1.0000,0,46,True,1500398.0000,1502867.0000,2372.1001,2.3721
1,1513.8412,1502.8602,1502860.2001,12,1.0-1500398-1502867,600.0000,1.0000,0,46,True,1500398.0000,1502867.0000,2462.2001,2.4622
1,2068.6132,2057.6322,2057632.2001,13,1.0-2057597-2059665,857.0000,1.0000,0,47,True,2057597.0000,2059665.0000,35.2001,0.0352
1,2068.8545,2057.8735,2057873.5001,13,1.0-2057597-2059665,857.0000,1.0000,0,47,True,2057597.0000,2059665.0000,276.5001,0.2765
1,2068.9523,2057.9713,2057971.3001,13,1.0-2057597-2059665,857.0000,1.0000,0,47,True,2057597.0000,2059665.0000,374.3001,0.3743
1,2069.3888,2058.4078,2058407.8001,13,1.0-2057597-2059665,857.0000,1.0000,0,47,True,2057597.0000,2059665.0000,810.8001,0.8108
1,2069.3947,2058.4137,2058413.7001,13,1.0-2057597-2059665,857.0000,1.0000,0,47,True,2057597.0000,2059665.0000,816.7001,0.8167
1,2069.5407,2058.5597,2058559.7001,13,1.0-2057597-2059665,857.0000,1.0000,0,47,True,2057597.0000,2059665.0000,962.7001,0.9627
1,2069.7357,2058.7547,2058754.7001,13,1.0-2057597-2059665,857.0000,1.0000,0,47,True,2057597.0000,2059665.0000,1157.7001,1.1577
1,2070.0226,2059.0416,2059041.6001,13,1.0-2057597-2059665,857.0000,1.0000,0,47,True,2057597.0000,2059665.0000,1444.6001,1.4446
1,2070.0267,2059.0457,2059045.7001,13,1.0-2057597-2059665,857.0000,1.0000,0,47,True,2057597.0000,2059665.0000,1448.7001,1.4487
1,2070.3302,2059.3492,2059349.2001,13,1.0-2057597-2059665,857.0000,1.0000,0,47,True,2057597.0000,2059665.0000,1752.2001,1.7522
1,2070.5665,2059.5855,2059585.5001,13,1.0-2057597-2059665,857.0000,1.0000,0,47,True,2057597.0000,2059665.0000,1988.5001,1.9885
1,2070.6013,2059.6203,2059620.3001,13,1.0-2057597-2059665,857.0000,1.0000,0,47,True,2057597.0000,2059665.0000,2023.3001,2.0233
1,1328.1201,1317.1391,1317139.1001,14,1.0-1317090-1320093,535.0000,1.0000,0,48,True,1317090.0000,1320093.0000,49.1001,0.0491
1,1328.2552,1317.2742,1317274.2001,14,1.0-1317090-1320093,535.0000,1.0000,0,48,True,1317090.0000,1320093.0000,184.2001,0.1842
1,1328.3163,1317.3353,1317335.3001,14,1.0-1317090-1320093,535.0000,1.0000,0,48,True,1317090.0000,1320093.0000,245.3001,0.2453
1,1328.4786,1317.4976,1317497.6001,14,1.0-1317090-1320093,535.0000,1.0000,0,48,True,1317090.0000,1320093.0000,407.6001,0.4076
1,1328.4883,1317.5073,1317507.3001,14,1.0-1317090-1320093,535.0000,1.0000,0,48,True,1317090.0000,1320093.0000,417.3001,0.4173
1,1328.5989,1317.6179,1317617.9001,14,1.0-1317090-1320093,535.0000,1.0000,0,48,True,1317090.0000,1320093.0000,527.9001,0.5279
1,1328.9021,1317.9211,1317921.1001,14,1.0-1317090-1320093,535.0000,1.0000,0,48,True,1317090.0000,1320093.0000,831.1001,0.8311
1,1328.9847,1318.0037,1318003.7001,14,1.0-1317090-1320093,535.0000,1.0000,0,48,True,1317090.0000,1320093.0000,913.7001,0.9137
1,1329.0169,1318.0359,1318035.9001,14,1.0-1317090-1320093,535.0000,1.0000,0,48,True,1317090.0000,1320093.0000,945.9001,0.9459
1,1329.0552,1318.0742,1318074.2001,14,1.0-1317090-1320093,535.0000,1.0000,0,48,True,1317090.0000,1320093.0000,984.2001,0.9842
1,1329.3453,1318.3643,1318364.3001,14,1.0-1317090-1320093,535.0000,1.0000,0,48,True,1317090.0000,1320093.0000,1274.3001,1.2743
1,1329.4945,1318.5135,1318513.5001,14,1.0-1317090-1320093,535.0000,1.0000,0,48,True,1317090.0000,1320093.0000,1423.5001,1.4235
1,1329.5143,1318.5333,1318533.3001,14,1.0-1317090-1320093,535.0000,1.0000,0,48,True,1317090.0000,1320093.0000,1443.3001,1.4433
1,1329.7777,1318.7967,1318796.7001,14,1.0-1317090-1320093,535.0000,1.0000,0,48,True,1317090.0000,1320093.0000,1706.7001,1.7067
1,1329.8551,1318.8741,1318874.1001,14,1.0-1317090-1320093,535.0000,1.0000,0,48,True,1317090.0000,1320093.0000,1784.1001,1.7841
1,1329.8745,1318.8935,1318893.5001,14,1.0-1317090-1320093,535.0000,1.0000,0,48,True,1317090.0000,1320093.0000,1803.5001,1.8035
1,1330.1311,1319.1501,1319150.1001,14,1.0-1317090-1320093,535.0000,1.0000,0,48,True,1317090.0000,1320093.0000,2060.1001,2.0601
1,1330.2778,1319.2968,1319296.8001,14,1.0-1317090-1320093,535.0000,1.0000,0,48,True,1317090.0000,1320093.0000,2206.8001,2.2068
1,1330.7284,1319.7474,1319747.4001,14,1.0-1317090-1320093,535.0000,1.0000,0,48,True,1317090.0000,1320093.0000,2657.4001,2.6574
1,1330.8725,1319.8915,1319891.5001,14,1.0-1317090-1320093,535.0000,1.0000,0,48,True,1317090.0000,1320093.0000,2801.5001,2.8015
1,1330.9878,1320.0068,1320006.8001,14,1.0-1317090-1320093,535.0000,1.0000,0,48,True,1317090.0000,1320093.0000,2916.8001,2.9168
1,920.3045,909.3235,909323.5001,15,1.0-909167-910669,394.0000,1.0000,0,49,True,909167.0000,910669.0000,156.5001,0.1565
1,920.3164,909.3354,909335.4001,15,1.0-909167-910669,394.0000,1.0000,0,49,True,909167.0000,910669.0000,168.4001,0.1684
1,920.6882,909.7072,909707.2001,15,1.0-909167-910669,394.0000,1.0000,0,49,True,909167.0000,910669.0000,540.2001,0.5402
1,920.8008,909.8198,909819.8001,15,1.0-909167-910669,394.0000,1.0000,0,49,True,909167.0000,910669.0000,652.8001,0.6528
1,920.8201,909.8391,909839.1001,15,1.0-909167-910669,394.0000,1.0000,0,49,True,909167.0000,910669.0000,672.1001,0.6721
1,920.9248,909.9438,909943.8001,15,1.0-909167-910669,394.0000,1.0000,0,49,True,909167.0000,910669.0000,776.8001,0.7768
1,921.0888,910.1078,910107.8001,15,1.0-909167-910669,394.0000,1.0000,0,49,True,909167.0000,910669.0000,940.8001,0.9408
1,921.4422,910.4612,910461.2001,15,1.0-909167-910669,394.0000,1.0000,0,49,True,909167.0000,910669.0000,1294.2001,1.2942
1,921.4583,910.4773,910477.3001,15,1.0-909167-910669,394.0000,1.0000,0,49,True,909167.0000,910669.0000,1310.3001,1.3103
1,921.4757,910.4947,910494.7001,15,1.0-909167-910669,394.0000,1.0000,0,49,True,909167.0000,910669.0000,1327.7001,1.3277
1,2429.8038,2418.8228,2418822.8001,16,1.0-2418474-2421477,995.0000,1.0000,0,50,True,2418474.0000,2421477.0000,348.8001,0.3488
1,2430.0102,2419.0292,2419029.2001,16,1.0-2418474-2421477,995.0000,1.0000,0,50,True,2418474.0000,2421477.0000,555.2001,0.5552
1,2430.0293,2419.0483,2419048.3001,16,1.0-2418474-2421477,995.0000,1.0000,0,50,True,2418474.0000,2421477.0000,574.3001,0.5743
1,2430.0457,2419.0647,2419064.7001,16,1.0-2418474-2421477,995.0000,1.0000,0,50,True,2418474.0000,2421477.0000,590.7001,0.5907
1,2430.5893,2419.6083,2419608.3001,16,1.0-2418474-2421477,995.0000,1.0000,0,50,True,2418474.0000,2421477.0000,1134.3001,1.1343
1,2430.6932,2419.7122,2419712.2001,16,1.0-2418474-2421477,995.0000,1.0000,0,50,True,2418474.0000,2421477.0000,1238.2001,1.2382
1,2430.9278,2419.9468,2419946.8001,16,1.0-2418474-2421477,995.0000,1.0000,0,50,True,2418474.0000,2421477.0000,1472.8001,1.4728
1,2431.0782,2420.0972,2420097.2001,16,1.0-2418474-2421477,995.0000,1.0000,0,50,True,2418474.0000,2421477.0000,1623.2001,1.6232
1,2431.4064,2420.4254,2420425.4001,16,1.0-2418474-2421477,995.0000,1.0000,0,50,True,2418474.0000,2421477.0000,1951.4001,1.9514
1,2431.4157,2420.4347,2420434.7001,16,1.0-2418474-2421477,995.0000,1.0000,0,50,True,2418474.0000,2421477.0000,1960.7001,1.9607
1,2431.6102,2420.6292,2420629.2001,16,1.0-2418474-2421477,995.0000,1.0000,0,50,True,2418474.0000,2421477.0000,2155.2001,2.1552
1,2431.6941,2420.7131,2420713.1001,16,1.0-2418474-2421477,995.0000,1.0000,0,50,True,2418474.0000,2421477.0000,2239.1001,2.2391
1,2431.8479,2420.8669,2420866.9001,16,1.0-2418474-2421477,995.0000,1.0000,0,50,True,2418474.0000,2421477.0000,2392.9001,2.3929
1,2432.0993,2421.1183,2421118.3001,16,1.0-2418474-2421477,995.0000,1.0000,0,50,True,2418474.0000,2421477.0000,2644.3001,2.6443
1,853.1512,842.1702,842170.2001,17,1.0-841770-843738,368.0000,1.0000,1,9,True,841770.0000,843738.0000,400.2001,0.4002
1,853.3386,842.3576,842357.6001,17,1.0-841770-843738,368.0000,1.0000,1,9,True,841770.0000,843738.0000,587.6001,0.5876
1,853.3860,842.4050,842405.0001,17,1.0-841770-843738,368.0000,1.0000,1,9,True,841770.0000,843738.0000,635.0001,0.6350
1,853.4224,842.4414,842441.4001,17,1.0-841770-843738,368.0000,1.0000,1,9,True,841770.0000,843738.0000,671.4001,0.6714
1,853.4953,842.5143,842514.3001,17,1.0-841770-843738,368.0000,1.0000,1,9,True,841770.0000,843738.0000,744.3001,0.7443
1,853.6594,842.6784,842678.4001,17,1.0-841770-843738,368.0000,1.0000,1,9,True,841770.0000,843738.0000,908.4001,0.9084
1,853.6617,842.6807,842680.7001,17,1.0-841770-843738,368.0000,1.0000,1,9,True,841770.0000,843738.0000,910.7001,0.9107
1,853.7785,842.7975,842797.5001,17,1.0-841770-843738,368.0000,1.0000,1,9,True,841770.0000,843738.0000,1027.5001,1.0275
1,853.7849,842.8039,842803.9001,17,1.0-841770-843738,368.0000,1.0000,1,9,True,841770.0000,843738.0000,1033.9001,1.0339
1,854.2332,843.2522,843252.2001,17,1.0-841770-843738,368.0000,1.0000,1,9,True,841770.0000,843738.0000,1482.2001,1.4822
1,854.3799,843.3989,843398.9001,17,1.0-841770-843738,368.0000,1.0000,1,9,True,841770.0000,843738.0000,1628.9001,1.6289
1,854.3989,843.4179,843417.9001,17,1.0-841770-843738,368.0000,1.0000,1,9,True,841770.0000,843738.0000,1647.9001,1.6479
1,854.4525,843.4715,843471.5001,17,1.0-841770-843738,368.0000,1.0000,1,9,True,841770.0000,843738.0000,1701.5001,1.7015
1,854.6933,843.7123,843712.3001,17,1.0-841770-843738,368.0000,1.0000,1,9,True,841770.0000,843738.0000,1942.3001,1.9423
1,379.9232,368.9422,368942.2001,18,1.0-368919-370487,205.0000,1.0000,1,10,True,368919.0000,370487.0000,23.2001,0.0232
1,379.9359,368.9549,368954.9001,18,1.0-368919-370487,205.0000,1.0000,1,10,True,368919.0000,370487.0000,35.9001,0.0359
1,379.9841,369.0031,369003.1001,18,1.0-368919-370487,205.0000,1.0000,1,10,True,368919.0000,370487.0000,84.1001,0.0841
1,380.0697,369.0887,369088.7001,18,1.0-368919-370487,205.0000,1.0000,1,10,True,368919.0000,370487.0000,169.7001,0.1697
1,380.0753,369.0943,369094.3001,18,1.0-368919-370487,205.0000,1.0000,1,10,True,368919.0000,370487.0000,175.3001,0.1753
1,380.2987,369.3177,369317.7001,18,1.0-368919-370487,205.0000,1.0000,1,10,True,368919.0000,370487.0000,398.7001,0.3987
1,380.5382,369.5572,369557.2001,18,1.0-368919-370487,205.0000,1.0000,1,10,True,368919.0000,370487.0000,638.2001,0.6382
1,380.5603,369.5793,369579.3001,18,1.0-368919-370487,205.0000,1.0000,1,10,True,368919.0000,370487.0000,660.3001,0.6603
1,380.6260,369.6450,369645.0001,18,1.0-368919-370487,205.0000,1.0000,1,10,True,368919.0000,370487.0000,726.0001,0.7260
1,380.7772,369.7962,369796.2001,18,1.0-368919-370487,205.0000,1.0000,1,10,True,368919.0000,370487.0000,877.2001,0.8772
1,380.7818,369.8008,369800.8001,18,1.0-368919-370487,205.0000,1.0000,1,10,True,368919.0000,370487.0000,881.8001,0.8818
1,381.2978,370.3168,370316.8001,18,1.0-368919-370487,205.0000,1.0000,1,10,True,368919.0000,370487.0000,1397.8001,1.3978
1,381.3116,370.3306,370330.6001,18,1.0-368919-370487,205.0000,1.0000,1,10,True,368919.0000,370487.0000,1411.6001,1.4116
1,2421.2826,2410.3016,2410301.6001,19,1.0-2410233-2411401,990.0000,1.0000,0,51,True,2410233.0000,2411401.0000,68.6001,0.0686
1,2421.3131,2410.3321,2410332.1001,19,1.0-2410233-2411401,990.0000,1.0000,0,51,True,2410233.0000,2411401.0000,99.1001,0.0991
1,2421.3284,2410.3474,2410347.4001,19,1.0-2410233-2411401,990.0000,1.0000,0,51,True,2410233.0000,2411401.0000,114.4001,0.1144
1,2421.4361,2410.4551,2410455.1001,19,1.0-2410233-2411401,990.0000,1.0000,0,51,True,2410233.0000,2411401.0000,222.1001,0.2221
1,2421.4709,2410.4899,2410489.9001,19,1.0-2410233-2411401,990.0000,1.0000,0,51,True,2410233.0000,2411401.0000,256.9001,0.2569
1,2421.7926,2410.8116,2410811.6001,19,1.0-2410233-2411401,990.0000,1.0000,0,51,True,2410233.0000,2411401.0000,578.6001,0.5786
1,2421.9019,2410.9209,2410920.9001,19,1.0-2410233-2411401,990.0000,1.0000,0,51,True,2410233.0000,2411401.0000,687.9001,0.6879
1,2421.9881,2411.0071,2411007.1001,19,1.0-2410233-2411401,990.0000,1.0000,0,51,True,2410233.0000,2411401.0000,774.1001,0.7741
1,2422.0434,2411.0624,2411062.4001,19,1.0-2410233-2411401,990.0000,1.0000,0,51,True,2410233.0000,2411401.0000,829.4001,0.8294
1,2422.0894,2411.1084,2411108.4001,19,1.0-2410233-2411401,990.0000,1.0000,0,51,True,2410233.0000,2411401.0000,875.4001,0.8754
1,2422.1267,2411.1457,2411145.7001,19,1.0-2410233-2411401,990.0000,1.0000,0,51,True,2410233.0000,2411401.0000,912.7001,0.9127
1,2422.2309,2411.2499,2411249.9001,19,1.0-2410233-2411401,990.0000,1.0000,0,51,True,2410233.0000,2411401.0000,1016.9001,1.0169
1,2422.2430,2411.2620,2411262.0001,19,1.0-2410233-2411401,990.0000,1.0000,0,51,True,2410233.0000,2411401.0000,1029.0001,1.0290
1,2422.3519,2411.3709,2411370.9001,19,1.0-2410233-2411401,990.0000,1.0000,0,51,True,2410233.0000,2411401.0000,1137.9001,1.1379
1,2422.3770,2411.3960,2411396.0001,19,1.0-2410233-2411401,990.0000,1.0000,0,51,True,2410233.0000,2411401.0000,1163.0001,1.1630
1,2016.3955,2005.4145,2005414.5001,20,1.0-2005413-2006815,833.0000,1.0000,1,11,True,2005413.0000,2006815.0000,1.5001,0.0015
1,2016.7039,2005.7229,2005722.9001,20,1.0-2005413-2006815,833.0000,1.0000,1,11,True,2005413.0000,2006815.0000,309.9001,0.3099
1,2016.7245,2005.7435,2005743.5001,20,1.0-2005413-2006815,833.0000,1.0000,1,11,True,2005413.0000,2006815.0000,330.5001,0.3305
1,2016.8567,2005.8757,2005875.7001,20,1.0-2005413-2006815,833.0000,1.0000,1,11,True,2005413.0000,2006815.0000,462.7001,0.4627
1,2016.9339,2005.9529,2005952.9001,20,1.0-2005413-2006815,833.0000,1.0000,1,11,True,2005413.0000,2006815.0000,539.9001,0.5399
1,2017.1257,2006.1447,2006144.7001,20,1.0-2005413-2006815,833.0000,1.0000,1,11,True,2005413.0000,2006815.0000,731.7001,0.7317
1,2017.1872,2006.2062,2006206.2001,20,1.0-2005413-2006815,833.0000,1.0000,1,11,True,2005413.0000,2006815.0000,793.2001,0.7932
1,2017.5080,2006.5270,2006527.0001,20,1.0-2005413-2006815,833.0000,1.0000,1,11,True,2005413.0000,2006815.0000,1114.0001,1.1140
1,2017.6187,2006.6377,2006637.7001,20,1.0-2005413-2006815,833.0000,1.0000,1,11,True,2005413.0000,2006815.0000,1224.7001,1.2247
1,2017.6449,2006.6639,2006663.9001,20,1.0-2005413-2006815,833.0000,1.0000,1,11,True,2005413.0000,2006815.0000,1250.9001,1.2509
1,2017.6555,2006.6745,2006674.5001,20,1.0-2005413-2006815,833.0000,1.0000,1,11,True,2005413.0000,2006815.0000,1261.5001,1.2615
1,2101.1464,2090.1654,2090165.4001,21,1.0-2090028-2091129,872.0000,1.0000,0,52,True,2090028.0000,2091129.0000,137.4001,0.1374
1,2101.2671,2090.2861,2090286.1001,21,1.0-2090028-2091129,872.0000,1.0000,0,52,True,2090028.0000,2091129.0000,258.1001,0.2581
1,2101.7014,2090.7204,2090720.4001,21,1.0-2090028-2091129,872.0000,1.0000,0,52,True,2090028.0000,2091129.0000,692.4001,0.6924
1,2101.9827,2091.0017,2091001.7001,21,1.0-2090028-2091129,872.0000,1.0000,0,52,True,2090028.0000,2091129.0000,973.7001,0.9737
1,2048.2048,2037.2238,2037223.8001,22,1.0-2036710-2039446,848.0000,1.0000,0,53,True,2036710.0000,2039446.0000,513.8001,0.5138
1,2048.4083,2037.4273,2037427.3001,22,1.0-2036710-2039446,848.0000,1.0000,0,53,True,2036710.0000,2039446.0000,717.3001,0.7173
1,2048.4275,2037.4465,2037446.5001,22,1.0-2036710-2039446,848.0000,1.0000,0,53,True,2036710.0000,2039446.0000,736.5001,0.7365
1,2049.2984,2038.3174,2038317.4001,22,1.0-2036710-2039446,848.0000,1.0000,0,53,True,2036710.0000,2039446.0000,1607.4001,1.6074
1,2049.3174,2038.3364,2038336.4001,22,1.0-2036710-2039446,848.0000,1.0000,0,53,True,2036710.0000,2039446.0000,1626.4001,1.6264
1,2049.4127,2038.4317,2038431.7001,22,1.0-2036710-2039446,848.0000,1.0000,0,53,True,2036710.0000,2039446.0000,1721.7001,1.7217
1,2049.9978,2039.0168,2039016.8001,22,1.0-2036710-2039446,848.0000,1.0000,0,53,True,2036710.0000,2039446.0000,2306.8001,2.3068
1,905.0374,894.0564,894056.4001,23,1.0-893819-895655,387.0000,1.0000,0,54,True,893819.0000,895655.0000,237.4001,0.2374
1,905.0474,894.0664,894066.4001,23,1.0-893819-895655,387.0000,1.0000,0,54,True,893819.0000,895655.0000,247.4001,0.2474
1,905.1423,894.1613,894161.3001,23,1.0-893819-895655,387.0000,1.0000,0,54,True,893819.0000,895655.0000,342.3001,0.3423
1,905.7893,894.8083,894808.3001,23,1.0-893819-895655,387.0000,1.0000,0,54,True,893819.0000,895655.0000,989.3001,0.9893
1,905.8403,894.8593,894859.3001,23,1.0-893819-895655,387.0000,1.0000,0,54,True,893819.0000,895655.0000,1040.3001,1.0403
1,905.9191,894.9381,894938.1001,23,1.0-893819-895655,387.0000,1.0000,0,54,True,893819.0000,895655.0000,1119.1001,1.1191
1,906.0114,895.0304,895030.4001,23,1.0-893819-895655,387.0000,1.0000,0,54,True,893819.0000,895655.0000,1211.4001,1.2114
1,906.0544,895.0734,895073.4001,23,1.0-893819-895655,387.0000,1.0000,0,54,True,893819.0000,895655.0000,1254.4001,1.2544
1,906.1366,895.1556,895155.6001,23,1.0-893819-895655,387.0000,1.0000,0,54,True,893819.0000,895655.0000,1336.6001,1.3366
1,906.3855,895.4045,895404.5001,23,1.0-893819-895655,387.0000,1.0000,0,54,True,893819.0000,895655.0000,1585.5001,1.5855
1,906.5358,895.5548,895554.8001,23,1.0-893819-895655,387.0000,1.0000,0,54,True,893819.0000,895655.0000,1735.8001,1.7358
1,627.5439,616.5629,616562.9001,25,1.0-616388-619391,300.0000,1.0000,1,13,True,616388.0000,619391.0000,174.9001,0.1749
1,627.8281,616.8471,616847.1001,25,1.0-616388-619391,300.0000,1.0000,1,13,True,616388.0000,619391.0000,459.1001,0.4591
1,627.9875,617.0065,617006.5001,25,1.0-616388-619391,300.0000,1.0000,1,13,True,616388.0000,619391.0000,618.5001,0.6185
1,628.0624,617.0814,617081.4001,25,1.0-616388-619391,300.0000,1.0000,1,13,True,616388.0000,619391.0000,693.4001,0.6934
1,628.1416,617.1606,617160.6001,25,1.0-616388-619391,300.0000,1.0000,1,13,True,616388.0000,619391.0000,772.6001,0.7726
1,628.5623,617.5813,617581.3001,25,1.0-616388-619391,300.0000,1.0000,1,13,True,616388.0000,619391.0000,1193.3001,1.1933
1,628.5647,617.5837,617583.7001,25,1.0-616388-619391,300.0000,1.0000,1,13,True,616388.0000,619391.0000,1195.7001,1.1957
1,628.7589,617.7779,617777.9001,25,1.0-616388-619391,300.0000,1.0000,1,13,True,616388.0000,619391.0000,1389.9001,1.3899
1,628.7627,617.7817,617781.7001,25,1.0-616388-619391,300.0000,1.0000,1,13,True,616388.0000,619391.0000,1393.7001,1.3937
1,628.7858,617.8048,617804.8001,25,1.0-616388-619391,300.0000,1.0000,1,13,True,616388.0000,619391.0000,1416.8001,1.4168
1,628.9782,617.9972,617997.2001,25,1.0-616388-619391,300.0000,1.0000,1,13,True,616388.0000,619391.0000,1609.2001,1.6092
1,628.9953,618.0143,618014.3001,25,1.0-616388-619391,300.0000,1.0000,1,13,True,616388.0000,619391.0000,1626.3001,1.6263
1,629.0549,618.0739,618073.9001,25,1.0-616388-619391,300.0000,1.0000,1,13,True,616388.0000,619391.0000,1685.9001,1.6859
1,629.4722,618.4912,618491.2001,25,1.0-616388-619391,300.0000,1.0000,1,13,True,616388.0000,619391.0000,2103.2001,2.1032
1,629.4983,618.5173,618517.3001,25,1.0-616388-619391,300.0000,1.0000,1,13,True,616388.0000,619391.0000,2129.3001,2.1293
1,629.5741,618.5931,618593.1001,25,1.0-616388-619391,300.0000,1.0000,1,13,True,616388.0000,619391.0000,2205.1001,2.2051
1,629.5918,618.6108,618610.8001,25,1.0-616388-619391,300.0000,1.0000,1,13,True,616388.0000,619391.0000,2222.8001,2.2228
1,629.6298,618.6488,618648.8001,25,1.0-616388-619391,300.0000,1.0000,1,13,True,616388.0000,619391.0000,2260.8001,2.2608
1,629.8465,618.8655,618865.5001,25,1.0-616388-619391,300.0000,1.0000,1,13,True,616388.0000,619391.0000,2477.5001,2.4775
1,630.2851,619.3041,619304.1001,25,1.0-616388-619391,300.0000,1.0000,1,13,True,616388.0000,619391.0000,2916.1001,2.9161
1,1091.9221,1080.9411,1080941.1001,26,1.0-1080664-1082666,458.0000,1.0000,1,14,True,1080664.0000,1082666.0000,277.1001,0.2771
1,1092.0971,1081.1161,1081116.1001,26,1.0-1080664-1082666,458.0000,1.0000,1,14,True,1080664.0000,1082666.0000,452.1001,0.4521
1,1092.2778,1081.2968,1081296.8001,26,1.0-1080664-1082666,458.0000,1.0000,1,14,True,1080664.0000,1082666.0000,632.8001,0.6328
1,1092.3097,1081.3287,1081328.7001,26,1.0-1080664-1082666,458.0000,1.0000,1,14,True,1080664.0000,1082666.0000,664.7001,0.6647
1,1092.5712,1081.5902,1081590.2001,26,1.0-1080664-1082666,458.0000,1.0000,1,14,True,1080664.0000,1082666.0000,926.2001,0.9262
1,1092.9573,1081.9763,1081976.3001,26,1.0-1080664-1082666,458.0000,1.0000,1,14,True,1080664.0000,1082666.0000,1312.3001,1.3123
1,1092.9723,1081.9913,1081991.3001,26,1.0-1080664-1082666,458.0000,1.0000,1,14,True,1080664.0000,1082666.0000,1327.3001,1.3273
1,1093.0267,1082.0457,1082045.7001,26,1.0-1080664-1082666,458.0000,1.0000,1,14,True,1080664.0000,1082666.0000,1381.7001,1.3817
1,1093.0543,1082.0733,1082073.3001,26,1.0-1080664-1082666,458.0000,1.0000,1,14,True,1080664.0000,1082666.0000,1409.3001,1.4093
1,1093.0977,1082.1167,1082116.7001,26,1.0-1080664-1082666,458.0000,1.0000,1,14,True,1080664.0000,1082666.0000,1452.7001,1.4527
1,1093.4304,1082.4494,1082449.4001,26,1.0-1080664-1082666,458.0000,1.0000,1,14,True,1080664.0000,1082666.0000,1785.4001,1.7854
1,1093.4809,1082.4999,1082499.9001,26,1.0-1080664-1082666,458.0000,1.0000,1,14,True,1080664.0000,1082666.0000,1835.9001,1.8359
1,1649.9024,1638.9214,1638921.4001,27,1.0-1637663-1640665,666.0000,1.0000,1,15,True,1637663.0000,1640665.0000,1258.4001,1.2584
1,1650.8041,1639.8231,1639823.1001,27,1.0-1637663-1640665,666.0000,1.0000,1,15,True,1637663.0000,1640665.0000,2160.1001,2.1601
1,1650.8161,1639.8351,1639835.1001,27,1.0-1637663-1640665,666.0000,1.0000,1,15,True,1637663.0000,1640665.0000,2172.1001,2.1721
1,1651.2832,1640.3022,1640302.2001,27,1.0-1637663-1640665,666.0000,1.0000,1,15,True,1637663.0000,1640665.0000,2639.2001,2.6392
1,1651.3018,1640.3208,1640320.8001,27,1.0-1637663-1640665,666.0000,1.0000,1,15,True,1637663.0000,1640665.0000,2657.8001,2.6578
1,1651.5386,1640.5576,1640557.6001,27,1.0-1637663-1640665,666.0000,1.0000,1,15,True,1637663.0000,1640665.0000,2894.6001,2.8946
1,2062.7606,2051.7796,2051779.6001,28,1.0-2051190-2052125,852.0000,1.0000,0,55,True,2051190.0000,2052125.0000,589.6001,0.5896
1,2063.0457,2052.0647,2052064.7001,28,1.0-2051190-2052125,852.0000,1.0000,0,55,True,2051190.0000,2052125.0000,874.7001,0.8747
1,1694.2692,1683.2882,1683288.2001,29,1.0-1683206-1684674,688.0000,1.0000,1,16,True,1683206.0000,1684674.0000,82.2001,0.0822
1,1694.3885,1683.4075,1683407.5001,29,1.0-1683206-1684674,688.0000,1.0000,1,16,True,1683206.0000,1684674.0000,201.5001,0.2015
1,1694.4194,1683.4384,1683438.4001,29,1.0-1683206-1684674,688.0000,1.0000,1,16,True,1683206.0000,1684674.0000,232.4001,0.2324
1,1694.4420,1683.4610,1683461.0001,29,1.0-1683206-1684674,688.0000,1.0000,1,16,True,1683206.0000,1684674.0000,255.0001,0.2550
1,1694.6200,1683.6390,1683639.0001,29,1.0-1683206-1684674,688.0000,1.0000,1,16,True,1683206.0000,1684674.0000,433.0001,0.4330
1,1694.6807,1683.6997,1683699.7001,29,1.0-1683206-1684674,688.0000,1.0000,1,16,True,1683206.0000,1684674.0000,493.7001,0.4937
1,1694.8467,1683.8657,1683865.7001,29,1.0-1683206-1684674,688.0000,1.0000,1,16,True,1683206.0000,1684674.0000,659.7001,0.6597
1,1694.9793,1683.9983,1683998.3001,29,1.0-1683206-1684674,688.0000,1.0000,1,16,True,1683206.0000,1684674.0000,792.3001,0.7923
1,1695.0056,1684.0246,1684024.6001,29,1.0-1683206-1684674,688.0000,1.0000,1,16,True,1683206.0000,1684674.0000,818.6001,0.8186
1,1695.0783,1684.0973,1684097.3001,29,1.0-1683206-1684674,688.0000,1.0000,1,16,True,1683206.0000,1684674.0000,891.3001,0.8913
1,1695.0976,1684.1166,1684116.6001,29,1.0-1683206-1684674,688.0000,1.0000,1,16,True,1683206.0000,1684674.0000,910.6001,0.9106
1,1695.6468,1684.6658,1684665.8001,29,1.0-1683206-1684674,688.0000,1.0000,1,16,True,1683206.0000,1684674.0000,1459.8001,1.4598
1,55.8429,44.8619,44861.9001,30,1.0-44609-47579,24.0000,1.0000,1,17,True,44609.0000,47579.0000,252.9001,0.2529
1,55.8454,44.8644,44864.4001,30,1.0-44609-47579,24.0000,1.0000,1,17,True,44609.0000,47579.0000,255.4001,0.2554
1,55.8739,44.8929,44892.9001,30,1.0-44609-47579,24.0000,1.0000,1,17,True,44609.0000,47579.0000,283.9001,0.2839
1,55.8825,44.9015,44901.5001,30,1.0-44609-47579,24.0000,1.0000,1,17,True,44609.0000,47579.0000,292.5001,0.2925
1,55.8913,44.9103,44910.3001,30,1.0-44609-47579,24.0000,1.0000,1,17,True,44609.0000,47579.0000,301.3001,0.3013
1,56.0668,45.0858,45085.8001,30,1.0-44609-47579,24.0000,1.0000,1,17,True,44609.0000,47579.0000,476.8001,0.4768
1,56.1173,45.1363,45136.3001,30,1.0-44609-47579,24.0000,1.0000,1,17,True,44609.0000,47579.0000,527.3001,0.5273
1,56.2036,45.2226,45222.6001,30,1.0-44609-47579,24.0000,1.0000,1,17,True,44609.0000,47579.0000,613.6001,0.6136
1,56.2300,45.2490,45249.0001,30,1.0-44609-47579,24.0000,1.0000,1,17,True,44609.0000,47579.0000,640.0001,0.6400
1,56.2718,45.2908,45290.8001,30,1.0-44609-47579,24.0000,1.0000,1,17,True,44609.0000,47579.0000,681.8001,0.6818
1,56.2752,45.2942,45294.2001,30,1.0-44609-47579,24.0000,1.0000,1,17,True,44609.0000,47579.0000,685.2001,0.6852
1,56.4140,45.4330,45433.0001,30,1.0-44609-47579,24.0000,1.0000,1,17,True,44609.0000,47579.0000,824.0001,0.8240
1,56.5054,45.5244,45524.4001,30,1.0-44609-47579,24.0000,1.0000,1,17,True,44609.0000,47579.0000,915.4001,0.9154
1,56.5189,45.5379,45537.9001,30,1.0-44609-47579,24.0000,1.0000,1,17,True,44609.0000,47579.0000,928.9001,0.9289
1,56.5791,45.5981,45598.1001,30,1.0-44609-47579,24.0000,1.0000,1,17,True,44609.0000,47579.0000,989.1001,0.9891
1,57.0501,46.0691,46069.1001,30,1.0-44609-47579,24.0000,1.0000,1,17,True,44609.0000,47579.0000,1460.1001,1.4601
1,57.0581,46.0771,46077.1001,30,1.0-44609-47579,24.0000,1.0000,1,17,True,44609.0000,47579.0000,1468.1001,1.4681
1,57.2380,46.2570,46257.0001,30,1.0-44609-47579,24.0000,1.0000,1,17,True,44609.0000,47579.0000,1648.0001,1.6480
1,57.4072,46.4262,46426.2001,30,1.0-44609-47579,24.0000,1.0000,1,17,True,44609.0000,47579.0000,1817.2001,1.8172
1,57.4770,46.4960,46496.0001,30,1.0-44609-47579,24.0000,1.0000,1,17,True,44609.0000,47579.0000,1887.0001,1.8870
1,58.1863,47.2053,47205.3001,30,1.0-44609-47579,24.0000,1.0000,1,17,True,44609.0000,47579.0000,2596.3001,2.5963
1,58.2177,47.2367,47236.7001,30,1.0-44609-47579,24.0000,1.0000,1,17,True,44609.0000,47579.0000,2627.7001,2.6277
1,113.5341,102.5531,102553.1001,31,1.0-102298-103065,58.0000,1.0000,1,18,True,102298.0000,103065.0000,255.1001,0.2551
1,113.9208,102.9398,102939.8001,31,1.0-102298-103065,58.0000,1.0000,1,18,True,102298.0000,103065.0000,641.8001,0.6418
1,1731.8134,1720.8324,1720832.4001,32,1.0-1720809-1722810,705.0000,1.0000,0,56,True,1720809.0000,1722810.0000,23.4001,0.0234
1,1732.0645,1721.0835,1721083.5001,32,1.0-1720809-1722810,705.0000,1.0000,0,56,True,1720809.0000,1722810.0000,274.5001,0.2745
1,1732.3206,1721.3396,1721339.6001,32,1.0-1720809-1722810,705.0000,1.0000,0,56,True,1720809.0000,1722810.0000,530.6001,0.5306
1,1732.3896,1721.4086,1721408.6001,32,1.0-1720809-1722810,705.0000,1.0000,0,56,True,1720809.0000,1722810.0000,599.6001,0.5996
1,1732.4433,1721.4623,1721462.3001,32,1.0-1720809-1722810,705.0000,1.0000,0,56,True,1720809.0000,1722810.0000,653.3001,0.6533
1,1732.5781,1721.5971,1721597.1001,32,1.0-1720809-1722810,705.0000,1.0000,0,56,True,1720809.0000,1722810.0000,788.1001,0.7881
1,1732.7173,1721.7363,1721736.3001,32,1.0-1720809-1722810,705.0000,1.0000,0,56,True,1720809.0000,1722810.0000,927.3001,0.9273
1,1732.8065,1721.8255,1721825.5001,32,1.0-1720809-1722810,705.0000,1.0000,0,56,True,1720809.0000,1722810.0000,1016.5001,1.0165
1,1733.1025,1722.1215,1722121.5001,32,1.0-1720809-1722810,705.0000,1.0000,0,56,True,1720809.0000,1722810.0000,1312.5001,1.3125
1,1733.4796,1722.4986,1722498.6001,32,1.0-1720809-1722810,705.0000,1.0000,0,56,True,1720809.0000,1722810.0000,1689.6001,1.6896
1,530.0060,519.0250,519025.0001,33,1.0-518795-520196,264.0000,1.0000,1,19,True,518795.0000,520196.0000,230.0001,0.2300
1,530.0363,519.0553,519055.3001,33,1.0-518795-520196,264.0000,1.0000,1,19,True,518795.0000,520196.0000,260.3001,0.2603
1,530.1782,519.1972,519197.2001,33,1.0-518795-520196,264.0000,1.0000,1,19,True,518795.0000,520196.0000,402.2001,0.4022
1,530.1906,519.2096,519209.6001,33,1.0-518795-520196,264.0000,1.0000,1,19,True,518795.0000,520196.0000,414.6001,0.4146
1,530.4262,519.4452,519445.2001,33,1.0-518795-520196,264.0000,1.0000,1,19,True,518795.0000,520196.0000,650.2001,0.6502
1,530.4545,519.4735,519473.5001,33,1.0-518795-520196,264.0000,1.0000,1,19,True,518795.0000,520196.0000,678.5001,0.6785
1,530.7163,519.7353,519735.3001,33,1.0-518795-520196,264.0000,1.0000,1,19,True,518795.0000,520196.0000,940.3001,0.9403
1,1906.9619,1895.9809,1895980.9001,34,1.0-1895842-1898078,799.0000,1.0000,0,57,True,1895842.0000,1898078.0000,138.9001,0.1389
1,1907.0732,1896.0922,1896092.2001,34,1.0-1895842-1898078,799.0000,1.0000,0,57,True,1895842.0000,1898078.0000,250.2001,0.2502
1,1907.4727,1896.4917,1896491.7001,34,1.0-1895842-1898078,799.0000,1.0000,0,57,True,1895842.0000,1898078.0000,649.7001,0.6497
1,1908.0050,1897.0240,1897024.0001,34,1.0-1895842-1898078,799.0000,1.0000,0,57,True,1895842.0000,1898078.0000,1182.0001,1.1820
1,1908.2811,1897.3001,1897300.1001,34,1.0-1895842-1898078,799.0000,1.0000,0,57,True,1895842.0000,1898078.0000,1458.1001,1.4581
1,1908.4729,1897.4919,1897491.9001,34,1.0-1895842-1898078,799.0000,1.0000,0,57,True,1895842.0000,1898078.0000,1649.9001,1.6499
1,1908.5296,1897.5486,1897548.6001,34,1.0-1895842-1898078,799.0000,1.0000,0,57,True,1895842.0000,1898078.0000,1706.6001,1.7066
1,1908.9127,1897.9317,1897931.7001,34,1.0-1895842-1898078,799.0000,1.0000,0,57,True,1895842.0000,1898078.0000,2089.7001,2.0897
1,1908.9265,1897.9455,1897945.5001,34,1.0-1895842-1898078,799.0000,1.0000,0,57,True,1895842.0000,1898078.0000,2103.5001,2.1035
1,1908.9730,1897.9920,1897992.0001,34,1.0-1895842-1898078,799.0000,1.0000,0,57,True,1895842.0000,1898078.0000,2150.0001,2.1500
1,1742.1954,1731.2144,1731214.4001,35,1.0-1731152-1734155,709.0000,1.0000,0,58,True,1731152.0000,1734155.0000,62.4001,0.0624
1,1742.3321,1731.3511,1731351.1001,35,1.0-1731152-1734155,709.0000,1.0000,0,58,True,1731152.0000,1734155.0000,199.1001,0.1991
1,1743.8562,1732.8752,1732875.2001,35,1.0-1731152-1734155,709.0000,1.0000,0,58,True,1731152.0000,1734155.0000,1723.2001,1.7232
1,1744.0008,1733.0198,1733019.8001,35,1.0-1731152-1734155,709.0000,1.0000,0,58,True,1731152.0000,1734155.0000,1867.8001,1.8678
1,1744.0889,1733.1079,1733107.9001,35,1.0-1731152-1734155,709.0000,1.0000,0,58,True,1731152.0000,1734155.0000,1955.9001,1.9559
1,1744.1140,1733.1330,1733133.0001,35,1.0-1731152-1734155,709.0000,1.0000,0,58,True,1731152.0000,1734155.0000,1981.0001,1.9810
1,1744.6535,1733.6725,1733672.5001,35,1.0-1731152-1734155,709.0000,1.0000,0,58,True,1731152.0000,1734155.0000,2520.5001,2.5205
1,1745.0699,1734.0889,1734088.9001,35,1.0-1731152-1734155,709.0000,1.0000,0,58,True,1731152.0000,1734155.0000,2936.9001,2.9369
1,462.5039,451.5229,451522.9001,36,1.0-451431-453266,246.0000,1.0000,1,20,True,451431.0000,453266.0000,91.9001,0.0919
1,462.5234,451.5424,451542.4001,36,1.0-451431-453266,246.0000,1.0000,1,20,True,451431.0000,453266.0000,111.4001,0.1114
1,462.6608,451.6798,451679.8001,36,1.0-451431-453266,246.0000,1.0000,1,20,True,451431.0000,453266.0000,248.8001,0.2488
1,462.6808,451.6998,451699.8001,36,1.0-451431-453266,246.0000,1.0000,1,20,True,451431.0000,453266.0000,268.8001,0.2688
1,462.8820,451.9010,451901.0001,36,1.0-451431-453266,246.0000,1.0000,1,20,True,451431.0000,453266.0000,470.0001,0.4700
1,462.8892,451.9082,451908.2001,36,1.0-451431-453266,246.0000,1.0000,1,20,True,451431.0000,453266.0000,477.2001,0.4772
1,463.2699,452.2889,452288.9001,36,1.0-451431-453266,246.0000,1.0000,1,20,True,451431.0000,453266.0000,857.9001,0.8579
1,463.3151,452.3341,452334.1001,36,1.0-451431-453266,246.0000,1.0000,1,20,True,451431.0000,453266.0000,903.1001,0.9031
1,463.5904,452.6094,452609.4001,36,1.0-451431-453266,246.0000,1.0000,1,20,True,451431.0000,453266.0000,1178.4001,1.1784
1,463.7329,452.7519,452751.9001,36,1.0-451431-453266,246.0000,1.0000,1,20,True,451431.0000,453266.0000,1320.9001,1.3209
1,463.7524,452.7714,452771.4001,36,1.0-451431-453266,246.0000,1.0000,1,20,True,451431.0000,453266.0000,1340.4001,1.3404
1,463.9011,452.9201,452920.1001,36,1.0-451431-453266,246.0000,1.0000,1,20,True,451431.0000,453266.0000,1489.1001,1.4891
1,463.9709,452.9899,452989.9001,36,1.0-451431-453266,246.0000,1.0000,1,20,True,451431.0000,453266.0000,1558.9001,1.5589
1,306.3887,295.4077,295407.7001,37,1.0-294948-297817,167.0000,1.0000,1,21,True,294948.0000,297817.0000,459.7001,0.4597
1,306.5977,295.6167,295616.7001,37,1.0-294948-297817,167.0000,1.0000,1,21,True,294948.0000,297817.0000,668.7001,0.6687
1,306.6680,295.6870,295687.0001,37,1.0-294948-297817,167.0000,1.0000,1,21,True,294948.0000,297817.0000,739.0001,0.7390
1,306.6794,295.6984,295698.4001,37,1.0-294948-297817,167.0000,1.0000,1,21,True,294948.0000,297817.0000,750.4001,0.7504
1,306.7761,295.7951,295795.1001,37,1.0-294948-297817,167.0000,1.0000,1,21,True,294948.0000,297817.0000,847.1001,0.8471
1,307.0534,296.0724,296072.4001,37,1.0-294948-297817,167.0000,1.0000,1,21,True,294948.0000,297817.0000,1124.4001,1.1244
1,307.1381,296.1571,296157.1001,37,1.0-294948-297817,167.0000,1.0000,1,21,True,294948.0000,297817.0000,1209.1001,1.2091
1,307.2352,296.2542,296254.2001,37,1.0-294948-297817,167.0000,1.0000,1,21,True,294948.0000,297817.0000,1306.2001,1.3062
1,307.2927,296.3117,296311.7001,37,1.0-294948-297817,167.0000,1.0000,1,21,True,294948.0000,297817.0000,1363.7001,1.3637
1,308.0021,297.0211,297021.1001,37,1.0-294948-297817,167.0000,1.0000,1,21,True,294948.0000,297817.0000,2073.1001,2.0731
1,308.0830,297.1020,297102.0001,37,1.0-294948-297817,167.0000,1.0000,1,21,True,294948.0000,297817.0000,2154.0001,2.1540
1,308.1683,297.1873,297187.3001,37,1.0-294948-297817,167.0000,1.0000,1,21,True,294948.0000,297817.0000,2239.3001,2.2393
1,308.5076,297.5266,297526.6001,37,1.0-294948-297817,167.0000,1.0000,1,21,True,294948.0000,297817.0000,2578.6001,2.5786
1,308.6165,297.6355,297635.5001,37,1.0-294948-297817,167.0000,1.0000,1,21,True,294948.0000,297817.0000,2687.5001,2.6875
1,1465.8017,1454.8207,1454820.7001,38,1.0-1454721-1455889,577.0000,1.0000,1,22,True,1454721.0000,1455889.0000,99.7001,0.0997
1,1466.5887,1455.6077,1455607.7001,38,1.0-1454721-1455889,577.0000,1.0000,1,22,True,1454721.0000,1455889.0000,886.7001,0.8867
1,1466.6213,1455.6403,1455640.3001,38,1.0-1454721-1455889,577.0000,1.0000,1,22,True,1454721.0000,1455889.0000,919.3001,0.9193
1,1466.6408,1455.6598,1455659.8001,38,1.0-1454721-1455889,577.0000,1.0000,1,22,True,1454721.0000,1455889.0000,938.8001,0.9388
1,1466.7978,1455.8168,1455816.8001,38,1.0-1454721-1455889,577.0000,1.0000,1,22,True,1454721.0000,1455889.0000,1095.8001,1.0958
1,2439.0993,2428.1183,2428118.3001,39,1.0-2428117-2430119,999.0000,1.0000,0,59,True,2428117.0000,2430119.0000,1.3001,0.0013
1,2439.8932,2428.9122,2428912.2001,39,1.0-2428117-2430119,999.0000,1.0000,0,59,True,2428117.0000,2430119.0000,795.2001,0.7952
1,2440.0207,2429.0397,2429039.7001,39,1.0-2428117-2430119,999.0000,1.0000,0,59,True,2428117.0000,2430119.0000,922.7001,0.9227
1,2440.1532,2429.1722,2429172.2001,39,1.0-2428117-2430119,999.0000,1.0000,0,59,True,2428117.0000,2430119.0000,1055.2001,1.0552
1,2440.1842,2429.2032,2429203.2001,39,1.0-2428117-2430119,999.0000,1.0000,0,59,True,2428117.0000,2430119.0000,1086.2001,1.0862
1,2440.1867,2429.2057,2429205.7001,39,1.0-2428117-2430119,999.0000,1.0000,0,59,True,2428117.0000,2430119.0000,1088.7001,1.0887
1,2440.1924,2429.2114,2429211.4001,39,1.0-2428117-2430119,999.0000,1.0000,0,59,True,2428117.0000,2430119.0000,1094.4001,1.0944
1,2440.4995,2429.5185,2429518.5001,39,1.0-2428117-2430119,999.0000,1.0000,0,59,True,2428117.0000,2430119.0000,1401.5001,1.4015
1,2440.6250,2429.6440,2429644.0001,39,1.0-2428117-2430119,999.0000,1.0000,0,59,True,2428117.0000,2430119.0000,1527.0001,1.5270
1,2440.7887,2429.8077,2429807.7001,39,1.0-2428117-2430119,999.0000,1.0000,0,59,True,2428117.0000,2430119.0000,1690.7001,1.6907
1,2440.8079,2429.8269,2429826.9001,39,1.0-2428117-2430119,999.0000,1.0000,0,59,True,2428117.0000,2430119.0000,1709.9001,1.7099
1,239.9760,228.9950,228995.0001,40,1.0-228952-231354,133.0000,1.0000,0,60,True,228952.0000,231354.0000,43.0001,0.0430
1,240.0406,229.0596,229059.6001,40,1.0-228952-231354,133.0000,1.0000,0,60,True,228952.0000,231354.0000,107.6001,0.1076
1,240.0432,229.0622,229062.2001,40,1.0-228952-231354,133.0000,1.0000,0,60,True,228952.0000,231354.0000,110.2001,0.1102
1,240.0993,229.1183,229118.3001,40,1.0-228952-231354,133.0000,1.0000,0,60,True,228952.0000,231354.0000,166.3001,0.1663
1,240.1273,229.1463,229146.3001,40,1.0-228952-231354,133.0000,1.0000,0,60,True,228952.0000,231354.0000,194.3001,0.1943
1,240.1463,229.1653,229165.3001,40,1.0-228952-231354,133.0000,1.0000,0,60,True,228952.0000,231354.0000,213.3001,0.2133
1,240.1599,229.1789,229178.9001,40,1.0-228952-231354,133.0000,1.0000,0,60,True,228952.0000,231354.0000,226.9001,0.2269
1,240.2660,229.2850,229285.0001,40,1.0-228952-231354,133.0000,1.0000,0,60,True,228952.0000,231354.0000,333.0001,0.3330
1,240.5437,229.5627,229562.7001,40,1.0-228952-231354,133.0000,1.0000,0,60,True,228952.0000,231354.0000,610.7001,0.6107
1,240.5588,229.5778,229577.8001,40,1.0-228952-231354,133.0000,1.0000,0,60,True,228952.0000,231354.0000,625.8001,0.6258
1,240.5825,229.6015,229601.5001,40,1.0-228952-231354,133.0000,1.0000,0,60,True,228952.0000,231354.0000,649.5001,0.6495
1,240.8720,229.8910,229891.0001,40,1.0-228952-231354,133.0000,1.0000,0,60,True,228952.0000,231354.0000,939.0001,0.9390
1,240.9018,229.9208,229920.8001,40,1.0-228952-231354,133.0000,1.0000,0,60,True,228952.0000,231354.0000,968.8001,0.9688
1,240.9116,229.9306,229930.6001,40,1.0-228952-231354,133.0000,1.0000,0,60,True,228952.0000,231354.0000,978.6001,0.9786
1,240.9259,229.9449,229944.9001,40,1.0-228952-231354,133.0000,1.0000,0,60,True,228952.0000,231354.0000,992.9001,0.9929
1,241.0636,230.0826,230082.6001,40,1.0-228952-231354,133.0000,1.0000,0,60,True,228952.0000,231354.0000,1130.6001,1.1306
1,241.2902,230.3092,230309.2001,40,1.0-228952-231354,133.0000,1.0000,0,60,True,228952.0000,231354.0000,1357.2001,1.3572
1,241.3291,230.3481,230348.1001,40,1.0-228952-231354,133.0000,1.0000,0,60,True,228952.0000,231354.0000,1396.1001,1.3961
1,241.5800,230.5990,230599.0001,40,1.0-228952-231354,133.0000,1.0000,0,60,True,228952.0000,231354.0000,1647.0001,1.6470
1,241.5996,230.6186,230618.6001,40,1.0-228952-231354,133.0000,1.0000,0,60,True,228952.0000,231354.0000,1666.6001,1.6666
1,241.6057,230.6247,230624.7001,40,1.0-228952-231354,133.0000,1.0000,0,60,True,228952.0000,231354.0000,1672.7001,1.6727
1,241.8546,230.8736,230873.6001,40,1.0-228952-231354,133.0000,1.0000,0,60,True,228952.0000,231354.0000,1921.6001,1.9216
1,241.8737,230.8927,230892.7001,40,1.0-228952-231354,133.0000,1.0000,0,60,True,228952.0000,231354.0000,1940.7001,1.9407
1,241.8778,230.8968,230896.8001,40,1.0-228952-231354,133.0000,1.0000,0,60,True,228952.0000,231354.0000,1944.8001,1.9448
1,241.9309,230.9499,230949.9001,40,1.0-228952-231354,133.0000,1.0000,0,60,True,228952.0000,231354.0000,1997.9001,1.9979
1,242.0520,231.0710,231071.0001,40,1.0-228952-231354,133.0000,1.0000,0,60,True,228952.0000,231354.0000,2119.0001,2.1190
1,242.0605,231.0795,231079.5001,40,1.0-228952-231354,133.0000,1.0000,0,60,True,228952.0000,231354.0000,2127.5001,2.1275
1,242.0761,231.0951,231095.1001,40,1.0-228952-231354,133.0000,1.0000,0,60,True,228952.0000,231354.0000,2143.1001,2.1431
1,242.1136,231.1326,231132.6001,40,1.0-228952-231354,133.0000,1.0000,0,60,True,228952.0000,231354.0000,2180.6001,2.1806
1,242.2503,231.2693,231269.3001,40,1.0-228952-231354,133.0000,1.0000,0,60,True,228952.0000,231354.0000,2317.3001,2.3173
1,242.3145,231.3335,231333.5001,40,1.0-228952-231354,133.0000,1.0000,0,60,True,228952.0000,231354.0000,2381.5001,2.3815
1,2092.1828,2081.2018,2081201.8001,41,1.0-2080619-2082821,867.0000,1.0000,0,61,True,2080619.0000,2082821.0000,582.8001,0.5828
1,2092.2011,2081.2201,2081220.1001,41,1.0-2080619-2082821,867.0000,1.0000,0,61,True,2080619.0000,2082821.0000,601.1001,0.6011
1,2092.7310,2081.7500,2081750.0001,41,1.0-2080619-2082821,867.0000,1.0000,0,61,True,2080619.0000,2082821.0000,1131.0001,1.1310
1,2093.2765,2082.2955,2082295.5001,41,1.0-2080619-2082821,867.0000,1.0000,0,61,True,2080619.0000,2082821.0000,1676.5001,1.6765
1,2093.4313,2082.4503,2082450.3001,41,1.0-2080619-2082821,867.0000,1.0000,0,61,True,2080619.0000,2082821.0000,1831.3001,1.8313
1,1728.2685,1717.2875,1717287.5001,42,1.0-1717205-1719641,703.0000,1.0000,0,62,True,1717205.0000,1719641.0000,82.5001,0.0825
1,1728.3613,1717.3803,1717380.3001,42,1.0-1717205-1719641,703.0000,1.0000,0,62,True,1717205.0000,1719641.0000,175.3001,0.1753
1,1728.3961,1717.4151,1717415.1001,42,1.0-1717205-1719641,703.0000,1.0000,0,62,True,1717205.0000,1719641.0000,210.1001,0.2101
1,1728.4617,1717.4807,1717480.7001,42,1.0-1717205-1719641,703.0000,1.0000,0,62,True,1717205.0000,1719641.0000,275.7001,0.2757
1,1728.9303,1717.9493,1717949.3001,42,1.0-1717205-1719641,703.0000,1.0000,0,62,True,1717205.0000,1719641.0000,744.3001,0.7443
1,1729.0760,1718.0950,1718095.0001,42,1.0-1717205-1719641,703.0000,1.0000,0,62,True,1717205.0000,1719641.0000,890.0001,0.8900
1,1729.1912,1718.2102,1718210.2001,42,1.0-1717205-1719641,703.0000,1.0000,0,62,True,1717205.0000,1719641.0000,1005.2001,1.0052
1,1729.2135,1718.2325,1718232.5001,42,1.0-1717205-1719641,703.0000,1.0000,0,62,True,1717205.0000,1719641.0000,1027.5001,1.0275
1,1729.9735,1718.9925,1718992.5001,42,1.0-1717205-1719641,703.0000,1.0000,0,62,True,1717205.0000,1719641.0000,1787.5001,1.7875
1,1729.9898,1719.0088,1719008.8001,42,1.0-1717205-1719641,703.0000,1.0000,0,62,True,1717205.0000,1719641.0000,1803.8001,1.8038
1,1729.9928,1719.0118,1719011.8001,42,1.0-1717205-1719641,703.0000,1.0000,0,62,True,1717205.0000,1719641.0000,1806.8001,1.8068
1,1730.2902,1719.3092,1719309.2001,42,1.0-1717205-1719641,703.0000,1.0000,0,62,True,1717205.0000,1719641.0000,2104.2001,2.1042
1,1557.4483,1546.4673,1546467.3001,43,1.0-1545942-1547109,627.0000,1.0000,1,23,True,1545942.0000,1547109.0000,525.3001,0.5253
1,1557.5099,1546.5289,1546528.9001,43,1.0-1545942-1547109,627.0000,1.0000,1,23,True,1545942.0000,1547109.0000,586.9001,0.5869
1,1557.5370,1546.5560,1546556.0001,43,1.0-1545942-1547109,627.0000,1.0000,1,23,True,1545942.0000,1547109.0000,614.0001,0.6140
1,1557.5707,1546.5897,1546589.7001,43,1.0-1545942-1547109,627.0000,1.0000,1,23,True,1545942.0000,1547109.0000,647.7001,0.6477
1,1557.7384,1546.7574,1546757.4001,43,1.0-1545942-1547109,627.0000,1.0000,1,23,True,1545942.0000,1547109.0000,815.4001,0.8154
1,1557.8191,1546.8381,1546838.1001,43,1.0-1545942-1547109,627.0000,1.0000,1,23,True,1545942.0000,1547109.0000,896.1001,0.8961
1,145.9698,134.9888,134988.8001,44,1.0-134962-137798,79.0000,1.0000,1,24,True,134962.0000,137798.0000,26.8001,0.0268
1,146.0088,135.0278,135027.8001,44,1.0-134962-137798,79.0000,1.0000,1,24,True,134962.0000,137798.0000,65.8001,0.0658
1,146.0108,135.0298,135029.8001,44,1.0-134962-137798,79.0000,1.0000,1,24,True,134962.0000,137798.0000,67.8001,0.0678
1,146.2775,135.2965,135296.5001,44,1.0-134962-137798,79.0000,1.0000,1,24,True,134962.0000,137798.0000,334.5001,0.3345
1,146.3860,135.4050,135405.0001,44,1.0-134962-137798,79.0000,1.0000,1,24,True,134962.0000,137798.0000,443.0001,0.4430
1,146.5611,135.5801,135580.1001,44,1.0-134962-137798,79.0000,1.0000,1,24,True,134962.0000,137798.0000,618.1001,0.6181
1,146.9759,135.9949,135994.9001,44,1.0-134962-137798,79.0000,1.0000,1,24,True,134962.0000,137798.0000,1032.9001,1.0329
1,147.0574,136.0764,136076.4001,44,1.0-134962-137798,79.0000,1.0000,1,24,True,134962.0000,137798.0000,1114.4001,1.1144
1,147.9898,137.0088,137008.8001,44,1.0-134962-137798,79.0000,1.0000,1,24,True,134962.0000,137798.0000,2046.8001,2.0468
1,148.1953,137.2143,137214.3001,44,1.0-134962-137798,79.0000,1.0000,1,24,True,134962.0000,137798.0000,2252.3001,2.2523
1,148.4008,137.4198,137419.8001,44,1.0-134962-137798,79.0000,1.0000,1,24,True,134962.0000,137798.0000,2457.8001,2.4578
1,148.4730,137.4920,137492.0001,44,1.0-134962-137798,79.0000,1.0000,1,24,True,134962.0000,137798.0000,2530.0001,2.5300
1,1009.8252,998.8442,998844.2001,45,1.0-998686-999520,429.0000,1.0000,0,63,True,998686.0000,999520.0000,158.2001,0.1582
1,1010.3774,999.3964,999396.4001,45,1.0-998686-999520,429.0000,1.0000,0,63,True,998686.0000,999520.0000,710.4001,0.7104
1,389.1119,378.1309,378130.9001,46,1.0-378094-380229,210.0000,1.0000,0,64,True,378094.0000,380229.0000,36.9001,0.0369
1,389.1938,378.2128,378212.8001,46,1.0-378094-380229,210.0000,1.0000,0,64,True,378094.0000,380229.0000,118.8001,0.1188
1,389.5279,378.5469,378546.9001,46,1.0-378094-380229,210.0000,1.0000,0,64,True,378094.0000,380229.0000,452.9001,0.4529
1,389.5751,378.5941,378594.1001,46,1.0-378094-380229,210.0000,1.0000,0,64,True,378094.0000,380229.0000,500.1001,0.5001
1,389.6492,378.6682,378668.2001,46,1.0-378094-380229,210.0000,1.0000,0,64,True,378094.0000,380229.0000,574.2001,0.5742
1,389.6850,378.7040,378704.0001,46,1.0-378094-380229,210.0000,1.0000,0,64,True,378094.0000,380229.0000,610.0001,0.6100
1,389.8911,378.9101,378910.1001,46,1.0-378094-380229,210.0000,1.0000,0,64,True,378094.0000,380229.0000,816.1001,0.8161
1,389.8934,378.9124,378912.4001,46,1.0-378094-380229,210.0000,1.0000,0,64,True,378094.0000,380229.0000,818.4001,0.8184
1,389.9061,378.9251,378925.1001,46,1.0-378094-380229,210.0000,1.0000,0,64,True,378094.0000,380229.0000,831.1001,0.8311
1,389.9429,378.9619,378961.9001,46,1.0-378094-380229,210.0000,1.0000,0,64,True,378094.0000,380229.0000,867.9001,0.8679
1,390.1025,379.1215,379121.5001,46,1.0-378094-380229,210.0000,1.0000,0,64,True,378094.0000,380229.0000,1027.5001,1.0275
1,390.1206,379.1396,379139.6001,46,1.0-378094-380229,210.0000,1.0000,0,64,True,378094.0000,380229.0000,1045.6001,1.0456
1,390.2244,379.2434,379243.4001,46,1.0-378094-380229,210.0000,1.0000,0,64,True,378094.0000,380229.0000,1149.4001,1.1494
1,390.4073,379.4263,379426.3001,46,1.0-378094-380229,210.0000,1.0000,0,64,True,378094.0000,380229.0000,1332.3001,1.3323
1,390.4711,379.4901,379490.1001,46,1.0-378094-380229,210.0000,1.0000,0,64,True,378094.0000,380229.0000,1396.1001,1.3961
1,390.7131,379.7321,379732.1001,46,1.0-378094-380229,210.0000,1.0000,0,64,True,378094.0000,380229.0000,1638.1001,1.6381
1,390.9869,380.0059,380005.9001,46,1.0-378094-380229,210.0000,1.0000,0,64,True,378094.0000,380229.0000,1911.9001,1.9119
1,391.0070,380.0260,380026.0001,46,1.0-378094-380229,210.0000,1.0000,0,64,True,378094.0000,380229.0000,1932.0001,1.9320
1,391.1819,380.2009,380200.9001,46,1.0-378094-380229,210.0000,1.0000,0,64,True,378094.0000,380229.0000,2106.9001,2.1069
1,1457.8756,1446.8946,1446894.6001,47,1.0-1446780-1448716,574.0000,1.0000,0,65,True,1446780.0000,1448716.0000,114.6001,0.1146
1,1457.8951,1446.9141,1446914.1001,47,1.0-1446780-1448716,574.0000,1.0000,0,65,True,1446780.0000,1448716.0000,134.1001,0.1341
1,1457.9602,1446.9792,1446979.2001,47,1.0-1446780-1448716,574.0000,1.0000,0,65,True,1446780.0000,1448716.0000,199.2001,0.1992
1,1457.9638,1446.9828,1446982.8001,47,1.0-1446780-1448716,574.0000,1.0000,0,65,True,1446780.0000,1448716.0000,202.8001,0.2028
1,1458.3614,1447.3804,1447380.4001,47,1.0-1446780-1448716,574.0000,1.0000,0,65,True,1446780.0000,1448716.0000,600.4001,0.6004
1,1458.3814,1447.4004,1447400.4001,47,1.0-1446780-1448716,574.0000,1.0000,0,65,True,1446780.0000,1448716.0000,620.4001,0.6204
1,1458.8699,1447.8889,1447888.9001,47,1.0-1446780-1448716,574.0000,1.0000,0,65,True,1446780.0000,1448716.0000,1108.9001,1.1089
1,1458.9105,1447.9295,1447929.5001,47,1.0-1446780-1448716,574.0000,1.0000,0,65,True,1446780.0000,1448716.0000,1149.5001,1.1495
1,1459.4126,1448.4316,1448431.6001,47,1.0-1446780-1448716,574.0000,1.0000,0,65,True,1446780.0000,1448716.0000,1651.6001,1.6516
1,1459.4303,1448.4493,1448449.3001,47,1.0-1446780-1448716,574.0000,1.0000,0,65,True,1446780.0000,1448716.0000,1669.3001,1.6693
1,1459.5407,1448.5597,1448559.7001,47,1.0-1446780-1448716,574.0000,1.0000,0,65,True,1446780.0000,1448716.0000,1779.7001,1.7797
1,1459.5431,1448.5621,1448562.1001,47,1.0-1446780-1448716,574.0000,1.0000,0,65,True,1446780.0000,1448716.0000,1782.1001,1.7821
1,1459.6220,1448.6410,1448641.0001,47,1.0-1446780-1448716,574.0000,1.0000,0,65,True,1446780.0000,1448716.0000,1861.0001,1.8610
1,1459.6418,1448.6608,1448660.8001,47,1.0-1446780-1448716,574.0000,1.0000,0,65,True,1446780.0000,1448716.0000,1880.8001,1.8808
1,1459.6552,1448.6742,1448674.2001,47,1.0-1446780-1448716,574.0000,1.0000,0,65,True,1446780.0000,1448716.0000,1894.2001,1.8942
1,2243.1289,2232.1479,2232147.9001,48,1.0-2232063-2233464,922.0000,1.0000,0,66,True,2232063.0000,2233464.0000,84.9001,0.0849
1,2243.2371,2232.2561,2232256.1001,48,1.0-2232063-2233464,922.0000,1.0000,0,66,True,2232063.0000,2233464.0000,193.1001,0.1931
1,2243.3915,2232.4105,2232410.5001,48,1.0-2232063-2233464,922.0000,1.0000,0,66,True,2232063.0000,2233464.0000,347.5001,0.3475
1,2243.4356,2232.4546,2232454.6001,48,1.0-2232063-2233464,922.0000,1.0000,0,66,True,2232063.0000,2233464.0000,391.6001,0.3916
1,2243.5440,2232.5630,2232563.0001,48,1.0-2232063-2233464,922.0000,1.0000,0,66,True,2232063.0000,2233464.0000,500.0001,0.5000
1,2243.6381,2232.6571,2232657.1001,48,1.0-2232063-2233464,922.0000,1.0000,0,66,True,2232063.0000,2233464.0000,594.1001,0.5941
1,2243.7032,2232.7222,2232722.2001,48,1.0-2232063-2233464,922.0000,1.0000,0,66,True,2232063.0000,2233464.0000,659.2001,0.6592
1,2243.8791,2232.8981,2232898.1001,48,1.0-2232063-2233464,922.0000,1.0000,0,66,True,2232063.0000,2233464.0000,835.1001,0.8351
1,2244.4405,2233.4595,2233459.5001,48,1.0-2232063-2233464,922.0000,1.0000,0,66,True,2232063.0000,2233464.0000,1396.5001,1.3965
1,1592.2248,1581.2438,1581243.8001,49,1.0-1581175-1583177,643.0000,1.0000,1,25,True,1581175.0000,1583177.0000,68.8001,0.0688
1,1592.3939,1581.4129,1581412.9001,49,1.0-1581175-1583177,643.0000,1.0000,1,25,True,1581175.0000,1583177.0000,237.9001,0.2379
1,1593.1369,1582.1559,1582155.9001,49,1.0-1581175-1583177,643.0000,1.0000,1,25,True,1581175.0000,1583177.0000,980.9001,0.9809
1,1593.2229,1582.2419,1582241.9001,49,1.0-1581175-1583177,643.0000,1.0000,1,25,True,1581175.0000,1583177.0000,1066.9001,1.0669
1,1593.4221,1582.4411,1582441.1001,49,1.0-1581175-1583177,643.0000,1.0000,1,25,True,1581175.0000,1583177.0000,1266.1001,1.2661
1,1593.8858,1582.9048,1582904.8001,49,1.0-1581175-1583177,643.0000,1.0000,1,25,True,1581175.0000,1583177.0000,1729.8001,1.7298
1,1594.1505,1583.1695,1583169.5001,49,1.0-1581175-1583177,643.0000,1.0000,1,25,True,1581175.0000,1583177.0000,1994.5001,1.9945
1,64.6414,53.6604,53660.4001,50,1.0-53584-55586,28.0000,1.0000,0,67,True,53584.0000,55586.0000,76.4001,0.0764
1,64.6461,53.6651,53665.1001,50,1.0-53584-55586,28.0000,1.0000,0,67,True,53584.0000,55586.0000,81.1001,0.0811
1,64.6603,53.6793,53679.3001,50,1.0-53584-55586,28.0000,1.0000,0,67,True,53584.0000,55586.0000,95.3001,0.0953
1,64.6845,53.7035,53703.5001,50,1.0-53584-55586,28.0000,1.0000,0,67,True,53584.0000,55586.0000,119.5001,0.1195
1,64.9827,54.0017,54001.7001,50,1.0-53584-55586,28.0000,1.0000,0,67,True,53584.0000,55586.0000,417.7001,0.4177
1,65.1507,54.1697,54169.7001,50,1.0-53584-55586,28.0000,1.0000,0,67,True,53584.0000,55586.0000,585.7001,0.5857
1,66.2194,55.2384,55238.4001,50,1.0-53584-55586,28.0000,1.0000,0,67,True,53584.0000,55586.0000,1654.4001,1.6544
1,66.3828,55.4018,55401.8001,50,1.0-53584-55586,28.0000,1.0000,0,67,True,53584.0000,55586.0000,1817.8001,1.8178
1,66.4019,55.4209,55420.9001,50,1.0-53584-55586,28.0000,1.0000,0,67,True,53584.0000,55586.0000,1836.9001,1.8369
1,66.5281,55.5471,55547.1001,50,1.0-53584-55586,28.0000,1.0000,0,67,True,53584.0000,55586.0000,1963.1001,1.9631
1,597.8381,586.8571,586857.1001,51,1.0-586593-589496,290.0000,1.0000,1,26,True,586593.0000,589496.0000,264.1001,0.2641
1,597.8993,586.9183,586918.3001,51,1.0-586593-589496,290.0000,1.0000,1,26,True,586593.0000,589496.0000,325.3001,0.3253
1,597.9972,587.0162,587016.2001,51,1.0-586593-589496,290.0000,1.0000,1,26,True,586593.0000,589496.0000,423.2001,0.4232
1,598.1309,587.1499,587149.9001,51,1.0-586593-589496,290.0000,1.0000,1,26,True,586593.0000,589496.0000,556.9001,0.5569
1,598.2341,587.2531,587253.1001,51,1.0-586593-589496,290.0000,1.0000,1,26,True,586593.0000,589496.0000,660.1001,0.6601
1,598.2775,587.2965,587296.5001,51,1.0-586593-589496,290.0000,1.0000,1,26,True,586593.0000,589496.0000,703.5001,0.7035
1,598.7246,587.7436,587743.6001,51,1.0-586593-589496,290.0000,1.0000,1,26,True,586593.0000,589496.0000,1150.6001,1.1506
1,598.9706,587.9896,587989.6001,51,1.0-586593-589496,290.0000,1.0000,1,26,True,586593.0000,589496.0000,1396.6001,1.3966
1,598.9729,587.9919,587991.9001,51,1.0-586593-589496,290.0000,1.0000,1,26,True,586593.0000,589496.0000,1398.9001,1.3989
1,599.1375,588.1565,588156.5001,51,1.0-586593-589496,290.0000,1.0000,1,26,True,586593.0000,589496.0000,1563.5001,1.5635
1,599.1796,588.1986,588198.6001,51,1.0-586593-589496,290.0000,1.0000,1,26,True,586593.0000,589496.0000,1605.6001,1.6056
1,599.2037,588.2227,588222.7001,51,1.0-586593-589496,290.0000,1.0000,1,26,True,586593.0000,589496.0000,1629.7001,1.6297
1,599.4149,588.4339,588433.9001,51,1.0-586593-589496,290.0000,1.0000,1,26,True,586593.0000,589496.0000,1840.9001,1.8409
1,599.5400,588.5590,588559.0001,51,1.0-586593-589496,290.0000,1.0000,1,26,True,586593.0000,589496.0000,1966.0001,1.9660
1,599.6309,588.6499,588649.9001,51,1.0-586593-589496,290.0000,1.0000,1,26,True,586593.0000,589496.0000,2056.9001,2.0569
1,599.7530,588.7720,588772.0001,51,1.0-586593-589496,290.0000,1.0000,1,26,True,586593.0000,589496.0000,2179.0001,2.1790
1,599.7605,588.7795,588779.5001,51,1.0-586593-589496,290.0000,1.0000,1,26,True,586593.0000,589496.0000,2186.5001,2.1865
1,599.7892,588.8082,588808.2001,51,1.0-586593-589496,290.0000,1.0000,1,26,True,586593.0000,589496.0000,2215.2001,2.2152
1,599.8184,588.8374,588837.4001,51,1.0-586593-589496,290.0000,1.0000,1,26,True,586593.0000,589496.0000,2244.4001,2.2444
1,599.8215,588.8405,588840.5001,51,1.0-586593-589496,290.0000,1.0000,1,26,True,586593.0000,589496.0000,2247.5001,2.2475
1,599.8247,588.8437,588843.7001,51,1.0-586593-589496,290.0000,1.0000,1,26,True,586593.0000,589496.0000,2250.7001,2.2507
1,600.0309,589.0499,589049.9001,51,1.0-586593-589496,290.0000,1.0000,1,26,True,586593.0000,589496.0000,2456.9001,2.4569
1,600.0972,589.1162,589116.2001,51,1.0-586593-589496,290.0000,1.0000,1,26,True,586593.0000,589496.0000,2523.2001,2.5232
1,600.3394,589.3584,589358.4001,51,1.0-586593-589496,290.0000,1.0000,1,26,True,586593.0000,589496.0000,2765.4001,2.7654
1,1845.0725,1834.0915,1834091.5001,52,1.0-1833883-1835585,758.0000,1.0000,1,27,True,1833883.0000,1835585.0000,208.5001,0.2085
1,1845.0844,1834.1034,1834103.4001,52,1.0-1833883-1835585,758.0000,1.0000,1,27,True,1833883.0000,1835585.0000,220.4001,0.2204
1,1845.1052,1834.1242,1834124.2001,52,1.0-1833883-1835585,758.0000,1.0000,1,27,True,1833883.0000,1835585.0000,241.2001,0.2412
1,1845.1349,1834.1539,1834153.9001,52,1.0-1833883-1835585,758.0000,1.0000,1,27,True,1833883.0000,1835585.0000,270.9001,0.2709
1,1845.4587,1834.4777,1834477.7001,52,1.0-1833883-1835585,758.0000,1.0000,1,27,True,1833883.0000,1835585.0000,594.7001,0.5947
1,1845.5077,1834.5267,1834526.7001,52,1.0-1833883-1835585,758.0000,1.0000,1,27,True,1833883.0000,1835585.0000,643.7001,0.6437
1,1845.5826,1834.6016,1834601.6001,52,1.0-1833883-1835585,758.0000,1.0000,1,27,True,1833883.0000,1835585.0000,718.6001,0.7186
1,1845.7471,1834.7661,1834766.1001,52,1.0-1833883-1835585,758.0000,1.0000,1,27,True,1833883.0000,1835585.0000,883.1001,0.8831
1,1846.1636,1835.1826,1835182.6001,52,1.0-1833883-1835585,758.0000,1.0000,1,27,True,1833883.0000,1835585.0000,1299.6001,1.2996
1,1846.2002,1835.2192,1835219.2001,52,1.0-1833883-1835585,758.0000,1.0000,1,27,True,1833883.0000,1835585.0000,1336.2001,1.3362
1,1846.4497,1835.4687,1835468.7001,52,1.0-1833883-1835585,758.0000,1.0000,1,27,True,1833883.0000,1835585.0000,1585.7001,1.5857
1,1846.4778,1835.4968,1835496.8001,52,1.0-1833883-1835585,758.0000,1.0000,1,27,True,1833883.0000,1835585.0000,1613.8001,1.6138
1,1846.5657,1835.5847,1835584.7001,52,1.0-1833883-1835585,758.0000,1.0000,1,27,True,1833883.0000,1835585.0000,1701.7001,1.7017
1,1001.8041,990.8231,990823.1001,53,1.0-990779-993681,427.0000,1.0000,1,28,True,990779.0000,993681.0000,44.1001,0.0441
1,1001.8715,990.8905,990890.5001,53,1.0-990779-993681,427.0000,1.0000,1,28,True,990779.0000,993681.0000,111.5001,0.1115
1,1002.1125,991.1315,991131.5001,53,1.0-990779-993681,427.0000,1.0000,1,28,True,990779.0000,993681.0000,352.5001,0.3525
1,1002.2182,991.2372,991237.2001,53,1.0-990779-993681,427.0000,1.0000,1,28,True,990779.0000,993681.0000,458.2001,0.4582
1,1002.3672,991.3862,991386.2001,53,1.0-990779-993681,427.0000,1.0000,1,28,True,990779.0000,993681.0000,607.2001,0.6072
1,1002.4572,991.4762,991476.2001,53,1.0-990779-993681,427.0000,1.0000,1,28,True,990779.0000,993681.0000,697.2001,0.6972
1,1002.6866,991.7056,991705.6001,53,1.0-990779-993681,427.0000,1.0000,1,28,True,990779.0000,993681.0000,926.6001,0.9266
1,1002.7540,991.7730,991773.0001,53,1.0-990779-993681,427.0000,1.0000,1,28,True,990779.0000,993681.0000,994.0001,0.9940
1,1003.1128,992.1318,992131.8001,53,1.0-990779-993681,427.0000,1.0000,1,28,True,990779.0000,993681.0000,1352.8001,1.3528
1,1003.1473,992.1663,992166.3001,53,1.0-990779-993681,427.0000,1.0000,1,28,True,990779.0000,993681.0000,1387.3001,1.3873
1,1003.2077,992.2267,992226.7001,53,1.0-990779-993681,427.0000,1.0000,1,28,True,990779.0000,993681.0000,1447.7001,1.4477
1,1003.2233,992.2423,992242.3001,53,1.0-990779-993681,427.0000,1.0000,1,28,True,990779.0000,993681.0000,1463.3001,1.4633
1,1003.2347,992.2537,992253.7001,53,1.0-990779-993681,427.0000,1.0000,1,28,True,990779.0000,993681.0000,1474.7001,1.4747
1,1003.6258,992.6448,992644.8001,53,1.0-990779-993681,427.0000,1.0000,1,28,True,990779.0000,993681.0000,1865.8001,1.8658
1,1004.6006,993.6196,993619.6001,53,1.0-990779-993681,427.0000,1.0000,1,28,True,990779.0000,993681.0000,2840.6001,2.8406
1,1004.6228,993.6418,993641.8001,53,1.0-990779-993681,427.0000,1.0000,1,28,True,990779.0000,993681.0000,2862.8001,2.8628
1,221.0548,210.0738,210073.8001,54,1.0-209934-212136,126.0000,1.0000,1,29,True,209934.0000,212136.0000,139.8001,0.1398
1,221.3646,210.3836,210383.6001,54,1.0-209934-212136,126.0000,1.0000,1,29,True,209934.0000,212136.0000,449.6001,0.4496
1,221.3745,210.3935,210393.5001,54,1.0-209934-212136,126.0000,1.0000,1,29,True,209934.0000,212136.0000,459.5001,0.4595
1,221.4930,210.5120,210512.0001,54,1.0-209934-212136,126.0000,1.0000,1,29,True,209934.0000,212136.0000,578.0001,0.5780
1,221.5194,210.5384,210538.4001,54,1.0-209934-212136,126.0000,1.0000,1,29,True,209934.0000,212136.0000,604.4001,0.6044
1,221.5998,210.6188,210618.8001,54,1.0-209934-212136,126.0000,1.0000,1,29,True,209934.0000,212136.0000,684.8001,0.6848
1,221.6345,210.6535,210653.5001,54,1.0-209934-212136,126.0000,1.0000,1,29,True,209934.0000,212136.0000,719.5001,0.7195
1,221.7943,210.8133,210813.3001,54,1.0-209934-212136,126.0000,1.0000,1,29,True,209934.0000,212136.0000,879.3001,0.8793
1,221.8995,210.9185,210918.5001,54,1.0-209934-212136,126.0000,1.0000,1,29,True,209934.0000,212136.0000,984.5001,0.9845
1,221.9772,210.9962,210996.2001,54,1.0-209934-212136,126.0000,1.0000,1,29,True,209934.0000,212136.0000,1062.2001,1.0622
1,222.1150,211.1340,211134.0001,54,1.0-209934-212136,126.0000,1.0000,1,29,True,209934.0000,212136.0000,1200.0001,1.2000
1,222.2744,211.2934,211293.4001,54,1.0-209934-212136,126.0000,1.0000,1,29,True,209934.0000,212136.0000,1359.4001,1.3594
1,222.4500,211.4690,211469.0001,54,1.0-209934-212136,126.0000,1.0000,1,29,True,209934.0000,212136.0000,1535.0001,1.5350
1,222.5443,211.5633,211563.3001,54,1.0-209934-212136,126.0000,1.0000,1,29,True,209934.0000,212136.0000,1629.3001,1.6293
1,222.5845,211.6035,211603.5001,54,1.0-209934-212136,126.0000,1.0000,1,29,True,209934.0000,212136.0000,1669.5001,1.6695
1,222.6558,211.6748,211674.8001,54,1.0-209934-212136,126.0000,1.0000,1,29,True,209934.0000,212136.0000,1740.8001,1.7408
1,222.7392,211.7582,211758.2001,54,1.0-209934-212136,126.0000,1.0000,1,29,True,209934.0000,212136.0000,1824.2001,1.8242
1,222.8138,211.8328,211832.8001,54,1.0-209934-212136,126.0000,1.0000,1,29,True,209934.0000,212136.0000,1898.8001,1.8988
1,222.8415,211.8605,211860.5001,54,1.0-209934-212136,126.0000,1.0000,1,29,True,209934.0000,212136.0000,1926.5001,1.9265
1,223.0194,212.0384,212038.4001,54,1.0-209934-212136,126.0000,1.0000,1,29,True,209934.0000,212136.0000,2104.4001,2.1044
1,220.2500,209.2690,209269.0001,55,1.0-208933-209867,125.0000,1.0000,1,30,True,208933.0000,209867.0000,336.0001,0.3360
1,220.3106,209.3296,209329.6001,55,1.0-208933-209867,125.0000,1.0000,1,30,True,208933.0000,209867.0000,396.6001,0.3966
1,220.3738,209.3928,209392.8001,55,1.0-208933-209867,125.0000,1.0000,1,30,True,208933.0000,209867.0000,459.8001,0.4598
1,220.5979,209.6169,209616.9001,55,1.0-208933-209867,125.0000,1.0000,1,30,True,208933.0000,209867.0000,683.9001,0.6839
1,220.6300,209.6490,209649.0001,55,1.0-208933-209867,125.0000,1.0000,1,30,True,208933.0000,209867.0000,716.0001,0.7160
1,220.6415,209.6605,209660.5001,55,1.0-208933-209867,125.0000,1.0000,1,30,True,208933.0000,209867.0000,727.5001,0.7275
1,220.6433,209.6623,209662.3001,55,1.0-208933-209867,125.0000,1.0000,1,30,True,208933.0000,209867.0000,729.3001,0.7293
1,220.6536,209.6726,209672.6001,55,1.0-208933-209867,125.0000,1.0000,1,30,True,208933.0000,209867.0000,739.6001,0.7396
1,220.6606,209.6796,209679.6001,55,1.0-208933-209867,125.0000,1.0000,1,30,True,208933.0000,209867.0000,746.6001,0.7466
1,220.6672,209.6862,209686.2001,55,1.0-208933-209867,125.0000,1.0000,1,30,True,208933.0000,209867.0000,753.2001,0.7532
1,187.3465,176.3655,176365.5001,56,1.0-176135-178404,105.0000,1.0000,1,31,True,176135.0000,178404.0000,230.5001,0.2305
1,187.9401,176.9591,176959.1001,56,1.0-176135-178404,105.0000,1.0000,1,31,True,176135.0000,178404.0000,824.1001,0.8241
1,187.9736,176.9926,176992.6001,56,1.0-176135-178404,105.0000,1.0000,1,31,True,176135.0000,178404.0000,857.6001,0.8576
1,188.3505,177.3695,177369.5001,56,1.0-176135-178404,105.0000,1.0000,1,31,True,176135.0000,178404.0000,1234.5001,1.2345
1,188.4237,177.4427,177442.7001,56,1.0-176135-178404,105.0000,1.0000,1,31,True,176135.0000,178404.0000,1307.7001,1.3077
1,188.5247,177.5437,177543.7001,56,1.0-176135-178404,105.0000,1.0000,1,31,True,176135.0000,178404.0000,1408.7001,1.4087
1,188.6772,177.6962,177696.2001,56,1.0-176135-178404,105.0000,1.0000,1,31,True,176135.0000,178404.0000,1561.2001,1.5612
1,189.3258,178.3448,178344.8001,56,1.0-176135-178404,105.0000,1.0000,1,31,True,176135.0000,178404.0000,2209.8001,2.2098
1,342.0850,331.1040,331104.0001,57,1.0-331083-334052,187.0000,1.0000,1,32,True,331083.0000,334052.0000,21.0001,0.0210
1,342.1239,331.1429,331142.9001,57,1.0-331083-334052,187.0000,1.0000,1,32,True,331083.0000,334052.0000,59.9001,0.0599
1,342.1432,331.1622,331162.2001,57,1.0-331083-334052,187.0000,1.0000,1,32,True,331083.0000,334052.0000,79.2001,0.0792
1,342.1719,331.1909,331190.9001,57,1.0-331083-334052,187.0000,1.0000,1,32,True,331083.0000,334052.0000,107.9001,0.1079
1,342.2959,331.3149,331314.9001,57,1.0-331083-334052,187.0000,1.0000,1,32,True,331083.0000,334052.0000,231.9001,0.2319
1,342.5222,331.5412,331541.2001,57,1.0-331083-334052,187.0000,1.0000,1,32,True,331083.0000,334052.0000,458.2001,0.4582
1,342.6798,331.6988,331698.8001,57,1.0-331083-334052,187.0000,1.0000,1,32,True,331083.0000,334052.0000,615.8001,0.6158
1,342.8331,331.8521,331852.1001,57,1.0-331083-334052,187.0000,1.0000,1,32,True,331083.0000,334052.0000,769.1001,0.7691
1,342.8824,331.9014,331901.4001,57,1.0-331083-334052,187.0000,1.0000,1,32,True,331083.0000,334052.0000,818.4001,0.8184
1,342.9529,331.9719,331971.9001,57,1.0-331083-334052,187.0000,1.0000,1,32,True,331083.0000,334052.0000,888.9001,0.8889
1,343.1099,332.1289,332128.9001,57,1.0-331083-334052,187.0000,1.0000,1,32,True,331083.0000,334052.0000,1045.9001,1.0459
1,343.3714,332.3904,332390.4001,57,1.0-331083-334052,187.0000,1.0000,1,32,True,331083.0000,334052.0000,1307.4001,1.3074
1,343.6870,332.7060,332706.0001,57,1.0-331083-334052,187.0000,1.0000,1,32,True,331083.0000,334052.0000,1623.0001,1.6230
1,343.9243,332.9433,332943.3001,57,1.0-331083-334052,187.0000,1.0000,1,32,True,331083.0000,334052.0000,1860.3001,1.8603
1,343.9324,332.9514,332951.4001,57,1.0-331083-334052,187.0000,1.0000,1,32,True,331083.0000,334052.0000,1868.4001,1.8684
1,344.0067,333.0257,333025.7001,57,1.0-331083-334052,187.0000,1.0000,1,32,True,331083.0000,334052.0000,1942.7001,1.9427
1,344.2635,333.2825,333282.5001,57,1.0-331083-334052,187.0000,1.0000,1,32,True,331083.0000,334052.0000,2199.5001,2.1995
1,344.3490,333.3680,333368.0001,57,1.0-331083-334052,187.0000,1.0000,1,32,True,331083.0000,334052.0000,2285.0001,2.2850
1,344.5755,333.5945,333594.5001,57,1.0-331083-334052,187.0000,1.0000,1,32,True,331083.0000,334052.0000,2511.5001,2.5115
1,344.5786,333.5976,333597.6001,57,1.0-331083-334052,187.0000,1.0000,1,32,True,331083.0000,334052.0000,2514.6001,2.5146
1,344.6570,333.6760,333676.0001,57,1.0-331083-334052,187.0000,1.0000,1,32,True,331083.0000,334052.0000,2593.0001,2.5930
1,344.7867,333.8057,333805.7001,57,1.0-331083-334052,187.0000,1.0000,1,32,True,331083.0000,334052.0000,2722.7001,2.7227
1,344.8850,333.9040,333904.0001,57,1.0-331083-334052,187.0000,1.0000,1,32,True,331083.0000,334052.0000,2821.0001,2.8210
1,344.9047,333.9237,333923.7001,57,1.0-331083-334052,187.0000,1.0000,1,32,True,331083.0000,334052.0000,2840.7001,2.8407
1,592.1168,581.1358,581135.8001,58,1.0-581121-582155,287.0000,1.0000,1,33,True,581121.0000,582155.0000,14.8001,0.0148
1,592.4235,581.4425,581442.5001,58,1.0-581121-582155,287.0000,1.0000,1,33,True,581121.0000,582155.0000,321.5001,0.3215
1,592.6769,581.6959,581695.9001,58,1.0-581121-582155,287.0000,1.0000,1,33,True,581121.0000,582155.0000,574.9001,0.5749
1,592.7259,581.7449,581744.9001,58,1.0-581121-582155,287.0000,1.0000,1,33,True,581121.0000,582155.0000,623.9001,0.6239
1,592.8798,581.8988,581898.8001,58,1.0-581121-582155,287.0000,1.0000,1,33,True,581121.0000,582155.0000,777.8001,0.7778
1,2337.4061,2326.4251,2326425.1001,59,1.0-2326353-2327721,954.0000,1.0000,0,68,True,2326353.0000,2327721.0000,72.1001,0.0721
1,2337.4262,2326.4452,2326445.2001,59,1.0-2326353-2327721,954.0000,1.0000,0,68,True,2326353.0000,2327721.0000,92.2001,0.0922
1,2337.5248,2326.5438,2326543.8001,59,1.0-2326353-2327721,954.0000,1.0000,0,68,True,2326353.0000,2327721.0000,190.8001,0.1908
1,2337.5662,2326.5852,2326585.2001,59,1.0-2326353-2327721,954.0000,1.0000,0,68,True,2326353.0000,2327721.0000,232.2001,0.2322
1,2337.6045,2326.6235,2326623.5001,59,1.0-2326353-2327721,954.0000,1.0000,0,68,True,2326353.0000,2327721.0000,270.5001,0.2705
1,2337.9557,2326.9747,2326974.7001,59,1.0-2326353-2327721,954.0000,1.0000,0,68,True,2326353.0000,2327721.0000,621.7001,0.6217
1,2337.9753,2326.9943,2326994.3001,59,1.0-2326353-2327721,954.0000,1.0000,0,68,True,2326353.0000,2327721.0000,641.3001,0.6413
1,2338.0341,2327.0531,2327053.1001,59,1.0-2326353-2327721,954.0000,1.0000,0,68,True,2326353.0000,2327721.0000,700.1001,0.7001
1,2338.1066,2327.1256,2327125.6001,59,1.0-2326353-2327721,954.0000,1.0000,0,68,True,2326353.0000,2327721.0000,772.6001,0.7726
1,2338.1374,2327.1564,2327156.4001,59,1.0-2326353-2327721,954.0000,1.0000,0,68,True,2326353.0000,2327721.0000,803.4001,0.8034
1,2338.3022,2327.3212,2327321.2001,59,1.0-2326353-2327721,954.0000,1.0000,0,68,True,2326353.0000,2327721.0000,968.2001,0.9682
1,2338.4690,2327.4880,2327488.0001,59,1.0-2326353-2327721,954.0000,1.0000,0,68,True,2326353.0000,2327721.0000,1135.0001,1.1350
1,2401.2994,2390.3184,2390318.4001,60,1.0-2390080-2393083,981.0000,1.0000,1,34,True,2390080.0000,2393083.0000,238.4001,0.2384
1,2401.4266,2390.4456,2390445.6001,60,1.0-2390080-2393083,981.0000,1.0000,1,34,True,2390080.0000,2393083.0000,365.6001,0.3656
1,2401.4345,2390.4535,2390453.5001,60,1.0-2390080-2393083,981.0000,1.0000,1,34,True,2390080.0000,2393083.0000,373.5001,0.3735
1,2401.4790,2390.4980,2390498.0001,60,1.0-2390080-2393083,981.0000,1.0000,1,34,True,2390080.0000,2393083.0000,418.0001,0.4180
1,2401.7997,2390.8187,2390818.7001,60,1.0-2390080-2393083,981.0000,1.0000,1,34,True,2390080.0000,2393083.0000,738.7001,0.7387
1,2401.9094,2390.9284,2390928.4001,60,1.0-2390080-2393083,981.0000,1.0000,1,34,True,2390080.0000,2393083.0000,848.4001,0.8484
1,2402.0435,2391.0625,2391062.5001,60,1.0-2390080-2393083,981.0000,1.0000,1,34,True,2390080.0000,2393083.0000,982.5001,0.9825
1,2402.1600,2391.1790,2391179.0001,60,1.0-2390080-2393083,981.0000,1.0000,1,34,True,2390080.0000,2393083.0000,1099.0001,1.0990
1,2402.2180,2391.2370,2391237.0001,60,1.0-2390080-2393083,981.0000,1.0000,1,34,True,2390080.0000,2393083.0000,1157.0001,1.1570
1,2402.2599,2391.2789,2391278.9001,60,1.0-2390080-2393083,981.0000,1.0000,1,34,True,2390080.0000,2393083.0000,1198.9001,1.1989
1,2402.2973,2391.3163,2391316.3001,60,1.0-2390080-2393083,981.0000,1.0000,1,34,True,2390080.0000,2393083.0000,1236.3001,1.2363
1,2402.3633,2391.3823,2391382.3001,60,1.0-2390080-2393083,981.0000,1.0000,1,34,True,2390080.0000,2393083.0000,1302.3001,1.3023
1,2402.5091,2391.5281,2391528.1001,60,1.0-2390080-2393083,981.0000,1.0000,1,34,True,2390080.0000,2393083.0000,1448.1001,1.4481
1,2402.5138,2391.5328,2391532.8001,60,1.0-2390080-2393083,981.0000,1.0000,1,34,True,2390080.0000,2393083.0000,1452.8001,1.4528
1,2402.5186,2391.5376,2391537.6001,60,1.0-2390080-2393083,981.0000,1.0000,1,34,True,2390080.0000,2393083.0000,1457.6001,1.4576
1,2402.5481,2391.5671,2391567.1001,60,1.0-2390080-2393083,981.0000,1.0000,1,34,True,2390080.0000,2393083.0000,1487.1001,1.4871
1,2402.6399,2391.6589,2391658.9001,60,1.0-2390080-2393083,981.0000,1.0000,1,34,True,2390080.0000,2393083.0000,1578.9001,1.5789
1,2402.8853,2391.9043,2391904.3001,60,1.0-2390080-2393083,981.0000,1.0000,1,34,True,2390080.0000,2393083.0000,1824.3001,1.8243
1,2403.1482,2392.1672,2392167.2001,60,1.0-2390080-2393083,981.0000,1.0000,1,34,True,2390080.0000,2393083.0000,2087.2001,2.0872
1,2403.2136,2392.2326,2392232.6001,60,1.0-2390080-2393083,981.0000,1.0000,1,34,True,2390080.0000,2393083.0000,2152.6001,2.1526
1,2403.4006,2392.4196,2392419.6001,60,1.0-2390080-2393083,981.0000,1.0000,1,34,True,2390080.0000,2393083.0000,2339.6001,2.3396
1,2403.4166,2392.4356,2392435.6001,60,1.0-2390080-2393083,981.0000,1.0000,1,34,True,2390080.0000,2393083.0000,2355.6001,2.3556
1,2403.4515,2392.4705,2392470.5001,60,1.0-2390080-2393083,981.0000,1.0000,1,34,True,2390080.0000,2393083.0000,2390.5001,2.3905
1,2403.5606,2392.5796,2392579.6001,60,1.0-2390080-2393083,981.0000,1.0000,1,34,True,2390080.0000,2393083.0000,2499.6001,2.4996
1,2403.5832,2392.6022,2392602.2001,60,1.0-2390080-2393083,981.0000,1.0000,1,34,True,2390080.0000,2393083.0000,2522.2001,2.5222
1,2403.8446,2392.8636,2392863.6001,60,1.0-2390080-2393083,981.0000,1.0000,1,34,True,2390080.0000,2393083.0000,2783.6001,2.7836
1,2404.0126,2393.0316,2393031.6001,60,1.0-2390080-2393083,981.0000,1.0000,1,34,True,2390080.0000,2393083.0000,2951.6001,2.9516
1,1382.7680,1371.7870,1371787.0001,61,1.0-1371642-1373644,548.0000,1.0000,1,35,True,1371642.0000,1373644.0000,145.0001,0.1450
1,1382.7883,1371.8073,1371807.3001,61,1.0-1371642-1373644,548.0000,1.0000,1,35,True,1371642.0000,1373644.0000,165.3001,0.1653
1,1383.2990,1372.3180,1372318.0001,61,1.0-1371642-1373644,548.0000,1.0000,1,35,True,1371642.0000,1373644.0000,676.0001,0.6760
1,1383.3988,1372.4178,1372417.8001,61,1.0-1371642-1373644,548.0000,1.0000,1,35,True,1371642.0000,1373644.0000,775.8001,0.7758
1,1383.5099,1372.5289,1372528.9001,61,1.0-1371642-1373644,548.0000,1.0000,1,35,True,1371642.0000,1373644.0000,886.9001,0.8869
1,1383.9003,1372.9193,1372919.3001,61,1.0-1371642-1373644,548.0000,1.0000,1,35,True,1371642.0000,1373644.0000,1277.3001,1.2773
1,1383.9425,1372.9615,1372961.5001,61,1.0-1371642-1373644,548.0000,1.0000,1,35,True,1371642.0000,1373644.0000,1319.5001,1.3195
1,1383.9583,1372.9773,1372977.3001,61,1.0-1371642-1373644,548.0000,1.0000,1,35,True,1371642.0000,1373644.0000,1335.3001,1.3353
1,1383.9781,1372.9971,1372997.1001,61,1.0-1371642-1373644,548.0000,1.0000,1,35,True,1371642.0000,1373644.0000,1355.1001,1.3551
1,1384.2543,1373.2733,1373273.3001,61,1.0-1371642-1373644,548.0000,1.0000,1,35,True,1371642.0000,1373644.0000,1631.3001,1.6313
1,1384.2786,1373.2976,1373297.6001,61,1.0-1371642-1373644,548.0000,1.0000,1,35,True,1371642.0000,1373644.0000,1655.6001,1.6556
1,1384.3863,1373.4053,1373405.3001,61,1.0-1371642-1373644,548.0000,1.0000,1,35,True,1371642.0000,1373644.0000,1763.3001,1.7633
1,1384.4025,1373.4215,1373421.5001,61,1.0-1371642-1373644,548.0000,1.0000,1,35,True,1371642.0000,1373644.0000,1779.5001,1.7795
1,1384.4692,1373.4882,1373488.2001,61,1.0-1371642-1373644,548.0000,1.0000,1,35,True,1371642.0000,1373644.0000,1846.2001,1.8462
1,1707.7533,1696.7723,1696772.3001,62,1.0-1696552-1699388,694.0000,1.0000,0,69,True,1696552.0000,1699388.0000,220.3001,0.2203
1,1707.7769,1696.7959,1696795.9001,62,1.0-1696552-1699388,694.0000,1.0000,0,69,True,1696552.0000,1699388.0000,243.9001,0.2439
1,1707.8019,1696.8209,1696820.9001,62,1.0-1696552-1699388,694.0000,1.0000,0,69,True,1696552.0000,1699388.0000,268.9001,0.2689
1,1708.5920,1697.6110,1697611.0001,62,1.0-1696552-1699388,694.0000,1.0000,0,69,True,1696552.0000,1699388.0000,1059.0001,1.0590
1,1708.6659,1697.6849,1697684.9001,62,1.0-1696552-1699388,694.0000,1.0000,0,69,True,1696552.0000,1699388.0000,1132.9001,1.1329
1,1708.6889,1697.7079,1697707.9001,62,1.0-1696552-1699388,694.0000,1.0000,0,69,True,1696552.0000,1699388.0000,1155.9001,1.1559
1,1708.7136,1697.7326,1697732.6001,62,1.0-1696552-1699388,694.0000,1.0000,0,69,True,1696552.0000,1699388.0000,1180.6001,1.1806
1,1708.8580,1697.8770,1697877.0001,62,1.0-1696552-1699388,694.0000,1.0000,0,69,True,1696552.0000,1699388.0000,1325.0001,1.3250
1,1709.0812,1698.1002,1698100.2001,62,1.0-1696552-1699388,694.0000,1.0000,0,69,True,1696552.0000,1699388.0000,1548.2001,1.5482
1,1709.1268,1698.1458,1698145.8001,62,1.0-1696552-1699388,694.0000,1.0000,0,69,True,1696552.0000,1699388.0000,1593.8001,1.5938
1,1710.2470,1699.2660,1699266.0001,62,1.0-1696552-1699388,694.0000,1.0000,0,69,True,1696552.0000,1699388.0000,2714.0001,2.7140
1,1965.6523,1954.6713,1954671.3001,63,1.0-1954465-1957468,818.0000,1.0000,0,70,True,1954465.0000,1957468.0000,206.3001,0.2063
1,1965.7780,1954.7970,1954797.0001,63,1.0-1954465-1957468,818.0000,1.0000,0,70,True,1954465.0000,1957468.0000,332.0001,0.3320
1,1966.0386,1955.0576,1955057.6001,63,1.0-1954465-1957468,818.0000,1.0000,0,70,True,1954465.0000,1957468.0000,592.6001,0.5926
1,1966.4513,1955.4703,1955470.3001,63,1.0-1954465-1957468,818.0000,1.0000,0,70,True,1954465.0000,1957468.0000,1005.3001,1.0053
1,1966.5920,1955.6110,1955611.0001,63,1.0-1954465-1957468,818.0000,1.0000,0,70,True,1954465.0000,1957468.0000,1146.0001,1.1460
1,1967.1521,1956.1711,1956171.1001,63,1.0-1954465-1957468,818.0000,1.0000,0,70,True,1954465.0000,1957468.0000,1706.1001,1.7061
1,1967.2655,1956.2845,1956284.5001,63,1.0-1954465-1957468,818.0000,1.0000,0,70,True,1954465.0000,1957468.0000,1819.5001,1.8195
1,1967.4628,1956.4818,1956481.8001,63,1.0-1954465-1957468,818.0000,1.0000,0,70,True,1954465.0000,1957468.0000,2016.8001,2.0168
1,1967.8390,1956.8580,1956858.0001,63,1.0-1954465-1957468,818.0000,1.0000,0,70,True,1954465.0000,1957468.0000,2393.0001,2.3930
1,1967.8782,1956.8972,1956897.2001,63,1.0-1954465-1957468,818.0000,1.0000,0,70,True,1954465.0000,1957468.0000,2432.2001,2.4322
1,1967.9046,1956.9236,1956923.6001,63,1.0-1954465-1957468,818.0000,1.0000,0,70,True,1954465.0000,1957468.0000,2458.6001,2.4586
1,1968.3105,1957.3295,1957329.5001,63,1.0-1954465-1957468,818.0000,1.0000,0,70,True,1954465.0000,1957468.0000,2864.5001,2.8645
1,99.8419,88.8609,88860.9001,65,1.0-88785-90453,51.0000,1.0000,1,36,True,88785.0000,90453.0000,75.9001,0.0759
1,99.9219,88.9409,88940.9001,65,1.0-88785-90453,51.0000,1.0000,1,36,True,88785.0000,90453.0000,155.9001,0.1559
1,100.1665,89.1855,89185.5001,65,1.0-88785-90453,51.0000,1.0000,1,36,True,88785.0000,90453.0000,400.5001,0.4005
1,100.5733,89.5923,89592.3001,65,1.0-88785-90453,51.0000,1.0000,1,36,True,88785.0000,90453.0000,807.3001,0.8073
1,100.7627,89.7817,89781.7001,65,1.0-88785-90453,51.0000,1.0000,1,36,True,88785.0000,90453.0000,996.7001,0.9967
1,100.9098,89.9288,89928.8001,65,1.0-88785-90453,51.0000,1.0000,1,36,True,88785.0000,90453.0000,1143.8001,1.1438
1,101.1200,90.1390,90139.0001,65,1.0-88785-90453,51.0000,1.0000,1,36,True,88785.0000,90453.0000,1354.0001,1.3540
1,719.8998,708.9188,708918.8001,66,1.0-708910-710945,330.0000,1.0000,0,72,True,708910.0000,710945.0000,8.8001,0.0088
1,720.0584,709.0774,709077.4001,66,1.0-708910-710945,330.0000,1.0000,0,72,True,708910.0000,710945.0000,167.4001,0.1674
1,720.1082,709.1272,709127.2001,66,1.0-708910-710945,330.0000,1.0000,0,72,True,708910.0000,710945.0000,217.2001,0.2172
1,720.1282,709.1472,709147.2001,66,1.0-708910-710945,330.0000,1.0000,0,72,True,708910.0000,710945.0000,237.2001,0.2372
1,720.1566,709.1756,709175.6001,66,1.0-708910-710945,330.0000,1.0000,0,72,True,708910.0000,710945.0000,265.6001,0.2656
1,720.2873,709.3063,709306.3001,66,1.0-708910-710945,330.0000,1.0000,0,72,True,708910.0000,710945.0000,396.3001,0.3963
1,720.3531,709.3721,709372.1001,66,1.0-708910-710945,330.0000,1.0000,0,72,True,708910.0000,710945.0000,462.1001,0.4621
1,720.3912,709.4102,709410.2001,66,1.0-708910-710945,330.0000,1.0000,0,72,True,708910.0000,710945.0000,500.2001,0.5002
1,720.5525,709.5715,709571.5001,66,1.0-708910-710945,330.0000,1.0000,0,72,True,708910.0000,710945.0000,661.5001,0.6615
1,720.5590,709.5780,709578.0001,66,1.0-708910-710945,330.0000,1.0000,0,72,True,708910.0000,710945.0000,668.0001,0.6680
1,720.8758,709.8948,709894.8001,66,1.0-708910-710945,330.0000,1.0000,0,72,True,708910.0000,710945.0000,984.8001,0.9848
1,720.8810,709.9000,709900.0001,66,1.0-708910-710945,330.0000,1.0000,0,72,True,708910.0000,710945.0000,990.0001,0.9900
1,721.1002,710.1192,710119.2001,66,1.0-708910-710945,330.0000,1.0000,0,72,True,708910.0000,710945.0000,1209.2001,1.2092
1,721.1955,710.2145,710214.5001,66,1.0-708910-710945,330.0000,1.0000,0,72,True,708910.0000,710945.0000,1304.5001,1.3045
1,721.3077,710.3267,710326.7001,66,1.0-708910-710945,330.0000,1.0000,0,72,True,708910.0000,710945.0000,1416.7001,1.4167
1,721.3579,710.3769,710376.9001,66,1.0-708910-710945,330.0000,1.0000,0,72,True,708910.0000,710945.0000,1466.9001,1.4669
1,721.4162,710.4352,710435.2001,66,1.0-708910-710945,330.0000,1.0000,0,72,True,708910.0000,710945.0000,1525.2001,1.5252
1,721.4322,710.4512,710451.2001,66,1.0-708910-710945,330.0000,1.0000,0,72,True,708910.0000,710945.0000,1541.2001,1.5412
1,721.4744,710.4934,710493.4001,66,1.0-708910-710945,330.0000,1.0000,0,72,True,708910.0000,710945.0000,1583.4001,1.5834
1,721.4876,710.5066,710506.6001,66,1.0-708910-710945,330.0000,1.0000,0,72,True,708910.0000,710945.0000,1596.6001,1.5966
1,721.6148,710.6338,710633.8001,66,1.0-708910-710945,330.0000,1.0000,0,72,True,708910.0000,710945.0000,1723.8001,1.7238
1,721.7344,710.7534,710753.4001,66,1.0-708910-710945,330.0000,1.0000,0,72,True,708910.0000,710945.0000,1843.4001,1.8434
1,721.7488,710.7678,710767.8001,66,1.0-708910-710945,330.0000,1.0000,0,72,True,708910.0000,710945.0000,1857.8001,1.8578
1,721.7671,710.7861,710786.1001,66,1.0-708910-710945,330.0000,1.0000,0,72,True,708910.0000,710945.0000,1876.1001,1.8761
1,721.8671,710.8861,710886.1001,66,1.0-708910-710945,330.0000,1.0000,0,72,True,708910.0000,710945.0000,1976.1001,1.9761
1,721.8886,710.9076,710907.6001,66,1.0-708910-710945,330.0000,1.0000,0,72,True,708910.0000,710945.0000,1997.6001,1.9976
1,1568.5639,1557.5829,1557582.9001,67,1.0-1556785-1558787,634.0000,1.0000,1,37,True,1556785.0000,1558787.0000,797.9001,0.7979
1,1568.7603,1557.7793,1557779.3001,67,1.0-1556785-1558787,634.0000,1.0000,1,37,True,1556785.0000,1558787.0000,994.3001,0.9943
1,1568.7972,1557.8162,1557816.2001,67,1.0-1556785-1558787,634.0000,1.0000,1,37,True,1556785.0000,1558787.0000,1031.2001,1.0312
1,1568.8855,1557.9045,1557904.5001,67,1.0-1556785-1558787,634.0000,1.0000,1,37,True,1556785.0000,1558787.0000,1119.5001,1.1195
1,1568.9528,1557.9718,1557971.8001,67,1.0-1556785-1558787,634.0000,1.0000,1,37,True,1556785.0000,1558787.0000,1186.8001,1.1868
1,1568.9883,1558.0073,1558007.3001,67,1.0-1556785-1558787,634.0000,1.0000,1,37,True,1556785.0000,1558787.0000,1222.3001,1.2223
1,1569.1806,1558.1996,1558199.6001,67,1.0-1556785-1558787,634.0000,1.0000,1,37,True,1556785.0000,1558787.0000,1414.6001,1.4146
1,1569.3148,1558.3338,1558333.8001,67,1.0-1556785-1558787,634.0000,1.0000,1,37,True,1556785.0000,1558787.0000,1548.8001,1.5488
1,1569.4232,1558.4422,1558442.2001,67,1.0-1556785-1558787,634.0000,1.0000,1,37,True,1556785.0000,1558787.0000,1657.2001,1.6572
1,1569.5225,1558.5415,1558541.5001,67,1.0-1556785-1558787,634.0000,1.0000,1,37,True,1556785.0000,1558787.0000,1756.5001,1.7565
1,1754.8760,1743.8950,1743895.0001,68,1.0-1743697-1744531,716.0000,1.0000,0,73,True,1743697.0000,1744531.0000,198.0001,0.1980
1,1755.1194,1744.1384,1744138.4001,68,1.0-1743697-1744531,716.0000,1.0000,0,73,True,1743697.0000,1744531.0000,441.4001,0.4414
1,1755.2989,1744.3179,1744317.9001,68,1.0-1743697-1744531,716.0000,1.0000,0,73,True,1743697.0000,1744531.0000,620.9001,0.6209
1,1424.9759,1413.9949,1413994.9001,69,1.0-1413882-1415751,560.0000,1.0000,1,38,True,1413882.0000,1415751.0000,112.9001,0.1129
1,1425.0524,1414.0714,1414071.4001,69,1.0-1413882-1415751,560.0000,1.0000,1,38,True,1413882.0000,1415751.0000,189.4001,0.1894
1,1425.1431,1414.1621,1414162.1001,69,1.0-1413882-1415751,560.0000,1.0000,1,38,True,1413882.0000,1415751.0000,280.1001,0.2801
1,1425.1635,1414.1825,1414182.5001,69,1.0-1413882-1415751,560.0000,1.0000,1,38,True,1413882.0000,1415751.0000,300.5001,0.3005
1,1425.2143,1414.2333,1414233.3001,69,1.0-1413882-1415751,560.0000,1.0000,1,38,True,1413882.0000,1415751.0000,351.3001,0.3513
1,1425.4149,1414.4339,1414433.9001,69,1.0-1413882-1415751,560.0000,1.0000,1,38,True,1413882.0000,1415751.0000,551.9001,0.5519
1,1425.4354,1414.4544,1414454.4001,69,1.0-1413882-1415751,560.0000,1.0000,1,38,True,1413882.0000,1415751.0000,572.4001,0.5724
1,1425.6926,1414.7116,1414711.6001,69,1.0-1413882-1415751,560.0000,1.0000,1,38,True,1413882.0000,1415751.0000,829.6001,0.8296
1,1426.1156,1415.1346,1415134.6001,69,1.0-1413882-1415751,560.0000,1.0000,1,38,True,1413882.0000,1415751.0000,1252.6001,1.2526
1,1426.1355,1415.1545,1415154.5001,69,1.0-1413882-1415751,560.0000,1.0000,1,38,True,1413882.0000,1415751.0000,1272.5001,1.2725
1,1426.2392,1415.2582,1415258.2001,69,1.0-1413882-1415751,560.0000,1.0000,1,38,True,1413882.0000,1415751.0000,1376.2001,1.3762
1,1426.3374,1415.3564,1415356.4001,69,1.0-1413882-1415751,560.0000,1.0000,1,38,True,1413882.0000,1415751.0000,1474.4001,1.4744
1,1426.4296,1415.4486,1415448.6001,69,1.0-1413882-1415751,560.0000,1.0000,1,38,True,1413882.0000,1415751.0000,1566.6001,1.5666
1,1426.4497,1415.4687,1415468.7001,69,1.0-1413882-1415751,560.0000,1.0000,1,38,True,1413882.0000,1415751.0000,1586.7001,1.5867
1,1426.6335,1415.6525,1415652.5001,69,1.0-1413882-1415751,560.0000,1.0000,1,38,True,1413882.0000,1415751.0000,1770.5001,1.7705
1,1841.3404,1830.3594,1830359.4001,70,1.0-1829946-1830980,755.0000,1.0000,1,39,True,1829946.0000,1830980.0000,413.4001,0.4134
1,1841.7870,1830.8060,1830806.0001,70,1.0-1829946-1830980,755.0000,1.0000,1,39,True,1829946.0000,1830980.0000,860.0001,0.8600
1,1841.8226,1830.8416,1830841.6001,70,1.0-1829946-1830980,755.0000,1.0000,1,39,True,1829946.0000,1830980.0000,895.6001,0.8956
1,1841.9343,1830.9533,1830953.3001,70,1.0-1829946-1830980,755.0000,1.0000,1,39,True,1829946.0000,1830980.0000,1007.3001,1.0073
1,1841.9382,1830.9572,1830957.2001,70,1.0-1829946-1830980,755.0000,1.0000,1,39,True,1829946.0000,1830980.0000,1011.2001,1.0112
1,191.3380,180.3570,180357.0001,71,1.0-180272-182107,107.0000,1.0000,1,40,True,180272.0000,182107.0000,85.0001,0.0850
1,191.3573,180.3763,180376.3001,71,1.0-180272-182107,107.0000,1.0000,1,40,True,180272.0000,182107.0000,104.3001,0.1043
1,191.4814,180.5004,180500.4001,71,1.0-180272-182107,107.0000,1.0000,1,40,True,180272.0000,182107.0000,228.4001,0.2284
1,191.5006,180.5196,180519.6001,71,1.0-180272-182107,107.0000,1.0000,1,40,True,180272.0000,182107.0000,247.6001,0.2476
1,191.5032,180.5222,180522.2001,71,1.0-180272-182107,107.0000,1.0000,1,40,True,180272.0000,182107.0000,250.2001,0.2502
1,191.5272,180.5462,180546.2001,71,1.0-180272-182107,107.0000,1.0000,1,40,True,180272.0000,182107.0000,274.2001,0.2742
1,191.5335,180.5525,180552.5001,71,1.0-180272-182107,107.0000,1.0000,1,40,True,180272.0000,182107.0000,280.5001,0.2805
1,191.9780,180.9970,180997.0001,71,1.0-180272-182107,107.0000,1.0000,1,40,True,180272.0000,182107.0000,725.0001,0.7250
1,192.0547,181.0737,181073.7001,71,1.0-180272-182107,107.0000,1.0000,1,40,True,180272.0000,182107.0000,801.7001,0.8017
1,192.1227,181.1417,181141.7001,71,1.0-180272-182107,107.0000,1.0000,1,40,True,180272.0000,182107.0000,869.7001,0.8697
1,192.8070,181.8260,181826.0001,71,1.0-180272-182107,107.0000,1.0000,1,40,True,180272.0000,182107.0000,1554.0001,1.5540
1,192.8469,181.8659,181865.9001,71,1.0-180272-182107,107.0000,1.0000,1,40,True,180272.0000,182107.0000,1593.9001,1.5939
1,193.0268,182.0458,182045.8001,71,1.0-180272-182107,107.0000,1.0000,1,40,True,180272.0000,182107.0000,1773.8001,1.7738
1,193.0726,182.0916,182091.6001,71,1.0-180272-182107,107.0000,1.0000,1,40,True,180272.0000,182107.0000,1819.6001,1.8196
1,502.4395,491.4585,491458.5001,72,1.0-491436-493171,257.0000,1.0000,1,41,True,491436.0000,493171.0000,22.5001,0.0225
1,502.5060,491.5250,491525.0001,72,1.0-491436-493171,257.0000,1.0000,1,41,True,491436.0000,493171.0000,89.0001,0.0890
1,502.6127,491.6317,491631.7001,72,1.0-491436-493171,257.0000,1.0000,1,41,True,491436.0000,493171.0000,195.7001,0.1957
1,502.7343,491.7533,491753.3001,72,1.0-491436-493171,257.0000,1.0000,1,41,True,491436.0000,493171.0000,317.3001,0.3173
1,502.9041,491.9231,491923.1001,72,1.0-491436-493171,257.0000,1.0000,1,41,True,491436.0000,493171.0000,487.1001,0.4871
1,502.9645,491.9835,491983.5001,72,1.0-491436-493171,257.0000,1.0000,1,41,True,491436.0000,493171.0000,547.5001,0.5475
1,502.9663,491.9853,491985.3001,72,1.0-491436-493171,257.0000,1.0000,1,41,True,491436.0000,493171.0000,549.3001,0.5493
1,503.0080,492.0270,492027.0001,72,1.0-491436-493171,257.0000,1.0000,1,41,True,491436.0000,493171.0000,591.0001,0.5910
1,503.4106,492.4296,492429.6001,72,1.0-491436-493171,257.0000,1.0000,1,41,True,491436.0000,493171.0000,993.6001,0.9936
1,503.4302,492.4492,492449.2001,72,1.0-491436-493171,257.0000,1.0000,1,41,True,491436.0000,493171.0000,1013.2001,1.0132
1,503.4513,492.4703,492470.3001,72,1.0-491436-493171,257.0000,1.0000,1,41,True,491436.0000,493171.0000,1034.3001,1.0343
1,503.5966,492.6156,492615.6001,72,1.0-491436-493171,257.0000,1.0000,1,41,True,491436.0000,493171.0000,1179.6001,1.1796
1,503.6308,492.6498,492649.8001,72,1.0-491436-493171,257.0000,1.0000,1,41,True,491436.0000,493171.0000,1213.8001,1.2138
1,503.6683,492.6873,492687.3001,72,1.0-491436-493171,257.0000,1.0000,1,41,True,491436.0000,493171.0000,1251.3001,1.2513
1,503.7493,492.7683,492768.3001,72,1.0-491436-493171,257.0000,1.0000,1,41,True,491436.0000,493171.0000,1332.3001,1.3323
1,503.8450,492.8640,492864.0001,72,1.0-491436-493171,257.0000,1.0000,1,41,True,491436.0000,493171.0000,1428.0001,1.4280
1,504.1421,493.1611,493161.1001,72,1.0-491436-493171,257.0000,1.0000,1,41,True,491436.0000,493171.0000,1725.1001,1.7251
1,48.6296,37.6486,37648.6001,73,1.0-37569-38670,19.0000,1.0000,0,74,True,37569.0000,38670.0000,79.6001,0.0796
1,49.1087,38.1277,38127.7001,73,1.0-37569-38670,19.0000,1.0000,0,74,True,37569.0000,38670.0000,558.7001,0.5587
1,49.1538,38.1728,38172.8001,73,1.0-37569-38670,19.0000,1.0000,0,74,True,37569.0000,38670.0000,603.8001,0.6038
1,49.2310,38.2500,38250.0001,73,1.0-37569-38670,19.0000,1.0000,0,74,True,37569.0000,38670.0000,681.0001,0.6810
1,49.4762,38.4952,38495.2001,73,1.0-37569-38670,19.0000,1.0000,0,74,True,37569.0000,38670.0000,926.2001,0.9262
1,1613.7910,1602.8100,1602810.0001,74,1.0-1602763-1605532,650.0000,1.0000,1,42,True,1602763.0000,1605532.0000,47.0001,0.0470
1,1613.9279,1602.9469,1602946.9001,74,1.0-1602763-1605532,650.0000,1.0000,1,42,True,1602763.0000,1605532.0000,183.9001,0.1839
1,1614.0934,1603.1124,1603112.4001,74,1.0-1602763-1605532,650.0000,1.0000,1,42,True,1602763.0000,1605532.0000,349.4001,0.3494
1,1614.2366,1603.2556,1603255.6001,74,1.0-1602763-1605532,650.0000,1.0000,1,42,True,1602763.0000,1605532.0000,492.6001,0.4926
1,1614.2559,1603.2749,1603274.9001,74,1.0-1602763-1605532,650.0000,1.0000,1,42,True,1602763.0000,1605532.0000,511.9001,0.5119
1,1615.2106,1604.2296,1604229.6001,74,1.0-1602763-1605532,650.0000,1.0000,1,42,True,1602763.0000,1605532.0000,1466.6001,1.4666
1,1615.2523,1604.2713,1604271.3001,74,1.0-1602763-1605532,650.0000,1.0000,1,42,True,1602763.0000,1605532.0000,1508.3001,1.5083
1,1615.5495,1604.5685,1604568.5001,74,1.0-1602763-1605532,650.0000,1.0000,1,42,True,1602763.0000,1605532.0000,1805.5001,1.8055
1,1615.7578,1604.7768,1604776.8001,74,1.0-1602763-1605532,650.0000,1.0000,1,42,True,1602763.0000,1605532.0000,2013.8001,2.0138
1,1615.8746,1604.8936,1604893.6001,74,1.0-1602763-1605532,650.0000,1.0000,1,42,True,1602763.0000,1605532.0000,2130.6001,2.1306
1,1616.2423,1605.2613,1605261.3001,74,1.0-1602763-1605532,650.0000,1.0000,1,42,True,1602763.0000,1605532.0000,2498.3001,2.4983
