units,spikeTimeRawS,movieAlignedTimeS,movieAlignedTimeMs
1,603.7802,1.7872,1787.1594
1,603.8560,1.8630,1862.9594
1,604.0871,2.0941,2094.0594
1,604.3575,2.3645,2364.4594
1,604.4260,2.4330,2432.9594
1,604.5019,2.5089,2508.8594
1,604.9645,2.9715,2971.4594
1,605.6271,3.6341,3634.0594
1,605.6705,3.6775,3677.4594
1,605.7159,3.7229,3722.8594
1,605.9688,3.9758,3975.7594
1,605.9714,3.9784,3978.3594
1,606.0572,4.0642,4064.1594
1,606.1874,4.1944,4194.3594
1,606.1895,4.1965,4196.4594
1,606.2880,4.2950,4294.9594
1,606.2913,4.2983,4298.2594
1,606.3595,4.3665,4366.4594
1,606.3643,4.3713,4371.2594
1,606.5313,4.5383,4538.2594
1,612.1750,10.1820,10181.9594
1,612.2192,10.2262,10226.1594
1,613.5575,11.5645,11564.4594
1,614.4218,12.4288,12428.7594
1,614.7795,12.7865,12786.4594
1,614.9029,12.9099,12909.8594
1,615.0567,13.0637,13063.6594
1,615.1328,13.1398,13139.7594
1,615.1727,13.1797,13179.6594
1,615.1917,13.1987,13198.6594
1,615.2116,13.2186,13218.5594
1,615.2823,13.2893,13289.2594
1,615.3904,13.3974,13397.3594
1,615.4612,13.4682,13468.1594
1,615.5224,13.5294,13529.3594
1,615.5447,13.5517,13551.6594
1,615.5532,13.5602,13560.1594
1,615.6526,13.6596,13659.5594
1,615.7373,13.7443,13744.2594
1,615.7413,13.7483,13748.2594
1,615.7864,13.7934,13793.3594
1,615.9735,13.9805,13980.4594
1,616.0222,14.0292,14029.1594
1,616.2979,14.3049,14304.8594
1,616.5517,14.5587,14558.6594
1,616.7828,14.7898,14789.7594
1,616.8455,14.8525,14852.4594
1,617.0851,15.0921,15092.0594
1,617.1473,15.1543,15154.2594
1,617.3874,15.3944,15394.3594
1,617.4222,15.4292,15429.1594
1,617.7151,15.7221,15722.0594
1,617.9016,15.9086,15908.5594
1,618.3752,16.3822,16382.1594
1,618.4381,16.4451,16445.0594
1,618.7639,16.7709,16770.8594
1,618.9110,16.9180,16917.9594
1,618.9737,16.9807,16980.6594
1,618.9975,17.0045,17004.4594
1,619.0040,17.0110,17010.9594
1,619.0090,17.0160,17015.9594
1,619.0614,17.0684,17068.3594
1,619.1110,17.1180,17117.9594
1,619.1948,17.2018,17201.7594
1,619.2594,17.2664,17266.3594
1,619.3444,17.3514,17351.3594
1,619.9896,17.9966,17996.5594
1,619.9993,18.0063,18006.2594
1,620.9077,18.9147,18914.6594
1,621.5824,19.5894,19589.3594
1,621.6262,19.6332,19633.1594
1,621.7660,19.7730,19772.9594
1,621.8076,19.8146,19814.5594
1,621.8286,19.8356,19835.5594
1,622.0152,20.0222,20022.1594
1,622.1128,20.1198,20119.7594
1,622.2019,20.2089,20208.8594
1,622.2075,20.2145,20214.4594
1,622.3074,20.3144,20314.3594
1,622.4073,20.4143,20414.2594
1,622.4844,20.4914,20491.3594
1,622.7672,20.7742,20774.1594
1,622.8062,20.8132,20813.1594
1,623.2406,21.2476,21247.5594
1,623.3302,21.3372,21337.1594
1,623.3326,21.3396,21339.5594
1,623.4777,21.4847,21484.6594
1,623.4830,21.4900,21489.9594
1,623.5690,21.5760,21575.9594
1,623.5829,21.5899,21589.8594
1,623.6084,21.6154,21615.3594
1,623.6583,21.6653,21665.2594
1,623.7537,21.7607,21760.6594
1,623.7554,21.7624,21762.3594
1,623.9037,21.9107,21910.6594
1,623.9090,21.9160,21915.9594
1,624.0790,22.0860,22085.9594
1,624.1364,22.1434,22143.3594
1,624.1702,22.1772,22177.1594
1,624.3936,22.4006,22400.5594
1,625.1744,23.1814,23181.3594
1,625.1826,23.1896,23189.5594
1,625.1988,23.2058,23205.7594
1,625.2014,23.2084,23208.3594
1,625.2095,23.2165,23216.4594
1,625.2547,23.2617,23261.6594
1,625.3115,23.3185,23318.4594
1,625.3194,23.3264,23326.3594
1,625.3634,23.3704,23370.3594
1,625.3653,23.3723,23372.2594
1,625.3910,23.3980,23397.9594
1,625.4033,23.4103,23410.2594
1,625.4216,23.4286,23428.5594
1,625.4591,23.4661,23466.0594
1,625.4711,23.4781,23478.0594
1,625.5149,23.5219,23521.8594
1,625.5221,23.5291,23529.0594
1,625.5401,23.5471,23547.0594
1,625.5570,23.5640,23563.9594
1,625.5641,23.5711,23571.0594
1,625.5686,23.5756,23575.5594
1,625.5825,23.5895,23589.4594
1,625.6672,23.6742,23674.1594
1,625.6864,23.6934,23693.3594
1,625.7948,23.8018,23801.7594
1,625.8395,23.8465,23846.4594
1,625.8662,23.8732,23873.1594
1,625.9242,23.9312,23931.1594
1,626.0032,24.0102,24010.1594
1,626.0261,24.0331,24033.0594
1,626.1177,24.1247,24124.6594
1,626.1298,24.1368,24136.7594
1,626.1784,24.1854,24185.3594
1,626.2096,24.2166,24216.5594
1,626.3497,24.3567,24356.6594
1,626.5102,24.5172,24517.1594
1,626.5479,24.5549,24554.8594
1,626.5832,24.5902,24590.1594
1,626.6118,24.6188,24618.7594
1,626.6661,24.6731,24673.0594
1,626.6794,24.6864,24686.3594
1,626.7496,24.7566,24756.5594
1,627.4465,25.4535,25453.4594
1,627.4746,25.4816,25481.5594
1,628.2207,26.2277,26227.6594
1,628.2358,26.2428,26242.7594
1,628.4012,26.4082,26408.1594
1,628.4883,26.4953,26495.2594
1,628.5696,26.5766,26576.5594
1,628.6264,26.6334,26633.3594
1,628.6295,26.6365,26636.4594
1,628.6325,26.6395,26639.4594
1,628.7561,26.7631,26763.0594
1,628.8138,26.8208,26820.7594
1,628.9541,26.9611,26961.0594
1,628.9874,26.9944,26994.3594
1,629.0086,27.0156,27015.5594
1,629.0456,27.0526,27052.5594
1,629.5809,27.5879,27587.8594
1,629.7176,27.7246,27724.5594
1,629.7525,27.7595,27759.4594
1,630.0371,28.0441,28044.0594
1,630.0517,28.0587,28058.6594
1,630.2311,28.2381,28238.0594
1,630.2849,28.2919,28291.8594
1,631.3538,29.3608,29360.7594
1,632.7054,30.7124,30712.3594
1,632.7076,30.7146,30714.5594
1,632.7109,30.7179,30717.8594
1,632.8418,30.8488,30848.7594
1,632.8486,30.8556,30855.5594
1,632.9951,31.0021,31002.0594
1,633.0378,31.0448,31044.7594
1,633.0848,31.0918,31091.7594
1,633.1261,31.1331,31133.0594
1,633.1956,31.2026,31202.5594
1,633.2059,31.2129,31212.8594
1,633.3721,31.3791,31379.0594
1,633.3745,31.3815,31381.4594
1,633.4256,31.4326,31432.5594
1,633.4867,31.4937,31493.6594
1,633.5062,31.5132,31513.1594
1,633.6602,31.6672,31667.1594
1,633.7832,31.7902,31790.1594
1,634.0689,32.0759,32075.8594
1,634.2712,32.2782,32278.1594
1,634.3060,32.3130,32312.9594
1,634.3090,32.3160,32315.9594
1,634.3623,32.3693,32369.2594
1,634.3831,32.3901,32390.0594
1,634.4116,32.4186,32418.5594
1,634.4235,32.4305,32430.4594
1,634.4317,32.4387,32438.6594
1,634.4860,32.4930,32492.9594
1,634.5070,32.5140,32513.9594
1,634.5417,32.5487,32548.6594
1,634.5727,32.5797,32579.6594
1,634.5816,32.5886,32588.5594
1,634.6162,32.6232,32623.1594
1,634.6585,32.6655,32665.4594
1,634.6981,32.7051,32705.0594
1,634.8570,32.8640,32863.9594
1,635.0320,33.0390,33038.9594
1,635.0979,33.1049,33104.8594
1,635.1266,33.1336,33133.5594
1,635.1803,33.1873,33187.2594
1,635.1835,33.1905,33190.4594
1,635.2741,33.2811,33281.0594
1,635.3250,33.3320,33331.9594
1,635.3479,33.3549,33354.8594
1,635.3508,33.3578,33357.7594
1,635.3591,33.3661,33366.0594
1,635.4443,33.4513,33451.2594
1,635.4750,33.4820,33481.9594
1,635.4850,33.4920,33491.9594
1,635.4870,33.4940,33493.9594
1,635.4894,33.4964,33496.3594
1,635.5819,33.5889,33588.8594
1,635.5837,33.5907,33590.6594
1,635.5883,33.5953,33595.2594
1,635.6144,33.6214,33621.3594
1,635.8370,33.8440,33843.9594
1,635.9834,33.9904,33990.3594
1,635.9896,33.9966,33996.5594
1,636.0083,34.0153,34015.2594
1,636.0453,34.0523,34052.2594
1,636.0771,34.0841,34084.0594
1,636.1354,34.1424,34142.3594
1,636.1533,34.1603,34160.2594
1,636.2246,34.2316,34231.5594
1,636.2310,34.2380,34237.9594
1,636.6553,34.6623,34662.2594
1,636.6583,34.6653,34665.2594
1,636.6994,34.7064,34706.3594
1,636.7205,34.7275,34727.4594
1,637.1427,35.1497,35149.6594
1,637.2132,35.2202,35220.1594
1,637.2718,35.2788,35278.7594
1,637.3040,35.3110,35310.9594
1,637.3337,35.3407,35340.6594
1,637.3395,35.3465,35346.4594
1,637.3449,35.3519,35351.8594
1,637.3611,35.3681,35368.0594
1,637.3677,35.3747,35374.6594
1,637.4928,35.4998,35499.7594
1,637.5790,35.5860,35585.9594
1,637.5892,35.5962,35596.1594
1,637.6544,35.6614,35661.3594
1,637.7255,35.7325,35732.4594
1,637.7607,35.7677,35767.6594
1,637.7999,35.8069,35806.8594
1,637.8098,35.8168,35816.7594
1,637.8151,35.8221,35822.0594
1,637.8342,35.8412,35841.1594
1,637.8390,35.8460,35845.9594
1,637.8758,35.8828,35882.7594
1,637.9333,35.9403,35940.2594
1,637.9463,35.9533,35953.2594
1,637.9531,35.9601,35960.0594
1,638.0184,36.0254,36025.3594
1,638.3736,36.3806,36380.5594
1,638.3795,36.3865,36386.4594
1,638.3824,36.3894,36389.3594
1,638.4625,36.4695,36469.4594
1,638.5070,36.5140,36513.9594
1,639.1721,37.1791,37179.0594
1,639.6646,37.6716,37671.5594
1,639.8872,37.8942,37894.1594
1,640.8638,38.8708,38870.7594
1,640.8832,38.8902,38890.1594
1,640.9247,38.9317,38931.6594
1,640.9833,38.9903,38990.2594
1,640.9859,38.9929,38992.8594
1,641.1798,39.1868,39186.7594
1,641.1938,39.2008,39200.7594
1,641.5412,39.5482,39548.1594
1,642.1413,40.1483,40148.2594
1,643.1614,41.1684,41168.3594
1,643.2104,41.2174,41217.3594
1,643.2929,41.2999,41299.8594
1,643.3467,41.3537,41353.6594
1,643.4554,41.4624,41462.3594
1,643.5335,41.5405,41540.4594
1,643.6278,41.6348,41634.7594
1,643.7948,41.8018,41801.7594
1,643.8155,41.8225,41822.4594
1,644.0080,42.0150,42014.9594
1,644.0259,42.0329,42032.8594
1,644.0373,42.0443,42044.2594
1,644.1105,42.1175,42117.4594
1,644.1143,42.1213,42121.2594
1,644.1903,42.1973,42197.2594
1,644.2342,42.2412,42241.1594
1,644.2922,42.2992,42299.1594
1,644.3294,42.3364,42336.3594
1,644.4120,42.4190,42418.9594
1,644.6523,42.6593,42659.2594
1,644.9896,42.9966,42996.5594
1,646.2576,44.2646,44264.5594
1,648.7335,46.7405,46740.4594
1,649.9806,47.9876,47987.5594
1,650.2049,48.2119,48211.8594
1,650.3036,48.3106,48310.5594
1,650.3792,48.3862,48386.1594
1,650.6844,48.6914,48691.3594
1,650.9221,48.9291,48929.0594
1,651.1536,49.1606,49160.5594
1,651.4286,49.4356,49435.5594
1,651.6577,49.6647,49664.6594
1,651.7431,49.7501,49750.0594
1,651.8464,49.8534,49853.3594
1,651.9175,49.9245,49924.4594
1,652.0023,50.0093,50009.2594
1,652.0167,50.0237,50023.6594
1,652.1192,50.1262,50126.1594
1,652.1763,50.1833,50183.2594
1,652.3358,50.3428,50342.7594
1,652.3880,50.3950,50394.9594
1,652.6522,50.6592,50659.1594
1,652.9714,50.9784,50978.3594
1,652.9895,50.9965,50996.4594
1,653.1417,51.1487,51148.6594
1,653.3156,51.3226,51322.5594
1,653.3633,51.3703,51370.2594
1,653.5371,51.5441,51544.0594
1,653.6094,51.6164,51616.3594
1,653.6551,51.6621,51662.0594
1,653.9236,51.9306,51930.5594
1,654.5357,52.5427,52542.6594
1,654.5864,52.5934,52593.3594
1,654.7239,52.7309,52730.8594
1,655.0509,53.0579,53057.8594
1,655.4421,53.4491,53449.0594
1,655.7389,53.7459,53745.8594
1,655.9459,53.9529,53952.8594
1,656.0669,54.0739,54073.8594
1,656.3872,54.3942,54394.1594
1,656.6408,54.6478,54647.7594
1,656.6902,54.6972,54697.1594
1,656.6932,54.7002,54700.1594
1,656.8690,54.8760,54875.9594
1,656.9099,54.9169,54916.8594
1,656.9645,54.9715,54971.4594
1,657.0170,55.0240,55023.9594
1,657.1205,55.1275,55127.4594
1,657.1228,55.1298,55129.7594
1,657.2296,55.2366,55236.5594
1,657.2718,55.2788,55278.7594
1,657.3233,55.3303,55330.2594
1,657.3259,55.3329,55332.8594
1,657.3952,55.4022,55402.1594
1,657.3985,55.4055,55405.4594
1,657.4188,55.4258,55425.7594
1,657.4547,55.4617,55461.6594
1,657.4991,55.5061,55506.0594
1,657.6395,55.6465,55646.4594
1,657.6707,55.6777,55677.6594
1,657.7058,55.7128,55712.7594
1,657.7359,55.7429,55742.8594
1,657.8083,55.8153,55815.2594
1,657.8648,55.8718,55871.7594
1,657.8817,55.8887,55888.6594
1,657.8842,55.8912,55891.1594
1,658.0351,56.0421,56042.0594
1,658.2193,56.2263,56226.2594
1,658.3847,56.3917,56391.6594
1,658.3941,56.4011,56401.0594
1,658.4208,56.4278,56427.7594
1,658.6383,56.6453,56645.2594
1,658.6481,56.6551,56655.0594
1,658.9130,56.9200,56919.9594
1,658.9201,56.9271,56927.0594
1,659.0052,57.0122,57012.1594
1,659.1790,57.1860,57185.9594
1,659.2453,57.2523,57252.2594
1,659.3406,57.3476,57347.5594
1,659.3480,57.3550,57354.9594
1,659.3865,57.3935,57393.4594
1,659.4333,57.4403,57440.2594
1,659.5210,57.5280,57527.9594
1,659.6362,57.6432,57643.1594
1,660.0732,58.0802,58080.1594
1,660.4074,58.4144,58414.3594
1,660.5348,58.5418,58541.7594
1,660.6584,58.6654,58665.3594
1,660.7666,58.7736,58773.5594
1,660.9013,58.9083,58908.2594
1,660.9426,58.9496,58949.5594
1,661.0415,59.0485,59048.4594
1,661.0980,59.1050,59104.9594
1,661.2485,59.2555,59255.4594
1,661.2670,59.2740,59273.9594
1,661.3085,59.3155,59315.4594
1,661.3695,59.3765,59376.4594
1,661.5092,59.5162,59516.1594
1,661.6382,59.6452,59645.1594
1,661.6739,59.6809,59680.8594
1,661.9801,59.9871,59987.0594
1,662.1118,60.1188,60118.7594
1,662.4842,60.4912,60491.1594
1,663.7196,61.7266,61726.5594
1,663.9429,61.9499,61949.8594
1,664.1781,62.1851,62185.0594
1,664.2451,62.2521,62252.0594
1,664.2477,62.2547,62254.6594
1,664.3768,62.3838,62383.7594
1,664.5252,62.5322,62532.1594
1,664.6969,62.7039,62703.8594
1,668.2629,66.2699,66269.8594
1,668.4410,66.4480,66447.9594
1,668.4564,66.4634,66463.3594
1,668.9409,66.9479,66947.8594
1,669.1796,67.1866,67186.5594
1,669.2427,67.2497,67249.6594
1,669.8833,67.8903,67890.2594
1,670.2218,68.2288,68228.7594
1,670.3559,68.3629,68362.8594
1,670.4342,68.4412,68441.1594
1,670.4750,68.4820,68481.9594
1,670.6644,68.6714,68671.3594
1,670.7200,68.7270,68726.9594
1,670.7747,68.7817,68781.6594
1,670.7813,68.7883,68788.2594
1,670.8064,68.8134,68813.3594
1,670.8097,68.8167,68816.6594
1,670.8827,68.8897,68889.6594
1,671.0155,69.0225,69022.4594
1,671.0192,69.0262,69026.1594
1,671.0306,69.0376,69037.5594
1,671.2462,69.2532,69253.1594
1,671.2607,69.2677,69267.6594
1,671.2801,69.2871,69287.0594
1,671.3262,69.3332,69333.1594
1,671.3742,69.3812,69381.1594
1,671.4208,69.4278,69427.7594
1,671.5611,69.5681,69568.0594
1,671.6148,69.6218,69621.7594
1,671.7338,69.7408,69740.7594
1,671.8731,69.8801,69880.0594
1,672.3365,70.3435,70343.4594
1,672.5575,70.5645,70564.4594
1,672.6254,70.6324,70632.3594
1,672.6474,70.6544,70654.3594
1,672.7457,70.7527,70752.6594
1,672.7516,70.7586,70758.5594
1,672.7631,70.7701,70770.0594
1,672.8558,70.8628,70862.7594
1,672.8905,70.8975,70897.4594
1,672.9743,70.9813,70981.2594
1,673.0128,71.0198,71019.7594
1,673.1409,71.1479,71147.8594
1,673.1583,71.1653,71165.2594
1,673.1666,71.1736,71173.5594
1,673.1815,71.1885,71188.4594
1,673.2099,71.2169,71216.8594
1,673.2736,71.2806,71280.5594
1,673.3012,71.3082,71308.1594
1,673.3542,71.3612,71361.1594
1,673.3764,71.3834,71383.3594
1,673.4058,71.4128,71412.7594
1,673.4999,71.5069,71506.8594
1,673.5196,71.5266,71526.5594
1,673.5721,71.5791,71579.0594
1,673.6467,71.6537,71653.6594
1,673.8584,71.8654,71865.3594
1,674.1312,72.1382,72138.1594
1,674.2280,72.2350,72234.9594
1,675.0523,73.0593,73059.2594
1,675.3711,73.3781,73378.0594
1,675.3911,73.3981,73398.0594
1,675.5388,73.5458,73545.7594
1,675.5793,73.5863,73586.2594
1,675.5841,73.5911,73591.0594
1,675.6611,73.6681,73668.0594
1,676.0106,74.0176,74017.5594
1,676.2239,74.2309,74230.8594
1,676.2262,74.2332,74233.1594
1,676.3534,74.3604,74360.3594
1,676.3563,74.3633,74363.2594
1,676.5622,74.5692,74569.1594
1,676.7720,74.7790,74778.9594
1,676.7897,74.7967,74796.6594
1,676.7919,74.7989,74798.8594
1,677.6505,75.6575,75657.4594
1,681.5021,79.5091,79509.0594
1,681.5277,79.5347,79534.6594
1,682.2729,80.2799,80279.8594
1,682.3211,80.3281,80328.0594
1,682.3790,80.3860,80385.9594
1,682.8779,80.8849,80884.8594
1,682.9931,81.0001,81000.0594
1,682.9952,81.0022,81002.1594
1,683.1411,81.1481,81148.0594
1,683.1491,81.1561,81156.0594
1,683.1911,81.1981,81198.0594
1,683.2163,81.2233,81223.2594
1,683.2365,81.2435,81243.4594
1,683.2432,81.2502,81250.1594
1,683.2620,81.2690,81268.9594
1,683.2922,81.2992,81299.1594
1,683.3002,81.3072,81307.1594
1,683.3691,81.3761,81376.0594
1,683.3716,81.3786,81378.5594
1,683.6004,81.6074,81607.3594
1,683.6512,81.6582,81658.1594
1,683.6853,81.6923,81692.2594
1,683.7353,81.7423,81742.2594
1,683.7413,81.7483,81748.2594
1,683.7892,81.7962,81796.1594
1,683.7996,81.8066,81806.5594
1,683.8102,81.8172,81817.1594
1,683.8173,81.8243,81824.2594
1,683.8859,81.8929,81892.8594
1,684.0223,82.0293,82029.2594
1,684.0251,82.0321,82032.0594
1,684.0815,82.0885,82088.4594
1,684.0870,82.0940,82093.9594
1,684.1204,82.1274,82127.3594
1,684.1414,82.1484,82148.3594
1,684.1503,82.1573,82157.2594
1,684.2337,82.2407,82240.6594
1,684.2359,82.2429,82242.8594
1,684.3484,82.3554,82355.3594
1,684.3523,82.3593,82359.2594
1,684.3548,82.3618,82361.7594
1,684.4174,82.4244,82424.3594
1,684.4210,82.4280,82427.9594
1,684.4982,82.5052,82505.1594
1,684.5006,82.5076,82507.5594
1,684.5548,82.5618,82561.7594
1,684.5838,82.5908,82590.7594
1,684.6089,82.6159,82615.8594
1,684.6802,82.6872,82687.1594
1,684.7795,82.7865,82786.4594
1,684.8371,82.8441,82844.0594
1,684.8740,82.8810,82880.9594
1,684.8774,82.8844,82884.3594
1,684.8800,82.8870,82886.9594
1,685.0194,83.0264,83026.3594
1,685.0306,83.0376,83037.5594
1,685.0354,83.0424,83042.3594
1,685.1733,83.1803,83180.2594
1,685.1761,83.1831,83183.0594
1,685.2826,83.2896,83289.5594
1,685.2906,83.2976,83297.5594
1,685.3220,83.3290,83328.9594
1,685.3252,83.3322,83332.1594
1,685.3970,83.4040,83403.9594
1,685.4762,83.4832,83483.1594
1,685.6071,83.6141,83614.0594
1,685.6734,83.6804,83680.3594
1,685.6974,83.7044,83704.3594
1,685.7118,83.7188,83718.7594
1,686.0211,84.0281,84028.0594
1,686.0664,84.0734,84073.3594
1,686.3161,84.3231,84323.0594
1,686.5719,84.5789,84578.8594
1,686.7223,84.7293,84729.2594
1,686.7246,84.7316,84731.5594
1,686.7337,84.7407,84740.6594
1,687.0115,85.0185,85018.4594
1,687.1354,85.1424,85142.3594
1,687.2947,85.3017,85301.6594
1,687.3106,85.3176,85317.5594
1,687.3367,85.3437,85343.6594
1,687.4840,85.4910,85490.9594
1,687.4990,85.5060,85505.9594
1,687.5440,85.5510,85550.9594
1,687.5826,85.5896,85589.5594
1,687.6634,85.6704,85670.3594
1,687.7041,85.7111,85711.0594
1,687.7264,85.7334,85733.3594
1,687.7373,85.7443,85744.2594
1,687.8356,85.8426,85842.5594
1,687.8849,85.8919,85891.8594
1,687.8914,85.8984,85898.3594
1,687.8967,85.9037,85903.6594
1,687.9049,85.9119,85911.8594
1,687.9543,85.9613,85961.2594
1,687.9662,85.9732,85973.1594
1,688.0612,86.0682,86068.1594
1,688.0637,86.0707,86070.6594
1,688.0693,86.0763,86076.2594
1,688.1303,86.1373,86137.2594
1,688.1868,86.1938,86193.7594
1,688.2155,86.2225,86222.4594
1,688.2177,86.2247,86224.6594
1,688.2256,86.2326,86232.5594
1,688.2454,86.2524,86252.3594
1,688.2603,86.2673,86267.2594
1,688.2648,86.2718,86271.7594
1,688.2669,86.2739,86273.8594
1,688.3189,86.3259,86325.8594
1,688.3523,86.3593,86359.2594
1,688.3553,86.3623,86362.2594
1,688.3774,86.3844,86384.3594
1,688.4088,86.4158,86415.7594
1,688.4108,86.4178,86417.7594
1,688.4517,86.4587,86458.6594
1,688.4804,86.4874,86487.3594
1,688.6008,86.6078,86607.7594
1,689.0603,87.0673,87067.2594
1,689.0624,87.0694,87069.3594
1,690.2148,88.2218,88221.7594
1,690.4479,88.4549,88454.8594
1,690.6418,88.6488,88648.7594
1,690.6578,88.6648,88664.7594
1,691.5807,89.5877,89587.6594
1,692.3930,90.4000,90399.9594
1,692.4906,90.4976,90497.5594
1,692.6299,90.6369,90636.8594
1,693.2511,91.2581,91258.0594
1,693.4895,91.4965,91496.4594
1,693.6193,91.6263,91626.2594
1,693.6224,91.6294,91629.3594
1,693.8425,91.8495,91849.4594
1,693.9280,91.9350,91934.9594
1,694.6713,92.6783,92678.2594
1,694.8338,92.8408,92840.7594
1,695.6385,93.6455,93645.4594
1,695.7282,93.7352,93735.1594
1,695.7306,93.7376,93737.5594
1,695.9983,94.0053,94005.2594
1,696.1861,94.1931,94193.0594
1,696.4050,94.4120,94411.9594
1,696.4835,94.4905,94490.4594
1,696.5215,94.5285,94528.4594
1,696.7973,94.8043,94804.2594
1,696.8353,94.8423,94842.2594
1,696.8514,94.8584,94858.3594
1,696.8575,94.8645,94864.4594
1,696.9100,94.9170,94916.9594
1,697.0374,95.0444,95044.3594
1,697.0398,95.0468,95046.7594
1,697.0575,95.0645,95064.4594
1,697.1610,95.1680,95167.9594
1,697.2328,95.2398,95239.7594
1,697.2658,95.2728,95272.7594
1,697.2702,95.2772,95277.1594
1,697.3272,95.3342,95334.1594
1,697.3833,95.3903,95390.2594
1,697.4241,95.4311,95431.0594
1,697.4910,95.4980,95497.9594
1,697.5406,95.5476,95547.5594
1,697.5579,95.5649,95564.8594
1,698.0792,96.0862,96086.1594
1,698.8936,96.9006,96900.5594
1,699.0674,97.0744,97074.3594
1,699.0734,97.0804,97080.3594
1,699.3270,97.3340,97333.9594
1,699.4057,97.4127,97412.6594
1,699.4283,97.4353,97435.2594
1,699.4909,97.4979,97497.8594
1,699.5338,97.5408,97540.7594
1,699.5465,97.5535,97553.4594
1,699.5683,97.5753,97575.2594
1,699.5786,97.5856,97585.5594
1,699.5843,97.5913,97591.2594
1,699.6086,97.6156,97615.5594
1,699.7383,97.7453,97745.2594
1,699.7669,97.7739,97773.8594
1,699.7933,97.8003,97800.2594
1,699.9176,97.9246,97924.5594
1,699.9770,97.9840,97983.9594
1,700.0994,98.1064,98106.3594
1,700.1060,98.1130,98112.9594
1,700.2033,98.2103,98210.2594
1,700.7704,98.7774,98777.3594
1,700.9132,98.9202,98920.1594
1,700.9984,99.0054,99005.3594
1,701.0073,99.0143,99014.2594
1,701.3440,99.3510,99350.9594
1,701.6892,99.6962,99696.1594
1,701.6922,99.6992,99699.1594
1,701.8374,99.8444,99844.3594
1,701.8961,99.9031,99903.0594
1,702.0250,100.0320,100031.9594
1,702.1572,100.1642,100164.1594
1,702.1977,100.2047,100204.6594
1,702.2062,100.2132,100213.1594
1,702.2827,100.2897,100289.6594
1,703.0718,101.0788,101078.7594
1,703.6406,101.6476,101647.5594
1,704.2149,102.2219,102221.8594
1,704.2177,102.2247,102224.6594
1,705.1484,103.1554,103155.3594
1,705.2609,103.2679,103267.8594
1,705.2851,103.2921,103292.0594
1,705.5305,103.5375,103537.4594
1,705.7932,103.8002,103800.1594
1,705.8387,103.8457,103845.6594
1,706.2924,104.2994,104299.3594
1,706.3959,104.4029,104402.8594
1,707.7872,105.7942,105794.1594
1,707.8372,105.8442,105844.1594
1,707.8614,105.8684,105868.3594
1,708.4347,106.4417,106441.6594
1,708.5676,106.5746,106574.5594
1,708.6268,106.6338,106633.7594
1,708.6294,106.6364,106636.3594
1,708.6683,106.6753,106675.2594
1,708.7133,106.7203,106720.2594
1,708.7463,106.7533,106753.2594
1,708.7700,106.7770,106776.9594
1,708.7727,106.7797,106779.6594
1,708.7861,106.7931,106793.0594
1,708.7897,106.7967,106796.6594
1,708.8280,106.8350,106834.9594
1,709.3705,107.3775,107377.4594
1,709.3736,107.3806,107380.5594
1,709.5809,107.5879,107587.8594
1,709.5834,107.5904,107590.3594
1,710.5208,108.5278,108527.7594
1,710.6747,108.6817,108681.6594
1,711.6037,109.6107,109610.6594
1,712.4456,110.4526,110452.5594
1,712.5256,110.5326,110532.5594
1,712.5378,110.5448,110544.7594
1,713.1022,111.1092,111109.1594
1,713.2346,111.2416,111241.5594
1,713.2678,111.2748,111274.7594
1,713.2737,111.2807,111280.6594
1,713.3007,111.3077,111307.6594
1,713.3069,111.3139,111313.8594
1,713.3968,111.4038,111403.7594
1,713.4079,111.4149,111414.8594
1,713.4254,111.4324,111432.3594
1,713.4686,111.4756,111475.5594
1,713.4944,111.5014,111501.3594
1,713.5075,111.5145,111514.4594
1,713.5357,111.5427,111542.6594
1,713.5975,111.6045,111604.4594
1,713.6807,111.6877,111687.6594
1,713.6937,111.7007,111700.6594
1,713.7278,111.7348,111734.7594
1,713.7767,111.7837,111783.6594
1,713.7853,111.7923,111792.2594
1,713.7947,111.8017,111801.6594
1,713.8782,111.8852,111885.1594
1,713.9002,111.9072,111907.1594
1,713.9292,111.9362,111936.1594
1,713.9367,111.9437,111943.6594
1,713.9747,111.9817,111981.6594
1,713.9909,111.9979,111997.8594
1,714.0056,112.0126,112012.5594
1,714.0885,112.0955,112095.4594
1,714.1035,112.1105,112110.4594
1,714.1352,112.1422,112142.1594
1,714.1375,112.1445,112144.4594
1,714.2108,112.2178,112217.7594
1,714.2131,112.2201,112220.0594
1,715.0213,113.0283,113028.2594
1,715.2020,113.2090,113208.9594
1,716.1372,114.1442,114144.1594
1,716.1680,114.1750,114174.9594
1,716.1912,114.1982,114198.1594
1,716.7154,114.7224,114722.3594
1,716.8311,114.8381,114838.0594
1,717.2601,115.2671,115267.0594
1,717.5586,115.5656,115565.5594
1,717.5824,115.5894,115589.3594
1,717.5893,115.5963,115596.2594
1,717.6349,115.6419,115641.8594
1,717.6376,115.6446,115644.5594
1,717.6760,115.6830,115682.9594
1,717.7423,115.7493,115749.2594
1,717.7821,115.7891,115789.0594
1,717.8467,115.8537,115853.6594
1,717.9406,115.9476,115947.5594
1,717.9468,115.9538,115953.7594
1,717.9981,116.0051,116005.0594
1,718.0029,116.0099,116009.8594
1,718.1019,116.1089,116108.8594
1,718.1391,116.1461,116146.0594
1,718.1581,116.1651,116165.0594
1,718.2348,116.2418,116241.7594
1,718.3182,116.3252,116325.1594
1,718.7658,116.7728,116772.7594
1,718.8209,116.8279,116827.8594
1,718.9966,117.0036,117003.5594
1,719.0884,117.0954,117095.3594
1,719.4028,117.4098,117409.7594
1,719.7251,117.7321,117732.0594
1,719.8047,117.8117,117811.6594
1,719.8405,117.8475,117847.4594
1,719.8436,117.8506,117850.5594
1,719.8538,117.8608,117860.7594
1,719.9006,117.9076,117907.5594
1,719.9096,117.9166,117916.5594
1,720.2124,118.2194,118219.3594
1,720.2453,118.2523,118252.2594
1,720.3462,118.3532,118353.1594
1,720.3976,118.4046,118404.5594
1,720.4036,118.4106,118410.5594
1,720.4846,118.4916,118491.5594
1,720.4874,118.4944,118494.3594
1,720.4954,118.5024,118502.3594
1,720.4984,118.5054,118505.3594
1,720.5025,118.5095,118509.4594
1,720.5076,118.5146,118514.5594
1,720.6722,118.6792,118679.1594
1,720.6806,118.6876,118687.5594
1,720.7871,118.7941,118794.0594
1,720.8622,118.8692,118869.1594
1,720.8702,118.8772,118877.1594
1,720.8816,118.8886,118888.5594
1,721.4103,119.4173,119417.2594
1,722.6767,120.6837,120683.6594
1,722.8596,120.8666,120866.5594
1,722.8663,120.8733,120873.2594
1,722.8714,120.8784,120878.3594
1,724.4617,122.4687,122468.6594
1,725.7110,123.7180,123717.9594
1,725.9133,123.9203,123920.2594
1,726.0556,124.0626,124062.5594
1,726.1535,124.1605,124160.4594
1,726.1983,124.2053,124205.2594
1,726.2288,124.2358,124235.7594
1,726.2311,124.2381,124238.0594
1,726.2333,124.2403,124240.2594
1,726.2510,124.2580,124257.9594
1,726.2821,124.2891,124289.0594
1,726.3042,124.3112,124311.1594
1,726.3300,124.3370,124336.9594
1,726.3336,124.3406,124340.5594
1,726.3360,124.3430,124342.9594
1,726.3391,124.3461,124346.0594
1,726.3893,124.3963,124396.2594
1,726.3987,124.4057,124405.6594
1,726.4199,124.4269,124426.8594
1,726.4232,124.4302,124430.1594
1,726.4802,124.4872,124487.1594
1,726.4829,124.4899,124489.8594
1,726.4853,124.4923,124492.2594
1,726.5202,124.5272,124527.1594
1,726.5542,124.5612,124561.1594
1,726.5567,124.5637,124563.6594
1,727.0662,125.0732,125073.1594
1,727.0797,125.0867,125086.6594
1,727.1322,125.1392,125139.1594
1,727.1743,125.1813,125181.2594
1,727.1947,125.2017,125201.6594
1,727.1981,125.2051,125205.0594
1,727.2076,125.2146,125214.5594
1,727.2691,125.2761,125276.0594
1,727.2734,125.2804,125280.3594
1,727.2783,125.2853,125285.2594
1,727.3806,125.3876,125387.5594
1,727.4317,125.4387,125438.6594
1,727.4471,125.4541,125454.0594
1,727.4965,125.5035,125503.4594
1,727.4983,125.5053,125505.2594
1,727.5039,125.5109,125510.8594
1,727.5728,125.5798,125579.7594
1,727.5846,125.5916,125591.5594
1,727.5880,125.5950,125594.9594
1,727.6966,125.7036,125703.5594
1,727.7031,125.7101,125710.0594
1,727.7308,125.7378,125737.7594
1,727.8825,125.8895,125889.4594
1,727.8864,125.8934,125893.3594
1,727.9423,125.9493,125949.2594
1,728.0082,126.0152,126015.1594
1,728.0105,126.0175,126017.4594
1,728.5799,126.5869,126586.8594
1,728.6081,126.6151,126615.0594
1,728.7239,126.7309,126730.8594
1,728.7278,126.7348,126734.7594
1,728.7569,126.7639,126763.8594
1,728.7846,126.7916,126791.5594
1,728.7965,126.8035,126803.4594
1,728.8200,126.8270,126826.9594
1,728.8702,126.8772,126877.1594
1,728.8845,126.8915,126891.4594
1,728.9460,126.9530,126952.9594
1,728.9619,126.9689,126968.8594
1,729.0250,127.0320,127031.9594
1,729.1421,127.1491,127149.0594
1,729.2432,127.2502,127250.1594
1,729.3263,127.3333,127333.2594
1,729.3876,127.3946,127394.5594
1,729.4265,127.4335,127433.4594
1,729.4686,127.4756,127475.5594
1,729.6198,127.6268,127626.7594
1,729.6631,127.6701,127670.0594
1,729.7822,127.7892,127789.1594
1,730.1070,128.1140,128113.9594
1,730.1883,128.1953,128195.2594
1,730.2323,128.2393,128239.2594
1,730.2464,128.2534,128253.3594
1,730.3412,128.3482,128348.1594
1,730.4672,128.4742,128474.1594
1,730.4983,128.5053,128505.2594
1,730.5416,128.5486,128548.5594
1,730.7383,128.7453,128745.2594
1,730.7858,128.7928,128792.7594
1,730.8150,128.8220,128821.9594
1,730.8453,128.8523,128852.2594
1,730.8754,128.8824,128882.3594
1,730.9359,128.9429,128942.8594
1,730.9394,128.9464,128946.3594
1,730.9725,128.9795,128979.4594
1,731.0505,129.0575,129057.4594
1,731.0626,129.0696,129069.5594
1,731.0853,129.0923,129092.2594
1,731.1509,129.1579,129157.8594
1,731.2754,129.2824,129282.3594
1,731.5447,129.5517,129551.6594
1,731.7041,129.7111,129711.0594
1,732.5206,130.5276,130527.5594
1,733.4042,131.4112,131411.1594
1,733.5916,131.5986,131598.5594
1,734.5546,132.5616,132561.5594
1,734.6446,132.6516,132651.5594
1,735.7035,133.7105,133710.4594
1,735.7738,133.7808,133780.7594
1,735.8321,133.8391,133839.0594
1,735.8718,133.8788,133878.7594
1,735.8787,133.8857,133885.6594
1,735.9475,133.9545,133954.4594
1,735.9814,133.9884,133988.3594
1,735.9995,134.0065,134006.4594
1,736.0193,134.0263,134026.2594
1,736.0214,134.0284,134028.3594
1,736.0416,134.0486,134048.5594
1,736.0682,134.0752,134075.1594
1,736.0845,134.0915,134091.4594
1,736.0908,134.0978,134097.7594
1,736.0944,134.1014,134101.3594
1,736.1145,134.1215,134121.4594
1,736.1172,134.1242,134124.1594
1,736.1540,134.1610,134160.9594
1,736.1568,134.1638,134163.7594
1,736.1708,134.1778,134177.7594
1,736.1766,134.1836,134183.5594
1,736.1955,134.2025,134202.4594
1,736.1971,134.2041,134204.0594
1,736.2225,134.2295,134229.4594
1,736.2411,134.2481,134248.0594
1,736.2476,134.2546,134254.5594
1,736.2509,134.2579,134257.8594
1,736.2753,134.2823,134282.2594
1,736.2967,134.3037,134303.6594
1,736.3032,134.3102,134310.1594
1,736.3085,134.3155,134315.4594
1,736.3110,134.3180,134317.9594
1,736.4037,134.4107,134410.6594
1,736.4228,134.4298,134429.7594
1,736.4280,134.4350,134434.9594
1,736.4428,134.4498,134449.7594
1,736.4553,134.4623,134462.2594
1,736.4928,134.4998,134499.7594
1,736.5030,134.5100,134509.9594
1,736.5254,134.5324,134532.3594
1,736.5282,134.5352,134535.1594
1,736.5363,134.5433,134543.2594
1,736.5414,134.5484,134548.3594
1,736.5518,134.5588,134558.7594
1,736.5797,134.5867,134586.6594
1,736.5923,134.5993,134599.2594
1,736.6002,134.6072,134607.1594
1,736.6026,134.6096,134609.5594
1,736.6220,134.6290,134628.9594
1,736.6372,134.6442,134644.1594
1,736.6478,134.6548,134654.7594
1,736.6540,134.6610,134660.9594
1,736.6926,134.6996,134699.5594
1,736.7489,134.7559,134755.8594
1,736.7663,134.7733,134773.2594
1,736.8342,134.8412,134841.1594
1,736.8708,134.8778,134877.7594
1,736.8859,134.8929,134892.8594
1,736.9182,134.9252,134925.1594
1,736.9284,134.9354,134935.3594
1,736.9566,134.9636,134963.5594
1,737.0243,135.0313,135031.2594
1,737.0266,135.0336,135033.5594
1,737.0609,135.0679,135067.8594
1,737.0962,135.1032,135103.1594
1,737.2183,135.2253,135225.2594
1,737.3195,135.3265,135326.4594
1,737.5594,135.5664,135566.3594
1,737.6162,135.6232,135623.1594
1,737.6595,135.6665,135666.4594
1,737.7427,135.7497,135749.6594
1,737.7642,135.7712,135771.1594
1,737.8134,135.8204,135820.3594
1,737.8785,135.8855,135885.4594
1,737.9480,135.9550,135954.9594
1,737.9572,135.9642,135964.1594
1,737.9724,135.9794,135979.3594
1,737.9916,135.9986,135998.5594
1,738.0352,136.0422,136042.1594
1,738.0620,136.0690,136068.9594
1,738.0669,136.0739,136073.8594
1,738.1434,136.1504,136150.3594
1,738.3256,136.3326,136332.5594
1,738.4026,136.4096,136409.5594
1,738.6770,136.6840,136683.9594
1,740.7062,138.7132,138713.1594
1,741.0240,139.0310,139030.9594
1,741.1655,139.1725,139172.4594
1,741.3615,139.3685,139368.4594
1,741.4815,139.4885,139488.4594
1,741.5388,139.5458,139545.7594
1,741.5410,139.5480,139547.9594
1,742.5969,140.6039,140603.8594
1,742.6959,140.7029,140702.8594
1,742.8200,140.8270,140826.9594
1,742.9494,140.9564,140956.3594
1,743.2955,141.3025,141302.4594
1,743.2976,141.3046,141304.5594
1,743.3537,141.3607,141360.6594
1,743.3750,141.3820,141381.9594
1,743.3803,141.3873,141387.2594
1,743.4275,141.4345,141434.4594
1,743.6861,141.6931,141693.0594
1,743.7025,141.7095,141709.4594
1,743.7086,141.7156,141715.5594
1,743.7380,141.7450,141744.9594
1,743.7413,141.7483,141748.2594
1,743.7865,141.7935,141793.4594
1,743.8193,141.8263,141826.2594
1,743.8708,141.8778,141877.7594
1,743.8970,141.9040,141903.9594
1,743.9344,141.9414,141941.3594
1,743.9835,141.9905,141990.4594
1,744.0300,142.0370,142036.9594
1,744.0378,142.0448,142044.7594
1,744.0457,142.0527,142052.6594
1,744.0539,142.0609,142060.8594
1,744.0563,142.0633,142063.2594
1,744.0815,142.0885,142088.4594
1,744.0843,142.0913,142091.2594
1,744.0872,142.0942,142094.1594
1,744.0894,142.0964,142096.3594
1,744.0954,142.1024,142102.3594
1,744.0985,142.1055,142105.4594
1,744.1037,142.1107,142110.6594
1,744.1120,142.1190,142118.9594
1,744.1139,142.1209,142120.8594
1,744.1759,142.1829,142182.8594
1,744.1824,142.1894,142189.3594
1,746.1802,144.1872,144187.1594
1,747.9783,145.9853,145985.2594
1,747.9810,145.9880,145987.9594
1,748.0512,146.0582,146058.1594
1,748.1047,146.1117,146111.6594
1,748.1905,146.1975,146197.4594
1,748.7132,146.7202,146720.1594
1,749.0072,147.0142,147014.1594
1,749.5189,147.5259,147525.8594
1,749.8712,147.8782,147878.1594
1,750.8080,148.8150,148814.9594
1,750.8201,148.8271,148827.0594
1,750.8448,148.8518,148851.7594
1,750.8558,148.8628,148862.7594
1,750.8623,148.8693,148869.2594
1,750.9050,148.9120,148911.9594
1,750.9281,148.9351,148935.0594
1,750.9461,148.9531,148953.0594
1,750.9580,148.9650,148964.9594
1,750.9699,148.9769,148976.8594
1,751.0106,149.0176,149017.5594
1,751.2114,149.2184,149218.3594
1,751.2237,149.2307,149230.6594
1,751.3224,149.3294,149329.3594
1,752.0079,150.0149,150014.8594
1,754.1868,152.1938,152193.7594
1,754.8267,152.8337,152833.6594
1,754.9268,152.9338,152933.7594
1,755.0542,153.0612,153061.1594
1,755.0642,153.0712,153071.1594
1,755.1398,153.1468,153146.7594
1,755.2317,153.2387,153238.6594
1,755.5602,153.5672,153567.1594
1,756.0249,154.0319,154031.8594
1,756.1580,154.1650,154164.9594
1,756.1631,154.1701,154170.0594
1,756.5283,154.5353,154535.2594
1,756.8359,154.8429,154842.8594
1,758.1915,156.1985,156198.4594
1,758.3672,156.3742,156374.1594
1,758.3812,156.3882,156388.1594
1,758.3896,156.3966,156396.5594
1,758.3913,156.3983,156398.2594
1,758.4115,156.4185,156418.4594
1,758.4446,156.4516,156451.5594
1,758.4519,156.4589,156458.8594
1,758.4583,156.4653,156465.2594
1,758.4618,156.4688,156468.7594
1,758.5098,156.5168,156516.7594
1,758.5166,156.5236,156523.5594
1,758.5889,156.5959,156595.8594
1,758.6437,156.6507,156650.6594
1,758.7266,156.7336,156733.5594
1,758.7422,156.7492,156749.1594
1,758.7450,156.7520,156751.9594
1,758.8349,156.8419,156841.8594
1,758.8717,156.8787,156878.6594
1,758.8736,156.8806,156880.5594
1,758.9025,156.9095,156909.4594
1,758.9419,156.9489,156948.8594
1,758.9478,156.9548,156954.7594
1,759.0589,157.0659,157065.8594
1,759.0634,157.0704,157070.3594
1,759.0997,157.1067,157106.6594
1,759.1192,157.1262,157126.1594
1,759.1418,157.1488,157148.7594
1,759.1568,157.1638,157163.7594
1,759.1602,157.1672,157167.1594
1,759.2110,157.2180,157217.9594
1,759.2889,157.2959,157295.8594
1,759.3336,157.3406,157340.5594
1,759.3410,157.3480,157347.9594
1,759.3441,157.3511,157351.0594
1,759.3879,157.3949,157394.8594
1,759.4070,157.4140,157413.9594
1,759.4534,157.4604,157460.3594
1,759.4611,157.4681,157468.0594
1,759.4700,157.4770,157476.9594
1,759.5434,157.5504,157550.3594
1,759.5615,157.5685,157568.4594
1,759.5869,157.5939,157593.8594
1,759.7909,157.7979,157797.8594
1,762.1920,160.1990,160198.9594
1,763.1951,161.2021,161202.0594
1,764.2609,162.2679,162267.8594
1,764.2852,162.2922,162292.1594
1,764.3973,162.4043,162404.2594
1,764.4095,162.4165,162416.4594
1,764.4936,162.5006,162500.5594
1,764.5544,162.5614,162561.3594
1,764.6409,162.6479,162647.8594
1,764.7268,162.7338,162733.7594
1,764.8684,162.8754,162875.3594
1,765.0939,163.1009,163100.8594
1,765.2676,163.2746,163274.5594
1,765.4361,163.4431,163443.0594
1,765.5103,163.5173,163517.2594
1,765.6250,163.6320,163631.9594
1,765.6405,163.6475,163647.4594
1,766.5955,164.6025,164602.4594
1,766.6454,164.6524,164652.3594
1,766.6765,164.6835,164683.4594
1,766.6950,164.7020,164701.9594
1,766.7310,164.7380,164737.9594
1,766.8210,164.8280,164827.9594
1,767.4686,165.4756,165475.5594
1,767.8032,165.8102,165810.1594
1,767.9353,165.9423,165942.2594
1,767.9457,165.9527,165952.6594
1,767.9980,166.0050,166004.9594
1,768.0599,166.0669,166066.8594
1,768.1242,166.1312,166131.1594
1,768.1875,166.1945,166194.4594
1,768.2317,166.2387,166238.6594
1,768.3337,166.3407,166340.6594
1,768.4063,166.4133,166413.2594
1,768.4855,166.4925,166492.4594
1,768.4926,166.4996,166499.5594
1,768.8525,166.8595,166859.4594
1,768.9138,166.9208,166920.7594
1,769.0565,167.0635,167063.4594
1,769.1679,167.1749,167174.8594
1,769.2598,167.2668,167266.7594
1,769.4882,167.4952,167495.1594
1,769.5597,167.5667,167566.6594
1,769.5983,167.6053,167605.2594
1,769.6006,167.6076,167607.5594
1,769.6428,167.6498,167649.7594
1,769.7526,167.7596,167759.5594
1,769.7723,167.7793,167779.2594
1,769.8089,167.8159,167815.8594
1,769.8226,167.8296,167829.5594
1,769.8248,167.8318,167831.7594
1,770.0711,168.0781,168078.0594
1,770.1859,168.1929,168192.8594
1,770.1877,168.1947,168194.6594
1,770.1898,168.1968,168196.7594
1,770.3624,168.3694,168369.3594
1,770.8762,168.8832,168883.1594
1,771.0999,169.1069,169106.8594
1,771.3746,169.3816,169381.5594
1,771.4195,169.4265,169426.4594
1,771.8751,169.8821,169882.0594
1,771.9602,169.9672,169967.1594
1,772.1013,170.1083,170108.2594
1,772.1591,170.1661,170166.0594
1,772.2898,170.2968,170296.7594
1,773.1228,171.1298,171129.7594
1,773.2818,171.2888,171288.7594
1,773.3432,171.3502,171350.1594
1,773.7169,171.7239,171723.8594
1,774.2104,172.2174,172217.3594
1,774.2841,172.2911,172291.0594
1,774.3390,172.3460,172345.9594
1,774.4068,172.4138,172413.7594
1,774.4091,172.4161,172416.0594
1,774.4331,172.4401,172440.0594
1,774.4355,172.4425,172442.4594
1,774.4809,172.4879,172487.8594
1,774.5128,172.5198,172519.7594
1,774.5581,172.5651,172565.0594
1,774.5799,172.5869,172586.8594
1,774.6053,172.6123,172612.2594
1,775.0184,173.0254,173025.3594
1,775.0440,173.0510,173050.9594
1,775.4915,173.4985,173498.4594
1,775.6100,173.6170,173616.9594
1,775.6470,173.6540,173653.9594
1,775.6853,173.6923,173692.2594
1,775.7773,173.7843,173784.2594
1,775.8331,173.8401,173840.0594
1,775.8736,173.8806,173880.5594
1,775.8831,173.8901,173890.0594
1,775.9195,173.9265,173926.4594
1,775.9498,173.9568,173956.7594
1,776.0111,174.0181,174018.0594
1,776.1578,174.1648,174164.7594
1,776.5449,174.5519,174551.8594
1,776.8899,174.8969,174896.8594
1,777.6026,175.6096,175609.5594
1,777.7510,175.7580,175757.9594
1,778.1911,176.1981,176198.0594
1,778.2136,176.2206,176220.5594
1,778.4428,176.4498,176449.7594
1,779.2188,177.2258,177225.7594
1,779.4251,177.4321,177432.0594
1,779.6173,177.6243,177624.2594
1,779.6252,177.6322,177632.1594
1,779.9337,177.9407,177940.6594
1,780.3987,178.4057,178405.6594
1,780.5050,178.5120,178511.9594
1,780.5907,178.5977,178597.6594
1,780.6050,178.6120,178611.9594
1,780.6079,178.6149,178614.8594
1,780.6305,178.6375,178637.4594
1,780.6371,178.6441,178644.0594
1,780.7264,178.7334,178733.3594
1,780.7314,178.7384,178738.3594
1,780.7352,178.7422,178742.1594
1,780.7841,178.7911,178791.0594
1,780.8210,178.8280,178827.9594
1,780.8398,178.8468,178846.7594
1,780.8490,178.8560,178855.9594
1,780.8589,178.8659,178865.8594
1,780.8647,178.8717,178871.6594
1,780.9524,178.9594,178959.3594
1,781.0405,179.0475,179047.4594
1,781.0459,179.0529,179052.8594
1,781.1283,179.1353,179135.2594
1,781.1393,179.1463,179146.2594
1,781.1674,179.1744,179174.3594
1,781.1936,179.2006,179200.5594
1,781.2360,179.2430,179242.9594
1,781.3167,179.3237,179323.6594
1,781.4665,179.4735,179473.4594
1,781.5912,179.5982,179598.1594
1,781.5998,179.6068,179606.7594
1,781.6608,179.6678,179667.7594
1,781.7329,179.7399,179739.8594
1,781.8972,179.9042,179904.1594
1,782.4742,180.4812,180481.1594
1,782.5585,180.5655,180565.4594
1,782.5680,180.5750,180574.9594
1,782.5950,180.6020,180601.9594
1,782.6996,180.7066,180706.5594
1,782.9194,180.9264,180926.3594
1,783.1030,181.1100,181109.9594
1,784.2483,182.2553,182255.2594
1,784.2824,182.2894,182289.3594
1,784.3570,182.3640,182363.9594
1,784.4519,182.4589,182458.8594
1,785.3127,183.3197,183319.6594
1,786.2062,184.2132,184213.1594
1,786.4067,184.4137,184413.6594
1,786.4768,184.4838,184483.7594
1,786.8144,184.8214,184821.3594
1,786.9797,184.9867,184986.6594
1,787.0284,185.0354,185035.3594
1,787.0463,185.0533,185053.2594
1,787.0570,185.0640,185063.9594
1,787.0714,185.0784,185078.3594
1,787.1082,185.1152,185115.1594
1,787.1491,185.1561,185156.0594
1,787.1827,185.1897,185189.6594
1,787.2743,185.2813,185281.2594
1,787.3982,185.4052,185405.1594
1,787.8327,185.8397,185839.6594
1,788.0138,186.0208,186020.7594
1,788.0165,186.0235,186023.4594
1,788.1913,186.1983,186198.2594
1,788.5915,186.5985,186598.4594
1,788.6024,186.6094,186609.3594
1,788.6991,186.7061,186706.0594
1,789.1445,187.1515,187151.4594
1,789.2760,187.2830,187282.9594
1,789.2786,187.2856,187285.5594
1,789.5826,187.5896,187589.5594
1,789.6933,187.7003,187700.2594
1,789.6956,187.7026,187702.5594
1,789.7950,187.8020,187801.9594
1,789.8792,187.8862,187886.1594
1,789.8814,187.8884,187888.3594
1,789.9703,187.9773,187977.2594
1,791.4742,189.4812,189481.1594
1,791.6516,189.6586,189658.5594
1,792.1479,190.1549,190154.8594
1,792.6695,190.6765,190676.4594
1,793.1824,191.1894,191189.3594
1,793.4620,191.4690,191468.9594
1,793.8790,191.8860,191885.9594
1,793.9466,191.9536,191953.5594
1,793.9777,191.9847,191984.6594
1,793.9826,191.9896,191989.5594
1,794.0041,192.0111,192011.0594
1,794.0359,192.0429,192042.8594
1,794.0574,192.0644,192064.3594
1,794.3182,192.3252,192325.1594
1,794.4556,192.4626,192462.5594
1,794.5545,192.5615,192561.4594
1,794.5610,192.5680,192567.9594
1,794.7193,192.7263,192726.2594
1,795.0095,193.0165,193016.4594
1,795.5705,193.5775,193577.4594
1,795.6932,193.7002,193700.1594
1,795.9246,193.9316,193931.5594
1,796.4946,194.5016,194501.5594
1,797.3865,195.3935,195393.4594
1,798.7178,196.7248,196724.7594
1,799.0845,197.0915,197091.4594
1,799.0960,197.1030,197102.9594
1,799.1530,197.1600,197159.9594
1,799.1568,197.1638,197163.7594
1,799.2031,197.2101,197210.0594
1,799.2140,197.2210,197220.9594
1,799.2333,197.2403,197240.2594
1,799.2960,197.3030,197302.9594
1,799.3251,197.3321,197332.0594
1,799.3283,197.3353,197335.2594
1,799.3524,197.3594,197359.3594
1,799.6075,197.6145,197614.4594
1,799.6439,197.6509,197650.8594
1,799.6644,197.6714,197671.3594
1,799.6904,197.6974,197697.3594
1,799.7481,197.7551,197755.0594
1,799.7541,197.7611,197761.0594
1,799.7871,197.7941,197794.0594
1,799.7929,197.7999,197799.8594
1,799.8446,197.8516,197851.5594
1,799.8467,197.8537,197853.6594
1,799.8790,197.8860,197885.9594
1,799.8999,197.9069,197906.8594
1,799.9021,197.9091,197909.0594
1,799.9388,197.9458,197945.7594
1,800.0310,198.0380,198037.9594
1,800.8023,198.8093,198809.2594
1,800.9896,198.9966,198996.5594
1,801.3848,199.3918,199391.7594
1,803.2454,201.2524,201252.3594
1,803.3661,201.3731,201373.0594
1,803.4407,201.4477,201447.6594
1,803.4776,201.4846,201484.5594
1,804.2717,202.2787,202278.6594
1,804.5347,202.5417,202541.6594
1,804.5370,202.5440,202543.9594
1,804.6277,202.6347,202634.6594
1,804.6434,202.6504,202650.3594
1,804.7105,202.7175,202717.4594
1,804.7135,202.7205,202720.4594
1,804.7770,202.7840,202783.9594
1,805.1472,203.1542,203154.1594
1,805.1496,203.1566,203156.5594
1,805.2548,203.2618,203261.7594
1,805.2571,203.2641,203264.0594
1,805.2803,203.2873,203287.2594
1,805.3315,203.3385,203338.4594
1,805.3589,203.3659,203365.8594
1,805.4421,203.4491,203449.0594
1,805.4657,203.4727,203472.6594
1,805.5253,203.5323,203532.2594
1,805.5276,203.5346,203534.5594
1,805.5756,203.5826,203582.5594
1,805.5986,203.6056,203605.5594
1,805.6006,203.6076,203607.5594
1,805.6271,203.6341,203634.0594
1,805.6325,203.6395,203639.4594
1,805.6350,203.6420,203641.9594
1,805.6706,203.6776,203677.5594
1,805.6734,203.6804,203680.3594
1,805.7301,203.7371,203737.0594
1,805.7362,203.7432,203743.1594
1,805.7414,203.7484,203748.3594
1,805.7443,203.7513,203751.2594
1,805.7704,203.7774,203777.3594
1,805.7760,203.7830,203782.9594
1,805.7835,203.7905,203790.4594
1,805.7855,203.7925,203792.4594
1,805.8050,203.8120,203811.9594
1,805.8294,203.8364,203836.3594
1,805.8546,203.8616,203861.5594
1,805.8587,203.8657,203865.6594
1,805.8643,203.8713,203871.2594
1,805.8711,203.8781,203878.0594
1,805.9063,203.9133,203913.2594
1,805.9122,203.9192,203919.1594
1,805.9211,203.9281,203928.0594
1,805.9266,203.9336,203933.5594
1,805.9311,203.9381,203938.0594
1,805.9640,203.9710,203970.9594
1,805.9761,203.9831,203983.0594
1,805.9846,203.9916,203991.5594
1,805.9934,204.0004,204000.3594
1,805.9962,204.0032,204003.1594
1,806.0122,204.0192,204019.1594
1,806.0151,204.0221,204022.0594
1,806.0548,204.0618,204061.7594
1,806.0589,204.0659,204065.8594
1,806.0611,204.0681,204068.0594
1,806.0639,204.0709,204070.8594
1,806.0790,204.0860,204085.9594
1,806.0855,204.0925,204092.4594
1,806.0981,204.1051,204105.0594
1,806.1084,204.1154,204115.3594
1,806.1150,204.1220,204121.9594
1,806.1188,204.1258,204125.7594
1,806.1220,204.1290,204128.9594
1,806.1380,204.1450,204144.9594
1,806.1452,204.1522,204152.1594
1,806.1484,204.1554,204155.3594
1,806.2320,204.2390,204238.9594
1,806.2458,204.2528,204252.7594
1,806.2476,204.2546,204254.5594
1,806.2625,204.2695,204269.4594
1,806.2772,204.2842,204284.1594
1,806.3525,204.3595,204359.4594
1,806.3818,204.3888,204388.7594
1,806.4027,204.4097,204409.6594
1,806.4715,204.4785,204478.4594
1,806.4844,204.4914,204491.3594
1,806.4899,204.4969,204496.8594
1,806.5236,204.5306,204530.5594
1,806.5272,204.5342,204534.1594
1,806.6832,204.6902,204690.1594
1,806.6871,204.6941,204694.0594
1,806.6941,204.7011,204701.0594
1,806.7018,204.7088,204708.7594
1,806.7145,204.7215,204721.4594
1,806.7512,204.7582,204758.1594
1,806.8081,204.8151,204815.0594
1,806.8391,204.8461,204846.0594
1,806.9319,204.9389,204938.8594
1,806.9777,204.9847,204984.6594
1,806.9986,205.0056,205005.5594
1,807.0147,205.0217,205021.6594
1,807.0175,205.0245,205024.4594
1,807.0952,205.1022,205102.1594
1,807.1160,205.1230,205122.9594
1,807.1230,205.1300,205129.9594
1,807.1632,205.1702,205170.1594
1,807.1663,205.1733,205173.2594
1,807.1904,205.1974,205197.3594
1,807.2127,205.2197,205219.6594
1,807.2219,205.2289,205228.8594
1,807.2255,205.2325,205232.4594
1,807.2438,205.2508,205250.7594
1,807.2549,205.2619,205261.8594
1,807.2657,205.2727,205272.6594
1,807.2962,205.3032,205303.1594
1,807.3151,205.3221,205322.0594
1,807.3187,205.3257,205325.6594
1,807.3618,205.3688,205368.7594
1,807.4165,205.4235,205423.4594
1,807.4403,205.4473,205447.2594
1,807.4596,205.4666,205466.5594
1,807.4839,205.4909,205490.8594
1,807.5292,205.5362,205536.1594
1,807.5943,205.6013,205601.2594
1,807.5967,205.6037,205603.6594
1,807.6308,205.6378,205637.7594
1,807.6375,205.6445,205644.4594
1,807.6398,205.6468,205646.7594
1,807.6451,205.6521,205652.0594
1,807.6779,205.6849,205684.8594
1,807.6850,205.6920,205691.9594
1,807.7115,205.7185,205718.4594
1,807.7186,205.7256,205725.5594
1,807.7533,205.7603,205760.2594
1,807.7568,205.7638,205763.7594
1,807.7677,205.7747,205774.6594
1,807.7743,205.7813,205781.2594
1,807.7765,205.7835,205783.4594
1,807.8940,205.9010,205900.9594
1,807.8986,205.9056,205905.5594
1,807.9010,205.9080,205907.9594
1,807.9148,205.9218,205921.7594
1,807.9171,205.9241,205924.0594
1,807.9672,205.9742,205974.1594
1,807.9697,205.9767,205976.6594
1,807.9731,205.9801,205980.0594
1,808.1144,206.1214,206121.3594
1,808.7190,206.7260,206725.9594
1,808.7403,206.7473,206747.2594
1,808.8810,206.8880,206887.9594
1,808.8947,206.9017,206901.6594
1,809.0796,207.0866,207086.5594
1,809.1779,207.1849,207184.8594
1,809.2320,207.2390,207238.9594
1,809.3796,207.3866,207386.5594
1,809.5904,207.5974,207597.3594
1,809.7516,207.7586,207758.5594
1,810.5722,208.5792,208579.1594
1,810.7408,208.7478,208747.7594
1,810.7793,208.7863,208786.2594
1,811.0587,209.0657,209065.6594
1,811.0858,209.0928,209092.7594
1,811.1259,209.1329,209132.8594
1,811.3876,209.3946,209394.5594
1,812.0731,210.0801,210080.0594
1,812.1160,210.1230,210122.9594
1,812.1181,210.1251,210125.0594
1,812.2066,210.2136,210213.5594
1,812.7635,210.7705,210770.4594
1,813.4314,211.4384,211438.3594
1,813.8279,211.8349,211834.8594
1,813.8430,211.8500,211849.9594
1,814.0404,212.0474,212047.3594
1,814.3683,212.3753,212375.2594
1,814.4624,212.4694,212469.3594
1,814.4646,212.4716,212471.5594
1,814.5207,212.5277,212527.6594
1,814.5305,212.5375,212537.4594
1,814.7100,212.7170,212716.9594
1,814.7758,212.7828,212782.7594
1,814.8026,212.8096,212809.5594
1,814.8082,212.8152,212815.1594
1,814.8123,212.8193,212819.2594
1,814.8647,212.8717,212871.6594
1,815.0089,213.0159,213015.8594
1,815.0287,213.0357,213035.6594
1,815.0741,213.0811,213081.0594
1,815.0763,213.0833,213083.2594
1,815.1892,213.1962,213196.1594
1,815.2107,213.2177,213217.6594
1,815.2151,213.2221,213222.0594
1,815.2175,213.2245,213224.4594
1,815.2707,213.2777,213277.6594
1,815.2738,213.2808,213280.7594
1,815.3276,213.3346,213334.5594
1,815.3712,213.3782,213378.1594
1,815.3955,213.4025,213402.4594
1,815.4635,213.4705,213470.4594
1,815.5261,213.5331,213533.0594
1,815.5688,213.5758,213575.7594
1,815.5817,213.5887,213588.6594
1,815.6329,213.6399,213639.8594
1,815.6357,213.6427,213642.6594
1,815.6548,213.6618,213661.7594
1,815.6570,213.6640,213663.9594
1,815.7423,213.7493,213749.2594
1,815.7499,213.7569,213756.8594
1,815.7779,213.7849,213784.8594
1,815.7829,213.7899,213789.8594
1,815.8871,213.8941,213894.0594
1,816.0284,214.0354,214035.3594
1,816.0414,214.0484,214048.3594
1,816.0861,214.0931,214093.0594
1,816.1440,214.1510,214150.9594
1,816.2280,214.2350,214234.9594
1,816.3035,214.3105,214310.4594
1,816.3353,214.3423,214342.2594
1,816.3712,214.3782,214378.1594
1,816.3835,214.3905,214390.4594
1,816.3883,214.3953,214395.2594
1,816.3909,214.3979,214397.8594
1,816.5016,214.5086,214508.5594
1,816.7221,214.7291,214729.0594
1,816.8099,214.8169,214816.8594
1,822.1122,220.1192,220119.1594
1,822.1585,220.1655,220165.4594
1,822.1635,220.1705,220170.4594
1,822.1891,220.1961,220196.0594
1,822.2110,220.2180,220217.9594
1,822.2242,220.2312,220231.1594
1,822.2709,220.2779,220277.8594
1,822.3577,220.3647,220364.6594
1,822.3605,220.3675,220367.4594
1,822.3626,220.3696,220369.5594
1,822.3831,220.3901,220390.0594
1,822.4237,220.4307,220430.6594
1,822.4368,220.4438,220443.7594
1,822.4544,220.4614,220461.3594
1,822.4854,220.4924,220492.3594
1,822.4917,220.4987,220498.6594
1,822.5507,220.5577,220557.6594
1,822.5959,220.6029,220602.8594
1,822.6295,220.6365,220636.4594
1,822.6484,220.6554,220655.3594
1,822.6514,220.6584,220658.3594
1,822.8253,220.8323,220832.2594
1,822.8936,220.9006,220900.5594
1,822.9960,221.0030,221002.9594
1,823.0588,221.0658,221065.7594
1,823.3912,221.3982,221398.1594
1,823.4473,221.4543,221454.2594
1,823.4746,221.4816,221481.5594
1,823.6147,221.6217,221621.6594
1,823.6992,221.7062,221706.1594
1,824.7585,222.7655,222765.4594
1,825.0759,223.0829,223082.8594
1,825.2102,223.2172,223217.1594
1,825.3042,223.3112,223311.1594
1,825.3065,223.3135,223313.4594
1,825.3268,223.3338,223333.7594
1,825.3451,223.3521,223352.0594
1,825.3476,223.3546,223354.5594
1,825.4213,223.4283,223428.2594
1,825.4318,223.4388,223438.7594
1,825.4588,223.4658,223465.7594
1,825.4840,223.4910,223490.9594
1,825.4872,223.4942,223494.1594
1,825.5223,223.5293,223529.2594
1,825.5535,223.5605,223560.4594
1,825.5683,223.5753,223575.2594
1,825.5719,223.5789,223578.8594
1,825.5745,223.5815,223581.4594
1,825.6380,223.6450,223644.9594
1,825.6699,223.6769,223676.8594
1,826.7755,224.7825,224782.4594
1,826.7780,224.7850,224784.9594
1,826.9939,225.0009,225000.8594
1,827.1241,225.1311,225131.0594
1,827.2678,225.2748,225274.7594
1,827.5215,225.5285,225528.4594
1,827.5235,225.5305,225530.4594
1,827.8147,225.8217,225821.6594
1,828.0693,226.0763,226076.2594
1,828.7302,226.7372,226737.1594
1,828.8382,226.8452,226845.1594
1,828.8604,226.8674,226867.3594
1,828.9617,226.9687,226968.6594
1,829.0269,227.0339,227033.8594
1,829.1125,227.1195,227119.4594
1,829.1709,227.1779,227177.8594
1,829.2358,227.2428,227242.7594
1,829.2385,227.2455,227245.4594
1,829.3059,227.3129,227312.8594
1,829.3106,227.3176,227317.5594
1,829.3245,227.3315,227331.4594
1,829.8290,227.8360,227835.9594
1,830.0612,228.0682,228068.1594
1,830.0762,228.0832,228083.1594
1,830.1030,228.1100,228109.9594
1,830.1402,228.1472,228147.1594
1,830.2079,228.2149,228214.8594
1,830.4911,228.4981,228498.0594
1,830.6927,228.6997,228699.6594
1,831.4176,229.4246,229424.5594
1,831.5015,229.5085,229508.4594
1,831.5131,229.5201,229520.0594
1,831.5282,229.5352,229535.1594
1,831.5313,229.5383,229538.2594
1,831.6325,229.6395,229639.4594
1,831.6344,229.6414,229641.3594
1,831.6656,229.6726,229672.5594
1,831.6741,229.6811,229681.0594
1,831.6798,229.6868,229686.7594
1,831.7214,229.7284,229728.3594
1,831.7372,229.7442,229744.1594
1,831.7585,229.7655,229765.4594
1,831.8438,229.8508,229850.7594
1,831.8601,229.8671,229867.0594
1,831.9035,229.9105,229910.4594
1,832.0890,230.0960,230095.9594
1,832.2989,230.3059,230305.8594
1,832.3899,230.3969,230396.8594
1,832.4363,230.4433,230443.2594
1,832.4678,230.4748,230474.7594
1,832.6770,230.6840,230683.9594
1,832.7628,230.7698,230769.7594
1,832.9912,230.9982,230998.1594
1,832.9956,231.0026,231002.5594
1,833.0338,231.0408,231040.7594
1,833.0803,231.0873,231087.2594
1,833.1039,231.1109,231110.8594
1,833.1129,231.1199,231119.8594
1,833.1445,231.1515,231151.4594
1,833.1880,231.1950,231194.9594
1,833.1903,231.1973,231197.2594
1,833.2015,231.2085,231208.4594
1,833.2200,231.2270,231226.9594
1,833.2293,231.2363,231236.2594
1,833.2937,231.3007,231300.6594
1,833.3047,231.3117,231311.6594
1,833.3450,231.3520,231351.9594
1,833.3466,231.3536,231353.5594
1,833.3491,231.3561,231356.0594
1,833.3525,231.3595,231359.4594
1,833.3618,231.3688,231368.7594
1,833.4215,231.4285,231428.4594
1,833.4348,231.4418,231441.7594
1,833.4697,231.4767,231476.6594
1,833.4859,231.4929,231492.8594
1,833.5219,231.5289,231528.8594
1,833.5635,231.5705,231570.4594
1,833.6146,231.6216,231621.5594
1,833.6263,231.6333,231633.2594
1,833.6649,231.6719,231671.8594
1,833.7131,231.7201,231720.0594
1,833.8531,231.8601,231860.0594
1,834.0432,232.0502,232050.1594
1,834.2106,232.2176,232217.5594
1,834.2732,232.2802,232280.1594
1,834.4184,232.4254,232425.3594
1,834.4499,232.4569,232456.8594
1,834.4520,232.4590,232458.9594
1,834.4799,232.4869,232486.8594
1,834.5005,232.5075,232507.4594
1,834.5074,232.5144,232514.3594
1,834.5182,232.5252,232525.1594
1,834.5542,232.5612,232561.1594
1,834.5992,232.6062,232606.1594
1,834.6488,232.6558,232655.7594
1,834.6526,232.6596,232659.5594
1,834.6583,232.6653,232665.2594
1,834.6664,232.6734,232673.3594
1,834.6861,232.6931,232693.0594
1,834.7112,232.7182,232718.1594
1,834.7314,232.7384,232738.3594
1,834.7446,232.7516,232751.5594
1,834.7530,232.7600,232759.9594
1,834.7622,232.7692,232769.1594
1,834.7913,232.7983,232798.2594
1,834.8059,232.8129,232812.8594
1,834.8176,232.8246,232824.5594
1,834.8660,232.8730,232872.9594
1,834.8868,232.8938,232893.7594
1,834.8946,232.9016,232901.5594
1,834.8972,232.9042,232904.1594
1,834.9071,232.9141,232914.0594
1,834.9449,232.9519,232951.8594
1,834.9754,232.9824,232982.3594
1,834.9795,232.9865,232986.4594
1,835.0201,233.0271,233027.0594
1,835.0592,233.0662,233066.1594
1,835.0613,233.0683,233068.2594
1,835.0731,233.0801,233080.0594
1,835.0834,233.0904,233090.3594
1,835.0959,233.1029,233102.8594
1,835.0981,233.1051,233105.0594
1,835.1246,233.1316,233131.5594
1,835.1363,233.1433,233143.2594
1,835.1499,233.1569,233156.8594
1,835.1983,233.2053,233205.2594
1,835.2131,233.2201,233220.0594
1,835.2238,233.2308,233230.7594
1,835.2370,233.2440,233243.9594
1,835.2834,233.2904,233290.3594
1,835.3019,233.3089,233308.8594
1,835.3069,233.3139,233313.8594
1,835.3135,233.3205,233320.4594
1,835.3967,233.4037,233403.6594
1,835.4116,233.4186,233418.5594
1,835.4173,233.4243,233424.2594
1,835.4498,233.4568,233456.7594
1,835.4586,233.4656,233465.5594
1,835.5413,233.5483,233548.2594
1,835.5689,233.5759,233575.8594
1,835.6244,233.6314,233631.3594
1,835.7095,233.7165,233716.4594
1,835.7781,233.7851,233785.0594
1,835.9358,233.9428,233942.7594
1,836.1481,234.1551,234155.0594
1,836.2568,234.2638,234263.7594
1,836.4018,234.4088,234408.7594
1,836.4088,234.4158,234415.7594
1,836.4261,234.4331,234433.0594
1,836.4637,234.4707,234470.6594
1,836.4769,234.4839,234483.8594
1,836.4998,234.5068,234506.7594
1,836.5531,234.5601,234560.0594
1,836.6316,234.6386,234638.5594
1,836.6403,234.6473,234647.2594
1,836.6427,234.6497,234649.6594
1,836.6459,234.6529,234652.8594
1,836.6482,234.6552,234655.1594
1,836.6911,234.6981,234698.0594
1,836.7239,234.7309,234730.8594
1,836.7424,234.7494,234749.3594
1,836.7637,234.7707,234770.6594
1,836.7688,234.7758,234775.7594
1,836.9349,234.9419,234941.8594
1,836.9384,234.9454,234945.3594
1,836.9635,234.9705,234970.4594
1,836.9770,234.9840,234983.9594
1,837.0198,235.0268,235026.7594
1,837.0239,235.0309,235030.8594
1,837.0952,235.1022,235102.1594
1,837.0976,235.1046,235104.5594
1,837.1137,235.1207,235120.6594
1,837.1641,235.1711,235171.0594
1,837.2644,235.2714,235271.3594
1,837.3276,235.3346,235334.5594
1,837.3479,235.3549,235354.8594
1,837.3799,235.3869,235386.8594
1,837.4024,235.4094,235409.3594
1,837.4518,235.4588,235458.7594
1,837.4689,235.4759,235475.8594
1,837.4936,235.5006,235500.5594
1,837.5381,235.5451,235545.0594
1,837.5586,235.5656,235565.5594
1,837.5653,235.5723,235572.2594
1,837.6533,235.6603,235660.2594
1,837.6850,235.6920,235691.9594
1,837.6940,235.7010,235700.9594
1,837.7119,235.7189,235718.8594
1,837.7519,235.7589,235758.8594
1,837.7989,235.8059,235805.8594
1,837.8184,235.8254,235825.3594
1,837.8765,235.8835,235883.4594
1,837.8954,235.9024,235902.3594
1,837.8979,235.9049,235904.8594
1,837.9620,235.9690,235968.9594
1,838.0637,236.0707,236070.6594
1,838.0869,236.0939,236093.8594
1,838.0986,236.1056,236105.5594
1,838.1220,236.1290,236128.9594
1,838.1244,236.1314,236131.3594
1,838.2528,236.2598,236259.7594
1,838.2586,236.2656,236265.5594
1,838.8585,236.8655,236865.4594
1,839.1803,237.1873,237187.2594
1,839.1857,237.1927,237192.6594
1,839.2081,237.2151,237215.0594
1,839.2242,237.2312,237231.1594
1,839.3249,237.3319,237331.8594
1,839.3629,237.3699,237369.8594
1,839.3923,237.3993,237399.2594
1,839.3972,237.4042,237404.1594
1,839.4822,237.4892,237489.1594
1,839.4925,237.4995,237499.4594
1,839.5839,237.5909,237590.8594
1,839.5900,237.5970,237596.9594
1,839.6246,237.6316,237631.5594
1,839.6649,237.6719,237671.8594
1,839.7256,237.7326,237732.5594
1,839.7366,237.7436,237743.5594
1,839.7391,237.7461,237746.0594
1,839.7526,237.7596,237759.5594
1,839.8103,237.8173,237817.2594
1,839.8696,237.8766,237876.5594
1,839.9295,237.9365,237936.4594
1,840.1904,238.1974,238197.3594
1,840.1983,238.2053,238205.2594
1,840.3404,238.3474,238347.3594
1,840.3454,238.3524,238352.3594
1,840.3769,238.3839,238383.8594
1,840.5474,238.5544,238554.3594
1,840.5975,238.6045,238604.4594
1,840.6600,238.6670,238666.9594
1,840.7258,238.7328,238732.7594
1,840.7288,238.7358,238735.7594
1,840.7453,238.7523,238752.2594
1,840.7760,238.7830,238782.9594
1,840.7789,238.7859,238785.8594
1,840.8556,238.8626,238862.5594
1,841.0348,239.0418,239041.7594
1,841.0570,239.0640,239063.9594
1,841.0596,239.0666,239066.5594
1,841.1079,239.1149,239114.8594
1,841.1108,239.1178,239117.7594
1,841.1935,239.2005,239200.4594
1,841.2414,239.2484,239248.3594
1,841.6510,239.6580,239657.9594
1,841.9195,239.9265,239926.4594
1,842.1730,240.1800,240179.9594
1,842.1871,240.1941,240194.0594
1,842.2824,240.2894,240289.3594
1,843.0480,241.0550,241054.9594
1,843.0503,241.0573,241057.2594
1,843.2627,241.2697,241269.6594
1,843.2862,241.2932,241293.1594
1,843.4584,241.4654,241465.3594
1,843.5268,241.5338,241533.7594
1,843.5850,241.5920,241591.9594
1,843.5869,241.5939,241593.8594
1,843.6829,241.6899,241689.8594
1,843.7998,241.8068,241806.7594
1,843.8040,241.8110,241810.9594
1,843.9076,241.9146,241914.5594
1,843.9473,241.9543,241954.2594
1,844.1360,242.1430,242142.9594
1,844.1775,242.1845,242184.4594
1,844.2566,242.2636,242263.5594
1,844.2861,242.2931,242293.0594
1,844.3552,242.3622,242362.1594
1,844.3788,242.3858,242385.7594
1,844.3814,242.3884,242388.3594
1,844.4283,242.4353,242435.2594
1,844.4338,242.4408,242440.7594
1,844.4523,242.4593,242459.2594
1,844.4668,242.4738,242473.7594
1,844.4983,242.5053,242505.2594
1,844.6558,242.6628,242662.7594
1,844.6665,242.6735,242673.4594
1,844.6683,242.6753,242675.2594
1,844.6891,242.6961,242696.0594
1,844.7076,242.7146,242714.5594
1,844.7345,242.7415,242741.4594
1,844.7715,242.7785,242778.4594
1,844.7743,242.7813,242781.2594
1,844.7859,242.7929,242792.8594
1,844.7918,242.7988,242798.7594
1,844.8263,242.8333,242833.2594
1,844.8359,242.8429,242842.8594
1,844.9213,242.9283,242928.2594
1,844.9528,242.9598,242959.7594
1,844.9624,242.9694,242969.3594
1,844.9868,242.9938,242993.7594
1,844.9892,242.9962,242996.1594
1,844.9988,243.0058,243005.7594
1,845.0005,243.0075,243007.4594
1,845.0633,243.0703,243070.2594
1,845.0702,243.0772,243077.1594
1,845.0727,243.0797,243079.6594
1,845.1505,243.1575,243157.4594
1,845.1956,243.2026,243202.5594
1,845.2433,243.2503,243250.2594
1,845.2950,243.3020,243301.9594
1,845.4542,243.4612,243461.1594
1,845.4683,243.4753,243475.2594
1,845.4827,243.4897,243489.6594
1,845.5401,243.5471,243547.0594
1,845.5945,243.6015,243601.4594
1,845.7015,243.7085,243708.4594
1,845.7938,243.8008,243800.7594
1,845.8287,243.8357,243835.6594
1,845.8438,243.8508,243850.7594
1,845.9007,243.9077,243907.6594
1,845.9090,243.9160,243915.9594
1,845.9237,243.9307,243930.6594
1,845.9665,243.9735,243973.4594
1,845.9701,243.9771,243977.0594
1,846.0578,244.0648,244064.7594
1,846.0617,244.0687,244068.6594
1,846.0660,244.0730,244072.9594
1,846.1430,244.1500,244149.9594
1,846.1892,244.1962,244196.1594
1,846.1931,244.2001,244200.0594
1,846.2243,244.2313,244231.2594
1,846.2507,244.2577,244257.6594
1,846.2898,244.2968,244296.7594
1,846.2925,244.2995,244299.4594
1,846.3118,244.3188,244318.7594
1,846.3583,244.3653,244365.2594
1,846.3771,244.3841,244384.0594
1,846.3809,244.3879,244387.8594
1,846.3870,244.3940,244393.9594
1,846.4176,244.4246,244424.5594
1,846.4202,244.4272,244427.1594
1,846.4229,244.4299,244429.8594
1,846.4770,244.4840,244483.9594
1,846.5042,244.5112,244511.1594
1,846.5308,244.5378,244537.7594
1,846.5558,244.5628,244562.7594
1,846.5812,244.5882,244588.1594
1,846.5865,244.5935,244593.4594
1,846.5891,244.5961,244596.0594
1,846.5933,244.6003,244600.2594
1,846.6222,244.6292,244629.1594
1,846.6439,244.6509,244650.8594
1,846.6508,244.6578,244657.7594
1,846.6667,244.6737,244673.6594
1,846.6790,244.6860,244685.9594
1,846.6915,244.6985,244698.4594
1,846.7289,244.7359,244735.8594
1,846.7992,244.8062,244806.1594
1,846.8250,244.8320,244831.9594
1,846.9288,244.9358,244935.7594
1,846.9316,244.9386,244938.5594
1,847.0008,245.0078,245007.7594
1,847.0551,245.0621,245062.0594
1,847.0669,245.0739,245073.8594
1,847.0693,245.0763,245076.2594
1,847.1262,245.1332,245133.1594
1,847.1284,245.1354,245135.3594
1,847.1974,245.2044,245204.3594
1,847.2451,245.2521,245252.0594
1,847.2487,245.2557,245255.6594
1,847.2538,245.2608,245260.7594
1,847.2999,245.3069,245306.8594
1,847.3023,245.3093,245309.2594
1,847.3285,245.3355,245335.4594
1,847.3531,245.3601,245360.0594
1,847.3654,245.3724,245372.3594
1,847.3778,245.3848,245384.7594
1,847.3803,245.3873,245387.2594
1,847.3873,245.3943,245394.2594
1,847.4315,245.4385,245438.4594
1,847.4336,245.4406,245440.5594
1,847.4363,245.4433,245443.2594
1,847.4697,245.4767,245476.6594
1,847.4849,245.4919,245491.8594
1,847.5136,245.5206,245520.5594
1,847.5156,245.5226,245522.5594
1,847.5195,245.5265,245526.4594
1,847.5536,245.5606,245560.5594
1,847.5728,245.5798,245579.7594
1,847.5879,245.5949,245594.8594
1,847.5923,245.5993,245599.2594
1,847.6108,245.6178,245617.7594
1,847.6183,245.6253,245625.2594
1,847.6418,245.6488,245648.7594
1,847.6441,245.6511,245651.0594
1,847.6534,245.6604,245660.3594
1,847.6728,245.6798,245679.7594
1,847.7101,245.7171,245717.0594
1,847.7244,245.7314,245731.3594
1,847.7555,245.7625,245762.4594
1,847.8301,245.8371,245837.0594
1,847.8323,245.8393,245839.2594
1,847.8698,245.8768,245876.7594
1,847.8861,245.8931,245893.0594
1,847.9090,245.9160,245915.9594
1,847.9178,245.9248,245924.7594
1,847.9452,245.9522,245952.1594
1,847.9477,245.9547,245954.6594
1,848.1718,246.1788,246178.7594
1,848.1744,246.1814,246181.3594
1,848.2747,246.2817,246281.6594
1,848.5993,246.6063,246606.2594
1,848.6331,246.6401,246640.0594
1,849.2154,247.2224,247222.3594
1,849.4075,247.4145,247414.4594
1,849.7420,247.7490,247748.9594
1,849.7445,247.7515,247751.4594
1,849.8937,247.9007,247900.6594
1,849.8963,247.9033,247903.2594
1,850.0134,248.0204,248020.3594
1,850.0298,248.0368,248036.7594
1,850.0799,248.0869,248086.8594
1,850.0820,248.0890,248088.9594
1,850.5171,248.5241,248524.0594
1,851.3082,249.3152,249315.1594
1,851.5852,249.5922,249592.1594
1,851.9963,250.0033,250003.2594
1,851.9990,250.0060,250005.9594
1,853.2551,251.2621,251262.0594
1,853.2569,251.2639,251263.8594
1,853.4582,251.4652,251465.1594
1,853.7701,251.7771,251777.0594
1,854.5469,252.5539,252553.8594
1,854.6091,252.6161,252616.0594
1,854.6809,252.6879,252687.8594
1,854.6844,252.6914,252691.3594
1,854.7755,252.7825,252782.4594
1,854.8188,252.8258,252825.7594
1,854.8319,252.8389,252838.8594
1,855.3073,253.3143,253314.2594
1,855.3969,253.4039,253403.8594
1,855.4039,253.4109,253410.8594
1,855.4958,253.5028,253502.7594
1,855.6831,253.6901,253690.0594
1,856.3229,254.3299,254329.8594
1,856.5893,254.5963,254596.2594
1,856.6046,254.6116,254611.5594
1,856.6069,254.6139,254613.8594
1,856.7117,254.7187,254718.6594
1,856.7240,254.7310,254730.9594
1,856.7716,254.7786,254778.5594
1,856.7823,254.7893,254789.2594
1,856.8764,254.8834,254883.3594
1,856.9519,254.9589,254958.8594
1,856.9585,254.9655,254965.4594
1,857.2475,255.2545,255254.4594
1,857.3457,255.3527,255352.6594
1,857.3489,255.3559,255355.8594
1,857.6322,255.6392,255639.1594
1,857.8609,255.8679,255867.8594
1,858.0792,256.0862,256086.1594
1,858.0843,256.0913,256091.2594
1,858.1975,256.2045,256204.4594
1,858.3267,256.3337,256333.6594
1,858.3484,256.3554,256355.3594
1,858.4102,256.4172,256417.1594
1,858.5793,256.5863,256586.2594
1,858.6620,256.6690,256668.9594
1,858.7246,256.7316,256731.5594
1,859.1466,257.1536,257153.5594
1,861.2975,259.3045,259304.4594
1,861.3219,259.3289,259328.8594
1,861.3370,259.3440,259343.9594
1,861.4093,259.4163,259416.2594
1,861.7197,259.7267,259726.6594
1,861.9361,259.9431,259943.0594
1,862.3965,260.4035,260403.4594
1,862.4449,260.4519,260451.8594
1,862.4743,260.4813,260481.2594
1,862.5966,260.6036,260603.5594
1,862.6096,260.6166,260616.5594
1,862.6283,260.6353,260635.2594
1,862.6565,260.6635,260663.4594
1,862.8440,260.8510,260850.9594
1,862.9953,261.0023,261002.2594
1,863.0259,261.0329,261032.8594
1,863.0431,261.0501,261050.0594
1,863.0506,261.0576,261057.5594
1,863.0531,261.0601,261060.0594
1,863.0695,261.0765,261076.4594
1,863.0815,261.0885,261088.4594
1,863.0835,261.0905,261090.4594
1,863.0972,261.1042,261104.1594
1,863.0996,261.1066,261106.5594
1,863.1079,261.1149,261114.8594
1,863.1226,261.1296,261129.5594
1,863.1440,261.1510,261150.9594
1,863.1862,261.1932,261193.1594
1,863.2064,261.2134,261213.3594
1,863.2322,261.2392,261239.1594
1,863.2652,261.2722,261272.1594
1,863.2730,261.2800,261279.9594
1,863.2914,261.2984,261298.3594
1,863.3023,261.3093,261309.2594
1,863.3140,261.3210,261320.9594
1,863.3161,261.3231,261323.0594
1,863.3827,261.3897,261389.6594
1,863.4514,261.4584,261458.3594
1,863.5102,261.5172,261517.1594
1,863.5372,261.5442,261544.1594
1,863.5918,261.5988,261598.7594
1,863.5970,261.6040,261603.9594
1,863.6568,261.6638,261663.7594
1,863.6672,261.6742,261674.1594
1,863.6721,261.6791,261679.0594
1,863.7152,261.7222,261722.1594
1,863.7404,261.7474,261747.3594
1,863.7475,261.7545,261754.4594
1,863.7638,261.7708,261770.7594
1,863.7886,261.7956,261795.5594
1,863.8250,261.8320,261831.9594
1,863.8268,261.8338,261833.7594
1,863.9252,261.9322,261932.1594
1,863.9589,261.9659,261965.8594
1,863.9973,262.0043,262004.2594
1,864.0016,262.0086,262008.5594
1,864.0252,262.0322,262032.1594
1,864.0707,262.0777,262077.6594
1,864.1293,262.1363,262136.2594
1,864.2220,262.2290,262228.9594
1,864.4237,262.4307,262430.6594
1,864.8792,262.8862,262886.1594
1,864.8819,262.8889,262888.8594
1,864.8902,262.8972,262897.1594
1,864.9258,262.9328,262932.7594
1,864.9435,262.9505,262950.4594
1,864.9899,262.9969,262996.8594
1,865.0071,263.0141,263014.0594
1,865.0691,263.0761,263076.0594
1,865.1031,263.1101,263110.0594
1,865.1239,263.1309,263130.8594
1,865.1332,263.1402,263140.1594
1,865.1757,263.1827,263182.6594
1,865.1907,263.1977,263197.6594
1,865.2147,263.2217,263221.6594
1,865.2692,263.2762,263276.1594
1,865.3006,263.3076,263307.5594
1,865.3214,263.3284,263328.3594
1,865.3516,263.3586,263358.5594
1,865.3855,263.3925,263392.4594
1,865.3878,263.3948,263394.7594
1,865.3916,263.3986,263398.5594
1,865.4979,263.5049,263504.8594
1,865.5788,263.5858,263585.7594
1,865.5842,263.5912,263591.1594
1,865.6576,263.6646,263664.5594
1,865.6674,263.6744,263674.3594
1,865.7046,263.7116,263711.5594
1,866.2326,264.2396,264239.5594
1,866.3922,264.3992,264399.1594
1,866.3947,264.4017,264401.6594
1,866.6287,264.6357,264635.6594
1,866.9598,264.9668,264966.7594
1,867.1407,265.1477,265147.6594
1,867.2083,265.2153,265215.2594
1,868.1480,266.1550,266154.9594
1,868.4615,266.4685,266468.4594
1,868.6645,266.6715,266671.4594
1,869.1011,267.1081,267108.0594
1,869.1469,267.1539,267153.8594
1,869.2419,267.2489,267248.8594
1,869.2509,267.2579,267257.8594
1,869.2997,267.3067,267306.6594
1,869.3032,267.3102,267310.1594
1,869.3056,267.3126,267312.5594
1,869.3547,267.3617,267361.6594
1,869.4302,267.4372,267437.1594
1,869.4691,267.4761,267476.0594
1,869.5624,267.5694,267569.3594
1,869.6248,267.6318,267631.7594
1,869.6481,267.6551,267655.0594
1,869.6765,267.6835,267683.4594
1,869.6941,267.7011,267701.0594
1,869.7021,267.7091,267709.0594
1,869.7642,267.7712,267771.1594
1,869.8009,267.8079,267807.8594
1,869.8194,267.8264,267826.3594
1,869.8583,267.8653,267865.2594
1,869.9176,267.9246,267924.5594
1,869.9460,267.9530,267952.9594
1,869.9503,267.9573,267957.2594
1,869.9849,267.9919,267991.8594
1,869.9953,268.0023,268002.2594
1,869.9993,268.0063,268006.2594
1,870.0259,268.0329,268032.8594
1,870.0634,268.0704,268070.3594
1,870.0889,268.0959,268095.8594
1,870.1199,268.1269,268126.8594
1,870.1233,268.1303,268130.2594
1,870.1301,268.1371,268137.0594
1,870.2044,268.2114,268211.3594
1,870.2068,268.2138,268213.7594
1,870.2356,268.2426,268242.5594
1,870.2474,268.2544,268254.3594
1,870.2548,268.2618,268261.7594
1,870.2737,268.2807,268280.6594
1,870.2788,268.2858,268285.7594
1,870.3112,268.3182,268318.1594
1,870.3307,268.3377,268337.6594
1,870.3499,268.3569,268356.8594
1,870.4141,268.4211,268421.0594
1,870.4438,268.4508,268450.7594
1,870.4478,268.4548,268454.7594
1,870.5387,268.5457,268545.6594
1,870.5549,268.5619,268561.8594
1,870.5680,268.5750,268574.9594
1,870.6133,268.6203,268620.2594
1,871.1626,269.1696,269169.5594
1,871.2487,269.2557,269255.6594
1,871.2856,269.2926,269292.5594
1,871.3282,269.3352,269335.1594
1,871.3843,269.3913,269391.2594
1,871.4233,269.4303,269430.2594
1,871.4412,269.4482,269448.1594
1,871.4721,269.4791,269479.0594
1,871.7947,269.8017,269801.6594
1,871.8767,269.8837,269883.6594
1,871.8787,269.8857,269885.6594
1,871.9203,269.9273,269927.2594
1,871.9257,269.9327,269932.6594
1,871.9715,269.9785,269978.4594
1,871.9776,269.9846,269984.5594
1,872.0661,270.0731,270073.0594
1,872.1255,270.1325,270132.4594
1,872.1676,270.1746,270174.5594
1,872.2026,270.2096,270209.5594
1,872.2364,270.2434,270243.3594
1,872.2583,270.2653,270265.2594
1,872.2599,270.2669,270266.8594
1,872.3012,270.3082,270308.1594
1,872.3075,270.3145,270314.4594
1,872.3772,270.3842,270384.1594
1,872.4147,270.4217,270421.6594
1,872.4211,270.4281,270428.0594
1,872.4688,270.4758,270475.7594
1,872.4706,270.4776,270477.5594
1,872.9722,270.9792,270979.1594
1,873.5744,271.5814,271581.3594
1,874.6894,272.6964,272696.3594
1,875.2573,273.2643,273264.2594
1,875.4598,273.4668,273466.7594
1,875.4626,273.4696,273469.5594
1,875.7032,273.7102,273710.1594
1,875.7102,273.7172,273717.1594
1,875.8483,273.8553,273855.2594
1,875.8505,273.8575,273857.4594
1,875.8728,273.8798,273879.7594
1,876.0631,274.0701,274070.0594
1,876.0652,274.0722,274072.1594
1,876.1296,274.1366,274136.5594
1,876.1440,274.1510,274150.9594
1,876.1737,274.1807,274180.6594
1,876.2750,274.2820,274281.9594
1,876.3278,274.3348,274334.7594
1,876.4020,274.4090,274408.9594
1,876.4321,274.4391,274439.0594
1,876.4458,274.4528,274452.7594
1,876.4575,274.4645,274464.4594
1,876.5136,274.5206,274520.5594
1,876.5434,274.5504,274550.3594
1,876.5599,274.5669,274566.8594
1,876.5905,274.5975,274597.4594
1,876.5934,274.6004,274600.3594
1,876.6340,274.6410,274640.9594
1,876.6724,274.6794,274679.3594
1,876.6856,274.6926,274692.5594
1,876.7140,274.7210,274720.9594
1,876.8640,274.8710,274870.9594
1,876.9156,274.9226,274922.5594
1,877.0177,275.0247,275024.6594
1,877.0257,275.0327,275032.6594
1,877.1786,275.1856,275185.5594
1,877.2956,275.3026,275302.5594
1,877.3636,275.3706,275370.5594
1,877.4036,275.4106,275410.5594
1,877.4061,275.4131,275413.0594
1,877.4758,275.4828,275482.7594
1,877.5245,275.5315,275531.4594
1,877.5682,275.5752,275575.1594
1,877.7276,275.7346,275734.5594
1,877.7628,275.7698,275769.7594
1,877.8195,275.8265,275826.4594
1,877.8922,275.8992,275899.1594
1,878.0476,276.0546,276054.5594
1,878.2750,276.2820,276281.9594
1,878.3835,276.3905,276390.4594
1,878.7126,276.7196,276719.5594
1,879.0843,277.0913,277091.2594
1,879.7227,277.7297,277729.6594
1,879.8186,277.8256,277825.5594
1,879.8261,277.8331,277833.0594
1,879.8541,277.8611,277861.0594
1,879.9419,277.9489,277948.8594
1,880.4480,278.4550,278454.9594
1,880.4513,278.4583,278458.2594
1,880.7026,278.7096,278709.5594
1,880.7126,278.7196,278719.5594
1,880.8477,278.8547,278854.6594
1,881.5703,279.5773,279577.2594
1,881.6393,279.6463,279646.2594
1,881.6501,279.6571,279657.0594
1,881.7592,279.7662,279766.1594
1,882.4161,280.4231,280423.0594
1,882.5682,280.5752,280575.1594
1,885.4252,283.4322,283432.1594
1,885.6091,283.6161,283616.0594
1,885.6114,283.6184,283618.3594
1,885.8389,283.8459,283845.8594
1,885.8412,283.8482,283848.1594
1,885.9948,284.0018,284001.7594
1,886.2016,284.2086,284208.5594
1,886.2044,284.2114,284211.3594
1,886.2543,284.2613,284261.2594
1,886.3056,284.3126,284312.5594
1,886.3349,284.3419,284341.8594
1,886.3387,284.3457,284345.6594
1,886.3951,284.4021,284402.0594
1,886.3973,284.4043,284404.2594
1,886.5125,284.5195,284519.4594
1,886.8860,284.8930,284892.9594
1,887.1579,285.1649,285164.8594
1,887.1601,285.1671,285167.0594
1,887.3955,285.4025,285402.4594
1,887.4866,285.4936,285493.5594
1,887.4883,285.4953,285495.2594
1,887.4907,285.4977,285497.6594
1,887.5650,285.5720,285571.9594
1,887.5677,285.5747,285574.6594
1,887.6373,285.6443,285644.2594
1,887.6581,285.6651,285665.0594
1,887.8226,285.8296,285829.5594
1,887.8386,285.8456,285845.5594
1,887.8817,285.8887,285888.6594
1,887.9253,285.9323,285932.2594
1,887.9338,285.9408,285940.7594
1,887.9864,285.9934,285993.3594
1,888.0950,286.1020,286101.9594
1,888.1270,286.1340,286133.9594
1,888.4385,286.4455,286445.4594
1,889.4175,287.4245,287424.4594
1,889.4291,287.4361,287436.0594
1,889.5348,287.5418,287541.7594
1,890.1287,288.1357,288135.6594
1,890.2287,288.2357,288235.6594
1,890.2386,288.2456,288245.5594
1,890.9760,288.9830,288982.9594
1,894.1244,292.1314,292131.3594
1,894.2515,292.2585,292258.4594
1,894.9282,292.9352,292935.1594
1,895.2834,293.2904,293290.3594
1,895.3005,293.3075,293307.4594
1,895.4090,293.4160,293415.9594
1,895.4875,293.4945,293494.4594
1,895.6061,293.6131,293613.0594
1,895.8021,293.8091,293809.0594
1,896.1727,294.1797,294179.6594
1,896.3408,294.3478,294347.7594
1,896.4683,294.4753,294475.2594
1,896.7127,294.7197,294719.6594
1,896.8409,294.8479,294847.8594
1,896.9367,294.9437,294943.6594
1,897.1494,295.1564,295156.3594
1,897.3790,295.3860,295385.9594
1,897.4674,295.4744,295474.3594
1,898.4146,296.4216,296421.5594
1,898.4880,296.4950,296494.9594
1,898.5450,296.5520,296551.9594
1,898.7021,296.7091,296709.0594
1,899.0030,297.0100,297009.9594
1,899.1373,297.1443,297144.2594
1,899.1435,297.1505,297150.4594
1,899.1972,297.2042,297204.1594
1,899.2332,297.2402,297240.1594
1,899.2618,297.2688,297268.7594
1,899.2880,297.2950,297294.9594
1,899.3371,297.3441,297344.0594
1,899.3501,297.3571,297357.0594
1,899.3933,297.4003,297400.2594
1,899.4189,297.4259,297425.8594
1,899.4546,297.4616,297461.5594
1,899.4584,297.4654,297465.3594
1,899.4605,297.4675,297467.4594
1,899.5022,297.5092,297509.1594
1,899.5156,297.5226,297522.5594
1,899.6683,297.6753,297675.2594
1,899.9827,297.9897,297989.6594
1,900.0836,298.0906,298090.5594
1,900.1695,298.1765,298176.4594
1,900.3003,298.3073,298307.2594
1,900.5315,298.5385,298538.4594
1,900.5340,298.5410,298540.9594
1,900.7664,298.7734,298773.3594
1,900.7714,298.7784,298778.3594
1,901.0062,299.0132,299013.1594
1,901.0085,299.0155,299015.4594
1,901.2542,299.2612,299261.1594
1,901.2573,299.2643,299264.2594
1,901.3724,299.3794,299379.3594
1,901.3901,299.3971,299397.0594
1,901.4671,299.4741,299474.0594
1,901.6575,299.6645,299664.4594
1,901.6619,299.6689,299668.8594
1,901.6971,299.7041,299704.0594
1,901.6994,299.7064,299706.3594
1,901.7493,299.7563,299756.2594
1,901.7563,299.7633,299763.2594
1,901.7640,299.7710,299770.9594
1,901.8789,299.8859,299885.8594
1,901.9501,299.9571,299957.0594
1,901.9596,299.9666,299966.5594
1,901.9724,299.9794,299979.3594
1,902.0297,300.0367,300036.6594
1,902.0570,300.0640,300063.9594
1,902.0661,300.0731,300073.0594
1,902.1042,300.1112,300111.1594
1,902.1382,300.1452,300145.1594
1,902.1471,300.1541,300154.0594
1,902.1960,300.2030,300202.9594
1,902.2460,300.2530,300252.9594
1,902.2641,300.2711,300271.0594
1,902.2871,300.2941,300294.0594
1,902.3535,300.3605,300360.4594
1,902.6139,300.6209,300620.8594
1,902.7926,300.7996,300799.5594
1,902.7982,300.8052,300805.1594
1,902.8435,300.8505,300850.4594
1,902.8491,300.8561,300856.0594
1,902.8823,300.8893,300889.2594
1,902.9328,300.9398,300939.7594
1,902.9611,300.9681,300968.0594
1,902.9720,300.9790,300978.9594
1,903.0081,301.0151,301015.0594
1,903.0214,301.0284,301028.3594
1,903.0454,301.0524,301052.3594
1,903.0702,301.0772,301077.1594
1,903.0758,301.0828,301082.7594
1,903.1044,301.1114,301111.3594
1,903.1674,301.1744,301174.3594
1,903.2057,301.2127,301212.6594
1,903.2734,301.2804,301280.3594
1,903.2935,301.3005,301300.4594
1,903.3226,301.3296,301329.5594
1,903.4215,301.4285,301428.4594
1,903.5446,301.5516,301551.5594
1,903.5475,301.5545,301554.4594
1,905.5501,303.5571,303557.0594
1,905.6864,303.6934,303693.3594
1,906.0751,304.0821,304082.0594
1,906.1813,304.1883,304188.2594
1,906.2138,304.2208,304220.7594
1,906.2155,304.2225,304222.4594
1,906.2172,304.2242,304224.1594
1,906.2559,304.2629,304262.8594
1,906.3543,304.3613,304361.2594
1,906.3671,304.3741,304374.0594
1,906.3936,304.4006,304400.5594
1,906.3969,304.4039,304403.8594
1,906.3999,304.4069,304406.8594
1,906.9402,304.9472,304947.1594
1,907.0179,305.0249,305024.8594
1,907.0201,305.0271,305027.0594
1,907.0557,305.0627,305062.6594
1,907.0850,305.0920,305091.9594
1,907.1529,305.1599,305159.8594
1,907.2349,305.2419,305241.8594
1,907.2949,305.3019,305301.8594
1,907.2984,305.3054,305305.3594
1,907.3736,305.3806,305380.5594
1,907.4614,305.4684,305468.3594
1,907.4790,305.4860,305485.9594
1,907.5357,305.5427,305542.6594
1,907.5790,305.5860,305585.9594
1,907.5825,305.5895,305589.4594
1,907.6753,305.6823,305682.2594
1,907.6786,305.6856,305685.5594
1,907.6891,305.6961,305696.0594
1,907.9019,305.9089,305908.8594
1,908.0175,306.0245,306024.4594
1,908.1786,306.1856,306185.5594
1,908.2251,306.2321,306232.0594
1,908.3252,306.3322,306332.1594
1,908.4628,306.4698,306469.7594
1,908.5670,306.5740,306573.9594
1,908.5851,306.5921,306592.0594
1,908.6104,306.6174,306617.3594
1,908.6210,306.6280,306627.9594
1,908.6404,306.6474,306647.3594
1,908.6556,306.6626,306662.5594
1,908.6678,306.6748,306674.7594
1,908.6799,306.6869,306686.8594
1,908.6959,306.7029,306702.8594
1,908.7355,306.7425,306742.4594
1,908.7423,306.7493,306749.2594
1,908.7529,306.7599,306759.8594
1,908.8093,306.8163,306816.2594
1,908.8324,306.8394,306839.3594
1,908.8754,306.8824,306882.3594
1,908.8944,306.9014,306901.3594
1,908.9070,306.9140,306913.9594
1,908.9360,306.9430,306942.9594
1,908.9643,306.9713,306971.2594
1,908.9743,306.9813,306981.2594
1,908.9910,306.9980,306997.9594
1,908.9931,307.0001,307000.0594
1,909.0171,307.0241,307024.0594
1,909.0237,307.0307,307030.6594
1,909.0280,307.0350,307034.9594
1,909.0805,307.0875,307087.4594
1,909.1167,307.1237,307123.6594
1,909.1540,307.1610,307160.9594
1,909.1766,307.1836,307183.5594
1,909.2649,307.2719,307271.8594
1,909.2807,307.2877,307287.6594
1,909.3259,307.3329,307332.8594
1,909.3409,307.3479,307347.8594
1,909.3756,307.3826,307382.5594
1,909.4254,307.4324,307432.3594
1,909.4317,307.4387,307438.6594
1,909.4539,307.4609,307460.8594
1,909.4747,307.4817,307481.6594
1,909.4816,307.4886,307488.5594
1,909.5319,307.5389,307538.8594
1,909.5338,307.5408,307540.7594
1,909.5457,307.5527,307552.6594
1,909.5698,307.5768,307576.7594
1,910.2214,308.2284,308228.3594
1,910.2671,308.2741,308274.0594
1,910.3621,308.3691,308369.0594
1,910.3810,308.3880,308387.9594
1,910.4271,308.4341,308434.0594
1,910.4428,308.4498,308449.7594
1,910.4706,308.4776,308477.5594
1,910.5305,308.5375,308537.4594
1,910.5529,308.5599,308559.8594
1,910.5744,308.5814,308581.3594
1,910.5912,308.5982,308598.1594
1,910.6075,308.6145,308614.4594
1,910.6447,308.6517,308651.6594
1,910.6789,308.6859,308685.8594
1,910.8310,308.8380,308837.9594
1,910.8703,308.8773,308877.2594
1,910.9083,308.9153,308915.2594
1,910.9147,308.9217,308921.6594
1,911.0565,309.0635,309063.4594
1,911.1604,309.1674,309167.3594
1,911.1704,309.1774,309177.3594
1,911.2238,309.2308,309230.7594
1,911.2343,309.2413,309241.2594
1,911.2819,309.2889,309288.8594
1,911.3167,309.3237,309323.6594
1,911.3659,309.3729,309372.8594
1,911.4267,309.4337,309433.6594
1,911.6622,309.6692,309669.1594
1,911.6647,309.6717,309671.6594
1,911.8147,309.8217,309821.6594
1,911.8895,309.8965,309896.4594
1,912.3918,310.3988,310398.7594
1,913.2117,311.2187,311218.6594
1,913.2165,311.2235,311223.4594
1,913.2924,311.2994,311299.3594
1,913.3158,311.3228,311322.7594
1,913.3308,311.3378,311337.7594
1,913.4138,311.4208,311420.7594
1,913.4548,311.4618,311461.7594
1,913.4646,311.4716,311471.5594
1,913.4675,311.4745,311474.4594
1,913.4763,311.4833,311483.2594
1,913.4953,311.5023,311502.2594
1,913.5023,311.5093,311509.2594
1,913.5234,311.5304,311530.3594
1,913.5297,311.5367,311536.6594
1,913.5366,311.5436,311543.5594
1,913.5904,311.5974,311597.3594
1,913.5987,311.6057,311605.6594
1,913.6022,311.6092,311609.1594
1,913.6061,311.6131,311613.0594
1,913.6347,311.6417,311641.6594
1,913.6474,311.6544,311654.3594
1,913.6535,311.6605,311660.4594
1,913.6589,311.6659,311665.8594
1,913.7282,311.7352,311735.1594
1,913.7664,311.7734,311773.3594
1,913.7979,311.8049,311804.8594
1,913.9782,311.9852,311985.1594
1,914.1025,312.1095,312109.4594
1,914.1703,312.1773,312177.2594
1,914.2206,312.2276,312227.5594
1,914.2500,312.2570,312256.9594
1,914.2705,312.2775,312277.4594
1,914.2826,312.2896,312289.5594
1,914.3640,312.3710,312370.9594
1,914.4079,312.4149,312414.8594
1,914.4345,312.4415,312441.4594
1,914.4781,312.4851,312485.0594
1,914.4942,312.5012,312501.1594
1,914.5010,312.5080,312507.9594
1,914.5099,312.5169,312516.8594
1,914.6737,312.6807,312680.6594
1,914.7082,312.7152,312715.1594
1,914.7184,312.7254,312725.3594
1,914.7281,312.7351,312735.0594
1,914.7303,312.7373,312737.2594
1,914.7905,312.7975,312797.4594
1,914.7936,312.8006,312800.5594
1,914.8759,312.8829,312882.8594
1,914.8952,312.9022,312902.1594
1,914.8978,312.9048,312904.7594
1,914.9284,312.9354,312935.3594
1,914.9316,312.9386,312938.5594
1,914.9939,313.0009,313000.8594
1,915.0496,313.0566,313056.5594
1,915.0936,313.1006,313100.5594
1,915.1034,313.1104,313110.3594
1,915.1654,313.1724,313172.3594
1,915.2605,313.2675,313267.4594
1,915.2938,313.3008,313300.7594
1,915.4091,313.4161,313416.0594
1,915.4317,313.4387,313438.6594
1,915.6023,313.6093,313609.2594
1,915.6282,313.6352,313635.1594
1,915.6807,313.6877,313687.6594
1,915.8085,313.8155,313815.4594
1,915.8380,313.8450,313844.9594
1,915.8829,313.8899,313889.8594
1,915.9390,313.9460,313945.9594
1,915.9674,313.9744,313974.3594
1,916.0292,314.0362,314036.1594
1,916.0315,314.0385,314038.4594
1,916.0569,314.0639,314063.8594
1,916.0943,314.1013,314101.2594
1,916.1759,314.1829,314182.8594
1,916.2697,314.2767,314276.6594
1,916.2923,314.2993,314299.2594
1,916.3333,314.3403,314340.2594
1,916.3644,314.3714,314371.3594
1,916.3788,314.3858,314385.7594
1,916.5527,314.5597,314559.6594
1,917.4133,315.4203,315420.2594
1,917.4748,315.4818,315481.7594
1,917.4767,315.4837,315483.6594
1,917.5496,315.5566,315556.5594
1,917.5600,315.5670,315566.9594
1,917.6176,315.6246,315624.5594
1,917.6348,315.6418,315641.7594
1,917.6759,315.6829,315682.8594
1,917.7271,315.7341,315734.0594
1,917.7324,315.7394,315739.3594
1,917.7520,315.7590,315758.9594
1,917.8041,315.8111,315811.0594
1,917.8068,315.8138,315813.7594
1,917.8418,315.8488,315848.7594
1,917.8444,315.8514,315851.3594
1,917.8906,315.8976,315897.5594
1,917.8997,315.9067,315906.6594
1,917.9069,315.9139,315913.8594
1,917.9403,315.9473,315947.2594
1,917.9500,315.9570,315956.9594
1,918.0775,316.0845,316084.4594
1,918.0797,316.0867,316086.6594
1,918.1156,316.1226,316122.5594
1,918.2242,316.2312,316231.1594
1,918.2720,316.2790,316278.9594
1,918.2757,316.2827,316282.6594
1,918.3246,316.3316,316331.5594
1,918.3356,316.3426,316342.5594
1,918.3680,316.3750,316374.9594
1,918.3753,316.3823,316382.2594
1,918.4378,316.4448,316444.7594
1,918.5538,316.5608,316560.7594
1,918.6202,316.6272,316627.1594
1,918.6475,316.6545,316654.4594
1,918.6641,316.6711,316671.0594
1,918.7443,316.7513,316751.2594
1,918.7823,316.7893,316789.2594
1,918.8097,316.8167,316816.6594
1,918.8120,316.8190,316818.9594
1,918.8305,316.8375,316837.4594
1,918.8456,316.8526,316852.5594
1,918.8790,316.8860,316885.9594
1,918.8834,316.8904,316890.3594
1,918.9371,316.9441,316944.0594
1,918.9396,316.9466,316946.5594
1,919.0753,317.0823,317082.2594
1,919.3808,317.3878,317387.7594
1,919.4343,317.4413,317441.2594
1,919.4368,317.4438,317443.7594
1,919.7843,317.7913,317791.2594
1,919.8215,317.8285,317828.4594
1,919.9766,317.9836,317983.5594
1,919.9819,317.9889,317988.8594
1,920.0950,318.1020,318101.9594
1,920.1851,318.1921,318192.0594
1,920.2050,318.2120,318211.9594
1,920.6018,318.6088,318608.7594
1,920.6432,318.6502,318650.1594
1,921.0853,319.0923,319092.2594
1,921.2118,319.2188,319218.7594
1,921.3267,319.3337,319333.6594
1,921.3846,319.3916,319391.5594
1,921.3890,319.3960,319395.9594
1,921.5722,319.5792,319579.1594
1,921.5747,319.5817,319581.6594
1,921.6804,319.6874,319687.3594
1,921.8277,319.8347,319834.6594
1,921.8445,319.8515,319851.4594
1,921.9155,319.9225,319922.4594
1,921.9177,319.9247,319924.6594
1,921.9437,319.9507,319950.6594
1,922.0016,320.0086,320008.5594
1,922.0394,320.0464,320046.3594
1,922.1516,320.1586,320158.5594
1,922.1709,320.1779,320177.8594
1,922.1803,320.1873,320187.2594
1,922.1926,320.1996,320199.5594
1,922.2303,320.2373,320237.2594
1,922.2863,320.2933,320293.2594
1,922.3457,320.3527,320352.6594
1,923.3530,321.3600,321359.9594
1,926.1666,324.1736,324173.5594
1,926.9764,324.9834,324983.3594
1,927.3338,325.3408,325340.7594
1,927.8032,325.8102,325810.1594
1,927.8197,325.8267,325826.6594
1,927.9782,325.9852,325985.1594
1,929.0453,327.0523,327052.2594
1,929.4516,327.4586,327458.5594
1,929.5327,327.5397,327539.6594
1,929.5734,327.5804,327580.3594
1,929.6936,327.7006,327700.5594
1,930.0661,328.0731,328073.0594
1,930.1736,328.1806,328180.5594
1,930.3727,328.3797,328379.6594
1,930.5545,328.5615,328561.4594
1,930.5676,328.5746,328574.5594
1,930.6130,328.6200,328619.9594
1,930.7032,328.7102,328710.1594
1,930.8127,328.8197,328819.6594
1,930.8500,328.8570,328856.9594
1,930.9635,328.9705,328970.4594
1,930.9688,328.9758,328975.7594
1,930.9869,328.9939,328993.8594
1,930.9886,328.9956,328995.5594
1,931.0204,329.0274,329027.3594
1,931.0291,329.0361,329036.0594
1,931.1318,329.1388,329138.7594
1,931.1919,329.1989,329198.8594
1,932.6303,330.6373,330637.2594
1,932.9506,330.9576,330957.5594
1,934.6349,332.6419,332641.8594
1,935.4714,333.4784,333478.3594
1,935.9998,334.0068,334006.7594
1,936.0209,334.0279,334027.8594
1,936.0690,334.0760,334075.9594
1,936.0827,334.0897,334089.6594
1,936.0848,334.0918,334091.7594
1,936.2395,334.2465,334246.4594
1,936.2932,334.3002,334300.1594
1,936.2991,334.3061,334306.0594
1,936.5055,334.5125,334512.4594
1,936.5081,334.5151,334515.0594
1,937.7841,335.7911,335791.0594
1,937.7988,335.8058,335805.7594
1,937.9677,335.9747,335974.6594
1,938.0165,336.0235,336023.4594
1,938.1837,336.1907,336190.6594
1,938.3487,336.3557,336355.6594
1,938.3877,336.3947,336394.6594
1,938.4332,336.4402,336440.1594
1,938.4392,336.4462,336446.1594
1,938.4642,336.4712,336471.1594
1,938.4789,336.4859,336485.8594
1,938.5140,336.5210,336520.9594
1,938.5750,336.5820,336581.9594
1,938.5885,336.5955,336595.4594
1,938.6072,336.6142,336614.1594
1,938.7989,336.8059,336805.8594
1,938.8713,336.8783,336878.2594
1,938.8791,336.8861,336886.0594
1,938.9672,336.9742,336974.1594
1,939.0841,337.0911,337091.0594
1,939.3403,337.3473,337347.2594
1,939.5370,337.5440,337543.9594
1,939.5727,337.5797,337579.6594
1,939.6846,337.6916,337691.5594
1,939.6888,337.6958,337695.7594
1,939.7521,337.7591,337759.0594
1,939.8217,337.8287,337828.6594
1,939.8353,337.8423,337842.2594
1,939.9011,337.9081,337908.0594
1,940.2323,338.2393,338239.2594
1,940.3136,338.3206,338320.5594
1,940.5449,338.5519,338551.8594
1,941.2896,339.2966,339296.5594
1,941.3740,339.3810,339380.9594
1,941.5592,339.5662,339566.1594
1,941.7820,339.7890,339788.9594
1,941.8168,339.8238,339823.7594
1,941.9115,339.9185,339918.4594
1,942.0717,340.0787,340078.6594
1,942.1183,340.1253,340125.2594
1,942.1281,340.1351,340135.0594
1,942.1392,340.1462,340146.1594
1,942.1560,340.1630,340162.9594
1,942.1892,340.1962,340196.1594
1,942.2111,340.2181,340218.0594
1,942.2502,340.2572,340257.1594
1,942.3260,340.3330,340332.9594
1,942.3554,340.3624,340362.3594
1,942.3595,340.3665,340366.4594
1,942.3935,340.4005,340400.4594
1,942.4402,340.4472,340447.1594
1,942.4533,340.4603,340460.2594
1,942.4826,340.4896,340489.5594
1,942.4858,340.4928,340492.7594
1,942.5274,340.5344,340534.3594
1,942.5306,340.5376,340537.5594
1,942.5336,340.5406,340540.5594
1,942.5909,340.5979,340597.8594
1,942.6211,340.6281,340628.0594
1,942.7126,340.7196,340719.5594
1,942.7464,340.7534,340753.3594
1,942.8648,340.8718,340871.7594
1,942.8988,340.9058,340905.7594
1,942.9778,340.9848,340984.7594
1,942.9893,340.9963,340996.2594
1,942.9943,341.0013,341001.2594
1,943.1357,341.1427,341142.6594
1,943.1634,341.1704,341170.3594
1,943.2526,341.2596,341259.5594
1,943.6747,341.6817,341681.6594
1,943.7440,341.7510,341750.9594
1,943.8134,341.8204,341820.3594
1,943.8151,341.8221,341822.0594
1,943.8506,341.8576,341857.5594
1,943.8862,341.8932,341893.1594
1,943.9091,341.9161,341916.0594
1,943.9128,341.9198,341919.7594
1,943.9153,341.9223,341922.2594
1,943.9429,341.9499,341949.8594
1,943.9456,341.9526,341952.5594
1,944.0321,342.0391,342039.0594
1,944.0350,342.0420,342041.9594
1,944.0701,342.0771,342077.0594
1,944.0809,342.0879,342087.8594
1,944.1115,342.1185,342118.4594
1,944.1489,342.1559,342155.8594
1,944.1684,342.1754,342175.3594
1,944.2044,342.2114,342211.3594
1,944.2343,342.2413,342241.2594
1,944.2417,342.2487,342248.6594
1,944.2437,342.2507,342250.6594
1,944.2458,342.2528,342252.7594
1,944.3512,342.3582,342358.1594
1,944.3538,342.3608,342360.7594
1,944.3854,342.3924,342392.3594
1,944.4660,342.4730,342472.9594
1,944.4699,342.4769,342476.8594
1,944.4928,342.4998,342499.7594
1,944.5201,342.5271,342527.0594
1,944.5516,342.5586,342558.5594
1,944.6821,342.6891,342689.0594
1,944.8859,342.8929,342892.8594
1,946.0371,344.0441,344044.0594
1,946.0461,344.0531,344053.0594
1,946.0494,344.0564,344056.3594
1,946.0740,344.0810,344080.9594
1,946.2775,344.2845,344284.4594
1,946.2800,344.2870,344286.9594
1,946.3127,344.3197,344319.6594
1,946.3957,344.4027,344402.6594
1,946.5032,344.5102,344510.1594
1,946.5277,344.5347,344534.6594
1,946.5301,344.5371,344537.0594
1,946.5944,344.6014,344601.3594
1,946.6343,344.6413,344641.2594
1,946.6517,344.6587,344658.6594
1,946.7952,344.8022,344802.1594
1,946.8573,344.8643,344864.2594
1,946.8703,344.8773,344877.2594
1,946.9380,344.9450,344944.9594
1,946.9481,344.9551,344955.0594
1,946.9932,345.0002,345000.1594
1,947.0334,345.0404,345040.3594
1,947.0728,345.0798,345079.7594
1,947.1167,345.1237,345123.6594
1,947.1543,345.1613,345161.2594
1,947.1752,345.1822,345182.1594
1,947.2220,345.2290,345228.9594
1,947.3242,345.3312,345331.1594
1,947.3265,345.3335,345333.4594
1,947.3294,345.3364,345336.3594
1,947.4603,345.4673,345467.2594
1,947.4978,345.5048,345504.7594
1,947.5854,345.5924,345592.3594
1,947.6098,345.6168,345616.7594
1,947.6221,345.6291,345629.0594
1,947.6280,345.6350,345634.9594
1,947.6730,345.6800,345679.9594
1,947.6806,345.6876,345687.5594
1,947.7135,345.7205,345720.4594
1,947.7162,345.7232,345723.1594
1,947.7271,345.7341,345734.0594
1,947.7863,345.7933,345793.2594
1,947.8129,345.8199,345819.8594
1,947.8325,345.8395,345839.4594
1,948.1012,346.1082,346108.1594
1,948.1652,346.1722,346172.1594
1,948.1921,346.1991,346199.0594
1,948.2008,346.2078,346207.7594
1,948.2235,346.2305,346230.4594
1,948.3112,346.3182,346318.1594
1,948.3153,346.3223,346322.2594
1,948.3332,346.3402,346340.1594
1,948.3533,346.3603,346360.2594
1,948.3972,346.4042,346404.1594
1,948.4253,346.4323,346432.2594
1,948.4503,346.4573,346457.2594
1,948.4582,346.4652,346465.1594
1,948.4605,346.4675,346467.4594
1,948.4635,346.4705,346470.4594
1,948.4811,346.4881,346488.0594
1,948.5732,346.5802,346580.1594
1,948.6306,346.6376,346637.5594
1,948.7017,346.7087,346708.6594
1,948.7349,346.7419,346741.8594
1,948.7396,346.7466,346746.5594
1,948.7419,346.7489,346748.8594
1,948.8637,346.8707,346870.6594
1,948.8782,346.8852,346885.1594
1,948.8932,346.9002,346900.1594
1,948.9984,347.0054,347005.3594
1,949.1561,347.1631,347163.0594
1,949.1628,347.1698,347169.7594
1,949.1715,347.1785,347178.4594
1,949.2896,347.2966,347296.5594
1,949.3545,347.3615,347361.4594
1,949.3610,347.3680,347367.9594
1,949.4603,347.4673,347467.2594
1,949.4688,347.4758,347475.7594
1,949.5490,347.5560,347555.9594
1,951.0801,349.0871,349087.0594
1,951.4807,349.4877,349487.6594
1,951.5465,349.5535,349553.4594
1,951.5577,349.5647,349564.6594
1,951.6964,349.7034,349703.3594
1,951.8719,349.8789,349878.8594
1,952.3639,350.3709,350370.8594
1,952.7825,350.7895,350789.4594
1,954.2098,352.2168,352216.7594
1,954.4538,352.4608,352460.7594
1,955.7944,353.8014,353801.3594
1,955.8591,353.8661,353866.0594
1,956.2049,354.2119,354211.8594
1,956.2069,354.2139,354213.8594
1,956.2638,354.2708,354270.7594
1,957.2395,355.2465,355246.4594
1,958.0319,356.0389,356038.8594
1,958.2271,356.2341,356234.0594
1,958.2295,356.2365,356236.4594
1,959.6116,357.6186,357618.5594
1,959.6607,357.6677,357667.6594
1,959.6752,357.6822,357682.1594
1,959.7541,357.7611,357761.0594
1,959.7572,357.7642,357764.1594
1,959.8440,357.8510,357850.9594
1,959.9031,357.9101,357910.0594
1,959.9059,357.9129,357912.8594
1,959.9867,357.9937,357993.6594
1,960.0699,358.0769,358076.8594
1,960.1062,358.1132,358113.1594
1,960.4641,358.4711,358471.0594
1,960.5227,358.5297,358529.6594
1,960.5262,358.5332,358533.1594
1,960.5288,358.5358,358535.7594
1,960.5995,358.6065,358606.4594
1,960.6821,358.6891,358689.0594
1,960.8038,358.8108,358810.7594
1,960.9517,358.9587,358958.6594
1,960.9554,358.9624,358962.3594
1,963.2341,361.2411,361241.0594
1,964.9909,362.9979,362997.8594
1,965.1451,363.1521,363152.0594
1,965.1473,363.1543,363154.2594
1,967.2602,365.2672,365267.1594
1,967.2744,365.2814,365281.3594
1,969.8069,367.8139,367813.8594
1,970.0926,368.0996,368099.5594
1,970.1407,368.1477,368147.6594
1,970.3884,368.3954,368395.3594
1,970.4013,368.4083,368408.2594
1,970.7572,368.7642,368764.1594
1,970.7884,368.7954,368795.3594
1,970.8611,368.8681,368868.0594
1,971.1664,369.1734,369173.3594
1,971.1687,369.1757,369175.6594
1,972.5680,370.5750,370574.9594
1,972.6266,370.6336,370633.5594
1,972.6999,370.7069,370706.8594
1,973.1431,371.1501,371150.0594
1,973.1753,371.1823,371182.2594
1,973.5876,371.5946,371594.5594
1,973.6362,371.6432,371643.1594
1,973.6947,371.7017,371701.6594
1,973.7599,371.7669,371766.8594
1,973.8258,371.8328,371832.7594
1,974.0129,372.0199,372019.8594
1,974.8555,372.8625,372862.4594
1,975.1305,373.1375,373137.4594
1,975.2363,373.2433,373243.2594
1,975.2823,373.2893,373289.2594
1,975.3500,373.3570,373356.9594
1,975.4050,373.4120,373411.9594
1,975.5966,373.6036,373603.5594
1,975.6111,373.6181,373618.0594
1,975.6215,373.6285,373628.4594
1,975.6569,373.6639,373663.8594
1,975.6671,373.6741,373674.0594
1,975.7045,373.7115,373711.4594
1,975.7090,373.7160,373715.9594
1,975.7265,373.7335,373733.4594
1,975.7566,373.7636,373763.5594
1,975.7755,373.7825,373782.4594
1,975.7828,373.7898,373789.7594
1,975.8942,373.9012,373901.1594
1,975.9056,373.9126,373912.5594
1,975.9564,373.9634,373963.3594
1,976.6140,374.6210,374620.9594
1,976.9648,374.9718,374971.7594
1,977.1286,375.1356,375135.5594
1,977.1462,375.1532,375153.1594
1,977.1505,375.1575,375157.4594
1,977.1698,375.1768,375176.7594
1,977.1941,375.2011,375201.0594
1,977.2046,375.2116,375211.5594
1,977.2144,375.2214,375221.3594
1,977.9837,375.9907,375990.6594
1,978.0001,376.0071,376007.0594
1,978.1494,376.1564,376156.3594
1,978.1540,376.1610,376160.9594
1,978.3074,376.3144,376314.3594
1,978.3579,376.3649,376364.8594
1,978.7097,376.7167,376716.6594
1,979.4317,377.4387,377438.6594
1,980.4643,378.4713,378471.2594
1,980.7077,378.7147,378714.6594
1,980.8832,378.8902,378890.1594
1,980.9092,378.9162,378916.1594
1,981.2936,379.3006,379300.5594
1,982.2469,380.2539,380253.8594
1,982.2490,380.2560,380255.9594
1,982.3075,380.3145,380314.4594
1,982.3903,380.3973,380397.2594
1,982.4484,380.4554,380455.3594
1,982.5126,380.5196,380519.5594
1,982.7116,380.7186,380718.5594
1,983.2072,381.2142,381214.1594
1,983.2276,381.2346,381234.5594
1,983.3759,381.3829,381382.8594
1,983.5710,381.5780,381577.9594
1,983.6082,381.6152,381615.1594
1,983.7514,381.7584,381758.3594
1,983.7544,381.7614,381761.3594
1,983.8118,381.8188,381818.7594
1,983.9056,381.9126,381912.5594
1,983.9422,381.9492,381949.1594
1,984.0689,382.0759,382075.8594
1,984.1306,382.1376,382137.5594
1,984.1703,382.1773,382177.2594
1,984.1725,382.1795,382179.4594
1,984.2368,382.2438,382243.7594
1,984.5803,382.5873,382587.2594
1,985.0606,383.0676,383067.5594
1,985.1678,383.1748,383174.7594
1,985.9297,383.9367,383936.6594
1,986.0667,384.0737,384073.6594
1,986.0697,384.0767,384076.6594
1,986.1853,384.1923,384192.2594
1,986.3081,384.3151,384315.0594
1,986.3104,384.3174,384317.3594
1,986.3527,384.3597,384359.6594
1,986.3549,384.3619,384361.8594
1,986.7710,384.7780,384777.9594
1,986.7877,384.7947,384794.6594
1,986.9767,384.9837,384983.6594
1,986.9803,384.9873,384987.2594
1,987.2084,385.2154,385215.3594
1,987.2112,385.2182,385218.1594
1,987.3285,385.3355,385335.4594
1,987.3639,385.3709,385370.8594
1,987.4685,385.4755,385475.4594
1,987.5065,385.5135,385513.4594
1,987.5373,385.5443,385544.2594
1,987.5398,385.5468,385546.7594
1,987.5639,385.5709,385570.8594
1,987.6186,385.6256,385625.5594
1,987.6638,385.6708,385670.7594
1,987.6723,385.6793,385679.2594
1,987.9888,385.9958,385995.7594
1,988.0639,386.0709,386070.8594
1,988.1109,386.1179,386117.8594
1,988.1334,386.1404,386140.3594
1,988.1474,386.1544,386154.3594
1,988.1545,386.1615,386161.4594
1,988.1566,386.1636,386163.5594
1,988.2502,386.2572,386257.1594
1,988.9238,386.9308,386930.7594
1,988.9560,386.9630,386962.9594
1,989.0103,387.0173,387017.2594
1,989.0308,387.0378,387037.7594
1,989.2797,387.2867,387286.6594
1,989.3182,387.3252,387325.1594
1,989.3646,387.3716,387371.5594
1,989.3674,387.3744,387374.3594
1,989.4459,387.4529,387452.8594
1,989.7960,387.8030,387802.9594
1,989.8944,387.9014,387901.3594
1,989.8968,387.9038,387903.7594
1,989.9744,387.9814,387981.3594
1,990.0777,388.0847,388084.6594
1,990.1953,388.2023,388202.2594
1,990.3798,388.3868,388386.7594
1,990.4480,388.4550,388454.9594
1,990.4503,388.4573,388457.2594
1,990.5124,388.5194,388519.3594
1,991.1389,389.1459,389145.8594
1,991.2820,389.2890,389288.9594
1,991.2981,389.3051,389305.0594
1,991.8556,389.8626,389862.5594
1,992.0804,390.0874,390087.3594
1,992.1283,390.1353,390135.2594
1,992.1453,390.1523,390152.2594
1,992.1845,390.1915,390191.4594
1,992.2766,390.2836,390283.5594
1,992.3280,390.3350,390334.9594
1,992.5424,390.5494,390549.3594
1,992.5659,390.5729,390572.8594
1,992.5718,390.5788,390578.7594
1,992.5739,390.5809,390580.8594
1,992.6507,390.6577,390657.6594
1,992.6804,390.6874,390687.3594
1,992.7695,390.7765,390776.4594
1,992.8147,390.8217,390821.6594
1,992.8170,390.8240,390823.9594
1,992.9098,390.9168,390916.7594
1,993.0039,391.0109,391010.8594
1,993.0059,391.0129,391012.8594
1,993.0202,391.0272,391027.1594
1,993.0343,391.0413,391041.2594
1,993.2150,391.2220,391221.9594
1,993.4206,391.4276,391427.5594
1,993.4232,391.4302,391430.1594
1,993.4291,391.4361,391436.0594
1,993.4406,391.4476,391447.5594
1,993.4839,391.4909,391490.8594
1,993.7111,391.7181,391718.0594
1,993.7556,391.7626,391762.5594
1,993.7788,391.7858,391785.7594
1,993.8234,391.8304,391830.3594
1,993.8520,391.8590,391858.9594
1,993.8884,391.8954,391895.3594
1,993.9352,391.9422,391942.1594
1,994.2457,392.2527,392252.6594
1,994.2480,392.2550,392254.9594
1,994.2819,392.2889,392288.8594
1,994.3176,392.3246,392324.5594
1,994.4011,392.4081,392408.0594
1,994.5088,392.5158,392515.7594
1,994.5203,392.5273,392527.2594
1,994.5895,392.5965,392596.4594
1,994.7037,392.7107,392710.6594
1,994.7732,392.7802,392780.1594
1,994.8019,392.8089,392808.8594
1,994.8676,392.8746,392874.5594
1,994.9546,392.9616,392961.5594
1,995.0106,393.0176,393017.5594
1,995.0387,393.0457,393045.6594
1,995.0992,393.1062,393106.1594
1,995.1116,393.1186,393118.5594
1,995.1139,393.1209,393120.8594
1,995.1387,393.1457,393145.6594
1,995.1628,393.1698,393169.7594
1,995.1959,393.2029,393202.8594
1,995.2224,393.2294,393229.3594
1,995.2650,393.2720,393271.9594
1,995.2905,393.2975,393297.4594
1,995.2927,393.2997,393299.6594
1,995.2957,393.3027,393302.6594
1,995.3096,393.3166,393316.5594
1,995.3759,393.3829,393382.8594
1,995.3811,393.3881,393388.0594
1,995.4393,393.4463,393446.2594
1,995.4477,393.4547,393454.6594
1,995.4888,393.4958,393495.7594
1,995.4912,393.4982,393498.1594
1,995.4949,393.5019,393501.8594
1,995.5202,393.5272,393527.1594
1,995.5973,393.6043,393604.2594
1,995.6050,393.6120,393611.9594
1,995.6075,393.6145,393614.4594
1,995.6715,393.6785,393678.4594
1,995.6744,393.6814,393681.3594
1,995.7083,393.7153,393715.2594
1,995.7291,393.7361,393736.0594
1,995.8006,393.8076,393807.5594
1,995.8033,393.8103,393810.2594
1,995.8315,393.8385,393838.4594
1,995.8339,393.8409,393840.8594
1,995.8365,393.8435,393843.4594
1,995.8390,393.8460,393845.9594
1,995.9484,393.9554,393955.3594
1,995.9865,393.9935,393993.4594
1,996.0265,394.0335,394033.4594
1,996.0608,394.0678,394067.7594
1,996.0631,394.0701,394070.0594
1,996.1549,394.1619,394161.8594
1,996.2170,394.2240,394223.9594
1,996.2668,394.2738,394273.7594
1,996.2865,394.2935,394293.4594
1,996.3264,394.3334,394333.3594
1,996.3291,394.3361,394336.0594
1,996.3377,394.3447,394344.6594
1,996.3400,394.3470,394346.9594
1,996.5146,394.5216,394521.5594
1,996.7425,394.7495,394749.4594
1,996.7449,394.7519,394751.8594
1,996.7475,394.7545,394754.4594
1,997.2419,395.2489,395248.8594
1,997.2456,395.2526,395252.5594
1,997.2705,395.2775,395277.4594
1,997.4536,395.4606,395460.5594
1,997.9379,395.9449,395944.8594
1,997.9439,395.9509,395950.8594
1,998.3535,396.3605,396360.4594
1,998.4405,396.4475,396447.4594
1,998.6391,396.6461,396646.0594
1,998.9620,396.9690,396968.9594
1,998.9898,396.9968,396996.7594
1,998.9922,396.9992,396999.1594
1,998.9974,397.0044,397004.3594
1,1000.1814,398.1884,398188.3594
1,1000.5356,398.5426,398542.5594
1,1000.8826,398.8896,398889.5594
1,1001.4003,399.4073,399407.2594
1,1001.7491,399.7561,399756.0594
1,1001.7722,399.7792,399779.1594
1,1002.3530,400.3600,400359.9594
1,1002.3618,400.3688,400368.7594
1,1002.4098,400.4168,400416.7594
1,1002.6113,400.6183,400618.2594
1,1002.9478,400.9548,400954.7594
1,1003.2959,401.3029,401302.8594
1,1003.3283,401.3353,401335.2594
1,1003.3804,401.3874,401387.3594
1,1003.4283,401.4353,401435.2594
1,1003.4499,401.4569,401456.8594
1,1003.4594,401.4664,401466.3594
1,1003.4679,401.4749,401474.8594
1,1003.5375,401.5445,401544.4594
1,1003.5449,401.5519,401551.8594
1,1003.5831,401.5901,401590.0594
1,1003.5944,401.6014,401601.3594
1,1003.5987,401.6057,401605.6594
1,1003.6628,401.6698,401669.7594
1,1003.6885,401.6955,401695.4594
1,1003.7154,401.7224,401722.3594
1,1003.8487,401.8557,401855.6594
1,1003.9443,401.9513,401951.2594
1,1004.0874,402.0944,402094.3594
1,1004.0908,402.0978,402097.7594
1,1004.1159,402.1229,402122.8594
1,1004.1343,402.1413,402141.2594
1,1004.3332,402.3402,402340.1594
1,1004.8658,402.8728,402872.7594
1,1005.0990,403.1060,403105.9594
1,1005.2973,403.3043,403304.2594
1,1005.3840,403.3910,403390.9594
1,1005.4451,403.4521,403452.0594
1,1005.4474,403.4544,403454.3594
1,1005.5695,403.5765,403576.4594
1,1005.6313,403.6383,403638.2594
1,1005.6335,403.6405,403640.4594
1,1005.6360,403.6430,403642.9594
1,1005.8064,403.8134,403813.3594
1,1006.5497,404.5567,404556.6594
1,1006.6033,404.6103,404610.2594
1,1006.6917,404.6987,404698.6594
1,1006.7546,404.7616,404761.5594
1,1006.9151,404.9221,404922.0594
1,1006.9330,404.9400,404939.9594
1,1006.9413,404.9483,404948.2594
1,1006.9874,404.9944,404994.3594
1,1007.0260,405.0330,405032.9594
1,1007.0533,405.0603,405060.2594
1,1007.1805,405.1875,405187.4594
1,1007.2998,405.3068,405306.7594
1,1007.3084,405.3154,405315.3594
1,1007.3779,405.3849,405384.8594
1,1007.3803,405.3873,405387.2594
1,1007.3966,405.4036,405403.5594
1,1007.5192,405.5262,405526.1594
1,1007.5210,405.5280,405527.9594
1,1007.5561,405.5631,405563.0594
1,1007.5764,405.5834,405583.3594
1,1007.6179,405.6249,405624.8594
1,1007.6441,405.6511,405651.0594
1,1007.6462,405.6532,405653.1594
1,1007.6841,405.6911,405691.0594
1,1007.6927,405.6997,405699.6594
1,1007.7112,405.7182,405718.1594
1,1007.7401,405.7471,405747.0594
1,1007.7422,405.7492,405749.1594
1,1007.7681,405.7751,405775.0594
1,1007.7742,405.7812,405781.1594
1,1007.7786,405.7856,405785.5594
1,1007.8438,405.8508,405850.7594
1,1007.8920,405.8990,405898.9594
1,1007.9296,405.9366,405936.5594
1,1007.9384,405.9454,405945.3594
1,1007.9607,405.9677,405967.6594
1,1008.0030,406.0100,406009.9594
1,1008.0498,406.0568,406056.7594
1,1008.0555,406.0625,406062.4594
1,1008.0761,406.0831,406083.0594
1,1008.0801,406.0871,406087.0594
1,1008.1213,406.1283,406128.2594
1,1008.1761,406.1831,406183.0594
1,1008.2358,406.2428,406242.7594
1,1008.9361,406.9431,406943.0594
1,1008.9790,406.9860,406985.9594
1,1008.9818,406.9888,406988.7594
1,1008.9974,407.0044,407004.3594
1,1009.0640,407.0710,407070.9594
1,1009.1829,407.1899,407189.8594
1,1009.2108,407.2178,407217.7594
1,1009.2361,407.2431,407243.0594
1,1009.2412,407.2482,407248.1594
1,1009.2734,407.2804,407280.3594
1,1009.2854,407.2924,407292.3594
1,1009.4281,407.4351,407435.0594
1,1009.4688,407.4758,407475.7594
1,1009.4775,407.4845,407484.4594
1,1010.8131,408.8201,408820.0594
1,1010.8227,408.8297,408829.6594
1,1010.8252,408.8322,408832.1594
1,1010.9363,408.9433,408943.2594
1,1010.9715,408.9785,408978.4594
1,1011.2275,409.2345,409234.4594
1,1012.3701,410.3771,410377.0594
1,1012.6345,410.6415,410641.4594
1,1013.1019,411.1089,411108.8594
1,1013.4182,411.4252,411425.1594
1,1013.4768,411.4838,411483.7594
1,1013.8211,411.8281,411828.0594
1,1014.1780,412.1850,412184.9594
1,1014.2443,412.2513,412251.2594
1,1014.2946,412.3016,412301.5594
1,1014.3378,412.3448,412344.7594
1,1014.3646,412.3716,412371.5594
1,1014.3687,412.3757,412375.6594
1,1014.3981,412.4051,412405.0594
1,1014.4231,412.4301,412430.0594
1,1014.4706,412.4776,412477.5594
1,1014.4738,412.4808,412480.7594
1,1014.4963,412.5033,412503.2594
1,1014.5164,412.5234,412523.3594
1,1014.5419,412.5489,412548.8594
1,1014.6785,412.6855,412685.4594
1,1014.6876,412.6946,412694.5594
1,1014.7858,412.7928,412792.7594
1,1014.7884,412.7954,412795.3594
1,1014.8601,412.8671,412867.0594
1,1014.8623,412.8693,412869.2594
1,1014.9193,412.9263,412926.2594
1,1015.0009,413.0079,413007.8594
1,1015.0906,413.0976,413097.5594
1,1015.2290,413.2360,413235.9594
1,1015.2764,413.2834,413283.3594
1,1015.3077,413.3147,413314.6594
1,1016.5335,414.5405,414540.4594
1,1016.7201,414.7271,414727.0594
1,1017.0681,415.0751,415075.0594
1,1017.0724,415.0794,415079.3594
1,1018.2962,416.3032,416303.1594
1,1018.3337,416.3407,416340.6594
1,1018.4634,416.4704,416470.3594
1,1018.5093,416.5163,416516.2594
1,1018.5912,416.5982,416598.1594
1,1018.6105,416.6175,416617.4594
1,1018.6248,416.6318,416631.7594
1,1019.1308,417.1378,417137.7594
1,1019.2730,417.2800,417279.9594
1,1019.8697,417.8767,417876.6594
1,1019.8958,417.9028,417902.7594
1,1019.9479,417.9549,417954.8594
1,1019.9899,417.9969,417996.8594
1,1020.0619,418.0689,418068.8594
1,1020.0857,418.0927,418092.6594
1,1020.0897,418.0967,418096.6594
1,1020.1138,418.1208,418120.7594
1,1020.1500,418.1570,418156.9594
1,1020.1663,418.1733,418173.2594
1,1020.2032,418.2102,418210.1594
1,1020.2062,418.2132,418213.1594
1,1020.2995,418.3065,418306.4594
1,1020.5356,418.5426,418542.5594
1,1021.2306,419.2376,419237.5594
1,1021.5337,419.5407,419540.6594
1,1022.2268,420.2338,420233.7594
1,1024.9739,422.9809,422980.8594
1,1025.6345,423.6415,423641.4594
1,1025.6977,423.7047,423704.6594
1,1026.1929,424.1999,424199.8594
1,1026.4539,424.4609,424460.8594
1,1026.5821,424.5891,424589.0594
1,1027.3690,425.3760,425375.9594
1,1027.3714,425.3784,425378.3594
1,1028.5953,426.6023,426602.2594
1,1028.6706,426.6776,426677.5594
1,1029.4686,427.4756,427475.5594
1,1029.6181,427.6251,427625.0594
1,1029.6203,427.6273,427627.2594
1,1029.7962,427.8032,427803.1594
1,1029.8041,427.8111,427811.0594
1,1029.8289,427.8359,427835.8594
1,1029.9256,427.9326,427932.5594
1,1029.9995,428.0065,428006.4594
1,1030.0021,428.0091,428009.0594
1,1030.0430,428.0500,428049.9594
1,1030.1103,428.1173,428117.2594
1,1030.2189,428.2259,428225.8594
1,1030.2204,428.2274,428227.3594
1,1030.3051,428.3121,428312.0594
1,1030.3228,428.3298,428329.7594
1,1030.3336,428.3406,428340.5594
1,1030.3774,428.3844,428384.3594
1,1030.4532,428.4602,428460.1594
1,1030.4981,428.5051,428505.0594
1,1030.5103,428.5173,428517.2594
1,1030.5802,428.5872,428587.1594
1,1030.6610,428.6680,428667.9594
1,1030.7166,428.7236,428723.5594
1,1030.7227,428.7297,428729.6594
1,1030.7282,428.7352,428735.1594
1,1030.7340,428.7410,428740.9594
1,1030.8477,428.8547,428854.6594
1,1030.8637,428.8707,428870.6594
1,1030.9966,429.0036,429003.5594
1,1030.9988,429.0058,429005.7594
1,1031.0007,429.0077,429007.6594
1,1031.0518,429.0588,429058.7594
1,1031.0536,429.0606,429060.5594
1,1031.1130,429.1200,429119.9594
1,1031.3343,429.3413,429341.2594
1,1031.4051,429.4121,429412.0594
1,1031.4281,429.4351,429435.0594
1,1031.5078,429.5148,429514.7594
1,1031.5562,429.5632,429563.1594
1,1031.5961,429.6031,429603.0594
1,1031.6250,429.6320,429631.9594
1,1031.6781,429.6851,429685.0594
1,1031.6811,429.6881,429688.0594
1,1031.7327,429.7397,429739.6594
1,1031.7708,429.7778,429777.7594
1,1031.8084,429.8154,429815.3594
1,1031.8322,429.8392,429839.1594
1,1031.8827,429.8897,429889.6594
1,1031.8867,429.8937,429893.6594
1,1031.9035,429.9105,429910.4594
1,1031.9461,429.9531,429953.0594
1,1031.9486,429.9556,429955.5594
1,1031.9646,429.9716,429971.5594
1,1031.9812,429.9882,429988.1594
1,1032.0328,430.0398,430039.7594
1,1032.0494,430.0564,430056.3594
1,1032.0664,430.0734,430073.3594
1,1032.0868,430.0938,430093.7594
1,1032.1011,430.1081,430108.0594
1,1032.1085,430.1155,430115.4594
1,1032.1482,430.1552,430155.1594
1,1032.1511,430.1581,430158.0594
1,1032.1541,430.1611,430161.0594
1,1032.1767,430.1837,430183.6594
1,1032.1855,430.1925,430192.4594
1,1032.2153,430.2223,430222.2594
1,1032.2178,430.2248,430224.7594
1,1032.2209,430.2279,430227.8594
1,1032.2715,430.2785,430278.4594
1,1032.2825,430.2895,430289.4594
1,1032.6680,430.6750,430674.9594
1,1032.6745,430.6815,430681.4594
1,1032.7129,430.7199,430719.8594
1,1032.7283,430.7353,430735.2594
1,1032.7582,430.7652,430765.1594
1,1032.7689,430.7759,430775.8594
1,1032.7861,430.7931,430793.0594
1,1032.8269,430.8339,430833.8594
1,1032.8297,430.8367,430836.6594
1,1032.8936,430.9006,430900.5594
1,1032.8959,430.9029,430902.8594
1,1032.9785,430.9855,430985.4594
1,1033.0493,431.0563,431056.2594
1,1033.0973,431.1043,431104.2594
1,1033.1242,431.1312,431131.1594
1,1033.1316,431.1386,431138.5594
1,1033.1364,431.1434,431143.3594
1,1033.1421,431.1491,431149.0594
1,1033.1650,431.1720,431171.9594
1,1033.1785,431.1855,431185.4594
1,1033.2274,431.2344,431234.3594
1,1033.2297,431.2367,431236.6594
1,1033.2551,431.2621,431262.0594
1,1033.2996,431.3066,431306.5594
1,1033.3534,431.3604,431360.3594
1,1033.3580,431.3650,431364.9594
1,1033.3725,431.3795,431379.4594
1,1033.3863,431.3933,431393.2594
1,1033.4764,431.4834,431483.3594
1,1033.5508,431.5578,431557.7594
1,1033.5922,431.5992,431599.1594
1,1033.5948,431.6018,431601.7594
1,1033.5973,431.6043,431604.2594
1,1033.6688,431.6758,431675.7594
1,1033.6977,431.7047,431704.6594
1,1033.7962,431.8032,431803.1594
1,1033.7991,431.8061,431806.0594
1,1033.8695,431.8765,431876.4594
1,1034.3511,432.3581,432358.0594
1,1034.4450,432.4520,432451.9594
1,1034.4690,432.4760,432475.9594
1,1034.5250,432.5320,432531.9594
1,1034.5336,432.5406,432540.5594
1,1034.5473,432.5543,432554.2594
1,1034.5542,432.5612,432561.1594
1,1034.5570,432.5640,432563.9594
1,1034.5642,432.5712,432571.1594
1,1034.5671,432.5741,432574.0594
1,1034.6962,432.7032,432703.1594
1,1034.6990,432.7060,432705.9594
1,1034.7420,432.7490,432748.9594
1,1034.7461,432.7531,432753.0594
1,1034.7914,432.7984,432798.3594
1,1034.8115,432.8185,432818.4594
1,1034.8138,432.8208,432820.7594
1,1034.8357,432.8427,432842.6594
1,1034.8383,432.8453,432845.2594
1,1034.8659,432.8729,432872.8594
1,1034.9098,432.9168,432916.7594
1,1034.9513,432.9583,432958.2594
1,1034.9877,432.9947,432994.6594
1,1035.0331,433.0401,433040.0594
1,1035.0358,433.0428,433042.7594
1,1035.0602,433.0672,433067.1594
1,1035.2271,433.2341,433234.0594
1,1035.4330,433.4400,433439.9594
1,1035.5099,433.5169,433516.8594
1,1035.5313,433.5383,433538.2594
1,1035.5335,433.5405,433540.4594
1,1035.7255,433.7325,433732.4594
1,1035.7570,433.7640,433763.9594
1,1035.8429,433.8499,433849.8594
1,1035.9237,433.9307,433930.6594
1,1035.9329,433.9399,433939.8594
1,1035.9894,433.9964,433996.3594
1,1036.0380,434.0450,434044.9594
1,1036.1149,434.1219,434121.8594
1,1036.2595,434.2665,434266.4594
1,1036.2849,434.2919,434291.8594
1,1036.3682,434.3752,434375.1594
1,1036.5147,434.5217,434521.6594
1,1036.6880,434.6950,434694.9594
1,1036.8004,434.8074,434807.3594
1,1036.9636,434.9706,434970.5594
1,1036.9728,434.9798,434979.7594
1,1036.9882,434.9952,434995.1594
1,1037.0090,435.0160,435015.9594
1,1037.0443,435.0513,435051.2594
1,1037.0594,435.0664,435066.3594
1,1037.0899,435.0969,435096.8594
1,1037.1262,435.1332,435133.1594
1,1037.1843,435.1913,435191.2594
1,1037.1921,435.1991,435199.0594
1,1037.2235,435.2305,435230.4594
1,1037.2865,435.2935,435293.4594
1,1037.3000,435.3070,435306.9594
1,1037.3570,435.3640,435363.9594
1,1037.3663,435.3733,435373.2594
1,1037.3745,435.3815,435381.4594
1,1037.3767,435.3837,435383.6594
1,1037.3791,435.3861,435386.0594
1,1037.4008,435.4078,435407.7594
1,1037.4032,435.4102,435410.1594
1,1037.4318,435.4388,435438.7594
1,1037.4742,435.4812,435481.1594
1,1037.5319,435.5389,435538.8594
1,1037.5592,435.5662,435566.1594
1,1037.5655,435.5725,435572.4594
1,1037.6215,435.6285,435628.4594
1,1037.6685,435.6755,435675.4594
1,1037.6854,435.6924,435692.3594
1,1037.7036,435.7106,435710.5594
1,1037.7650,435.7720,435771.9594
1,1037.7686,435.7756,435775.5594
1,1037.8658,435.8728,435872.7594
1,1037.8958,435.9028,435902.7594
1,1037.9761,435.9831,435983.0594
1,1038.1318,436.1388,436138.7594
1,1038.1558,436.1628,436162.7594
1,1038.1766,436.1836,436183.5594
1,1038.2846,436.2916,436291.5594
1,1038.5558,436.5628,436562.7594
1,1038.5805,436.5875,436587.4594
1,1038.5905,436.5975,436597.4594
1,1038.5954,436.6024,436602.3594
1,1038.6048,436.6118,436611.7594
1,1038.6085,436.6155,436615.4594
1,1038.6121,436.6191,436619.0594
1,1038.6250,436.6320,436631.9594
1,1038.6588,436.6658,436665.7594
1,1038.6800,436.6870,436686.9594
1,1038.6898,436.6968,436696.7594
1,1038.6936,436.7006,436700.5594
1,1038.7578,436.7648,436764.7594
1,1038.8603,436.8673,436867.2594
1,1039.3869,437.3939,437393.8594
1,1039.5258,437.5328,437532.7594
1,1039.6094,437.6164,437616.3594
1,1039.7763,437.7833,437783.2594
1,1040.0777,438.0847,438084.6594
1,1040.1262,438.1332,438133.1594
1,1040.1318,438.1388,438138.7594
1,1040.2039,438.2109,438210.8594
1,1040.3775,438.3845,438384.4594
1,1040.3928,438.3998,438399.7594
1,1040.3950,438.4020,438401.9594
1,1040.6221,438.6291,438629.0594
1,1040.9201,438.9271,438927.0594
1,1041.0447,439.0517,439051.6594
1,1041.3472,439.3542,439354.1594
1,1041.8264,439.8334,439833.3594
1,1042.0064,440.0134,440013.3594
1,1042.0084,440.0154,440015.3594
1,1042.1121,440.1191,440119.0594
1,1042.1430,440.1500,440149.9594
1,1042.1481,440.1551,440155.0594
1,1042.1995,440.2065,440206.4594
1,1042.2030,440.2100,440209.9594
1,1042.2787,440.2857,440285.6594
1,1042.3029,440.3099,440309.8594
1,1042.3053,440.3123,440312.2594
1,1042.3719,440.3789,440378.8594
1,1042.4137,440.4207,440420.6594
1,1042.4187,440.4257,440425.6594
1,1042.4754,440.4824,440482.3594
1,1042.5216,440.5286,440528.5594
1,1042.5310,440.5380,440537.9594
1,1042.5535,440.5605,440560.4594
1,1042.5695,440.5765,440576.4594
1,1042.5889,440.5959,440595.8594
1,1042.6784,440.6854,440685.3594
1,1042.6820,440.6890,440688.9594
1,1042.7138,440.7208,440720.7594
1,1042.7178,440.7248,440724.7594
1,1042.7200,440.7270,440726.9594
1,1042.7302,440.7372,440737.1594
1,1042.7481,440.7551,440755.0594
1,1042.7655,440.7725,440772.4594
1,1042.7759,440.7829,440782.8594
1,1042.8112,440.8182,440818.1594
1,1042.8279,440.8349,440834.8594
1,1042.8436,440.8506,440850.5594
1,1042.8511,440.8581,440858.0594
1,1042.8533,440.8603,440860.2594
1,1044.3912,442.3982,442398.1594
1,1044.4532,442.4602,442460.1594
1,1044.9044,442.9114,442911.3594
1,1044.9246,442.9316,442931.5594
1,1045.0737,443.0807,443080.6594
1,1045.3738,443.3808,443380.7594
1,1046.4985,444.5055,444505.4594
1,1047.6374,445.6444,445644.3594
1,1047.8745,445.8815,445881.4594
1,1048.1817,446.1887,446188.6594
1,1048.2866,446.2936,446293.5594
1,1048.9855,446.9925,446992.4594
1,1049.4688,447.4758,447475.7594
1,1049.4728,447.4798,447479.7594
1,1049.5362,447.5432,447543.1594
1,1049.5510,447.5580,447557.9594
1,1049.5684,447.5754,447575.3594
1,1049.5742,447.5812,447581.1594
1,1049.6119,447.6189,447618.8594
1,1049.6140,447.6210,447620.9594
1,1049.6194,447.6264,447626.3594
1,1049.6371,447.6441,447644.0594
1,1049.6621,447.6691,447669.0594
1,1049.6756,447.6826,447682.5594
1,1049.6833,447.6903,447690.2594
1,1049.7183,447.7253,447725.2594
1,1049.7257,447.7327,447732.6594
1,1049.7459,447.7529,447752.8594
1,1049.7500,447.7570,447756.9594
1,1049.7665,447.7735,447773.4594
1,1049.7702,447.7772,447777.1594
1,1049.7890,447.7960,447795.9594
1,1049.7914,447.7984,447798.3594
1,1049.7937,447.8007,447800.6594
1,1049.8038,447.8108,447810.7594
1,1049.8335,447.8405,447840.4594
1,1049.8444,447.8514,447851.3594
1,1049.8513,447.8583,447858.2594
1,1049.8537,447.8607,447860.6594
1,1049.8795,447.8865,447886.4594
1,1049.9043,447.9113,447911.2594
1,1049.9084,447.9154,447915.3594
1,1049.9312,447.9382,447938.1594
1,1049.9411,447.9481,447948.0594
1,1049.9470,447.9540,447953.9594
1,1049.9503,447.9573,447957.2594
1,1049.9703,447.9773,447977.2594
1,1049.9763,447.9833,447983.2594
1,1050.0274,448.0344,448034.3594
1,1050.0334,448.0404,448040.3594
1,1050.0586,448.0656,448065.5594
1,1050.0622,448.0692,448069.1594
1,1050.0727,448.0797,448079.6594
1,1050.0902,448.0972,448097.1594
1,1050.1471,448.1541,448154.0594
1,1050.1703,448.1773,448177.2594
1,1050.1745,448.1815,448181.4594
1,1050.1780,448.1850,448184.9594
1,1050.2630,448.2700,448269.9594
1,1050.5285,448.5355,448535.4594
1,1050.5316,448.5386,448538.5594
1,1052.0226,450.0296,450029.5594
1,1053.6636,451.6706,451670.5594
1,1053.8053,451.8123,451812.2594
1,1055.7509,453.7579,453757.8594
1,1055.9256,453.9326,453932.5594
1,1056.0010,454.0080,454007.9594
1,1056.0599,454.0669,454066.8594
1,1056.3400,454.3470,454346.9594
1,1056.3815,454.3885,454388.4594
1,1056.4429,454.4499,454449.8594
1,1056.4755,454.4825,454482.4594
1,1056.6156,454.6226,454622.5594
1,1057.2739,455.2809,455280.8594
1,1057.2823,455.2893,455289.2594
1,1057.3134,455.3204,455320.3594
1,1057.3323,455.3393,455339.2594
1,1057.3576,455.3646,455364.5594
1,1057.3750,455.3820,455381.9594
1,1057.4094,455.4164,455416.3594
1,1057.4253,455.4323,455432.2594
1,1057.4404,455.4474,455447.3594
1,1057.5184,455.5254,455525.3594
1,1057.5372,455.5442,455544.1594
1,1057.5829,455.5899,455589.8594
1,1057.6443,455.6513,455651.2594
1,1057.6919,455.6989,455698.8594
1,1057.7744,455.7814,455781.3594
1,1057.9855,455.9925,455992.4594
1,1058.2158,456.2228,456222.7594
1,1058.3189,456.3259,456325.8594
1,1058.5878,456.5948,456594.7594
1,1058.9860,456.9930,456992.9594
1,1058.9882,456.9952,456995.1594
1,1059.1690,457.1760,457175.9594
1,1059.2788,457.2858,457285.7594
1,1059.2817,457.2887,457288.6594
1,1059.3741,457.3811,457381.0594
1,1059.4330,457.4400,457439.9594
1,1059.4495,457.4565,457456.4594
1,1059.4567,457.4637,457463.6594
1,1059.4644,457.4714,457471.3594
1,1059.4681,457.4751,457475.0594
1,1059.6158,457.6228,457622.7594
1,1059.6632,457.6702,457670.1594
1,1059.7350,457.7420,457741.9594
1,1059.7407,457.7477,457747.6594
1,1059.7429,457.7499,457749.8594
1,1059.7499,457.7569,457756.8594
1,1059.9638,457.9708,457970.7594
1,1060.1048,458.1118,458111.7594
1,1060.1070,458.1140,458113.9594
1,1060.1543,458.1613,458161.2594
1,1060.2345,458.2415,458241.4594
1,1060.2511,458.2581,458258.0594
1,1060.2909,458.2979,458297.8594
1,1060.3542,458.3612,458361.1594
1,1060.4249,458.4319,458431.8594
1,1060.4279,458.4349,458434.8594
1,1060.5101,458.5171,458517.0594
1,1060.5567,458.5637,458563.6594
1,1060.5771,458.5841,458584.0594
1,1060.6888,458.6958,458695.7594
1,1060.7566,458.7636,458763.5594
1,1061.9254,459.9324,459932.3594
1,1061.9870,459.9940,459993.9594
1,1062.2474,460.2544,460254.3594
1,1062.3422,460.3492,460349.1594
1,1062.3800,460.3870,460386.9594
1,1062.4029,460.4099,460409.8594
1,1062.5450,460.5520,460551.9594
1,1062.6437,460.6507,460650.6594
1,1062.8664,460.8734,460873.3594
1,1062.9342,460.9412,460941.1594
1,1062.9507,460.9577,460957.6594
1,1062.9716,460.9786,460978.5594
1,1063.0431,461.0501,461050.0594
1,1063.0851,461.0921,461092.0594
1,1063.0874,461.0944,461094.3594
1,1063.1981,461.2051,461205.0594
1,1063.2475,461.2545,461254.4594
1,1063.2512,461.2582,461258.1594
1,1063.2577,461.2647,461264.6594
1,1063.2654,461.2724,461272.3594
1,1063.3038,461.3108,461310.7594
1,1063.3209,461.3279,461327.8594
1,1063.4869,461.4939,461493.8594
1,1063.5166,461.5236,461523.5594
1,1063.6563,461.6633,461663.2594
1,1063.8124,461.8194,461819.3594
1,1063.9215,461.9285,461928.4594
1,1064.1814,462.1884,462188.3594
1,1064.3347,462.3417,462341.6594
1,1064.9312,462.9382,462938.1594
1,1065.2101,463.2171,463217.0594
1,1066.2139,464.2209,464220.8594
1,1067.0519,465.0589,465058.8594
1,1067.3432,465.3502,465350.1594
1,1067.5649,465.5719,465571.8594
1,1067.5751,465.5821,465582.0594
1,1067.5880,465.5950,465594.9594
1,1067.6300,465.6370,465636.9594
1,1067.6324,465.6394,465639.3594
1,1067.7112,465.7182,465718.1594
1,1067.9102,465.9172,465917.1594
1,1068.0303,466.0373,466037.2594
1,1068.0806,466.0876,466087.5594
1,1068.1713,466.1783,466178.2594
1,1068.5506,466.5576,466557.5594
1,1068.5750,466.5820,466581.9594
1,1068.6596,466.6666,466666.5594
1,1068.6627,466.6697,466669.6594
1,1068.8578,466.8648,466864.7594
1,1068.8606,466.8676,466867.5594
1,1069.0284,467.0354,467035.3594
1,1069.0854,467.0924,467092.3594
1,1069.3464,467.3534,467353.3594
1,1069.3490,467.3560,467355.9594
1,1069.3894,467.3964,467396.3594
1,1069.4307,467.4377,467437.6594
1,1069.5414,467.5484,467548.3594
1,1071.6289,469.6359,469635.8594
1,1071.9902,469.9972,469997.1594
1,1072.0769,470.0839,470083.8594
1,1072.0955,470.1025,470102.4594
1,1072.0982,470.1052,470105.1594
1,1072.2538,470.2608,470260.7594
1,1072.2856,470.2926,470292.5594
1,1072.2883,470.2953,470295.2594
1,1072.3309,470.3379,470337.8594
1,1072.3876,470.3946,470394.5594
1,1072.4006,470.4076,470407.5594
1,1072.4059,470.4129,470412.8594
1,1072.4086,470.4156,470415.5594
1,1072.8085,470.8155,470815.4594
1,1073.1906,471.1976,471197.5594
1,1073.2001,471.2071,471207.0594
1,1073.2288,471.2358,471235.7594
1,1073.4999,471.5069,471506.8594
1,1073.5092,471.5162,471516.1594
1,1073.6519,471.6589,471658.8594
1,1074.5704,472.5774,472577.3594
1,1074.5867,472.5937,472593.6594
1,1074.5963,472.6033,472603.2594
1,1074.8083,472.8153,472815.2594
1,1074.8643,472.8713,472871.2594
1,1074.8881,472.8951,472895.0594
1,1074.8903,472.8973,472897.2594
1,1075.0797,473.0867,473086.6594
1,1075.0821,473.0891,473089.0594
1,1075.7649,473.7719,473771.8594
1,1075.8510,473.8580,473857.9594
1,1076.0883,474.0953,474095.2594
1,1077.3548,475.3618,475361.7594
1,1077.3576,475.3646,475364.5594
1,1077.4066,475.4136,475413.5594
1,1077.4203,475.4273,475427.2594
1,1077.6794,475.6864,475686.3594
1,1077.7699,475.7769,475776.8594
1,1078.2059,476.2129,476212.8594
1,1078.2858,476.2928,476292.7594
1,1078.3925,476.3995,476399.4594
1,1078.4473,476.4543,476454.2594
1,1078.6241,476.6311,476631.0594
1,1078.6270,476.6340,476633.9594
1,1078.8337,476.8407,476840.6594
1,1078.8803,476.8873,476887.2594
1,1078.8829,476.8899,476889.8594
1,1078.9707,476.9777,476977.6594
1,1079.0668,477.0738,477073.7594
1,1079.1114,477.1184,477118.3594
1,1079.1686,477.1756,477175.5594
1,1079.2408,477.2478,477247.7594
1,1079.2692,477.2762,477276.1594
1,1079.9249,477.9319,477931.8594
1,1079.9853,477.9923,477992.2594
1,1080.0274,478.0344,478034.3594
1,1080.5942,478.6012,478601.1594
1,1080.6824,478.6894,478689.3594
1,1080.6884,478.6954,478695.3594
1,1080.7043,478.7113,478711.2594
1,1080.8162,478.8232,478823.1594
1,1080.8797,478.8867,478886.6594
1,1080.9157,478.9227,478922.6594
1,1080.9261,478.9331,478933.0594
1,1080.9821,478.9891,478989.0594
1,1080.9854,478.9924,478992.3594
1,1081.1013,479.1083,479108.2594
1,1081.1081,479.1151,479115.0594
1,1081.3133,479.3203,479320.2594
1,1081.3419,479.3489,479348.8594
1,1081.6938,479.7008,479700.7594
1,1081.7982,479.8052,479805.1594
1,1081.8019,479.8089,479808.8594
1,1081.9277,479.9347,479934.6594
1,1081.9862,479.9932,479993.1594
1,1082.0221,480.0291,480029.0594
1,1082.0247,480.0317,480031.6594
1,1082.2279,480.2349,480234.8594
1,1082.3321,480.3391,480339.0594
1,1082.4037,480.4107,480410.6594
1,1082.4068,480.4138,480413.7594
1,1082.4242,480.4312,480431.1594
1,1082.5364,480.5434,480543.3594
1,1082.5503,480.5573,480557.2594
1,1082.6609,480.6679,480667.8594
1,1082.6720,480.6790,480678.9594
1,1082.7356,480.7426,480742.5594
1,1082.7390,480.7460,480745.9594
1,1082.8857,480.8927,480892.6594
1,1083.1823,481.1893,481189.2594
1,1083.1850,481.1920,481191.9594
1,1083.4583,481.4653,481465.2594
1,1083.4801,481.4871,481487.0594
1,1083.5060,481.5130,481512.9594
1,1083.5543,481.5613,481561.2594
1,1083.6332,481.6402,481640.1594
1,1083.6428,481.6498,481649.7594
1,1083.7107,481.7177,481717.6594
1,1083.7211,481.7281,481728.0594
1,1083.8587,481.8657,481865.6594
1,1083.8621,481.8691,481869.0594
1,1083.9384,481.9454,481945.3594
1,1083.9787,481.9857,481985.6594
1,1084.1322,482.1392,482139.1594
1,1084.1351,482.1421,482142.0594
1,1084.3872,482.3942,482394.1594
1,1084.4353,482.4423,482442.2594
1,1084.4490,482.4560,482455.9594
1,1084.6483,482.6553,482655.2594
1,1084.6783,482.6853,482685.2594
1,1084.7338,482.7408,482740.7594
1,1084.8798,482.8868,482886.7594
1,1085.1042,483.1112,483111.1594
1,1085.5679,483.5749,483574.8594
1,1085.5893,483.5963,483596.2594
1,1085.6352,483.6422,483642.1594
1,1087.3439,485.3509,485350.8594
1,1088.7451,486.7521,486752.0594
1,1089.0741,487.0811,487081.0594
1,1089.2027,487.2097,487209.6594
1,1089.7376,487.7446,487744.5594
1,1089.7907,487.7977,487797.6594
1,1089.7936,487.8006,487800.5594
1,1093.2544,491.2614,491261.3594
1,1093.4811,491.4881,491488.0594
1,1093.8308,491.8378,491837.7594
1,1094.2349,492.2419,492241.8594
1,1094.4874,492.4944,492494.3594
1,1094.5642,492.5712,492571.1594
1,1094.5696,492.5766,492576.5594
1,1094.7235,492.7305,492730.4594
1,1094.7558,492.7628,492762.7594
1,1094.8202,492.8272,492827.1594
1,1094.9145,492.9215,492921.4594
1,1095.0282,493.0352,493035.1594
1,1095.0697,493.0767,493076.6594
1,1095.1205,493.1275,493127.4594
1,1095.1506,493.1576,493157.5594
1,1095.2217,493.2287,493228.6594
1,1095.9523,493.9593,493959.2594
1,1096.0526,494.0596,494059.5594
1,1096.1361,494.1431,494143.0594
1,1096.1599,494.1669,494166.8594
1,1096.2143,494.2213,494221.2594
1,1096.2331,494.2401,494240.0594
1,1096.2661,494.2731,494273.0594
1,1096.2781,494.2851,494285.0594
1,1096.3081,494.3151,494315.0594
1,1096.3102,494.3172,494317.1594
1,1096.4191,494.4261,494426.0594
1,1096.4298,494.4368,494436.7594
1,1096.4324,494.4394,494439.3594
1,1096.4410,494.4480,494447.9594
1,1096.4863,494.4933,494493.2594
1,1096.5608,494.5678,494567.7594
1,1096.5808,494.5878,494587.7594
1,1096.5837,494.5907,494590.6594
1,1096.5930,494.6000,494599.9594
1,1096.6102,494.6172,494617.1594
1,1096.6168,494.6238,494623.7594
1,1096.6217,494.6287,494628.6594
1,1096.6321,494.6391,494639.0594
1,1096.6343,494.6413,494641.2594
1,1096.6419,494.6489,494648.8594
1,1096.6904,494.6974,494697.3594
1,1096.6997,494.7067,494706.6594
1,1096.7447,494.7517,494751.6594
1,1096.7472,494.7542,494754.1594
1,1096.7646,494.7716,494771.5594
1,1096.7712,494.7782,494778.1594
1,1096.7735,494.7805,494780.4594
1,1096.7799,494.7869,494786.8594
1,1096.7824,494.7894,494789.3594
1,1096.7870,494.7940,494793.9594
1,1096.8188,494.8258,494825.7594
1,1096.8401,494.8471,494847.0594
1,1096.8506,494.8576,494857.5594
1,1096.8557,494.8627,494862.6594
1,1096.8745,494.8815,494881.4594
1,1096.9035,494.9105,494910.4594
1,1096.9166,494.9236,494923.5594
1,1096.9307,494.9377,494937.6594
1,1096.9722,494.9792,494979.1594
1,1096.9986,495.0056,495005.5594
1,1097.0517,495.0587,495058.6594
1,1097.1028,495.1098,495109.7594
1,1097.1109,495.1179,495117.8594
1,1097.1443,495.1513,495151.2594
1,1097.1784,495.1854,495185.3594
1,1097.2095,495.2165,495216.4594
1,1097.2137,495.2207,495220.6594
1,1097.2273,495.2343,495234.2594
1,1097.2642,495.2712,495271.1594
1,1097.2761,495.2831,495283.0594
1,1097.2792,495.2862,495286.1594
1,1097.2822,495.2892,495289.1594
1,1097.2852,495.2922,495292.1594
1,1097.3003,495.3073,495307.2594
1,1097.3108,495.3178,495317.7594
1,1097.4321,495.4391,495439.0594
1,1097.5322,495.5392,495539.1594
1,1097.8210,495.8280,495827.9594
1,1098.0700,496.0770,496076.9594
1,1098.3548,496.3618,496361.7594
1,1098.4693,496.4763,496476.2594
1,1098.5839,496.5909,496590.8594
1,1098.6395,496.6465,496646.4594
1,1098.7458,496.7528,496752.7594
1,1098.9901,496.9971,496997.0594
1,1099.0060,497.0130,497012.9594
1,1099.5099,497.5169,497516.8594
1,1099.5626,497.5696,497569.5594
1,1099.6381,497.6451,497645.0594
1,1099.6448,497.6518,497651.7594
1,1099.7157,497.7227,497722.6594
1,1099.8395,497.8465,497846.4594
1,1099.9361,497.9431,497943.0594
1,1099.9525,497.9595,497959.4594
1,1099.9794,497.9864,497986.3594
1,1099.9969,498.0039,498003.8594
1,1100.0360,498.0430,498042.9594
1,1100.0497,498.0567,498056.6594
1,1100.0561,498.0631,498063.0594
1,1100.1640,498.1710,498170.9594
1,1100.1872,498.1942,498194.1594
1,1100.2004,498.2074,498207.3594
1,1100.2280,498.2350,498234.9594
1,1100.2787,498.2857,498285.6594
1,1100.2853,498.2923,498292.2594
1,1100.2881,498.2951,498295.0594
1,1100.2966,498.3036,498303.5594
1,1100.3332,498.3402,498340.1594
1,1100.3368,498.3438,498343.7594
1,1100.3697,498.3767,498376.6594
1,1100.3720,498.3790,498378.9594
1,1100.4371,498.4441,498444.0594
1,1100.4664,498.4734,498473.3594
1,1100.4694,498.4764,498476.3594
1,1100.4857,498.4927,498492.6594
1,1100.4889,498.4959,498495.8594
1,1100.4992,498.5062,498506.1594
1,1100.5317,498.5387,498538.6594
1,1100.5488,498.5558,498555.7594
1,1100.5711,498.5781,498578.0594
1,1100.5820,498.5890,498588.9594
1,1100.5992,498.6062,498606.1594
1,1100.6019,498.6089,498608.8594
1,1100.6036,498.6106,498610.5594
1,1100.6118,498.6188,498618.7594
1,1100.6137,498.6207,498620.6594
1,1100.6414,498.6484,498648.3594
1,1100.6464,498.6534,498653.3594
1,1100.6482,498.6552,498655.1594
1,1100.6516,498.6586,498658.5594
1,1100.6705,498.6775,498677.4594
1,1100.6738,498.6808,498680.7594
1,1100.7193,498.7263,498726.2594
1,1100.7291,498.7361,498736.0594
1,1100.7640,498.7710,498770.9594
1,1100.7712,498.7782,498778.1594
1,1100.7819,498.7889,498788.8594
1,1100.7858,498.7928,498792.7594
1,1100.8137,498.8207,498820.6594
1,1100.8421,498.8491,498849.0594
1,1100.8512,498.8582,498858.1594
1,1100.8537,498.8607,498860.6594
1,1100.8842,498.8912,498891.1594
1,1100.8882,498.8952,498895.1594
1,1100.9197,498.9267,498926.6594
1,1100.9256,498.9326,498932.5594
1,1100.9366,498.9436,498943.5594
1,1100.9430,498.9500,498949.9594
1,1100.9458,498.9528,498952.7594
1,1100.9679,498.9749,498974.8594
1,1101.0111,499.0181,499018.0594
1,1101.0206,499.0276,499027.5594
1,1101.0233,499.0303,499030.2594
1,1101.0269,499.0339,499033.8594
1,1101.0552,499.0622,499062.1594
1,1101.0628,499.0698,499069.7594
1,1101.0791,499.0861,499086.0594
1,1101.0809,499.0879,499087.8594
1,1101.0833,499.0903,499090.2594
1,1101.0957,499.1027,499102.6594
1,1101.0992,499.1062,499106.1594
1,1101.1363,499.1433,499143.2594
1,1101.1399,499.1469,499146.8594
1,1101.1817,499.1887,499188.6594
1,1101.1850,499.1920,499191.9594
1,1101.1910,499.1980,499197.9594
1,1101.2420,499.2490,499248.9594
1,1101.2612,499.2682,499268.1594
1,1101.2835,499.2905,499290.4594
1,1101.2904,499.2974,499297.3594
1,1101.2996,499.3066,499306.5594
1,1101.3025,499.3095,499309.4594
1,1101.3241,499.3311,499331.0594
1,1101.3269,499.3339,499333.8594
1,1101.3292,499.3362,499336.1594
1,1101.3473,499.3543,499354.2594
1,1101.3524,499.3594,499359.3594
1,1101.3668,499.3738,499373.7594
1,1101.3829,499.3899,499389.8594
1,1101.4328,499.4398,499439.7594
1,1101.4365,499.4435,499443.4594
1,1101.4450,499.4520,499451.9594
1,1101.4634,499.4704,499470.3594
1,1101.4922,499.4992,499499.1594
1,1101.4940,499.5010,499500.9594
1,1101.5099,499.5169,499516.8594
1,1101.5611,499.5681,499568.0594
1,1101.5644,499.5714,499571.3594
1,1101.5728,499.5798,499579.7594
1,1101.5756,499.5826,499582.5594
1,1101.6517,499.6587,499658.6594
1,1101.6680,499.6750,499674.9594
1,1101.6732,499.6802,499680.1594
1,1101.6832,499.6902,499690.1594
1,1101.7105,499.7175,499717.4594
1,1101.7216,499.7286,499728.5594
1,1101.7235,499.7305,499730.4594
1,1101.7394,499.7464,499746.3594
1,1101.7426,499.7496,499749.5594
1,1101.8165,499.8235,499823.4594
1,1101.8222,499.8292,499829.1594
1,1101.8398,499.8468,499846.7594
1,1101.9489,499.9559,499955.8594
1,1102.1319,500.1389,500138.8594
1,1102.1469,500.1539,500153.8594
1,1102.2107,500.2177,500217.6594
1,1102.2230,500.2300,500229.9594
1,1102.2256,500.2326,500232.5594
1,1102.2739,500.2809,500280.8594
1,1102.2932,500.3002,500300.1594
1,1102.3291,500.3361,500336.0594
1,1102.3542,500.3612,500361.1594
1,1102.3687,500.3757,500375.6594
1,1102.4029,500.4099,500409.8594
1,1102.4072,500.4142,500414.1594
1,1102.4781,500.4851,500485.0594
1,1102.5570,500.5640,500563.9594
1,1102.5795,500.5865,500586.4594
1,1102.5819,500.5889,500588.8594
1,1102.6781,500.6851,500685.0594
1,1102.7794,500.7864,500786.3594
1,1102.7812,500.7882,500788.1594
1,1102.7917,500.7987,500798.6594
1,1102.9437,500.9507,500950.6594
1,1103.0065,501.0135,501013.4594
1,1103.0425,501.0495,501049.4594
1,1103.0618,501.0688,501068.7594
1,1103.1257,501.1327,501132.6594
1,1103.1281,501.1351,501135.0594
1,1103.1472,501.1542,501154.1594
1,1103.2000,501.2070,501206.9594
1,1103.2228,501.2298,501229.7594
1,1103.2308,501.2378,501237.7594
1,1103.2389,501.2459,501245.8594
1,1103.2464,501.2534,501253.3594
1,1103.3304,501.3374,501337.3594
1,1103.4067,501.4137,501413.6594
1,1103.6861,501.6931,501693.0594
1,1103.7953,501.8023,501802.2594
1,1103.7981,501.8051,501805.0594
1,1103.9812,501.9882,501988.1594
1,1104.4578,502.4648,502464.7594
1,1104.5512,502.5582,502558.1594
1,1105.0147,503.0217,503021.6594
1,1105.3870,503.3940,503393.9594
1,1105.4452,503.4522,503452.1594
1,1105.4620,503.4690,503468.9594
1,1105.5299,503.5369,503536.8594
1,1105.5560,503.5630,503562.9594
1,1105.5789,503.5859,503585.8594
1,1105.5864,503.5934,503593.3594
1,1105.5885,503.5955,503595.4594
1,1105.6203,503.6273,503627.2594
1,1105.6233,503.6303,503630.2594
1,1105.6560,503.6630,503662.9594
1,1105.7489,503.7559,503755.8594
1,1105.7733,503.7803,503780.2594
1,1105.8027,503.8097,503809.6594
1,1105.8090,503.8160,503815.9594
1,1105.8233,503.8303,503830.2594
1,1105.8287,503.8357,503835.6594
1,1105.8793,503.8863,503886.2594
1,1105.8819,503.8889,503888.8594
1,1105.8936,503.9006,503900.5594
1,1105.9117,503.9187,503918.6594
1,1105.9371,503.9441,503944.0594
1,1105.9430,503.9500,503949.9594
1,1105.9468,503.9538,503953.7594
1,1105.9667,503.9737,503973.6594
1,1105.9874,503.9944,503994.3594
1,1106.0003,504.0073,504007.2594
1,1106.0114,504.0184,504018.3594
1,1106.0518,504.0588,504058.7594
1,1106.0557,504.0627,504062.6594
1,1106.0851,504.0921,504092.0594
1,1106.0987,504.1057,504105.6594
1,1106.1111,504.1181,504118.0594
1,1106.1308,504.1378,504137.7594
1,1106.1338,504.1408,504140.7594
1,1106.1365,504.1435,504143.4594
1,1106.1435,504.1505,504150.4594
1,1106.1875,504.1945,504194.4594
1,1106.1936,504.2006,504200.5594
1,1106.1964,504.2034,504203.3594
1,1106.2503,504.2573,504257.2594
1,1106.2690,504.2760,504275.9594
1,1106.2845,504.2915,504291.4594
1,1106.2878,504.2948,504294.7594
1,1106.2904,504.2974,504297.3594
1,1106.3341,504.3411,504341.0594
1,1106.3501,504.3571,504357.0594
1,1106.3716,504.3786,504378.5594
1,1106.3750,504.3820,504381.9594
1,1106.3923,504.3993,504399.2594
1,1106.4113,504.4183,504418.2594
1,1106.4324,504.4394,504439.3594
1,1106.4423,504.4493,504449.2594
1,1106.4857,504.4927,504492.6594
1,1106.5215,504.5285,504528.4594
1,1106.5525,504.5595,504559.4594
1,1106.6392,504.6462,504646.1594
1,1106.6814,504.6884,504688.3594
1,1106.6853,504.6923,504692.2594
1,1106.6942,504.7012,504701.1594
1,1106.7394,504.7464,504746.3594
1,1106.7964,504.8034,504803.3594
1,1106.9346,504.9416,504941.5594
1,1106.9680,504.9750,504974.9594
1,1107.0052,505.0122,505012.1594
1,1107.0076,505.0146,505014.5594
1,1107.0295,505.0365,505036.4594
1,1107.0451,505.0521,505052.0594
1,1107.0488,505.0558,505055.7594
1,1107.0530,505.0600,505059.9594
1,1107.0645,505.0715,505071.4594
1,1107.1015,505.1085,505108.4594
1,1107.1246,505.1316,505131.5594
1,1107.5851,505.5921,505592.0594
1,1107.5967,505.6037,505603.6594
1,1107.8324,505.8394,505839.3594
1,1108.6367,506.6437,506643.6594
1,1108.7746,506.7816,506781.5594
1,1108.7884,506.7954,506795.3594
1,1109.1153,507.1223,507122.2594
1,1109.1189,507.1259,507125.8594
1,1109.1993,507.2063,507206.2594
1,1109.2657,507.2727,507272.6594
1,1109.2680,507.2750,507274.9594
1,1109.3629,507.3699,507369.8594
1,1109.3652,507.3722,507372.1594
1,1109.5591,507.5661,507566.0594
1,1109.6248,507.6318,507631.7594
1,1109.6276,507.6346,507634.5594
1,1110.5347,508.5417,508541.6594
1,1110.5426,508.5496,508549.5594
1,1110.5603,508.5673,508567.2594
1,1110.8457,508.8527,508852.6594
1,1111.4644,509.4714,509471.3594
1,1111.4741,509.4811,509481.0594
1,1111.5948,509.6018,509601.7594
1,1111.9364,509.9434,509943.3594
1,1111.9668,509.9738,509973.7594
1,1112.0683,510.0753,510075.2594
1,1112.0720,510.0790,510078.9594
1,1112.0773,510.0843,510084.2594
1,1112.1224,510.1294,510129.3594
1,1112.8696,510.8766,510876.5594
1,1113.1336,511.1406,511140.5594
1,1113.1710,511.1780,511177.9594
1,1113.7104,511.7174,511717.3594
1,1115.0157,513.0227,513022.6594
1,1115.1903,513.1973,513197.2594
1,1116.6377,514.6447,514644.6594
1,1116.7535,514.7605,514760.4594
1,1116.8640,514.8710,514870.9594
1,1117.0195,515.0265,515026.4594
1,1117.1814,515.1884,515188.3594
1,1117.2836,515.2906,515290.5594
1,1117.3105,515.3175,515317.4594
1,1117.3466,515.3536,515353.5594
1,1117.3616,515.3686,515368.5594
1,1117.4671,515.4741,515474.0594
1,1117.6664,515.6734,515673.3594
1,1118.1444,516.1514,516151.3594
1,1118.5036,516.5106,516510.5594
1,1118.5811,516.5881,516588.0594
1,1118.6182,516.6252,516625.1594
1,1118.7099,516.7169,516716.8594
1,1118.8452,516.8522,516852.1594
1,1118.8663,516.8733,516873.2594
1,1118.9322,516.9392,516939.1594
1,1118.9406,516.9476,516947.5594
1,1119.7301,517.7371,517737.0594
1,1119.7677,517.7747,517774.6594
1,1119.7932,517.8002,517800.1594
1,1119.7953,517.8023,517802.2594
1,1119.8044,517.8114,517811.3594
1,1119.8110,517.8180,517817.9594
1,1119.8132,517.8202,517820.1594
1,1119.8165,517.8235,517823.4594
1,1119.8190,517.8260,517825.9594
1,1119.8239,517.8309,517830.8594
1,1119.8275,517.8345,517834.4594
1,1119.8507,517.8577,517857.6594
1,1120.1545,518.1615,518161.4594
1,1120.1575,518.1645,518164.4594
1,1124.5714,522.5784,522578.3594
1,1124.7305,522.7375,522737.4594
1,1124.7409,522.7479,522747.8594
1,1124.7508,522.7578,522757.7594
1,1124.7775,522.7845,522784.4594
1,1124.8104,522.8174,522817.3594
1,1124.8138,522.8208,522820.7594
1,1124.8748,522.8818,522881.7594
1,1124.8925,522.8995,522899.4594
1,1124.9350,522.9420,522941.9594
1,1124.9375,522.9445,522944.4594
1,1125.0135,523.0205,523020.4594
1,1125.5113,523.5183,523518.2594
1,1125.7685,523.7755,523775.4594
1,1125.9564,523.9634,523963.3594
1,1125.9591,523.9661,523966.0594
1,1125.9693,523.9763,523976.2594
1,1126.0520,524.0590,524058.9594
1,1126.1700,524.1770,524176.9594
1,1126.1729,524.1799,524179.8594
1,1126.2772,524.2842,524284.1594
1,1126.2999,524.3069,524306.8594
1,1126.3025,524.3095,524309.4594
1,1126.3213,524.3283,524328.2594
1,1126.4280,524.4350,524434.9594
1,1126.4304,524.4374,524437.3594
1,1126.5130,524.5200,524519.9594
1,1126.5457,524.5527,524552.6594
1,1127.5966,525.6036,525603.5594
1,1127.9097,525.9167,525916.6594
1,1127.9966,526.0036,526003.5594
1,1127.9990,526.0060,526005.9594
1,1128.0032,526.0102,526010.1594
1,1128.3403,526.3473,526347.2594
1,1128.3574,526.3644,526364.3594
1,1128.3600,526.3670,526366.9594
1,1128.5933,526.6003,526600.2594
1,1129.3220,527.3290,527328.9594
1,1129.4337,527.4407,527440.6594
1,1129.5979,527.6049,527604.8594
1,1129.7555,527.7625,527762.4594
1,1129.8243,527.8313,527831.2594
1,1129.8367,527.8437,527843.6594
1,1129.9999,528.0069,528006.8594
1,1130.3062,528.3132,528313.1594
1,1130.3556,528.3626,528362.5594
1,1130.4843,528.4913,528491.2594
1,1130.9246,528.9316,528931.5594
1,1130.9783,528.9853,528985.2594
1,1131.0113,529.0183,529018.2594
1,1131.0276,529.0346,529034.5594
1,1131.0348,529.0418,529041.7594
1,1131.0462,529.0532,529053.1594
1,1131.1070,529.1140,529113.9594
1,1131.1096,529.1166,529116.5594
1,1131.2314,529.2384,529238.3594
1,1131.5268,529.5338,529533.7594
1,1131.5659,529.5729,529572.8594
1,1131.5681,529.5751,529575.0594
1,1131.7065,529.7135,529713.4594
1,1131.7111,529.7181,529718.0594
1,1131.7729,529.7799,529779.8594
1,1131.8631,529.8701,529870.0594
1,1131.8654,529.8724,529872.3594
1,1131.9469,529.9539,529953.8594
1,1132.0638,530.0708,530070.7594
1,1132.1001,530.1071,530107.0594
1,1132.1576,530.1646,530164.5594
1,1132.1757,530.1827,530182.6594
1,1132.3649,530.3719,530371.8594
1,1132.4495,530.4565,530456.4594
1,1132.5124,530.5194,530519.3594
1,1132.5300,530.5370,530536.9594
1,1132.5556,530.5626,530562.5594
1,1132.5746,530.5816,530581.5594
1,1132.6598,530.6668,530666.7594
1,1132.6734,530.6804,530680.3594
1,1132.6992,530.7062,530706.1594
1,1132.7093,530.7163,530716.2594
1,1132.7346,530.7416,530741.5594
1,1132.7446,530.7516,530751.5594
1,1132.7945,530.8015,530801.4594
1,1132.8288,530.8358,530835.7594
1,1132.8618,530.8688,530868.7594
1,1132.9186,530.9256,530925.5594
1,1132.9775,530.9845,530984.4594
1,1133.0452,531.0522,531052.1594
1,1133.0622,531.0692,531069.1594
1,1133.0773,531.0843,531084.2594
1,1133.0991,531.1061,531106.0594
1,1133.1423,531.1493,531149.2594
1,1133.1687,531.1757,531175.6594
1,1133.1873,531.1943,531194.2594
1,1133.2674,531.2744,531274.3594
1,1133.2903,531.2973,531297.2594
1,1133.3090,531.3160,531315.9594
1,1133.3231,531.3301,531330.0594
1,1133.3305,531.3375,531337.4594
1,1133.3376,531.3446,531344.5594
1,1133.3510,531.3580,531357.9594
1,1133.3561,531.3631,531363.0594
1,1133.3643,531.3713,531371.2594
1,1133.3881,531.3951,531395.0594
1,1133.4106,531.4176,531417.5594
1,1133.4185,531.4255,531425.4594
1,1133.4570,531.4640,531463.9594
1,1133.4772,531.4842,531484.1594
1,1133.4805,531.4875,531487.4594
1,1133.5115,531.5185,531518.4594
1,1133.5605,531.5675,531567.4594
1,1133.5713,531.5783,531578.2594
1,1133.5952,531.6022,531602.1594
1,1133.5985,531.6055,531605.4594
1,1133.6405,531.6475,531647.4594
1,1133.6567,531.6637,531663.6594
1,1133.9525,531.9595,531959.4594
1,1134.2850,532.2920,532291.9594
1,1134.5319,532.5389,532538.8594
1,1134.5343,532.5413,532541.2594
1,1134.5988,532.6058,532605.7594
1,1134.6515,532.6585,532658.4594
1,1134.6970,532.7040,532703.9594
1,1134.7347,532.7417,532741.6594
1,1134.7377,532.7447,532744.6594
1,1134.7406,532.7476,532747.5594
1,1134.8166,532.8236,532823.5594
1,1134.8190,532.8260,532825.9594
1,1134.9902,532.9972,532997.1594
1,1134.9924,532.9994,532999.3594
1,1135.0289,533.0359,533035.8594
1,1135.0500,533.0570,533056.9594
1,1135.1061,533.1131,533113.0594
1,1135.1085,533.1155,533115.4594
1,1135.1505,533.1575,533157.4594
1,1135.1528,533.1598,533159.7594
1,1135.1936,533.2006,533200.5594
1,1136.0538,534.0608,534060.7594
1,1136.0720,534.0790,534078.9594
1,1136.0995,534.1065,534106.4594
1,1136.2139,534.2209,534220.8594
1,1136.2924,534.2994,534299.3594
1,1136.3328,534.3398,534339.7594
1,1136.3514,534.3584,534358.3594
1,1136.4543,534.4613,534461.2594
1,1136.5069,534.5139,534513.8594
1,1136.6053,534.6123,534612.2594
1,1136.6180,534.6250,534624.9594
1,1136.6625,534.6695,534669.4594
1,1136.7077,534.7147,534714.6594
1,1136.7139,534.7209,534720.8594
1,1136.7839,534.7909,534790.8594
1,1136.8555,534.8625,534862.4594
1,1136.8986,534.9056,534905.5594
1,1136.9346,534.9416,534941.5594
1,1136.9455,534.9525,534952.4594
1,1136.9662,534.9732,534973.1594
1,1137.0052,535.0122,535012.1594
1,1137.0076,535.0146,535014.5594
1,1137.1419,535.1489,535148.8594
1,1137.1468,535.1538,535153.7594
1,1137.2578,535.2648,535264.7594
1,1137.2887,535.2957,535295.6594
1,1137.5784,535.5854,535585.3594
1,1137.6793,535.6863,535686.2594
1,1137.8039,535.8109,535810.8594
1,1137.9760,535.9830,535982.9594
1,1137.9784,535.9854,535985.3594
1,1138.0061,536.0131,536013.0594
1,1138.0114,536.0184,536018.3594
1,1138.0995,536.1065,536106.4594
1,1138.1209,536.1279,536127.8594
1,1138.3289,536.3359,536335.8594
1,1138.3696,536.3766,536376.5594
1,1138.5142,536.5212,536521.1594
1,1138.6819,536.6889,536688.8594
1,1138.7177,536.7247,536724.6594
1,1138.8152,536.8222,536822.1594
1,1138.8174,536.8244,536824.3594
1,1138.8745,536.8815,536881.4594
1,1138.9555,536.9625,536962.4594
1,1139.0056,537.0126,537012.5594
1,1139.0798,537.0868,537086.7594
1,1139.1500,537.1570,537156.9594
1,1139.4489,537.4559,537455.8594
1,1139.6652,537.6722,537672.1594
1,1139.6674,537.6744,537674.3594
1,1139.7035,537.7105,537710.4594
1,1139.7848,537.7918,537791.7594
1,1140.1254,538.1324,538132.3594
1,1140.1367,538.1437,538143.6594
1,1140.2627,538.2697,538269.6594
1,1140.4132,538.4202,538420.1594
1,1140.6640,538.6710,538670.9594
1,1140.7927,538.7997,538799.6594
1,1141.1798,539.1868,539186.7594
1,1141.3362,539.3432,539343.1594
1,1141.3424,539.3494,539349.3594
1,1141.4247,539.4317,539431.6594
1,1141.4646,539.4716,539471.5594
1,1141.5159,539.5229,539522.8594
1,1141.5712,539.5782,539578.1594
1,1142.1646,540.1716,540171.5594
1,1142.2759,540.2829,540282.8594
1,1142.3685,540.3755,540375.4594
1,1142.4682,540.4752,540475.1594
1,1142.4862,540.4932,540493.1594
1,1142.5409,540.5479,540547.8594
1,1142.5488,540.5558,540555.7594
1,1142.7114,540.7184,540718.3594
1,1142.7344,540.7414,540741.3594
1,1143.2613,541.2683,541268.2594
1,1143.4177,541.4247,541424.6594
1,1143.4910,541.4980,541497.9594
1,1143.5105,541.5175,541517.4594
1,1144.1844,542.1914,542191.3594
1,1144.2017,542.2087,542208.6594
1,1144.2715,542.2785,542278.4594
1,1144.5926,542.5996,542599.5594
1,1144.6418,542.6488,542648.7594
1,1144.6445,542.6515,542651.4594
1,1144.7925,542.7995,542799.4594
1,1144.8861,542.8931,542893.0594
1,1145.0051,543.0121,543012.0594
1,1145.0367,543.0437,543043.6594
1,1145.0473,543.0543,543054.2594
1,1145.0551,543.0621,543062.0594
1,1145.2105,543.2175,543217.4594
1,1145.3045,543.3115,543311.4594
1,1145.3078,543.3148,543314.7594
1,1145.3944,543.4014,543401.3594
1,1145.4185,543.4255,543425.4594
1,1145.4209,543.4279,543427.8594
1,1145.4250,543.4320,543431.9594
1,1145.4588,543.4658,543465.7594
1,1145.4702,543.4772,543477.1594
1,1145.7984,543.8054,543805.3594
1,1145.8155,543.8225,543822.4594
1,1145.8220,543.8290,543828.9594
1,1145.8386,543.8456,543845.5594
1,1145.8480,543.8550,543854.9594
1,1146.0204,544.0274,544027.3594
1,1146.2125,544.2195,544219.4594
1,1146.3636,544.3706,544370.5594
1,1146.4166,544.4236,544423.5594
1,1146.5451,544.5521,544552.0594
1,1146.6318,544.6388,544638.7594
1,1146.8518,544.8588,544858.7594
1,1146.9416,544.9486,544948.5594
1,1147.1180,545.1250,545124.9594
1,1147.5834,545.5904,545590.3594
1,1148.2422,546.2492,546249.1594
1,1148.2894,546.2964,546296.3594
1,1148.3018,546.3088,546308.7594
1,1148.3823,546.3893,546389.2594
1,1148.4114,546.4184,546418.3594
1,1148.5144,546.5214,546521.3594
1,1148.6738,546.6808,546680.7594
1,1149.0311,547.0381,547038.0594
1,1149.0344,547.0414,547041.3594
1,1149.1110,547.1180,547117.9594
1,1149.1549,547.1619,547161.8594
1,1149.2473,547.2543,547254.2594
1,1149.2648,547.2718,547271.7594
1,1149.3448,547.3518,547351.7594
1,1149.3479,547.3549,547354.8594
1,1149.4545,547.4615,547461.4594
1,1149.4995,547.5065,547506.4594
1,1149.5241,547.5311,547531.0594
1,1149.9356,547.9426,547942.5594
1,1149.9814,547.9884,547988.3594
1,1150.0065,548.0135,548013.4594
1,1150.0844,548.0914,548091.3594
1,1150.0947,548.1017,548101.6594
1,1150.5367,548.5437,548543.6594
1,1150.6049,548.6119,548611.8594
1,1150.9786,548.9856,548985.5594
1,1151.3437,549.3507,549350.6594
1,1151.4207,549.4277,549427.6594
1,1151.4895,549.4965,549496.4594
1,1151.5084,549.5154,549515.3594
1,1151.6403,549.6473,549647.2594
1,1151.9342,549.9412,549941.1594
1,1151.9956,550.0026,550002.5594
1,1152.0932,550.1002,550100.1594
1,1152.1326,550.1396,550139.5594
1,1152.7028,550.7098,550709.7594
1,1152.8593,550.8663,550866.2594
1,1153.2681,551.2751,551275.0594
1,1153.3165,551.3235,551323.4594
1,1153.5709,551.5779,551577.8594
1,1153.6705,551.6775,551677.4594
1,1153.6841,551.6911,551691.0594
1,1153.7044,551.7114,551711.3594
1,1153.7393,551.7463,551746.2594
1,1153.7712,551.7782,551778.1594
1,1153.8048,551.8118,551811.7594
1,1153.8351,551.8421,551842.0594
1,1153.8838,551.8908,551890.7594
1,1153.8855,551.8925,551892.4594
1,1153.8934,551.9004,551900.3594
1,1153.8985,551.9055,551905.4594
1,1153.9148,551.9218,551921.7594
1,1153.9521,551.9591,551959.0594
1,1153.9581,551.9651,551965.0594
1,1153.9874,551.9944,551994.3594
1,1153.9952,552.0022,552002.1594
1,1154.0336,552.0406,552040.5594
1,1154.0674,552.0744,552074.3594
1,1154.3747,552.3817,552381.6594
1,1154.6660,552.6730,552672.9594
1,1154.8393,552.8463,552846.2594
1,1155.0229,553.0299,553029.8594
1,1155.1890,553.1960,553195.9594
1,1155.4158,553.4228,553422.7594
1,1155.5728,553.5798,553579.7594
1,1156.4988,554.5058,554505.7594
1,1156.6428,554.6498,554649.7594
1,1156.6824,554.6894,554689.3594
1,1156.9021,554.9091,554909.0594
1,1156.9060,554.9130,554912.9594
1,1156.9886,554.9956,554995.5594
1,1157.1233,555.1303,555130.2594
1,1157.1252,555.1322,555132.1594
1,1157.1991,555.2061,555206.0594
1,1157.8851,555.8921,555892.0594
1,1158.1821,556.1891,556189.0594
1,1158.1913,556.1983,556198.2594
1,1158.6118,556.6188,556618.7594
1,1159.7691,557.7761,557776.0594
1,1159.8623,557.8693,557869.2594
1,1159.9608,557.9678,557967.7594
1,1159.9749,557.9819,557981.8594
1,1160.1462,558.1532,558153.1594
1,1160.2043,558.2113,558211.2594
1,1160.2492,558.2562,558256.1594
1,1160.2941,558.3011,558301.0594
1,1160.3328,558.3398,558339.7594
1,1160.4636,558.4706,558470.5594
1,1160.5897,558.5967,558596.6594
1,1160.6089,558.6159,558615.8594
1,1160.7607,558.7677,558767.6594
1,1160.9562,558.9632,558963.1594
1,1161.0496,559.0566,559056.5594
1,1161.0860,559.0930,559092.9594
1,1161.1279,559.1349,559134.8594
1,1161.1660,559.1730,559172.9594
1,1161.2652,559.2722,559272.1594
1,1161.2984,559.3054,559305.3594
1,1161.3262,559.3332,559333.1594
1,1161.4024,559.4094,559409.3594
1,1161.5181,559.5251,559525.0594
1,1161.6167,559.6237,559623.6594
1,1161.7281,559.7351,559735.0594
1,1161.8286,559.8356,559835.5594
1,1161.9215,559.9285,559928.4594
1,1162.0933,560.1003,560100.2594
1,1162.1493,560.1563,560156.2594
1,1162.3003,560.3073,560307.2594
1,1162.3583,560.3653,560365.2594
1,1162.4067,560.4137,560413.6594
1,1162.4325,560.4395,560439.4594
1,1162.4440,560.4510,560450.9594
1,1162.5114,560.5184,560518.3594
1,1162.7802,560.7872,560787.1594
1,1163.0986,561.1056,561105.5594
1,1163.2644,561.2714,561271.3594
1,1163.3978,561.4048,561404.7594
1,1163.4027,561.4097,561409.6594
1,1163.6734,561.6804,561680.3594
1,1163.6860,561.6930,561692.9594
1,1163.7288,561.7358,561735.7594
1,1163.8140,561.8210,561820.9594
1,1163.8393,561.8463,561846.2594
1,1163.8412,561.8482,561848.1594
1,1163.8894,561.8964,561896.3594
1,1163.8964,561.9034,561903.3594
1,1163.9189,561.9259,561925.8594
1,1163.9575,561.9645,561964.4594
1,1164.0027,562.0097,562009.6594
1,1164.0103,562.0173,562017.2594
1,1164.0362,562.0432,562043.1594
1,1164.0552,562.0622,562062.1594
1,1164.0654,562.0724,562072.3594
1,1164.0872,562.0942,562094.1594
1,1164.1392,562.1462,562146.1594
1,1164.2825,562.2895,562289.4594
1,1164.3839,562.3909,562390.8594
1,1164.4530,562.4600,562459.9594
1,1164.4756,562.4826,562482.5594
1,1164.5401,562.5471,562547.0594
1,1164.6074,562.6144,562614.3594
1,1164.7237,562.7307,562730.6594
1,1164.8741,562.8811,562881.0594
1,1164.8769,562.8839,562883.8594
1,1165.2867,563.2937,563293.6594
1,1165.2928,563.2998,563299.7594
1,1165.2956,563.3026,563302.5594
1,1165.3284,563.3354,563335.3594
1,1165.4077,563.4147,563414.6594
1,1165.4130,563.4200,563419.9594
1,1165.4938,563.5008,563500.7594
1,1165.5073,563.5143,563514.2594
1,1165.5204,563.5274,563527.3594
1,1165.5228,563.5298,563529.7594
1,1165.5724,563.5794,563579.3594
1,1165.5856,563.5926,563592.5594
1,1165.5970,563.6040,563603.9594
1,1165.6290,563.6360,563635.9594
1,1165.6887,563.6957,563695.6594
1,1165.6993,563.7063,563706.2594
1,1165.7508,563.7578,563757.7594
1,1165.8185,563.8255,563825.4594
1,1165.9185,563.9255,563925.4594
1,1165.9596,563.9666,563966.5594
1,1166.0132,564.0202,564020.1594
1,1166.0321,564.0391,564039.0594
1,1166.0396,564.0466,564046.5594
1,1166.1422,564.1492,564149.1594
1,1166.3270,564.3340,564333.9594
1,1166.3503,564.3573,564357.2594
1,1166.4218,564.4288,564428.7594
1,1166.6851,564.6921,564692.0594
1,1167.0099,565.0169,565016.8594
1,1168.4738,566.4808,566480.7594
1,1169.2811,567.2881,567288.0594
1,1170.0408,568.0478,568047.7594
1,1170.0432,568.0502,568050.1594
1,1170.0520,568.0590,568058.9594
1,1170.0825,568.0895,568089.4594
1,1170.0848,568.0918,568091.7594
1,1170.0986,568.1056,568105.5594
1,1170.1004,568.1074,568107.3594
1,1170.1329,568.1399,568139.8594
1,1170.1478,568.1548,568154.7594
1,1170.1788,568.1858,568185.7594
1,1170.1823,568.1893,568189.2594
1,1170.2708,568.2778,568277.7594
1,1170.3696,568.3766,568376.5594
1,1170.3772,568.3842,568384.1594
1,1170.3850,568.3920,568391.9594
1,1170.4405,568.4475,568447.4594
1,1170.5152,568.5222,568522.1594
1,1170.5219,568.5289,568528.8594
1,1170.5809,568.5879,568587.8594
1,1170.6263,568.6333,568633.2594
1,1170.6682,568.6752,568675.1594
1,1171.0459,569.0529,569052.8594
1,1171.0879,569.0949,569094.8594
1,1171.2131,569.2201,569220.0594
1,1171.2333,569.2403,569240.2594
1,1171.6071,569.6141,569614.0594
1,1171.6092,569.6162,569616.1594
1,1172.1157,570.1227,570122.6594
1,1172.2599,570.2669,570266.8594
1,1172.4297,570.4367,570436.6594
1,1172.4318,570.4388,570438.7594
1,1172.6072,570.6142,570614.1594
1,1172.8906,570.8976,570897.5594
1,1174.2178,572.2248,572224.7594
1,1174.7155,572.7225,572722.4594
1,1174.7682,572.7752,572775.1594
1,1174.7767,572.7837,572783.6594
1,1174.9026,572.9096,572909.5594
1,1174.9895,572.9965,572996.4594
1,1174.9944,573.0014,573001.3594
1,1175.0834,573.0904,573090.3594
1,1175.1243,573.1313,573131.2594
1,1175.1301,573.1371,573137.0594
1,1175.1391,573.1461,573146.0594
1,1175.1724,573.1794,573179.3594
1,1175.2442,573.2512,573251.1594
1,1175.2630,573.2700,573269.9594
1,1175.9027,573.9097,573909.6594
1,1176.1779,574.1849,574184.8594
1,1176.2272,574.2342,574234.1594
1,1177.0013,575.0083,575008.2594
1,1177.2289,575.2359,575235.8594
1,1177.3648,575.3718,575371.7594
1,1177.6355,575.6425,575642.4594
1,1177.6916,575.6986,575698.5594
1,1177.6940,575.7010,575700.9594
1,1177.8048,575.8118,575811.7594
1,1177.8958,575.9028,575902.7594
1,1178.2386,576.2456,576245.5594
1,1178.3018,576.3088,576308.7594
1,1178.3047,576.3117,576311.6594
1,1178.8860,576.8930,576892.9594
1,1178.9329,576.9399,576939.8594
1,1179.0002,577.0072,577007.1594
1,1179.0183,577.0253,577025.2594
1,1179.0507,577.0577,577057.6594
1,1179.0644,577.0714,577071.3594
1,1179.2547,577.2617,577261.6594
1,1179.2607,577.2677,577267.6594
1,1179.3060,577.3130,577312.9594
1,1179.3483,577.3553,577355.2594
1,1179.4509,577.4579,577457.8594
1,1179.4531,577.4601,577460.0594
1,1179.5699,577.5769,577576.8594
1,1179.5949,577.6019,577601.8594
1,1179.6226,577.6296,577629.5594
1,1179.7529,577.7599,577759.8594
1,1179.7594,577.7664,577766.3594
1,1179.8472,577.8542,577854.1594
1,1179.8654,577.8724,577872.3594
1,1179.9227,577.9297,577929.6594
1,1179.9506,577.9576,577957.5594
1,1179.9643,577.9713,577971.2594
1,1180.1459,578.1529,578152.8594
1,1180.1542,578.1612,578161.1594
1,1180.2491,578.2561,578256.0594
1,1180.2871,578.2941,578294.0594
1,1180.6362,578.6432,578643.1594
1,1180.6780,578.6850,578684.9594
1,1180.9494,578.9564,578956.3594
1,1181.0997,579.1067,579106.6594
1,1181.1451,579.1521,579152.0594
1,1181.4190,579.4260,579425.9594
1,1181.4917,579.4987,579498.6594
1,1181.7727,579.7797,579779.6594
1,1181.9918,579.9988,579998.7594
1,1182.0541,580.0611,580061.0594
1,1182.1116,580.1186,580118.5594
1,1182.2110,580.2180,580217.9594
1,1182.2412,580.2482,580248.1594
1,1182.2913,580.2983,580298.2594
1,1182.3900,580.3970,580396.9594
1,1182.6305,580.6375,580637.4594
1,1182.6324,580.6394,580639.3594
1,1182.7295,580.7365,580736.4594
1,1182.9549,580.9619,580961.8594
1,1183.0786,581.0856,581085.5594
1,1183.0976,581.1046,581104.5594
1,1183.1146,581.1216,581121.5594
1,1183.2866,581.2936,581293.5594
1,1183.3427,581.3497,581349.6594
1,1183.3838,581.3908,581390.7594
1,1183.4020,581.4090,581408.9594
1,1183.4263,581.4333,581433.2594
1,1183.4882,581.4952,581495.1594
1,1183.4995,581.5065,581506.4594
1,1183.5572,581.5642,581564.1594
1,1183.6605,581.6675,581667.4594
1,1183.6864,581.6934,581693.3594
1,1183.7538,581.7608,581760.7594
1,1183.8581,581.8651,581865.0594
1,1183.8760,581.8830,581882.9594
1,1183.8989,581.9059,581905.8594
1,1184.3060,582.3130,582312.9594
1,1184.9018,582.9088,582908.7594
1,1185.0307,583.0377,583037.6594
1,1185.7824,583.7894,583789.3594
1,1186.5556,584.5626,584562.5594
1,1186.7438,584.7508,584750.7594
1,1186.8286,584.8356,584835.5594
1,1186.8403,584.8473,584847.2594
1,1186.8687,584.8757,584875.6594
1,1186.9478,584.9548,584954.7594
1,1186.9861,584.9931,584993.0594
1,1187.0255,585.0325,585032.4594
1,1187.0639,585.0709,585070.8594
1,1187.2559,585.2629,585262.8594
1,1187.2798,585.2868,585286.7594
1,1187.3699,585.3769,585376.8594
1,1187.4443,585.4513,585451.2594
1,1187.6241,585.6311,585631.0594
1,1187.8056,585.8126,585812.5594
1,1187.8607,585.8677,585867.6594
1,1187.8700,585.8770,585876.9594
1,1187.8776,585.8846,585884.5594
1,1187.8911,585.8981,585898.0594
1,1187.9293,585.9363,585936.2594
1,1188.0851,586.0921,586092.0594
1,1188.1287,586.1357,586135.6594
1,1188.3566,586.3636,586363.5594
1,1188.4115,586.4185,586418.4594
1,1188.5240,586.5310,586530.9594
1,1188.6644,586.6714,586671.3594
1,1188.9372,586.9442,586944.1594
1,1189.0160,587.0230,587022.9594
1,1189.1082,587.1152,587115.1594
1,1189.3231,587.3301,587330.0594
1,1189.4093,587.4163,587416.2594
1,1189.5373,587.5443,587544.2594
1,1189.5867,587.5937,587593.6594
1,1189.6920,587.6990,587698.9594
1,1189.7837,587.7907,587790.6594
1,1189.9709,587.9779,587977.8594
1,1189.9961,588.0031,588003.0594
1,1190.2524,588.2594,588259.3594
1,1190.2931,588.3001,588300.0594
1,1190.3515,588.3585,588358.4594
1,1190.4496,588.4566,588456.5594
1,1190.5784,588.5854,588585.3594
1,1190.6661,588.6731,588673.0594
1,1190.6686,588.6756,588675.5594
1,1190.8274,588.8344,588834.3594
1,1190.9170,588.9240,588923.9594
1,1190.9350,588.9420,588941.9594
1,1190.9946,589.0016,589001.5594
1,1191.0128,589.0198,589019.7594
1,1191.0405,589.0475,589047.4594
1,1191.0470,589.0540,589053.9594
1,1191.0586,589.0656,589065.5594
1,1191.1148,589.1218,589121.7594
1,1191.1685,589.1755,589175.4594
1,1191.2062,589.2132,589213.1594
1,1191.3495,589.3565,589356.4594
1,1191.3622,589.3692,589369.1594
1,1191.4301,589.4371,589437.0594
1,1191.6291,589.6361,589636.0594
1,1191.7707,589.7777,589777.6594
1,1191.9636,589.9706,589970.5594
1,1192.2986,590.3056,590305.5594
1,1192.3023,590.3093,590309.2594
1,1192.3420,590.3490,590348.9594
1,1192.4870,590.4940,590493.9594
1,1192.5243,590.5313,590531.2594
1,1192.6372,590.6442,590644.1594
1,1192.6575,590.6645,590664.4594
1,1192.7180,590.7250,590724.9594
1,1192.7326,590.7396,590739.5594
1,1192.7726,590.7796,590779.5594
1,1193.3617,591.3687,591368.6594
1,1193.3652,591.3722,591372.1594
1,1193.4160,591.4230,591422.9594
1,1193.4385,591.4455,591445.4594
1,1193.4986,591.5056,591505.5594
1,1193.5709,591.5779,591577.8594
1,1193.6404,591.6474,591647.3594
1,1193.6545,591.6615,591661.4594
1,1195.2400,593.2470,593246.9594
1,1195.3562,593.3632,593363.1594
1,1195.3701,593.3771,593377.0594
1,1195.6949,593.7019,593701.8594
1,1195.6973,593.7043,593704.2594
1,1195.9881,593.9951,593995.0594
1,1196.0314,594.0384,594038.3594
1,1196.0352,594.0422,594042.1594
1,1196.9843,594.9913,594991.2594
1,1197.0216,595.0286,595028.5594
1,1198.2734,596.2804,596280.3594
1,1198.2761,596.2831,596283.0594
1,1198.3100,596.3170,596316.9594
1,1198.3215,596.3285,596328.4594
1,1198.3300,596.3370,596336.9594
1,1198.3328,596.3398,596339.7594
1,1198.3540,596.3610,596360.9594
1,1198.3560,596.3630,596362.9594
1,1198.3891,596.3961,596396.0594
1,1198.4324,596.4394,596439.3594
1,1198.4374,596.4444,596444.3594
1,1198.7509,596.7579,596757.8594
1,1199.4267,597.4337,597433.6594
1,1199.5016,597.5086,597508.5594
1,1200.0047,598.0117,598011.6594
1,1200.2250,598.2320,598231.9594
1,1200.2790,598.2860,598285.9594
1,1200.3454,598.3524,598352.3594
1,1200.9713,598.9783,598978.2594
1,1202.1536,600.1606,600160.5594
1,1204.7050,602.7120,602711.9594
1,1205.2365,603.2435,603243.4594
1,1205.3325,603.3395,603339.4594
1,1205.6917,603.6987,603698.6594
1,1205.7568,603.7638,603763.7594
1,1205.8160,603.8230,603822.9594
1,1205.9562,603.9632,603963.1594
1,1206.0579,604.0649,604064.8594
1,1206.0999,604.1069,604106.8594
1,1206.2811,604.2881,604288.0594
1,1206.3641,604.3711,604371.0594
1,1206.3867,604.3937,604393.6594
1,1206.5454,604.5524,604552.3594
1,1206.7535,604.7605,604760.4594
1,1206.7584,604.7654,604765.3594
1,1206.7713,604.7783,604778.2594
1,1206.8678,604.8748,604874.7594
1,1206.9219,604.9289,604928.8594
1,1206.9758,604.9828,604982.7594
1,1207.0535,605.0605,605060.4594
1,1207.5100,605.5170,605516.9594
1,1207.5420,605.5490,605548.9594
1,1207.5765,605.5835,605583.4594
1,1207.7245,605.7315,605731.4594
1,1207.8201,605.8271,605827.0594
1,1208.4778,606.4848,606484.7594
1,1208.4916,606.4986,606498.5594
1,1208.7075,606.7145,606714.4594
1,1208.7950,606.8020,606801.9594
1,1208.8011,606.8081,606808.0594
1,1209.0128,607.0198,607019.7594
1,1209.4327,607.4397,607439.6594
1,1209.9050,607.9120,607911.9594
1,1210.1031,608.1101,608110.0594
1,1210.5958,608.6028,608602.7594
1,1211.0453,609.0523,609052.2594
1,1211.0834,609.0904,609090.3594
1,1211.1479,609.1549,609154.8594
1,1211.2574,609.2644,609264.3594
1,1211.3159,609.3229,609322.8594
1,1211.3193,609.3263,609326.2594
1,1211.3303,609.3373,609337.2594
1,1211.4405,609.4475,609447.4594
1,1211.5533,609.5603,609560.2594
1,1211.5851,609.5921,609592.0594
1,1211.6424,609.6494,609649.3594
1,1211.6587,609.6657,609665.6594
1,1211.7329,609.7399,609739.8594
1,1211.8473,609.8543,609854.2594
1,1211.8681,609.8751,609875.0594
1,1211.8716,609.8786,609878.5594
1,1211.9029,609.9099,609909.8594
1,1211.9640,609.9710,609970.9594
1,1211.9783,609.9853,609985.2594
1,1212.0044,610.0114,610011.3594
1,1212.0950,610.1020,610101.9594
1,1212.1531,610.1601,610160.0594
1,1212.1632,610.1702,610170.1594
1,1212.2411,610.2481,610248.0594
1,1212.2446,610.2516,610251.5594
1,1212.2815,610.2885,610288.4594
1,1212.2851,610.2921,610292.0594
1,1212.5513,610.5583,610558.2594
1,1212.6365,610.6435,610643.4594
1,1212.6649,610.6719,610671.8594
1,1212.8305,610.8375,610837.4594
1,1212.9171,610.9241,610924.0594
1,1212.9908,610.9978,610997.7594
1,1213.1083,611.1153,611115.2594
1,1213.2105,611.2175,611217.4594
1,1213.3008,611.3078,611307.7594
1,1213.3459,611.3529,611352.8594
1,1213.5221,611.5291,611529.0594
1,1213.5756,611.5826,611582.5594
1,1213.6356,611.6426,611642.5594
1,1213.6829,611.6899,611689.8594
1,1213.7322,611.7392,611739.1594
1,1213.7980,611.8050,611804.9594
1,1213.9081,611.9151,611915.0594
1,1214.0522,612.0592,612059.1594
1,1214.2694,612.2764,612276.3594
1,1214.2828,612.2898,612289.7594
1,1214.4310,612.4380,612437.9594
1,1215.1994,613.2064,613206.3594
1,1215.2744,613.2814,613281.3594
1,1215.8961,613.9031,613903.0594
1,1216.1616,614.1686,614168.5594
1,1216.1914,614.1984,614198.3594
1,1216.2257,614.2327,614232.6594
1,1216.2474,614.2544,614254.3594
1,1216.2953,614.3023,614302.2594
1,1216.3324,614.3394,614339.3594
1,1216.3385,614.3455,614345.4594
1,1216.3726,614.3796,614379.5594
1,1216.3824,614.3894,614389.3594
1,1216.3873,614.3943,614394.2594
1,1216.4126,614.4196,614419.5594
1,1216.4805,614.4875,614487.4594
1,1216.5084,614.5154,614515.3594
1,1216.5119,614.5189,614518.8594
1,1216.5545,614.5615,614561.4594
1,1216.6003,614.6073,614607.2594
1,1216.6184,614.6254,614625.3594
1,1216.6564,614.6634,614663.3594
1,1216.6745,614.6815,614681.4594
1,1216.6999,614.7069,614706.8594
1,1216.7245,614.7315,614731.4594
1,1216.9288,614.9358,614935.7594
1,1216.9678,614.9748,614974.7594
1,1217.0848,615.0918,615091.7594
1,1217.1370,615.1440,615143.9594
1,1217.2077,615.2147,615214.6594
1,1217.4859,615.4929,615492.8594
1,1217.6155,615.6225,615622.4594
1,1217.6904,615.6974,615697.3594
1,1217.7764,615.7834,615783.3594
1,1218.2462,616.2532,616253.1594
1,1218.2489,616.2559,616255.8594
1,1218.3221,616.3291,616329.0594
1,1218.3669,616.3739,616373.8594
1,1218.6771,616.6841,616684.0594
1,1218.6839,616.6909,616690.8594
1,1218.8905,616.8975,616897.4594
1,1219.1729,617.1799,617179.8594
1,1219.6469,617.6539,617653.8594
1,1219.8188,617.8258,617825.7594
1,1219.8974,617.9044,617904.3594
1,1220.8771,618.8841,618884.0594
1,1220.8835,618.8905,618890.4594
1,1220.9110,618.9180,618917.9594
1,1220.9462,618.9532,618953.1594
1,1220.9499,618.9569,618956.8594
1,1221.0332,619.0402,619040.1594
1,1221.0468,619.0538,619053.7594
1,1221.0517,619.0587,619058.6594
1,1221.0801,619.0871,619087.0594
1,1221.1008,619.1078,619107.7594
1,1221.1071,619.1141,619114.0594
1,1221.1154,619.1224,619122.3594
1,1221.1698,619.1768,619176.7594
1,1221.2747,619.2817,619281.6594
1,1221.2879,619.2949,619294.8594
1,1221.3034,619.3104,619310.3594
1,1221.3134,619.3204,619320.3594
1,1221.4059,619.4129,619412.8594
1,1221.4874,619.4944,619494.3594
1,1221.5554,619.5624,619562.3594
1,1222.0904,620.0974,620097.3594
1,1222.2851,620.2921,620292.0594
1,1222.3979,620.4049,620404.8594
1,1222.4579,620.4649,620464.8594
1,1222.5823,620.5893,620589.2594
1,1222.6116,620.6186,620618.5594
1,1222.6195,620.6265,620626.4594
1,1222.7191,620.7261,620726.0594
1,1222.7232,620.7302,620730.1594
1,1222.7761,620.7831,620783.0594
1,1222.7835,620.7905,620790.4594
1,1222.8826,620.8896,620889.5594
1,1222.9636,620.9706,620970.5594
1,1222.9666,620.9736,620973.5594
1,1223.0117,621.0187,621018.6594
1,1223.0246,621.0316,621031.5594
1,1223.0705,621.0775,621077.4594
1,1223.1126,621.1196,621119.5594
1,1223.1157,621.1227,621122.6594
1,1223.1344,621.1414,621141.3594
1,1223.1597,621.1667,621166.6594
1,1223.2730,621.2800,621279.9594
1,1223.3309,621.3379,621337.8594
1,1223.3375,621.3445,621344.4594
1,1223.3424,621.3494,621349.3594
1,1223.6175,621.6245,621624.4594
1,1223.7585,621.7655,621765.4594
1,1223.8174,621.8244,621824.3594
1,1223.8856,621.8926,621892.5594
1,1223.9337,621.9407,621940.6594
1,1224.0721,622.0791,622079.0594
1,1224.0747,622.0817,622081.6594
1,1224.2189,622.2259,622225.8594
1,1224.2708,622.2778,622277.7594
1,1224.3147,622.3217,622321.6594
1,1224.3569,622.3639,622363.8594
1,1224.4199,622.4269,622426.8594
1,1224.4714,622.4784,622478.3594
1,1224.5066,622.5136,622513.5594
1,1224.5583,622.5653,622565.2594
1,1224.6129,622.6199,622619.8594
1,1224.6154,622.6224,622622.3594
1,1224.6287,622.6357,622635.6594
1,1224.6869,622.6939,622693.8594
1,1224.7347,622.7417,622741.6594
1,1224.8355,622.8425,622842.4594
1,1224.9300,622.9370,622936.9594
1,1225.0947,623.1017,623101.6594
1,1225.2982,623.3052,623305.1594
1,1225.3739,623.3809,623380.8594
1,1225.4850,623.4920,623491.9594
1,1225.6781,623.6851,623685.0594
1,1225.7349,623.7419,623741.8594
1,1225.7374,623.7444,623744.3594
1,1225.8637,623.8707,623870.6594
1,1225.8707,623.8777,623877.6594
1,1226.6923,624.6993,624699.2594
1,1226.8720,624.8790,624878.9594
1,1226.9327,624.9397,624939.6594
1,1227.0599,625.0669,625066.8594
1,1227.1200,625.1270,625126.9594
1,1227.1940,625.2010,625200.9594
1,1227.2323,625.2393,625239.2594
1,1227.3020,625.3090,625308.9594
1,1227.3329,625.3399,625339.8594
1,1227.4164,625.4234,625423.3594
1,1227.5117,625.5187,625518.6594
1,1227.6109,625.6179,625617.8594
1,1227.8055,625.8125,625812.4594
1,1228.2195,626.2265,626226.4594
1,1228.2281,626.2351,626235.0594
1,1228.2307,626.2377,626237.6594
1,1228.2528,626.2598,626259.7594
1,1228.2644,626.2714,626271.3594
1,1228.2710,626.2780,626277.9594
1,1228.2773,626.2843,626284.2594
1,1228.3043,626.3113,626311.2594
1,1228.5004,626.5074,626507.3594
1,1228.5574,626.5644,626564.3594
1,1228.5791,626.5861,626586.0594
1,1228.5874,626.5944,626594.3594
1,1228.5919,626.5989,626598.8594
1,1228.6132,626.6202,626620.1594
1,1228.6275,626.6345,626634.4594
1,1228.6413,626.6483,626648.2594
1,1228.6532,626.6602,626660.1594
1,1228.6844,626.6914,626691.3594
1,1228.6951,626.7021,626702.0594
1,1228.6979,626.7049,626704.8594
1,1228.7560,626.7630,626762.9594
1,1228.7896,626.7966,626796.5594
1,1228.8168,626.8238,626823.7594
1,1228.8539,626.8609,626860.8594
1,1228.8565,626.8635,626863.4594
1,1228.8662,626.8732,626873.1594
1,1228.9656,626.9726,626972.5594
1,1228.9789,626.9859,626985.8594
1,1229.0010,627.0080,627007.9594
1,1229.1020,627.1090,627108.9594
1,1229.1066,627.1136,627113.5594
1,1229.1484,627.1554,627155.3594
1,1229.1499,627.1569,627156.8594
1,1229.1860,627.1930,627192.9594
1,1229.2104,627.2174,627217.3594
1,1229.2753,627.2823,627282.2594
1,1229.3223,627.3293,627329.2594
1,1229.3242,627.3312,627331.1594
1,1229.4192,627.4262,627426.1594
1,1229.4516,627.4586,627458.5594
1,1229.4807,627.4877,627487.6594
1,1229.8106,627.8176,627817.5594
1,1229.9551,627.9621,627962.0594
1,1229.9776,627.9846,627984.5594
1,1229.9934,628.0004,628000.3594
1,1230.0108,628.0178,628017.7594
1,1230.0960,628.1030,628102.9594
1,1230.2555,628.2625,628262.4594
1,1230.2973,628.3043,628304.2594
1,1230.3453,628.3523,628352.2594
1,1230.5128,628.5198,628519.7594
1,1230.5752,628.5822,628582.1594
1,1231.0819,629.0889,629088.8594
1,1231.2361,629.2431,629243.0594
1,1231.2775,629.2845,629284.4594
1,1231.4049,629.4119,629411.8594
1,1231.4191,629.4261,629426.0594
1,1232.5539,630.5609,630560.8594
1,1233.1354,631.1424,631142.3594
1,1233.2483,631.2553,631255.2594
1,1233.4649,631.4719,631471.8594
1,1233.5178,631.5248,631524.7594
1,1233.6121,631.6191,631619.0594
1,1233.6215,631.6285,631628.4594
1,1233.6340,631.6410,631640.9594
1,1233.7090,631.7160,631715.9594
1,1233.7897,631.7967,631796.6594
1,1234.0487,632.0557,632055.6594
1,1234.0548,632.0618,632061.7594
1,1234.4216,632.4286,632428.5594
1,1234.4242,632.4312,632431.1594
1,1235.9943,634.0013,634001.2594
1,1236.0241,634.0311,634031.0594
1,1236.0309,634.0379,634037.8594
1,1236.0780,634.0850,634084.9594
1,1236.1127,634.1197,634119.6594
1,1236.1754,634.1824,634182.3594
1,1236.2054,634.2124,634212.3594
1,1236.2683,634.2753,634275.2594
1,1236.3337,634.3407,634340.6594
1,1236.3618,634.3688,634368.7594
1,1236.3904,634.3974,634397.3594
1,1236.4390,634.4460,634445.9594
1,1236.4645,634.4715,634471.4594
1,1236.5001,634.5071,634507.0594
1,1236.5184,634.5254,634525.3594
1,1236.5868,634.5938,634593.7594
1,1236.6912,634.6982,634698.1594
1,1236.7550,634.7620,634761.9594
1,1236.7719,634.7789,634778.8594
1,1236.8470,634.8540,634853.9594
1,1236.8921,634.8991,634899.0594
1,1236.9056,634.9126,634912.5594
1,1236.9117,634.9187,634918.6594
1,1236.9550,634.9620,634961.9594
1,1237.0212,635.0282,635028.1594
1,1237.1201,635.1271,635127.0594
1,1237.1846,635.1916,635191.5594
1,1237.2333,635.2403,635240.2594
1,1237.2381,635.2451,635245.0594
1,1237.2431,635.2501,635250.0594
1,1237.3038,635.3108,635310.7594
1,1237.3264,635.3334,635333.3594
1,1237.4021,635.4091,635409.0594
1,1237.4040,635.4110,635410.9594
1,1237.4679,635.4749,635474.8594
1,1237.4973,635.5043,635504.2594
1,1237.5513,635.5583,635558.2594
1,1237.5764,635.5834,635583.3594
1,1237.6798,635.6868,635686.7594
1,1237.8277,635.8347,635834.6594
1,1237.9105,635.9175,635917.4594
1,1237.9234,635.9304,635930.3594
1,1237.9985,636.0055,636005.4594
1,1238.0095,636.0165,636016.4594
1,1238.0140,636.0210,636020.9594
1,1238.0698,636.0768,636076.7594
1,1238.0733,636.0803,636080.2594
1,1238.0780,636.0850,636084.9594
1,1238.1227,636.1297,636129.6594
1,1238.1550,636.1620,636161.9594
1,1238.2367,636.2437,636243.6594
1,1238.3220,636.3290,636328.9594
1,1238.3532,636.3602,636360.1594
1,1238.3980,636.4050,636404.9594
1,1238.4000,636.4070,636406.9594
1,1238.5104,636.5174,636517.3594
1,1238.5271,636.5341,636534.0594
1,1238.5507,636.5577,636557.6594
1,1238.5835,636.5905,636590.4594
1,1238.6183,636.6253,636625.2594
1,1238.7201,636.7271,636727.0594
1,1238.7585,636.7655,636765.4594
1,1238.8070,636.8140,636813.9594
1,1238.9677,636.9747,636974.6594
1,1239.1313,637.1383,637138.2594
1,1239.2278,637.2348,637234.7594
1,1239.2548,637.2618,637261.7594
1,1239.2783,637.2853,637285.2594
1,1239.2862,637.2932,637293.1594
1,1239.5161,637.5231,637523.0594
1,1239.5271,637.5341,637534.0594
1,1239.5391,637.5461,637546.0594
1,1239.8818,637.8888,637888.7594
1,1240.0519,638.0589,638058.8594
1,1240.1152,638.1222,638122.1594
1,1240.1403,638.1473,638147.2594
1,1240.1815,638.1885,638188.4594
1,1240.1914,638.1984,638198.3594
1,1240.2666,638.2736,638273.5594
1,1240.4420,638.4490,638448.9594
1,1240.5831,638.5901,638590.0594
1,1241.0653,639.0723,639072.2594
1,1241.3189,639.3259,639325.8594
1,1241.9428,639.9498,639949.7594
1,1242.3314,640.3384,640338.3594
1,1242.3450,640.3520,640351.9594
1,1242.3723,640.3793,640379.2594
1,1242.6728,640.6798,640679.7594
1,1242.7508,640.7578,640757.7594
1,1242.7531,640.7601,640760.0594
1,1243.0271,641.0341,641034.0594
1,1243.1241,641.1311,641131.0594
1,1243.2673,641.2743,641274.2594
1,1243.2700,641.2770,641276.9594
1,1243.2729,641.2799,641279.8594
1,1243.3084,641.3154,641315.3594
1,1243.3827,641.3897,641389.6594
1,1243.3982,641.4052,641405.1594
1,1245.4723,643.4793,643479.2594
1,1245.5209,643.5279,643527.8594
1,1245.5400,643.5470,643546.9594
1,1245.6450,643.6520,643651.9594
1,1245.8306,643.8376,643837.5594
1,1245.9750,643.9820,643981.9594
1,1246.0179,644.0249,644024.8594
1,1246.0381,644.0451,644045.0594
1,1246.0912,644.0982,644098.1594
1,1246.0945,644.1015,644101.4594
1,1246.1073,644.1143,644114.2594
1,1246.2410,644.2480,644247.9594
1,1246.2610,644.2680,644267.9594
1,1246.3470,644.3540,644353.9594
1,1246.3698,644.3768,644376.7594
1,1246.4073,644.4143,644414.2594
1,1246.4528,644.4598,644459.7594
1,1246.5242,644.5312,644531.1594
1,1246.5417,644.5487,644548.6594
1,1246.5696,644.5766,644576.5594
1,1246.6818,644.6888,644688.7594
1,1246.7215,644.7285,644728.4594
1,1246.7623,644.7693,644769.2594
1,1246.9297,644.9367,644936.6594
1,1246.9925,644.9995,644999.4594
1,1247.1979,645.2049,645204.8594
1,1247.3152,645.3222,645322.1594
1,1247.3587,645.3657,645365.6594
1,1247.4032,645.4102,645410.1594
1,1247.4060,645.4130,645412.9594
1,1247.4552,645.4622,645462.1594
1,1247.4879,645.4949,645494.8594
1,1247.5325,645.5395,645539.4594
1,1247.5515,645.5585,645558.4594
1,1247.8799,645.8869,645886.8594
1,1247.8865,645.8935,645893.4594
1,1248.0219,646.0289,646028.8594
1,1248.0610,646.0680,646067.9594
1,1248.0642,646.0712,646071.1594
1,1248.1816,646.1886,646188.5594
1,1248.2331,646.2401,646240.0594
1,1248.2377,646.2447,646244.6594
1,1248.2599,646.2669,646266.8594
1,1248.2743,646.2813,646281.2594
1,1248.2762,646.2832,646283.1594
1,1248.3294,646.3364,646336.3594
1,1248.3376,646.3446,646344.5594
1,1248.3569,646.3639,646363.8594
1,1248.3682,646.3752,646375.1594
1,1248.4229,646.4299,646429.8594
1,1248.4255,646.4325,646432.4594
1,1248.4292,646.4362,646436.1594
1,1248.4329,646.4399,646439.8594
1,1248.4347,646.4417,646441.6594
1,1248.4645,646.4715,646471.4594
1,1248.4755,646.4825,646482.4594
1,1248.4829,646.4899,646489.8594
1,1248.4974,646.5044,646504.3594
1,1248.5192,646.5262,646526.1594
1,1248.5309,646.5379,646537.8594
1,1250.1699,648.1769,648176.8594
1,1250.2491,648.2561,648256.0594
1,1250.3317,648.3387,648338.6594
1,1250.4630,648.4700,648469.9594
1,1250.4685,648.4755,648475.4594
1,1250.5858,648.5928,648592.7594
1,1251.7198,649.7268,649726.7594
1,1251.7788,649.7858,649785.7594
1,1251.8687,649.8757,649875.6594
1,1252.5486,650.5556,650555.5594
1,1252.5826,650.5896,650589.5594
1,1252.6906,650.6976,650697.5594
1,1252.6981,650.7051,650705.0594
1,1252.7140,650.7210,650720.9594
1,1252.7742,650.7812,650781.1594
1,1255.5492,653.5562,653556.1594
1,1256.3782,654.3852,654385.1594
1,1256.6312,654.6382,654638.1594
1,1257.3740,655.3810,655380.9594
1,1257.5066,655.5136,655513.5594
1,1257.5091,655.5161,655516.0594
1,1257.8079,655.8149,655814.8594
1,1257.9238,655.9308,655930.7594
1,1257.9267,655.9337,655933.6594
1,1258.1266,656.1336,656133.5594
1,1258.7721,656.7791,656779.0594
1,1258.7972,656.8042,656804.1594
1,1258.8293,656.8363,656836.2594
1,1258.8316,656.8386,656838.5594
1,1258.8402,656.8472,656847.1594
1,1258.8483,656.8553,656855.2594
1,1259.0364,657.0434,657043.3594
1,1259.1907,657.1977,657197.6594
1,1259.1940,657.2010,657200.9594
1,1259.9802,657.9872,657987.1594
1,1260.0969,658.1039,658103.8594
1,1260.2506,658.2576,658257.5594
1,1260.2601,658.2671,658267.0594
1,1260.3373,658.3443,658344.2594
1,1260.4861,658.4931,658493.0594
1,1260.6574,658.6644,658664.3594
1,1260.7043,658.7113,658711.2594
1,1260.7612,658.7682,658768.1594
1,1260.7913,658.7983,658798.2594
1,1260.8624,658.8694,658869.3594
1,1260.8647,658.8717,658871.6594
1,1260.9369,658.9439,658943.8594
1,1260.9479,658.9549,658954.8594
1,1261.0047,659.0117,659011.6594
1,1261.0792,659.0862,659086.1594
1,1261.1171,659.1241,659124.0594
1,1261.1723,659.1793,659179.2594
1,1261.1912,659.1982,659198.1594
1,1261.2369,659.2439,659243.8594
1,1261.3316,659.3386,659338.5594
1,1261.3351,659.3421,659342.0594
1,1261.3372,659.3442,659344.1594
1,1261.4621,659.4691,659469.0594
1,1262.0416,660.0486,660048.5594
1,1262.2567,660.2637,660263.6594
1,1262.2871,660.2941,660294.0594
1,1262.3274,660.3344,660334.3594
1,1262.5537,660.5607,660560.6594
1,1262.6858,660.6928,660692.7594
1,1262.6898,660.6968,660696.7594
1,1263.8639,661.8709,661870.8594
1,1264.0022,662.0092,662009.1594
1,1265.4991,663.5061,663506.0594
1,1265.7017,663.7087,663708.6594
1,1265.7498,663.7568,663756.7594
1,1266.0528,664.0598,664059.7594
1,1266.3552,664.3622,664362.1594
1,1266.4752,664.4822,664482.1594
1,1267.3515,665.3585,665358.4594
1,1269.3527,667.3597,667359.6594
1,1269.5345,667.5415,667541.4594
1,1270.9261,668.9331,668933.0594
1,1270.9832,668.9902,668990.1594
1,1271.0452,669.0522,669052.1594
1,1271.0597,669.0667,669066.6594
1,1271.0744,669.0814,669081.3594
1,1271.1534,669.1604,669160.3594
1,1271.1839,669.1909,669190.8594
1,1271.2379,669.2449,669244.8594
1,1271.2522,669.2592,669259.1594
1,1271.2613,669.2683,669268.2594
1,1271.2700,669.2770,669276.9594
1,1271.2983,669.3053,669305.2594
1,1271.4438,669.4508,669450.7594
1,1271.4465,669.4535,669453.4594
1,1271.4631,669.4701,669470.0594
1,1271.5164,669.5234,669523.3594
1,1271.5196,669.5266,669526.5594
1,1271.5248,669.5318,669531.7594
1,1271.5311,669.5381,669538.0594
1,1271.7618,669.7688,669768.7594
1,1271.7829,669.7899,669789.8594
1,1271.8206,669.8276,669827.5594
1,1271.8446,669.8516,669851.5594
1,1271.8469,669.8539,669853.8594
1,1271.8538,669.8608,669860.7594
1,1271.8629,669.8699,669869.8594
1,1272.1230,670.1300,670129.9594
1,1272.6440,670.6510,670650.9594
1,1273.3798,671.3868,671386.7594
1,1273.4756,671.4826,671482.5594
1,1273.5793,671.5863,671586.2594
1,1273.7315,671.7385,671738.4594
1,1273.7339,671.7409,671740.8594
1,1273.7848,671.7918,671791.7594
1,1273.9761,671.9831,671983.0594
1,1274.1025,672.1095,672109.4594
1,1274.1602,672.1672,672167.1594
1,1274.1898,672.1968,672196.7594
1,1274.2272,672.2342,672234.1594
1,1274.2305,672.2375,672237.4594
1,1274.2332,672.2402,672240.1594
1,1274.2499,672.2569,672256.8594
1,1274.3708,672.3778,672377.7594
1,1274.4010,672.4080,672407.9594
1,1274.4361,672.4431,672443.0594
1,1274.4951,672.5021,672502.0594
1,1274.4968,672.5038,672503.7594
1,1274.5327,672.5397,672539.6594
1,1274.6748,672.6818,672681.7594
1,1274.7612,672.7682,672768.1594
1,1274.8002,672.8072,672807.1594
1,1274.8022,672.8092,672809.1594
1,1274.9129,672.9199,672919.8594
1,1274.9469,672.9539,672953.8594
1,1275.0297,673.0367,673036.6594
1,1275.2459,673.2529,673252.8594
1,1275.2629,673.2699,673269.8594
1,1275.3214,673.3284,673328.3594
1,1275.3736,673.3806,673380.5594
1,1275.4034,673.4104,673410.3594
1,1275.4083,673.4153,673415.2594
1,1275.4871,673.4941,673494.0594
1,1275.6176,673.6246,673624.5594
1,1276.0367,674.0437,674043.6594
1,1276.1846,674.1916,674191.5594
1,1276.2086,674.2156,674215.5594
1,1276.2453,674.2523,674252.2594
1,1276.2479,674.2549,674254.8594
1,1276.2963,674.3033,674303.2594
1,1276.3525,674.3595,674359.4594
1,1276.4028,674.4098,674409.7594
1,1276.4299,674.4369,674436.8594
1,1276.7585,674.7655,674765.4594
1,1276.9635,674.9705,674970.4594
1,1277.0292,675.0362,675036.1594
1,1277.1129,675.1199,675119.8594
1,1277.2232,675.2302,675230.1594
1,1277.2442,675.2512,675251.1594
1,1277.2907,675.2977,675297.6594
1,1277.4126,675.4196,675419.5594
1,1277.6103,675.6173,675617.2594
1,1277.6187,675.6257,675625.6594
1,1277.6587,675.6657,675665.6594
1,1277.8351,675.8421,675842.0594
1,1277.8575,675.8645,675864.4594
1,1278.0260,676.0330,676032.9594
1,1278.2569,676.2639,676263.8594
1,1278.7994,676.8064,676806.3594
1,1279.0159,677.0229,677022.8594
1,1279.6907,677.6977,677697.6594
1,1280.0333,678.0403,678040.2594
1,1280.4208,678.4278,678427.7594
1,1280.4234,678.4304,678430.3594
1,1282.5197,680.5267,680526.6594
1,1283.3471,681.3541,681354.0594
1,1283.5866,681.5936,681593.5594
1,1283.8056,681.8126,681812.5594
1,1283.9921,681.9991,681999.0594
1,1284.0267,682.0337,682033.6594
1,1284.1269,682.1339,682133.8594
1,1284.1402,682.1472,682147.1594
1,1284.1428,682.1498,682149.7594
1,1284.2112,682.2182,682218.1594
1,1284.2418,682.2488,682248.7594
1,1284.2612,682.2682,682268.1594
1,1284.2779,682.2849,682284.8594
1,1284.3696,682.3766,682376.5594
1,1284.3830,682.3900,682389.9594
1,1284.3922,682.3992,682399.1594
1,1284.3960,682.4030,682402.9594
1,1284.4371,682.4441,682444.0594
1,1284.4587,682.4657,682465.6594
1,1284.5178,682.5248,682524.7594
1,1284.5491,682.5561,682556.0594
1,1284.6456,682.6526,682652.5594
1,1284.6949,682.7019,682701.8594
1,1284.7166,682.7236,682723.5594
1,1284.7978,682.8048,682804.7594
1,1284.9237,682.9307,682930.6594
1,1284.9472,682.9542,682954.1594
1,1285.0559,683.0629,683062.8594
1,1285.4772,683.4842,683484.1594
1,1285.6434,683.6504,683650.3594
1,1285.7998,683.8068,683806.7594
1,1285.8665,683.8735,683873.4594
1,1285.8690,683.8760,683875.9594
1,1285.9065,683.9135,683913.4594
1,1285.9759,683.9829,683982.8594
1,1286.0890,684.0960,684095.9594
1,1286.1085,684.1155,684115.4594
1,1286.2290,684.2360,684235.9594
1,1286.3011,684.3081,684308.0594
1,1286.3102,684.3172,684317.1594
1,1286.3137,684.3207,684320.6594
1,1286.4104,684.4174,684417.3594
1,1286.4827,684.4897,684489.6594
1,1286.6190,684.6260,684625.9594
1,1286.6528,684.6598,684659.7594
1,1286.6579,684.6649,684664.8594
1,1286.7851,684.7921,684792.0594
1,1286.8440,684.8510,684850.9594
1,1286.8800,684.8870,684886.9594
1,1286.9049,684.9119,684911.8594
1,1286.9999,685.0069,685006.8594
1,1287.0180,685.0250,685024.9594
1,1287.0680,685.0750,685074.9594
1,1287.0707,685.0777,685077.6594
1,1287.0906,685.0976,685097.5594
1,1287.7166,685.7236,685723.5594
1,1288.8323,686.8393,686839.2594
1,1288.9450,686.9520,686951.9594
1,1289.0060,687.0130,687012.9594
1,1289.3357,687.3427,687342.6594
1,1289.5094,687.5164,687516.3594
1,1289.5961,687.6031,687603.0594
1,1290.2190,688.2260,688225.9594
1,1290.2457,688.2527,688252.6594
1,1290.2854,688.2924,688292.3594
1,1291.7689,689.7759,689775.8594
1,1291.7713,689.7783,689778.2594
1,1291.8844,689.8914,689891.3594
1,1291.9152,689.9222,689922.1594
1,1291.9321,689.9391,689939.0594
1,1292.1289,690.1359,690135.8594
1,1292.4042,690.4112,690411.1594
1,1292.4256,690.4326,690432.5594
1,1292.5129,690.5199,690519.8594
1,1292.5267,690.5337,690533.6594
1,1292.6249,690.6319,690631.8594
1,1292.6362,690.6432,690643.1594
1,1292.6594,690.6664,690666.3594
1,1292.7027,690.7097,690709.6594
1,1292.7221,690.7291,690729.0594
1,1292.7244,690.7314,690731.3594
1,1292.8030,690.8100,690809.9594
1,1292.8131,690.8201,690820.0594
1,1292.8156,690.8226,690822.5594
1,1292.8469,690.8539,690853.8594
1,1292.9011,690.9081,690908.0594
1,1292.9032,690.9102,690910.1594
1,1292.9779,690.9849,690984.8594
1,1292.9879,690.9949,690994.8594
1,1295.4325,693.4395,693439.4594
1,1295.5171,693.5241,693524.0594
1,1295.5865,693.5935,693593.4594
1,1295.9047,693.9117,693911.6594
1,1296.4489,694.4559,694455.8594
1,1296.5204,694.5274,694527.3594
1,1296.5384,694.5454,694545.3594
1,1297.2043,695.2113,695211.2594
1,1297.2668,695.2738,695273.7594
1,1297.3051,695.3121,695312.0594
1,1297.8474,695.8544,695854.3594
1,1297.9436,695.9506,695950.5594
1,1297.9863,695.9933,695993.2594
1,1298.1084,696.1154,696115.3594
1,1298.1969,696.2039,696203.8594
1,1298.2615,696.2685,696268.4594
1,1298.3314,696.3384,696338.3594
1,1298.5092,696.5162,696516.1594
1,1298.5753,696.5823,696582.2594
1,1298.6926,696.6996,696699.5594
1,1299.2359,697.2429,697242.8594
1,1299.5935,697.6005,697600.4594
1,1299.6352,697.6422,697642.1594
1,1299.6394,697.6464,697646.3594
1,1299.8102,697.8172,697817.1594
1,1299.8260,697.8330,697832.9594
1,1299.8371,697.8441,697844.0594
1,1299.9122,697.9192,697919.1594
1,1299.9987,698.0057,698005.6594
1,1300.0632,698.0702,698070.1594
1,1300.1976,698.2046,698204.5594
1,1300.3733,698.3803,698380.2594
1,1300.8919,698.8989,698898.8594
1,1301.6071,699.6141,699614.0594
1,1302.5306,700.5376,700537.5594
1,1302.5729,700.5799,700579.8594
1,1302.6834,700.6904,700690.3594
1,1302.7628,700.7698,700769.7594
1,1303.3244,701.3314,701331.3594
1,1305.3240,703.3310,703330.9594
1,1305.3277,703.3347,703334.6594
1,1305.3888,703.3958,703395.7594
1,1305.7495,703.7565,703756.4594
1,1305.7548,703.7618,703761.7594
1,1305.8719,703.8789,703878.8594
1,1305.8759,703.8829,703882.8594
1,1306.1340,704.1410,704140.9594
1,1306.2252,704.2322,704232.1594
1,1306.2351,704.2421,704242.0594
1,1306.2790,704.2860,704285.9594
1,1306.3841,704.3911,704391.0594
1,1306.4037,704.4107,704410.6594
1,1306.4076,704.4146,704414.5594
1,1306.4932,704.5002,704500.1594
1,1306.7252,704.7322,704732.1594
1,1306.9043,704.9113,704911.2594
1,1307.0673,705.0743,705074.2594
1,1307.1431,705.1501,705150.0594
1,1307.1459,705.1529,705152.8594
1,1307.1740,705.1810,705180.9594
1,1307.2296,705.2366,705236.5594
1,1307.3407,705.3477,705347.6594
1,1307.5483,705.5553,705555.2594
1,1307.7032,705.7102,705710.1594
1,1308.1158,706.1228,706122.7594
1,1308.1644,706.1714,706171.3594
1,1308.2418,706.2488,706248.7594
1,1308.2589,706.2659,706265.8594
1,1308.3594,706.3664,706366.3594
1,1308.4079,706.4149,706414.8594
1,1308.4721,706.4791,706479.0594
1,1308.4868,706.4938,706493.7594
1,1308.7107,706.7177,706717.6594
1,1308.7948,706.8018,706801.7594
1,1308.8394,706.8464,706846.3594
1,1308.9102,706.9172,706917.1594
1,1308.9256,706.9326,706932.5594
1,1308.9370,706.9440,706943.9594
1,1308.9428,706.9498,706949.7594
1,1308.9869,706.9939,706993.8594
1,1308.9957,707.0027,707002.6594
1,1309.0184,707.0254,707025.3594
1,1309.1149,707.1219,707121.8594
1,1309.8974,707.9044,707904.3594
1,1309.9481,707.9551,707955.0594
1,1310.1355,708.1425,708142.4594
1,1310.4856,708.4926,708492.5594
1,1310.4880,708.4950,708494.9594
1,1310.5213,708.5283,708528.2594
1,1310.6392,708.6462,708646.1594
1,1310.7271,708.7341,708734.0594
1,1313.1107,711.1177,711117.6594
1,1313.2676,711.2746,711274.5594
1,1313.4123,711.4193,711419.2594
1,1313.5494,711.5564,711556.3594
1,1313.6944,711.7014,711701.3594
1,1313.7450,711.7520,711751.9594
1,1313.7751,711.7821,711782.0594
1,1313.8479,711.8549,711854.8594
1,1313.8698,711.8768,711876.7594
1,1313.9540,711.9610,711960.9594
1,1314.0064,712.0134,712013.3594
1,1314.0168,712.0238,712023.7594
1,1314.0580,712.0650,712064.9594
1,1314.0964,712.1034,712103.3594
1,1314.1172,712.1242,712124.1594
1,1314.2117,712.2187,712218.6594
1,1314.2189,712.2259,712225.8594
1,1314.3124,712.3194,712319.3594
1,1314.3416,712.3486,712348.5594
1,1314.3689,712.3759,712375.8594
1,1314.4613,712.4683,712468.2594
1,1316.4937,714.5007,714500.6594
1,1317.6865,715.6935,715693.4594
1,1317.8784,715.8854,715885.3594
1,1317.9097,715.9167,715916.6594
1,1318.0652,716.0722,716072.1594
1,1318.5283,716.5353,716535.2594
1,1318.6056,716.6126,716612.5594
1,1318.6872,716.6942,716694.1594
1,1319.1001,717.1071,717107.0594
1,1320.0506,718.0576,718057.5594
1,1321.3703,719.3773,719377.2594
1,1321.5145,719.5215,719521.4594
1,1321.7237,719.7307,719730.6594
1,1322.1623,720.1693,720169.2594
1,1322.1755,720.1825,720182.4594
1,1322.1992,720.2062,720206.1594
1,1322.2662,720.2732,720273.1594
1,1322.2679,720.2749,720274.8594
1,1322.3432,720.3502,720350.1594
1,1322.3886,720.3956,720395.5594
1,1322.4623,720.4693,720469.2594
1,1322.5683,720.5753,720575.2594
1,1322.6108,720.6178,720617.7594
1,1322.7512,720.7582,720758.1594
1,1322.7538,720.7608,720760.7594
1,1323.2501,721.2571,721257.0594
1,1323.3114,721.3184,721318.3594
1,1323.5747,721.5817,721581.6594
1,1323.6309,721.6379,721637.8594
1,1324.0582,722.0652,722065.1594
1,1324.1622,722.1692,722169.1594
1,1324.4573,722.4643,722464.2594
1,1324.7038,722.7108,722710.7594
1,1325.1378,723.1448,723144.7594
1,1325.6883,723.6953,723695.2594
1,1326.7881,724.7951,724795.0594
1,1326.8253,724.8323,724832.2594
1,1326.8533,724.8603,724860.2594
1,1326.8553,724.8623,724862.2594
1,1326.8855,724.8925,724892.4594
1,1326.8876,724.8946,724894.5594
1,1326.8896,724.8966,724896.5594
1,1327.0418,725.0488,725048.7594
1,1327.0606,725.0676,725067.5594
1,1327.1319,725.1389,725138.8594
1,1327.1400,725.1470,725146.9594
1,1327.2113,725.2183,725218.2594
1,1327.2358,725.2428,725242.7594
1,1327.2745,725.2815,725281.4594
1,1327.2965,725.3035,725303.4594
1,1327.3075,725.3145,725314.4594
1,1327.3656,725.3726,725372.5594
1,1327.4127,725.4197,725419.6594
1,1327.4191,725.4261,725426.0594
1,1327.4238,725.4308,725430.7594
1,1327.4853,725.4923,725492.2594
1,1327.4950,725.5020,725501.9594
1,1327.5320,725.5390,725538.9594
1,1327.5953,725.6023,725602.2594
1,1327.6278,725.6348,725634.7594
1,1327.6524,725.6594,725659.3594
1,1327.6698,725.6768,725676.7594
1,1327.7090,725.7160,725715.9594
1,1327.8310,725.8380,725837.9594
1,1327.9501,725.9571,725957.0594
1,1327.9698,725.9768,725976.7594
1,1327.9861,725.9931,725993.0594
1,1328.0005,726.0075,726007.4594
1,1328.0389,726.0459,726045.8594
1,1328.0536,726.0606,726060.5594
1,1328.0973,726.1043,726104.2594
1,1328.1457,726.1527,726152.6594
1,1328.1669,726.1739,726173.8594
1,1328.1774,726.1844,726184.3594
1,1328.2430,726.2500,726249.9594
1,1328.2791,726.2861,726286.0594
1,1328.3005,726.3075,726307.4594
1,1328.3314,726.3384,726338.3594
1,1328.3877,726.3947,726394.6594
1,1328.4078,726.4148,726414.7594
1,1328.4998,726.5068,726506.7594
1,1328.5762,726.5832,726583.1594
1,1328.6273,726.6343,726634.2594
1,1328.6549,726.6619,726661.8594
1,1328.6680,726.6750,726674.9594
1,1328.7356,726.7426,726742.5594
1,1328.7820,726.7890,726788.9594
1,1328.8079,726.8149,726814.8594
1,1328.8759,726.8829,726882.8594
1,1329.0956,727.1026,727102.5594
1,1329.1493,727.1563,727156.2594
1,1329.1856,727.1926,727192.5594
1,1329.2013,727.2083,727208.2594
1,1329.2347,727.2417,727241.6594
1,1329.2443,727.2513,727251.2594
1,1329.3274,727.3344,727334.3594
1,1329.3426,727.3496,727349.5594
1,1329.4152,727.4222,727422.1594
1,1329.4524,727.4594,727459.3594
1,1329.5101,727.5171,727517.0594
1,1329.5632,727.5702,727570.1594
1,1329.5732,727.5802,727580.1594
1,1329.6115,727.6185,727618.4594
1,1329.7471,727.7541,727754.0594
1,1329.8747,727.8817,727881.6594
1,1329.8772,727.8842,727884.1594
1,1329.9483,727.9553,727955.2594
1,1329.9661,727.9731,727973.0594
1,1330.0058,728.0128,728012.7594
1,1330.0591,728.0661,728066.0594
1,1330.1108,728.1178,728117.7594
1,1330.1144,728.1214,728121.3594
1,1330.1169,728.1239,728123.8594
1,1330.2323,728.2393,728239.2594
1,1330.2813,728.2883,728288.2594
1,1330.3424,728.3494,728349.3594
1,1330.3745,728.3815,728381.4594
1,1330.4862,728.4932,728493.1594
1,1330.4881,728.4951,728495.0594
1,1330.5247,728.5317,728531.6594
1,1330.5402,728.5472,728547.1594
1,1330.7127,728.7197,728719.6594
1,1330.7562,728.7632,728763.1594
1,1330.7772,728.7842,728784.1594
1,1330.7940,728.8010,728800.9594
1,1330.8238,728.8308,728830.7594
1,1330.8413,728.8483,728848.2594
1,1330.9421,728.9491,728949.0594
1,1330.9469,728.9539,728953.8594
1,1330.9574,728.9644,728964.3594
1,1330.9881,728.9951,728995.0594
1,1331.0368,729.0438,729043.7594
1,1331.1179,729.1249,729124.8594
1,1331.5797,729.5867,729586.6594
1,1332.0486,730.0556,730055.5594
1,1332.1658,730.1728,730172.7594
1,1332.2456,730.2526,730252.5594
1,1332.2477,730.2547,730254.6594
1,1332.3541,730.3611,730361.0594
1,1332.3577,730.3647,730364.6594
1,1332.7562,730.7632,730763.1594
1,1332.9158,730.9228,730922.7594
1,1332.9407,730.9477,730947.6594
1,1332.9430,730.9500,730949.9594
1,1333.1848,731.1918,731191.7594
1,1333.3185,731.3255,731325.4594
1,1333.3549,731.3619,731361.8594
1,1333.4076,731.4146,731414.5594
1,1333.5289,731.5359,731535.8594
1,1333.6402,731.6472,731647.1594
1,1333.6720,731.6790,731678.9594
1,1333.6798,731.6868,731686.7594
1,1333.7649,731.7719,731771.8594
1,1333.8018,731.8088,731808.7594
1,1333.8572,731.8642,731864.1594
1,1333.9060,731.9130,731912.9594
1,1333.9967,732.0037,732003.6594
1,1334.0781,732.0851,732085.0594
1,1334.1176,732.1246,732124.5594
1,1334.2266,732.2336,732233.5594
1,1334.2952,732.3022,732302.1594
1,1334.3342,732.3412,732341.1594
1,1334.3379,732.3449,732344.8594
1,1334.3645,732.3715,732371.4594
1,1334.3769,732.3839,732383.8594
1,1334.4086,732.4156,732415.5594
1,1334.7207,732.7277,732727.6594
1,1334.7631,732.7701,732770.0594
1,1334.7703,732.7773,732777.2594
1,1334.7804,732.7874,732787.3594
1,1334.7994,732.8064,732806.3594
1,1334.8326,732.8396,732839.5594
1,1334.8660,732.8730,732872.9594
1,1334.9511,732.9581,732958.0594
1,1334.9669,732.9739,732973.8594
1,1334.9824,732.9894,732989.3594
1,1335.0480,733.0550,733054.9594
1,1335.0759,733.0829,733082.8594
1,1335.1700,733.1770,733176.9594
1,1335.2082,733.2152,733215.1594
1,1335.2527,733.2597,733259.6594
1,1335.3129,733.3199,733319.8594
1,1335.3193,733.3263,733326.2594
1,1335.3438,733.3508,733350.7594
1,1335.3798,733.3868,733386.7594
1,1335.4812,733.4882,733488.1594
1,1335.6041,733.6111,733611.0594
1,1335.6455,733.6525,733652.4594
1,1335.6957,733.7027,733702.6594
1,1335.7865,733.7935,733793.4594
1,1335.8228,733.8298,733829.7594
1,1335.8799,733.8869,733886.8594
1,1336.0332,734.0402,734040.1594
1,1336.1218,734.1288,734128.7594
1,1336.2206,734.2276,734227.5594
1,1336.3144,734.3214,734321.3594
1,1336.4820,734.4890,734488.9594
1,1336.5173,734.5243,734524.2594
1,1336.5212,734.5282,734528.1594
1,1336.6501,734.6571,734657.0594
1,1336.6524,734.6594,734659.3594
1,1336.9978,735.0048,735004.7594
1,1337.1716,735.1786,735178.5594
1,1337.2757,735.2827,735282.6594
1,1337.3518,735.3588,735358.7594
1,1337.4704,735.4774,735477.3594
1,1337.5111,735.5181,735518.0594
1,1337.5999,735.6069,735606.8594
1,1337.7024,735.7094,735709.3594
1,1337.8681,735.8751,735875.0594
1,1337.9762,735.9832,735983.1594
1,1338.1063,736.1133,736113.2594
1,1338.4019,736.4089,736408.8594
1,1338.4045,736.4115,736411.4594
1,1338.4072,736.4142,736414.1594
1,1338.7138,736.7208,736720.7594
1,1338.7302,736.7372,736737.1594
1,1338.7362,736.7432,736743.1594
1,1338.7381,736.7451,736745.0594
1,1338.7740,736.7810,736780.9594
1,1338.7763,736.7833,736783.2594
1,1338.8236,736.8306,736830.5594
1,1338.8299,736.8369,736836.8594
1,1338.8583,736.8653,736865.2594
1,1338.8810,736.8880,736887.9594
1,1338.8850,736.8920,736891.9594
1,1338.9582,736.9652,736965.1594
1,1338.9797,736.9867,736986.6594
1,1339.0093,737.0163,737016.2594
1,1339.0302,737.0372,737037.1594
1,1339.0847,737.0917,737091.6594
1,1339.0894,737.0964,737096.3594
1,1339.1152,737.1222,737122.1594
1,1339.1226,737.1296,737129.5594
1,1339.1728,737.1798,737179.7594
1,1339.2226,737.2296,737229.5594
1,1339.2539,737.2609,737260.8594
1,1339.2582,737.2652,737265.1594
1,1339.2902,737.2972,737297.1594
1,1339.2993,737.3063,737306.2594
1,1339.3040,737.3110,737310.9594
1,1339.3337,737.3407,737340.6594
1,1339.3552,737.3622,737362.1594
1,1339.4003,737.4073,737407.2594
1,1339.4055,737.4125,737412.4594
1,1339.4152,737.4222,737422.1594
1,1339.4316,737.4386,737438.5594
1,1339.4388,737.4458,737445.7594
1,1339.4537,737.4607,737460.6594
1,1339.4626,737.4696,737469.5594
1,1339.4655,737.4725,737472.4594
1,1339.4882,737.4952,737495.1594
1,1339.4985,737.5055,737505.4594
1,1339.5229,737.5299,737529.8594
1,1339.5252,737.5322,737532.1594
1,1339.5280,737.5350,737534.9594
1,1339.6416,737.6486,737648.5594
1,1339.6553,737.6623,737662.2594
1,1339.6758,737.6828,737682.7594
1,1339.6796,737.6866,737686.5594
1,1339.6879,737.6949,737694.8594
1,1339.7295,737.7365,737736.4594
1,1339.7466,737.7536,737753.5594
1,1339.7506,737.7576,737757.5594
1,1339.7646,737.7716,737771.5594
1,1339.7802,737.7872,737787.1594
1,1339.7851,737.7921,737792.0594
1,1339.8366,737.8436,737843.5594
1,1339.8557,737.8627,737862.6594
1,1339.8601,737.8671,737867.0594
1,1339.8851,737.8921,737892.0594
1,1339.9646,737.9716,737971.5594
1,1339.9671,737.9741,737974.0594
1,1339.9866,737.9936,737993.5594
1,1339.9891,737.9961,737996.0594
1,1340.1337,738.1407,738140.6594
1,1340.1467,738.1537,738153.6594
1,1340.2164,738.2234,738223.3594
1,1340.2200,738.2270,738226.9594
1,1340.2906,738.2976,738297.5594
1,1340.8297,738.8367,738836.6594
1,1341.0711,739.0781,739078.0594
1,1341.0733,739.0803,739080.2594
1,1341.9827,739.9897,739989.6594
1,1342.0807,740.0877,740087.6594
1,1342.5896,740.5966,740596.5594
1,1342.6460,740.6530,740652.9594
1,1342.6483,740.6553,740655.2594
1,1342.9783,740.9853,740985.2594
1,1343.5928,741.5998,741599.7594
1,1344.1095,742.1165,742116.4594
1,1344.5412,742.5482,742548.1594
1,1345.0056,743.0126,743012.5594
1,1345.0567,743.0637,743063.6594
1,1345.0753,743.0823,743082.2594
1,1345.2528,743.2598,743259.7594
1,1345.3746,743.3816,743381.5594
1,1345.9436,743.9506,743950.5594
1,1346.1970,744.2040,744203.9594
1,1346.6665,744.6735,744673.4594
1,1346.7457,744.7527,744752.6594
1,1346.7480,744.7550,744754.9594
1,1347.0907,745.0977,745097.6594
1,1347.2751,745.2821,745282.0594
1,1347.4439,745.4509,745450.8594
1,1347.6507,745.6577,745657.6594
1,1348.0596,746.0666,746066.5594
1,1350.2541,748.2611,748261.0594
1,1350.2824,748.2894,748289.3594
1,1350.2863,748.2933,748293.2594
1,1350.2889,748.2959,748295.8594
1,1350.3729,748.3799,748379.8594
1,1350.4061,748.4131,748413.0594
1,1350.4366,748.4436,748443.5594
1,1350.4787,748.4857,748485.6594
1,1352.0983,750.1053,750105.2594
1,1352.1098,750.1168,750116.7594
1,1352.1122,750.1192,750119.1594
1,1352.1146,750.1216,750121.5594
1,1352.1986,750.2056,750205.5594
1,1352.2534,750.2604,750260.3594
1,1352.2622,750.2692,750269.1594
1,1352.2646,750.2716,750271.5594
1,1352.3025,750.3095,750309.4594
1,1352.3908,750.3978,750397.7594
1,1352.4246,750.4316,750431.5594
1,1352.4771,750.4841,750484.0594
1,1352.4790,750.4860,750485.9594
1,1352.5642,750.5712,750571.1594
1,1352.6523,750.6593,750659.2594
1,1353.2579,751.2649,751264.8594
1,1354.1988,752.2058,752205.7594
1,1354.6475,752.6545,752654.4594
1,1354.9486,752.9556,752955.5594
1,1355.1219,753.1289,753128.8594
1,1355.1430,753.1500,753149.9594
1,1355.2030,753.2100,753209.9594
1,1355.2959,753.3029,753302.8594
1,1355.4212,753.4282,753428.1594
1,1355.4265,753.4335,753433.4594
1,1355.4620,753.4690,753468.9594
1,1355.4830,753.4900,753489.9594
1,1355.5582,753.5652,753565.1594
1,1355.6329,753.6399,753639.8594
1,1355.6373,753.6443,753644.2594
1,1355.6743,753.6813,753681.2594
1,1355.7261,753.7331,753733.0594
1,1355.7405,753.7475,753747.4594
1,1356.0963,754.1033,754103.2594
1,1356.1024,754.1094,754109.3594
1,1356.3984,754.4054,754405.3594
1,1356.6810,754.6880,754687.9594
1,1356.7133,754.7203,754720.2594
1,1356.7465,754.7535,754753.4594
1,1356.7731,754.7801,754780.0594
1,1356.9237,754.9307,754930.6594
1,1357.3065,755.3135,755313.4594
1,1357.3090,755.3160,755315.9594
1,1357.4641,755.4711,755471.0594
1,1358.7296,756.7366,756736.5594
1,1360.0281,758.0351,758035.0594
1,1361.4854,759.4924,759492.3594
1,1361.5877,759.5947,759594.6594
1,1361.7871,759.7941,759794.0594
1,1361.8038,759.8108,759810.7594
1,1361.8880,759.8950,759894.9594
1,1361.9048,759.9118,759911.7594
1,1362.2650,760.2720,760271.9594
1,1363.2676,761.2746,761274.5594
1,1363.3278,761.3348,761334.7594
1,1363.5595,761.5665,761566.4594
1,1363.7837,761.7907,761790.6594
1,1363.8056,761.8126,761812.5594
1,1363.8099,761.8169,761816.8594
1,1363.8636,761.8706,761870.5594
1,1363.9775,761.9845,761984.4594
1,1363.9798,761.9868,761986.7594
1,1364.0790,762.0860,762085.9594
1,1364.4514,762.4584,762458.3594
1,1364.9139,762.9209,762920.8594
1,1365.1667,763.1737,763173.6594
1,1365.3181,763.3251,763325.0594
1,1365.7140,763.7210,763720.9594
1,1365.7625,763.7695,763769.4594
1,1365.9025,763.9095,763909.4594
1,1365.9511,763.9581,763958.0594
1,1366.2482,764.2552,764255.1594
1,1366.3132,764.3202,764320.1594
1,1366.4492,764.4562,764456.1594
1,1366.4880,764.4950,764494.9594
1,1367.1832,765.1902,765190.1594
1,1367.2696,765.2766,765276.5594
1,1367.2815,765.2885,765288.4594
1,1367.3445,765.3515,765351.4594
1,1367.3563,765.3633,765363.2594
1,1367.4558,765.4628,765462.7594
1,1367.6812,765.6882,765688.1594
1,1367.7659,765.7729,765772.8594
1,1368.6032,766.6102,766610.1594
1,1368.6055,766.6125,766612.4594
1,1368.6110,766.6180,766617.9594
1,1368.6275,766.6345,766634.4594
1,1368.6324,766.6394,766639.3594
1,1368.6452,766.6522,766652.1594
1,1368.8377,766.8447,766844.6594
1,1369.3536,767.3606,767360.5594
1,1369.3641,767.3711,767371.0594
1,1369.4154,767.4224,767422.3594
1,1369.8050,767.8120,767811.9594
1,1369.9060,767.9130,767912.9594
1,1369.9308,767.9378,767937.7594
1,1371.5216,769.5286,769528.5594
1,1371.9105,769.9175,769917.4594
1,1372.5371,770.5441,770544.0594
1,1373.2565,771.2635,771263.4594
1,1373.8382,771.8452,771845.1594
1,1373.8536,771.8606,771860.5594
1,1373.9792,771.9862,771986.1594
1,1374.0208,772.0278,772027.7594
1,1374.1009,772.1079,772107.8594
1,1374.3259,772.3329,772332.8594
1,1374.7953,772.8023,772802.2594
1,1374.8134,772.8204,772820.3594
1,1374.8760,772.8830,772882.9594
1,1374.8923,772.8993,772899.2594
1,1374.9289,772.9359,772935.8594
1,1374.9964,773.0034,773003.3594
1,1377.1386,775.1456,775145.5594
1,1377.2070,775.2140,775213.9594
1,1378.0692,776.0762,776076.1594
1,1378.5088,776.5158,776515.7594
1,1378.5118,776.5188,776518.7594
1,1378.5895,776.5965,776596.4594
1,1378.5983,776.6053,776605.2594
1,1378.6337,776.6407,776640.6594
1,1378.6618,776.6688,776668.7594
1,1378.7666,776.7736,776773.5594
1,1378.7690,776.7760,776775.9594
1,1379.0333,777.0403,777040.2594
1,1379.0895,777.0965,777096.4594
1,1379.0915,777.0985,777098.4594
1,1380.1160,778.1230,778122.9594
1,1380.4452,778.4522,778452.1594
1,1380.4516,778.4586,778458.5594
1,1380.5023,778.5093,778509.2594
1,1380.5744,778.5814,778581.3594
1,1380.7769,778.7839,778783.8594
1,1380.9453,778.9523,778952.2594
1,1380.9486,778.9556,778955.5594
1,1380.9547,778.9617,778961.6594
1,1381.1239,779.1309,779130.8594
1,1381.3604,779.3674,779367.3594
1,1381.6205,779.6275,779627.4594
1,1381.7579,779.7649,779764.8594
1,1381.8306,779.8376,779837.5594
1,1381.8958,779.9028,779902.7594
1,1382.5852,780.5922,780592.1594
1,1382.6929,780.6999,780699.8594
1,1383.0814,781.0884,781088.3594
1,1383.6975,781.7045,781704.4594
1,1383.8188,781.8258,781825.7594
1,1384.0276,782.0346,782034.5594
1,1384.0848,782.0918,782091.7594
1,1384.0981,782.1051,782105.0594
1,1384.1074,782.1144,782114.3594
1,1384.1538,782.1608,782160.7594
1,1384.2299,782.2369,782236.8594
1,1385.3985,783.4055,783405.4594
1,1385.4183,783.4253,783425.2594
1,1385.5903,783.5973,783597.2594
1,1385.6099,783.6169,783616.8594
1,1385.6638,783.6708,783670.7594
1,1385.6979,783.7049,783704.8594
1,1385.8459,783.8529,783852.8594
1,1386.0899,784.0969,784096.8594
1,1386.1021,784.1091,784109.0594
1,1386.1176,784.1246,784124.5594
1,1386.1649,784.1719,784171.8594
1,1386.1725,784.1795,784179.4594
1,1386.1885,784.1955,784195.4594
1,1386.3200,784.3270,784326.9594
1,1386.3226,784.3296,784329.5594
1,1386.4283,784.4353,784435.2594
1,1386.5573,784.5643,784564.2594
1,1386.7203,784.7273,784727.2594
1,1387.0369,785.0439,785043.8594
1,1387.4032,785.4102,785410.1594
1,1387.6656,785.6726,785672.5594
1,1388.2119,786.2189,786218.8594
1,1388.5883,786.5953,786595.2594
1,1388.6421,786.6491,786649.0594
1,1388.6579,786.6649,786664.8594
1,1388.7141,786.7211,786721.0594
1,1388.7332,786.7402,786740.1594
1,1388.9245,786.9315,786931.4594
1,1388.9420,786.9490,786948.9594
1,1389.0249,787.0319,787031.8594
1,1389.1461,787.1531,787153.0594
1,1389.1642,787.1712,787171.1594
1,1389.1853,787.1923,787192.2594
1,1389.1922,787.1992,787199.1594
1,1389.1983,787.2053,787205.2594
1,1389.2949,787.3019,787301.8594
1,1389.3447,787.3517,787351.6594
1,1389.4488,787.4558,787455.7594
1,1389.4796,787.4866,787486.5594
1,1389.5173,787.5243,787524.2594
1,1389.5506,787.5576,787557.5594
1,1389.6304,787.6374,787637.3594
1,1389.7136,787.7206,787720.5594
1,1389.7378,787.7448,787744.7594
1,1389.7730,787.7800,787779.9594
1,1390.0749,788.0819,788081.8594
1,1390.3527,788.3597,788359.6594
1,1390.4334,788.4404,788440.3594
1,1390.4358,788.4428,788442.7594
1,1390.6379,788.6449,788644.8594
1,1390.6960,788.7030,788702.9594
1,1390.7434,788.7504,788750.3594
1,1390.9294,788.9364,788936.3594
1,1390.9313,788.9383,788938.2594
1,1391.0601,789.0671,789067.0594
1,1391.0662,789.0732,789073.1594
1,1391.0691,789.0761,789076.0594
1,1391.0814,789.0884,789088.3594
1,1391.8205,789.8275,789827.4594
1,1392.1490,790.1560,790155.9594
1,1392.2783,790.2853,790285.2594
1,1392.2814,790.2884,790288.3594
1,1392.2841,790.2911,790291.0594
1,1392.3091,790.3161,790316.0594
1,1392.4588,790.4658,790465.7594
1,1392.5568,790.5638,790563.7594
1,1392.9912,790.9982,790998.1594
1,1392.9935,791.0005,791000.4594
1,1393.7028,791.7098,791709.7594
1,1393.7121,791.7191,791719.0594
1,1393.7726,791.7796,791779.5594
1,1394.0719,792.0789,792078.8594
1,1394.1643,792.1713,792171.2594
1,1394.4319,792.4389,792438.8594
1,1394.4418,792.4488,792448.7594
1,1394.6813,792.6883,792688.2594
1,1394.8692,792.8762,792876.1594
1,1395.0331,793.0401,793040.0594
1,1395.1565,793.1635,793163.4594
1,1395.3126,793.3196,793319.5594
1,1395.3718,793.3788,793378.7594
1,1395.5702,793.5772,793577.1594
1,1395.6045,793.6115,793611.4594
1,1395.6068,793.6138,793613.7594
1,1395.7199,793.7269,793726.8594
1,1395.8632,793.8702,793870.1594
1,1396.0300,794.0370,794036.9594
1,1396.0334,794.0404,794040.3594
1,1396.2945,794.3015,794301.4594
1,1396.3001,794.3071,794307.0594
1,1396.3659,794.3729,794372.8594
1,1396.4516,794.4586,794458.5594
1,1396.8614,794.8684,794868.3594
1,1396.9681,794.9751,794975.0594
1,1397.1418,795.1488,795148.7594
1,1397.3739,795.3809,795380.8594
1,1397.3764,795.3834,795383.3594
1,1397.3861,795.3931,795393.0594
1,1397.4836,795.4906,795490.5594
1,1397.4867,795.4937,795493.6594
1,1397.5024,795.5094,795509.3594
1,1397.7598,795.7668,795766.7594
1,1397.8043,795.8113,795811.2594
1,1397.9104,795.9174,795917.3594
1,1397.9443,795.9513,795951.2594
1,1397.9842,795.9912,795991.1594
1,1398.0963,796.1033,796103.2594
1,1398.4694,796.4764,796476.3594
1,1398.5432,796.5502,796550.1594
1,1398.5827,796.5897,796589.6594
1,1398.6062,796.6132,796613.1594
1,1398.6689,796.6759,796675.8594
1,1398.8484,796.8554,796855.3594
1,1398.8599,796.8669,796866.8594
1,1398.9377,796.9447,796944.6594
1,1399.0865,797.0935,797093.4594
1,1399.0941,797.1011,797101.0594
1,1399.1277,797.1347,797134.6594
1,1399.1319,797.1389,797138.8594
1,1399.1629,797.1699,797169.8594
1,1399.1956,797.2026,797202.5594
1,1399.2134,797.2204,797220.3594
1,1399.2750,797.2820,797281.9594
1,1399.2843,797.2913,797291.2594
1,1399.2876,797.2946,797294.5594
1,1399.2939,797.3009,797300.8594
1,1399.3162,797.3232,797323.1594
1,1399.3192,797.3262,797326.1594
1,1399.4668,797.4738,797473.7594
1,1399.5035,797.5105,797510.4594
1,1399.5300,797.5370,797536.9594
1,1399.5693,797.5763,797576.2594
1,1399.5766,797.5836,797583.5594
1,1399.6595,797.6665,797666.4594
1,1399.6670,797.6740,797673.9594
1,1399.6986,797.7056,797705.5594
1,1399.7204,797.7274,797727.3594
1,1399.7605,797.7675,797767.4594
1,1399.7628,797.7698,797769.7594
1,1399.7816,797.7886,797788.5594
1,1399.8095,797.8165,797816.4594
1,1399.8282,797.8352,797835.1594
1,1399.9101,797.9171,797917.0594
1,1399.9268,797.9338,797933.7594
1,1399.9887,797.9957,797995.6594
1,1400.0001,798.0071,798007.0594
1,1400.0608,798.0678,798067.7594
1,1400.0686,798.0756,798075.5594
1,1400.0818,798.0888,798088.7594
1,1400.1148,798.1218,798121.7594
1,1400.1494,798.1564,798156.3594
1,1400.1924,798.1994,798199.3594
1,1400.2072,798.2142,798214.1594
1,1400.2465,798.2535,798253.4594
1,1400.2696,798.2766,798276.5594
1,1400.2787,798.2857,798285.6594
1,1400.2975,798.3045,798304.4594
1,1400.3170,798.3240,798323.9594
1,1400.3467,798.3537,798353.6594
1,1400.3538,798.3608,798360.7594
1,1400.3635,798.3705,798370.4594
1,1400.4062,798.4132,798413.1594
1,1400.4521,798.4591,798459.0594
1,1400.4920,798.4990,798498.9594
1,1400.5039,798.5109,798510.8594
1,1400.5315,798.5385,798538.4594
1,1400.5379,798.5449,798544.8594
1,1400.5986,798.6056,798605.5594
1,1400.6448,798.6518,798651.7594
1,1400.7519,798.7589,798758.8594
1,1400.7569,798.7639,798763.8594
1,1400.7965,798.8035,798803.4594
1,1400.8143,798.8213,798821.2594
1,1400.8448,798.8518,798851.7594
1,1400.8627,798.8697,798869.6594
1,1400.9139,798.9209,798920.8594
1,1401.0846,799.0916,799091.5594
1,1401.0967,799.1037,799103.6594
1,1401.1031,799.1101,799110.0594
1,1401.1221,799.1291,799129.0594
1,1401.2414,799.2484,799248.3594
1,1401.3810,799.3880,799387.9594
1,1401.5171,799.5241,799524.0594
1,1401.8126,799.8196,799819.5594
1,1401.8776,799.8846,799884.5594
1,1402.3359,800.3429,800342.8594
1,1402.4254,800.4324,800432.3594
1,1402.5407,800.5477,800547.6594
1,1402.6028,800.6098,800609.7594
1,1402.6051,800.6121,800612.0594
1,1403.0133,801.0203,801020.2594
1,1403.0155,801.0225,801022.4594
1,1403.1625,801.1695,801169.4594
1,1403.2012,801.2082,801208.1594
1,1403.2551,801.2621,801262.0594
1,1403.2584,801.2654,801265.3594
1,1403.3039,801.3109,801310.8594
1,1403.3547,801.3617,801361.6594
1,1403.3680,801.3750,801374.9594
1,1403.4007,801.4077,801407.6594
1,1403.4112,801.4182,801418.1594
1,1403.4521,801.4591,801459.0594
1,1403.4917,801.4987,801498.6594
1,1403.5866,801.5936,801593.5594
1,1403.6118,801.6188,801618.7594
1,1403.6325,801.6395,801639.4594
1,1403.7467,801.7537,801753.6594
1,1403.7777,801.7847,801784.6594
1,1403.7801,801.7871,801787.0594
1,1403.8448,801.8518,801851.7594
1,1403.8473,801.8543,801854.2594
1,1403.8774,801.8844,801884.3594
1,1403.8841,801.8911,801891.0594
1,1403.8990,801.9060,801905.9594
1,1403.9013,801.9083,801908.2594
1,1403.9516,801.9586,801958.5594
1,1403.9897,801.9967,801996.6594
1,1404.0149,802.0219,802021.8594
1,1404.0254,802.0324,802032.3594
1,1404.0651,802.0721,802072.0594
1,1404.0686,802.0756,802075.5594
1,1404.0891,802.0961,802096.0594
1,1404.1169,802.1239,802123.8594
1,1404.1187,802.1257,802125.6594
1,1404.1952,802.2022,802202.1594
1,1404.2184,802.2254,802225.3594
1,1404.2219,802.2289,802228.8594
1,1404.2615,802.2685,802268.4594
1,1404.3227,802.3297,802329.6594
1,1404.3338,802.3408,802340.7594
1,1404.4048,802.4118,802411.7594
1,1404.4571,802.4641,802464.0594
1,1404.4829,802.4899,802489.8594
1,1404.5171,802.5241,802524.0594
1,1404.5562,802.5632,802563.1594
1,1404.5758,802.5828,802582.7594
1,1404.6020,802.6090,802608.9594
1,1404.6490,802.6560,802655.9594
1,1404.6861,802.6931,802693.0594
1,1404.7488,802.7558,802755.7594
1,1404.7536,802.7606,802760.5594
1,1404.7562,802.7632,802763.1594
1,1404.7637,802.7707,802770.6594
1,1404.8043,802.8113,802811.2594
1,1404.8176,802.8246,802824.5594
1,1404.8422,802.8492,802849.1594
1,1404.8501,802.8571,802857.0594
1,1404.8792,802.8862,802886.1594
1,1404.9849,802.9919,802991.8594
1,1404.9947,803.0017,803001.6594
1,1405.0977,803.1047,803104.6594
1,1405.1619,803.1689,803168.8594
1,1405.1641,803.1711,803171.0594
1,1405.2248,803.2318,803231.7594
1,1405.2273,803.2343,803234.2594
1,1405.2483,803.2553,803255.2594
1,1405.2528,803.2598,803259.7594
1,1405.2660,803.2730,803272.9594
1,1405.2684,803.2754,803275.3594
1,1405.3272,803.3342,803334.1594
1,1405.3753,803.3823,803382.2594
1,1405.3852,803.3922,803392.1594
1,1405.4529,803.4599,803459.8594
1,1405.4672,803.4742,803474.1594
1,1405.4756,803.4826,803482.5594
1,1405.4964,803.5034,803503.3594
1,1405.5000,803.5070,803506.9594
1,1405.5727,803.5797,803579.6594
1,1405.5817,803.5887,803588.6594
1,1405.5888,803.5958,803595.7594
1,1405.5907,803.5977,803597.6594
1,1405.6457,803.6527,803652.6594
1,1405.6925,803.6995,803699.4594
1,1405.7332,803.7402,803740.1594
1,1405.7549,803.7619,803761.8594
1,1405.7571,803.7641,803764.0594
1,1405.8006,803.8076,803807.5594
1,1405.8043,803.8113,803811.2594
1,1405.8269,803.8339,803833.8594
1,1405.8403,803.8473,803847.2594
1,1405.8531,803.8601,803860.0594
1,1405.8811,803.8881,803888.0594
1,1405.8840,803.8910,803890.9594
1,1405.8874,803.8944,803894.3594
1,1405.9163,803.9233,803923.2594
1,1405.9421,803.9491,803949.0594
1,1405.9643,803.9713,803971.2594
1,1405.9735,803.9805,803980.4594
1,1405.9888,803.9958,803995.7594
1,1405.9918,803.9988,803998.7594
1,1405.9977,804.0047,804004.6594
1,1406.0122,804.0192,804019.1594
1,1406.0318,804.0388,804038.7594
1,1406.1247,804.1317,804131.6594
1,1406.2433,804.2503,804250.2594
1,1406.2459,804.2529,804252.8594
1,1406.5466,804.5536,804553.5594
1,1406.5841,804.5911,804591.0594
1,1406.6191,804.6261,804626.0594
1,1406.7449,804.7519,804751.8594
1,1406.7477,804.7547,804754.6594
1,1406.8046,804.8116,804811.5594
1,1406.8263,804.8333,804833.2594
1,1406.8304,804.8374,804837.3594
1,1406.9555,804.9625,804962.4594
1,1406.9630,804.9700,804969.9594
1,1407.0846,805.0916,805091.5594
1,1407.0871,805.0941,805094.0594
1,1407.0937,805.1007,805100.6594
1,1407.3173,805.3243,805324.2594
1,1407.3741,805.3811,805381.0594
1,1407.4422,805.4492,805449.1594
1,1407.7512,805.7582,805758.1594
1,1407.7579,805.7649,805764.8594
1,1407.8159,805.8229,805822.8594
1,1407.8896,805.8966,805896.5594
1,1408.6401,806.6471,806647.0594
1,1410.1626,808.1696,808169.5594
1,1410.4774,808.4844,808484.3594
1,1410.7820,808.7890,808788.9594
1,1411.2201,809.2271,809227.0594
1,1411.2753,809.2823,809282.2594
1,1411.3159,809.3229,809322.8594
1,1411.3382,809.3452,809345.1594
1,1411.3535,809.3605,809360.4594
1,1411.4270,809.4340,809433.9594
1,1411.4957,809.5027,809502.6594
1,1411.5307,809.5377,809537.6594
1,1411.5661,809.5731,809573.0594
1,1411.5725,809.5795,809579.4594
1,1411.6297,809.6367,809636.6594
1,1411.6321,809.6391,809639.0594
1,1411.6408,809.6478,809647.7594
1,1411.6440,809.6510,809650.9594
1,1411.8885,809.8955,809895.4594
1,1411.9032,809.9102,809910.1594
1,1412.0395,810.0465,810046.4594
1,1412.0912,810.0982,810098.1594
1,1412.1167,810.1237,810123.6594
1,1412.3987,810.4057,810405.6594
1,1412.4680,810.4750,810474.9594
1,1412.4867,810.4937,810493.6594
1,1412.6143,810.6213,810621.2594
1,1412.7582,810.7652,810765.1594
1,1412.7604,810.7674,810767.3594
1,1412.8210,810.8280,810827.9594
1,1413.1711,811.1781,811178.0594
1,1414.1007,812.1077,812107.6594
1,1414.6095,812.6165,812616.4594
1,1414.9384,812.9454,812945.3594
1,1415.2191,813.2261,813226.0594
1,1416.0075,814.0145,814014.4594
1,1416.3343,814.3413,814341.2594
1,1416.3607,814.3677,814367.6594
1,1416.3783,814.3853,814385.2594
1,1416.4437,814.4507,814450.6594
1,1416.5034,814.5104,814510.3594
1,1416.5191,814.5261,814526.0594
1,1416.5481,814.5551,814555.0594
1,1416.7699,814.7769,814776.8594
1,1416.7744,814.7814,814781.3594
1,1417.0435,815.0505,815050.4594
1,1417.1082,815.1152,815115.1594
1,1417.1294,815.1364,815136.3594
1,1417.2920,815.2990,815298.9594
1,1417.4886,815.4956,815495.5594
1,1417.5298,815.5368,815536.7594
1,1417.6605,815.6675,815667.4594
1,1417.9274,815.9344,815934.3594
1,1418.1436,816.1506,816150.5594
1,1418.3284,816.3354,816335.3594
1,1418.6835,816.6905,816690.4594
1,1419.0066,817.0136,817013.5594
1,1419.1596,817.1666,817166.5594
1,1419.2497,817.2567,817256.6594
1,1419.2680,817.2750,817274.9594
1,1419.4151,817.4221,817422.0594
1,1419.4211,817.4281,817428.0594
1,1419.5117,817.5187,817518.6594
1,1419.5851,817.5921,817592.0594
1,1419.6354,817.6424,817642.3594
1,1419.6719,817.6789,817678.8594
1,1421.3463,819.3533,819353.2594
1,1421.3488,819.3558,819355.7594
1,1421.3509,819.3579,819357.8594
1,1422.4670,820.4740,820473.9594
1,1422.5998,820.6068,820606.7594
1,1422.6593,820.6663,820666.2594
1,1422.6924,820.6994,820699.3594
1,1422.7961,820.8031,820803.0594
1,1422.8099,820.8169,820816.8594
1,1422.8630,820.8700,820869.9594
1,1423.0969,821.1039,821103.8594
1,1424.4636,822.4706,822470.5594
1,1425.9862,823.9932,823993.1594
1,1426.7501,824.7571,824757.0594
1,1427.0327,825.0397,825039.6594
1,1427.0861,825.0931,825093.0594
1,1428.9072,826.9142,826914.1594
1,1429.0532,827.0602,827060.1594
1,1429.8913,827.8983,827898.2594
1,1430.0293,828.0363,828036.2594
1,1430.4086,828.4156,828415.5594
1,1430.4770,828.4840,828483.9594
1,1430.4794,828.4864,828486.3594
1,1430.4977,828.5047,828504.6594
1,1430.8238,828.8308,828830.7594
1,1430.9088,828.9158,828915.7594
1,1431.4063,829.4133,829413.2594
1,1431.5413,829.5483,829548.2594
1,1431.6588,829.6658,829665.7594
1,1431.7452,829.7522,829752.1594
1,1431.7747,829.7817,829781.6594
1,1431.8257,829.8327,829832.6594
1,1431.9192,829.9262,829926.1594
1,1432.0372,830.0442,830044.1594
1,1432.4132,830.4202,830420.1594
1,1432.5080,830.5150,830514.9594
1,1432.9885,830.9955,830995.4594
1,1433.3385,831.3455,831345.4594
1,1433.6571,831.6641,831664.0594
1,1434.0084,832.0154,832015.3594
1,1434.0341,832.0411,832041.0594
1,1434.0509,832.0579,832057.8594
1,1434.1290,832.1360,832135.9594
1,1434.1590,832.1660,832165.9594
1,1434.2227,832.2297,832229.6594
1,1434.3217,832.3287,832328.6594
1,1435.4416,833.4486,833448.5594
1,1435.4494,833.4564,833456.3594
1,1435.4750,833.4820,833481.9594
1,1435.5315,833.5385,833538.4594
1,1435.6483,833.6553,833655.2594
1,1435.6811,833.6881,833688.0594
1,1435.7102,833.7172,833717.1594
1,1435.8702,833.8772,833877.1594
1,1436.9664,834.9734,834973.3594
1,1436.9692,834.9762,834976.1594
1,1437.7843,835.7913,835791.2594
1,1437.7949,835.8019,835801.8594
1,1437.8044,835.8114,835811.3594
1,1437.9785,835.9855,835985.4594
1,1438.0283,836.0353,836035.2594
1,1438.8743,836.8813,836881.2594
1,1439.9509,837.9579,837957.8594
1,1440.0229,838.0299,838029.8594
1,1440.0342,838.0412,838041.1594
1,1440.0695,838.0765,838076.4594
1,1440.2328,838.2398,838239.7594
1,1440.2816,838.2886,838288.5594
1,1440.3014,838.3084,838308.3594
1,1440.3836,838.3906,838390.5594
1,1440.3912,838.3982,838398.1594
1,1440.3978,838.4048,838404.7594
1,1440.4513,838.4583,838458.2594
1,1440.5679,838.5749,838574.8594
1,1440.6479,838.6549,838654.8594
1,1440.6712,838.6782,838678.1594
1,1441.0575,839.0645,839064.4594
1,1441.1234,839.1304,839130.3594
1,1441.3031,839.3101,839310.0594
1,1441.3522,839.3592,839359.1594
1,1442.1820,840.1890,840188.9594
1,1442.7703,840.7773,840777.2594
1,1443.8142,841.8212,841821.1594
1,1444.3134,842.3204,842320.3594
1,1444.3160,842.3230,842322.9594
1,1446.5559,844.5629,844562.8594
1,1447.5891,845.5961,845596.0594
1,1447.9996,846.0066,846006.5594
1,1448.0795,846.0865,846086.4594
1,1448.0925,846.0995,846099.4594
1,1448.0974,846.1044,846104.3594
1,1448.1640,846.1710,846170.9594
1,1448.2482,846.2552,846255.1594
1,1448.2974,846.3044,846304.3594
1,1448.4366,846.4436,846443.5594
1,1448.6584,846.6654,846665.3594
1,1448.7166,846.7236,846723.5594
1,1448.8170,846.8240,846823.9594
1,1448.8246,846.8316,846831.5594
1,1448.8903,846.8973,846897.2594
1,1448.9381,846.9451,846945.0594
1,1448.9904,846.9974,846997.3594
1,1449.0092,847.0162,847016.1594
1,1449.0252,847.0322,847032.1594
1,1449.1298,847.1368,847136.7594
1,1449.3804,847.3874,847387.3594
1,1449.5431,847.5501,847550.0594
1,1449.5582,847.5652,847565.1594
1,1449.9287,847.9357,847935.6594
1,1450.1236,848.1306,848130.5594
1,1450.1260,848.1330,848132.9594
1,1450.2678,848.2748,848274.7594
1,1450.3495,848.3565,848356.4594
1,1450.8462,848.8532,848853.1594
1,1450.8728,848.8798,848879.7594
1,1451.1309,849.1379,849137.8594
1,1452.0385,850.0455,850045.4594
1,1452.2280,850.2350,850234.9594
1,1452.2435,850.2505,850250.4594
1,1452.2466,850.2536,850253.5594
1,1452.3205,850.3275,850327.4594
1,1452.3856,850.3926,850392.5594
1,1452.4792,850.4862,850486.1594
1,1452.5006,850.5076,850507.5594
1,1452.5049,850.5119,850511.8594
1,1452.5395,850.5465,850546.4594
1,1452.5415,850.5485,850548.4594
1,1452.6333,850.6403,850640.2594
1,1452.7902,850.7972,850797.1594
1,1452.7944,850.8014,850801.3594
1,1452.8274,850.8344,850834.3594
1,1452.8299,850.8369,850836.8594
1,1452.8462,850.8532,850853.1594
1,1452.8890,850.8960,850895.9594
1,1452.9292,850.9362,850936.1594
1,1452.9407,850.9477,850947.6594
1,1453.4197,851.4267,851426.6594
1,1453.9183,851.9253,851925.2594
1,1454.0847,852.0917,852091.6594
1,1454.8675,852.8745,852874.4594
1,1454.8707,852.8777,852877.6594
1,1454.8734,852.8804,852880.3594
1,1454.9894,852.9964,852996.3594
1,1455.7567,853.7637,853763.6594
1,1455.7607,853.7677,853767.6594
1,1455.8935,853.9005,853900.4594
1,1456.0391,854.0461,854046.0594
1,1456.0431,854.0501,854050.0594
1,1456.1438,854.1508,854150.7594
1,1456.1473,854.1543,854154.2594
1,1456.2652,854.2722,854272.1594
1,1456.3120,854.3190,854318.9594
1,1456.4150,854.4220,854421.9594
1,1456.4886,854.4956,854495.5594
1,1456.5074,854.5144,854514.3594
1,1456.5186,854.5256,854525.5594
1,1456.5331,854.5401,854540.0594
1,1456.6883,854.6953,854695.2594
1,1456.7473,854.7543,854754.2594
1,1456.7579,854.7649,854764.8594
1,1456.7693,854.7763,854776.2594
1,1456.7884,854.7954,854795.3594
1,1456.8001,854.8071,854807.0594
1,1456.8289,854.8359,854835.8594
1,1456.8413,854.8483,854848.2594
1,1456.9181,854.9251,854925.0594
1,1456.9658,854.9728,854972.7594
1,1456.9749,854.9819,854981.8594
1,1456.9907,854.9977,854997.6594
1,1457.0392,855.0462,855046.1594
1,1457.0528,855.0598,855059.7594
1,1457.1334,855.1404,855140.3594
1,1457.1388,855.1458,855145.7594
1,1457.1456,855.1526,855152.5594
1,1457.2216,855.2286,855228.5594
1,1457.2953,855.3023,855302.2594
1,1458.1438,856.1508,856150.7594
1,1458.4154,856.4224,856422.3594
1,1458.4412,856.4482,856448.1594
1,1458.6687,856.6757,856675.6594
1,1458.7293,856.7363,856736.2594
1,1458.7805,856.7875,856787.4594
1,1458.8081,856.8151,856815.0594
1,1458.8713,856.8783,856878.2594
1,1458.8887,856.8957,856895.6594
1,1458.9426,856.9496,856949.5594
1,1459.0642,857.0712,857071.1594
1,1459.0666,857.0736,857073.5594
1,1459.1136,857.1206,857120.5594
1,1459.1682,857.1752,857175.1594
1,1459.1727,857.1797,857179.6594
1,1459.2141,857.2211,857221.0594
1,1459.3439,857.3509,857350.8594
1,1459.3487,857.3557,857355.6594
1,1459.3510,857.3580,857357.9594
1,1459.6121,857.6191,857619.0594
1,1459.8160,857.8230,857822.9594
1,1459.8834,857.8904,857890.3594
1,1460.1143,858.1213,858121.2594
1,1460.1192,858.1262,858126.1594
1,1460.2340,858.2410,858240.9594
1,1460.4505,858.4575,858457.4594
1,1461.5862,859.5932,859593.1594
1,1461.8121,859.8191,859819.0594
1,1461.8407,859.8477,859847.6594
1,1461.8430,859.8500,859849.9594
1,1461.9383,859.9453,859945.2594
1,1462.0535,860.0605,860060.4594
1,1462.0558,860.0628,860062.7594
1,1462.1381,860.1451,860145.0594
1,1462.1404,860.1474,860147.3594
1,1462.2604,860.2674,860267.3594
1,1462.2914,860.2984,860298.3594
1,1462.2941,860.3011,860301.0594
1,1462.3871,860.3941,860394.0594
1,1462.4430,860.4500,860449.9594
1,1462.4503,860.4573,860457.2594
1,1462.4749,860.4819,860481.8594
1,1462.4778,860.4848,860484.7594
1,1462.5179,860.5249,860524.8594
1,1462.5637,860.5707,860570.6594
1,1462.6268,860.6338,860633.7594
1,1462.6803,860.6873,860687.2594
1,1462.7375,860.7445,860744.4594
1,1462.7396,860.7466,860746.5594
1,1462.7416,860.7486,860748.5594
1,1462.8301,860.8371,860837.0594
1,1462.8327,860.8397,860839.6594
1,1462.8991,860.9061,860906.0594
1,1462.9095,860.9165,860916.4594
1,1462.9560,860.9630,860962.9594
1,1462.9586,860.9656,860965.5594
1,1462.9615,860.9685,860968.4594
1,1462.9814,860.9884,860988.3594
1,1463.0029,861.0099,861009.8594
1,1463.0513,861.0583,861058.2594
1,1463.0561,861.0631,861063.0594
1,1463.0981,861.1051,861105.0594
1,1464.0685,862.0755,862075.4594
1,1464.1032,862.1102,862110.1594
1,1464.1268,862.1338,862133.7594
1,1464.1446,862.1516,862151.5594
1,1464.1514,862.1584,862158.3594
1,1464.3020,862.3090,862308.9594
1,1464.4035,862.4105,862410.4594
1,1464.4185,862.4255,862425.4594
1,1464.4801,862.4871,862487.0594
1,1464.5326,862.5396,862539.5594
1,1464.5653,862.5723,862572.2594
1,1464.5818,862.5888,862588.7594
1,1464.6263,862.6333,862633.2594
1,1464.6580,862.6650,862664.9594
1,1464.6778,862.6848,862684.7594
1,1464.6985,862.7055,862705.4594
1,1464.7687,862.7757,862775.6594
1,1464.9038,862.9108,862910.7594
1,1465.0790,863.0860,863085.9594
1,1466.0029,864.0099,864009.8594
1,1466.3683,864.3753,864375.2594
1,1466.5382,864.5452,864545.1594
1,1466.5422,864.5492,864549.1594
1,1466.5536,864.5606,864560.5594
1,1466.6463,864.6533,864653.2594
1,1466.7094,864.7164,864716.3594
1,1467.6808,865.6878,865687.7594
1,1468.2634,866.2704,866270.3594
1,1468.3641,866.3711,866371.0594
1,1468.5601,866.5671,866567.0594
1,1469.0545,867.0615,867061.4594
1,1469.2066,867.2136,867213.5594
1,1469.2085,867.2155,867215.4594
1,1469.2804,867.2874,867287.3594
1,1469.4968,867.5038,867503.7594
1,1469.5125,867.5195,867519.4594
1,1469.5304,867.5374,867537.3594
1,1469.5447,867.5517,867551.6594
1,1469.5583,867.5653,867565.2594
1,1469.5942,867.6012,867601.1594
1,1469.6544,867.6614,867661.3594
1,1469.6725,867.6795,867679.4594
1,1469.7982,867.8052,867805.1594
1,1470.4728,868.4798,868479.7594
1,1470.4752,868.4822,868482.1594
1,1470.5575,868.5645,868564.4594
1,1470.6706,868.6776,868677.5594
1,1470.9628,868.9698,868969.7594
1,1471.9007,869.9077,869907.6594
1,1472.2315,870.2385,870238.4594
1,1472.2439,870.2509,870250.8594
1,1472.3064,870.3134,870313.3594
1,1472.3108,870.3178,870317.7594
1,1472.3593,870.3663,870366.2594
1,1472.4395,870.4465,870446.4594
1,1472.4414,870.4484,870448.3594
1,1472.5318,870.5388,870538.7594
1,1472.5560,870.5630,870562.9594
1,1472.5634,870.5704,870570.3594
1,1472.6123,870.6193,870619.2594
1,1472.6286,870.6356,870635.5594
1,1472.7719,870.7789,870778.8594
1,1472.7772,870.7842,870784.1594
1,1472.8096,870.8166,870816.5594
1,1472.8140,870.8210,870820.9594
1,1472.8614,870.8684,870868.3594
1,1472.8743,870.8813,870881.2594
1,1472.9119,870.9189,870918.8594
1,1472.9552,870.9622,870962.1594
1,1473.2006,871.2076,871207.5594
1,1473.2716,871.2786,871278.5594
1,1473.2837,871.2907,871290.6594
1,1473.4422,871.4492,871449.1594
1,1473.4450,871.4520,871451.9594
1,1473.4750,871.4820,871481.9594
1,1473.5703,871.5773,871577.2594
1,1473.6221,871.6291,871629.0594
1,1473.6369,871.6439,871643.8594
1,1473.6622,871.6692,871669.1594
1,1473.6664,871.6734,871673.3594
1,1473.7088,871.7158,871715.7594
1,1473.7322,871.7392,871739.1594
1,1473.7489,871.7559,871755.8594
1,1473.7920,871.7990,871798.9594
1,1473.7981,871.8051,871805.0594
1,1473.8013,871.8083,871808.2594
1,1473.8328,871.8398,871839.7594
1,1473.8461,871.8531,871853.0594
1,1473.8947,871.9017,871901.6594
1,1473.9002,871.9072,871907.1594
1,1473.9161,871.9231,871923.0594
1,1473.9362,871.9432,871943.1594
1,1473.9626,871.9696,871969.5594
1,1473.9980,872.0050,872004.9594
1,1473.9999,872.0069,872006.8594
1,1474.0763,872.0833,872083.2594
1,1474.0864,872.0934,872093.3594
1,1474.0992,872.1062,872106.1594
1,1474.1486,872.1556,872155.5594
1,1474.2494,872.2564,872256.3594
1,1474.2728,872.2798,872279.7594
1,1474.3292,872.3362,872336.1594
1,1474.3313,872.3383,872338.2594
1,1474.3588,872.3658,872365.7594
1,1474.4112,872.4182,872418.1594
1,1474.4316,872.4386,872438.5594
1,1474.4435,872.4505,872450.4594
1,1474.4780,872.4850,872484.9594
1,1474.4942,872.5012,872501.1594
1,1474.5323,872.5393,872539.2594
1,1474.5570,872.5640,872563.9594
1,1474.6503,872.6573,872657.2594
1,1474.6565,872.6635,872663.4594
1,1474.6733,872.6803,872680.2594
1,1474.7265,872.7335,872733.4594
1,1474.7316,872.7386,872738.5594
1,1474.7351,872.7421,872742.0594
1,1474.7602,872.7672,872767.1594
1,1474.7890,872.7960,872795.9594
1,1474.7985,872.8055,872805.4594
1,1474.8033,872.8103,872810.2594
1,1474.8134,872.8204,872820.3594
1,1474.8188,872.8258,872825.7594
1,1474.8289,872.8359,872835.8594
1,1474.8665,872.8735,872873.4594
1,1474.9143,872.9213,872921.2594
1,1474.9288,872.9358,872935.7594
1,1474.9868,872.9938,872993.7594
1,1475.0725,873.0795,873079.4594
1,1475.1420,873.1490,873148.9594
1,1475.2173,873.2243,873224.2594
1,1475.2270,873.2340,873233.9594
1,1475.2810,873.2880,873287.9594
1,1475.3683,873.3753,873375.2594
1,1475.4084,873.4154,873415.3594
1,1475.4873,873.4943,873494.2594
1,1475.4930,873.5000,873499.9594
1,1478.5438,876.5508,876550.7594
1,1478.6004,876.6074,876607.3594
1,1479.8855,877.8925,877892.4594
1,1479.9700,877.9770,877976.9594
1,1479.9789,877.9859,877985.8594
1,1480.1513,878.1583,878158.2594
1,1480.2777,878.2847,878284.6594
1,1480.7534,878.7604,878760.3594
1,1481.1417,879.1487,879148.6594
1,1481.1563,879.1633,879163.2594
1,1481.1703,879.1773,879177.2594
1,1481.1819,879.1889,879188.8594
1,1481.3089,879.3159,879315.8594
1,1482.2033,880.2103,880210.2594
1,1482.2526,880.2596,880259.5594
1,1482.2693,880.2763,880276.2594
1,1482.3420,880.3490,880348.9594
1,1482.3669,880.3739,880373.8594
1,1482.4127,880.4197,880419.6594
1,1482.5103,880.5173,880517.2594
1,1482.5523,880.5593,880559.2594
1,1482.5977,880.6047,880604.6594
1,1482.6151,880.6221,880622.0594
1,1482.6175,880.6245,880624.4594
1,1482.7191,880.7261,880726.0594
1,1482.7576,880.7646,880764.5594
1,1482.7634,880.7704,880770.3594
1,1482.8355,880.8425,880842.4594
1,1482.8471,880.8541,880854.0594
1,1482.8527,880.8597,880859.6594
1,1482.8765,880.8835,880883.4594
1,1482.8786,880.8856,880885.5594
1,1482.8851,880.8921,880892.0594
1,1483.0390,881.0460,881045.9594
1,1483.0545,881.0615,881061.4594
1,1483.0588,881.0658,881065.7594
1,1483.1438,881.1508,881150.7594
1,1483.1630,881.1700,881169.9594
1,1483.2682,881.2752,881275.1594
1,1483.2941,881.3011,881301.0594
1,1483.8654,881.8724,881872.3594
1,1483.8845,881.8915,881891.4594
1,1483.9087,881.9157,881915.6594
1,1483.9152,881.9222,881922.1594
1,1483.9682,881.9752,881975.1594
1,1483.9825,881.9895,881989.4594
1,1483.9942,882.0012,882001.1594
1,1484.0507,882.0577,882057.6594
1,1484.0545,882.0615,882061.4594
1,1484.0657,882.0727,882072.6594
1,1484.0957,882.1027,882102.6594
1,1484.1597,882.1667,882166.6594
1,1484.1879,882.1949,882194.8594
1,1484.2085,882.2155,882215.4594
1,1484.2288,882.2358,882235.7594
1,1484.2664,882.2734,882273.3594
1,1484.2857,882.2927,882292.6594
1,1484.3815,882.3885,882388.4594
1,1484.4199,882.4269,882426.8594
1,1484.5705,882.5775,882577.4594
1,1484.6304,882.6374,882637.3594
1,1484.6352,882.6422,882642.1594
1,1484.6496,882.6566,882656.5594
1,1484.7153,882.7223,882722.2594
1,1485.7087,883.7157,883715.6594
1,1486.7902,884.7972,884797.1594
1,1486.9488,884.9558,884955.7594
1,1486.9510,884.9580,884957.9594
1,1487.1012,885.1082,885108.1594
1,1487.1036,885.1106,885110.5594
1,1487.2067,885.2137,885213.6594
1,1487.2091,885.2161,885216.0594
1,1487.3111,885.3181,885318.0594
1,1488.0476,886.0546,886054.5594
1,1488.0498,886.0568,886056.7594
1,1488.5769,886.5839,886583.8594
1,1488.6539,886.6609,886660.8594
1,1488.8214,886.8284,886828.3594
1,1488.8882,886.8952,886895.1594
1,1488.9295,886.9365,886936.4594
1,1488.9581,886.9651,886965.0594
1,1489.0111,887.0181,887018.0594
1,1489.0134,887.0204,887020.3594
1,1489.0300,887.0370,887036.9594
1,1489.4370,887.4440,887443.9594
1,1489.6666,887.6736,887673.5594
1,1489.7245,887.7315,887731.4594
1,1489.7912,887.7982,887798.1594
1,1489.8491,887.8561,887856.0594
1,1490.0303,888.0373,888037.2594
1,1490.0454,888.0524,888052.3594
1,1490.0643,888.0713,888071.2594
1,1490.0872,888.0942,888094.1594
1,1490.0904,888.0974,888097.3594
1,1490.1189,888.1259,888125.8594
1,1490.1937,888.2007,888200.6594
1,1490.2171,888.2241,888224.0594
1,1490.2478,888.2548,888254.7594
1,1490.2580,888.2650,888264.9594
1,1490.3049,888.3119,888311.8594
1,1490.3507,888.3577,888357.6594
1,1490.3558,888.3628,888362.7594
1,1490.3585,888.3655,888365.4594
1,1490.3823,888.3893,888389.2594
1,1490.4455,888.4525,888452.4594
1,1490.5575,888.5645,888564.4594
1,1490.5853,888.5923,888592.2594
1,1490.6680,888.6750,888674.9594
1,1490.7068,888.7138,888713.7594
1,1490.7813,888.7883,888788.2594
1,1490.8436,888.8506,888850.5594
1,1490.8937,888.9007,888900.6594
1,1491.2181,889.2251,889225.0594
1,1491.3577,889.3647,889364.6594
1,1491.7598,889.7668,889766.7594
1,1491.8426,889.8496,889849.5594
1,1492.5903,890.5973,890597.2594
1,1492.6134,890.6204,890620.3594
1,1492.6385,890.6455,890645.4594
1,1492.6432,890.6502,890650.1594
1,1492.6670,890.6740,890673.9594
1,1492.6705,890.6775,890677.4594
1,1492.6977,890.7047,890704.6594
1,1492.7064,890.7134,890713.3594
1,1492.7109,890.7179,890717.8594
1,1492.7429,890.7499,890749.8594
1,1492.7581,890.7651,890765.0594
1,1492.7689,890.7759,890775.8594
1,1492.7720,890.7790,890778.9594
1,1492.8025,890.8095,890809.4594
1,1492.8234,890.8304,890830.3594
1,1492.9107,890.9177,890917.6594
1,1493.0111,891.0181,891018.0594
1,1493.0136,891.0206,891020.5594
1,1493.1248,891.1318,891131.7594
1,1493.1372,891.1442,891144.1594
1,1493.1596,891.1666,891166.5594
1,1493.2322,891.2392,891239.1594
1,1493.2815,891.2885,891288.4594
1,1493.2969,891.3039,891303.8594
1,1493.3388,891.3458,891345.7594
1,1493.3410,891.3480,891347.9594
1,1493.3804,891.3874,891387.3594
1,1493.4089,891.4159,891415.8594
1,1493.4189,891.4259,891425.8594
1,1493.4393,891.4463,891446.2594
1,1493.4693,891.4763,891476.2594
1,1493.4741,891.4811,891481.0594
1,1493.4789,891.4859,891485.8594
1,1493.5096,891.5166,891516.5594
1,1493.5217,891.5287,891528.6594
1,1493.5477,891.5547,891554.6594
1,1493.5847,891.5917,891591.6594
1,1493.6285,891.6355,891635.4594
1,1493.6370,891.6440,891643.9594
1,1493.6596,891.6666,891666.5594
1,1493.6828,891.6898,891689.7594
1,1493.7026,891.7096,891709.5594
1,1493.7104,891.7174,891717.3594
1,1493.7152,891.7222,891722.1594
1,1493.8137,891.8207,891820.6594
1,1493.8427,891.8497,891849.6594
1,1494.0004,892.0074,892007.3594
1,1494.2855,892.2925,892292.4594
1,1494.3627,892.3697,892369.6594
1,1494.3652,892.3722,892372.1594
1,1494.6211,892.6281,892628.0594
1,1494.6905,892.6975,892697.4594
1,1494.7021,892.7091,892709.0594
1,1494.7045,892.7115,892711.4594
1,1494.7143,892.7213,892721.2594
1,1494.7515,892.7585,892758.4594
1,1494.7817,892.7887,892788.6594
1,1494.8434,892.8504,892850.3594
1,1494.8488,892.8558,892855.7594
1,1494.9480,892.9550,892954.9594
1,1494.9909,892.9979,892997.8594
1,1495.1502,893.1572,893157.1594
1,1495.1524,893.1594,893159.3594
1,1495.1901,893.1971,893197.0594
1,1495.3617,893.3687,893368.6594
1,1495.6182,893.6252,893625.1594
1,1495.6657,893.6727,893672.6594
1,1495.6831,893.6901,893690.0594
1,1495.7166,893.7236,893723.5594
1,1495.7633,893.7703,893770.2594
1,1495.8751,893.8821,893882.0594
1,1495.9291,893.9361,893936.0594
1,1496.0760,894.0830,894082.9594
1,1496.1558,894.1628,894162.7594
1,1496.1579,894.1649,894164.8594
1,1496.1918,894.1988,894198.7594
1,1496.2308,894.2378,894237.7594
1,1496.2352,894.2422,894242.1594
1,1496.2461,894.2531,894253.0594
1,1496.2541,894.2611,894261.0594
1,1496.2810,894.2880,894287.9594
1,1496.2934,894.3004,894300.3594
1,1496.2996,894.3066,894306.5594
1,1496.4003,894.4073,894407.2594
1,1496.4218,894.4288,894428.7594
1,1496.4240,894.4310,894430.9594
1,1496.4621,894.4691,894469.0594
1,1496.4734,894.4804,894480.3594
1,1496.4760,894.4830,894482.9594
1,1496.5011,894.5081,894508.0594
1,1496.5226,894.5296,894529.5594
1,1496.5284,894.5354,894535.3594
1,1496.5440,894.5510,894550.9594
1,1496.5632,894.5702,894570.1594
1,1496.5696,894.5766,894576.5594
1,1496.5801,894.5871,894587.0594
1,1496.6141,894.6211,894621.0594
1,1496.6207,894.6277,894627.6594
1,1496.6466,894.6536,894653.5594
1,1496.6529,894.6599,894659.8594
1,1496.6555,894.6625,894662.4594
1,1496.6966,894.7036,894703.5594
1,1496.7061,894.7131,894713.0594
1,1496.7337,894.7407,894740.6594
1,1496.7452,894.7522,894752.1594
1,1496.7516,894.7586,894758.5594
1,1496.7823,894.7893,894789.2594
1,1496.8528,894.8598,894859.7594
1,1496.9204,894.9274,894927.3594
1,1496.9408,894.9478,894947.7594
1,1496.9591,894.9661,894966.0594
1,1497.0060,895.0130,895012.9594
1,1497.0128,895.0198,895019.7594
1,1497.0759,895.0829,895082.8594
1,1497.1141,895.1211,895121.0594
1,1497.1494,895.1564,895156.3594
1,1497.1998,895.2068,895206.7594
1,1497.2039,895.2109,895210.8594
1,1497.2397,895.2467,895246.6594
1,1497.3451,895.3521,895352.0594
1,1497.4005,895.4075,895407.4594
1,1497.4457,895.4527,895452.6594
1,1497.4476,895.4546,895454.5594
1,1497.5013,895.5083,895508.2594
1,1497.5056,895.5126,895512.5594
1,1497.5081,895.5151,895515.0594
1,1497.5133,895.5203,895520.2594
1,1497.5991,895.6061,895606.0594
1,1497.6416,895.6486,895648.5594
1,1497.6970,895.7040,895703.9594
1,1497.6990,895.7060,895705.9594
1,1497.7048,895.7118,895711.7594
1,1497.7076,895.7146,895714.5594
1,1497.7298,895.7368,895736.7594
1,1497.7346,895.7416,895741.5594
1,1497.8000,895.8070,895806.9594
1,1497.8029,895.8099,895809.8594
1,1497.8051,895.8121,895812.0594
1,1497.9281,895.9351,895935.0594
1,1497.9302,895.9372,895937.1594
1,1497.9904,895.9974,895997.3594
1,1498.0092,896.0162,896016.1594
1,1498.0920,896.0990,896098.9594
1,1498.1402,896.1472,896147.1594
1,1498.1426,896.1496,896149.5594
1,1498.2071,896.2141,896214.0594
1,1498.2343,896.2413,896241.2594
1,1498.2470,896.2540,896253.9594
1,1498.2843,896.2913,896291.2594
1,1498.2878,896.2948,896294.7594
1,1498.3081,896.3151,896315.0594
1,1498.3596,896.3666,896366.5594
1,1498.4013,896.4083,896408.2594
1,1498.4213,896.4283,896428.2594
1,1498.4568,896.4638,896463.7594
1,1498.4596,896.4666,896466.5594
1,1498.4834,896.4904,896490.3594
1,1498.5021,896.5091,896509.0594
1,1498.5166,896.5236,896523.5594
1,1498.5206,896.5276,896527.5594
1,1498.5301,896.5371,896537.0594
1,1498.5461,896.5531,896553.0594
1,1498.5949,896.6019,896601.8594
1,1498.6106,896.6176,896617.5594
1,1498.6329,896.6399,896639.8594
1,1498.6676,896.6746,896674.5594
1,1498.6708,896.6778,896677.7594
1,1498.7186,896.7256,896725.5594
1,1498.7384,896.7454,896745.3594
1,1498.7656,896.7726,896772.5594
1,1498.7806,896.7876,896787.5594
1,1498.8041,896.8111,896811.0594
1,1498.8144,896.8214,896821.3594
1,1498.8323,896.8393,896839.2594
1,1498.8891,896.8961,896896.0594
1,1498.9351,896.9421,896942.0594
1,1498.9577,896.9647,896964.6594
1,1498.9795,896.9865,896986.4594
1,1499.0173,897.0243,897024.2594
1,1499.1009,897.1079,897107.8594
1,1499.1166,897.1236,897123.5594
1,1499.1471,897.1541,897154.0594
1,1499.1786,897.1856,897185.5594
1,1499.2154,897.2224,897222.3594
1,1499.2217,897.2287,897228.6594
1,1499.2270,897.2340,897233.9594
1,1499.3037,897.3107,897310.6594
1,1499.3513,897.3583,897358.2594
1,1499.3555,897.3625,897362.4594
1,1499.3926,897.3996,897399.5594
1,1499.4334,897.4404,897440.3594
1,1499.4649,897.4719,897471.8594
1,1499.5117,897.5187,897518.6594
1,1499.5418,897.5488,897548.7594
1,1499.7287,897.7357,897735.6594
1,1500.1419,898.1489,898148.8594
1,1500.5089,898.5159,898515.8594
1,1500.6386,898.6456,898645.5594
1,1500.6412,898.6482,898648.1594
1,1500.7280,898.7350,898734.9594
1,1500.7304,898.7374,898737.3594
1,1500.8401,898.8471,898847.0594
1,1500.8437,898.8507,898850.6594
1,1501.3084,899.3154,899315.3594
1,1501.3110,899.3180,899317.9594
1,1501.4520,899.4590,899458.9594
1,1501.4541,899.4611,899461.0594
1,1501.5449,899.5519,899551.8594
1,1501.6831,899.6901,899690.0594
1,1501.6892,899.6962,899696.1594
1,1501.8201,899.8271,899827.0594
1,1501.8970,899.9040,899903.9594
1,1501.8998,899.9068,899906.7594
1,1502.5035,900.5105,900510.4594
1,1502.9501,900.9571,900957.0594
1,1503.0256,901.0326,901032.5594
1,1503.1281,901.1351,901135.0594
1,1503.1452,901.1522,901152.1594
1,1503.4331,901.4401,901440.0594
1,1503.5098,901.5168,901516.7594
1,1504.1236,902.1306,902130.5594
1,1504.3152,902.3222,902322.1594
1,1505.5637,903.5707,903570.6594
1,1505.5874,903.5944,903594.3594
1,1505.6667,903.6737,903673.6594
1,1505.8587,903.8657,903865.6594
1,1505.9418,903.9488,903948.7594
1,1506.2243,904.2313,904231.2594
1,1506.6780,904.6850,904684.9594
1,1506.6809,904.6879,904687.8594
1,1506.8798,904.8868,904886.7594
1,1506.8821,904.8891,904889.0594
1,1506.9430,904.9500,904949.9594
1,1507.5718,905.5788,905578.7594
1,1507.5978,905.6048,905604.7594
1,1507.6524,905.6594,905659.3594
1,1508.0194,906.0264,906026.3594
1,1508.0651,906.0721,906072.0594
1,1508.8709,906.8779,906877.8594
1,1508.8733,906.8803,906880.2594
1,1508.9821,906.9891,906989.0594
1,1509.6137,907.6207,907620.6594
1,1509.6322,907.6392,907639.1594
1,1509.6435,907.6505,907650.4594
1,1509.6522,907.6592,907659.1594
1,1509.7522,907.7592,907759.1594
1,1510.1652,908.1722,908172.1594
1,1510.5528,908.5598,908559.7594
1,1510.6430,908.6500,908649.9594
1,1510.6482,908.6552,908655.1594
1,1511.2783,909.2853,909285.2594
1,1511.2830,909.2900,909289.9594
1,1511.5378,909.5448,909544.7594
1,1511.6350,909.6420,909641.9594
1,1511.6735,909.6805,909680.4594
1,1511.7058,909.7128,909712.7594
1,1511.7233,909.7303,909730.2594
1,1511.7884,909.7954,909795.3594
1,1511.9300,909.9370,909936.9594
1,1511.9989,910.0059,910005.8594
1,1512.0195,910.0265,910026.4594
1,1512.0839,910.0909,910090.8594
1,1512.0864,910.0934,910093.3594
1,1512.1819,910.1889,910188.8594
1,1512.1845,910.1915,910191.4594
1,1512.3716,910.3786,910378.5594
1,1512.6017,910.6087,910608.6594
1,1512.6094,910.6164,910616.3594
1,1512.8592,910.8662,910866.1594
1,1513.3660,911.3730,911372.9594
1,1513.9800,911.9870,911986.9594
1,1514.0874,912.0944,912094.3594
1,1514.1814,912.1884,912188.3594
1,1514.2316,912.2386,912238.5594
1,1514.3114,912.3184,912318.3594
1,1514.4894,912.4964,912496.3594
1,1515.2526,913.2596,913259.5594
1,1516.8009,914.8079,914807.8594
1,1516.8039,914.8109,914810.8594
1,1516.9571,914.9641,914964.0594
1,1518.9656,916.9726,916972.5594
1,1520.3220,918.3290,918328.9594
1,1520.8715,918.8785,918878.4594
1,1520.9013,918.9083,918908.2594
1,1521.0087,919.0157,919015.6594
1,1521.6717,919.6787,919678.6594
1,1521.6751,919.6821,919682.0594
1,1521.6979,919.7049,919704.8594
1,1521.7197,919.7267,919726.6594
1,1521.7360,919.7430,919742.9594
1,1521.7930,919.8000,919799.9594
1,1521.8083,919.8153,919815.2594
1,1521.8411,919.8481,919848.0594
1,1521.9310,919.9380,919937.9594
1,1521.9371,919.9441,919944.0594
1,1522.7655,920.7725,920772.4594
1,1522.9991,921.0061,921006.0594
1,1523.4185,921.4255,921425.4594
1,1523.4210,921.4280,921427.9594
1,1523.6253,921.6323,921632.2594
1,1523.6279,921.6349,921634.8594
1,1524.1244,922.1314,922131.3594
1,1524.7994,922.8064,922806.3594
1,1524.9654,922.9724,922972.3594
1,1525.6875,923.6945,923694.4594
1,1526.1173,924.1243,924124.2594
1,1526.2745,924.2815,924281.4594
1,1526.3017,924.3087,924308.6594
1,1526.3486,924.3556,924355.5594
1,1526.4557,924.4627,924462.6594
1,1526.6981,924.7051,924705.0594
1,1527.3628,925.3698,925369.7594
1,1527.4920,925.4990,925498.9594
1,1527.5691,925.5761,925576.0594
1,1527.6192,925.6262,925626.1594
1,1527.7134,925.7204,925720.3594
1,1527.7757,925.7827,925782.6594
1,1527.8280,925.8350,925834.9594
1,1527.8789,925.8859,925885.8594
1,1528.2008,926.2078,926207.7594
1,1528.3100,926.3170,926316.9594
1,1528.5341,926.5411,926541.0594
1,1528.5770,926.5840,926583.9594
1,1528.7962,926.8032,926803.1594
1,1528.9174,926.9244,926924.3594
1,1528.9794,926.9864,926986.3594
1,1528.9991,927.0061,927006.0594
1,1529.0450,927.0520,927051.9594
1,1529.0780,927.0850,927084.9594
1,1529.2113,927.2183,927218.2594
1,1529.6714,927.6784,927678.3594
1,1529.6822,927.6892,927689.1594
1,1529.7997,927.8067,927806.6594
1,1529.9056,927.9126,927912.5594
1,1530.2290,928.2360,928235.9594
1,1530.3097,928.3167,928316.6594
1,1530.5550,928.5620,928561.9594
1,1531.3535,929.3605,929360.4594
1,1531.3814,929.3884,929388.3594
1,1532.0049,930.0119,930011.8594
1,1533.3304,931.3374,931337.3594
1,1533.3479,931.3549,931354.8594
1,1533.7834,931.7904,931790.3594
1,1533.9645,931.9715,931971.4594
1,1534.7237,932.7307,932730.6594
1,1534.8168,932.8238,932823.7594
1,1534.8774,932.8844,932884.3594
1,1534.9774,932.9844,932984.3594
1,1535.1623,933.1693,933169.2594
1,1535.2200,933.2270,933226.9594
1,1535.3911,933.3981,933398.0594
1,1535.6204,933.6274,933627.3594
1,1535.6264,933.6334,933633.3594
1,1535.7256,933.7326,933732.5594
1,1536.4968,934.5038,934503.7594
1,1537.0323,935.0393,935039.2594
1,1537.0859,935.0929,935092.8594
1,1537.2715,935.2785,935278.4594
1,1537.5120,935.5190,935518.9594
1,1537.9256,935.9326,935932.5594
1,1538.2054,936.2124,936212.3594
1,1538.4833,936.4903,936490.2594
1,1538.5106,936.5176,936517.5594
1,1539.4087,937.4157,937415.6594
1,1539.4114,937.4184,937418.3594
1,1539.8810,937.8880,937887.9594
1,1540.0719,938.0789,938078.8594
1,1540.6644,938.6714,938671.3594
1,1540.6894,938.6964,938696.3594
1,1541.5795,939.5865,939586.4594
1,1541.6065,939.6135,939613.4594
1,1541.9932,940.0002,940000.1594
1,1541.9958,940.0028,940002.7594
1,1542.2023,940.2093,940209.2594
1,1542.2657,940.2727,940272.6594
1,1542.4095,940.4165,940416.4594
1,1543.2975,941.3045,941304.4594
1,1543.6000,941.6070,941606.9594
1,1543.7721,941.7791,941779.0594
1,1543.7890,941.7960,941795.9594
1,1543.8413,941.8483,941848.2594
1,1544.0562,942.0632,942063.1594
1,1544.1347,942.1417,942141.6594
1,1544.2238,942.2308,942230.7594
1,1545.4763,943.4833,943483.2594
1,1545.6193,943.6263,943626.2594
1,1545.6723,943.6793,943679.2594
1,1545.7459,943.7529,943752.8594
1,1545.7629,943.7699,943769.8594
1,1546.1935,944.2005,944200.4594
1,1546.2800,944.2870,944286.9594
1,1546.4391,944.4461,944446.0594
1,1546.4416,944.4486,944448.5594
1,1546.4548,944.4618,944461.7594
1,1546.4655,944.4725,944472.4594
1,1546.5265,944.5335,944533.4594
1,1546.6370,944.6440,944643.9594
1,1546.6835,944.6905,944690.4594
1,1546.7206,944.7276,944727.5594
1,1546.7460,944.7530,944752.9594
1,1546.7866,944.7936,944793.5594
1,1546.8018,944.8088,944808.7594
1,1546.8727,944.8797,944879.6594
1,1546.8968,944.9038,944903.7594
1,1546.9563,944.9633,944963.2594
1,1546.9764,944.9834,944983.3594
1,1546.9805,944.9875,944987.4594
1,1546.9831,944.9901,944990.0594
1,1546.9962,945.0032,945003.1594
1,1547.0594,945.0664,945066.3594
1,1547.0892,945.0962,945096.1594
1,1547.1717,945.1787,945178.6594
1,1547.2102,945.2172,945217.1594
1,1547.2881,945.2951,945295.0594
1,1547.4869,945.4939,945493.8594
1,1547.4916,945.4986,945498.5594
1,1547.5406,945.5476,945547.5594
1,1547.6067,945.6137,945613.6594
1,1547.6241,945.6311,945631.0594
1,1547.6291,945.6361,945636.0594
1,1547.7160,945.7230,945722.9594
1,1547.7229,945.7299,945729.8594
1,1547.7247,945.7317,945731.6594
1,1547.7530,945.7600,945759.9594
1,1547.7556,945.7626,945762.5594
1,1547.7759,945.7829,945782.8594
1,1547.7799,945.7869,945786.8594
1,1547.7880,945.7950,945794.9594
1,1547.8443,945.8513,945851.2594
1,1547.8770,945.8840,945883.9594
1,1547.9042,945.9112,945911.1594
1,1547.9156,945.9226,945922.5594
1,1547.9507,945.9577,945957.6594
1,1547.9573,945.9643,945964.2594
1,1548.0040,946.0110,946010.9594
1,1548.0145,946.0215,946021.4594
1,1548.0366,946.0436,946043.5594
1,1548.0533,946.0603,946060.2594
1,1548.0596,946.0666,946066.5594
1,1548.0707,946.0777,946077.6594
1,1548.0828,946.0898,946089.7594
1,1548.1073,946.1143,946114.2594
1,1548.1195,946.1265,946126.4594
1,1548.1226,946.1296,946129.5594
1,1548.1763,946.1833,946183.2594
1,1548.1830,946.1900,946189.9594
1,1548.1904,946.1974,946197.3594
1,1548.2106,946.2176,946217.5594
1,1548.2147,946.2217,946221.6594
1,1548.2308,946.2378,946237.7594
1,1548.2565,946.2635,946263.4594
1,1548.2883,946.2953,946295.2594
1,1548.3079,946.3149,946314.8594
1,1548.3397,946.3467,946346.6594
1,1548.3429,946.3499,946349.8594
1,1548.3589,946.3659,946365.8594
1,1548.3779,946.3849,946384.8594
1,1548.5053,946.5123,946512.2594
1,1548.5325,946.5395,946539.4594
1,1548.5692,946.5762,946576.1594
1,1548.6135,946.6205,946620.4594
1,1548.6289,946.6359,946635.8594
1,1548.6536,946.6606,946660.5594
1,1548.6748,946.6818,946681.7594
1,1548.7156,946.7226,946722.5594
1,1548.7629,946.7699,946769.8594
1,1548.7868,946.7938,946793.7594
1,1548.8775,946.8845,946884.4594
1,1549.0159,947.0229,947022.8594
1,1549.0195,947.0265,947026.4594
1,1549.0327,947.0397,947039.6594
1,1549.0787,947.0857,947085.6594
1,1549.0810,947.0880,947087.9594
1,1549.1732,947.1802,947180.1594
1,1549.1893,947.1963,947196.2594
1,1549.2241,947.2311,947231.0594
1,1549.2385,947.2455,947245.4594
1,1549.3171,947.3241,947324.0594
1,1549.3309,947.3379,947337.8594
1,1549.3777,947.3847,947384.6594
1,1549.4089,947.4159,947415.8594
1,1549.5201,947.5271,947527.0594
1,1549.5325,947.5395,947539.4594
1,1549.5381,947.5451,947545.0594
1,1549.6015,947.6085,947608.4594
1,1549.7385,947.7455,947745.4594
1,1549.9003,947.9073,947907.2594
1,1550.2958,948.3028,948302.7594
1,1550.3036,948.3106,948310.5594
1,1550.3311,948.3381,948338.0594
1,1550.3413,948.3483,948348.2594
1,1550.4037,948.4107,948410.6594
1,1550.4133,948.4203,948420.2594
1,1550.4291,948.4361,948436.0594
1,1550.4596,948.4666,948466.5594
1,1550.5143,948.5213,948521.2594
1,1550.5621,948.5691,948569.0594
1,1550.5662,948.5732,948573.1594
1,1550.6138,948.6208,948620.7594
1,1550.6206,948.6276,948627.5594
1,1550.6642,948.6712,948671.1594
1,1550.6960,948.7030,948702.9594
1,1550.7025,948.7095,948709.4594
1,1550.7126,948.7196,948719.5594
1,1550.7168,948.7238,948723.7594
1,1550.7245,948.7315,948731.4594
1,1550.7794,948.7864,948786.3594
1,1550.7831,948.7901,948790.0594
1,1550.7942,948.8012,948801.1594
1,1550.8000,948.8070,948806.9594
1,1550.8084,948.8154,948815.3594
1,1550.8658,948.8728,948872.7594
1,1550.8872,948.8942,948894.1594
1,1551.4195,949.4265,949426.4594
1,1551.6553,949.6623,949662.2594
1,1551.7280,949.7350,949734.9594
1,1551.7593,949.7663,949766.2594
1,1551.7918,949.7988,949798.7594
1,1551.8882,949.8952,949895.1594
1,1551.8901,949.8971,949897.0594
1,1552.0253,950.0323,950032.2594
1,1552.0304,950.0374,950037.3594
1,1552.1138,950.1208,950120.7594
1,1552.2122,950.2192,950219.1594
1,1552.3242,950.3312,950331.1594
1,1552.3731,950.3801,950380.0594
1,1552.4316,950.4386,950438.5594
1,1552.4375,950.4445,950444.4594
1,1552.4846,950.4916,950491.5594
1,1552.5474,950.5544,950554.3594
1,1552.5504,950.5574,950557.3594
1,1553.2560,951.2630,951262.9594
1,1553.4420,951.4490,951448.9594
1,1553.4442,951.4512,951451.1594
1,1553.7583,951.7653,951765.2594
1,1553.7955,951.8025,951802.4594
1,1554.1085,952.1155,952115.4594
1,1554.1351,952.1421,952142.0594
1,1554.1437,952.1507,952150.6594
1,1554.1758,952.1828,952182.7594
1,1554.1784,952.1854,952185.3594
1,1554.1897,952.1967,952196.6594
1,1554.1925,952.1995,952199.4594
1,1554.2179,952.2249,952224.8594
1,1554.2587,952.2657,952265.6594
1,1554.2932,952.3002,952300.1594
1,1554.3145,952.3215,952321.4594
1,1554.3488,952.3558,952355.7594
1,1554.3629,952.3699,952369.8594
1,1554.4152,952.4222,952422.1594
1,1554.4495,952.4565,952456.4594
1,1554.4541,952.4611,952461.0594
1,1554.4806,952.4876,952487.5594
1,1554.5527,952.5597,952559.6594
1,1554.5546,952.5616,952561.5594
1,1554.6116,952.6186,952618.5594
1,1554.6258,952.6328,952632.7594
1,1554.6595,952.6665,952666.4594
1,1554.7059,952.7129,952712.8594
1,1554.8254,952.8324,952832.3594
1,1554.9702,952.9772,952977.1594
1,1554.9977,953.0047,953004.6594
1,1555.0279,953.0349,953034.8594
1,1555.6672,953.6742,953674.1594
1,1555.7794,953.7864,953786.3594
1,1555.7948,953.8018,953801.7594
1,1555.8572,953.8642,953864.1594
1,1555.8629,953.8699,953869.8594
1,1556.0244,954.0314,954031.3594
1,1556.0828,954.0898,954089.7594
1,1556.0855,954.0925,954092.4594
1,1556.1586,954.1656,954165.5594
1,1556.1659,954.1729,954172.8594
1,1556.1690,954.1760,954175.9594
1,1556.2590,954.2660,954265.9594
1,1556.3495,954.3565,954356.4594
1,1556.5154,954.5224,954522.3594
1,1556.5227,954.5297,954529.6594
1,1556.5948,954.6018,954601.7594
1,1556.6920,954.6990,954698.9594
1,1556.6947,954.7017,954701.6594
1,1556.7615,954.7685,954768.4594
1,1557.0191,955.0261,955026.0594
1,1557.0860,955.0930,955092.9594
1,1557.1092,955.1162,955116.1594
1,1557.3801,955.3871,955387.0594
1,1557.4954,955.5024,955502.3594
1,1557.5222,955.5292,955529.1594
1,1557.5836,955.5906,955590.5594
1,1557.6679,955.6749,955674.8594
1,1557.7478,955.7548,955754.7594
1,1557.7728,955.7798,955779.7594
1,1557.8592,955.8662,955866.1594
1,1557.9441,955.9511,955951.0594
1,1558.0231,956.0301,956030.0594
1,1558.1239,956.1309,956130.8594
1,1558.5634,956.5704,956570.3594
1,1558.7612,956.7682,956768.1594
1,1558.8480,956.8550,956854.9594
1,1558.9585,956.9655,956965.4594
1,1559.0654,957.0724,957072.3594
1,1559.1285,957.1355,957135.4594
1,1559.1464,957.1534,957153.3594
1,1559.2521,957.2591,957259.0594
1,1559.3000,957.3070,957306.9594
1,1559.3039,957.3109,957310.8594
1,1559.3420,957.3490,957348.9594
1,1559.3528,957.3598,957359.7594
1,1559.3774,957.3844,957384.3594
1,1559.4223,957.4293,957429.2594
1,1559.4620,957.4690,957468.9594
1,1559.4858,957.4928,957492.7594
1,1559.5249,957.5319,957531.8594
1,1559.5488,957.5558,957555.7594
1,1559.6247,957.6317,957631.6594
1,1559.7004,957.7074,957707.3594
1,1561.1111,959.1181,959118.0594
1,1561.1812,959.1882,959188.1594
1,1561.1874,959.1944,959194.3594
1,1561.2292,959.2362,959236.1594
1,1562.7336,960.7406,960740.5594
1,1562.7764,960.7834,960783.3594
1,1562.9683,960.9753,960975.2594
1,1563.0476,961.0546,961054.5594
1,1564.2407,962.2477,962247.6594
1,1564.2429,962.2499,962249.8594
1,1564.9962,963.0032,963003.1594
1,1564.9986,963.0056,963005.5594
1,1565.1605,963.1675,963167.4594
1,1565.2351,963.2421,963242.0594
1,1565.2385,963.2455,963245.4594
1,1565.3126,963.3196,963319.5594
1,1565.4368,963.4438,963443.7594
1,1565.6342,963.6412,963641.1594
1,1565.9950,964.0020,964001.9594
1,1566.0086,964.0156,964015.5594
1,1566.0101,964.0171,964017.0594
1,1566.3321,964.3391,964339.0594
1,1567.0304,965.0374,965037.3594
1,1567.2696,965.2766,965276.5594
1,1567.7968,965.8038,965803.7594
1,1568.9172,966.9242,966924.1594
1,1569.0465,967.0535,967053.4594
1,1569.0517,967.0587,967058.6594
1,1569.0807,967.0877,967087.6594
1,1569.1064,967.1134,967113.3594
1,1569.2182,967.2252,967225.1594
1,1569.2446,967.2516,967251.5594
1,1569.2877,967.2947,967294.6594
1,1569.3651,967.3721,967372.0594
1,1569.4648,967.4718,967471.7594
1,1569.6948,967.7018,967701.7594
1,1570.3983,968.4053,968405.2594
1,1570.8696,968.8766,968876.5594
1,1571.4594,969.4664,969466.3594
1,1571.4992,969.5062,969506.1594
1,1571.5551,969.5621,969562.0594
1,1571.5724,969.5794,969579.3594
1,1571.5927,969.5997,969599.6594
1,1571.6098,969.6168,969616.7594
1,1571.6576,969.6646,969664.5594
1,1571.6782,969.6852,969685.1594
1,1571.7029,969.7099,969709.8594
1,1571.7337,969.7407,969740.6594
1,1571.7588,969.7658,969765.7594
1,1571.8412,969.8482,969848.1594
1,1571.8451,969.8521,969852.0594
1,1571.8486,969.8556,969855.5594
1,1571.8697,969.8767,969876.6594
1,1571.9147,969.9217,969921.6594
1,1571.9427,969.9497,969949.6594
1,1572.0208,970.0278,970027.7594
1,1572.4419,970.4489,970448.8594
1,1572.4807,970.4877,970487.6594
1,1572.5172,970.5242,970524.1594
1,1572.5997,970.6067,970606.6594
1,1572.6014,970.6084,970608.3594
1,1572.7589,970.7659,970765.8594
1,1572.7616,970.7686,970768.5594
1,1572.7824,970.7894,970789.3594
1,1572.7946,970.8016,970801.5594
1,1572.8651,970.8721,970872.0594
1,1572.8853,970.8923,970892.2594
1,1573.0541,971.0611,971061.0594
1,1573.2104,971.2174,971217.3594
1,1573.4067,971.4137,971413.6594
1,1573.5447,971.5517,971551.6594
1,1573.5472,971.5542,971554.1594
1,1573.7943,971.8013,971801.2594
1,1574.0708,972.0778,972077.7594
1,1574.3070,972.3140,972313.9594
1,1574.5371,972.5441,972544.0594
1,1574.5943,972.6013,972601.2594
1,1574.6537,972.6607,972660.6594
1,1575.3116,973.3186,973318.5594
1,1575.8135,973.8205,973820.4594
1,1575.8495,973.8565,973856.4594
1,1575.8888,973.8958,973895.7594
1,1575.9000,973.9070,973906.9594
1,1575.9257,973.9327,973932.6594
1,1575.9363,973.9433,973943.2594
1,1576.1814,974.1884,974188.3594
1,1576.2479,974.2549,974254.8594
1,1576.3308,974.3378,974337.7594
1,1576.3329,974.3399,974339.8594
1,1576.3729,974.3799,974379.8594
1,1576.4378,974.4448,974444.7594
1,1576.4797,974.4867,974486.6594
1,1576.4856,974.4926,974492.5594
1,1576.4882,974.4952,974495.1594
1,1576.5606,974.5676,974567.5594
1,1576.6104,974.6174,974617.3594
1,1576.6911,974.6981,974698.0594
1,1576.7376,974.7446,974744.5594
1,1578.4140,976.4210,976420.9594
1,1579.4779,977.4849,977484.8594
1,1579.5301,977.5371,977537.0594
1,1579.6312,977.6382,977638.1594
1,1580.4389,978.4459,978445.8594
1,1582.3135,980.3205,980320.4594
1,1582.5109,980.5179,980517.8594
1,1582.5890,980.5960,980595.9594
1,1582.6300,980.6370,980636.9594
1,1582.6865,980.6935,980693.4594
1,1583.0766,981.0836,981083.5594
1,1585.0292,983.0362,983036.1594
1,1585.1293,983.1363,983136.2594
1,1585.1871,983.1941,983194.0594
1,1585.1894,983.1964,983196.3594
1,1585.3060,983.3130,983312.9594
1,1585.4393,983.4463,983446.2594
1,1585.4420,983.4490,983448.9594
1,1585.4603,983.4673,983467.2594
1,1585.4676,983.4746,983474.5594
1,1585.4693,983.4763,983476.2594
1,1585.4938,983.5008,983500.7594
1,1585.4967,983.5037,983503.6594
1,1585.5065,983.5135,983513.4594
1,1585.5252,983.5322,983532.1594
1,1585.5692,983.5762,983576.1594
1,1585.6102,983.6172,983617.1594
1,1585.6917,983.6987,983698.6594
1,1585.7028,983.7098,983709.7594
1,1585.8089,983.8159,983815.8594
1,1586.6809,984.6879,984687.8594
1,1586.6836,984.6906,984690.5594
1,1586.8491,984.8561,984856.0594
1,1586.8677,984.8747,984874.6594
1,1586.8989,984.9059,984905.8594
1,1586.9807,984.9877,984987.6594
1,1586.9873,984.9943,984994.2594
1,1587.0321,985.0391,985039.0594
1,1587.4962,985.5032,985503.1594
1,1587.7729,985.7799,985779.8594
1,1587.7769,985.7839,985783.8594
1,1587.7914,985.7984,985798.3594
1,1589.2365,987.2435,987243.4594
1,1591.0320,989.0390,989038.9594
1,1592.0477,990.0547,990054.6594
1,1592.3733,990.3803,990380.2594
1,1592.4589,990.4659,990465.8594
1,1592.6051,990.6121,990612.0594
1,1592.6691,990.6761,990676.0594
1,1592.6995,990.7065,990706.4594
1,1592.8410,990.8480,990847.9594
1,1592.9258,990.9328,990932.7594
1,1593.0545,991.0615,991061.4594
1,1593.1231,991.1301,991130.0594
1,1593.1255,991.1325,991132.4594
1,1593.1306,991.1376,991137.5594
1,1593.1678,991.1748,991174.7594
1,1593.2227,991.2297,991229.6594
1,1593.2595,991.2665,991266.4594
1,1593.2791,991.2861,991286.0594
1,1593.3110,991.3180,991317.9594
1,1593.3660,991.3730,991372.9594
1,1593.3678,991.3748,991374.7594
1,1593.4271,991.4341,991434.0594
1,1593.5038,991.5108,991510.7594
1,1593.5761,991.5831,991583.0594
1,1593.6314,991.6384,991638.3594
1,1593.6351,991.6421,991642.0594
1,1593.6937,991.7007,991700.6594
1,1593.7039,991.7109,991710.8594
1,1593.7070,991.7140,991713.9594
1,1593.7326,991.7396,991739.5594
1,1593.7978,991.8048,991804.7594
1,1593.8899,991.8969,991896.8594
1,1593.9078,991.9148,991914.7594
1,1593.9356,991.9426,991942.5594
1,1593.9440,991.9510,991950.9594
1,1594.0470,992.0540,992053.9594
1,1594.0637,992.0707,992070.6594
1,1594.1351,992.1421,992142.0594
1,1594.1476,992.1546,992154.5594
1,1594.2473,992.2543,992254.2594
1,1594.2740,992.2810,992280.9594
1,1594.2922,992.2992,992299.1594
1,1594.3173,992.3243,992324.2594
1,1594.4070,992.4140,992413.9594
1,1594.4678,992.4748,992474.7594
1,1595.1296,993.1366,993136.5594
1,1595.1590,993.1660,993165.9594
1,1595.3111,993.3181,993318.0594
1,1595.3214,993.3284,993328.3594
1,1595.3243,993.3313,993331.2594
1,1595.4190,993.4260,993425.9594
1,1595.5146,993.5216,993521.5594
1,1595.6572,993.6642,993664.1594
1,1595.6703,993.6773,993677.2594
1,1595.7187,993.7257,993725.6594
1,1595.7317,993.7387,993738.6594
1,1595.7337,993.7407,993740.6594
1,1595.8020,993.8090,993808.9594
1,1595.8043,993.8113,993811.2594
1,1595.8519,993.8589,993858.8594
1,1595.8544,993.8614,993861.3594
1,1595.9121,993.9191,993919.0594
1,1595.9163,993.9233,993923.2594
1,1595.9536,993.9606,993960.5594
1,1596.0135,994.0205,994020.4594
1,1596.1760,994.1830,994182.9594
1,1596.2300,994.2370,994236.9594
1,1596.3145,994.3215,994321.4594
1,1596.3410,994.3480,994347.9594
1,1596.3436,994.3506,994350.5594
1,1596.4063,994.4133,994413.2594
1,1596.4176,994.4246,994424.5594
1,1596.4426,994.4496,994449.5594
1,1596.5321,994.5391,994539.0594
1,1596.5446,994.5516,994551.5594
1,1596.5474,994.5544,994554.3594
1,1596.6644,994.6714,994671.3594
1,1596.6915,994.6985,994698.4594
1,1596.7010,994.7080,994707.9594
1,1596.7945,994.8015,994801.4594
1,1596.9007,994.9077,994907.6594
1,1596.9289,994.9359,994935.8594
1,1597.0140,995.0210,995020.9594
1,1597.0668,995.0738,995073.7594
1,1597.0693,995.0763,995076.2594
1,1597.0945,995.1015,995101.4594
1,1597.1629,995.1699,995169.8594
1,1597.2258,995.2328,995232.7594
1,1597.2337,995.2407,995240.6594
1,1597.5326,995.5396,995539.5594
1,1597.5868,995.5938,995593.7594
1,1597.6123,995.6193,995619.2594
1,1597.7206,995.7276,995727.5594
1,1597.7235,995.7305,995730.4594
1,1599.2092,997.2162,997216.1594
1,1599.2968,997.3038,997303.7594
1,1599.4010,997.4080,997407.9594
1,1599.4085,997.4155,997415.4594
1,1599.5134,997.5204,997520.3594
1,1599.5155,997.5225,997522.4594
1,1599.5379,997.5449,997544.8594
1,1599.6267,997.6337,997633.6594
1,1599.9141,997.9211,997921.0594
1,1600.0357,998.0427,998042.6594
1,1600.0460,998.0530,998052.9594
1,1600.1289,998.1359,998135.8594
1,1600.1561,998.1631,998163.0594
1,1600.3275,998.3345,998334.4594
1,1600.5282,998.5352,998535.1594
1,1600.5891,998.5961,998596.0594
1,1600.6730,998.6800,998679.9594
1,1600.6808,998.6878,998687.7594
1,1600.7076,998.7146,998714.5594
1,1600.7302,998.7372,998737.1594
1,1600.7382,998.7452,998745.1594
1,1600.7750,998.7820,998781.9594
1,1600.8035,998.8105,998810.4594
1,1600.8714,998.8784,998878.3594
1,1600.9214,998.9284,998928.3594
1,1600.9276,998.9346,998934.5594
1,1600.9585,998.9655,998965.4594
1,1600.9895,998.9965,998996.4594
1,1600.9924,998.9994,998999.3594
1,1601.0800,999.0870,999086.9594
1,1601.0925,999.0995,999099.4594
1,1601.0954,999.1024,999102.3594
1,1601.1330,999.1400,999139.9594
1,1601.1847,999.1917,999191.6594
1,1601.2857,999.2927,999292.6594
1,1601.3043,999.3113,999311.2594
1,1601.3320,999.3390,999338.9594
1,1601.3432,999.3502,999350.1594
1,1601.4084,999.4154,999415.3594
1,1602.0812,1000.0882,1000088.1594
1,1602.1792,1000.1862,1000186.1594
1,1602.1942,1000.2012,1000201.1594
1,1602.2034,1000.2104,1000210.3594
1,1602.2182,1000.2252,1000225.1594
1,1602.2748,1000.2818,1000281.7594
1,1602.3020,1000.3090,1000308.9594
1,1602.3085,1000.3155,1000315.4594
1,1602.3715,1000.3785,1000378.4594
1,1602.4293,1000.4363,1000436.2594
1,1602.4488,1000.4558,1000455.7594
1,1602.4650,1000.4720,1000471.9594
1,1602.5547,1000.5617,1000561.6594
1,1602.5756,1000.5826,1000582.5594
1,1602.6164,1000.6234,1000623.3594
1,1602.6216,1000.6286,1000628.5594
1,1602.6331,1000.6401,1000640.0594
1,1602.6773,1000.6843,1000684.2594
1,1602.6921,1000.6991,1000699.0594
1,1602.7769,1000.7839,1000783.8594
1,1602.8265,1000.8335,1000833.4594
1,1602.9354,1000.9424,1000942.3594
1,1603.0404,1001.0474,1001047.3594
1,1603.2305,1001.2375,1001237.4594
1,1603.2835,1001.2905,1001290.4594
1,1603.3660,1001.3730,1001372.9594
1,1603.4109,1001.4179,1001417.8594
1,1603.4133,1001.4203,1001420.2594
1,1603.4197,1001.4267,1001426.6594
1,1603.4716,1001.4786,1001478.5594
1,1603.5141,1001.5211,1001521.0594
1,1603.5746,1001.5816,1001581.5594
1,1603.5834,1001.5904,1001590.3594
1,1603.6181,1001.6251,1001625.0594
1,1603.6294,1001.6364,1001636.3594
1,1603.6987,1001.7057,1001705.6594
1,1603.7703,1001.7773,1001777.2594
1,1603.8688,1001.8758,1001875.7594
1,1603.8937,1001.9007,1001900.6594
1,1604.0775,1002.0845,1002084.4594
1,1604.1858,1002.1928,1002192.7594
1,1604.1882,1002.1952,1002195.1594
1,1604.2063,1002.2133,1002213.2594
1,1604.3115,1002.3185,1002318.4594
1,1604.4826,1002.4896,1002489.5594
1,1604.5296,1002.5366,1002536.5594
1,1604.5920,1002.5990,1002598.9594
1,1604.6121,1002.6191,1002619.0594
1,1604.6410,1002.6480,1002647.9594
1,1604.7328,1002.7398,1002739.7594
1,1604.7637,1002.7707,1002770.6594
1,1604.8246,1002.8316,1002831.5594
1,1604.9793,1002.9863,1002986.2594
1,1604.9833,1002.9903,1002990.2594
1,1605.1344,1003.1414,1003141.3594
1,1605.1858,1003.1928,1003192.7594
1,1605.2963,1003.3033,1003303.2594
1,1605.3580,1003.3650,1003364.9594
1,1605.4769,1003.4839,1003483.8594
1,1605.6721,1003.6791,1003679.0594
1,1605.8859,1003.8929,1003892.8594
1,1606.0496,1004.0566,1004056.5594
1,1606.0988,1004.1058,1004105.7594
1,1606.1098,1004.1168,1004116.7594
1,1606.1228,1004.1298,1004129.7594
1,1606.1551,1004.1621,1004162.0594
1,1606.2709,1004.2779,1004277.8594
1,1606.2774,1004.2844,1004284.3594
1,1606.3510,1004.3580,1004357.9594
1,1606.3984,1004.4054,1004405.3594
1,1606.4010,1004.4080,1004407.9594
1,1606.8176,1004.8246,1004824.5594
1,1606.8267,1004.8337,1004833.6594
1,1606.8329,1004.8399,1004839.8594
1,1606.9209,1004.9279,1004927.8594
1,1606.9340,1004.9410,1004940.9594
1,1606.9952,1005.0022,1005002.1594
1,1607.0070,1005.0140,1005013.9594
1,1607.0682,1005.0752,1005075.1594
1,1607.1548,1005.1618,1005161.7594
1,1607.2123,1005.2193,1005219.2594
1,1607.2213,1005.2283,1005228.2594
1,1607.2639,1005.2709,1005270.8594
1,1607.2688,1005.2758,1005275.7594
1,1607.3285,1005.3355,1005335.4594
1,1607.3476,1005.3546,1005354.5594
1,1607.3705,1005.3775,1005377.4594
1,1607.3820,1005.3890,1005388.9594
1,1607.4488,1005.4558,1005455.7594
1,1607.4516,1005.4586,1005458.5594
1,1607.4963,1005.5033,1005503.2594
1,1607.4996,1005.5066,1005506.5594
1,1607.5372,1005.5442,1005544.1594
1,1607.5492,1005.5562,1005556.1594
1,1607.5732,1005.5802,1005580.1594
1,1607.6104,1005.6174,1005617.3594
1,1607.6124,1005.6194,1005619.3594
1,1607.6631,1005.6701,1005670.0594
1,1607.6730,1005.6800,1005679.9594
1,1607.6814,1005.6884,1005688.3594
1,1607.6839,1005.6909,1005690.8594
1,1607.7548,1005.7618,1005761.7594
1,1607.7687,1005.7757,1005775.6594
1,1607.7729,1005.7799,1005779.8594
1,1607.7975,1005.8045,1005804.4594
1,1607.8449,1005.8519,1005851.8594
1,1607.8741,1005.8811,1005881.0594
1,1607.9218,1005.9288,1005928.7594
1,1607.9617,1005.9687,1005968.6594
1,1608.0035,1006.0105,1006010.4594
1,1608.0928,1006.0998,1006099.7594
1,1608.1050,1006.1120,1006111.9594
1,1608.1077,1006.1147,1006114.6594
1,1608.1792,1006.1862,1006186.1594
1,1608.2675,1006.2745,1006274.4594
1,1608.5053,1006.5123,1006512.2594
1,1608.8009,1006.8079,1006807.8594
1,1608.8074,1006.8144,1006814.3594
1,1608.8117,1006.8187,1006818.6594
1,1608.8827,1006.8897,1006889.6594
1,1608.8871,1006.8941,1006894.0594
1,1608.9286,1006.9356,1006935.5594
1,1608.9681,1006.9751,1006975.0594
1,1608.9731,1006.9801,1006980.0594
1,1608.9755,1006.9825,1006982.4594
1,1609.0516,1007.0586,1007058.5594
1,1609.0852,1007.0922,1007092.1594
1,1609.1182,1007.1252,1007125.1594
1,1609.1212,1007.1282,1007128.1594
1,1609.1814,1007.1884,1007188.3594
1,1609.2274,1007.2344,1007234.3594
1,1609.2720,1007.2790,1007278.9594
1,1609.2833,1007.2903,1007290.2594
1,1609.3639,1007.3709,1007370.8594
1,1609.5030,1007.5100,1007509.9594
1,1609.5750,1007.5820,1007581.9594
1,1609.6257,1007.6327,1007632.6594
1,1609.6791,1007.6861,1007686.0594
1,1610.0068,1008.0138,1008013.7594
1,1610.1950,1008.2020,1008201.9594
1,1610.3287,1008.3357,1008335.6594
1,1610.6224,1008.6294,1008629.3594
1,1610.6338,1008.6408,1008640.7594
1,1610.7023,1008.7093,1008709.2594
1,1610.8010,1008.8080,1008807.9594
1,1610.8575,1008.8645,1008864.4594
1,1610.9409,1008.9479,1008947.8594
1,1610.9726,1008.9796,1008979.5594
1,1611.1915,1009.1985,1009198.4594
1,1611.2827,1009.2897,1009289.6594
1,1611.4210,1009.4280,1009427.9594
1,1611.5114,1009.5184,1009518.3594
1,1611.5241,1009.5311,1009531.0594
1,1611.5669,1009.5739,1009573.8594
1,1611.6075,1009.6145,1009614.4594
1,1611.6949,1009.7019,1009701.8594
1,1611.7823,1009.7893,1009789.2594
1,1611.7902,1009.7972,1009797.1594
1,1611.8211,1009.8281,1009828.0594
1,1611.8592,1009.8662,1009866.1594
1,1611.8698,1009.8768,1009876.7594
1,1611.9089,1009.9159,1009915.8594
1,1611.9129,1009.9199,1009919.8594
1,1611.9930,1010.0000,1009999.9594
1,1612.0531,1010.0601,1010060.0594
1,1612.0939,1010.1009,1010100.8594
1,1612.1267,1010.1337,1010133.6594
1,1612.1410,1010.1480,1010147.9594
1,1612.1479,1010.1549,1010154.8594
1,1612.2293,1010.2363,1010236.2594
1,1612.2629,1010.2699,1010269.8594
1,1612.2691,1010.2761,1010276.0594
1,1612.2883,1010.2953,1010295.2594
1,1613.0515,1011.0585,1011058.4594
1,1613.4393,1011.4463,1011446.2594
1,1613.5127,1011.5197,1011519.6594
1,1613.5728,1011.5798,1011579.7594
1,1613.5769,1011.5839,1011583.8594
1,1613.6843,1011.6913,1011691.2594
1,1613.8780,1011.8850,1011884.9594
1,1614.1156,1012.1226,1012122.5594
1,1614.1213,1012.1283,1012128.2594
1,1614.1232,1012.1302,1012130.1594
1,1614.1273,1012.1343,1012134.2594
1,1614.6269,1012.6339,1012633.8594
1,1614.6324,1012.6394,1012639.3594
1,1614.6892,1012.6962,1012696.1594
1,1614.7518,1012.7588,1012758.7594
1,1614.8215,1012.8285,1012828.4594
1,1614.8482,1012.8552,1012855.1594
1,1614.8504,1012.8574,1012857.3594
1,1614.9131,1012.9201,1012920.0594
1,1614.9160,1012.9230,1012922.9594
1,1615.0039,1013.0109,1013010.8594
1,1615.0541,1013.0611,1013061.0594
1,1615.1246,1013.1316,1013131.5594
1,1615.1402,1013.1472,1013147.1594
1,1615.1808,1013.1878,1013187.7594
1,1615.1868,1013.1938,1013193.7594
1,1615.2504,1013.2574,1013257.3594
1,1615.4231,1013.4301,1013430.0594
1,1616.4957,1014.5027,1014502.6594
1,1616.5801,1014.5871,1014587.0594
1,1617.4229,1015.4299,1015429.8594
1,1617.4662,1015.4732,1015473.1594
1,1617.5636,1015.5706,1015570.5594
1,1617.6219,1015.6289,1015628.8594
1,1617.6241,1015.6311,1015631.0594
1,1617.6265,1015.6335,1015633.4594
1,1619.4010,1017.4080,1017407.9594
1,1619.7206,1017.7276,1017727.5594
1,1620.0824,1018.0894,1018089.3594
1,1620.0966,1018.1036,1018103.5594
1,1620.0990,1018.1060,1018105.9594
1,1620.1618,1018.1688,1018168.7594
1,1620.1809,1018.1879,1018187.8594
1,1620.2262,1018.2332,1018233.1594
1,1620.2573,1018.2643,1018264.2594
1,1620.3015,1018.3085,1018308.4594
1,1620.3146,1018.3216,1018321.5594
1,1620.3323,1018.3393,1018339.2594
1,1620.3480,1018.3550,1018354.9594
1,1620.4147,1018.4217,1018421.6594
1,1620.4165,1018.4235,1018423.4594
1,1620.4388,1018.4458,1018445.7594
1,1620.4434,1018.4504,1018450.3594
1,1620.4456,1018.4526,1018452.5594
1,1620.5680,1018.5750,1018574.9594
1,1620.5984,1018.6054,1018605.3594
1,1620.6285,1018.6355,1018635.4594
1,1620.6360,1018.6430,1018642.9594
1,1620.7668,1018.7738,1018773.7594
1,1620.7694,1018.7764,1018776.3594
1,1620.7715,1018.7785,1018778.4594
1,1620.8623,1018.8693,1018869.2594
1,1620.8861,1018.8931,1018893.0594
1,1620.8903,1018.8973,1018897.2594
1,1620.9290,1018.9360,1018935.9594
1,1620.9409,1018.9479,1018947.8594
1,1620.9820,1018.9890,1018988.9594
1,1621.0694,1019.0764,1019076.3594
1,1621.0821,1019.0891,1019089.0594
1,1621.1283,1019.1353,1019135.2594
1,1621.1314,1019.1384,1019138.3594
1,1621.1355,1019.1425,1019142.4594
1,1621.2169,1019.2239,1019223.8594
1,1621.2602,1019.2672,1019267.1594
1,1621.2647,1019.2717,1019271.6594
1,1621.2687,1019.2757,1019275.6594
1,1621.2965,1019.3035,1019303.4594
1,1621.3627,1019.3697,1019369.6594
1,1621.6117,1019.6187,1019618.6594
1,1621.6684,1019.6754,1019675.3594
1,1621.6832,1019.6902,1019690.1594
1,1621.7054,1019.7124,1019712.3594
1,1621.7198,1019.7268,1019726.7594
1,1621.7570,1019.7640,1019763.9594
1,1621.7838,1019.7908,1019790.7594
1,1621.8402,1019.8472,1019847.1594
1,1621.8603,1019.8673,1019867.2594
1,1621.8657,1019.8727,1019872.6594
1,1621.8680,1019.8750,1019874.9594
1,1621.9166,1019.9236,1019923.5594
1,1621.9553,1019.9623,1019962.2594
1,1621.9578,1019.9648,1019964.7594
1,1621.9981,1020.0051,1020005.0594
1,1622.0528,1020.0598,1020059.7594
1,1622.0809,1020.0879,1020087.8594
1,1622.1300,1020.1370,1020136.9594
1,1622.1705,1020.1775,1020177.4594
1,1622.2125,1020.2195,1020219.4594
1,1622.2267,1020.2337,1020233.6594
1,1622.2870,1020.2940,1020293.9594
1,1622.2951,1020.3021,1020302.0594
1,1622.2972,1020.3042,1020304.1594
1,1622.2998,1020.3068,1020306.7594
1,1622.3215,1020.3285,1020328.4594
1,1622.4158,1020.4228,1020422.7594
1,1622.5165,1020.5235,1020523.4594
1,1622.5366,1020.5436,1020543.5594
1,1622.5664,1020.5734,1020573.3594
1,1622.5781,1020.5851,1020585.0594
1,1622.7568,1020.7638,1020763.7594
1,1622.7596,1020.7666,1020766.5594
1,1622.8651,1020.8721,1020872.0594
1,1622.9347,1020.9417,1020941.6594
1,1622.9803,1020.9873,1020987.2594
1,1623.0599,1021.0669,1021066.8594
1,1623.1230,1021.1300,1021129.9594
1,1623.1566,1021.1636,1021163.5594
1,1623.1839,1021.1909,1021190.8594
1,1623.2327,1021.2397,1021239.6594
1,1623.2511,1021.2581,1021258.0594
1,1623.3168,1021.3238,1021323.7594
1,1623.3466,1021.3536,1021353.5594
1,1623.3544,1021.3614,1021361.3594
1,1623.4042,1021.4112,1021411.1594
1,1623.4541,1021.4611,1021461.0594
1,1623.5189,1021.5259,1021525.8594
1,1623.5586,1021.5656,1021565.5594
1,1623.6125,1021.6195,1021619.4594
1,1623.6143,1021.6213,1021621.2594
1,1623.6946,1021.7016,1021701.5594
1,1623.7802,1021.7872,1021787.1594
1,1623.7829,1021.7899,1021789.8594
1,1623.8129,1021.8199,1021819.8594
1,1623.8856,1021.8926,1021892.5594
1,1623.9051,1021.9121,1021912.0594
1,1623.9528,1021.9598,1021959.7594
1,1623.9947,1022.0017,1022001.6594
1,1624.0006,1022.0076,1022007.5594
1,1624.0126,1022.0196,1022019.5594
1,1624.0904,1022.0974,1022097.3594
1,1624.1226,1022.1296,1022129.5594
1,1624.1543,1022.1613,1022161.2594
1,1624.1653,1022.1723,1022172.2594
1,1624.2603,1022.2673,1022267.2594
1,1624.2738,1022.2808,1022280.7594
1,1624.3390,1022.3460,1022345.9594
1,1624.3472,1022.3542,1022354.1594
1,1624.3505,1022.3575,1022357.4594
1,1624.3723,1022.3793,1022379.2594
1,1624.3785,1022.3855,1022385.4594
1,1624.4114,1022.4184,1022418.3594
1,1624.4924,1022.4994,1022499.3594
1,1624.4954,1022.5024,1022502.3594
1,1624.5602,1022.5672,1022567.1594
1,1624.5852,1022.5922,1022592.1594
1,1624.6070,1022.6140,1022613.9594
1,1624.7324,1022.7394,1022739.3594
1,1624.7559,1022.7629,1022762.8594
1,1624.7588,1022.7658,1022765.7594
1,1624.7930,1022.8000,1022799.9594
1,1624.7960,1022.8030,1022802.9594
1,1624.8700,1022.8770,1022876.9594
1,1624.8758,1022.8828,1022882.7594
1,1624.9345,1022.9415,1022941.4594
1,1624.9865,1022.9935,1022993.4594
1,1625.1014,1023.1084,1023108.3594
1,1625.1376,1023.1446,1023144.5594
1,1625.1453,1023.1523,1023152.2594
1,1625.1746,1023.1816,1023181.5594
1,1625.2211,1023.2281,1023228.0594
1,1625.2233,1023.2303,1023230.2594
1,1625.2758,1023.2828,1023282.7594
1,1625.2869,1023.2939,1023293.8594
1,1625.2991,1023.3061,1023306.0594
1,1625.3176,1023.3246,1023324.5594
1,1625.3302,1023.3372,1023337.1594
1,1625.3323,1023.3393,1023339.2594
1,1625.3888,1023.3958,1023395.7594
1,1625.4085,1023.4155,1023415.4594
1,1625.4355,1023.4425,1023442.4594
1,1625.4697,1023.4767,1023476.6594
1,1625.5413,1023.5483,1023548.2594
1,1625.5453,1023.5523,1023552.2594
1,1625.6382,1023.6452,1023645.1594
1,1625.7172,1023.7242,1023724.1594
1,1625.7593,1023.7663,1023766.2594
1,1625.7648,1023.7718,1023771.7594
1,1625.7690,1023.7760,1023775.9594
1,1625.7930,1023.8000,1023799.9594
1,1625.7963,1023.8033,1023803.2594
1,1625.8044,1023.8114,1023811.3594
1,1625.8269,1023.8339,1023833.8594
1,1625.8346,1023.8416,1023841.5594
1,1625.8463,1023.8533,1023853.2594
1,1625.9119,1023.9189,1023918.8594
1,1625.9161,1023.9231,1023923.0594
1,1625.9252,1023.9322,1023932.1594
1,1625.9274,1023.9344,1023934.3594
1,1625.9836,1023.9906,1023990.5594
1,1626.0057,1024.0127,1024012.6594
1,1626.0635,1024.0705,1024070.4594
1,1626.0665,1024.0735,1024073.4594
1,1626.0885,1024.0955,1024095.4594
1,1626.1564,1024.1634,1024163.3594
1,1626.1632,1024.1702,1024170.1594
1,1626.1958,1024.2028,1024202.7594
1,1626.1980,1024.2050,1024204.9594
1,1626.2134,1024.2204,1024220.3594
1,1626.2196,1024.2266,1024226.5594
1,1626.2522,1024.2592,1024259.1594
1,1626.2563,1024.2633,1024263.2594
1,1626.2697,1024.2767,1024276.6594
1,1626.2943,1024.3013,1024301.2594
1,1626.3045,1024.3115,1024311.4594
1,1626.3133,1024.3203,1024320.2594
1,1626.3324,1024.3394,1024339.3594
1,1626.3393,1024.3463,1024346.2594
1,1626.3543,1024.3613,1024361.2594
1,1626.3715,1024.3785,1024378.4594
1,1626.3758,1024.3828,1024382.7594
1,1626.3892,1024.3962,1024396.1594
1,1626.4254,1024.4324,1024432.3594
1,1626.4340,1024.4410,1024440.9594
1,1626.4629,1024.4699,1024469.8594
1,1626.4696,1024.4766,1024476.5594
1,1626.4805,1024.4875,1024487.4594
1,1626.5011,1024.5081,1024508.0594
1,1626.5551,1024.5621,1024562.0594
1,1626.5613,1024.5683,1024568.2594
1,1626.5745,1024.5815,1024581.4594
1,1626.6036,1024.6106,1024610.5594
1,1626.6505,1024.6575,1024657.4594
1,1626.6875,1024.6945,1024694.4594
1,1626.7112,1024.7182,1024718.1594
1,1626.7387,1024.7457,1024745.6594
1,1626.7548,1024.7618,1024761.7594
1,1626.7694,1024.7764,1024776.3594
1,1626.7855,1024.7925,1024792.4594
1,1626.7983,1024.8053,1024805.2594
1,1626.8019,1024.8089,1024808.8594
1,1626.8450,1024.8520,1024851.9594
1,1626.8613,1024.8683,1024868.2594
1,1626.8671,1024.8741,1024874.0594
1,1626.8715,1024.8785,1024878.4594
1,1626.8849,1024.8919,1024891.8594
1,1626.9153,1024.9223,1024922.2594
1,1626.9555,1024.9625,1024962.4594
1,1626.9588,1024.9658,1024965.7594
1,1626.9609,1024.9679,1024967.8594
1,1626.9640,1024.9710,1024970.9594
1,1626.9773,1024.9843,1024984.2594
1,1627.0167,1025.0237,1025023.6594
1,1627.0214,1025.0284,1025028.3594
1,1627.0305,1025.0375,1025037.4594
1,1627.0336,1025.0406,1025040.5594
1,1627.0423,1025.0493,1025049.2594
1,1627.0588,1025.0658,1025065.7594
1,1627.0664,1025.0734,1025073.3594
1,1627.0746,1025.0816,1025081.5594
1,1627.0770,1025.0840,1025083.9594
1,1627.0827,1025.0897,1025089.6594
1,1627.1047,1025.1117,1025111.6594
1,1627.1371,1025.1441,1025144.0594
1,1627.1415,1025.1485,1025148.4594
1,1627.1486,1025.1556,1025155.5594
1,1627.1789,1025.1859,1025185.8594
1,1627.1816,1025.1886,1025188.5594
1,1627.1838,1025.1908,1025190.7594
1,1627.1899,1025.1969,1025196.8594
1,1627.2089,1025.2159,1025215.8594
1,1627.2259,1025.2329,1025232.8594
1,1627.2283,1025.2353,1025235.2594
1,1627.2329,1025.2399,1025239.8594
1,1627.2462,1025.2532,1025253.1594
1,1627.2585,1025.2655,1025265.4594
1,1627.2613,1025.2683,1025268.2594
1,1627.2833,1025.2903,1025290.2594
1,1627.3243,1025.3313,1025331.2594
1,1627.3301,1025.3371,1025337.0594
1,1627.3326,1025.3396,1025339.5594
1,1627.3576,1025.3646,1025364.5594
1,1627.3718,1025.3788,1025378.7594
1,1627.3841,1025.3911,1025391.0594
1,1627.3884,1025.3954,1025395.3594
1,1627.4227,1025.4297,1025429.6594
1,1627.4375,1025.4445,1025444.4594
1,1627.4408,1025.4478,1025447.7594
1,1627.4425,1025.4495,1025449.4594
1,1627.4590,1025.4660,1025465.9594
1,1627.4608,1025.4678,1025467.7594
1,1627.4849,1025.4919,1025491.8594
1,1627.4873,1025.4943,1025494.2594
1,1627.5012,1025.5082,1025508.1594
1,1627.5048,1025.5118,1025511.7594
1,1627.5142,1025.5212,1025521.1594
1,1627.5258,1025.5328,1025532.7594
1,1627.5390,1025.5460,1025545.9594
1,1627.5414,1025.5484,1025548.3594
1,1627.5631,1025.5701,1025570.0594
1,1627.5860,1025.5930,1025592.9594
1,1627.5925,1025.5995,1025599.4594
1,1627.5979,1025.6049,1025604.8594
1,1627.6192,1025.6262,1025626.1594
1,1627.6551,1025.6621,1025662.0594
1,1627.6735,1025.6805,1025680.4594
1,1627.6855,1025.6925,1025692.4594
1,1627.7166,1025.7236,1025723.5594
1,1627.7371,1025.7441,1025744.0594
1,1627.7396,1025.7466,1025746.5594
1,1627.7677,1025.7747,1025774.6594
1,1627.7736,1025.7806,1025780.5594
1,1627.7761,1025.7831,1025783.0594
1,1627.8208,1025.8278,1025827.7594
1,1627.8276,1025.8346,1025834.5594
1,1627.8579,1025.8649,1025864.8594
1,1627.8640,1025.8710,1025870.9594
1,1627.8658,1025.8728,1025872.7594
1,1627.9098,1025.9168,1025916.7594
1,1627.9508,1025.9578,1025957.7594
1,1628.0192,1026.0262,1026026.1594
1,1628.0268,1026.0338,1026033.7594
1,1628.0722,1026.0792,1026079.1594
1,1628.0952,1026.1022,1026102.1594
1,1628.1018,1026.1088,1026108.7594
1,1628.1091,1026.1161,1026116.0594
1,1628.1174,1026.1244,1026124.3594
1,1628.1301,1026.1371,1026137.0594
1,1628.1362,1026.1432,1026143.1594
1,1628.1397,1026.1467,1026146.6594
1,1628.1886,1026.1956,1026195.5594
1,1628.2240,1026.2310,1026230.9594
1,1628.2268,1026.2338,1026233.7594
1,1628.2421,1026.2491,1026249.0594
1,1628.2717,1026.2787,1026278.6594
1,1628.2765,1026.2835,1026283.4594
1,1628.2789,1026.2859,1026285.8594
1,1628.2928,1026.2998,1026299.7594
1,1628.3064,1026.3134,1026313.3594
1,1628.3179,1026.3249,1026324.8594
1,1628.3530,1026.3600,1026359.9594
1,1628.3677,1026.3747,1026374.6594
1,1628.3718,1026.3788,1026378.7594
1,1628.4216,1026.4286,1026428.5594
1,1628.4242,1026.4312,1026431.1594
1,1628.4266,1026.4336,1026433.5594
1,1628.4441,1026.4511,1026451.0594
1,1628.4497,1026.4567,1026456.6594
1,1628.4870,1026.4940,1026493.9594
1,1628.4921,1026.4991,1026499.0594
1,1628.4946,1026.5016,1026501.5594
1,1628.4993,1026.5063,1026506.2594
1,1628.5013,1026.5083,1026508.2594
1,1628.5258,1026.5328,1026532.7594
1,1628.5399,1026.5469,1026546.8594
1,1628.5819,1026.5889,1026588.8594
1,1628.5884,1026.5954,1026595.3594
1,1628.5955,1026.6025,1026602.4594
1,1628.6007,1026.6077,1026607.6594
1,1628.6031,1026.6101,1026610.0594
1,1628.6103,1026.6173,1026617.2594
1,1628.6176,1026.6246,1026624.5594
1,1628.6343,1026.6413,1026641.2594
1,1628.6467,1026.6537,1026653.6594
1,1628.6564,1026.6634,1026663.3594
1,1628.6763,1026.6833,1026683.2594
1,1628.6995,1026.7065,1026706.4594
1,1628.7167,1026.7237,1026723.6594
1,1628.7205,1026.7275,1026727.4594
1,1628.7332,1026.7402,1026740.1594
1,1628.7455,1026.7525,1026752.4594
1,1628.7961,1026.8031,1026803.0594
1,1628.8520,1026.8590,1026858.9594
1,1628.8836,1026.8906,1026890.5594
1,1628.9049,1026.9119,1026911.8594
1,1628.9143,1026.9213,1026921.2594
1,1628.9254,1026.9324,1026932.3594
1,1628.9677,1026.9747,1026974.6594
1,1628.9874,1026.9944,1026994.3594
1,1629.0023,1027.0093,1027009.2594
1,1629.0332,1027.0402,1027040.1594
1,1629.0416,1027.0486,1027048.5594
1,1629.0741,1027.0811,1027081.0594
1,1629.0764,1027.0834,1027083.3594
1,1629.0857,1027.0927,1027092.6594
1,1629.0946,1027.1016,1027101.5594
1,1629.1061,1027.1131,1027113.0594
1,1629.1427,1027.1497,1027149.6594
1,1629.1461,1027.1531,1027153.0594
1,1629.1555,1027.1625,1027162.4594
1,1629.1719,1027.1789,1027178.8594
1,1629.1743,1027.1813,1027181.2594
1,1629.1862,1027.1932,1027193.1594
1,1629.2020,1027.2090,1027208.9594
1,1629.2064,1027.2134,1027213.3594
1,1629.2090,1027.2160,1027215.9594
1,1629.2288,1027.2358,1027235.7594
1,1629.2545,1027.2615,1027261.4594
1,1629.2577,1027.2647,1027264.6594
1,1629.2791,1027.2861,1027286.0594
1,1629.3332,1027.3402,1027340.1594
1,1629.3448,1027.3518,1027351.7594
1,1629.3541,1027.3611,1027361.0594
1,1629.3738,1027.3808,1027380.7594
1,1629.3813,1027.3883,1027388.2594
1,1629.3925,1027.3995,1027399.4594
1,1629.3953,1027.4023,1027402.2594
1,1629.4278,1027.4348,1027434.7594
1,1629.4312,1027.4382,1027438.1594
1,1629.4424,1027.4494,1027449.3594
1,1629.4459,1027.4529,1027452.8594
1,1629.4485,1027.4555,1027455.4594
1,1629.4663,1027.4733,1027473.2594
1,1629.4773,1027.4843,1027484.2594
1,1629.5097,1027.5167,1027516.6594
1,1629.5404,1027.5474,1027547.3594
1,1629.5504,1027.5574,1027557.3594
1,1629.5532,1027.5602,1027560.1594
1,1629.6003,1027.6073,1027607.2594
1,1629.6163,1027.6233,1027623.2594
1,1629.6395,1027.6465,1027646.4594
1,1629.6623,1027.6693,1027669.2594
1,1629.7132,1027.7202,1027720.1594
1,1629.7264,1027.7334,1027733.3594
1,1629.7704,1027.7774,1027777.3594
1,1629.7774,1027.7844,1027784.3594
1,1629.7801,1027.7871,1027787.0594
1,1629.7836,1027.7906,1027790.5594
1,1629.7895,1027.7965,1027796.4594
1,1629.8439,1027.8509,1027850.8594
1,1629.8785,1027.8855,1027885.4594
1,1629.8960,1027.9030,1027902.9594
1,1629.9104,1027.9174,1027917.3594
1,1629.9209,1027.9279,1027927.8594
1,1629.9303,1027.9373,1027937.2594
1,1629.9463,1027.9533,1027953.2594
1,1629.9545,1027.9615,1027961.4594
1,1629.9668,1027.9738,1027973.7594
1,1629.9913,1027.9983,1027998.2594
1,1630.0179,1028.0249,1028024.8594
1,1630.0234,1028.0304,1028030.3594
1,1630.0272,1028.0342,1028034.1594
1,1630.0432,1028.0502,1028050.1594
1,1630.0453,1028.0523,1028052.2594
1,1630.0502,1028.0572,1028057.1594
1,1630.0526,1028.0596,1028059.5594
1,1630.0581,1028.0651,1028065.0594
1,1630.0632,1028.0702,1028070.1594
1,1630.1034,1028.1104,1028110.3594
1,1630.1128,1028.1198,1028119.7594
1,1630.1254,1028.1324,1028132.3594
1,1630.1360,1028.1430,1028142.9594
1,1630.1465,1028.1535,1028153.4594
1,1630.2185,1028.2255,1028225.4594
1,1630.2209,1028.2279,1028227.8594
1,1630.2307,1028.2377,1028237.6594
1,1630.2519,1028.2589,1028258.8594
1,1630.2553,1028.2623,1028262.2594
1,1630.2661,1028.2731,1028273.0594
1,1630.2726,1028.2796,1028279.5594
1,1630.2743,1028.2813,1028281.2594
1,1630.2806,1028.2876,1028287.5594
1,1630.3143,1028.3213,1028321.2594
1,1630.3414,1028.3484,1028348.3594
1,1630.3438,1028.3508,1028350.7594
1,1630.3511,1028.3581,1028358.0594
1,1630.4050,1028.4120,1028411.9594
1,1630.4140,1028.4210,1028420.9594
1,1630.4443,1028.4513,1028451.2594
1,1630.4477,1028.4547,1028454.6594
1,1630.4497,1028.4567,1028456.6594
1,1630.4532,1028.4602,1028460.1594
1,1630.4602,1028.4672,1028467.1594
1,1630.4628,1028.4698,1028469.7594
1,1630.4689,1028.4759,1028475.8594
1,1630.4859,1028.4929,1028492.8594
1,1630.4883,1028.4953,1028495.2594
1,1630.4989,1028.5059,1028505.8594
1,1630.5043,1028.5113,1028511.2594
1,1630.5190,1028.5260,1028525.9594
1,1630.5298,1028.5368,1028536.7594
1,1630.5577,1028.5647,1028564.6594
1,1630.5721,1028.5791,1028579.0594
1,1630.5743,1028.5813,1028581.2594
1,1630.5806,1028.5876,1028587.5594
1,1630.5833,1028.5903,1028590.2594
1,1630.6198,1028.6268,1028626.7594
1,1630.6344,1028.6414,1028641.3594
1,1630.6512,1028.6582,1028658.1594
1,1630.6871,1028.6941,1028694.0594
1,1630.6930,1028.7000,1028699.9594
1,1630.6973,1028.7043,1028704.2594
1,1630.7033,1028.7103,1028710.2594
1,1630.7477,1028.7547,1028754.6594
1,1630.7507,1028.7577,1028757.6594
1,1630.7745,1028.7815,1028781.4594
1,1630.8041,1028.8111,1028811.0594
1,1630.8161,1028.8231,1028823.0594
1,1630.8333,1028.8403,1028840.2594
1,1630.8585,1028.8655,1028865.4594
1,1630.8797,1028.8867,1028886.6594
1,1630.9094,1028.9164,1028916.3594
1,1630.9139,1028.9209,1028920.8594
1,1630.9277,1028.9347,1028934.6594
1,1630.9657,1028.9727,1028972.6594
1,1631.0354,1029.0424,1029042.3594
1,1631.1018,1029.1088,1029108.7594
1,1631.1238,1029.1308,1029130.7594
1,1631.1344,1029.1414,1029141.3594
1,1631.2389,1029.2459,1029245.8594
1,1631.3264,1029.3334,1029333.3594
1,1631.6468,1029.6538,1029653.7594
1,1631.8098,1029.8168,1029816.7594
1,1631.8144,1029.8214,1029821.3594
1,1631.8406,1029.8476,1029847.5594
1,1632.1543,1030.1613,1030161.2594
1,1632.1568,1030.1638,1030163.7594
1,1632.1594,1030.1664,1030166.3594
1,1632.2183,1030.2253,1030225.2594
1,1632.2211,1030.2281,1030228.0594
1,1632.2233,1030.2303,1030230.2594
1,1632.2258,1030.2328,1030232.7594
1,1632.2395,1030.2465,1030246.4594
1,1632.2941,1030.3011,1030301.0594
1,1632.2963,1030.3033,1030303.2594
1,1632.3009,1030.3079,1030307.8594
1,1632.3304,1030.3374,1030337.3594
1,1632.3383,1030.3453,1030345.2594
1,1632.3637,1030.3707,1030370.6594
1,1632.3767,1030.3837,1030383.6594
1,1632.4254,1030.4324,1030432.3594
1,1632.4370,1030.4440,1030443.9594
1,1632.4395,1030.4465,1030446.4594
1,1632.4870,1030.4940,1030493.9594
1,1632.5065,1030.5135,1030513.4594
1,1632.5234,1030.5304,1030530.3594
1,1632.5291,1030.5361,1030536.0594
1,1632.5363,1030.5433,1030543.2594
1,1632.5591,1030.5661,1030566.0594
1,1632.5812,1030.5882,1030588.1594
1,1632.5854,1030.5924,1030592.3594
1,1632.5992,1030.6062,1030606.1594
1,1632.6051,1030.6121,1030612.0594
1,1632.6141,1030.6211,1030621.0594
1,1632.6242,1030.6312,1030631.1594
1,1632.6289,1030.6359,1030635.8594
1,1632.6746,1030.6816,1030681.5594
1,1632.6842,1030.6912,1030691.1594
1,1632.6871,1030.6941,1030694.0594
1,1632.7023,1030.7093,1030709.2594
1,1632.7048,1030.7118,1030711.7594
1,1632.7342,1030.7412,1030741.1594
1,1632.7466,1030.7536,1030753.5594
1,1632.7584,1030.7654,1030765.3594
1,1632.7631,1030.7701,1030770.0594
1,1632.7650,1030.7720,1030771.9594
1,1632.7937,1030.8007,1030800.6594
1,1632.7965,1030.8035,1030803.4594
1,1632.8400,1030.8470,1030846.9594
1,1632.8545,1030.8615,1030861.4594
1,1632.8756,1030.8826,1030882.5594
1,1632.8936,1030.9006,1030900.5594
1,1632.9203,1030.9273,1030927.2594
1,1632.9413,1030.9483,1030948.2594
1,1632.9482,1030.9552,1030955.1594
1,1632.9508,1030.9578,1030957.7594
1,1632.9572,1030.9642,1030964.1594
1,1632.9644,1030.9714,1030971.3594
1,1633.0618,1031.0688,1031068.7594
1,1633.0950,1031.1020,1031101.9594
1,1633.1330,1031.1400,1031139.9594
1,1633.1403,1031.1473,1031147.2594
1,1633.1598,1031.1668,1031166.7594
1,1633.1619,1031.1689,1031168.8594
1,1633.1651,1031.1721,1031172.0594
1,1633.2178,1031.2248,1031224.7594
1,1633.2297,1031.2367,1031236.6594
1,1633.2684,1031.2754,1031275.3594
1,1633.2793,1031.2863,1031286.2594
1,1633.2863,1031.2933,1031293.2594
1,1633.2899,1031.2969,1031296.8594
1,1633.3009,1031.3079,1031307.8594
1,1633.3251,1031.3321,1031332.0594
1,1633.3422,1031.3492,1031349.1594
1,1633.3510,1031.3580,1031357.9594
1,1633.3696,1031.3766,1031376.5594
1,1633.4294,1031.4364,1031436.3594
1,1633.4392,1031.4462,1031446.1594
1,1633.4560,1031.4630,1031462.9594
1,1633.4808,1031.4878,1031487.7594
1,1633.5646,1031.5716,1031571.5594
1,1633.5681,1031.5751,1031575.0594
1,1633.6098,1031.6168,1031616.7594
1,1633.6441,1031.6511,1031651.0594
1,1633.6903,1031.6973,1031697.2594
1,1633.7267,1031.7337,1031733.6594
1,1633.8617,1031.8687,1031868.6594
1,1633.9318,1031.9388,1031938.7594
1,1633.9838,1031.9908,1031990.7594
1,1633.9962,1032.0032,1032003.1594
1,1634.0007,1032.0077,1032007.6594
1,1634.0345,1032.0415,1032041.4594
1,1634.0794,1032.0864,1032086.3594
1,1634.1001,1032.1071,1032107.0594
1,1634.1169,1032.1239,1032123.8594
1,1634.1660,1032.1730,1032172.9594
1,1634.2113,1032.2183,1032218.2594
1,1634.2142,1032.2212,1032221.1594
1,1634.2477,1032.2547,1032254.6594
1,1634.2524,1032.2594,1032259.3594
1,1634.2631,1032.2701,1032270.0594
1,1634.3440,1032.3510,1032350.9594
1,1634.4511,1032.4581,1032458.0594
1,1634.4597,1032.4667,1032466.6594
1,1634.4993,1032.5063,1032506.2594
1,1634.5709,1032.5779,1032577.8594
1,1634.5761,1032.5831,1032583.0594
1,1634.6248,1032.6318,1032631.7594
1,1634.6689,1032.6759,1032675.8594
1,1634.6965,1032.7035,1032703.4594
1,1634.7003,1032.7073,1032707.2594
1,1635.0586,1033.0656,1033065.5594
1,1635.1522,1033.1592,1033159.1594
1,1635.1772,1033.1842,1033184.1594
1,1635.1910,1033.1980,1033197.9594
1,1635.1935,1033.2005,1033200.4594
1,1635.2600,1033.2670,1033266.9594
1,1635.2833,1033.2903,1033290.2594
1,1635.2985,1033.3055,1033305.4594
1,1635.3212,1033.3282,1033328.1594
1,1635.3979,1033.4049,1033404.8594
1,1635.4298,1033.4368,1033436.7594
1,1635.4524,1033.4594,1033459.3594
1,1635.5015,1033.5085,1033508.4594
1,1635.5098,1033.5168,1033516.7594
1,1635.5146,1033.5216,1033521.5594
1,1635.5238,1033.5308,1033530.7594
1,1635.5461,1033.5531,1033553.0594
1,1635.5547,1033.5617,1033561.6594
1,1635.5586,1033.5656,1033565.5594
1,1635.5652,1033.5722,1033572.1594
1,1635.6224,1033.6294,1033629.3594
1,1635.6340,1033.6410,1033640.9594
1,1635.6675,1033.6745,1033674.4594
1,1635.6703,1033.6773,1033677.2594
1,1635.6982,1033.7052,1033705.1594
1,1635.7135,1033.7205,1033720.4594
1,1635.7177,1033.7247,1033724.6594
1,1635.7354,1033.7424,1033742.3594
1,1635.7539,1033.7609,1033760.8594
1,1635.7585,1033.7655,1033765.4594
1,1635.7996,1033.8066,1033806.5594
1,1635.8397,1033.8467,1033846.6594
1,1635.8511,1033.8581,1033858.0594
1,1635.8743,1033.8813,1033881.2594
1,1635.8801,1033.8871,1033887.0594
1,1635.8897,1033.8967,1033896.6594
1,1635.8999,1033.9069,1033906.8594
1,1635.9424,1033.9494,1033949.3594
1,1635.9530,1033.9600,1033959.9594
1,1635.9567,1033.9637,1033963.6594
1,1635.9951,1034.0021,1034002.0594
1,1636.0365,1034.0435,1034043.4594
1,1636.0510,1034.0580,1034057.9594
1,1636.0534,1034.0604,1034060.3594
1,1636.4070,1034.4140,1034413.9594
1,1636.4097,1034.4167,1034416.6594
1,1636.4825,1034.4895,1034489.4594
1,1636.6142,1034.6212,1034621.1594
1,1637.5643,1035.5713,1035571.2594
1,1637.6090,1035.6160,1035615.9594
1,1637.8267,1035.8337,1035833.6594
1,1638.0978,1036.1048,1036104.7594
1,1638.2016,1036.2086,1036208.5594
1,1638.2844,1036.2914,1036291.3594
1,1638.3484,1036.3554,1036355.3594
1,1638.4039,1036.4109,1036410.8594
1,1638.4464,1036.4534,1036453.3594
1,1638.4732,1036.4802,1036480.1594
1,1638.5156,1036.5226,1036522.5594
1,1638.5706,1036.5776,1036577.5594
1,1638.5915,1036.5985,1036598.4594
1,1638.6391,1036.6461,1036646.0594
1,1638.6729,1036.6799,1036679.8594
1,1638.7253,1036.7323,1036732.2594
1,1638.7560,1036.7630,1036762.9594
1,1638.8084,1036.8154,1036815.3594
1,1638.8344,1036.8414,1036841.3594
1,1638.8421,1036.8491,1036849.0594
1,1638.8441,1036.8511,1036851.0594
1,1638.8774,1036.8844,1036884.3594
1,1638.8888,1036.8958,1036895.7594
1,1638.9416,1036.9486,1036948.5594
1,1638.9781,1036.9851,1036985.0594
1,1638.9985,1037.0055,1037005.4594
1,1639.0302,1037.0372,1037037.1594
1,1639.0652,1037.0722,1037072.1594
1,1639.0902,1037.0972,1037097.1594
1,1639.1365,1037.1435,1037143.4594
1,1639.1771,1037.1841,1037184.0594
1,1639.2259,1037.2329,1037232.8594
1,1639.2736,1037.2806,1037280.5594
1,1639.8954,1037.9024,1037902.3594
1,1640.6243,1038.6313,1038631.2594
1,1641.1721,1039.1791,1039179.0594
1,1641.5738,1039.5808,1039580.7594
1,1643.1556,1041.1626,1041162.5594
1,1644.1264,1042.1334,1042133.3594
1,1644.2261,1042.2331,1042233.0594
1,1645.8581,1043.8651,1043865.0594
1,1646.7591,1044.7661,1044766.0594
1,1646.9843,1044.9913,1044991.2594
1,1648.0567,1046.0637,1046063.6594
1,1648.1273,1046.1343,1046134.2594
1,1648.1860,1046.1930,1046192.9594
1,1648.2989,1046.3059,1046305.8594
1,1648.4863,1046.4933,1046493.2594
1,1648.8459,1046.8529,1046852.8594
1,1651.8739,1049.8809,1049880.8594
1,1651.9106,1049.9176,1049917.5594
1,1651.9151,1049.9221,1049922.0594
1,1651.9249,1049.9319,1049931.8594
1,1651.9721,1049.9791,1049979.0594
1,1651.9812,1049.9882,1049988.1594
1,1652.1289,1050.1359,1050135.8594
1,1652.3195,1050.3265,1050326.4594
1,1652.3980,1050.4050,1050404.9594
1,1652.6816,1050.6886,1050688.5594
1,1652.9112,1050.9182,1050918.1594
1,1653.0430,1051.0500,1051049.9594
1,1653.4351,1051.4421,1051442.0594
1,1653.4767,1051.4837,1051483.6594
1,1653.6889,1051.6959,1051695.8594
1,1653.8372,1051.8442,1051844.1594
1,1654.0467,1052.0537,1052053.6594
1,1654.0982,1052.1052,1052105.1594
1,1654.2652,1052.2722,1052272.1594
1,1654.4112,1052.4182,1052418.1594
1,1654.8288,1052.8358,1052835.7594
1,1654.9793,1052.9863,1052986.2594
1,1655.0149,1053.0219,1053021.8594
1,1655.0511,1053.0581,1053058.0594
1,1655.1923,1053.1993,1053199.2594
1,1655.2268,1053.2338,1053233.7594
1,1655.3043,1053.3113,1053311.2594
1,1655.3123,1053.3193,1053319.2594
1,1655.3861,1053.3931,1053393.0594
1,1655.4248,1053.4318,1053431.7594
1,1655.4275,1053.4345,1053434.4594
1,1655.4300,1053.4370,1053436.9594
1,1655.5248,1053.5318,1053531.7594
1,1655.5329,1053.5399,1053539.8594
1,1655.6149,1053.6219,1053621.8594
1,1655.6420,1053.6490,1053648.9594
1,1655.6446,1053.6516,1053651.5594
1,1655.7972,1053.8042,1053804.1594
1,1655.9944,1054.0014,1054001.3594
1,1656.0258,1054.0328,1054032.7594
1,1656.1423,1054.1493,1054149.2594
1,1656.1448,1054.1518,1054151.7594
1,1656.2156,1054.2226,1054222.5594
1,1656.2721,1054.2791,1054279.0594
1,1656.3199,1054.3269,1054326.8594
1,1656.3436,1054.3506,1054350.5594
1,1656.3814,1054.3884,1054388.3594
1,1656.4283,1054.4353,1054435.2594
1,1656.6404,1054.6474,1054647.3594
1,1656.8015,1054.8085,1054808.4594
1,1656.8642,1054.8712,1054871.1594
1,1656.9358,1054.9428,1054942.7594
1,1657.0071,1055.0141,1055014.0594
1,1657.0199,1055.0269,1055026.8594
1,1657.0229,1055.0299,1055029.8594
1,1657.0959,1055.1029,1055102.8594
1,1657.3744,1055.3814,1055381.3594
1,1657.4034,1055.4104,1055410.3594
1,1657.4152,1055.4222,1055422.1594
1,1657.6215,1055.6285,1055628.4594
1,1657.6997,1055.7067,1055706.6594
1,1658.5841,1056.5911,1056591.0594
1,1659.0744,1057.0814,1057081.3594
1,1659.1251,1057.1321,1057132.0594
1,1659.6197,1057.6267,1057626.6594
1,1659.8200,1057.8270,1057826.9594
1,1659.9346,1057.9416,1057941.5594
1,1659.9371,1057.9441,1057944.0594
1,1659.9911,1057.9981,1057998.0594
1,1660.0551,1058.0621,1058062.0594
1,1660.1463,1058.1533,1058153.2594
1,1660.1749,1058.1819,1058181.8594
1,1660.3181,1058.3251,1058325.0594
1,1660.6287,1058.6357,1058635.6594
1,1660.8606,1058.8676,1058867.5594
1,1660.9026,1058.9096,1058909.5594
1,1660.9743,1058.9813,1058981.2594
1,1660.9925,1058.9995,1058999.4594
1,1661.0445,1059.0515,1059051.4594
1,1661.0564,1059.0634,1059063.3594
1,1661.0851,1059.0921,1059092.0594
1,1661.1026,1059.1096,1059109.5594
1,1661.1131,1059.1201,1059120.0594
1,1661.1601,1059.1671,1059167.0594
1,1661.2512,1059.2582,1059258.1594
1,1661.2837,1059.2907,1059290.6594
1,1661.3031,1059.3101,1059310.0594
1,1661.3301,1059.3371,1059337.0594
1,1661.3675,1059.3745,1059374.4594
1,1661.4112,1059.4182,1059418.1594
1,1661.4486,1059.4556,1059455.5594
1,1661.6215,1059.6285,1059628.4594
1,1661.6261,1059.6331,1059633.0594
1,1661.6673,1059.6743,1059674.2594
1,1661.6881,1059.6951,1059695.0594
1,1661.7121,1059.7191,1059719.0594
1,1661.7145,1059.7215,1059721.4594
1,1661.7307,1059.7377,1059737.6594
1,1661.7464,1059.7534,1059753.3594
1,1661.7511,1059.7581,1059758.0594
1,1661.7927,1059.7997,1059799.6594
1,1661.8117,1059.8187,1059818.6594
1,1661.8290,1059.8360,1059835.9594
1,1661.8898,1059.8968,1059896.7594
1,1661.9304,1059.9374,1059937.3594
1,1661.9488,1059.9558,1059955.7594
1,1661.9806,1059.9876,1059987.5594
1,1662.0267,1060.0337,1060033.6594
1,1662.0701,1060.0771,1060077.0594
1,1662.1624,1060.1694,1060169.3594
1,1662.1674,1060.1744,1060174.3594
1,1662.2405,1060.2475,1060247.4594
1,1662.2460,1060.2530,1060252.9594
1,1662.3016,1060.3086,1060308.5594
1,1662.3124,1060.3194,1060319.3594
1,1662.3646,1060.3716,1060371.5594
1,1662.3988,1060.4058,1060405.7594
1,1662.4614,1060.4684,1060468.3594
1,1662.5720,1060.5790,1060578.9594
1,1662.5929,1060.5999,1060599.8594
1,1662.6248,1060.6318,1060631.7594
1,1662.7077,1060.7147,1060714.6594
1,1662.7610,1060.7680,1060767.9594
1,1662.8030,1060.8100,1060809.9594
1,1664.2403,1062.2473,1062247.2594
1,1665.6937,1063.7007,1063700.6594
1,1666.3766,1064.3836,1064383.5594
1,1666.6181,1064.6251,1064625.0594
1,1666.7287,1064.7357,1064735.6594
1,1666.8235,1064.8305,1064830.4594
1,1666.8257,1064.8327,1064832.6594
1,1666.8497,1064.8567,1064856.6594
1,1666.9328,1064.9398,1064939.7594
1,1666.9351,1064.9421,1064942.0594
1,1667.0277,1065.0347,1065034.6594
1,1667.2499,1065.2569,1065256.8594
1,1667.3040,1065.3110,1065310.9594
1,1667.5742,1065.5812,1065581.1594
1,1667.8879,1065.8949,1065894.8594
1,1667.9934,1066.0004,1066000.3594
1,1668.0104,1066.0174,1066017.3594
1,1668.0127,1066.0197,1066019.6594
1,1668.0653,1066.0723,1066072.2594
1,1668.1077,1066.1147,1066114.6594
1,1668.1236,1066.1306,1066130.5594
1,1668.1630,1066.1700,1066169.9594
1,1668.1677,1066.1747,1066174.6594
1,1668.1952,1066.2022,1066202.1594
1,1668.2008,1066.2078,1066207.7594
1,1668.2057,1066.2127,1066212.6594
1,1668.2584,1066.2654,1066265.3594
1,1668.2615,1066.2685,1066268.4594
1,1668.2812,1066.2882,1066288.1594
1,1668.3169,1066.3239,1066323.8594
1,1668.3661,1066.3731,1066373.0594
1,1668.3989,1066.4059,1066405.8594
1,1668.4062,1066.4132,1066413.1594
1,1668.4985,1066.5055,1066505.4594
1,1668.5263,1066.5333,1066533.2594
1,1668.5599,1066.5669,1066566.8594
1,1668.5773,1066.5843,1066584.2594
1,1668.6065,1066.6135,1066613.4594
1,1668.6847,1066.6917,1066691.6594
1,1668.7549,1066.7619,1066761.8594
1,1668.8044,1066.8114,1066811.3594
1,1668.8165,1066.8235,1066823.4594
1,1668.8596,1066.8666,1066866.5594
1,1668.8914,1066.8984,1066898.3594
1,1668.8993,1066.9063,1066906.2594
1,1668.9016,1066.9086,1066908.5594
1,1668.9396,1066.9466,1066946.5594
1,1668.9421,1066.9491,1066949.0594
1,1668.9550,1066.9620,1066961.9594
1,1668.9900,1066.9970,1066996.9594
1,1669.0038,1067.0108,1067010.7594
1,1669.0128,1067.0198,1067019.7594
1,1669.0355,1067.0425,1067042.4594
1,1669.0633,1067.0703,1067070.2594
1,1669.1000,1067.1070,1067106.9594
1,1669.1170,1067.1240,1067123.9594
1,1669.1190,1067.1260,1067125.9594
1,1669.1647,1067.1717,1067171.6594
1,1669.2167,1067.2237,1067223.6594
1,1669.2451,1067.2521,1067252.0594
1,1669.2512,1067.2582,1067258.1594
1,1669.2556,1067.2626,1067262.5594
1,1669.2994,1067.3064,1067306.3594
1,1669.3270,1067.3340,1067333.9594
1,1669.3450,1067.3520,1067351.9594
1,1669.3481,1067.3551,1067355.0594
1,1669.3629,1067.3699,1067369.8594
1,1669.3772,1067.3842,1067384.1594
1,1669.3941,1067.4011,1067401.0594
1,1669.4209,1067.4279,1067427.8594
1,1669.4239,1067.4309,1067430.8594
1,1669.4398,1067.4468,1067446.7594
1,1669.4643,1067.4713,1067471.2594
1,1669.5045,1067.5115,1067511.4594
1,1669.5334,1067.5404,1067540.3594
1,1669.5368,1067.5438,1067543.7594
1,1669.5532,1067.5602,1067560.1594
1,1669.5836,1067.5906,1067590.5594
1,1669.6002,1067.6072,1067607.1594
1,1669.6067,1067.6137,1067613.6594
1,1669.7072,1067.7142,1067714.1594
1,1669.7100,1067.7170,1067716.9594
1,1669.7462,1067.7532,1067753.1594
1,1669.8068,1067.8138,1067813.7594
1,1670.5221,1068.5291,1068529.0594
1,1670.5595,1068.5665,1068566.4594
1,1670.6616,1068.6686,1068668.5594
1,1670.6913,1068.6983,1068698.2594
1,1670.7097,1068.7167,1068716.6594
1,1670.7294,1068.7364,1068736.3594
1,1670.7321,1068.7391,1068739.0594
1,1670.7513,1068.7583,1068758.2594
1,1670.7829,1068.7899,1068789.8594
1,1670.8020,1068.8090,1068808.9594
1,1670.8350,1068.8420,1068841.9594
1,1670.8561,1068.8631,1068863.0594
1,1670.8684,1068.8754,1068875.3594
1,1670.8822,1068.8892,1068889.1594
1,1670.9070,1068.9140,1068913.9594
1,1670.9187,1068.9257,1068925.6594
1,1670.9387,1068.9457,1068945.6594
1,1670.9705,1068.9775,1068977.4594
1,1670.9994,1069.0064,1069006.3594
1,1671.0242,1069.0312,1069031.1594
1,1671.0645,1069.0715,1069071.4594
1,1671.0700,1069.0770,1069076.9594
1,1671.1020,1069.1090,1069108.9594
1,1671.1187,1069.1257,1069125.6594
1,1671.1960,1069.2030,1069202.9594
1,1671.2099,1069.2169,1069216.8594
1,1671.2181,1069.2251,1069225.0594
1,1671.2256,1069.2326,1069232.5594
1,1671.2710,1069.2780,1069277.9594
1,1671.2793,1069.2863,1069286.2594
1,1671.2915,1069.2985,1069298.4594
1,1671.3490,1069.3560,1069355.9594
1,1671.3861,1069.3931,1069393.0594
1,1671.3932,1069.4002,1069400.1594
1,1671.5261,1069.5331,1069533.0594
1,1671.6186,1069.6256,1069625.5594
1,1671.9388,1069.9458,1069945.7594
1,1671.9509,1069.9579,1069957.8594
1,1671.9788,1069.9858,1069985.7594
1,1672.0020,1070.0090,1070008.9594
1,1672.0280,1070.0350,1070034.9594
1,1672.0305,1070.0375,1070037.4594
1,1672.0654,1070.0724,1070072.3594
1,1672.0701,1070.0771,1070077.0594
1,1672.0954,1070.1024,1070102.3594
1,1672.1003,1070.1073,1070107.2594
1,1672.1424,1070.1494,1070149.3594
1,1672.1462,1070.1532,1070153.1594
1,1672.1633,1070.1703,1070170.2594
1,1672.1740,1070.1810,1070180.9594
1,1672.2048,1070.2118,1070211.7594
1,1672.2120,1070.2190,1070218.9594
1,1672.2212,1070.2282,1070228.1594
1,1672.2294,1070.2364,1070236.3594
1,1672.2376,1070.2446,1070244.5594
1,1672.2588,1070.2658,1070265.7594
1,1672.2749,1070.2819,1070281.8594
1,1672.2870,1070.2940,1070293.9594
1,1672.2930,1070.3000,1070299.9594
1,1672.2949,1070.3019,1070301.8594
1,1672.3211,1070.3281,1070328.0594
1,1672.3280,1070.3350,1070334.9594
1,1672.3325,1070.3395,1070339.4594
1,1672.3488,1070.3558,1070355.7594
1,1672.3819,1070.3889,1070388.8594
1,1672.3858,1070.3928,1070392.7594
1,1672.4133,1070.4203,1070420.2594
1,1672.4273,1070.4343,1070434.2594
1,1672.4670,1070.4740,1070473.9594
1,1672.4735,1070.4805,1070480.4594
1,1672.4843,1070.4913,1070491.2594
1,1672.4862,1070.4932,1070493.1594
1,1672.5150,1070.5220,1070521.9594
1,1672.5175,1070.5245,1070524.4594
1,1672.5848,1070.5918,1070591.7594
1,1672.5867,1070.5937,1070593.6594
1,1672.5944,1070.6014,1070601.3594
1,1672.5981,1070.6051,1070605.0594
1,1672.6438,1070.6508,1070650.7594
1,1672.6587,1070.6657,1070665.6594
1,1672.6807,1070.6877,1070687.6594
1,1672.6829,1070.6899,1070689.8594
1,1672.7225,1070.7295,1070729.4594
1,1672.7319,1070.7389,1070738.8594
1,1672.7443,1070.7513,1070751.2594
1,1672.7586,1070.7656,1070765.5594
1,1672.7874,1070.7944,1070794.3594
1,1672.7968,1070.8038,1070803.7594
1,1672.8235,1070.8305,1070830.4594
1,1672.8401,1070.8471,1070847.0594
1,1672.8478,1070.8548,1070854.7594
1,1672.8646,1070.8716,1070871.5594
1,1672.8681,1070.8751,1070875.0594
1,1672.9045,1070.9115,1070911.4594
1,1672.9065,1070.9135,1070913.4594
1,1672.9287,1070.9357,1070935.6594
1,1672.9617,1070.9687,1070968.6594
1,1672.9658,1070.9728,1070972.7594
1,1672.9687,1070.9757,1070975.6594
1,1672.9896,1070.9966,1070996.5594
1,1672.9977,1071.0047,1071004.6594
1,1673.0063,1071.0133,1071013.2594
1,1673.0186,1071.0256,1071025.5594
1,1673.0222,1071.0292,1071029.1594
1,1673.0302,1071.0372,1071037.1594
1,1673.0758,1071.0828,1071082.7594
1,1673.0987,1071.1057,1071105.6594
1,1673.1126,1071.1196,1071119.5594
1,1673.1158,1071.1228,1071122.7594
1,1673.1361,1071.1431,1071143.0594
1,1673.1383,1071.1453,1071145.2594
1,1673.1419,1071.1489,1071148.8594
1,1673.1525,1071.1595,1071159.4594
1,1673.1693,1071.1763,1071176.2594
1,1673.1729,1071.1799,1071179.8594
1,1673.1758,1071.1828,1071182.7594
1,1673.2012,1071.2082,1071208.1594
1,1673.2075,1071.2145,1071214.4594
1,1673.2240,1071.2310,1071230.9594
1,1673.2263,1071.2333,1071233.2594
1,1673.2297,1071.2367,1071236.6594
1,1673.2320,1071.2390,1071238.9594
1,1673.2701,1071.2771,1071277.0594
1,1673.2741,1071.2811,1071281.0594
1,1673.2766,1071.2836,1071283.5594
1,1673.3189,1071.3259,1071325.8594
1,1673.3274,1071.3344,1071334.3594
1,1673.3324,1071.3394,1071339.3594
1,1673.3763,1071.3833,1071383.2594
1,1673.4049,1071.4119,1071411.8594
1,1673.4162,1071.4232,1071423.1594
1,1673.4186,1071.4256,1071425.5594
1,1673.4344,1071.4414,1071441.3594
1,1673.4364,1071.4434,1071443.3594
1,1673.4639,1071.4709,1071470.8594
1,1673.4670,1071.4740,1071473.9594
1,1673.5330,1071.5400,1071539.9594
1,1673.5362,1071.5432,1071543.1594
1,1673.5742,1071.5812,1071581.1594
1,1673.6393,1071.6463,1071646.2594
1,1673.6898,1071.6968,1071696.7594
1,1673.6951,1071.7021,1071702.0594
1,1673.7348,1071.7418,1071741.7594
1,1673.7707,1071.7777,1071777.6594
1,1673.8170,1071.8240,1071823.9594
1,1673.8218,1071.8288,1071828.7594
1,1673.9579,1071.9649,1071964.8594
1,1675.6358,1073.6428,1073642.7594
1,1675.7203,1073.7273,1073727.2594
1,1676.7780,1074.7850,1074784.9594
1,1676.9761,1074.9831,1074983.0594
1,1677.4170,1075.4240,1075423.9594
1,1677.6064,1075.6134,1075613.3594
1,1677.6088,1075.6158,1075615.7594
1,1677.7584,1075.7654,1075765.3594
1,1677.8236,1075.8306,1075830.5594
1,1677.8300,1075.8370,1075836.9594
1,1677.9053,1075.9123,1075912.2594
1,1677.9310,1075.9380,1075937.9594
1,1677.9630,1075.9700,1075969.9594
1,1677.9812,1075.9882,1075988.1594
1,1678.0473,1076.0543,1076054.2594
1,1678.0735,1076.0805,1076080.4594
1,1678.2959,1076.3029,1076302.8594
1,1678.3367,1076.3437,1076343.6594
1,1678.6840,1076.6910,1076690.9594
1,1680.1575,1078.1645,1078164.4594
1,1680.1864,1078.1934,1078193.3594
1,1680.2429,1078.2499,1078249.8594
1,1680.4569,1078.4639,1078463.8594
1,1680.5762,1078.5832,1078583.1594
1,1680.6799,1078.6869,1078686.8594
1,1680.7752,1078.7822,1078782.1594
1,1680.9375,1078.9445,1078944.4594
1,1681.0489,1079.0559,1079055.8594
1,1681.6412,1079.6482,1079648.1594
1,1681.6466,1079.6536,1079653.5594
1,1681.7562,1079.7632,1079763.1594
1,1681.9460,1079.9530,1079952.9594
1,1681.9494,1079.9564,1079956.3594
1,1681.9685,1079.9755,1079975.4594
1,1682.1457,1080.1527,1080152.6594
1,1682.2154,1080.2224,1080222.3594
1,1682.2180,1080.2250,1080224.9594
1,1682.4240,1080.4310,1080430.9594
1,1682.4571,1080.4641,1080464.0594
1,1682.4593,1080.4663,1080466.2594
1,1682.4991,1080.5061,1080506.0594
1,1682.6602,1080.6672,1080667.1594
1,1682.8070,1080.8140,1080813.9594
1,1683.0330,1081.0400,1081039.9594
1,1683.4977,1081.5047,1081504.6594
1,1683.5456,1081.5526,1081552.5594
1,1683.6547,1081.6617,1081661.6594
1,1683.8509,1081.8579,1081857.8594
1,1683.8883,1081.8953,1081895.2594
1,1683.9043,1081.9113,1081911.2594
1,1683.9542,1081.9612,1081961.1594
1,1684.0090,1082.0160,1082015.9594
1,1684.0667,1082.0737,1082073.6594
1,1684.1384,1082.1454,1082145.3594
1,1684.1557,1082.1627,1082162.6594
1,1684.4626,1082.4696,1082469.5594
1,1684.7148,1082.7218,1082721.7594
1,1684.7824,1082.7894,1082789.3594
1,1684.7845,1082.7915,1082791.4594
1,1684.8580,1082.8650,1082864.9594
1,1684.9562,1082.9632,1082963.1594
1,1685.0710,1083.0780,1083077.9594
1,1685.5030,1083.5100,1083509.9594
1,1685.5719,1083.5789,1083578.8594
1,1685.6536,1083.6606,1083660.5594
1,1685.6835,1083.6905,1083690.4594
1,1685.6972,1083.7042,1083704.1594
1,1685.7009,1083.7079,1083707.8594
1,1685.7318,1083.7388,1083738.7594
1,1685.7492,1083.7562,1083756.1594
1,1685.7523,1083.7593,1083759.2594
1,1685.7749,1083.7819,1083781.8594
1,1685.8277,1083.8347,1083834.6594
1,1685.8469,1083.8539,1083853.8594
1,1685.8874,1083.8944,1083894.3594
1,1685.9776,1083.9846,1083984.5594
1,1685.9803,1083.9873,1083987.2594
1,1685.9866,1083.9936,1083993.5594
1,1686.0151,1084.0221,1084022.0594
1,1686.0185,1084.0255,1084025.4594
1,1686.1004,1084.1074,1084107.3594
1,1686.1023,1084.1093,1084109.2594
1,1686.1095,1084.1165,1084116.4594
1,1686.1145,1084.1215,1084121.4594
1,1686.1234,1084.1304,1084130.3594
1,1686.2990,1084.3060,1084305.9594
1,1686.3852,1084.3922,1084392.1594
1,1686.3930,1084.4000,1084399.9594
1,1686.3989,1084.4059,1084405.8594
1,1686.4393,1084.4463,1084446.2594
1,1686.5369,1084.5439,1084543.8594
1,1686.5392,1084.5462,1084546.1594
1,1686.6243,1084.6313,1084631.2594
1,1686.6268,1084.6338,1084633.7594
1,1686.7000,1084.7070,1084706.9594
1,1687.0165,1085.0235,1085023.4594
1,1687.1188,1085.1258,1085125.7594
1,1687.2201,1085.2271,1085227.0594
1,1687.3333,1085.3403,1085340.2594
1,1687.4264,1085.4334,1085433.3594
1,1687.4729,1085.4799,1085479.8594
1,1687.6760,1085.6830,1085682.9594
1,1688.0837,1086.0907,1086090.6594
1,1688.0859,1086.0929,1086092.8594
1,1688.1146,1086.1216,1086121.5594
1,1688.1179,1086.1249,1086124.8594
1,1688.1259,1086.1329,1086132.8594
1,1688.1622,1086.1692,1086169.1594
1,1688.2166,1086.2236,1086223.5594
1,1688.2186,1086.2256,1086225.5594
1,1688.2211,1086.2281,1086228.0594
1,1688.2275,1086.2345,1086234.4594
1,1688.2934,1086.3004,1086300.3594
1,1688.3133,1086.3203,1086320.2594
1,1688.3161,1086.3231,1086323.0594
1,1688.3182,1086.3252,1086325.1594
1,1688.3317,1086.3387,1086338.6594
1,1688.3705,1086.3775,1086377.4594
1,1688.3860,1086.3930,1086392.9594
1,1688.3922,1086.3992,1086399.1594
1,1688.4058,1086.4128,1086412.7594
1,1688.4079,1086.4149,1086414.8594
1,1688.6138,1086.6208,1086620.7594
1,1688.7679,1086.7749,1086774.8594
1,1688.8347,1086.8417,1086841.6594
1,1688.8505,1086.8575,1086857.4594
1,1688.9056,1086.9126,1086912.5594
1,1688.9943,1087.0013,1087001.2594
1,1689.1580,1087.1650,1087164.9594
1,1689.3423,1087.3493,1087349.2594
1,1689.3484,1087.3554,1087355.3594
1,1689.3555,1087.3625,1087362.4594
1,1689.3599,1087.3669,1087366.8594
1,1689.4177,1087.4247,1087424.6594
1,1689.4801,1087.4871,1087487.0594
1,1689.5912,1087.5982,1087598.1594
1,1689.7033,1087.7103,1087710.2594
1,1689.7112,1087.7182,1087718.1594
1,1689.8040,1087.8110,1087810.9594
1,1689.8063,1087.8133,1087813.2594
1,1689.8088,1087.8158,1087815.7594
1,1689.8372,1087.8442,1087844.1594
1,1689.8763,1087.8833,1087883.2594
1,1689.9623,1087.9693,1087969.2594
1,1689.9719,1087.9789,1087978.8594
1,1690.0069,1088.0139,1088013.8594
1,1690.1156,1088.1226,1088122.5594
1,1690.2215,1088.2285,1088228.4594
1,1690.3254,1088.3324,1088332.3594
1,1690.3677,1088.3747,1088374.6594
1,1690.4569,1088.4639,1088463.8594
1,1690.5484,1088.5554,1088555.3594
1,1690.6669,1088.6739,1088673.8594
1,1690.6859,1088.6929,1088692.8594
1,1691.0351,1089.0421,1089042.0594
1,1691.2222,1089.2292,1089229.1594
1,1692.8051,1090.8121,1090812.0594
1,1693.3190,1091.3260,1091325.9594
1,1693.5222,1091.5292,1091529.1594
1,1693.5495,1091.5565,1091556.4594
1,1693.6244,1091.6314,1091631.3594
1,1693.6999,1091.7069,1091706.8594
1,1693.8874,1091.8944,1091894.3594
1,1693.9369,1091.9439,1091943.8594
1,1693.9802,1091.9872,1091987.1594
1,1694.0696,1092.0766,1092076.5594
1,1694.1636,1092.1706,1092170.5594
1,1694.1659,1092.1729,1092172.8594
1,1694.1919,1092.1989,1092198.8594
1,1694.4213,1092.4283,1092428.2594
1,1694.6765,1092.6835,1092683.4594
1,1694.7258,1092.7328,1092732.7594
1,1694.7649,1092.7719,1092771.8594
1,1694.9687,1092.9757,1092975.6594
1,1695.2609,1093.2679,1093267.8594
1,1696.3996,1094.4066,1094406.5594
1,1697.3376,1095.3446,1095344.5594
1,1697.3400,1095.3470,1095346.9594
1,1697.4163,1095.4233,1095423.2594
1,1697.4618,1095.4688,1095468.7594
1,1697.4795,1095.4865,1095486.4594
1,1697.6509,1095.6579,1095657.8594
1,1697.7441,1095.7511,1095751.0594
1,1698.0328,1096.0398,1096039.7594
1,1698.4599,1096.4669,1096466.8594
1,1698.8456,1096.8526,1096852.5594
1,1699.4670,1097.4740,1097473.9594
1,1699.6499,1097.6569,1097656.8594
1,1699.6793,1097.6863,1097686.2594
1,1699.7045,1097.7115,1097711.4594
1,1699.7708,1097.7778,1097777.7594
1,1699.7767,1097.7837,1097783.6594
1,1699.8699,1097.8769,1097876.8594
1,1699.8840,1097.8910,1097890.9594
1,1700.0379,1098.0449,1098044.8594
1,1700.1273,1098.1343,1098134.2594
1,1700.1316,1098.1386,1098138.5594
1,1700.2065,1098.2135,1098213.4594
1,1700.2258,1098.2328,1098232.7594
1,1700.2311,1098.2381,1098238.0594
1,1700.3334,1098.3404,1098340.3594
1,1700.3700,1098.3770,1098376.9594
1,1700.4308,1098.4378,1098437.7594
1,1700.5482,1098.5552,1098555.1594
1,1700.6686,1098.6756,1098675.5594
1,1700.7432,1098.7502,1098750.1594
1,1700.7724,1098.7794,1098779.3594
1,1700.7790,1098.7860,1098785.9594
1,1700.7906,1098.7976,1098797.5594
1,1700.8856,1098.8926,1098892.5594
1,1700.8946,1098.9016,1098901.5594
1,1700.9356,1098.9426,1098942.5594
1,1700.9423,1098.9493,1098949.2594
1,1700.9473,1098.9543,1098954.2594
1,1700.9918,1098.9988,1098998.7594
1,1701.0233,1099.0303,1099030.2594
1,1701.0854,1099.0924,1099092.3594
1,1701.0894,1099.0964,1099096.3594
1,1701.1427,1099.1497,1099149.6594
1,1701.2068,1099.2138,1099213.7594
1,1701.2828,1099.2898,1099289.7594
1,1701.2858,1099.2928,1099292.7594
1,1701.3592,1099.3662,1099366.1594
1,1701.3675,1099.3745,1099374.4594
1,1701.4621,1099.4691,1099469.0594
1,1701.5728,1099.5798,1099579.7594
1,1701.5853,1099.5923,1099592.2594
1,1701.5879,1099.5949,1099594.8594
1,1701.6405,1099.6475,1099647.4594
1,1703.5655,1101.5725,1101572.4594
1,1703.6002,1101.6072,1101607.1594
1,1703.6923,1101.6993,1101699.2594
1,1703.6948,1101.7018,1101701.7594
1,1703.7603,1101.7673,1101767.2594
1,1703.8136,1101.8206,1101820.5594
1,1703.8499,1101.8569,1101856.8594
1,1703.8878,1101.8948,1101894.7594
1,1703.9597,1101.9667,1101966.6594
1,1704.1277,1102.1347,1102134.6594
1,1704.1737,1102.1807,1102180.6594
1,1704.3612,1102.3682,1102368.1594
1,1704.4525,1102.4595,1102459.4594
1,1704.6486,1102.6556,1102655.5594
1,1705.0997,1103.1067,1103106.6594
1,1705.1089,1103.1159,1103115.8594
1,1705.8346,1103.8416,1103841.5594
1,1706.5064,1104.5134,1104513.3594
1,1706.6001,1104.6071,1104607.0594
1,1707.6682,1105.6752,1105675.1594
1,1707.6702,1105.6772,1105677.1594
1,1708.2894,1106.2964,1106296.3594
1,1708.7354,1106.7424,1106742.3594
1,1711.6670,1109.6740,1109673.9594
1,1711.7138,1109.7208,1109720.7594
1,1712.3587,1110.3657,1110365.6594
1,1712.5687,1110.5757,1110575.6594
1,1712.7252,1110.7322,1110732.1594
1,1712.7889,1110.7959,1110795.8594
1,1712.8635,1110.8705,1110870.4594
1,1712.9307,1110.9377,1110937.6594
1,1713.8062,1111.8132,1111813.1594
1,1714.0409,1112.0479,1112047.8594
1,1714.3330,1112.3400,1112339.9594
1,1714.3520,1112.3590,1112358.9594
1,1714.3690,1112.3760,1112375.9594
1,1714.3831,1112.3901,1112390.0594
1,1715.2994,1113.3064,1113306.3594
1,1715.6658,1113.6728,1113672.7594
1,1716.1033,1114.1103,1114110.2594
1,1716.1070,1114.1140,1114113.9594
1,1716.1140,1114.1210,1114120.9594
1,1716.5146,1114.5216,1114521.5594
1,1716.5629,1114.5699,1114569.8594
1,1717.5532,1115.5602,1115560.1594
1,1717.5996,1115.6066,1115606.5594
1,1717.6330,1115.6400,1115639.9594
1,1717.8098,1115.8168,1115816.7594
1,1717.9820,1115.9890,1115988.9594
1,1718.0489,1116.0559,1116055.8594
1,1718.0936,1116.1006,1116100.5594
1,1718.2797,1116.2867,1116286.6594
1,1718.3443,1116.3513,1116351.2594
1,1718.6548,1116.6618,1116661.7594
1,1719.6009,1117.6079,1117607.8594
1,1719.6492,1117.6562,1117656.1594
1,1719.7860,1117.7930,1117792.9594
1,1719.9620,1117.9690,1117968.9594
1,1720.9757,1118.9827,1118982.6594
1,1720.9974,1119.0044,1119004.3594
1,1721.0066,1119.0136,1119013.5594
1,1721.7708,1119.7778,1119777.7594
1,1721.8696,1119.8766,1119876.5594
1,1722.6626,1120.6696,1120669.5594
1,1722.8491,1120.8561,1120856.0594
1,1723.1430,1121.1500,1121149.9594
1,1723.7257,1121.7327,1121732.6594
1,1724.5567,1122.5637,1122563.6594
1,1725.0117,1123.0187,1123018.6594
1,1727.0158,1125.0228,1125022.7594
1,1727.0215,1125.0285,1125028.4594
1,1730.6121,1128.6191,1128619.0594
1,1730.7857,1128.7927,1128792.6594
1,1730.8495,1128.8565,1128856.4594
1,1731.0240,1129.0310,1129030.9594
1,1731.0349,1129.0419,1129041.8594
1,1731.3091,1129.3161,1129316.0594
1,1731.6817,1129.6887,1129688.6594
1,1731.7986,1129.8056,1129805.5594
1,1731.9888,1129.9958,1129995.7594
1,1732.3214,1130.3284,1130328.3594
1,1732.5797,1130.5867,1130586.6594
1,1733.7632,1131.7702,1131770.1594
1,1734.3283,1132.3353,1132335.2594
1,1734.3394,1132.3464,1132346.3594
1,1734.6276,1132.6346,1132634.5594
1,1734.7320,1132.7390,1132738.9594
1,1734.8073,1132.8143,1132814.2594
1,1734.8725,1132.8795,1132879.4594
1,1734.8962,1132.9032,1132903.1594
1,1734.9251,1132.9321,1132932.0594
1,1734.9518,1132.9588,1132958.7594
1,1735.0968,1133.1038,1133103.7594
1,1735.2485,1133.2555,1133255.4594
1,1735.3019,1133.3089,1133308.8594
1,1735.3903,1133.3973,1133397.2594
1,1735.4340,1133.4410,1133440.9594
1,1735.4521,1133.4591,1133459.0594
1,1735.4607,1133.4677,1133467.6594
1,1735.4626,1133.4696,1133469.5594
1,1735.9608,1133.9678,1133967.7594
1,1735.9707,1133.9777,1133977.6594
1,1735.9842,1133.9912,1133991.1594
1,1736.0353,1134.0423,1134042.2594
1,1736.0459,1134.0529,1134052.8594
1,1736.0683,1134.0753,1134075.2594
1,1736.0931,1134.1001,1134100.0594
1,1736.1011,1134.1081,1134108.0594
1,1736.1880,1134.1950,1134194.9594
1,1736.2420,1134.2490,1134248.9594
1,1736.2442,1134.2512,1134251.1594
1,1736.2860,1134.2930,1134292.9594
1,1736.3015,1134.3085,1134308.4594
1,1736.3478,1134.3548,1134354.7594
1,1736.3586,1134.3656,1134365.5594
1,1736.3965,1134.4035,1134403.4594
1,1736.4239,1134.4309,1134430.8594
1,1736.4422,1134.4492,1134449.1594
1,1736.5279,1134.5349,1134534.8594
1,1736.5678,1134.5748,1134574.7594
1,1736.6861,1134.6931,1134693.0594
1,1737.0229,1135.0299,1135029.8594
1,1737.7754,1135.7824,1135782.3594
1,1737.8845,1135.8915,1135891.4594
1,1738.6955,1136.7025,1136702.4594
1,1738.7370,1136.7440,1136743.9594
1,1738.8330,1136.8400,1136839.9594
1,1739.0262,1137.0332,1137033.1594
1,1739.1431,1137.1501,1137150.0594
1,1739.7201,1137.7271,1137727.0594
1,1739.7761,1137.7831,1137783.0594
1,1740.0133,1138.0203,1138020.2594
1,1740.4036,1138.4106,1138410.5594
1,1740.8061,1138.8131,1138813.0594
1,1740.9003,1138.9073,1138907.2594
1,1741.0999,1139.1069,1139106.8594
1,1741.4847,1139.4917,1139491.6594
1,1741.5416,1139.5486,1139548.5594
1,1741.5791,1139.5861,1139586.0594
1,1741.7697,1139.7767,1139776.6594
1,1741.9750,1139.9820,1139981.9594
1,1742.0398,1140.0468,1140046.7594
1,1742.3230,1140.3300,1140329.9594
1,1742.4764,1140.4834,1140483.3594
1,1742.6040,1140.6110,1140610.9594
1,1742.6417,1140.6487,1140648.6594
1,1742.7052,1140.7122,1140712.1594
1,1742.7239,1140.7309,1140730.8594
1,1742.7768,1140.7838,1140783.7594
1,1742.8016,1140.8086,1140808.5594
1,1742.8132,1140.8202,1140820.1594
1,1742.8405,1140.8475,1140847.4594
1,1742.8607,1140.8677,1140867.6594
1,1742.8850,1140.8920,1140891.9594
1,1742.9179,1140.9249,1140924.8594
1,1742.9616,1140.9686,1140968.5594
1,1743.0445,1141.0515,1141051.4594
1,1743.1076,1141.1146,1141114.5594
1,1743.1599,1141.1669,1141166.8594
1,1743.1725,1141.1795,1141179.4594
1,1743.1753,1141.1823,1141182.2594
1,1743.1948,1141.2018,1141201.7594
1,1743.2000,1141.2070,1141206.9594
1,1743.2151,1141.2221,1141222.0594
1,1743.2215,1141.2285,1141228.4594
1,1743.2237,1141.2307,1141230.6594
1,1743.2339,1141.2409,1141240.8594
1,1743.2378,1141.2448,1141244.7594
1,1743.2835,1141.2905,1141290.4594
1,1743.3385,1141.3455,1141345.4594
1,1743.3409,1141.3479,1141347.8594
1,1743.3621,1141.3691,1141369.0594
1,1743.3701,1141.3771,1141377.0594
1,1743.4112,1141.4182,1141418.1594
1,1743.4260,1141.4330,1141432.9594
1,1743.5200,1141.5270,1141526.9594
1,1743.5965,1141.6035,1141603.4594
1,1743.6435,1141.6505,1141650.4594
1,1743.8434,1141.8504,1141850.3594
1,1743.9205,1141.9275,1141927.4594
1,1743.9802,1141.9872,1141987.1594
1,1743.9824,1141.9894,1141989.3594
1,1744.0379,1142.0449,1142044.8594
1,1744.0828,1142.0898,1142089.7594
1,1744.1307,1142.1377,1142137.6594
1,1744.1465,1142.1535,1142153.4594
1,1744.3469,1142.3539,1142353.8594
1,1744.4282,1142.4352,1142435.1594
1,1745.6461,1143.6531,1143653.0594
1,1746.1949,1144.2019,1144201.8594
1,1746.3437,1144.3507,1144350.6594
1,1746.6495,1144.6565,1144656.4594
1,1746.7489,1144.7559,1144755.8594
1,1746.9549,1144.9619,1144961.8594
1,1747.1191,1145.1261,1145126.0594
1,1747.2691,1145.2761,1145276.0594
1,1748.0432,1146.0502,1146050.1594
1,1748.0750,1146.0820,1146081.9594
1,1748.1970,1146.2040,1146203.9594
1,1748.2970,1146.3040,1146303.9594
1,1748.6296,1146.6366,1146636.5594
1,1748.7070,1146.7140,1146713.9594
1,1748.8171,1146.8241,1146824.0594
1,1748.8821,1146.8891,1146889.0594
1,1749.9610,1147.9680,1147967.9594
1,1750.0528,1148.0598,1148059.7594
1,1750.9978,1149.0048,1149004.7594
1,1751.5232,1149.5302,1149530.1594
1,1751.6394,1149.6464,1149646.3594
1,1751.6535,1149.6605,1149660.4594
1,1751.6559,1149.6629,1149662.8594
1,1751.7556,1149.7626,1149762.5594
1,1751.7588,1149.7658,1149765.7594
1,1751.8928,1149.8998,1149899.7594
1,1751.8980,1149.9050,1149904.9594
1,1751.9005,1149.9075,1149907.4594
1,1751.9032,1149.9102,1149910.1594
1,1751.9053,1149.9123,1149912.2594
1,1751.9113,1149.9183,1149918.2594
1,1752.0114,1150.0184,1150018.3594
1,1752.0223,1150.0293,1150029.2594
1,1752.0725,1150.0795,1150079.4594
1,1752.1357,1150.1427,1150142.6594
1,1752.1394,1150.1464,1150146.3594
1,1752.1834,1150.1904,1150190.3594
1,1752.1869,1150.1939,1150193.8594
1,1752.1897,1150.1967,1150196.6594
1,1752.2127,1150.2197,1150219.6594
1,1752.2350,1150.2420,1150241.9594
1,1752.2799,1150.2869,1150286.8594
1,1752.3049,1150.3119,1150311.8594
1,1752.3370,1150.3440,1150343.9594
1,1752.3945,1150.4015,1150401.4594
1,1752.4406,1150.4476,1150447.5594
1,1752.4447,1150.4517,1150451.6594
1,1752.4492,1150.4562,1150456.1594
1,1752.4680,1150.4750,1150474.9594
1,1752.4856,1150.4926,1150492.5594
1,1752.4928,1150.4998,1150499.7594
1,1752.5585,1150.5655,1150565.4594
1,1752.6455,1150.6525,1150652.4594
1,1752.7789,1150.7859,1150785.8594
1,1752.8662,1150.8732,1150873.1594
1,1752.9682,1150.9752,1150975.1594
1,1752.9752,1150.9822,1150982.1594
1,1753.0131,1151.0201,1151020.0594
1,1753.0354,1151.0424,1151042.3594
1,1753.0816,1151.0886,1151088.5594
1,1753.0835,1151.0905,1151090.4594
1,1753.1090,1151.1160,1151115.9594
1,1753.1134,1151.1204,1151120.3594
1,1753.1647,1151.1717,1151171.6594
1,1753.1720,1151.1790,1151178.9594
1,1753.2141,1151.2211,1151221.0594
1,1753.2371,1151.2441,1151244.0594
1,1753.2661,1151.2731,1151273.0594
1,1753.3278,1151.3348,1151334.7594
1,1753.4980,1151.5050,1151504.9594
1,1753.5240,1151.5310,1151530.9594
1,1753.5451,1151.5521,1151552.0594
1,1753.5891,1151.5961,1151596.0594
1,1753.6044,1151.6114,1151611.3594
1,1753.6729,1151.6799,1151679.8594
1,1754.1416,1152.1486,1152148.5594
1,1754.4118,1152.4188,1152418.7594
1,1754.4153,1152.4223,1152422.2594
1,1754.5190,1152.5260,1152525.9594
1,1754.6046,1152.6116,1152611.5594
1,1754.6070,1152.6140,1152613.9594
1,1754.7511,1152.7581,1152758.0594
1,1754.8225,1152.8295,1152829.4594
1,1754.8351,1152.8421,1152842.0594
1,1754.9306,1152.9376,1152937.5594
1,1754.9433,1152.9503,1152950.2594
1,1755.0489,1153.0559,1153055.8594
1,1755.1850,1153.1920,1153191.9594
1,1755.2434,1153.2504,1153250.3594
1,1755.2556,1153.2626,1153262.5594
1,1755.3160,1153.3230,1153322.9594
1,1755.3277,1153.3347,1153334.6594
1,1755.3758,1153.3828,1153382.7594
1,1755.3782,1153.3852,1153385.1594
1,1755.3884,1153.3954,1153395.3594
1,1755.4226,1153.4296,1153429.5594
1,1755.4251,1153.4321,1153432.0594
1,1755.4865,1153.4935,1153493.4594
1,1755.4957,1153.5027,1153502.6594
1,1755.5047,1153.5117,1153511.6594
1,1755.5249,1153.5319,1153531.8594
1,1755.5557,1153.5627,1153562.6594
1,1755.5636,1153.5706,1153570.5594
1,1755.5930,1153.6000,1153599.9594
1,1755.6264,1153.6334,1153633.3594
1,1755.6322,1153.6392,1153639.1594
1,1755.6433,1153.6503,1153650.2594
1,1755.6910,1153.6980,1153697.9594
1,1755.6934,1153.7004,1153700.3594
1,1755.7116,1153.7186,1153718.5594
1,1755.7246,1153.7316,1153731.5594
1,1755.7445,1153.7515,1153751.4594
1,1755.7539,1153.7609,1153760.8594
1,1755.8052,1153.8122,1153812.1594
1,1755.8127,1153.8197,1153819.6594
1,1755.8256,1153.8326,1153832.5594
1,1755.8415,1153.8485,1153848.4594
1,1755.8622,1153.8692,1153869.1594
1,1755.8646,1153.8716,1153871.5594
1,1755.8707,1153.8777,1153877.6594
1,1755.8742,1153.8812,1153881.1594
1,1755.8787,1153.8857,1153885.6594
1,1755.9244,1153.9314,1153931.3594
1,1755.9416,1153.9486,1153948.5594
1,1755.9467,1153.9537,1153953.6594
1,1755.9757,1153.9827,1153982.6594
1,1756.0059,1154.0129,1154012.8594
1,1756.0141,1154.0211,1154021.0594
1,1756.0585,1154.0655,1154065.4594
1,1756.0605,1154.0675,1154067.4594
1,1756.0739,1154.0809,1154080.8594
1,1756.0839,1154.0909,1154090.8594
1,1756.0881,1154.0951,1154095.0594
1,1756.1854,1154.1924,1154192.3594
1,1756.2124,1154.2194,1154219.3594
1,1756.2257,1154.2327,1154232.6594
1,1756.2384,1154.2454,1154245.3594
1,1756.2566,1154.2636,1154263.5594
1,1756.2693,1154.2763,1154276.2594
1,1756.2860,1154.2930,1154292.9594
1,1756.3258,1154.3328,1154332.7594
1,1756.4121,1154.4191,1154419.0594
1,1756.4334,1154.4404,1154440.3594
1,1756.5599,1154.5669,1154566.8594
1,1757.3711,1155.3781,1155378.0594
1,1757.4265,1155.4335,1155433.4594
1,1757.4816,1155.4886,1155488.5594
1,1757.5169,1155.5239,1155523.8594
1,1757.5452,1155.5522,1155552.1594
1,1757.5976,1155.6046,1155604.5594
1,1757.6017,1155.6087,1155608.6594
1,1757.6455,1155.6525,1155652.4594
1,1757.6820,1155.6890,1155688.9594
1,1757.7102,1155.7172,1155717.1594
1,1757.7172,1155.7242,1155724.1594
1,1757.9704,1155.9774,1155977.3594
1,1758.8227,1156.8297,1156829.6594
1,1758.8375,1156.8445,1156844.4594
1,1758.8452,1156.8522,1156852.1594
1,1758.8467,1156.8537,1156853.6594
1,1758.9080,1156.9150,1156914.9594
1,1758.9510,1156.9580,1156957.9594
1,1758.9588,1156.9658,1156965.7594
1,1758.9864,1156.9934,1156993.3594
1,1759.0426,1157.0496,1157049.5594
1,1759.0743,1157.0813,1157081.2594
1,1759.0844,1157.0914,1157091.3594
1,1759.1021,1157.1091,1157109.0594
1,1759.1856,1157.1926,1157192.5594
1,1759.1986,1157.2056,1157205.5594
1,1759.2269,1157.2339,1157233.8594
1,1759.2434,1157.2504,1157250.3594
1,1759.2559,1157.2629,1157262.8594
1,1759.3123,1157.3193,1157319.2594
1,1759.3244,1157.3314,1157331.3594
1,1759.3634,1157.3704,1157370.3594
1,1759.3782,1157.3852,1157385.1594
1,1759.4028,1157.4098,1157409.7594
1,1759.4116,1157.4186,1157418.5594
1,1759.4178,1157.4248,1157424.7594
1,1759.4197,1157.4267,1157426.6594
1,1759.4258,1157.4328,1157432.7594
1,1759.4641,1157.4711,1157471.0594
1,1759.4821,1157.4891,1157489.0594
1,1759.5915,1157.5985,1157598.4594
1,1759.5955,1157.6025,1157602.4594
1,1759.6024,1157.6094,1157609.3594
1,1759.6053,1157.6123,1157612.2594
1,1759.6131,1157.6201,1157620.0594
1,1759.6568,1157.6638,1157663.7594
1,1759.6636,1157.6706,1157670.5594
1,1759.6876,1157.6946,1157694.5594
1,1759.7131,1157.7201,1157720.0594
1,1759.7221,1157.7291,1157729.0594
1,1759.7247,1157.7317,1157731.6594
1,1759.7616,1157.7686,1157768.5594
1,1759.8122,1157.8192,1157819.1594
1,1759.8225,1157.8295,1157829.4594
1,1760.2247,1158.2317,1158231.6594
1,1760.2973,1158.3043,1158304.2594
1,1760.3436,1158.3506,1158350.5594
1,1760.4547,1158.4617,1158461.6594
1,1760.4603,1158.4673,1158467.2594
1,1760.6036,1158.6106,1158610.5594
1,1760.8081,1158.8151,1158815.0594
1,1760.9438,1158.9508,1158950.7594
1,1761.1067,1159.1137,1159113.6594
1,1761.1614,1159.1684,1159168.3594
1,1761.2098,1159.2168,1159216.7594
1,1761.4622,1159.4692,1159469.1594
1,1762.3289,1160.3359,1160335.8594
1,1762.7725,1160.7795,1160779.4594
1,1762.7922,1160.7992,1160799.1594
1,1762.8092,1160.8162,1160816.1594
1,1762.8263,1160.8333,1160833.2594
1,1762.8769,1160.8839,1160883.8594
1,1763.2247,1161.2317,1161231.6594
1,1763.2448,1161.2518,1161251.7594
1,1763.4325,1161.4395,1161439.4594
1,1763.9649,1161.9719,1161971.8594
1,1764.9560,1162.9630,1162962.9594
1,1765.8580,1163.8650,1163864.9594
1,1766.1769,1164.1839,1164183.8594
1,1766.1900,1164.1970,1164196.9594
1,1766.8159,1164.8229,1164822.8594
1,1767.1283,1165.1353,1165135.2594
1,1767.1481,1165.1551,1165155.0594
1,1767.1634,1165.1704,1165170.3594
1,1767.2545,1165.2615,1165261.4594
1,1767.2650,1165.2720,1165271.9594
1,1767.2932,1165.3002,1165300.1594
1,1767.3908,1165.3978,1165397.7594
1,1767.4071,1165.4141,1165414.0594
1,1767.9829,1165.9899,1165989.8594
1,1768.1040,1166.1110,1166110.9594
1,1768.2569,1166.2639,1166263.8594
1,1768.3284,1166.3354,1166335.3594
1,1768.3684,1166.3754,1166375.3594
1,1768.4206,1166.4276,1166427.5594
1,1768.4453,1166.4523,1166452.2594
1,1768.5114,1166.5184,1166518.3594
1,1768.5174,1166.5244,1166524.3594
1,1769.9810,1167.9880,1167987.9594
1,1770.4099,1168.4169,1168416.8594
1,1770.9254,1168.9324,1168932.3594
1,1771.7132,1169.7202,1169720.1594
1,1771.7268,1169.7338,1169733.7594
1,1771.7294,1169.7364,1169736.3594
1,1771.7314,1169.7384,1169738.3594
1,1771.8796,1169.8866,1169886.5594
1,1772.0105,1170.0175,1170017.4594
1,1772.0642,1170.0712,1170071.1594
1,1772.1510,1170.1580,1170157.9594
1,1772.3349,1170.3419,1170341.8594
1,1773.6828,1171.6898,1171689.7594
1,1773.7033,1171.7103,1171710.2594
1,1773.7550,1171.7620,1171761.9594
1,1773.7578,1171.7648,1171764.7594
1,1773.7986,1171.8056,1171805.5594
1,1773.8281,1171.8351,1171835.0594
1,1773.8365,1171.8435,1171843.4594
1,1773.8586,1171.8656,1171865.5594
1,1773.8721,1171.8791,1171879.0594
1,1774.1876,1172.1946,1172194.5594
1,1774.2470,1172.2540,1172253.9594
1,1774.3290,1172.3360,1172335.9594
1,1774.3311,1172.3381,1172338.0594
1,1775.0911,1173.0981,1173098.0594
1,1775.5854,1173.5924,1173592.3594
1,1775.6288,1173.6358,1173635.7594
1,1775.6315,1173.6385,1173638.4594
1,1775.6715,1173.6785,1173678.4594
1,1775.7124,1173.7194,1173719.3594
1,1775.7679,1173.7749,1173774.8594
1,1775.8143,1173.8213,1173821.2594
1,1775.8177,1173.8247,1173824.6594
1,1775.8442,1173.8512,1173851.1594
1,1775.9196,1173.9266,1173926.5594
1,1775.9220,1173.9290,1173928.9594
1,1776.0234,1174.0304,1174030.3594
1,1776.0594,1174.0664,1174066.3594
1,1776.1583,1174.1653,1174165.2594
1,1776.2497,1174.2567,1174256.6594
1,1776.8678,1174.8748,1174874.7594
1,1777.1080,1175.1150,1175114.9594
1,1777.4867,1175.4937,1175493.6594
1,1777.8119,1175.8189,1175818.8594
1,1777.8554,1175.8624,1175862.3594
1,1777.8813,1175.8883,1175888.2594
1,1778.1440,1176.1510,1176150.9594
1,1778.4466,1176.4536,1176453.5594
1,1779.1143,1177.1213,1177121.2594
1,1779.1169,1177.1239,1177123.8594
1,1779.1427,1177.1497,1177149.6594
1,1779.1451,1177.1521,1177152.0594
1,1779.1974,1177.2044,1177204.3594
1,1779.2720,1177.2790,1177278.9594
1,1779.2803,1177.2873,1177287.2594
1,1779.2977,1177.3047,1177304.6594
1,1779.3033,1177.3103,1177310.2594
1,1779.3536,1177.3606,1177360.5594
1,1779.3631,1177.3701,1177370.0594
1,1779.4830,1177.4900,1177489.9594
1,1779.6062,1177.6132,1177613.1594
1,1779.7138,1177.7208,1177720.7594
1,1779.8093,1177.8163,1177816.2594
1,1779.8153,1177.8223,1177822.2594
1,1780.3966,1178.4036,1178403.5594
1,1780.9111,1178.9181,1178918.0594
1,1781.0693,1179.0763,1179076.2594
1,1781.0786,1179.0856,1179085.5594
1,1781.0975,1179.1045,1179104.4594
1,1781.2488,1179.2558,1179255.7594
1,1781.3837,1179.3907,1179390.6594
1,1781.4212,1179.4282,1179428.1594
1,1781.5482,1179.5552,1179555.1594
1,1781.5798,1179.5868,1179586.7594
1,1782.2936,1180.3006,1180300.5594
1,1782.3221,1180.3291,1180329.0594
1,1782.6359,1180.6429,1180642.8594
1,1782.7711,1180.7781,1180778.0594
1,1782.8902,1180.8972,1180897.1594
1,1782.8925,1180.8995,1180899.4594
1,1782.8965,1180.9035,1180903.4594
1,1782.9697,1180.9767,1180976.6594
1,1783.0265,1181.0335,1181033.4594
1,1783.0798,1181.0868,1181086.7594
1,1783.1594,1181.1664,1181166.3594
1,1783.1624,1181.1694,1181169.3594
1,1783.2130,1181.2200,1181219.9594
1,1783.2343,1181.2413,1181241.2594
1,1783.2792,1181.2862,1181286.1594
1,1783.2836,1181.2906,1181290.5594
1,1783.3285,1181.3355,1181335.4594
1,1783.3339,1181.3409,1181340.8594
1,1783.3378,1181.3448,1181344.7594
1,1783.3960,1181.4030,1181402.9594
1,1783.4328,1181.4398,1181439.7594
1,1783.4384,1181.4454,1181445.3594
1,1783.4805,1181.4875,1181487.4594
1,1783.4967,1181.5037,1181503.6594
1,1783.5275,1181.5345,1181534.4594
1,1783.5386,1181.5456,1181545.5594
1,1783.5493,1181.5563,1181556.2594
1,1783.6012,1181.6082,1181608.1594
1,1783.6293,1181.6363,1181636.2594
1,1783.6409,1181.6479,1181647.8594
1,1783.7101,1181.7171,1181717.0594
1,1783.7176,1181.7246,1181724.5594
1,1783.7228,1181.7298,1181729.7594
1,1783.7408,1181.7478,1181747.7594
1,1783.7580,1181.7650,1181764.9594
1,1783.7748,1181.7818,1181781.7594
1,1783.7826,1181.7896,1181789.5594
1,1783.7853,1181.7923,1181792.2594
1,1783.7958,1181.8028,1181802.7594
1,1783.8261,1181.8331,1181833.0594
1,1783.8411,1181.8481,1181848.0594
1,1783.8453,1181.8523,1181852.2594
1,1783.8501,1181.8571,1181857.0594
1,1783.8657,1181.8727,1181872.6594
1,1783.8678,1181.8748,1181874.7594
1,1783.8943,1181.9013,1181901.2594
1,1783.9279,1181.9349,1181934.8594
1,1783.9671,1181.9741,1181974.0594
1,1783.9798,1181.9868,1181986.7594
1,1784.0063,1182.0133,1182013.2594
1,1784.0170,1182.0240,1182023.9594
1,1784.0528,1182.0598,1182059.7594
1,1784.0624,1182.0694,1182069.3594
1,1784.0725,1182.0795,1182079.4594
1,1784.1176,1182.1246,1182124.5594
1,1784.1832,1182.1902,1182190.1594
1,1784.3163,1182.3233,1182323.2594
1,1784.3464,1182.3534,1182353.3594
1,1784.4032,1182.4102,1182410.1594
1,1784.5143,1182.5213,1182521.2594
1,1784.9319,1182.9389,1182938.8594
1,1785.0087,1183.0157,1183015.6594
1,1785.1147,1183.1217,1183121.6594
1,1785.1343,1183.1413,1183141.2594
1,1785.1825,1183.1895,1183189.4594
1,1785.2422,1183.2492,1183249.1594
1,1785.2588,1183.2658,1183265.7594
1,1785.3174,1183.3244,1183324.3594
1,1785.3811,1183.3881,1183388.0594
1,1785.5107,1183.5177,1183517.6594
1,1785.5199,1183.5269,1183526.8594
1,1785.5858,1183.5928,1183592.7594
1,1785.5930,1183.6000,1183599.9594
1,1785.5951,1183.6021,1183602.0594
1,1785.6469,1183.6539,1183653.8594
1,1785.7536,1183.7606,1183760.5594
1,1785.8454,1183.8524,1183852.3594
1,1785.8780,1183.8850,1183884.9594
1,1785.8920,1183.8990,1183898.9594
1,1785.9098,1183.9168,1183916.7594
1,1785.9512,1183.9582,1183958.1594
1,1785.9748,1183.9818,1183981.7594
1,1785.9765,1183.9835,1183983.4594
1,1785.9995,1184.0065,1184006.4594
1,1786.0219,1184.0289,1184028.8594
1,1786.0455,1184.0525,1184052.4594
1,1786.1326,1184.1396,1184139.5594
1,1786.1482,1184.1552,1184155.1594
1,1786.1775,1184.1845,1184184.4594
1,1786.1990,1184.2060,1184205.9594
1,1786.2689,1184.2759,1184275.8594
1,1786.3232,1184.3302,1184330.1594
1,1786.3333,1184.3403,1184340.2594
1,1786.3388,1184.3458,1184345.7594
1,1786.3553,1184.3623,1184362.2594
1,1786.3579,1184.3649,1184364.8594
1,1786.3757,1184.3827,1184382.6594
1,1786.3877,1184.3947,1184394.6594
1,1786.3897,1184.3967,1184396.6594
1,1786.3964,1184.4034,1184403.3594
1,1786.4097,1184.4167,1184416.6594
1,1786.4298,1184.4368,1184436.7594
1,1786.4364,1184.4434,1184443.3594
1,1786.4398,1184.4468,1184446.7594
1,1786.4700,1184.4770,1184476.9594
1,1786.4745,1184.4815,1184481.4594
1,1786.4763,1184.4833,1184483.2594
1,1786.4887,1184.4957,1184495.6594
1,1786.5144,1184.5214,1184521.3594
1,1786.5226,1184.5296,1184529.5594
1,1786.5518,1184.5588,1184558.7594
1,1786.5644,1184.5714,1184571.3594
1,1786.5978,1184.6048,1184604.7594
1,1786.6056,1184.6126,1184612.5594
1,1786.6142,1184.6212,1184621.1594
1,1786.6593,1184.6663,1184666.2594
1,1786.6719,1184.6789,1184678.8594
1,1786.6890,1184.6960,1184695.9594
1,1786.7344,1184.7414,1184741.3594
1,1786.7533,1184.7603,1184760.2594
1,1786.7650,1184.7720,1184771.9594
1,1786.7995,1184.8065,1184806.4594
1,1786.8552,1184.8622,1184862.1594
1,1786.8748,1184.8818,1184881.7594
1,1786.9124,1184.9194,1184919.3594
1,1786.9317,1184.9387,1184938.6594
1,1786.9413,1184.9483,1184948.2594
1,1786.9528,1184.9598,1184959.7594
1,1786.9616,1184.9686,1184968.5594
1,1787.0967,1185.1037,1185103.6594
1,1787.1333,1185.1403,1185140.2594
1,1787.1785,1185.1855,1185185.4594
1,1787.2570,1185.2640,1185263.9594
1,1787.2598,1185.2668,1185266.7594
1,1787.2736,1185.2806,1185280.5594
1,1787.3235,1185.3305,1185330.4594
1,1787.4387,1185.4457,1185445.6594
1,1787.5098,1185.5168,1185516.7594
1,1787.5570,1185.5640,1185563.9594
1,1788.0659,1186.0729,1186072.8594
1,1788.1123,1186.1193,1186119.2594
1,1788.1165,1186.1235,1186123.4594
1,1788.1284,1186.1354,1186135.3594
1,1788.1812,1186.1882,1186188.1594
1,1788.2113,1186.2183,1186218.2594
1,1788.2567,1186.2637,1186263.6594
1,1788.2638,1186.2708,1186270.7594
1,1788.2709,1186.2779,1186277.8594
1,1788.3409,1186.3479,1186347.8594
1,1788.3490,1186.3560,1186355.9594
1,1788.3719,1186.3789,1186378.8594
1,1788.3938,1186.4008,1186400.7594
1,1788.4240,1186.4310,1186430.9594
1,1788.4342,1186.4412,1186441.1594
1,1788.4559,1186.4629,1186462.8594
1,1788.4643,1186.4713,1186471.2594
1,1788.5146,1186.5216,1186521.5594
1,1788.5842,1186.5912,1186591.1594
1,1788.6191,1186.6261,1186626.0594
1,1788.6529,1186.6599,1186659.8594
1,1788.7182,1186.7252,1186725.1594
1,1788.7255,1186.7325,1186732.4594
1,1788.7353,1186.7423,1186742.2594
1,1788.7382,1186.7452,1186745.1594
1,1788.7568,1186.7638,1186763.7594
1,1788.9039,1186.9109,1186910.8594
1,1788.9211,1186.9281,1186928.0594
1,1788.9289,1186.9359,1186935.8594
1,1788.9373,1186.9443,1186944.2594
1,1788.9551,1186.9621,1186962.0594
1,1788.9994,1187.0064,1187006.3594
1,1789.0095,1187.0165,1187016.4594
1,1789.0169,1187.0239,1187023.8594
1,1789.0778,1187.0848,1187084.7594
1,1789.2049,1187.2119,1187211.8594
1,1789.3495,1187.3565,1187356.4594
1,1789.4334,1187.4404,1187440.3594
1,1789.4773,1187.4843,1187484.2594
1,1789.4809,1187.4879,1187487.8594
1,1789.4996,1187.5066,1187506.5594
1,1789.5329,1187.5399,1187539.8594
1,1789.5526,1187.5596,1187559.5594
1,1789.6001,1187.6071,1187607.0594
1,1789.6762,1187.6832,1187683.1594
1,1789.6883,1187.6953,1187695.2594
1,1789.7959,1187.8029,1187802.8594
1,1789.8419,1187.8489,1187848.8594
1,1789.8475,1187.8545,1187854.4594
1,1789.8797,1187.8867,1187886.6594
1,1789.8859,1187.8929,1187892.8594
1,1789.9444,1187.9514,1187951.3594
1,1789.9762,1187.9832,1187983.1594
1,1790.0316,1188.0386,1188038.5594
1,1790.0489,1188.0559,1188055.8594
1,1790.0552,1188.0622,1188062.1594
1,1790.1010,1188.1080,1188107.9594
1,1790.1361,1188.1431,1188143.0594
1,1790.1450,1188.1520,1188151.9594
1,1790.1695,1188.1765,1188176.4594
1,1790.1808,1188.1878,1188187.7594
1,1790.2120,1188.2190,1188218.9594
1,1790.2212,1188.2282,1188228.1594
1,1790.2607,1188.2677,1188267.6594
1,1790.2714,1188.2784,1188278.3594
1,1790.2752,1188.2822,1188282.1594
1,1790.3360,1188.3430,1188342.9594
1,1790.3379,1188.3449,1188344.8594
1,1790.3598,1188.3668,1188366.7594
1,1790.3673,1188.3743,1188374.2594
1,1790.3723,1188.3793,1188379.2594
1,1790.3946,1188.4016,1188401.5594
1,1790.4157,1188.4227,1188422.6594
1,1790.4182,1188.4252,1188425.1594
1,1790.4414,1188.4484,1188448.3594
1,1790.4655,1188.4725,1188472.4594
1,1790.4880,1188.4950,1188494.9594
1,1790.4932,1188.5002,1188500.1594
1,1790.4960,1188.5030,1188502.9594
1,1790.5017,1188.5087,1188508.6594
1,1790.5101,1188.5171,1188517.0594
1,1790.5287,1188.5357,1188535.6594
1,1790.5610,1188.5680,1188567.9594
1,1790.5715,1188.5785,1188578.4594
1,1790.6563,1188.6633,1188663.2594
1,1790.6631,1188.6701,1188670.0594
1,1790.6690,1188.6760,1188675.9594
1,1790.6714,1188.6784,1188678.3594
1,1790.7077,1188.7147,1188714.6594
1,1790.7286,1188.7356,1188735.5594
1,1790.7569,1188.7639,1188763.8594
1,1790.7592,1188.7662,1188766.1594
1,1790.7684,1188.7754,1188775.3594
1,1790.7837,1188.7907,1188790.6594
1,1790.7863,1188.7933,1188793.2594
1,1790.8052,1188.8122,1188812.1594
1,1790.8120,1188.8190,1188818.9594
1,1790.8161,1188.8231,1188823.0594
1,1790.8224,1188.8294,1188829.3594
1,1790.8388,1188.8458,1188845.7594
1,1790.8461,1188.8531,1188853.0594
1,1790.8482,1188.8552,1188855.1594
1,1790.8681,1188.8751,1188875.0594
1,1790.8777,1188.8847,1188884.6594
1,1790.9049,1188.9119,1188911.8594
1,1790.9408,1188.9478,1188947.7594
1,1790.9442,1188.9512,1188951.1594
1,1790.9561,1188.9631,1188963.0594
1,1790.9582,1188.9652,1188965.1594
1,1790.9621,1188.9691,1188969.0594
1,1790.9640,1188.9710,1188970.9594
1,1790.9709,1188.9779,1188977.8594
1,1790.9875,1188.9945,1188994.4594
1,1790.9947,1189.0017,1189001.6594
1,1790.9974,1189.0044,1189004.3594
1,1791.0072,1189.0142,1189014.1594
1,1791.0199,1189.0269,1189026.8594
1,1791.0517,1189.0587,1189058.6594
1,1791.0643,1189.0713,1189071.2594
1,1791.0829,1189.0899,1189089.8594
1,1791.0972,1189.1042,1189104.1594
1,1791.1022,1189.1092,1189109.1594
1,1791.1417,1189.1487,1189148.6594
1,1791.1502,1189.1572,1189157.1594
1,1791.1637,1189.1707,1189170.6594
1,1791.2155,1189.2225,1189222.4594
1,1791.2330,1189.2400,1189239.9594
1,1791.2492,1189.2562,1189256.1594
1,1791.2512,1189.2582,1189258.1594
1,1791.2708,1189.2778,1189277.7594
1,1791.2732,1189.2802,1189280.1594
1,1791.3136,1189.3206,1189320.5594
1,1791.3227,1189.3297,1189329.6594
1,1791.3376,1189.3446,1189344.5594
1,1791.3399,1189.3469,1189346.8594
1,1791.3504,1189.3574,1189357.3594
1,1791.3809,1189.3879,1189387.8594
1,1791.3864,1189.3934,1189393.3594
1,1791.3946,1189.4016,1189401.5594
1,1791.4051,1189.4121,1189412.0594
1,1791.4402,1189.4472,1189447.1594
1,1791.4733,1189.4803,1189480.2594
1,1791.4803,1189.4873,1189487.2594
1,1791.4884,1189.4954,1189495.3594
1,1791.5509,1189.5579,1189557.8594
1,1791.5563,1189.5633,1189563.2594
1,1791.5660,1189.5730,1189572.9594
1,1791.5842,1189.5912,1189591.1594
1,1791.6032,1189.6102,1189610.1594
1,1791.6655,1189.6725,1189672.4594
1,1791.6696,1189.6766,1189676.5594
1,1791.6787,1189.6857,1189685.6594
1,1791.6820,1189.6890,1189688.9594
1,1792.0417,1190.0487,1190048.6594
1,1792.5967,1190.6037,1190603.6594
1,1792.6803,1190.6873,1190687.2594
1,1792.7207,1190.7277,1190727.6594
1,1793.1897,1191.1967,1191196.6594
1,1793.2425,1191.2495,1191249.4594
1,1793.2502,1191.2572,1191257.1594
1,1793.2525,1191.2595,1191259.4594
1,1793.3075,1191.3145,1191314.4594
1,1793.5097,1191.5167,1191516.6594
1,1793.7626,1191.7696,1191769.5594
1,1793.7654,1191.7724,1191772.3594
1,1793.7684,1191.7754,1191775.3594
1,1793.8869,1191.8939,1191893.8594
1,1793.8893,1191.8963,1191896.2594
1,1793.9743,1191.9813,1191981.2594
1,1793.9763,1191.9833,1191983.2594
1,1793.9784,1191.9854,1191985.3594
1,1794.0432,1192.0502,1192050.1594
1,1794.0680,1192.0750,1192074.9594
1,1794.6621,1192.6691,1192669.0594
1,1795.2972,1193.3042,1193304.1594
1,1795.3005,1193.3075,1193307.4594
1,1795.3657,1193.3727,1193372.6594
1,1795.4376,1193.4446,1193444.5594
1,1795.5186,1193.5256,1193525.5594
1,1795.5448,1193.5518,1193551.7594
1,1795.6080,1193.6150,1193614.9594
1,1795.6114,1193.6184,1193618.3594
1,1795.7862,1193.7932,1193793.1594
1,1795.8162,1193.8232,1193823.1594
1,1795.9114,1193.9184,1193918.3594
1,1795.9137,1193.9207,1193920.6594
1,1796.8775,1194.8845,1194884.4594
1,1796.8800,1194.8870,1194886.9594
1,1796.8858,1194.8928,1194892.7594
1,1796.9919,1194.9989,1194998.8594
1,1797.0447,1195.0517,1195051.6594
1,1797.0660,1195.0730,1195072.9594
1,1797.0981,1195.1051,1195105.0594
1,1797.1005,1195.1075,1195107.4594
1,1797.1768,1195.1838,1195183.7594
1,1797.2059,1195.2129,1195212.8594
1,1797.2087,1195.2157,1195215.6594
1,1797.2115,1195.2185,1195218.4594
1,1797.2404,1195.2474,1195247.3594
1,1797.2632,1195.2702,1195270.1594
1,1797.2806,1195.2876,1195287.5594
1,1797.2970,1195.3040,1195303.9594
1,1797.3257,1195.3327,1195332.6594
1,1797.3313,1195.3383,1195338.2594
1,1797.3973,1195.4043,1195404.2594
1,1797.4043,1195.4113,1195411.2594
1,1797.4462,1195.4532,1195453.1594
1,1797.4485,1195.4555,1195455.4594
1,1798.0415,1196.0485,1196048.4594
1,1798.1673,1196.1743,1196174.2594
1,1798.1744,1196.1814,1196181.3594
1,1798.2325,1196.2395,1196239.4594
1,1798.3369,1196.3439,1196343.8594
1,1798.4082,1196.4152,1196415.1594
1,1798.4734,1196.4804,1196480.3594
1,1798.5666,1196.5736,1196573.5594
1,1798.5915,1196.5985,1196598.4594
1,1798.6006,1196.6076,1196607.5594
1,1798.6029,1196.6099,1196609.8594
1,1798.7194,1196.7264,1196726.3594
1,1798.7905,1196.7975,1196797.4594
1,1798.9685,1196.9755,1196975.4594
1,1798.9893,1196.9963,1196996.2594
1,1799.1594,1197.1664,1197166.3594
1,1799.1647,1197.1717,1197171.6594
1,1799.2799,1197.2869,1197286.8594
1,1799.2996,1197.3066,1197306.5594
1,1799.3213,1197.3283,1197328.2594
1,1799.3530,1197.3600,1197359.9594
1,1799.4001,1197.4071,1197407.0594
1,1799.4022,1197.4092,1197409.1594
1,1799.4232,1197.4302,1197430.1594
1,1799.4538,1197.4608,1197460.7594
1,1799.4899,1197.4969,1197496.8594
1,1799.5083,1197.5153,1197515.2594
1,1799.5536,1197.5606,1197560.5594
1,1799.5662,1197.5732,1197573.1594
1,1799.5816,1197.5886,1197588.5594
1,1799.6137,1197.6207,1197620.6594
1,1799.6619,1197.6689,1197668.8594
1,1799.7024,1197.7094,1197709.3594
1,1799.7044,1197.7114,1197711.3594
1,1799.7771,1197.7841,1197784.0594
1,1799.8440,1197.8510,1197850.9594
1,1799.8676,1197.8746,1197874.5594
1,1799.9152,1197.9222,1197922.1594
1,1799.9390,1197.9460,1197945.9594
1,1799.9665,1197.9735,1197973.4594
1,1800.0273,1198.0343,1198034.2594
1,1800.0662,1198.0732,1198073.1594
1,1800.0706,1198.0776,1198077.5594
1,1800.1216,1198.1286,1198128.5594
1,1800.1242,1198.1312,1198131.1594
1,1800.1419,1198.1489,1198148.8594
1,1800.1931,1198.2001,1198200.0594
1,1800.2495,1198.2565,1198256.4594
1,1800.2983,1198.3053,1198305.2594
1,1800.3196,1198.3266,1198326.5594
1,1800.3640,1198.3710,1198370.9594
1,1800.3737,1198.3807,1198380.6594
1,1800.4223,1198.4293,1198429.2594
1,1800.4568,1198.4638,1198463.7594
1,1800.4810,1198.4880,1198487.9594
1,1800.4969,1198.5039,1198503.8594
1,1800.5246,1198.5316,1198531.5594
1,1800.5396,1198.5466,1198546.5594
1,1800.5769,1198.5839,1198583.8594
1,1800.6459,1198.6529,1198652.8594
1,1800.6637,1198.6707,1198670.6594
1,1800.7071,1198.7141,1198714.0594
1,1800.7309,1198.7379,1198737.8594
1,1800.7336,1198.7406,1198740.5594
1,1800.7483,1198.7553,1198755.2594
1,1800.7817,1198.7887,1198788.6594
1,1800.8155,1198.8225,1198822.4594
1,1800.8380,1198.8450,1198844.9594
1,1800.8466,1198.8536,1198853.5594
1,1800.8517,1198.8587,1198858.6594
1,1800.8862,1198.8932,1198893.1594
1,1800.8889,1198.8959,1198895.8594
1,1800.8981,1198.9051,1198905.0594
1,1800.9217,1198.9287,1198928.6594
1,1800.9271,1198.9341,1198934.0594
1,1800.9487,1198.9557,1198955.6594
1,1800.9513,1198.9583,1198958.2594
1,1800.9673,1198.9743,1198974.2594
1,1800.9718,1198.9788,1198978.7594
1,1800.9891,1198.9961,1198996.0594
1,1801.0402,1199.0472,1199047.1594
1,1801.2395,1199.2465,1199246.4594
1,1801.2495,1199.2565,1199256.4594
1,1801.2520,1199.2590,1199258.9594
1,1801.3063,1199.3133,1199313.2594
1,1801.4333,1199.4403,1199440.2594
1,1801.4374,1199.4444,1199444.3594
1,1801.4607,1199.4677,1199467.6594
1,1801.4631,1199.4701,1199470.0594
1,1801.5187,1199.5257,1199525.6594
1,1801.5496,1199.5566,1199556.5594
1,1801.5637,1199.5707,1199570.6594
1,1801.6463,1199.6533,1199653.2594
1,1801.6527,1199.6597,1199659.6594
1,1801.7757,1199.7827,1199782.6594
1,1801.8286,1199.8356,1199835.5594
1,1802.0188,1200.0258,1200025.7594
1,1802.3396,1200.3466,1200346.5594
1,1802.3685,1200.3755,1200375.4594
1,1802.3932,1200.4002,1200400.1594
1,1802.4175,1200.4245,1200424.4594
1,1802.4361,1200.4431,1200443.0594
1,1802.4501,1200.4571,1200457.0594
1,1802.4632,1200.4702,1200470.1594
1,1802.5545,1200.5615,1200561.4594
1,1802.5568,1200.5638,1200563.7594
1,1802.5642,1200.5712,1200571.1594
1,1802.6376,1200.6446,1200644.5594
1,1802.9368,1200.9438,1200943.7594
1,1803.0350,1201.0420,1201041.9594
1,1803.1058,1201.1128,1201112.7594
1,1803.1085,1201.1155,1201115.4594
1,1803.1288,1201.1358,1201135.7594
1,1803.2088,1201.2158,1201215.7594
1,1803.2716,1201.2786,1201278.5594
1,1803.3202,1201.3272,1201327.1594
1,1803.3228,1201.3298,1201329.7594
1,1803.4032,1201.4102,1201410.1594
1,1803.6197,1201.6267,1201626.6594
1,1803.7022,1201.7092,1201709.1594
1,1803.9368,1201.9438,1201943.7594
1,1804.0261,1202.0331,1202033.0594
1,1804.0302,1202.0372,1202037.1594
1,1804.0856,1202.0926,1202092.5594
1,1804.1797,1202.1867,1202186.6594
1,1804.2246,1202.2316,1202231.5594
1,1804.2782,1202.2852,1202285.1594
1,1804.2955,1202.3025,1202302.4594
1,1804.3964,1202.4034,1202403.3594
1,1804.3994,1202.4064,1202406.3594
1,1804.7947,1202.8017,1202801.6594
1,1804.7977,1202.8047,1202804.6594
1,1804.8298,1202.8368,1202836.7594
1,1804.9876,1202.9946,1202994.5594
1,1805.0822,1203.0892,1203089.1594
1,1805.2424,1203.2494,1203249.3594
1,1805.4164,1203.4234,1203423.3594
1,1805.4587,1203.4657,1203465.6594
1,1805.4785,1203.4855,1203485.4594
1,1805.5345,1203.5415,1203541.4594
1,1805.5529,1203.5599,1203559.8594
1,1805.5581,1203.5651,1203565.0594
1,1805.6206,1203.6276,1203627.5594
1,1805.6336,1203.6406,1203640.5594
1,1805.6658,1203.6728,1203672.7594
1,1805.6898,1203.6968,1203696.7594
1,1805.7156,1203.7226,1203722.5594
1,1805.8034,1203.8104,1203810.3594
1,1805.8514,1203.8584,1203858.3594
1,1805.8614,1203.8684,1203868.3594
1,1805.9006,1203.9076,1203907.5594
1,1805.9270,1203.9340,1203933.9594
1,1805.9651,1203.9721,1203972.0594
1,1806.0039,1204.0109,1204010.8594
1,1806.0392,1204.0462,1204046.1594
1,1806.0419,1204.0489,1204048.8594
1,1806.0457,1204.0527,1204052.6594
1,1806.0485,1204.0555,1204055.4594
1,1806.1047,1204.1117,1204111.6594
1,1806.1281,1204.1351,1204135.0594
1,1806.2240,1204.2310,1204230.9594
1,1806.2410,1204.2480,1204247.9594
1,1806.2793,1204.2863,1204286.2594
1,1806.2951,1204.3021,1204302.0594
1,1806.3361,1204.3431,1204343.0594
1,1806.3658,1204.3728,1204372.7594
1,1806.3984,1204.4054,1204405.3594
1,1806.4027,1204.4097,1204409.6594
1,1806.4738,1204.4808,1204480.7594
1,1806.5134,1204.5204,1204520.3594
1,1806.5268,1204.5338,1204533.7594
1,1806.5771,1204.5841,1204584.0594
1,1806.5839,1204.5909,1204590.8594
1,1806.6204,1204.6274,1204627.3594
1,1806.6427,1204.6497,1204649.6594
1,1806.6449,1204.6519,1204651.8594
1,1806.6724,1204.6794,1204679.3594
1,1806.6902,1204.6972,1204697.1594
1,1806.7101,1204.7171,1204717.0594
1,1806.7465,1204.7535,1204753.4594
1,1806.7495,1204.7565,1204756.4594
1,1806.7521,1204.7591,1204759.0594
1,1806.7795,1204.7865,1204786.4594
1,1806.8419,1204.8489,1204848.8594
1,1806.8732,1204.8802,1204880.1594
1,1806.8780,1204.8850,1204884.9594
1,1806.9199,1204.9269,1204926.8594
1,1806.9597,1204.9667,1204966.6594
1,1806.9876,1204.9946,1204994.5594
1,1807.1024,1205.1094,1205109.3594
1,1807.1321,1205.1391,1205139.0594
1,1807.1910,1205.1980,1205197.9594
1,1807.2126,1205.2196,1205219.5594
1,1807.2671,1205.2741,1205274.0594
1,1807.2863,1205.2933,1205293.2594
1,1807.3860,1205.3930,1205392.9594
1,1807.3890,1205.3960,1205395.9594
1,1807.4521,1205.4591,1205459.0594
1,1807.5104,1205.5174,1205517.3594
1,1807.5134,1205.5204,1205520.3594
1,1807.5646,1205.5716,1205571.5594
1,1807.6475,1205.6545,1205654.4594
1,1807.7141,1205.7211,1205721.0594
1,1807.7686,1205.7756,1205775.5594
1,1807.7756,1205.7826,1205782.5594
1,1807.8288,1205.8358,1205835.7594
1,1807.8385,1205.8455,1205845.4594
1,1807.8411,1205.8481,1205848.0594
1,1807.8879,1205.8949,1205894.8594
1,1807.8906,1205.8976,1205897.5594
1,1807.9043,1205.9113,1205911.2594
1,1807.9223,1205.9293,1205929.2594
1,1807.9249,1205.9319,1205931.8594
1,1807.9422,1205.9492,1205949.1594
1,1807.9484,1205.9554,1205955.3594
1,1807.9576,1205.9646,1205964.5594
1,1808.0173,1206.0243,1206024.2594
1,1808.0446,1206.0516,1206051.5594
1,1808.0730,1206.0800,1206079.9594
1,1808.0797,1206.0867,1206086.6594
1,1808.1140,1206.1210,1206120.9594
1,1808.1363,1206.1433,1206143.2594
1,1808.1588,1206.1658,1206165.7594
1,1808.1827,1206.1897,1206189.6594
1,1808.2062,1206.2132,1206213.1594
1,1808.2444,1206.2514,1206251.3594
1,1808.2484,1206.2554,1206255.3594
1,1808.2685,1206.2755,1206275.4594
1,1808.2790,1206.2860,1206285.9594
1,1808.2949,1206.3019,1206301.8594
1,1808.3024,1206.3094,1206309.3594
1,1808.3526,1206.3596,1206359.5594
1,1808.3550,1206.3620,1206361.9594
1,1808.3710,1206.3780,1206377.9594
1,1808.3873,1206.3943,1206394.2594
1,1808.4011,1206.4081,1206408.0594
1,1808.4296,1206.4366,1206436.5594
1,1808.4641,1206.4711,1206471.0594
1,1808.4839,1206.4909,1206490.8594
1,1808.5258,1206.5328,1206532.7594
1,1808.5359,1206.5429,1206542.8594
1,1808.5744,1206.5814,1206581.3594
1,1808.6224,1206.6294,1206629.3594
1,1808.6645,1206.6715,1206671.4594
1,1808.6862,1206.6932,1206693.1594
1,1809.7105,1207.7175,1207717.4594
1,1809.7572,1207.7642,1207764.1594
1,1809.8705,1207.8775,1207877.4594
1,1810.3456,1208.3526,1208352.5594
1,1810.4635,1208.4705,1208470.4594
1,1810.6061,1208.6131,1208613.0594
1,1810.7401,1208.7471,1208747.0594
1,1810.8397,1208.8467,1208846.6594
1,1810.8667,1208.8737,1208873.6594
1,1810.9015,1208.9085,1208908.4594
1,1810.9666,1208.9736,1208973.5594
1,1811.0723,1209.0793,1209079.2594
1,1811.1034,1209.1104,1209110.3594
1,1811.1104,1209.1174,1209117.3594
1,1811.2201,1209.2271,1209227.0594
1,1811.4443,1209.4513,1209451.2594
1,1811.5627,1209.5697,1209569.6594
1,1811.5921,1209.5991,1209599.0594
1,1811.7572,1209.7642,1209764.1594
1,1811.7842,1209.7912,1209791.1594
1,1811.8289,1209.8359,1209835.8594
1,1811.8332,1209.8402,1209840.1594
1,1811.8533,1209.8603,1209860.2594
1,1811.8701,1209.8771,1209877.0594
1,1811.8773,1209.8843,1209884.2594
1,1812.3901,1210.3971,1210397.0594
1,1812.4539,1210.4609,1210460.8594
1,1812.5231,1210.5301,1210530.0594
1,1812.5792,1210.5862,1210586.1594
1,1812.6320,1210.6390,1210638.9594
1,1812.6614,1210.6684,1210668.3594
1,1812.6834,1210.6904,1210690.3594
1,1812.7162,1210.7232,1210723.1594
1,1812.7261,1210.7331,1210733.0594
1,1812.7792,1210.7862,1210786.1594
1,1812.7844,1210.7914,1210791.3594
1,1812.8077,1210.8147,1210814.6594
1,1812.8234,1210.8304,1210830.3594
1,1812.8453,1210.8523,1210852.2594
1,1812.8836,1210.8906,1210890.5594
1,1812.8867,1210.8937,1210893.6594
1,1813.0146,1211.0216,1211021.5594
1,1813.0668,1211.0738,1211073.7594
1,1813.1409,1211.1479,1211147.8594
1,1813.1795,1211.1865,1211186.4594
1,1813.2314,1211.2384,1211238.3594
1,1813.2427,1211.2497,1211249.6594
1,1813.2454,1211.2524,1211252.3594
1,1813.2910,1211.2980,1211297.9594
1,1813.3718,1211.3788,1211378.7594
1,1813.3739,1211.3809,1211380.8594
1,1813.5061,1211.5131,1211513.0594
1,1813.6038,1211.6108,1211610.7594
1,1813.6390,1211.6460,1211645.9594
1,1813.7445,1211.7515,1211751.4594
1,1813.7687,1211.7757,1211775.6594
1,1813.9799,1211.9869,1211986.8594
1,1814.0728,1212.0798,1212079.7594
1,1814.1596,1212.1666,1212166.5594
1,1814.2182,1212.2252,1212225.1594
1,1814.2264,1212.2334,1212233.3594
1,1814.3239,1212.3309,1212330.8594
1,1814.3389,1212.3459,1212345.8594
1,1814.5201,1212.5271,1212527.0594
1,1815.1119,1213.1189,1213118.8594
1,1815.1496,1213.1566,1213156.5594
1,1815.1723,1213.1793,1213179.2594
1,1815.1746,1213.1816,1213181.5594
1,1815.1799,1213.1869,1213186.8594
1,1815.2164,1213.2234,1213223.3594
1,1815.2520,1213.2590,1213258.9594
1,1815.2676,1213.2746,1213274.5594
1,1815.2819,1213.2889,1213288.8594
1,1815.2871,1213.2941,1213294.0594
1,1815.3113,1213.3183,1213318.2594
1,1815.3148,1213.3218,1213321.7594
1,1815.3371,1213.3441,1213344.0594
1,1815.3457,1213.3527,1213352.6594
1,1815.3876,1213.3946,1213394.5594
1,1815.4429,1213.4499,1213449.8594
1,1815.4457,1213.4527,1213452.6594
1,1815.4819,1213.4889,1213488.8594
1,1815.4938,1213.5008,1213500.7594
1,1815.5074,1213.5144,1213514.3594
1,1815.5524,1213.5594,1213559.3594
1,1815.5601,1213.5671,1213567.0594
1,1815.5802,1213.5872,1213587.1594
1,1815.5835,1213.5905,1213590.4594
1,1815.6468,1213.6538,1213653.7594
1,1815.6793,1213.6863,1213686.2594
1,1815.6826,1213.6896,1213689.5594
1,1815.6858,1213.6928,1213692.7594
1,1815.7285,1213.7355,1213735.4594
1,1815.7931,1213.8001,1213800.0594
1,1815.8141,1213.8211,1213821.0594
1,1815.8620,1213.8690,1213868.9594
1,1815.9182,1213.9252,1213925.1594
1,1815.9772,1213.9842,1213984.1594
1,1815.9865,1213.9935,1213993.4594
1,1815.9886,1213.9956,1213995.5594
1,1816.1048,1214.1118,1214111.7594
1,1816.5039,1214.5109,1214510.8594
1,1816.6050,1214.6120,1214611.9594
1,1816.6429,1214.6499,1214649.8594
1,1816.6768,1214.6838,1214683.7594
1,1816.6971,1214.7041,1214704.0594
1,1816.7008,1214.7078,1214707.7594
1,1816.7079,1214.7149,1214714.8594
1,1816.8059,1214.8129,1214812.8594
1,1816.8707,1214.8777,1214877.6594
1,1816.9593,1214.9663,1214966.2594
1,1817.0050,1215.0120,1215011.9594
1,1817.0353,1215.0423,1215042.2594
1,1817.0540,1215.0610,1215060.9594
1,1817.1116,1215.1186,1215118.5594
1,1817.2772,1215.2842,1215284.1594
1,1817.3417,1215.3487,1215348.6594
1,1817.4598,1215.4668,1215466.7594
1,1817.5366,1215.5436,1215543.5594
1,1817.5977,1215.6047,1215604.6594
1,1817.8057,1215.8127,1215812.6594
1,1817.8392,1215.8462,1215846.1594
1,1817.8541,1215.8611,1215861.0594
1,1817.8751,1215.8821,1215882.0594
1,1817.8895,1215.8965,1215896.4594
1,1817.9234,1215.9304,1215930.3594
1,1817.9607,1215.9677,1215967.6594
1,1817.9713,1215.9783,1215978.2594
1,1817.9845,1215.9915,1215991.4594
1,1818.0280,1216.0350,1216034.9594
1,1818.0323,1216.0393,1216039.2594
1,1818.0728,1216.0798,1216079.7594
1,1818.1116,1216.1186,1216118.5594
1,1818.1291,1216.1361,1216136.0594
1,1818.1688,1216.1758,1216175.7594
1,1818.2293,1216.2363,1216236.2594
1,1818.2562,1216.2632,1216263.1594
1,1818.3108,1216.3178,1216317.7594
1,1818.3127,1216.3197,1216319.6594
1,1818.3254,1216.3324,1216332.3594
1,1818.3476,1216.3546,1216354.5594
1,1818.3729,1216.3799,1216379.8594
1,1818.4408,1216.4478,1216447.7594
1,1818.5303,1216.5373,1216537.2594
1,1818.5868,1216.5938,1216593.7594
1,1818.6129,1216.6199,1216619.8594
1,1818.7404,1216.7474,1216747.3594
1,1818.7595,1216.7665,1216766.4594
1,1818.8136,1216.8206,1216820.5594
1,1818.8416,1216.8486,1216848.5594
1,1818.8443,1216.8513,1216851.2594
1,1818.8976,1216.9046,1216904.5594
1,1818.9493,1216.9563,1216956.2594
1,1819.0456,1217.0526,1217052.5594
1,1819.0528,1217.0598,1217059.7594
1,1819.0939,1217.1009,1217100.8594
1,1819.1103,1217.1173,1217117.2594
1,1819.1652,1217.1722,1217172.1594
1,1819.2186,1217.2256,1217225.5594
1,1819.2277,1217.2347,1217234.6594
1,1819.2326,1217.2396,1217239.5594
1,1819.2833,1217.2903,1217290.2594
1,1819.3192,1217.3262,1217326.1594
1,1819.3218,1217.3288,1217328.7594
1,1819.3376,1217.3446,1217344.5594
1,1819.3401,1217.3471,1217347.0594
1,1819.3627,1217.3697,1217369.6594
1,1819.3799,1217.3869,1217386.8594
1,1819.3881,1217.3951,1217395.0594
1,1819.4066,1217.4136,1217413.5594
1,1819.4407,1217.4477,1217447.6594
1,1819.4432,1217.4502,1217450.1594
1,1819.4516,1217.4586,1217458.5594
1,1819.5148,1217.5218,1217521.7594
1,1819.5223,1217.5293,1217529.2594
1,1819.5545,1217.5615,1217561.4594
1,1819.5822,1217.5892,1217589.1594
1,1819.7250,1217.7320,1217731.9594
1,1819.7686,1217.7756,1217775.5594
1,1819.8466,1217.8536,1217853.5594
1,1819.8549,1217.8619,1217861.8594
1,1819.9810,1217.9880,1217987.9594
1,1820.0148,1218.0218,1218021.7594
1,1820.1446,1218.1516,1218151.5594
1,1820.4816,1218.4886,1218488.5594
1,1820.6424,1218.6494,1218649.3594
1,1820.6735,1218.6805,1218680.4594
1,1820.6761,1218.6831,1218683.0594
1,1820.7893,1218.7963,1218796.2594
1,1822.5599,1220.5669,1220566.8594
1,1823.0650,1221.0720,1221071.9594
1,1823.1327,1221.1397,1221139.6594
1,1823.2320,1221.2390,1221238.9594
1,1823.2650,1221.2720,1221271.9594
1,1823.4792,1221.4862,1221486.1594
1,1825.5062,1223.5132,1223513.1594
1,1826.0270,1224.0340,1224033.9594
1,1826.0977,1224.1047,1224104.6594
1,1827.6068,1225.6138,1225613.7594
1,1827.8053,1225.8123,1225812.2594
1,1827.9127,1225.9197,1225919.6594
1,1827.9972,1226.0042,1226004.1594
1,1828.3292,1226.3362,1226336.1594
1,1828.3317,1226.3387,1226338.6594
1,1828.3360,1226.3430,1226342.9594
1,1828.3595,1226.3665,1226366.4594
1,1828.3845,1226.3915,1226391.4594
1,1828.4136,1226.4206,1226420.5594
1,1828.6007,1226.6077,1226607.6594
1,1828.6188,1226.6258,1226625.7594
1,1828.6225,1226.6295,1226629.4594
1,1828.6320,1226.6390,1226638.9594
1,1828.6442,1226.6512,1226651.1594
1,1828.6463,1226.6533,1226653.2594
1,1828.6866,1226.6936,1226693.5594
1,1828.6884,1226.6954,1226695.3594
1,1828.7038,1226.7108,1226710.7594
1,1828.7225,1226.7295,1226729.4594
1,1828.7603,1226.7673,1226767.2594
1,1828.7670,1226.7740,1226773.9594
1,1828.7940,1226.8010,1226800.9594
1,1829.3769,1227.3839,1227383.8594
1,1829.4610,1227.4680,1227467.9594
1,1830.4693,1228.4763,1228476.2594
1,1830.7519,1228.7589,1228758.8594
1,1830.8125,1228.8195,1228819.4594
1,1830.8217,1228.8287,1228828.6594
1,1830.8648,1228.8718,1228871.7594
1,1830.8671,1228.8741,1228874.0594
1,1830.8834,1228.8904,1228890.3594
1,1830.8955,1228.9025,1228902.4594
1,1830.8977,1228.9047,1228904.6594
1,1830.9971,1229.0041,1229004.0594
1,1831.0623,1229.0693,1229069.2594
1,1831.1290,1229.1360,1229135.9594
1,1831.2008,1229.2078,1229207.7594
1,1831.2029,1229.2099,1229209.8594
1,1831.9532,1229.9602,1229960.1594
1,1832.8165,1230.8235,1230823.4594
1,1832.9596,1230.9666,1230966.5594
1,1832.9991,1231.0061,1231006.0594
1,1833.1201,1231.1271,1231127.0594
1,1833.1915,1231.1985,1231198.4594
1,1833.2557,1231.2627,1231262.6594
1,1833.2748,1231.2818,1231281.7594
1,1833.3386,1231.3456,1231345.5594
1,1833.4041,1231.4111,1231411.0594
1,1833.4439,1231.4509,1231450.8594
1,1833.4474,1231.4544,1231454.3594
1,1833.5404,1231.5474,1231547.3594
1,1833.6112,1231.6182,1231618.1594
1,1833.6137,1231.6207,1231620.6594
1,1833.7721,1231.7791,1231779.0594
1,1834.3517,1232.3587,1232358.6594
1,1834.4767,1232.4837,1232483.6594
1,1834.4926,1232.4996,1232499.5594
1,1835.0575,1233.0645,1233064.4594
1,1835.5140,1233.5210,1233520.9594
1,1836.0824,1234.0894,1234089.3594
1,1836.1224,1234.1294,1234129.3594
1,1836.1870,1234.1940,1234193.9594
1,1836.2084,1234.2154,1234215.3594
1,1836.2312,1234.2382,1234238.1594
1,1836.9031,1234.9101,1234910.0594
1,1836.9570,1234.9640,1234963.9594
1,1837.0071,1235.0141,1235014.0594
1,1837.0616,1235.0686,1235068.5594
1,1837.1537,1235.1607,1235160.6594
1,1837.3707,1235.3777,1235377.6594
1,1837.7149,1235.7219,1235721.8594
1,1837.9280,1235.9350,1235934.9594
1,1838.6857,1236.6927,1236692.6594
1,1838.8509,1236.8579,1236857.8594
1,1838.8558,1236.8628,1236862.7594
1,1838.8876,1236.8946,1236894.5594
1,1839.0428,1237.0498,1237049.7594
1,1839.1443,1237.1513,1237151.2594
1,1839.2011,1237.2081,1237208.0594
1,1839.2041,1237.2111,1237211.0594
1,1839.3187,1237.3257,1237325.6594
1,1839.4046,1237.4116,1237411.5594
1,1839.4427,1237.4497,1237449.6594
1,1839.4930,1237.5000,1237499.9594
1,1839.6066,1237.6136,1237613.5594
1,1839.6166,1237.6236,1237623.5594
1,1839.6412,1237.6482,1237648.1594
1,1839.7857,1237.7927,1237792.6594
1,1839.8981,1237.9051,1237905.0594
1,1840.0000,1238.0070,1238006.9594
1,1840.0475,1238.0545,1238054.4594
1,1840.0908,1238.0978,1238097.7594
1,1840.1004,1238.1074,1238107.3594
1,1840.1326,1238.1396,1238139.5594
1,1840.1595,1238.1665,1238166.4594
1,1840.1994,1238.2064,1238206.3594
1,1840.2058,1238.2128,1238212.7594
1,1840.2681,1238.2751,1238275.0594
1,1841.0092,1239.0162,1239016.1594
1,1841.0430,1239.0500,1239049.9594
1,1841.3894,1239.3964,1239396.3594
1,1841.5108,1239.5178,1239517.7594
1,1841.5182,1239.5252,1239525.1594
1,1841.8152,1239.8222,1239822.1594
1,1841.9277,1239.9347,1239934.6594
1,1842.0725,1240.0795,1240079.4594
1,1842.1658,1240.1728,1240172.7594
1,1842.2053,1240.2123,1240212.2594
1,1842.3605,1240.3675,1240367.4594
1,1842.6540,1240.6610,1240660.9594
1,1843.0974,1241.1044,1241104.3594
1,1843.1262,1241.1332,1241133.1594
1,1843.1659,1241.1729,1241172.8594
1,1843.2017,1241.2087,1241208.6594
1,1843.2088,1241.2158,1241215.7594
1,1843.2771,1241.2841,1241284.0594
1,1843.3542,1241.3612,1241361.1594
1,1843.3924,1241.3994,1241399.3594
1,1843.6607,1241.6677,1241667.6594
1,1843.7980,1241.8050,1241804.9594
1,1844.2123,1242.2193,1242219.2594
1,1844.2464,1242.2534,1242253.3594
1,1844.4748,1242.4818,1242481.7594
1,1844.4807,1242.4877,1242487.6594
1,1844.5225,1242.5295,1242529.4594
1,1844.5747,1242.5817,1242581.6594
1,1845.0118,1243.0188,1243018.7594
1,1845.1434,1243.1504,1243150.3594
1,1845.9316,1243.9386,1243938.5594
1,1845.9349,1243.9419,1243941.8594
1,1846.0459,1244.0529,1244052.8594
1,1846.2335,1244.2405,1244240.4594
1,1846.4318,1244.4388,1244438.7594
1,1846.4659,1244.4729,1244472.8594
1,1846.5772,1244.5842,1244584.1594
1,1846.6244,1244.6314,1244631.3594
1,1846.6268,1244.6338,1244633.7594
1,1846.6839,1244.6909,1244690.8594
1,1846.7533,1244.7603,1244760.2594
1,1846.8119,1244.8189,1244818.8594
1,1846.8743,1244.8813,1244881.2594
1,1846.9199,1244.9269,1244926.8594
1,1846.9874,1244.9944,1244994.3594
1,1847.0593,1245.0663,1245066.2594
1,1847.1514,1245.1584,1245158.3594
1,1847.2508,1245.2578,1245257.7594
1,1848.0315,1246.0385,1246038.4594
1,1848.4697,1246.4767,1246476.6594
1,1848.4721,1246.4791,1246479.0594
1,1848.5532,1246.5602,1246560.1594
1,1848.8626,1246.8696,1246869.5594
1,1849.3352,1247.3422,1247342.1594
1,1849.4025,1247.4095,1247409.4594
1,1849.4105,1247.4175,1247417.4594
1,1849.4131,1247.4201,1247420.0594
1,1849.5085,1247.5155,1247515.4594
1,1849.9111,1247.9181,1247918.0594
1,1850.0099,1248.0169,1248016.8594
1,1850.0135,1248.0205,1248020.4594
1,1850.3413,1248.3483,1248348.2594
1,1850.3732,1248.3802,1248380.1594
1,1850.4172,1248.4242,1248424.1594
1,1851.0712,1249.0782,1249078.1594
1,1851.1705,1249.1775,1249177.4594
1,1851.2779,1249.2849,1249284.8594
1,1851.3003,1249.3073,1249307.2594
1,1851.3453,1249.3523,1249352.2594
1,1851.4083,1249.4153,1249415.2594
1,1851.4132,1249.4202,1249420.1594
1,1851.5190,1249.5260,1249525.9594
1,1851.5579,1249.5649,1249564.8594
1,1851.6034,1249.6104,1249610.3594
1,1851.8401,1249.8471,1249847.0594
1,1852.5824,1250.5894,1250589.3594
1,1852.7046,1250.7116,1250711.5594
1,1852.7132,1250.7202,1250720.1594
1,1852.7408,1250.7478,1250747.7594
1,1852.7631,1250.7701,1250770.0594
1,1852.7863,1250.7933,1250793.2594
1,1852.8958,1250.9028,1250902.7594
1,1853.7013,1251.7083,1251708.2594
1,1854.1998,1252.2068,1252206.7594
1,1854.3703,1252.3773,1252377.2594
1,1854.4664,1252.4734,1252473.3594
1,1854.5184,1252.5254,1252525.3594
1,1854.5433,1252.5503,1252550.2594
1,1854.6387,1252.6457,1252645.6594
1,1854.6530,1252.6600,1252659.9594
1,1854.7035,1252.7105,1252710.4594
1,1854.7436,1252.7506,1252750.5594
1,1854.7652,1252.7722,1252772.1594
1,1854.7959,1252.8029,1252802.8594
1,1854.8100,1252.8170,1252816.9594
1,1854.8225,1252.8295,1252829.4594
1,1854.8805,1252.8875,1252887.4594
1,1854.8873,1252.8943,1252894.2594
1,1854.9476,1252.9546,1252954.5594
1,1854.9555,1252.9625,1252962.4594
1,1855.0086,1253.0156,1253015.5594
1,1855.0139,1253.0209,1253020.8594
1,1855.0200,1253.0270,1253026.9594
1,1855.0609,1253.0679,1253067.8594
1,1855.0635,1253.0705,1253070.4594
1,1855.1295,1253.1365,1253136.4594
1,1855.1362,1253.1432,1253143.1594
1,1855.1483,1253.1553,1253155.2594
1,1855.1733,1253.1803,1253180.2594
1,1855.1832,1253.1902,1253190.1594
1,1855.1871,1253.1941,1253194.0594
1,1855.2035,1253.2105,1253210.4594
1,1855.2098,1253.2168,1253216.7594
1,1855.2127,1253.2197,1253219.6594
1,1855.2524,1253.2594,1253259.3594
1,1855.2892,1253.2962,1253296.1594
1,1855.3368,1253.3438,1253343.7594
1,1855.3496,1253.3566,1253356.5594
1,1855.3661,1253.3731,1253373.0594
1,1855.3831,1253.3901,1253390.0594
1,1855.4392,1253.4462,1253446.1594
1,1855.4416,1253.4486,1253448.5594
1,1855.9242,1253.9312,1253931.1594
1,1856.1208,1254.1278,1254127.7594
1,1856.5532,1254.5602,1254560.1594
1,1856.6531,1254.6601,1254660.0594
1,1856.6952,1254.7022,1254702.1594
1,1856.7236,1254.7306,1254730.5594
1,1856.7615,1254.7685,1254768.4594
1,1856.8213,1254.8283,1254828.2594
1,1857.2566,1255.2636,1255263.5594
1,1857.3594,1255.3664,1255366.3594
1,1857.3820,1255.3890,1255388.9594
1,1857.4980,1255.5050,1255504.9594
1,1857.5067,1255.5137,1255513.6594
1,1857.9295,1255.9365,1255936.4594
1,1858.0014,1256.0084,1256008.3594
1,1858.6398,1256.6468,1256646.7594
1,1858.7787,1256.7857,1256785.6594
1,1859.2604,1257.2674,1257267.3594
1,1859.3298,1257.3368,1257336.7594
1,1859.3417,1257.3487,1257348.6594
1,1859.3439,1257.3509,1257350.8594
1,1859.4523,1257.4593,1257459.2594
1,1859.4644,1257.4714,1257471.3594
1,1859.5391,1257.5461,1257546.0594
1,1859.6138,1257.6208,1257620.7594
1,1859.6246,1257.6316,1257631.5594
1,1859.6925,1257.6995,1257699.4594
1,1859.8655,1257.8725,1257872.4594
1,1859.9244,1257.9314,1257931.3594
1,1859.9355,1257.9425,1257942.4594
1,1859.9398,1257.9468,1257946.7594
1,1859.9825,1257.9895,1257989.4594
1,1859.9990,1258.0060,1258005.9594
1,1860.0206,1258.0276,1258027.5594
1,1860.1340,1258.1410,1258140.9594
1,1860.2262,1258.2332,1258233.1594
1,1860.2487,1258.2557,1258255.6594
1,1860.3242,1258.3312,1258331.1594
1,1860.4083,1258.4153,1258415.2594
1,1861.3138,1259.3208,1259320.7594
1,1861.5321,1259.5391,1259539.0594
1,1861.8392,1259.8462,1259846.1594
1,1861.8740,1259.8810,1259880.9594
1,1861.8777,1259.8847,1259884.6594
1,1861.9980,1260.0050,1260004.9594
1,1862.0080,1260.0150,1260014.9594
1,1862.0100,1260.0170,1260016.9594
1,1862.2316,1260.2386,1260238.5594
1,1862.3257,1260.3327,1260332.6594
1,1862.4283,1260.4353,1260435.2594
1,1862.4349,1260.4419,1260441.8594
1,1862.4439,1260.4509,1260450.8594
1,1862.5079,1260.5149,1260514.8594
1,1862.5130,1260.5200,1260519.9594
1,1862.5818,1260.5888,1260588.7594
1,1862.7714,1260.7784,1260778.3594
1,1862.7995,1260.8065,1260806.4594
1,1863.7291,1261.7361,1261736.0594
1,1864.3163,1262.3233,1262323.2594
1,1865.0528,1263.0598,1263059.7594
1,1865.0706,1263.0776,1263077.5594
1,1865.3481,1263.3551,1263355.0594
1,1866.0581,1264.0651,1264065.0594
1,1866.1497,1264.1567,1264156.6594
1,1866.2472,1264.2542,1264254.1594
1,1866.2497,1264.2567,1264256.6594
1,1866.4190,1264.4260,1264425.9594
1,1866.7079,1264.7149,1264714.8594
1,1866.7101,1264.7171,1264717.0594
1,1866.7483,1264.7553,1264755.2594
1,1867.1462,1265.1532,1265153.1594
1,1867.1492,1265.1562,1265156.1594
1,1867.2637,1265.2707,1265270.6594
1,1867.4158,1265.4228,1265422.7594
1,1868.3168,1266.3238,1266323.7594
1,1868.7700,1266.7770,1266776.9594
1,1868.9137,1266.9207,1266920.6594
1,1868.9898,1266.9968,1266996.7594
1,1869.0329,1267.0399,1267039.8594
1,1869.1573,1267.1643,1267164.2594
1,1869.3747,1267.3817,1267381.6594
1,1869.3960,1267.4030,1267402.9594
1,1869.4071,1267.4141,1267414.0594
1,1869.4909,1267.4979,1267497.8594
1,1869.5923,1267.5993,1267599.2594
1,1869.6763,1267.6833,1267683.2594
1,1869.7336,1267.7406,1267740.5594
1,1869.7625,1267.7695,1267769.4594
1,1869.8439,1267.8509,1267850.8594
1,1869.9704,1267.9774,1267977.3594
1,1870.1169,1268.1239,1268123.8594
1,1870.4232,1268.4302,1268430.1594
1,1870.5112,1268.5182,1268518.1594
1,1870.8824,1268.8894,1268889.3594
1,1870.8879,1268.8949,1268894.8594
1,1870.9646,1268.9716,1268971.5594
1,1870.9669,1268.9739,1268973.8594
1,1871.0419,1269.0489,1269048.8594
1,1871.0722,1269.0792,1269079.1594
1,1871.2763,1269.2833,1269283.2594
1,1871.4396,1269.4466,1269446.5594
1,1871.5024,1269.5094,1269509.3594
1,1871.5597,1269.5667,1269566.6594
1,1871.5783,1269.5853,1269585.2594
1,1871.5892,1269.5962,1269596.1594
1,1871.6200,1269.6270,1269626.9594
1,1871.6486,1269.6556,1269655.5594
1,1871.6632,1269.6702,1269670.1594
1,1871.7597,1269.7667,1269766.6594
1,1872.0961,1270.1031,1270103.0594
1,1872.2514,1270.2584,1270258.3594
1,1872.2541,1270.2611,1270261.0594
1,1873.1685,1271.1755,1271175.4594
1,1873.3820,1271.3890,1271388.9594
1,1873.4231,1271.4301,1271430.0594
1,1873.4333,1271.4403,1271440.2594
1,1873.4359,1271.4429,1271442.8594
1,1873.9320,1271.9390,1271938.9594
1,1874.1199,1272.1269,1272126.8594
1,1874.5268,1272.5338,1272533.7594
1,1874.5904,1272.5974,1272597.3594
1,1874.6323,1272.6393,1272639.2594
1,1874.7286,1272.7356,1272735.5594
1,1874.8790,1272.8860,1272885.9594
1,1874.9141,1272.9211,1272921.0594
1,1875.0649,1273.0719,1273071.8594
1,1875.6099,1273.6169,1273616.8594
1,1875.6202,1273.6272,1273627.1594
1,1875.6970,1273.7040,1273703.9594
1,1875.7699,1273.7769,1273776.8594
1,1875.8222,1273.8292,1273829.1594
1,1875.8829,1273.8899,1273889.8594
1,1875.9020,1273.9090,1273908.9594
1,1875.9339,1273.9409,1273940.8594
1,1876.6191,1274.6261,1274626.0594
1,1876.7227,1274.7297,1274729.6594
1,1876.7582,1274.7652,1274765.1594
1,1876.7825,1274.7895,1274789.4594
1,1877.0693,1275.0763,1275076.2594
1,1877.1236,1275.1306,1275130.5594
1,1877.2472,1275.2542,1275254.1594
1,1877.3372,1275.3442,1275344.1594
1,1877.4183,1275.4253,1275425.2594
1,1877.4301,1275.4371,1275437.0594
1,1877.5115,1275.5185,1275518.4594
1,1877.5806,1275.5876,1275587.5594
1,1877.6273,1275.6343,1275634.2594
1,1877.6334,1275.6404,1275640.3594
1,1877.6777,1275.6847,1275684.6594
1,1877.6842,1275.6912,1275691.1594
1,1877.7085,1275.7155,1275715.4594
1,1877.7298,1275.7368,1275736.7594
1,1877.7600,1275.7670,1275766.9594
1,1877.7772,1275.7842,1275784.1594
1,1877.7911,1275.7981,1275798.0594
1,1877.8525,1275.8595,1275859.4594
1,1877.8702,1275.8772,1275877.1594
1,1877.9023,1275.9093,1275909.2594
1,1877.9292,1275.9362,1275936.1594
1,1877.9326,1275.9396,1275939.5594
1,1877.9885,1275.9955,1275995.4594
1,1878.0711,1276.0781,1276078.0594
1,1878.0888,1276.0958,1276095.7594
1,1878.1421,1276.1491,1276149.0594
1,1878.1724,1276.1794,1276179.3594
1,1878.2193,1276.2263,1276226.2594
1,1878.2296,1276.2366,1276236.5594
1,1878.2658,1276.2728,1276272.7594
1,1878.2687,1276.2757,1276275.6594
1,1878.2901,1276.2971,1276297.0594
1,1878.3375,1276.3445,1276344.4594
1,1878.3854,1276.3924,1276392.3594
1,1878.4635,1276.4705,1276470.4594
1,1878.5219,1276.5289,1276528.8594
1,1878.5298,1276.5368,1276536.7594
1,1878.5430,1276.5500,1276549.9594
1,1878.5759,1276.5829,1276582.8594
1,1878.5814,1276.5884,1276588.3594
1,1878.6033,1276.6103,1276610.2594
1,1878.6088,1276.6158,1276615.7594
1,1878.6172,1276.6242,1276624.1594
1,1878.6232,1276.6302,1276630.1594
1,1878.6373,1276.6443,1276644.2594
1,1878.6751,1276.6821,1276682.0594
1,1878.6796,1276.6866,1276686.5594
1,1878.6915,1276.6985,1276698.4594
1,1878.7387,1276.7457,1276745.6594
1,1878.7578,1276.7648,1276764.7594
1,1878.7615,1276.7685,1276768.4594
1,1878.7644,1276.7714,1276771.3594
1,1878.7892,1276.7962,1276796.1594
1,1878.7965,1276.8035,1276803.4594
1,1878.8036,1276.8106,1276810.5594
1,1878.8413,1276.8483,1276848.2594
1,1878.8452,1276.8522,1276852.1594
1,1878.8804,1276.8874,1276887.3594
1,1878.9409,1276.9479,1276947.8594
1,1878.9435,1276.9505,1276950.4594
1,1878.9567,1276.9637,1276963.6594
1,1878.9613,1276.9683,1276968.2594
1,1879.0086,1277.0156,1277015.5594
1,1879.0141,1277.0211,1277021.0594
1,1879.0756,1277.0826,1277082.5594
1,1879.0862,1277.0932,1277093.1594
1,1879.0982,1277.1052,1277105.1594
1,1879.1323,1277.1393,1277139.2594
1,1879.1544,1277.1614,1277161.3594
1,1879.1758,1277.1828,1277182.7594
1,1879.1930,1277.2000,1277199.9594
1,1879.4146,1277.4216,1277421.5594
1,1879.4168,1277.4238,1277423.7594
1,1879.9114,1277.9184,1277918.3594
1,1880.2302,1278.2372,1278237.1594
1,1881.1347,1279.1417,1279141.6594
1,1883.7700,1281.7770,1281776.9594
1,1884.0298,1282.0368,1282036.7594
1,1884.9836,1282.9906,1282990.5594
1,1885.0506,1283.0576,1283057.5594
1,1885.5243,1283.5313,1283531.2594
1,1885.5299,1283.5369,1283536.8594
1,1885.6751,1283.6821,1283682.0594
1,1885.6767,1283.6837,1283683.6594
1,1885.8579,1283.8649,1283864.8594
1,1886.0975,1284.1045,1284104.4594
1,1886.3262,1284.3332,1284333.1594
1,1886.3747,1284.3817,1284381.6594
1,1886.4244,1284.4314,1284431.3594
1,1886.4468,1284.4538,1284453.7594
1,1886.4891,1284.4961,1284496.0594
1,1886.5445,1284.5515,1284551.4594
1,1886.6711,1284.6781,1284678.0594
1,1886.6753,1284.6823,1284682.2594
1,1886.8075,1284.8145,1284814.4594
1,1886.8816,1284.8886,1284888.5594
1,1886.9114,1284.9184,1284918.3594
1,1886.9641,1284.9711,1284971.0594
1,1887.0306,1285.0376,1285037.5594
1,1887.0482,1285.0552,1285055.1594
1,1887.0712,1285.0782,1285078.1594
1,1887.0845,1285.0915,1285091.4594
1,1887.0921,1285.0991,1285099.0594
1,1887.1411,1285.1481,1285148.0594
1,1887.3351,1285.3421,1285342.0594
1,1887.5023,1285.5093,1285509.2594
1,1887.5174,1285.5244,1285524.3594
1,1887.5479,1285.5549,1285554.8594
1,1887.7840,1285.7910,1285790.9594
1,1887.8130,1285.8200,1285819.9594
1,1887.8660,1285.8730,1285872.9594
1,1887.8720,1285.8790,1285878.9594
1,1887.8754,1285.8824,1285882.3594
1,1887.9342,1285.9412,1285941.1594
1,1887.9796,1285.9866,1285986.5594
1,1888.0237,1286.0307,1286030.6594
1,1888.0850,1286.0920,1286091.9594
1,1888.1274,1286.1344,1286134.3594
1,1888.1341,1286.1411,1286141.0594
1,1888.1528,1286.1598,1286159.7594
1,1888.1555,1286.1625,1286162.4594
1,1888.1578,1286.1648,1286164.7594
1,1888.2282,1286.2352,1286235.1594
1,1888.2352,1286.2422,1286242.1594
1,1888.3371,1286.3441,1286344.0594
1,1888.3797,1286.3867,1286386.6594
1,1888.4189,1286.4259,1286425.8594
1,1888.4328,1286.4398,1286439.7594
1,1888.5763,1286.5833,1286583.2594
1,1888.5786,1286.5856,1286585.5594
1,1888.6126,1286.6196,1286619.5594
1,1888.6148,1286.6218,1286621.7594
1,1888.6852,1286.6922,1286692.1594
1,1888.6878,1286.6948,1286694.7594
1,1888.7495,1286.7565,1286756.4594
1,1888.7536,1286.7606,1286760.5594
1,1888.8842,1286.8912,1286891.1594
1,1888.9515,1286.9585,1286958.4594
1,1889.3927,1287.3997,1287399.6594
1,1889.6337,1287.6407,1287640.6594
1,1889.8848,1287.8918,1287891.7594
1,1890.8407,1288.8477,1288847.6594
1,1890.9727,1288.9797,1288979.6594
1,1891.0276,1289.0346,1289034.5594
1,1891.0316,1289.0386,1289038.5594
1,1891.0343,1289.0413,1289041.2594
1,1891.1098,1289.1168,1289116.7594
1,1891.1331,1289.1401,1289140.0594
1,1891.1539,1289.1609,1289160.8594
1,1891.2239,1289.2309,1289230.8594
1,1891.3262,1289.3332,1289333.1594
1,1891.3306,1289.3376,1289337.5594
1,1891.5475,1289.5545,1289554.4594
1,1891.6414,1289.6484,1289648.3594
1,1891.6495,1289.6565,1289656.4594
1,1891.8010,1289.8080,1289807.9594
1,1891.8029,1289.8099,1289809.8594
1,1891.8052,1289.8122,1289812.1594
1,1891.9754,1289.9824,1289982.3594
1,1892.2460,1290.2530,1290252.9594
1,1892.5469,1290.5539,1290553.8594
1,1892.5495,1290.5565,1290556.4594
1,1892.6373,1290.6443,1290644.2594
1,1892.6495,1290.6565,1290656.4594
1,1892.7800,1290.7870,1290786.9594
1,1892.7837,1290.7907,1290790.6594
1,1893.0254,1291.0324,1291032.3594
1,1893.0404,1291.0474,1291047.3594
1,1893.0537,1291.0607,1291060.6594
1,1893.2539,1291.2609,1291260.8594
1,1893.2726,1291.2796,1291279.5594
1,1893.3074,1291.3144,1291314.3594
1,1893.3355,1291.3425,1291342.4594
1,1893.4018,1291.4088,1291408.7594
1,1893.5234,1291.5304,1291530.3594
1,1894.0693,1292.0763,1292076.2594
1,1894.1263,1292.1333,1292133.2594
1,1894.1287,1292.1357,1292135.6594
1,1894.1500,1292.1570,1292156.9594
1,1894.1669,1292.1739,1292173.8594
1,1894.2260,1292.2330,1292232.9594
1,1894.2526,1292.2596,1292259.5594
1,1895.0062,1293.0132,1293013.1594
1,1895.0181,1293.0251,1293025.0594
1,1895.1521,1293.1591,1293159.0594
1,1895.4855,1293.4925,1293492.4594
1,1895.5532,1293.5602,1293560.1594
1,1896.2843,1294.2913,1294291.2594
1,1896.2928,1294.2998,1294299.7594
1,1896.3962,1294.4032,1294403.1594
1,1896.6063,1294.6133,1294613.2594
1,1896.6415,1294.6485,1294648.4594
1,1896.7227,1294.7297,1294729.6594
1,1896.7384,1294.7454,1294745.3594
1,1896.7408,1294.7478,1294747.7594
1,1896.7824,1294.7894,1294789.3594
1,1896.8350,1294.8420,1294841.9594
1,1896.9659,1294.9729,1294972.8594
1,1897.0257,1295.0327,1295032.6594
1,1897.0548,1295.0618,1295061.7594
1,1897.0766,1295.0836,1295083.5594
1,1897.0934,1295.1004,1295100.3594
1,1897.1420,1295.1490,1295148.9594
1,1897.1806,1295.1876,1295187.5594
1,1897.2304,1295.2374,1295237.3594
1,1897.2696,1295.2766,1295276.5594
1,1897.3075,1295.3145,1295314.4594
1,1897.4062,1295.4132,1295413.1594
1,1897.5279,1295.5349,1295534.8594
1,1897.5904,1295.5974,1295597.3594
1,1897.7012,1295.7082,1295708.1594
1,1897.7082,1295.7152,1295715.1594
1,1897.7866,1295.7936,1295793.5594
1,1897.8746,1295.8816,1295881.5594
1,1898.3996,1296.4066,1296406.5594
1,1898.4828,1296.4898,1296489.7594
1,1898.5546,1296.5616,1296561.5594
1,1898.5591,1296.5661,1296566.0594
1,1898.5696,1296.5766,1296576.5594
1,1898.5721,1296.5791,1296579.0594
1,1898.6063,1296.6133,1296613.2594
1,1898.8734,1296.8804,1296880.3594
1,1898.9348,1296.9418,1296941.7594
1,1898.9676,1296.9746,1296974.5594
1,1899.0886,1297.0956,1297095.5594
1,1899.1513,1297.1583,1297158.2594
1,1899.3517,1297.3587,1297358.6594
1,1899.3595,1297.3665,1297366.4594
1,1899.4792,1297.4862,1297486.1594
1,1899.4915,1297.4985,1297498.4594
1,1899.5071,1297.5141,1297514.0594
1,1899.5103,1297.5173,1297517.2594
1,1899.5124,1297.5194,1297519.3594
1,1899.5824,1297.5894,1297589.3594
1,1899.6166,1297.6236,1297623.5594
1,1899.6191,1297.6261,1297626.0594
1,1899.7109,1297.7179,1297717.8594
1,1899.7594,1297.7664,1297766.3594
1,1899.8391,1297.8461,1297846.0594
1,1899.8416,1297.8486,1297848.5594
1,1899.8916,1297.8986,1297898.5594
1,1899.9253,1297.9323,1297932.2594
1,1900.0930,1298.1000,1298099.9594
1,1900.2656,1298.2726,1298272.5594
1,1900.4984,1298.5054,1298505.3594
1,1900.6853,1298.6923,1298692.2594
1,1900.7047,1298.7117,1298711.6594
1,1900.7135,1298.7205,1298720.4594
1,1900.7809,1298.7879,1298787.8594
1,1900.8064,1298.8134,1298813.3594
1,1900.8185,1298.8255,1298825.4594
1,1901.0180,1299.0250,1299024.9594
1,1901.0652,1299.0722,1299072.1594
1,1901.0918,1299.0988,1299098.7594
1,1901.1479,1299.1549,1299154.8594
1,1901.1658,1299.1728,1299172.7594
1,1901.2406,1299.2476,1299247.5594
1,1901.2433,1299.2503,1299250.2594
1,1902.1925,1300.1995,1300199.4594
1,1902.3300,1300.3370,1300336.9594
1,1902.3337,1300.3407,1300340.6594
1,1902.4014,1300.4084,1300408.3594
1,1902.9426,1300.9496,1300949.5594
1,1902.9832,1300.9902,1300990.1594
1,1903.0927,1301.0997,1301099.6594
1,1903.0953,1301.1023,1301102.2594
1,1903.1844,1301.1914,1301191.3594
1,1903.1889,1301.1959,1301195.8594
1,1903.1968,1301.2038,1301203.7594
1,1903.2355,1301.2425,1301242.4594
1,1903.2491,1301.2561,1301256.0594
1,1903.2514,1301.2584,1301258.3594
1,1903.3005,1301.3075,1301307.4594
1,1903.5159,1301.5229,1301522.8594
1,1903.5202,1301.5272,1301527.1594
1,1903.5945,1301.6015,1301601.4594
1,1903.6323,1301.6393,1301639.2594
1,1903.6347,1301.6417,1301641.6594
1,1903.8601,1301.8671,1301867.0594
1,1903.9455,1301.9525,1301952.4594
1,1904.0286,1302.0356,1302035.5594
1,1904.0328,1302.0398,1302039.7594
1,1904.1947,1302.2017,1302201.6594
1,1904.1996,1302.2066,1302206.5594
1,1904.2019,1302.2089,1302208.8594
1,1904.3073,1302.3143,1302314.2594
1,1904.4064,1302.4134,1302413.3594
1,1904.4703,1302.4773,1302477.2594
1,1904.5239,1302.5309,1302530.8594
1,1904.5416,1302.5486,1302548.5594
1,1904.6998,1302.7068,1302706.7594
1,1904.7046,1302.7116,1302711.5594
1,1904.7162,1302.7232,1302723.1594
1,1904.7633,1302.7703,1302770.2594
1,1904.7739,1302.7809,1302780.8594
1,1904.7844,1302.7914,1302791.3594
1,1904.8258,1302.8328,1302832.7594
1,1904.8415,1302.8485,1302848.4594
1,1904.8881,1302.8951,1302895.0594
1,1904.8925,1302.8995,1302899.4594
1,1904.9909,1302.9979,1302997.8594
1,1905.0326,1303.0396,1303039.5594
1,1905.0385,1303.0455,1303045.4594
1,1905.0408,1303.0478,1303047.7594
1,1905.0435,1303.0505,1303050.4594
1,1905.1365,1303.1435,1303143.4594
1,1905.2085,1303.2155,1303215.4594
1,1905.2110,1303.2180,1303217.9594
1,1905.2449,1303.2519,1303251.8594
1,1905.3046,1303.3116,1303311.5594
1,1905.3068,1303.3138,1303313.7594
1,1905.4065,1303.4135,1303413.4594
1,1905.4535,1303.4605,1303460.4594
1,1905.4802,1303.4872,1303487.1594
1,1905.5467,1303.5537,1303553.6594
1,1905.5488,1303.5558,1303555.7594
1,1905.5765,1303.5835,1303583.4594
1,1905.5981,1303.6051,1303605.0594
1,1905.6007,1303.6077,1303607.6594
1,1905.6510,1303.6580,1303657.9594
1,1905.6677,1303.6747,1303674.6594
1,1905.6708,1303.6778,1303677.7594
1,1905.7590,1303.7660,1303765.9594
1,1905.8400,1303.8470,1303846.9594
1,1905.8484,1303.8554,1303855.3594
1,1905.8678,1303.8748,1303874.7594
1,1905.9168,1303.9238,1303923.7594
1,1906.5085,1304.5155,1304515.4594
1,1906.6553,1304.6623,1304662.2594
1,1908.8928,1306.8998,1306899.7594
1,1909.6791,1307.6861,1307686.0594
1,1909.7561,1307.7631,1307763.0594
1,1909.7962,1307.8032,1307803.1594
1,1909.8369,1307.8439,1307843.8594
1,1910.0467,1308.0537,1308053.6594
1,1910.1135,1308.1205,1308120.4594
1,1910.1692,1308.1762,1308176.1594
1,1910.3540,1308.3610,1308360.9594
1,1910.3564,1308.3634,1308363.3594
1,1910.4713,1308.4783,1308478.2594
1,1910.5646,1308.5716,1308571.5594
1,1910.6307,1308.6377,1308637.6594
1,1910.6493,1308.6563,1308656.2594
1,1910.6690,1308.6760,1308675.9594
1,1910.6977,1308.7047,1308704.6594
1,1910.7164,1308.7234,1308723.3594
1,1910.7476,1308.7546,1308754.5594
1,1910.7863,1308.7933,1308793.2594
1,1910.8400,1308.8470,1308846.9594
1,1910.8499,1308.8569,1308856.8594
1,1910.8681,1308.8751,1308875.0594
1,1910.8713,1308.8783,1308878.2594
1,1910.8738,1308.8808,1308880.7594
1,1910.8912,1308.8982,1308898.1594
1,1910.9000,1308.9070,1308906.9594
1,1911.0695,1309.0765,1309076.4594
1,1911.0721,1309.0791,1309079.0594
1,1911.2566,1309.2636,1309263.5594
1,1911.2590,1309.2660,1309265.9594
1,1911.2918,1309.2988,1309298.7594
1,1911.3382,1309.3452,1309345.1594
1,1911.3798,1309.3868,1309386.7594
1,1911.4143,1309.4213,1309421.2594
1,1911.4734,1309.4804,1309480.3594
1,1911.5489,1309.5559,1309555.8594
1,1911.6308,1309.6378,1309637.7594
1,1911.6333,1309.6403,1309640.2594
1,1911.6683,1309.6753,1309675.2594
1,1911.6705,1309.6775,1309677.4594
1,1911.6795,1309.6865,1309686.4594
1,1911.6832,1309.6902,1309690.1594
1,1911.7093,1309.7163,1309716.2594
1,1911.7116,1309.7186,1309718.5594
1,1911.7368,1309.7438,1309743.7594
1,1911.7584,1309.7654,1309765.3594
1,1911.7649,1309.7719,1309771.8594
1,1911.8137,1309.8207,1309820.6594
1,1911.9620,1309.9690,1309968.9594
1,1912.2141,1310.2211,1310221.0594
1,1913.2817,1311.2887,1311288.6594
1,1913.4668,1311.4738,1311473.7594
1,1913.4734,1311.4804,1311480.3594
1,1913.5257,1311.5327,1311532.6594
1,1913.5598,1311.5668,1311566.7594
1,1913.5830,1311.5900,1311589.9594
1,1913.5857,1311.5927,1311592.6594
1,1913.6672,1311.6742,1311674.1594
1,1913.7224,1311.7294,1311729.3594
1,1913.7265,1311.7335,1311733.4594
1,1915.7408,1313.7478,1313747.7594
1,1915.7941,1313.8011,1313801.0594
1,1915.7964,1313.8034,1313803.3594
1,1915.9463,1313.9533,1313953.2594
1,1915.9742,1313.9812,1313981.1594
1,1916.0709,1314.0779,1314077.8594
1,1916.1917,1314.1987,1314198.6594
1,1916.2646,1314.2716,1314271.5594
1,1916.3747,1314.3817,1314381.6594
1,1916.3903,1314.3973,1314397.2594
1,1916.5004,1314.5074,1314507.3594
1,1916.6256,1314.6326,1314632.5594
1,1916.7006,1314.7076,1314707.5594
1,1916.7447,1314.7517,1314751.6594
1,1916.7973,1314.8043,1314804.2594
1,1916.8318,1314.8388,1314838.7594
1,1916.8871,1314.8941,1314894.0594
1,1916.9463,1314.9533,1314953.2594
1,1916.9485,1314.9555,1314955.4594
1,1917.0199,1315.0269,1315026.8594
1,1917.0890,1315.0960,1315095.9594
1,1917.1594,1315.1664,1315166.3594
1,1917.2070,1315.2140,1315213.9594
1,1917.2823,1315.2893,1315289.2594
1,1917.3029,1315.3099,1315309.8594
1,1917.3541,1315.3611,1315361.0594
1,1917.3582,1315.3652,1315365.1594
1,1917.3600,1315.3670,1315366.9594
1,1917.5328,1315.5398,1315539.7594
1,1917.6199,1315.6269,1315626.8594
1,1917.6798,1315.6868,1315686.7594
1,1917.6901,1315.6971,1315697.0594
1,1917.7732,1315.7802,1315780.1594
1,1917.8283,1315.8353,1315835.2594
1,1917.8391,1315.8461,1315846.0594
1,1917.8913,1315.8983,1315898.2594
1,1917.9248,1315.9318,1315931.7594
1,1917.9588,1315.9658,1315965.7594
1,1918.0004,1316.0074,1316007.3594
1,1918.0092,1316.0162,1316016.1594
1,1918.0444,1316.0514,1316051.3594
1,1918.0679,1316.0749,1316074.8594
1,1918.1209,1316.1279,1316127.8594
1,1918.1699,1316.1769,1316176.8594
1,1918.1783,1316.1853,1316185.2594
1,1918.2006,1316.2076,1316207.5594
1,1918.2058,1316.2128,1316212.7594
1,1918.2092,1316.2162,1316216.1594
1,1918.2645,1316.2715,1316271.4594
1,1918.3179,1316.3249,1316324.8594
1,1918.3212,1316.3282,1316328.1594
1,1918.3247,1316.3317,1316331.6594
1,1918.3858,1316.3928,1316392.7594
1,1918.4210,1316.4280,1316427.9594
1,1918.4244,1316.4314,1316431.3594
1,1918.4348,1316.4418,1316441.7594
1,1918.4834,1316.4904,1316490.3594
1,1918.4910,1316.4980,1316497.9594
1,1918.5187,1316.5257,1316525.6594
1,1918.5259,1316.5329,1316532.8594
1,1918.5853,1316.5923,1316592.2594
1,1918.5884,1316.5954,1316595.3594
1,1918.6009,1316.6079,1316607.8594
1,1918.6234,1316.6304,1316630.3594
1,1918.6454,1316.6524,1316652.3594
1,1918.6631,1316.6701,1316670.0594
1,1918.6671,1316.6741,1316674.0594
1,1918.6700,1316.6770,1316676.9594
1,1918.6872,1316.6942,1316694.1594
1,1918.7027,1316.7097,1316709.6594
1,1918.7399,1316.7469,1316746.8594
1,1918.7612,1316.7682,1316768.1594
1,1918.7917,1316.7987,1316798.6594
1,1918.7970,1316.8040,1316803.9594
1,1918.8234,1316.8304,1316830.3594
1,1918.8452,1316.8522,1316852.1594
1,1918.8516,1316.8586,1316858.5594
1,1918.8566,1316.8636,1316863.5594
1,1918.8604,1316.8674,1316867.3594
1,1918.8986,1316.9056,1316905.5594
1,1918.9217,1316.9287,1316928.6594
1,1918.9249,1316.9319,1316931.8594
1,1918.9383,1316.9453,1316945.2594
1,1918.9471,1316.9541,1316954.0594
1,1918.9904,1316.9974,1316997.3594
1,1919.0539,1317.0609,1317060.8594
1,1919.0643,1317.0713,1317071.2594
1,1919.1727,1317.1797,1317179.6594
1,1919.3990,1317.4060,1317405.9594
1,1919.6669,1317.6739,1317673.8594
1,1919.6799,1317.6869,1317686.8594
1,1919.7458,1317.7528,1317752.7594
1,1920.0439,1318.0509,1318050.8594
1,1920.0599,1318.0669,1318066.8594
1,1920.0782,1318.0852,1318085.1594
1,1920.7108,1318.7178,1318717.7594
1,1920.7852,1318.7922,1318792.1594
1,1920.9703,1318.9773,1318977.2594
1,1921.4974,1319.5044,1319504.3594
1,1922.0537,1320.0607,1320060.6594
1,1922.2535,1320.2605,1320260.4594
1,1922.3206,1320.3276,1320327.5594
1,1922.3247,1320.3317,1320331.6594
1,1922.3580,1320.3650,1320364.9594
1,1922.4077,1320.4147,1320414.6594
1,1922.4491,1320.4561,1320456.0594
1,1922.4670,1320.4740,1320473.9594
1,1922.4914,1320.4984,1320498.3594
1,1922.5159,1320.5229,1320522.8594
1,1923.0445,1321.0515,1321051.4594
1,1923.8691,1321.8761,1321876.0594
1,1924.0114,1322.0184,1322018.3594
1,1924.3476,1322.3546,1322354.5594
1,1924.3494,1322.3564,1322356.3594
1,1924.5030,1322.5100,1322509.9594
1,1924.5547,1322.5617,1322561.6594
1,1925.1612,1323.1682,1323168.1594
1,1925.6493,1323.6563,1323656.2594
1,1925.7757,1323.7827,1323782.6594
1,1926.8035,1324.8105,1324810.4594
1,1926.9146,1324.9216,1324921.5594
1,1927.1119,1325.1189,1325118.8594
1,1927.4428,1325.4498,1325449.7594
1,1927.8858,1325.8928,1325892.7594
1,1927.8907,1325.8977,1325897.6594
1,1928.0045,1326.0115,1326011.4594
1,1928.1684,1326.1754,1326175.3594
1,1928.1705,1326.1775,1326177.4594
1,1928.2108,1326.2178,1326217.7594
1,1928.2271,1326.2341,1326234.0594
1,1929.8448,1327.8518,1327851.7594
1,1930.3125,1328.3195,1328319.4594
1,1930.3149,1328.3219,1328321.8594
1,1931.6409,1329.6479,1329647.8594
1,1931.6980,1329.7050,1329704.9594
1,1931.7790,1329.7860,1329785.9594
1,1931.8244,1329.8314,1329831.3594
1,1931.8459,1329.8529,1329852.8594
1,1931.9065,1329.9135,1329913.4594
1,1931.9658,1329.9728,1329972.7594
1,1932.0259,1330.0329,1330032.8594
1,1932.1871,1330.1941,1330194.0594
1,1932.1893,1330.1963,1330196.2594
1,1932.2638,1330.2708,1330270.7594
1,1932.3410,1330.3480,1330347.9594
1,1932.3431,1330.3501,1330350.0594
1,1932.3464,1330.3534,1330353.3594
1,1932.4248,1330.4318,1330431.7594
1,1932.4936,1330.5006,1330500.5594
1,1932.6980,1330.7050,1330704.9594
1,1932.8193,1330.8263,1330826.2594
1,1933.5290,1331.5360,1331535.9594
1,1933.9960,1332.0030,1332002.9594
1,1934.0812,1332.0882,1332088.1594
1,1934.2367,1332.2437,1332243.6594
1,1934.2793,1332.2863,1332286.2594
1,1934.4133,1332.4203,1332420.2594
1,1934.4505,1332.4575,1332457.4594
1,1934.4757,1332.4827,1332482.6594
1,1934.4881,1332.4951,1332495.0594
1,1934.5193,1332.5263,1332526.2594
1,1934.5506,1332.5576,1332557.5594
1,1934.5698,1332.5768,1332576.7594
1,1934.6148,1332.6218,1332621.7594
1,1934.6237,1332.6307,1332630.6594
1,1934.6285,1332.6355,1332635.4594
1,1934.6933,1332.7003,1332700.2594
1,1934.7284,1332.7354,1332735.3594
1,1934.7349,1332.7419,1332741.8594
1,1934.7564,1332.7634,1332763.3594
1,1934.7680,1332.7750,1332774.9594
1,1934.8052,1332.8122,1332812.1594
1,1934.8821,1332.8891,1332889.0594
1,1935.1559,1333.1629,1333162.8594
1,1935.8885,1333.8955,1333895.4594
1,1936.0534,1334.0604,1334060.3594
1,1936.2040,1334.2110,1334210.9594
1,1936.2543,1334.2613,1334261.2594
1,1936.2589,1334.2659,1334265.8594
1,1936.4094,1334.4164,1334416.3594
1,1936.8526,1334.8596,1334859.5594
1,1937.2411,1335.2481,1335248.0594
1,1937.2543,1335.2613,1335261.2594
1,1937.2580,1335.2650,1335264.9594
1,1937.4914,1335.4984,1335498.3594
1,1937.5925,1335.5995,1335599.4594
1,1937.9552,1335.9622,1335962.1594
1,1938.2554,1336.2624,1336262.3594
1,1939.0030,1337.0100,1337009.9594
1,1939.4298,1337.4368,1337436.7594
1,1939.4692,1337.4762,1337476.1594
1,1939.7732,1337.7802,1337780.1594
1,1939.8462,1337.8532,1337853.1594
1,1940.3648,1338.3718,1338371.7594
1,1940.6089,1338.6159,1338615.8594
1,1940.6505,1338.6575,1338657.4594
1,1940.7129,1338.7199,1338719.8594
1,1940.7196,1338.7266,1338726.5594
1,1940.7518,1338.7588,1338758.7594
1,1941.4867,1339.4937,1339493.6594
1,1941.8925,1339.8995,1339899.4594
1,1941.8945,1339.9015,1339901.4594
1,1941.9802,1339.9872,1339987.1594
1,1941.9867,1339.9937,1339993.6594
1,1941.9953,1340.0023,1340002.2594
1,1942.0277,1340.0347,1340034.6594
1,1942.0627,1340.0697,1340069.6594
1,1942.0756,1340.0826,1340082.5594
1,1942.0867,1340.0937,1340093.6594
1,1942.1056,1340.1126,1340112.5594
1,1942.1845,1340.1915,1340191.4594
1,1942.2248,1340.2318,1340231.7594
1,1942.3108,1340.3178,1340317.7594
1,1942.3134,1340.3204,1340320.3594
1,1942.3524,1340.3594,1340359.3594
1,1942.3554,1340.3624,1340362.3594
1,1942.3588,1340.3658,1340365.7594
1,1942.3613,1340.3683,1340368.2594
1,1942.4257,1340.4327,1340432.6594
1,1942.4281,1340.4351,1340435.0594
1,1942.4348,1340.4418,1340441.7594
1,1942.4541,1340.4611,1340461.0594
1,1942.4646,1340.4716,1340471.5594
1,1942.5049,1340.5119,1340511.8594
1,1942.5077,1340.5147,1340514.6594
1,1942.5783,1340.5853,1340585.2594
1,1942.5937,1340.6007,1340600.6594
1,1942.6103,1340.6173,1340617.2594
1,1942.6199,1340.6269,1340626.8594
1,1942.7180,1340.7250,1340724.9594
1,1942.7718,1340.7788,1340778.7594
1,1942.7894,1340.7964,1340796.3594
1,1942.7922,1340.7992,1340799.1594
1,1942.8975,1340.9045,1340904.4594
1,1943.0043,1341.0113,1341011.2594
1,1943.0398,1341.0468,1341046.7594
1,1943.0633,1341.0703,1341070.2594
1,1943.0689,1341.0759,1341075.8594
1,1943.0757,1341.0827,1341082.6594
1,1943.0821,1341.0891,1341089.0594
1,1943.1144,1341.1214,1341121.3594
1,1943.1330,1341.1400,1341139.9594
1,1943.1962,1341.2032,1341203.1594
1,1943.2002,1341.2072,1341207.1594
1,1943.2246,1341.2316,1341231.5594
1,1943.2273,1341.2343,1341234.2594
1,1943.2499,1341.2569,1341256.8594
1,1943.2531,1341.2601,1341260.0594
1,1943.3047,1341.3117,1341311.6594
1,1943.3254,1341.3324,1341332.3594
1,1943.3378,1341.3448,1341344.7594
1,1943.3434,1341.3504,1341350.3594
1,1943.3851,1341.3921,1341392.0594
1,1943.3878,1341.3948,1341394.7594
1,1943.4001,1341.4071,1341407.0594
1,1943.4043,1341.4113,1341411.2594
1,1943.4755,1341.4825,1341482.4594
1,1943.5696,1341.5766,1341576.5594
1,1943.5745,1341.5815,1341581.4594
1,1943.6211,1341.6281,1341628.0594
1,1943.6255,1341.6325,1341632.4594
1,1943.7286,1341.7356,1341735.5594
1,1944.0241,1342.0311,1342031.0594
1,1944.1169,1342.1239,1342123.8594
1,1944.1236,1342.1306,1342130.5594
1,1944.1706,1342.1776,1342177.5594
1,1944.1979,1342.2049,1342204.8594
1,1944.1997,1342.2067,1342206.6594
1,1944.2183,1342.2253,1342225.2594
1,1944.2454,1342.2524,1342252.3594
1,1944.5182,1342.5252,1342525.1594
1,1944.5276,1342.5346,1342534.5594
1,1944.5311,1342.5381,1342538.0594
1,1944.5718,1342.5788,1342578.7594
1,1944.5959,1342.6029,1342602.8594
1,1944.6103,1342.6173,1342617.2594
1,1944.6288,1342.6358,1342635.7594
1,1944.6966,1342.7036,1342703.5594
1,1944.7253,1342.7323,1342732.2594
1,1944.7372,1342.7442,1342744.1594
1,1945.3919,1343.3989,1343398.8594
1,1945.5998,1343.6068,1343606.7594
1,1945.6049,1343.6119,1343611.8594
1,1945.6359,1343.6429,1343642.8594
1,1945.6854,1343.6924,1343692.3594
1,1945.7207,1343.7277,1343727.6594
1,1945.7590,1343.7660,1343765.9594
1,1945.7608,1343.7678,1343767.7594
1,1945.7866,1343.7936,1343793.5594
1,1945.8544,1343.8614,1343861.3594
1,1945.9430,1343.9500,1343949.9594
1,1946.0389,1344.0459,1344045.8594
1,1946.1751,1344.1821,1344182.0594
1,1946.2539,1344.2609,1344260.8594
1,1946.4681,1344.4751,1344475.0594
1,1946.7022,1344.7092,1344709.1594
1,1947.1715,1345.1785,1345178.4594
1,1947.3932,1345.4002,1345400.1594
1,1947.4288,1345.4358,1345435.7594
1,1947.5514,1345.5584,1345558.3594
1,1948.0565,1346.0635,1346063.4594
1,1948.1306,1346.1376,1346137.5594
1,1948.1442,1346.1512,1346151.1594
1,1948.2050,1346.2120,1346211.9594
1,1948.4545,1346.4615,1346461.4594
1,1948.5754,1346.5824,1346582.3594
1,1949.3452,1347.3522,1347352.1594
1,1949.3479,1347.3549,1347354.8594
1,1949.5215,1347.5285,1347528.4594
1,1949.5237,1347.5307,1347530.6594
1,1949.6057,1347.6127,1347612.6594
1,1949.6324,1347.6394,1347639.3594
1,1949.7014,1347.7084,1347708.3594
1,1949.7075,1347.7145,1347714.4594
1,1949.7927,1347.7997,1347799.6594
1,1949.8392,1347.8462,1347846.1594
1,1949.8418,1347.8488,1347848.7594
1,1950.0199,1348.0269,1348026.8594
1,1951.0672,1349.0742,1349074.1594
1,1951.1464,1349.1534,1349153.3594
1,1951.2996,1349.3066,1349306.5594
1,1951.3270,1349.3340,1349333.9594
1,1951.3402,1349.3472,1349347.1594
1,1951.5135,1349.5205,1349520.4594
1,1951.5273,1349.5343,1349534.2594
1,1951.5389,1349.5459,1349545.8594
1,1951.6087,1349.6157,1349615.6594
1,1951.6190,1349.6260,1349625.9594
1,1951.6871,1349.6941,1349694.0594
1,1951.6983,1349.7053,1349705.2594
1,1951.7860,1349.7930,1349792.9594
1,1951.8076,1349.8146,1349814.5594
1,1951.8933,1349.9003,1349900.2594
1,1952.2703,1350.2773,1350277.2594
1,1952.2771,1350.2841,1350284.0594
1,1952.2984,1350.3054,1350305.3594
1,1952.3627,1350.3697,1350369.6594
1,1952.4049,1350.4119,1350411.8594
1,1952.5352,1350.5422,1350542.1594
1,1952.5607,1350.5677,1350567.6594
1,1952.5762,1350.5832,1350583.1594
1,1952.6002,1350.6072,1350607.1594
1,1952.6638,1350.6708,1350670.7594
1,1952.6914,1350.6984,1350698.3594
1,1952.7105,1350.7175,1350717.4594
1,1952.7675,1350.7745,1350774.4594
1,1952.7739,1350.7809,1350780.8594
1,1952.8621,1350.8691,1350869.0594
1,1952.8673,1350.8743,1350874.2594
1,1952.8822,1350.8892,1350889.1594
1,1952.9053,1350.9123,1350912.2594
1,1952.9466,1350.9536,1350953.5594
1,1953.0361,1351.0431,1351043.0594
1,1953.0607,1351.0677,1351067.6594
1,1953.1696,1351.1766,1351176.5594
1,1953.2180,1351.2250,1351224.9594
1,1953.2279,1351.2349,1351234.8594
1,1953.2627,1351.2697,1351269.6594
1,1953.2685,1351.2755,1351275.4594
1,1953.3443,1351.3513,1351351.2594
1,1953.3967,1351.4037,1351403.6594
1,1953.4030,1351.4100,1351409.9594
1,1953.4361,1351.4431,1351443.0594
1,1954.4427,1352.4497,1352449.6594
1,1954.5012,1352.5082,1352508.1594
1,1954.6019,1352.6089,1352608.8594
1,1954.6273,1352.6343,1352634.2594
1,1954.7681,1352.7751,1352775.0594
1,1954.7796,1352.7866,1352786.5594
1,1954.7822,1352.7892,1352789.1594
1,1954.8224,1352.8294,1352829.3594
1,1954.9176,1352.9246,1352924.5594
1,1954.9351,1352.9421,1352942.0594
1,1954.9403,1352.9473,1352947.2594
1,1954.9427,1352.9497,1352949.6594
1,1955.0949,1353.1019,1353101.8594
1,1955.4950,1353.5020,1353501.9594
1,1955.5127,1353.5197,1353519.6594
1,1955.6286,1353.6356,1353635.5594
1,1955.7425,1353.7495,1353749.4594
1,1955.7751,1353.7821,1353782.0594
1,1955.8130,1353.8200,1353819.9594
1,1955.8475,1353.8545,1353854.4594
1,1956.1322,1354.1392,1354139.1594
1,1956.4316,1354.4386,1354438.5594
1,1956.4862,1354.4932,1354493.1594
1,1956.4888,1354.4958,1354495.7594
1,1956.5073,1354.5143,1354514.2594
1,1956.6044,1354.6114,1354611.3594
1,1956.6524,1354.6594,1354659.3594
1,1956.7280,1354.7350,1354734.9594
1,1956.8258,1354.8328,1354832.7594
1,1957.4211,1355.4281,1355428.0594
1,1957.5504,1355.5574,1355557.3594
1,1957.5737,1355.5807,1355580.6594
1,1957.5843,1355.5913,1355591.2594
1,1957.6760,1355.6830,1355682.9594
1,1957.6797,1355.6867,1355686.6594
1,1957.7708,1355.7778,1355777.7594
1,1957.7929,1355.7999,1355799.8594
1,1957.8420,1355.8490,1355848.9594
1,1957.8549,1355.8619,1355861.8594
1,1957.8620,1355.8690,1355868.9594
1,1957.8689,1355.8759,1355875.8594
1,1957.9286,1355.9356,1355935.5594
1,1957.9956,1356.0026,1356002.5594
1,1957.9980,1356.0050,1356004.9594
1,1958.0975,1356.1045,1356104.4594
1,1958.1010,1356.1080,1356107.9594
1,1958.1415,1356.1485,1356148.4594
1,1958.1961,1356.2031,1356203.0594
1,1958.2426,1356.2496,1356249.5594
1,1958.2450,1356.2520,1356251.9594
1,1958.3157,1356.3227,1356322.6594
1,1958.3288,1356.3358,1356335.7594
1,1958.3922,1356.3992,1356399.1594
1,1958.3944,1356.4014,1356401.3594
1,1958.4319,1356.4389,1356438.8594
1,1958.5150,1356.5220,1356521.9594
1,1958.5627,1356.5697,1356569.6594
1,1958.6326,1356.6396,1356639.5594
1,1958.8543,1356.8613,1356861.2594
1,1958.8843,1356.8913,1356891.2594
1,1958.9002,1356.9072,1356907.1594
1,1958.9416,1356.9486,1356948.5594
1,1958.9457,1356.9527,1356952.6594
1,1959.1048,1357.1118,1357111.7594
1,1959.1477,1357.1547,1357154.6594
1,1959.1579,1357.1649,1357164.8594
1,1959.2257,1357.2327,1357232.6594
1,1960.3943,1358.4013,1358401.2594
1,1960.4300,1358.4370,1358436.9594
1,1960.4353,1358.4423,1358442.2594
1,1960.4426,1358.4496,1358449.5594
1,1960.4529,1358.4599,1358459.8594
1,1960.5150,1358.5220,1358521.9594
1,1960.5403,1358.5473,1358547.2594
1,1960.5535,1358.5605,1358560.4594
1,1960.5812,1358.5882,1358588.1594
1,1960.5882,1358.5952,1358595.1594
1,1960.6319,1358.6389,1358638.8594
1,1960.6476,1358.6546,1358654.5594
1,1960.6884,1358.6954,1358695.3594
1,1960.7092,1358.7162,1358716.1594
1,1960.7211,1358.7281,1358728.0594
1,1960.7253,1358.7323,1358732.2594
1,1960.7897,1358.7967,1358796.6594
1,1960.8043,1358.8113,1358811.2594
1,1960.8533,1358.8603,1358860.2594
1,1960.8743,1358.8813,1358881.2594
1,1960.8788,1358.8858,1358885.7594
1,1960.9487,1358.9557,1358955.6594
1,1960.9587,1358.9657,1358965.6594
1,1961.0007,1359.0077,1359007.6594
1,1961.1748,1359.1818,1359181.7594
1,1962.0926,1360.0996,1360099.5594
1,1962.1011,1360.1081,1360108.0594
1,1962.1121,1360.1191,1360119.0594
1,1962.2020,1360.2090,1360208.9594
1,1962.2377,1360.2447,1360244.6594
1,1962.2627,1360.2697,1360269.6594
1,1962.3810,1360.3880,1360387.9594
1,1962.5814,1360.5884,1360588.3594
1,1962.6675,1360.6745,1360674.4594
1,1962.7426,1360.7496,1360749.5594
1,1962.7539,1360.7609,1360760.8594
1,1962.7685,1360.7755,1360775.4594
1,1962.8173,1360.8243,1360824.2594
1,1962.8519,1360.8589,1360858.8594
1,1962.8536,1360.8606,1360860.5594
1,1962.8608,1360.8678,1360867.7594
1,1962.8735,1360.8805,1360880.4594
1,1962.8795,1360.8865,1360886.4594
1,1962.8895,1360.8965,1360896.4594
1,1962.9073,1360.9143,1360914.2594
1,1962.9293,1360.9363,1360936.2594
1,1962.9362,1360.9432,1360943.1594
1,1962.9782,1360.9852,1360985.1594
1,1962.9879,1360.9949,1360994.8594
1,1963.0147,1361.0217,1361021.6594
1,1963.0168,1361.0238,1361023.7594
1,1963.0725,1361.0795,1361079.4594
1,1963.1120,1361.1190,1361118.9594
1,1963.1395,1361.1465,1361146.4594
1,1963.1851,1361.1921,1361192.0594
1,1963.2434,1361.2504,1361250.3594
1,1963.2481,1361.2551,1361255.0594
1,1963.2785,1361.2855,1361285.4594
1,1963.3332,1361.3402,1361340.1594
1,1963.3446,1361.3516,1361351.5594
1,1963.3477,1361.3547,1361354.6594
1,1963.3936,1361.4006,1361400.5594
1,1963.3999,1361.4069,1361406.8594
1,1963.4111,1361.4181,1361418.0594
1,1963.4259,1361.4329,1361432.8594
1,1963.4332,1361.4402,1361440.1594
1,1963.4587,1361.4657,1361465.6594
1,1963.4807,1361.4877,1361487.6594
1,1963.4959,1361.5029,1361502.8594
1,1963.4999,1361.5069,1361506.8594
1,1963.5172,1361.5242,1361524.1594
1,1963.5651,1361.5721,1361572.0594
1,1963.5791,1361.5861,1361586.0594
1,1963.5836,1361.5906,1361590.5594
1,1963.5961,1361.6031,1361603.0594
1,1963.6020,1361.6090,1361608.9594
1,1963.6391,1361.6461,1361646.0594
1,1963.6451,1361.6521,1361652.0594
1,1963.6654,1361.6724,1361672.3594
1,1963.6778,1361.6848,1361684.7594
1,1963.6931,1361.7001,1361700.0594
1,1963.6971,1361.7041,1361704.0594
1,1963.7330,1361.7400,1361739.9594
1,1963.7539,1361.7609,1361760.8594
1,1963.7882,1361.7952,1361795.1594
1,1963.8026,1361.8096,1361809.5594
1,1963.8448,1361.8518,1361851.7594
1,1963.8484,1361.8554,1361855.3594
1,1963.8537,1361.8607,1361860.6594
1,1963.8718,1361.8788,1361878.7594
1,1963.8827,1361.8897,1361889.6594
1,1963.9111,1361.9181,1361918.0594
1,1963.9318,1361.9388,1361938.7594
1,1963.9501,1361.9571,1361957.0594
1,1963.9717,1361.9787,1361978.6594
1,1963.9804,1361.9874,1361987.3594
1,1963.9995,1362.0065,1362006.4594
1,1964.0037,1362.0107,1362010.6594
1,1964.0094,1362.0164,1362016.3594
1,1964.0371,1362.0441,1362044.0594
1,1964.0406,1362.0476,1362047.5594
1,1964.0658,1362.0728,1362072.7594
1,1964.0737,1362.0807,1362080.6594
1,1964.0962,1362.1032,1362103.1594
1,1964.1248,1362.1318,1362131.7594
1,1964.1480,1362.1550,1362154.9594
1,1964.1853,1362.1923,1362192.2594
1,1964.2027,1362.2097,1362209.6594
1,1964.2047,1362.2117,1362211.6594
1,1964.2141,1362.2211,1362221.0594
1,1964.2683,1362.2753,1362275.2594
1,1964.2742,1362.2812,1362281.1594
1,1964.2770,1362.2840,1362283.9594
1,1964.2930,1362.3000,1362299.9594
1,1964.3028,1362.3098,1362309.7594
1,1964.3096,1362.3166,1362316.5594
1,1964.3254,1362.3324,1362332.3594
1,1964.3667,1362.3737,1362373.6594
1,1964.4368,1362.4438,1362443.7594
1,1964.4819,1362.4889,1362488.8594
1,1964.4855,1362.4925,1362492.4594
1,1964.5420,1362.5490,1362548.9594
1,1964.5685,1362.5755,1362575.4594
1,1964.5718,1362.5788,1362578.7594
1,1964.5781,1362.5851,1362585.0594
1,1964.5839,1362.5909,1362590.8594
1,1964.6534,1362.6604,1362660.3594
1,1964.6632,1362.6702,1362670.1594
1,1964.6796,1362.6866,1362686.5594
1,1964.6913,1362.6983,1362698.2594
1,1964.7026,1362.7096,1362709.5594
1,1964.7132,1362.7202,1362720.1594
1,1964.7156,1362.7226,1362722.5594
1,1964.7336,1362.7406,1362740.5594
1,1964.7429,1362.7499,1362749.8594
1,1964.7726,1362.7796,1362779.5594
1,1964.7753,1362.7823,1362782.2594
1,1964.8925,1362.8995,1362899.4594
1,1964.9726,1362.9796,1362979.5594
1,1965.0106,1363.0176,1363017.5594
1,1965.9884,1363.9954,1363995.3594
1,1966.5498,1364.5568,1364556.7594
1,1966.7506,1364.7576,1364757.5594
1,1966.8311,1364.8381,1364838.0594
1,1966.8836,1364.8906,1364890.5594
1,1966.9263,1364.9333,1364933.2594
1,1966.9309,1364.9379,1364937.8594
1,1967.0155,1365.0225,1365022.4594
1,1967.0189,1365.0259,1365025.8594
1,1967.4320,1365.4390,1365438.9594
1,1967.5821,1365.5891,1365589.0594
1,1967.9717,1365.9787,1365978.6594
1,1967.9747,1365.9817,1365981.6594
1,1968.1304,1366.1374,1366137.3594
1,1968.4907,1366.4977,1366497.6594
1,1968.4935,1366.5005,1366500.4594
1,1968.5709,1366.5779,1366577.8594
1,1968.6962,1366.7032,1366703.1594
1,1968.7597,1366.7667,1366766.6594
1,1968.9300,1366.9370,1366936.9594
1,1968.9929,1366.9999,1366999.8594
1,1969.0707,1367.0777,1367077.6594
1,1970.0085,1368.0155,1368015.4594
1,1970.0480,1368.0550,1368054.9594
1,1970.2910,1368.2980,1368297.9594
1,1971.0538,1369.0608,1369060.7594
1,1971.1974,1369.2044,1369204.3594
1,1971.9848,1369.9918,1369991.7594
1,1972.0210,1370.0280,1370027.9594
1,1972.5157,1370.5227,1370522.6594
1,1972.6840,1370.6910,1370690.9594
1,1973.8185,1371.8255,1371825.4594
1,1974.8511,1372.8581,1372858.0594
1,1975.3712,1373.3782,1373378.1594
1,1976.2315,1374.2385,1374238.4594
1,1976.3451,1374.3521,1374352.0594
1,1976.3917,1374.3987,1374398.6594
1,1976.4603,1374.4673,1374467.2594
1,1976.5818,1374.5888,1374588.7594
1,1976.6204,1374.6274,1374627.3594
1,1976.6275,1374.6345,1374634.4594
1,1976.6706,1374.6776,1374677.5594
1,1976.6728,1374.6798,1374679.7594
1,1976.7132,1374.7202,1374720.1594
1,1976.7486,1374.7556,1374755.5594
1,1977.0139,1375.0209,1375020.8594
1,1977.2935,1375.3005,1375300.4594
1,1977.5125,1375.5195,1375519.4594
1,1977.5441,1375.5511,1375551.0594
1,1977.5756,1375.5826,1375582.5594
1,1978.0628,1376.0698,1376069.7594
1,1978.0668,1376.0738,1376073.7594
1,1978.1027,1376.1097,1376109.6594
1,1978.1460,1376.1530,1376152.9594
1,1979.6719,1377.6789,1377678.8594
1,1980.4440,1378.4510,1378450.9594
1,1980.4859,1378.4929,1378492.8594
1,1980.5684,1378.5754,1378575.3594
1,1980.6787,1378.6857,1378685.6594
1,1981.1856,1379.1926,1379192.5594
1,1981.3038,1379.3108,1379310.7594
1,1981.5057,1379.5127,1379512.6594
1,1982.5738,1380.5808,1380580.7594
1,1984.3400,1382.3470,1382346.9594
1,1984.4293,1382.4363,1382436.2594
1,1984.5536,1382.5606,1382560.5594
1,1984.7252,1382.7322,1382732.1594
1,1984.7806,1382.7876,1382787.5594
1,1985.6440,1383.6510,1383650.9594
1,1985.9022,1383.9092,1383909.1594
1,1985.9057,1383.9127,1383912.6594
1,1986.1798,1384.1868,1384186.7594
1,1986.3691,1384.3761,1384376.0594
1,1986.3790,1384.3860,1384385.9594
1,1986.4723,1384.4793,1384479.2594
1,1986.4989,1384.5059,1384505.8594
1,1986.5938,1384.6008,1384600.7594
1,1986.8189,1384.8259,1384825.8594
1,1987.1340,1385.1410,1385140.9594
1,1987.2470,1385.2540,1385253.9594
1,1987.5517,1385.5587,1385558.6594
1,1987.7896,1385.7966,1385796.5594
1,1988.6915,1386.6985,1386698.4594
1,1988.9968,1387.0038,1387003.7594
1,1989.0188,1387.0258,1387025.7594
1,1989.1225,1387.1295,1387129.4594
1,1989.3066,1387.3136,1387313.5594
1,1989.6229,1387.6299,1387629.8594
1,1989.8727,1387.8797,1387879.6594
1,1989.9586,1387.9656,1387965.5594
1,1990.7693,1388.7763,1388776.2594
1,1991.4268,1389.4338,1389433.7594
1,1991.6591,1389.6661,1389666.0594
1,1992.2616,1390.2686,1390268.5594
1,1992.2842,1390.2912,1390291.1594
1,1992.3102,1390.3172,1390317.1594
1,1992.3738,1390.3808,1390380.7594
1,1992.3802,1390.3872,1390387.1594
1,1992.3951,1390.4021,1390402.0594
1,1992.4141,1390.4211,1390421.0594
1,1992.4276,1390.4346,1390434.5594
1,1992.4757,1390.4827,1390482.6594
1,1992.4827,1390.4897,1390489.6594
1,1992.4943,1390.5013,1390501.2594
1,1994.8253,1392.8323,1392832.2594
1,1994.8277,1392.8347,1392834.6594
1,1994.8312,1392.8382,1392838.1594
1,1995.2539,1393.2609,1393260.8594
1,1995.3380,1393.3450,1393344.9594
1,1995.4324,1393.4394,1393439.3594
1,1995.6647,1393.6717,1393671.6594
1,1996.1680,1394.1750,1394174.9594
1,1996.7980,1394.8050,1394804.9594
1,1996.8089,1394.8159,1394815.8594
1,1996.9268,1394.9338,1394933.7594
1,1997.2711,1395.2781,1395278.0594
1,1997.3749,1395.3819,1395381.8594
1,1997.5790,1395.5860,1395585.9594
1,1997.7034,1395.7104,1395710.3594
1,1997.7386,1395.7456,1395745.5594
1,1997.8154,1395.8224,1395822.3594
1,1997.8569,1395.8639,1395863.8594
1,1997.8756,1395.8826,1395882.5594
1,1997.8786,1395.8856,1395885.5594
1,1997.8820,1395.8890,1395888.9594
1,1997.9508,1395.9578,1395957.7594
1,1998.0032,1396.0102,1396010.1594
1,1998.1105,1396.1175,1396117.4594
1,1999.2497,1397.2567,1397256.6594
1,1999.2894,1397.2964,1397296.3594
1,2000.2407,1398.2477,1398247.6594
1,2000.2446,1398.2516,1398251.5594
1,2000.5425,1398.5495,1398549.4594
1,2000.5448,1398.5518,1398551.7594
1,2000.7000,1398.7070,1398706.9594
1,2001.9575,1399.9645,1399964.4594
1,2001.9604,1399.9674,1399967.3594
1,2002.6265,1400.6335,1400633.4594
1,2003.5755,1401.5825,1401582.4594
1,2003.8051,1401.8121,1401812.0594
1,2003.8099,1401.8169,1401816.8594
1,2004.1945,1402.2015,1402201.4594
1,2004.1991,1402.2061,1402206.0594
1,2004.2046,1402.2116,1402211.5594
1,2004.2077,1402.2147,1402214.6594
1,2004.3465,1402.3535,1402353.4594
1,2004.4220,1402.4290,1402428.9594
1,2004.5935,1402.6005,1402600.4594
1,2007.9351,1405.9421,1405942.0594
1,2009.9637,1407.9707,1407970.6594
1,2011.9205,1409.9275,1409927.4594
1,2011.9234,1409.9304,1409930.3594
1,2011.9758,1409.9828,1409982.7594
1,2012.0758,1410.0828,1410082.7594
1,2012.0798,1410.0868,1410086.7594
1,2012.1636,1410.1706,1410170.5594
1,2012.2040,1410.2110,1410210.9594
1,2012.3683,1410.3753,1410375.2594
1,2012.4838,1410.4908,1410490.7594
1,2012.4953,1410.5023,1410502.2594
1,2012.4976,1410.5046,1410504.5594
1,2012.5006,1410.5076,1410507.5594
1,2012.5053,1410.5123,1410512.2594
1,2012.5586,1410.5656,1410565.5594
1,2012.6581,1410.6651,1410665.0594
1,2012.6849,1410.6919,1410691.8594
1,2012.7922,1410.7992,1410799.1594
1,2012.8241,1410.8311,1410831.0594
1,2012.8289,1410.8359,1410835.8594
1,2012.8723,1410.8793,1410879.2594
1,2012.8778,1410.8848,1410884.7594
1,2012.8800,1410.8870,1410886.9594
1,2012.9112,1410.9182,1410918.1594
1,2012.9652,1410.9722,1410972.1594
1,2013.0008,1411.0078,1411007.7594
1,2013.0034,1411.0104,1411010.3594
1,2013.0336,1411.0406,1411040.5594
1,2013.0406,1411.0476,1411047.5594
1,2013.0594,1411.0664,1411066.3594
1,2013.0618,1411.0688,1411068.7594
1,2013.1703,1411.1773,1411177.2594
1,2013.2247,1411.2317,1411231.6594
1,2013.2456,1411.2526,1411252.5594
1,2013.3655,1411.3725,1411372.4594
1,2013.3764,1411.3834,1411383.3594
1,2013.4502,1411.4572,1411457.1594
1,2013.5026,1411.5096,1411509.5594
1,2013.8372,1411.8442,1411844.1594
1,2013.9177,1411.9247,1411924.6594
1,2013.9242,1411.9312,1411931.1594
1,2013.9325,1411.9395,1411939.4594
1,2014.0173,1412.0243,1412024.2594
1,2014.0489,1412.0559,1412055.8594
1,2014.0548,1412.0618,1412061.7594
1,2014.1496,1412.1566,1412156.5594
1,2014.1517,1412.1587,1412158.6594
1,2014.2282,1412.2352,1412235.1594
1,2014.2769,1412.2839,1412283.8594
1,2014.4291,1412.4361,1412436.0594
1,2014.4917,1412.4987,1412498.6594
1,2014.5233,1412.5303,1412530.2594
1,2014.5757,1412.5827,1412582.6594
1,2014.5778,1412.5848,1412584.7594
1,2014.6024,1412.6094,1412609.3594
1,2014.6080,1412.6150,1412614.9594
1,2014.6617,1412.6687,1412668.6594
1,2014.6875,1412.6945,1412694.4594
1,2014.7382,1412.7452,1412745.1594
1,2014.7568,1412.7638,1412763.7594
1,2014.7942,1412.8012,1412801.1594
1,2014.8263,1412.8333,1412833.2594
1,2014.8382,1412.8452,1412845.1594
1,2014.9215,1412.9285,1412928.4594
1,2014.9552,1412.9622,1412962.1594
1,2015.0358,1413.0428,1413042.7594
1,2015.0451,1413.0521,1413052.0594
1,2015.1308,1413.1378,1413137.7594
1,2015.1792,1413.1862,1413186.1594
1,2015.1880,1413.1950,1413194.9594
1,2015.2501,1413.2571,1413257.0594
1,2015.2967,1413.3037,1413303.6594
1,2015.4536,1413.4606,1413460.5594
1,2015.4734,1413.4804,1413480.3594
1,2015.5275,1413.5345,1413534.4594
1,2015.5566,1413.5636,1413563.5594
1,2015.6378,1413.6448,1413644.7594
1,2015.6397,1413.6467,1413646.6594
1,2015.6578,1413.6648,1413664.7594
1,2015.6780,1413.6850,1413684.9594
1,2015.7218,1413.7288,1413728.7594
1,2015.7539,1413.7609,1413760.8594
1,2015.7734,1413.7804,1413780.3594
1,2015.8441,1413.8511,1413851.0594
1,2015.8625,1413.8695,1413869.4594
1,2015.9442,1413.9512,1413951.1594
1,2015.9663,1413.9733,1413973.2594
1,2016.0006,1414.0076,1414007.5594
1,2016.1412,1414.1482,1414148.1594
1,2016.2998,1414.3068,1414306.7594
1,2016.5185,1414.5255,1414525.4594
1,2016.5209,1414.5279,1414527.8594
1,2016.8467,1414.8537,1414853.6594
1,2017.0546,1415.0616,1415061.5594
1,2017.0570,1415.0640,1415063.9594
1,2017.4336,1415.4406,1415440.5594
1,2017.5602,1415.5672,1415567.1594
1,2017.7010,1415.7080,1415707.9594
1,2018.1048,1416.1118,1416111.7594
1,2018.2005,1416.2075,1416207.4594
1,2019.0771,1417.0841,1417084.0594
1,2019.1907,1417.1977,1417197.6594
1,2019.2238,1417.2308,1417230.7594
1,2019.5743,1417.5813,1417581.2594
1,2019.6289,1417.6359,1417635.8594
1,2019.6581,1417.6651,1417665.0594
1,2019.7419,1417.7489,1417748.8594
1,2019.7447,1417.7517,1417751.6594
1,2019.7509,1417.7579,1417757.8594
1,2019.7892,1417.7962,1417796.1594
1,2019.7913,1417.7983,1417798.2594
1,2019.8188,1417.8258,1417825.7594
1,2019.8276,1417.8346,1417834.5594
1,2019.8691,1417.8761,1417876.0594
1,2019.8740,1417.8810,1417880.9594
1,2019.9023,1417.9093,1417909.2594
1,2019.9111,1417.9181,1417918.0594
1,2019.9180,1417.9250,1417924.9594
1,2019.9919,1417.9989,1417998.8594
1,2020.0432,1418.0502,1418050.1594
1,2020.4471,1418.4541,1418454.0594
1,2020.8178,1418.8248,1418824.7594
1,2020.8714,1418.8784,1418878.3594
1,2021.3801,1419.3871,1419387.0594
1,2021.4616,1419.4686,1419468.5594
1,2021.9507,1419.9577,1419957.6594
1,2021.9686,1419.9756,1419975.5594
1,2022.1487,1420.1557,1420155.6594
1,2022.3262,1420.3332,1420333.1594
1,2022.3300,1420.3370,1420336.9594
1,2022.3399,1420.3469,1420346.8594
1,2022.3653,1420.3723,1420372.2594
1,2022.4589,1420.4659,1420465.8594
1,2022.4606,1420.4676,1420467.5594
1,2022.5612,1420.5682,1420568.1594
1,2022.6160,1420.6230,1420622.9594
1,2023.7260,1421.7330,1421732.9594
1,2023.8637,1421.8707,1421870.6594
1,2024.1470,1422.1540,1422153.9594
1,2024.3432,1422.3502,1422350.1594
1,2024.5911,1422.5981,1422598.0594
1,2024.6295,1422.6365,1422636.4594
1,2024.7278,1422.7348,1422734.7594
1,2024.7484,1422.7554,1422755.3594
1,2024.7821,1422.7891,1422789.0594
1,2024.7918,1422.7988,1422798.7594
1,2024.7963,1422.8033,1422803.2594
1,2024.8878,1422.8948,1422894.7594
1,2024.9302,1422.9372,1422937.1594
1,2024.9522,1422.9592,1422959.1594
1,2024.9771,1422.9841,1422984.0594
1,2024.9931,1423.0001,1423000.0594
1,2025.1162,1423.1232,1423123.1594
1,2025.1187,1423.1257,1423125.6594
1,2025.1362,1423.1432,1423143.1594
1,2025.1455,1423.1525,1423152.4594
1,2025.1476,1423.1546,1423154.5594
1,2025.2208,1423.2278,1423227.7594
1,2025.2314,1423.2384,1423238.3594
1,2025.2547,1423.2617,1423261.6594
1,2025.3089,1423.3159,1423315.8594
1,2025.4116,1423.4186,1423418.5594
1,2025.4317,1423.4387,1423438.6594
1,2025.5022,1423.5092,1423509.1594
1,2026.0174,1424.0244,1424024.3594
1,2026.1083,1424.1153,1424115.2594
1,2026.1301,1424.1371,1424137.0594
1,2026.2164,1424.2234,1424223.3594
1,2026.2222,1424.2292,1424229.1594
1,2026.2918,1424.2988,1424298.7594
1,2026.3657,1424.3727,1424372.6594
1,2026.3678,1424.3748,1424374.7594
1,2026.3970,1424.4040,1424403.9594
1,2026.4336,1424.4406,1424440.5594
1,2026.5103,1424.5173,1424517.2594
1,2026.5697,1424.5767,1424576.6594
1,2026.5781,1424.5851,1424585.0594
1,2026.6066,1424.6136,1424613.5594
1,2026.6391,1424.6461,1424646.0594
1,2026.6787,1424.6857,1424685.6594
1,2026.7165,1424.7235,1424723.4594
1,2026.7197,1424.7267,1424726.6594
1,2026.7378,1424.7448,1424744.7594
1,2026.7490,1424.7560,1424755.9594
1,2026.7542,1424.7612,1424761.1594
1,2026.8111,1424.8181,1424818.0594
1,2026.8552,1424.8622,1424862.1594
1,2026.8580,1424.8650,1424864.9594
1,2026.8636,1424.8706,1424870.5594
1,2026.9012,1424.9082,1424908.1594
1,2026.9055,1424.9125,1424912.4594
1,2026.9600,1424.9670,1424966.9594
1,2026.9831,1424.9901,1424990.0594
1,2026.9901,1424.9971,1424997.0594
1,2027.0478,1425.0548,1425054.7594
1,2027.0558,1425.0628,1425062.7594
1,2027.1128,1425.1198,1425119.7594
1,2027.1387,1425.1457,1425145.6594
1,2027.1885,1425.1955,1425195.4594
1,2027.2526,1425.2596,1425259.5594
1,2027.2551,1425.2621,1425262.0594
1,2027.4219,1425.4289,1425428.8594
1,2028.1777,1426.1847,1426184.6594
1,2028.2781,1426.2851,1426285.0594
1,2028.3132,1426.3202,1426320.1594
1,2028.3352,1426.3422,1426342.1594
1,2028.5814,1426.5884,1426588.3594
1,2028.6386,1426.6456,1426645.5594
1,2028.6601,1426.6671,1426667.0594
1,2028.7661,1426.7731,1426773.0594
1,2028.7708,1426.7778,1426777.7594
1,2028.8402,1426.8472,1426847.1594
1,2028.8621,1426.8691,1426869.0594
1,2028.9072,1426.9142,1426914.1594
1,2028.9657,1426.9727,1426972.6594
1,2029.0005,1427.0075,1427007.4594
1,2029.0887,1427.0957,1427095.6594
1,2029.3351,1427.3421,1427342.0594
1,2029.3443,1427.3513,1427351.2594
1,2030.1946,1428.2016,1428201.5594
1,2030.2141,1428.2211,1428221.0594
1,2030.2381,1428.2451,1428245.0594
1,2030.2549,1428.2619,1428261.8594
1,2030.8025,1428.8095,1428809.4594
1,2030.8294,1428.8364,1428836.3594
1,2030.8988,1428.9058,1428905.7594
1,2031.0827,1429.0897,1429089.6594
1,2031.2937,1429.3007,1429300.6594
1,2031.6321,1429.6391,1429639.0594
1,2031.7133,1429.7203,1429720.2594
1,2031.7790,1429.7860,1429785.9594
1,2031.7892,1429.7962,1429796.1594
1,2031.9296,1429.9366,1429936.5594
1,2031.9343,1429.9413,1429941.2594
1,2031.9367,1429.9437,1429943.6594
1,2032.0225,1430.0295,1430029.4594
1,2032.8211,1430.8281,1430828.0594
1,2033.2454,1431.2524,1431252.3594
1,2033.3083,1431.3153,1431315.2594
1,2033.4075,1431.4145,1431414.4594
1,2033.4367,1431.4437,1431443.6594
1,2033.4527,1431.4597,1431459.6594
1,2033.5677,1431.5747,1431574.6594
1,2033.5769,1431.5839,1431583.8594
1,2033.6627,1431.6697,1431669.6594
1,2033.6715,1431.6785,1431678.4594
1,2033.9403,1431.9473,1431947.2594
1,2033.9800,1431.9870,1431986.9594
1,2034.0087,1432.0157,1432015.6594
1,2034.0188,1432.0258,1432025.7594
1,2034.0216,1432.0286,1432028.5594
1,2034.0271,1432.0341,1432034.0594
1,2034.0770,1432.0840,1432083.9594
1,2034.1599,1432.1669,1432166.8594
1,2034.1822,1432.1892,1432189.1594
1,2034.2216,1432.2286,1432228.5594
1,2034.3385,1432.3455,1432345.4594
1,2034.5433,1432.5503,1432550.2594
1,2034.7919,1432.7989,1432798.8594
1,2034.8581,1432.8651,1432865.0594
1,2035.4080,1433.4150,1433414.9594
1,2035.4510,1433.4580,1433457.9594
1,2035.5075,1433.5145,1433514.4594
1,2035.6542,1433.6612,1433661.1594
1,2036.0259,1434.0329,1434032.8594
1,2036.1265,1434.1335,1434133.4594
1,2036.2698,1434.2768,1434276.7594
1,2036.3110,1434.3180,1434317.9594
1,2036.7398,1434.7468,1434746.7594
1,2036.7945,1434.8015,1434801.4594
1,2037.1524,1435.1594,1435159.3594
1,2037.2199,1435.2269,1435226.8594
1,2037.3178,1435.3248,1435324.7594
1,2037.5173,1435.5243,1435524.2594
1,2038.1372,1436.1442,1436144.1594
1,2038.6411,1436.6481,1436648.0594
1,2038.7211,1436.7281,1436728.0594
1,2038.7650,1436.7720,1436771.9594
1,2038.7778,1436.7848,1436784.7594
1,2038.7854,1436.7924,1436792.3594
1,2038.8410,1436.8480,1436847.9594
1,2038.8567,1436.8637,1436863.6594
1,2038.9166,1436.9236,1436923.5594
1,2039.0597,1437.0667,1437066.6594
1,2039.0721,1437.0791,1437079.0594
1,2039.0953,1437.1023,1437102.2594
1,2039.1383,1437.1453,1437145.2594
1,2039.2736,1437.2806,1437280.5594
1,2039.3800,1437.3870,1437386.9594
1,2039.4102,1437.4172,1437417.1594
1,2039.4649,1437.4719,1437471.8594
1,2039.4698,1437.4768,1437476.7594
1,2039.4954,1437.5024,1437502.3594
1,2039.4976,1437.5046,1437504.5594
1,2039.5118,1437.5188,1437518.7594
1,2039.5464,1437.5534,1437553.3594
1,2039.5527,1437.5597,1437559.6594
1,2039.5997,1437.6067,1437606.6594
1,2039.6546,1437.6616,1437661.5594
1,2039.6902,1437.6972,1437697.1594
1,2039.6953,1437.7023,1437702.2594
1,2039.7821,1437.7891,1437789.0594
1,2039.8657,1437.8727,1437872.6594
1,2039.8819,1437.8889,1437888.8594
1,2039.8862,1437.8932,1437893.1594
1,2039.9449,1437.9519,1437951.8594
1,2039.9576,1437.9646,1437964.5594
1,2040.0545,1438.0615,1438061.4594
1,2040.0601,1438.0671,1438067.0594
1,2040.1026,1438.1096,1438109.5594
1,2040.1790,1438.1860,1438185.9594
1,2040.2915,1438.2985,1438298.4594
1,2040.4960,1438.5030,1438502.9594
1,2040.6410,1438.6480,1438647.9594
1,2040.6461,1438.6531,1438653.0594
1,2040.6956,1438.7026,1438702.5594
1,2040.7189,1438.7259,1438725.8594
1,2040.7622,1438.7692,1438769.1594
1,2040.7768,1438.7838,1438783.7594
1,2040.8602,1438.8672,1438867.1594
1,2040.8776,1438.8846,1438884.5594
1,2041.0452,1439.0522,1439052.1594
1,2041.1386,1439.1456,1439145.5594
1,2041.2114,1439.2184,1439218.3594
1,2041.2317,1439.2387,1439238.6594
1,2041.2723,1439.2793,1439279.2594
1,2041.2776,1439.2846,1439284.5594
1,2041.2806,1439.2876,1439287.5594
1,2041.2831,1439.2901,1439290.0594
1,2041.3402,1439.3472,1439347.1594
1,2041.3538,1439.3608,1439360.7594
1,2041.3591,1439.3661,1439366.0594
1,2041.4296,1439.4366,1439436.5594
1,2041.4433,1439.4503,1439450.2594
1,2041.5704,1439.5774,1439577.3594
1,2041.5811,1439.5881,1439588.0594
1,2041.5909,1439.5979,1439597.8594
1,2041.6146,1439.6216,1439621.5594
1,2041.6174,1439.6244,1439624.3594
1,2041.6522,1439.6592,1439659.1594
1,2041.6811,1439.6881,1439688.0594
1,2041.6836,1439.6906,1439690.5594
1,2041.6992,1439.7062,1439706.1594
1,2041.7632,1439.7702,1439770.1594
1,2041.7823,1439.7893,1439789.2594
1,2041.7986,1439.8056,1439805.5594
1,2041.8643,1439.8713,1439871.2594
1,2041.8715,1439.8785,1439878.4594
1,2041.9289,1439.9359,1439935.8594
1,2041.9519,1439.9589,1439958.8594
1,2041.9780,1439.9850,1439984.9594
1,2041.9808,1439.9878,1439987.7594
1,2041.9974,1440.0044,1440004.3594
1,2042.0186,1440.0256,1440025.5594
1,2042.0732,1440.0802,1440080.1594
1,2042.0908,1440.0978,1440097.7594
1,2042.1388,1440.1458,1440145.7594
1,2042.1551,1440.1621,1440162.0594
1,2042.1612,1440.1682,1440168.1594
1,2042.1673,1440.1743,1440174.2594
1,2042.1881,1440.1951,1440195.0594
1,2042.1902,1440.1972,1440197.1594
1,2042.1944,1440.2014,1440201.3594
1,2042.2072,1440.2142,1440214.1594
1,2042.2249,1440.2319,1440231.8594
1,2042.2364,1440.2434,1440243.3594
1,2042.2663,1440.2733,1440273.2594
1,2042.3101,1440.3171,1440317.0594
1,2042.3279,1440.3349,1440334.8594
1,2042.3343,1440.3413,1440341.2594
1,2042.3422,1440.3492,1440349.1594
1,2042.3730,1440.3800,1440379.9594
1,2042.3760,1440.3830,1440382.9594
1,2042.3793,1440.3863,1440386.2594
1,2042.4281,1440.4351,1440435.0594
1,2042.4308,1440.4378,1440437.7594
1,2042.4344,1440.4414,1440441.3594
1,2042.4480,1440.4550,1440454.9594
1,2042.4571,1440.4641,1440464.0594
1,2042.4849,1440.4919,1440491.8594
1,2042.4908,1440.4978,1440497.7594
1,2042.5375,1440.5445,1440544.4594
1,2042.5582,1440.5652,1440565.1594
1,2042.5605,1440.5675,1440567.4594
1,2042.5641,1440.5711,1440571.0594
1,2042.6066,1440.6136,1440613.5594
1,2042.6227,1440.6297,1440629.6594
1,2042.6317,1440.6387,1440638.6594
1,2042.6377,1440.6447,1440644.6594
1,2042.6569,1440.6639,1440663.8594
1,2042.6770,1440.6840,1440683.9594
1,2042.7123,1440.7193,1440719.2594
1,2042.7313,1440.7383,1440738.2594
1,2042.7436,1440.7506,1440750.5594
1,2042.7473,1440.7543,1440754.2594
1,2042.7502,1440.7572,1440757.1594
1,2042.7909,1440.7979,1440797.8594
1,2042.7942,1440.8012,1440801.1594
1,2042.8225,1440.8295,1440829.4594
1,2042.8341,1440.8411,1440841.0594
1,2042.8364,1440.8434,1440843.3594
1,2042.8674,1440.8744,1440874.3594
1,2042.8830,1440.8900,1440889.9594
1,2042.8862,1440.8932,1440893.1594
1,2042.8996,1440.9066,1440906.5594
1,2042.9111,1440.9181,1440918.0594
1,2042.9457,1440.9527,1440952.6594
1,2042.9481,1440.9551,1440955.0594
1,2042.9519,1440.9589,1440958.8594
1,2042.9788,1440.9858,1440985.7594
1,2043.0012,1441.0082,1441008.1594
1,2043.0137,1441.0207,1441020.6594
1,2043.0628,1441.0698,1441069.7594
1,2043.0651,1441.0721,1441072.0594
1,2043.0884,1441.0954,1441095.3594
1,2043.1029,1441.1099,1441109.8594
1,2043.1046,1441.1116,1441111.5594
1,2043.1239,1441.1309,1441130.8594
1,2043.1375,1441.1445,1441144.4594
1,2043.2000,1441.2070,1441206.9594
1,2043.2626,1441.2696,1441269.5594
1,2043.2700,1441.2770,1441276.9594
1,2043.2761,1441.2831,1441283.0594
1,2043.3230,1441.3300,1441329.9594
1,2043.3655,1441.3725,1441372.4594
1,2043.3796,1441.3866,1441386.5594
1,2043.4021,1441.4091,1441409.0594
1,2043.4150,1441.4220,1441421.9594
1,2043.4357,1441.4427,1441442.6594
1,2043.4477,1441.4547,1441454.6594
1,2043.4740,1441.4810,1441480.9594
1,2043.5222,1441.5292,1441529.1594
1,2043.5453,1441.5523,1441552.2594
1,2043.5687,1441.5757,1441575.6594
1,2043.5710,1441.5780,1441577.9594
1,2043.5998,1441.6068,1441606.7594
1,2043.6555,1441.6625,1441662.4594
1,2043.6581,1441.6651,1441665.0594
1,2043.6686,1441.6756,1441675.5594
1,2043.7437,1441.7507,1441750.6594
1,2043.7957,1441.8027,1441802.6594
1,2043.8259,1441.8329,1441832.8594
1,2043.8286,1441.8356,1441835.5594
1,2043.8627,1441.8697,1441869.6594
1,2043.8651,1441.8721,1441872.0594
1,2043.8715,1441.8785,1441878.4594
1,2043.9320,1441.9390,1441938.9594
1,2043.9960,1442.0030,1442002.9594
1,2044.0057,1442.0127,1442012.6594
1,2044.0345,1442.0415,1442041.4594
1,2044.0441,1442.0511,1442051.0594
1,2044.0861,1442.0931,1442093.0594
1,2044.0898,1442.0968,1442096.7594
1,2044.0914,1442.0984,1442098.3594
1,2044.0941,1442.1011,1442101.0594
1,2044.1523,1442.1593,1442159.2594
1,2044.1547,1442.1617,1442161.6594
1,2044.2475,1442.2545,1442254.4594
1,2044.3214,1442.3284,1442328.3594
1,2044.3558,1442.3628,1442362.7594
1,2044.3597,1442.3667,1442366.6594
1,2044.4213,1442.4283,1442428.2594
1,2044.4759,1442.4829,1442482.8594
1,2044.4831,1442.4901,1442490.0594
1,2044.5349,1442.5419,1442541.8594
1,2044.6867,1442.6937,1442693.6594
1,2044.7021,1442.7091,1442709.0594
1,2044.7176,1442.7246,1442724.5594
1,2044.7700,1442.7770,1442776.9594
1,2044.8288,1442.8358,1442835.7594
1,2045.1061,1443.1131,1443113.0594
1,2046.5097,1444.5167,1444516.6594
1,2046.5691,1444.5761,1444576.0594
1,2046.5831,1444.5901,1444590.0594
1,2047.3072,1445.3142,1445314.1594
1,2049.8501,1447.8571,1447857.0594
1,2049.8521,1447.8591,1447859.0594
1,2050.7866,1448.7936,1448793.5594
1,2050.8679,1448.8749,1448874.8594
1,2050.9373,1448.9443,1448944.2594
1,2051.0955,1449.1025,1449102.4594
1,2051.1726,1449.1796,1449179.5594
1,2051.2567,1449.2637,1449263.6594
1,2051.2988,1449.3058,1449305.7594
1,2051.3540,1449.3610,1449360.9594
1,2051.4301,1449.4371,1449437.0594
1,2051.5613,1449.5683,1449568.2594
1,2051.5645,1449.5715,1449571.4594
1,2051.8983,1449.9053,1449905.2594
1,2051.9263,1449.9333,1449933.2594
1,2051.9281,1449.9351,1449935.0594
1,2052.2081,1450.2151,1450215.0594
1,2052.2741,1450.2811,1450281.0594
1,2052.3924,1450.3994,1450399.3594
1,2052.9700,1450.9770,1450976.9594
1,2053.9322,1451.9392,1451939.1594
1,2054.9607,1452.9677,1452967.6594
1,2055.0410,1453.0480,1453047.9594
1,2055.1331,1453.1401,1453140.0594
1,2055.6854,1453.6924,1453692.3594
1,2055.7870,1453.7940,1453793.9594
1,2055.8405,1453.8475,1453847.4594
1,2055.8681,1453.8751,1453875.0594
1,2056.1953,1454.2023,1454202.2594
1,2056.3260,1454.3330,1454332.9594
1,2056.3928,1454.3998,1454399.7594
1,2056.4840,1454.4910,1454490.9594
1,2056.5053,1454.5123,1454512.2594
1,2056.5782,1454.5852,1454585.1594
1,2056.5819,1454.5889,1454588.8594
1,2056.6417,1454.6487,1454648.6594
1,2056.6692,1454.6762,1454676.1594
1,2056.6969,1454.7039,1454703.8594
1,2056.7202,1454.7272,1454727.1594
1,2056.7228,1454.7298,1454729.7594
1,2056.7458,1454.7528,1454752.7594
1,2056.7838,1454.7908,1454790.7594
1,2056.8294,1454.8364,1454836.3594
1,2056.8590,1454.8660,1454865.9594
1,2056.8625,1454.8695,1454869.4594
1,2056.9330,1454.9400,1454939.9594
1,2056.9361,1454.9431,1454943.0594
1,2056.9890,1454.9960,1454995.9594
1,2056.9914,1454.9984,1454998.3594
1,2057.0391,1455.0461,1455046.0594
1,2057.0715,1455.0785,1455078.4594
1,2057.1433,1455.1503,1455150.2594
1,2057.1483,1455.1553,1455155.2594
1,2057.1504,1455.1574,1455157.3594
1,2057.2313,1455.2383,1455238.2594
1,2057.3734,1455.3804,1455380.3594
1,2057.4298,1455.4368,1455436.7594
1,2057.4425,1455.4495,1455449.4594
1,2057.4770,1455.4840,1455483.9594
1,2057.4860,1455.4930,1455492.9594
1,2057.5927,1455.5997,1455599.6594
1,2057.6209,1455.6279,1455627.8594
1,2057.7393,1455.7463,1455746.2594
1,2057.8663,1455.8733,1455873.2594
1,2057.8913,1455.8983,1455898.2594
1,2057.9410,1455.9480,1455947.9594
1,2057.9435,1455.9505,1455950.4594
1,2057.9940,1456.0010,1456000.9594
1,2057.9967,1456.0037,1456003.6594
1,2058.0369,1456.0439,1456043.8594
1,2058.1426,1456.1496,1456149.5594
1,2058.2217,1456.2287,1456228.6594
1,2058.2586,1456.2656,1456265.5594
1,2058.2693,1456.2763,1456276.2594
1,2058.2844,1456.2914,1456291.3594
1,2058.3874,1456.3944,1456394.3594
1,2058.4063,1456.4133,1456413.2594
1,2058.4614,1456.4684,1456468.3594
1,2058.4725,1456.4795,1456479.4594
1,2058.4997,1456.5067,1456506.6594
1,2058.5527,1456.5597,1456559.6594
1,2058.6400,1456.6470,1456646.9594
1,2058.6433,1456.6503,1456650.2594
1,2058.7254,1456.7324,1456732.3594
1,2058.7828,1456.7898,1456789.7594
1,2058.8572,1456.8642,1456864.1594
1,2058.9331,1456.9401,1456940.0594
1,2058.9735,1456.9805,1456980.4594
1,2058.9886,1456.9956,1456995.5594
1,2059.1206,1457.1276,1457127.5594
1,2059.4998,1457.5068,1457506.7594
1,2059.5031,1457.5101,1457510.0594
1,2059.5250,1457.5320,1457531.9594
1,2059.6106,1457.6176,1457617.5594
1,2059.6319,1457.6389,1457638.8594
1,2059.6769,1457.6839,1457683.8594
1,2059.7249,1457.7319,1457731.8594
1,2059.7373,1457.7443,1457744.2594
1,2059.7806,1457.7876,1457787.5594
1,2059.7844,1457.7914,1457791.3594
1,2059.7903,1457.7973,1457797.2594
1,2059.7969,1457.8039,1457803.8594
1,2059.8103,1457.8173,1457817.2594
1,2059.8773,1457.8843,1457884.2594
1,2059.8952,1457.9022,1457902.1594
1,2059.9291,1457.9361,1457936.0594
1,2059.9912,1457.9982,1457998.1594
1,2060.1457,1458.1527,1458152.6594
1,2060.4084,1458.4154,1458415.3594
1,2060.7886,1458.7956,1458795.5594
1,2060.8731,1458.8801,1458880.0594
1,2060.8758,1458.8828,1458882.7594
1,2061.9829,1459.9899,1459989.8594
1,2063.7510,1461.7580,1461757.9594
1,2063.7690,1461.7760,1461775.9594
1,2063.8210,1461.8280,1461827.9594
1,2063.8600,1461.8670,1461866.9594
1,2063.8922,1461.8992,1461899.1594
1,2064.0562,1462.0632,1462063.1594
1,2064.1089,1462.1159,1462115.8594
1,2064.2073,1462.2143,1462214.2594
1,2064.3057,1462.3127,1462312.6594
1,2064.4316,1462.4386,1462438.5594
1,2064.5956,1462.6026,1462602.5594
1,2064.9547,1462.9617,1462961.6594
1,2064.9728,1462.9798,1462979.7594
1,2065.7233,1463.7303,1463730.2594
1,2065.8433,1463.8503,1463850.2594
1,2066.0199,1464.0269,1464026.8594
1,2066.1242,1464.1312,1464131.1594
1,2066.7367,1464.7437,1464743.6594
1,2067.0188,1465.0258,1465025.7594
1,2067.1254,1465.1324,1465132.3594
1,2067.6229,1465.6299,1465629.8594
1,2068.1671,1466.1741,1466174.0594
1,2068.2898,1466.2968,1466296.7594
1,2068.4386,1466.4456,1466445.5594
1,2068.4648,1466.4718,1466471.7594
1,2068.4885,1466.4955,1466495.4594
1,2068.5374,1466.5444,1466544.3594
1,2068.5709,1466.5779,1466577.8594
1,2068.5810,1466.5880,1466587.9594
1,2068.5910,1466.5980,1466597.9594
1,2068.6090,1466.6160,1466615.9594
1,2068.6124,1466.6194,1466619.3594
1,2068.6336,1466.6406,1466640.5594
1,2068.6555,1466.6625,1466662.4594
1,2068.6644,1466.6714,1466671.3594
1,2068.7077,1466.7147,1466714.6594
1,2068.7130,1466.7200,1466719.9594
1,2068.7726,1466.7796,1466779.5594
1,2068.7820,1466.7890,1466788.9594
1,2068.7870,1466.7940,1466793.9594
1,2068.7911,1466.7981,1466798.0594
1,2068.8502,1466.8572,1466857.1594
1,2068.8532,1466.8602,1466860.1594
1,2068.8636,1466.8706,1466870.5594
1,2068.9288,1466.9358,1466935.7594
1,2068.9367,1466.9437,1466943.6594
1,2068.9567,1466.9637,1466963.6594
1,2068.9799,1466.9869,1466986.8594
1,2069.0386,1467.0456,1467045.5594
1,2069.0561,1467.0631,1467063.0594
1,2069.0716,1467.0786,1467078.5594
1,2069.0758,1467.0828,1467082.7594
1,2069.0840,1467.0910,1467090.9594
1,2069.0863,1467.0933,1467093.2594
1,2069.1174,1467.1244,1467124.3594
1,2069.1202,1467.1272,1467127.1594
1,2069.1275,1467.1345,1467134.4594
1,2069.1431,1467.1501,1467150.0594
1,2069.1459,1467.1529,1467152.8594
1,2069.2086,1467.2156,1467215.5594
1,2069.2127,1467.2197,1467219.6594
1,2070.1040,1468.1110,1468110.9594
1,2070.2324,1468.2394,1468239.3594
1,2070.4138,1468.4208,1468420.7594
1,2070.7785,1468.7855,1468785.4594
1,2071.2359,1469.2429,1469242.8594
1,2071.3608,1469.3678,1469367.7594
1,2071.3646,1469.3716,1469371.5594
1,2071.3832,1469.3902,1469390.1594
1,2071.4658,1469.4728,1469472.7594
1,2071.9485,1469.9555,1469955.4594
1,2072.0277,1470.0347,1470034.6594
1,2072.0350,1470.0420,1470041.9594
1,2072.1546,1470.1616,1470161.5594
1,2072.3559,1470.3629,1470362.8594
1,2072.4497,1470.4567,1470456.6594
1,2072.4966,1470.5036,1470503.5594
1,2072.5906,1470.5976,1470597.5594
1,2072.5936,1470.6006,1470600.5594
1,2072.6389,1470.6459,1470645.8594
1,2073.1371,1471.1441,1471144.0594
1,2073.2170,1471.2240,1471223.9594
1,2073.3360,1471.3430,1471342.9594
1,2073.5159,1471.5229,1471522.8594
1,2073.5301,1471.5371,1471537.0594
1,2073.5667,1471.5737,1471573.6594
1,2074.3253,1472.3323,1472332.2594
1,2074.4786,1472.4856,1472485.5594
1,2074.5960,1472.6030,1472602.9594
1,2074.6475,1472.6545,1472654.4594
1,2074.6816,1472.6886,1472688.5594
1,2074.7527,1472.7597,1472759.6594
1,2074.7814,1472.7884,1472788.3594
1,2074.8115,1472.8185,1472818.4594
1,2074.8777,1472.8847,1472884.6594
1,2075.3476,1473.3546,1473354.5594
1,2075.6437,1473.6507,1473650.6594
1,2075.8154,1473.8224,1473822.3594
1,2075.9411,1473.9481,1473948.0594
1,2076.0094,1474.0164,1474016.3594
1,2076.0116,1474.0186,1474018.5594
1,2076.0623,1474.0693,1474069.2594
1,2076.0941,1474.1011,1474101.0594
1,2076.0981,1474.1051,1474105.0594
1,2076.1348,1474.1418,1474141.7594
1,2076.1542,1474.1612,1474161.1594
1,2076.1600,1474.1670,1474166.9594
1,2076.1696,1474.1766,1474176.5594
1,2076.2249,1474.2319,1474231.8594
1,2076.4699,1474.4769,1474476.8594
1,2076.5560,1474.5630,1474562.9594
1,2076.7450,1474.7520,1474751.9594
1,2076.7804,1474.7874,1474787.3594
1,2076.8517,1474.8587,1474858.6594
1,2078.3653,1476.3723,1476372.2594
1,2078.5546,1476.5616,1476561.5594
1,2078.5802,1476.5872,1476587.1594
1,2078.5851,1476.5921,1476592.0594
1,2078.5879,1476.5949,1476594.8594
1,2078.7094,1476.7164,1476716.3594
1,2078.8486,1476.8556,1476855.5594
1,2078.8610,1476.8680,1476867.9594
1,2078.9172,1476.9242,1476924.1594
1,2078.9647,1476.9717,1476971.6594
1,2078.9711,1476.9781,1476978.0594
1,2078.9933,1477.0003,1477000.2594
1,2079.0209,1477.0279,1477027.8594
1,2079.0813,1477.0883,1477088.2594
1,2079.5249,1477.5319,1477531.8594
1,2080.3486,1478.3556,1478355.5594
1,2080.3828,1478.3898,1478389.7594
1,2081.0376,1479.0446,1479044.5594
1,2082.6067,1480.6137,1480613.6594
1,2082.6727,1480.6797,1480679.6594
1,2082.6749,1480.6819,1480681.8594
1,2082.6771,1480.6841,1480684.0594
1,2083.5720,1481.5790,1481578.9594
1,2084.2594,1482.2664,1482266.3594
1,2084.8373,1482.8443,1482844.2594
1,2085.4175,1483.4245,1483424.4594
1,2086.3214,1484.3284,1484328.3594
1,2086.3580,1484.3650,1484364.9594
1,2086.3624,1484.3694,1484369.3594
1,2086.5540,1484.5610,1484560.9594
1,2086.6836,1484.6906,1484690.5594
1,2086.6934,1484.7004,1484700.3594
1,2086.8014,1484.8084,1484808.3594
1,2086.8687,1484.8757,1484875.6594
1,2087.1587,1485.1657,1485165.6594
1,2087.3573,1485.3643,1485364.2594
1,2087.3681,1485.3751,1485375.0594
1,2087.5198,1485.5268,1485526.7594
1,2087.9596,1485.9666,1485966.5594
1,2088.4027,1486.4097,1486409.6594
1,2089.7322,1487.7392,1487739.1594
1,2090.8308,1488.8378,1488837.7594
1,2090.8437,1488.8507,1488850.6594
1,2090.9697,1488.9767,1488976.6594
1,2090.9839,1488.9909,1488990.8594
1,2091.0829,1489.0899,1489089.8594
1,2091.2469,1489.2539,1489253.8594
1,2091.3416,1489.3486,1489348.5594
1,2091.3513,1489.3583,1489358.2594
1,2091.5081,1489.5151,1489515.0594
1,2091.5104,1489.5174,1489517.3594
1,2091.5175,1489.5245,1489524.4594
1,2091.6641,1489.6711,1489671.0594
1,2091.6680,1489.6750,1489674.9594
1,2091.6736,1489.6806,1489680.5594
1,2091.6759,1489.6829,1489682.8594
1,2091.9621,1489.9691,1489969.0594
1,2091.9994,1490.0064,1490006.3594
1,2092.2410,1490.2480,1490247.9594
1,2092.5734,1490.5804,1490580.3594
1,2092.6162,1490.6232,1490623.1594
1,2092.7051,1490.7121,1490712.0594
1,2092.7432,1490.7502,1490750.1594
1,2092.7972,1490.8042,1490804.1594
1,2092.8536,1490.8606,1490860.5594
1,2092.9339,1490.9409,1490940.8594
1,2092.9581,1490.9651,1490965.0594
1,2093.0112,1491.0182,1491018.1594
1,2093.2294,1491.2364,1491236.3594
1,2093.2388,1491.2458,1491245.7594
1,2093.3601,1491.3671,1491367.0594
1,2093.5691,1491.5761,1491576.0594
1,2093.8648,1491.8718,1491871.7594
1,2094.0011,1492.0081,1492008.0594
1,2094.2132,1492.2202,1492220.1594
1,2094.2623,1492.2693,1492269.2594
1,2094.2848,1492.2918,1492291.7594
1,2094.2879,1492.2949,1492294.8594
1,2094.3359,1492.3429,1492342.8594
1,2094.3652,1492.3722,1492372.1594
1,2094.4350,1492.4420,1492441.9594
1,2094.4729,1492.4799,1492479.8594
1,2094.4764,1492.4834,1492483.3594
1,2094.5441,1492.5511,1492551.0594
1,2094.5528,1492.5598,1492559.7594
1,2094.6720,1492.6790,1492678.9594
1,2095.4097,1493.4167,1493416.6594
1,2095.6138,1493.6208,1493620.7594
1,2095.8741,1493.8811,1493881.0594
1,2096.0351,1494.0421,1494042.0594
1,2096.0674,1494.0744,1494074.3594
1,2096.1456,1494.1526,1494152.5594
1,2096.2132,1494.2202,1494220.1594
1,2096.2710,1494.2780,1494277.9594
1,2096.3371,1494.3441,1494344.0594
1,2096.3900,1494.3970,1494396.9594
1,2096.4058,1494.4128,1494412.7594
1,2096.5570,1494.5640,1494563.9594
1,2096.6847,1494.6917,1494691.6594
1,2096.6879,1494.6949,1494694.8594
1,2096.7847,1494.7917,1494791.6594
1,2096.9077,1494.9147,1494914.6594
1,2096.9441,1494.9511,1494951.0594
1,2097.0367,1495.0437,1495043.6594
1,2097.0580,1495.0650,1495064.9594
1,2097.0783,1495.0853,1495085.2594
1,2097.1162,1495.1232,1495123.1594
1,2097.1434,1495.1504,1495150.3594
1,2097.2770,1495.2840,1495283.9594
1,2097.3388,1495.3458,1495345.7594
1,2097.3422,1495.3492,1495349.1594
1,2097.3929,1495.3999,1495399.8594
1,2097.4173,1495.4243,1495424.2594
1,2097.4548,1495.4618,1495461.7594
1,2097.4806,1495.4876,1495487.5594
1,2097.4836,1495.4906,1495490.5594
1,2097.5013,1495.5083,1495508.2594
1,2097.5406,1495.5476,1495547.5594
1,2097.5712,1495.5782,1495578.1594
1,2097.6131,1495.6201,1495620.0594
1,2097.6453,1495.6523,1495652.2594
1,2097.6671,1495.6741,1495674.0594
1,2097.6838,1495.6908,1495690.7594
1,2097.7307,1495.7377,1495737.6594
1,2097.7337,1495.7407,1495740.6594
1,2097.7615,1495.7685,1495768.4594
1,2097.7987,1495.8057,1495805.6594
1,2097.8261,1495.8331,1495833.0594
1,2097.8678,1495.8748,1495874.7594
1,2097.8896,1495.8966,1495896.5594
1,2097.8997,1495.9067,1495906.6594
1,2097.9247,1495.9317,1495931.6594
1,2097.9711,1495.9781,1495978.0594
1,2098.1302,1496.1372,1496137.1594
1,2098.1414,1496.1484,1496148.3594
1,2098.1461,1496.1531,1496153.0594
1,2098.4813,1496.4883,1496488.2594
1,2098.8516,1496.8586,1496858.5594
1,2098.9823,1496.9893,1496989.2594
1,2099.0841,1497.0911,1497091.0594
1,2099.1921,1497.1991,1497199.0594
1,2099.4007,1497.4077,1497407.6594
1,2099.7723,1497.7793,1497779.2594
1,2099.8628,1497.8698,1497869.7594
1,2099.9593,1497.9663,1497966.2594
1,2100.6836,1498.6906,1498690.5594
1,2100.7037,1498.7107,1498710.6594
1,2101.0702,1499.0772,1499077.1594
1,2101.4923,1499.4993,1499499.2594
1,2101.5600,1499.5670,1499566.9594
1,2101.5971,1499.6041,1499604.0594
1,2101.6391,1499.6461,1499646.0594
1,2101.7600,1499.7670,1499766.9594
1,2101.7617,1499.7687,1499768.6594
1,2101.7827,1499.7897,1499789.6594
1,2101.7985,1499.8055,1499805.4594
1,2101.8003,1499.8073,1499807.2594
1,2101.8533,1499.8603,1499860.2594
1,2102.2752,1500.2822,1500282.1594
1,2102.3415,1500.3485,1500348.4594
1,2102.3440,1500.3510,1500350.9594
1,2102.3989,1500.4059,1500405.8594
1,2102.5739,1500.5809,1500580.8594
1,2102.6376,1500.6446,1500644.5594
1,2102.7426,1500.7496,1500749.5594
1,2102.7568,1500.7638,1500763.7594
1,2102.7750,1500.7820,1500781.9594
1,2102.7867,1500.7937,1500793.6594
1,2102.7977,1500.8047,1500804.6594
1,2102.8136,1500.8206,1500820.5594
1,2102.8976,1500.9046,1500904.5594
1,2102.9137,1500.9207,1500920.6594
1,2102.9540,1500.9610,1500960.9594
1,2102.9587,1500.9657,1500965.6594
1,2102.9942,1501.0012,1501001.1594
1,2103.0281,1501.0351,1501035.0594
1,2103.0777,1501.0847,1501084.6594
1,2103.0875,1501.0945,1501094.4594
1,2103.1539,1501.1609,1501160.8594
1,2103.2275,1501.2345,1501234.4594
1,2103.2316,1501.2386,1501238.5594
1,2103.2896,1501.2966,1501296.5594
1,2103.6487,1501.6557,1501655.6594
1,2103.6527,1501.6597,1501659.6594
1,2103.7493,1501.7563,1501756.2594
1,2103.9501,1501.9571,1501957.0594
1,2104.1987,1502.2057,1502205.6594
1,2104.5168,1502.5238,1502523.7594
1,2104.6040,1502.6110,1502610.9594
1,2104.9351,1502.9421,1502942.0594
1,2104.9579,1502.9649,1502964.8594
1,2105.1566,1503.1636,1503163.5594
1,2105.3436,1503.3506,1503350.5594
1,2105.4826,1503.4896,1503489.5594
1,2105.5264,1503.5334,1503533.3594
1,2106.7268,1504.7338,1504733.7594
1,2107.7847,1505.7917,1505791.6594
1,2107.7895,1505.7965,1505796.4594
1,2107.8063,1505.8133,1505813.2594
1,2107.8083,1505.8153,1505815.2594
1,2107.8735,1505.8805,1505880.4594
1,2107.8761,1505.8831,1505883.0594
1,2107.8812,1505.8882,1505888.1594
1,2107.9614,1505.9684,1505968.3594
1,2108.3031,1506.3101,1506310.0594
1,2108.3065,1506.3135,1506313.4594
1,2108.3984,1506.4054,1506405.3594
1,2108.4155,1506.4225,1506422.4594
1,2108.4960,1506.5030,1506502.9594
1,2108.4984,1506.5054,1506505.3594
1,2108.6306,1506.6376,1506637.5594
1,2108.6622,1506.6692,1506669.1594
1,2108.6830,1506.6900,1506689.9594
1,2108.8024,1506.8094,1506809.3594
1,2108.8126,1506.8196,1506819.5594
1,2108.9572,1506.9642,1506964.1594
1,2109.0357,1507.0427,1507042.6594
1,2109.0604,1507.0674,1507067.3594
1,2109.1664,1507.1734,1507173.3594
1,2109.2712,1507.2782,1507278.1594
1,2109.4368,1507.4438,1507443.7594
1,2109.4882,1507.4952,1507495.1594
1,2109.4998,1507.5068,1507506.7594
1,2109.5300,1507.5370,1507536.9594
1,2109.5333,1507.5403,1507540.2594
1,2109.5687,1507.5757,1507575.6594
1,2109.5798,1507.5868,1507586.7594
1,2109.6055,1507.6125,1507612.4594
1,2109.6333,1507.6403,1507640.2594
1,2109.7373,1507.7443,1507744.2594
1,2109.7490,1507.7560,1507755.9594
1,2109.7566,1507.7636,1507763.5594
1,2109.8287,1507.8357,1507835.6594
1,2109.9142,1507.9212,1507921.1594
1,2109.9655,1507.9725,1507972.4594
1,2110.1123,1508.1193,1508119.2594
1,2110.3298,1508.3368,1508336.7594
1,2110.3563,1508.3633,1508363.2594
1,2110.4436,1508.4506,1508450.5594
1,2112.1198,1510.1268,1510126.7594
1,2113.5822,1511.5892,1511589.1594
1,2114.1870,1512.1940,1512193.9594
1,2114.3702,1512.3772,1512377.1594
1,2114.4857,1512.4927,1512492.6594
1,2114.4932,1512.5002,1512500.1594
1,2114.4956,1512.5026,1512502.5594
1,2114.5631,1512.5701,1512570.0594
1,2114.5994,1512.6064,1512606.3594
1,2114.8199,1512.8269,1512826.8594
1,2114.9137,1512.9207,1512920.6594
1,2115.1347,1513.1417,1513141.6594
1,2115.1376,1513.1446,1513144.5594
1,2115.3287,1513.3357,1513335.6594
1,2115.4997,1513.5067,1513506.6594
1,2116.8936,1514.9006,1514900.5594
1,2116.9043,1514.9113,1514911.2594
1,2116.9993,1515.0063,1515006.2594
1,2117.0252,1515.0322,1515032.1594
1,2117.0568,1515.0638,1515063.7594
1,2117.0614,1515.0684,1515068.3594
1,2117.0822,1515.0892,1515089.1594
1,2117.1296,1515.1366,1515136.5594
1,2117.1553,1515.1623,1515162.2594
1,2117.2172,1515.2242,1515224.1594
1,2117.2678,1515.2748,1515274.7594
1,2118.5062,1516.5132,1516513.1594
1,2118.5248,1516.5318,1516531.7594
1,2118.5576,1516.5646,1516564.5594
1,2118.6529,1516.6599,1516659.8594
1,2118.8610,1516.8680,1516867.9594
1,2118.9375,1516.9445,1516944.4594
1,2118.9433,1516.9503,1516950.2594
1,2119.9481,1517.9551,1517955.0594
1,2120.5735,1518.5805,1518580.4594
1,2120.5781,1518.5851,1518585.0594
1,2120.5859,1518.5929,1518592.8594
1,2120.6911,1518.6981,1518698.0594
1,2121.0738,1519.0808,1519080.7594
1,2121.4957,1519.5027,1519502.6594
1,2121.6471,1519.6541,1519654.0594
1,2121.6855,1519.6925,1519692.4594
1,2121.7715,1519.7785,1519778.4594
1,2122.3724,1520.3794,1520379.3594
1,2124.3229,1522.3299,1522329.8594
1,2124.3380,1522.3450,1522344.9594
1,2124.5252,1522.5322,1522532.1594
1,2124.9261,1522.9331,1522933.0594
1,2125.0097,1523.0167,1523016.6594
1,2125.5446,1523.5516,1523551.5594
1,2125.7014,1523.7084,1523708.3594
1,2125.7200,1523.7270,1523726.9594
1,2125.7238,1523.7308,1523730.7594
1,2125.8754,1523.8824,1523882.3594
1,2125.9109,1523.9179,1523917.8594
1,2126.3716,1524.3786,1524378.5594
1,2126.4348,1524.4418,1524441.7594
1,2126.4370,1524.4440,1524443.9594
1,2127.0003,1525.0073,1525007.2594
1,2127.1230,1525.1300,1525129.9594
1,2127.1254,1525.1324,1525132.3594
1,2127.2029,1525.2099,1525209.8594
1,2128.1262,1526.1332,1526133.1594
1,2128.2063,1526.2133,1526213.2594
1,2128.2556,1526.2626,1526262.5594
1,2128.4904,1526.4974,1526497.3594
1,2128.5476,1526.5546,1526554.5594
1,2129.0077,1527.0147,1527014.6594
1,2129.0973,1527.1043,1527104.2594
1,2129.1005,1527.1075,1527107.4594
1,2129.1728,1527.1798,1527179.7594
1,2129.2651,1527.2721,1527272.0594
1,2129.3488,1527.3558,1527355.7594
1,2129.3527,1527.3597,1527359.6594
1,2129.4421,1527.4491,1527449.0594
1,2129.7191,1527.7261,1527726.0594
1,2129.7216,1527.7286,1527728.5594
1,2129.7241,1527.7311,1527731.0594
1,2129.7268,1527.7338,1527733.7594
1,2131.0669,1529.0739,1529073.8594
1,2131.1330,1529.1400,1529139.9594
1,2131.1840,1529.1910,1529190.9594
1,2131.3197,1529.3267,1529326.6594
1,2131.7365,1529.7435,1529743.4594
1,2131.9978,1530.0048,1530004.7594
1,2132.5406,1530.5476,1530547.5594
1,2132.9494,1530.9564,1530956.3594
1,2133.8145,1531.8215,1531821.4594
1,2133.8222,1531.8292,1531829.1594
1,2134.1907,1532.1977,1532197.6594
1,2134.4360,1532.4430,1532442.9594
1,2134.8315,1532.8385,1532838.4594
1,2134.9481,1532.9551,1532955.0594
1,2135.2560,1533.2630,1533262.9594
1,2135.3123,1533.3193,1533319.2594
1,2135.3242,1533.3312,1533331.1594
1,2135.4182,1533.4252,1533425.1594
1,2135.6799,1533.6869,1533686.8594
1,2135.8158,1533.8228,1533822.7594
1,2136.5614,1534.5684,1534568.3594
1,2136.7322,1534.7392,1534739.1594
1,2136.7445,1534.7515,1534751.4594
1,2137.2438,1535.2508,1535250.7594
1,2137.6190,1535.6260,1535625.9594
1,2137.6213,1535.6283,1535628.2594
1,2137.6763,1535.6833,1535683.2594
1,2137.7406,1535.7476,1535747.5594
1,2137.9156,1535.9226,1535922.5594
1,2137.9259,1535.9329,1535932.8594
1,2138.4091,1536.4161,1536416.0594
1,2138.5435,1536.5505,1536550.4594
1,2138.5646,1536.5716,1536571.5594
1,2138.5721,1536.5791,1536579.0594
1,2138.5876,1536.5946,1536594.5594
1,2138.6691,1536.6761,1536676.0594
1,2138.8856,1536.8926,1536892.5594
1,2138.9296,1536.9366,1536936.5594
1,2138.9318,1536.9388,1536938.7594
1,2138.9372,1536.9442,1536944.1594
1,2139.1245,1537.1315,1537131.4594
1,2139.2771,1537.2841,1537284.0594
1,2139.2822,1537.2892,1537289.1594
1,2139.4587,1537.4657,1537465.6594
1,2139.8651,1537.8721,1537872.0594
1,2139.8885,1537.8955,1537895.4594
1,2140.0741,1538.0811,1538081.0594
1,2140.7935,1538.8005,1538800.4594
1,2141.1162,1539.1232,1539123.1594
1,2141.2686,1539.2756,1539275.5594
1,2141.6929,1539.6999,1539699.8594
1,2142.4010,1540.4080,1540407.9594
1,2143.1377,1541.1447,1541144.6594
1,2143.2460,1541.2530,1541252.9594
1,2143.7658,1541.7728,1541772.7594
1,2143.7904,1541.7974,1541797.3594
1,2143.7926,1541.7996,1541799.5594
1,2143.9653,1541.9723,1541972.2594
1,2143.9723,1541.9793,1541979.2594
1,2144.1697,1542.1767,1542176.6594
1,2144.1726,1542.1796,1542179.5594
1,2144.1750,1542.1820,1542181.9594
1,2144.2619,1542.2689,1542268.8594
1,2144.2642,1542.2712,1542271.1594
1,2144.2670,1542.2740,1542273.9594
1,2145.5808,1543.5878,1543587.7594
1,2145.6488,1543.6558,1543655.7594
1,2145.6542,1543.6612,1543661.1594
1,2145.6647,1543.6717,1543671.6594
1,2145.8071,1543.8141,1543814.0594
1,2145.9601,1543.9671,1543967.0594
1,2146.1144,1544.1214,1544121.3594
1,2146.1955,1544.2025,1544202.4594
1,2146.2718,1544.2788,1544278.7594
1,2146.3596,1544.3666,1544366.5594
1,2146.4076,1544.4146,1544414.5594
1,2146.6419,1544.6489,1544648.8594
1,2147.9909,1545.9979,1545997.8594
1,2148.8213,1546.8283,1546828.2594
1,2148.8949,1546.9019,1546901.8594
1,2148.9361,1546.9431,1546943.0594
1,2148.9513,1546.9583,1546958.2594
1,2149.0596,1547.0666,1547066.5594
1,2149.3857,1547.3927,1547392.6594
1,2149.3894,1547.3964,1547396.3594
1,2149.4136,1547.4206,1547420.5594
1,2149.4452,1547.4522,1547452.1594
1,2149.4864,1547.4934,1547493.3594
1,2149.4915,1547.4985,1547498.4594
1,2149.5081,1547.5151,1547515.0594
1,2149.5574,1547.5644,1547564.3594
1,2149.5961,1547.6031,1547603.0594
1,2149.6440,1547.6510,1547650.9594
1,2149.6638,1547.6708,1547670.7594
1,2149.7006,1547.7076,1547707.5594
1,2149.7112,1547.7182,1547718.1594
1,2149.7280,1547.7350,1547734.9594
1,2149.7350,1547.7420,1547741.9594
1,2149.7391,1547.7461,1547746.0594
1,2149.7848,1547.7918,1547791.7594
1,2149.7892,1547.7962,1547796.1594
1,2149.7936,1547.8006,1547800.5594
1,2149.8036,1547.8106,1547810.5594
1,2149.8302,1547.8372,1547837.1594
1,2149.8332,1547.8402,1547840.1594
1,2149.8614,1547.8684,1547868.3594
1,2149.9439,1547.9509,1547950.8594
1,2149.9560,1547.9630,1547962.9594
1,2150.0089,1548.0159,1548015.8594
1,2150.0542,1548.0612,1548061.1594
1,2150.0564,1548.0634,1548063.3594
1,2150.1095,1548.1165,1548116.4594
1,2150.1148,1548.1218,1548121.7594
1,2150.1689,1548.1759,1548175.8594
1,2150.1731,1548.1801,1548180.0594
1,2150.1801,1548.1871,1548187.0594
1,2150.2134,1548.2204,1548220.3594
1,2150.2231,1548.2301,1548230.0594
1,2150.2429,1548.2499,1548249.8594
1,2150.2496,1548.2566,1548256.5594
1,2150.2526,1548.2596,1548259.5594
1,2150.2636,1548.2706,1548270.5594
1,2150.2878,1548.2948,1548294.7594
1,2150.2901,1548.2971,1548297.0594
1,2150.3278,1548.3348,1548334.7594
1,2150.3482,1548.3552,1548355.1594
1,2150.3514,1548.3584,1548358.3594
1,2150.3649,1548.3719,1548371.8594
1,2150.3831,1548.3901,1548390.0594
1,2150.3858,1548.3928,1548392.7594
1,2150.4161,1548.4231,1548423.0594
1,2150.4192,1548.4262,1548426.1594
1,2150.4239,1548.4309,1548430.8594
1,2150.4545,1548.4615,1548461.4594
1,2150.4644,1548.4714,1548471.3594
1,2150.4690,1548.4760,1548475.9594
1,2150.5061,1548.5131,1548513.0594
1,2150.5340,1548.5410,1548540.9594
1,2150.5403,1548.5473,1548547.2594
1,2150.5599,1548.5669,1548566.8594
1,2150.5882,1548.5952,1548595.1594
1,2150.6468,1548.6538,1548653.7594
1,2150.6507,1548.6577,1548657.6594
1,2150.6783,1548.6853,1548685.2594
1,2150.6856,1548.6926,1548692.5594
1,2150.7038,1548.7108,1548710.7594
1,2150.7057,1548.7127,1548712.6594
1,2150.7232,1548.7302,1548730.1594
1,2150.7422,1548.7492,1548749.1594
1,2150.7841,1548.7911,1548791.0594
1,2150.7972,1548.8042,1548804.1594
1,2150.8051,1548.8121,1548812.0594
1,2150.8273,1548.8343,1548834.2594
1,2150.8566,1548.8636,1548863.5594
1,2150.8627,1548.8697,1548869.6594
1,2150.8820,1548.8890,1548888.9594
1,2150.8915,1548.8985,1548898.4594
1,2150.9249,1548.9319,1548931.8594
1,2150.9690,1548.9760,1548975.9594
1,2150.9881,1548.9951,1548995.0594
1,2151.0330,1549.0400,1549039.9594
1,2151.0352,1549.0422,1549042.1594
1,2151.0397,1549.0467,1549046.6594
1,2151.1299,1549.1369,1549136.8594
1,2151.1540,1549.1610,1549160.9594
1,2151.1907,1549.1977,1549197.6594
1,2151.2166,1549.2236,1549223.5594
1,2151.2491,1549.2561,1549256.0594
1,2151.3003,1549.3073,1549307.2594
1,2151.3264,1549.3334,1549333.3594
1,2151.3304,1549.3374,1549337.3594
1,2151.3359,1549.3429,1549342.8594
1,2151.3611,1549.3681,1549368.0594
1,2151.4005,1549.4075,1549407.4594
1,2151.4195,1549.4265,1549426.4594
1,2151.4227,1549.4297,1549429.6594
1,2151.4249,1549.4319,1549431.8594
1,2151.4603,1549.4673,1549467.2594
1,2151.4641,1549.4711,1549471.0594
1,2151.4797,1549.4867,1549486.6594
1,2151.4970,1549.5040,1549503.9594
1,2151.4997,1549.5067,1549506.6594
1,2151.5519,1549.5589,1549558.8594
1,2151.6219,1549.6289,1549628.8594
1,2151.6419,1549.6489,1549648.8594
1,2151.6964,1549.7034,1549703.3594
1,2151.8549,1549.8619,1549861.8594
1,2151.9111,1549.9181,1549918.0594
1,2152.1179,1550.1249,1550124.8594
1,2152.2400,1550.2470,1550246.9594
1,2152.2555,1550.2625,1550262.4594
1,2152.3401,1550.3471,1550347.0594
1,2152.3423,1550.3493,1550349.2594
1,2152.3442,1550.3512,1550351.1594
1,2152.3910,1550.3980,1550397.9594
1,2152.4226,1550.4296,1550429.5594
1,2152.4766,1550.4836,1550483.5594
1,2152.4953,1550.5023,1550502.2594
1,2152.5484,1550.5554,1550555.3594
1,2152.5700,1550.5770,1550576.9594
1,2152.6219,1550.6289,1550628.8594
1,2152.6384,1550.6454,1550645.3594
1,2152.6429,1550.6499,1550649.8594
1,2152.6453,1550.6523,1550652.2594
1,2152.6556,1550.6626,1550662.5594
1,2152.6712,1550.6782,1550678.1594
1,2152.6771,1550.6841,1550684.0594
1,2152.7299,1550.7369,1550736.8594
1,2152.7707,1550.7777,1550777.6594
1,2152.7858,1550.7928,1550792.7594
1,2152.7885,1550.7955,1550795.4594
1,2152.8266,1550.8336,1550833.5594
1,2152.8874,1550.8944,1550894.3594
1,2152.8948,1550.9018,1550901.7594
1,2152.8983,1550.9053,1550905.2594
1,2152.9108,1550.9178,1550917.7594
1,2152.9556,1550.9626,1550962.5594
1,2152.9581,1550.9651,1550965.0594
1,2152.9638,1550.9708,1550970.7594
1,2153.0274,1551.0344,1551034.3594
1,2153.0319,1551.0389,1551038.8594
1,2153.0764,1551.0834,1551083.3594
1,2153.0823,1551.0893,1551089.2594
1,2153.1274,1551.1344,1551134.3594
1,2153.1296,1551.1366,1551136.5594
1,2153.1678,1551.1748,1551174.7594
1,2153.1745,1551.1815,1551181.4594
1,2153.2248,1551.2318,1551231.7594
1,2153.2795,1551.2865,1551286.4594
1,2153.3230,1551.3300,1551329.9594
1,2153.3276,1551.3346,1551334.5594
1,2153.9754,1551.9824,1551982.3594
1,2154.0042,1552.0112,1552011.1594
1,2154.0625,1552.0695,1552069.4594
1,2154.0687,1552.0757,1552075.6594
1,2154.1144,1552.1214,1552121.3594
1,2154.1372,1552.1442,1552144.1594
1,2154.2114,1552.2184,1552218.3594
1,2154.2423,1552.2493,1552249.2594
1,2154.2492,1552.2562,1552256.1594
1,2154.4096,1552.4166,1552416.5594
1,2154.4694,1552.4764,1552476.3594
1,2154.5074,1552.5144,1552514.3594
1,2154.5092,1552.5162,1552516.1594
1,2154.5619,1552.5689,1552568.8594
1,2154.5859,1552.5929,1552592.8594
1,2154.7080,1552.7150,1552714.9594
1,2154.7607,1552.7677,1552767.6594
1,2154.7646,1552.7716,1552771.5594
1,2154.7934,1552.8004,1552800.3594
1,2154.8034,1552.8104,1552810.3594
1,2154.8454,1552.8524,1552852.3594
1,2154.8840,1552.8910,1552890.9594
1,2154.8882,1552.8952,1552895.1594
1,2154.8942,1552.9012,1552901.1594
1,2154.9318,1552.9388,1552938.7594
1,2155.0189,1553.0259,1553025.8594
1,2155.0444,1553.0514,1553051.3594
1,2155.1483,1553.1553,1553155.2594
1,2155.1977,1553.2047,1553204.6594
1,2155.2666,1553.2736,1553273.5594
1,2155.3234,1553.3304,1553330.3594
1,2155.8632,1553.8702,1553870.1594
1,2155.8667,1553.8737,1553873.6594
1,2156.1117,1554.1187,1554118.6594
1,2156.1529,1554.1599,1554159.8594
1,2156.1861,1554.1931,1554193.0594
1,2156.3179,1554.3249,1554324.8594
1,2156.3792,1554.3862,1554386.1594
1,2156.6576,1554.6646,1554664.5594
1,2156.9088,1554.9158,1554915.7594
1,2156.9685,1554.9755,1554975.4594
1,2157.0777,1555.0847,1555084.6594
1,2157.0904,1555.0974,1555097.3594
1,2157.1752,1555.1822,1555182.1594
1,2157.2165,1555.2235,1555223.4594
1,2157.2189,1555.2259,1555225.8594
1,2157.2347,1555.2417,1555241.6594
1,2157.3186,1555.3256,1555325.5594
1,2157.3207,1555.3277,1555327.6594
1,2157.3232,1555.3302,1555330.1594
1,2157.3710,1555.3780,1555377.9594
1,2157.4230,1555.4300,1555429.9594
1,2157.4260,1555.4330,1555432.9594
1,2157.4413,1555.4483,1555448.2594
1,2157.5071,1555.5141,1555514.0594
1,2157.5544,1555.5614,1555561.3594
1,2157.5866,1555.5936,1555593.5594
1,2157.6103,1555.6173,1555617.2594
1,2157.6409,1555.6479,1555647.8594
1,2157.6545,1555.6615,1555661.4594
1,2157.6709,1555.6779,1555677.8594
1,2157.7344,1555.7414,1555741.3594
1,2157.7488,1555.7558,1555755.7594
1,2157.7880,1555.7950,1555794.9594
1,2157.8081,1555.8151,1555815.0594
1,2157.8160,1555.8230,1555822.9594
1,2157.8276,1555.8346,1555834.5594
1,2157.8893,1555.8963,1555896.2594
1,2157.8987,1555.9057,1555905.6594
1,2157.9274,1555.9344,1555934.3594
1,2157.9450,1555.9520,1555951.9594
1,2157.9833,1555.9903,1555990.2594
1,2158.0102,1556.0172,1556017.1594
1,2158.0185,1556.0255,1556025.4594
1,2158.0211,1556.0281,1556028.0594
1,2158.0481,1556.0551,1556055.0594
1,2158.0906,1556.0976,1556097.5594
1,2158.1221,1556.1291,1556129.0594
1,2158.1454,1556.1524,1556152.3594
1,2158.1551,1556.1621,1556162.0594
1,2158.1579,1556.1649,1556164.8594
1,2158.1884,1556.1954,1556195.3594
1,2158.2135,1556.2205,1556220.4594
1,2158.2182,1556.2252,1556225.1594
1,2158.3545,1556.3615,1556361.4594
1,2158.6592,1556.6662,1556666.1594
1,2159.2362,1557.2432,1557243.1594
1,2160.3199,1558.3269,1558326.8594
1,2160.5841,1558.5911,1558591.0594
1,2160.6378,1558.6448,1558644.7594
1,2160.6500,1558.6570,1558656.9594
1,2160.6525,1558.6595,1558659.4594
1,2160.7726,1558.7796,1558779.5594
1,2160.8051,1558.8121,1558812.0594
1,2161.1499,1559.1569,1559156.8594
1,2161.2065,1559.2135,1559213.4594
1,2161.2373,1559.2443,1559244.2594
1,2161.2680,1559.2750,1559274.9594
1,2161.3559,1559.3629,1559362.8594
1,2161.4484,1559.4554,1559455.3594
1,2161.4723,1559.4793,1559479.2594
1,2161.4993,1559.5063,1559506.2594
1,2161.5052,1559.5122,1559512.1594
1,2161.5173,1559.5243,1559524.2594
1,2161.5609,1559.5679,1559567.8594
1,2161.5758,1559.5828,1559582.7594
1,2161.6074,1559.6144,1559614.3594
1,2161.6763,1559.6833,1559683.2594
1,2161.6941,1559.7011,1559701.0594
1,2161.8510,1559.8580,1559857.9594
1,2161.9473,1559.9543,1559954.2594
1,2162.0202,1560.0272,1560027.1594
1,2162.1364,1560.1434,1560143.3594
1,2162.2390,1560.2460,1560245.9594
1,2162.3887,1560.3957,1560395.6594
1,2162.4659,1560.4729,1560472.8594
1,2162.4828,1560.4898,1560489.7594
1,2162.4858,1560.4928,1560492.7594
1,2162.4933,1560.5003,1560500.2594
1,2162.5937,1560.6007,1560600.6594
1,2162.6748,1560.6818,1560681.7594
1,2162.7070,1560.7140,1560713.9594
1,2162.7411,1560.7481,1560748.0594
1,2162.7582,1560.7652,1560765.1594
1,2162.9031,1560.9101,1560910.0594
1,2162.9418,1560.9488,1560948.7594
1,2162.9575,1560.9645,1560964.4594
1,2163.0379,1561.0449,1561044.8594
1,2163.0970,1561.1040,1561103.9594
1,2163.1260,1561.1330,1561132.9594
1,2163.1285,1561.1355,1561135.4594
1,2163.1656,1561.1726,1561172.5594
1,2163.1960,1561.2030,1561202.9594
1,2163.2979,1561.3049,1561304.8594
1,2163.3013,1561.3083,1561308.2594
1,2163.3846,1561.3916,1561391.5594
1,2163.5083,1561.5153,1561515.2594
1,2163.6270,1561.6340,1561633.9594
1,2163.7978,1561.8048,1561804.7594
1,2163.8124,1561.8194,1561819.3594
1,2163.8323,1561.8393,1561839.2594
1,2163.8917,1561.8987,1561898.6594
1,2163.9067,1561.9137,1561913.6594
1,2163.9326,1561.9396,1561939.5594
1,2163.9357,1561.9427,1561942.6594
1,2163.9415,1561.9485,1561948.4594
1,2163.9822,1561.9892,1561989.1594
1,2163.9856,1561.9926,1561992.5594
1,2164.0112,1562.0182,1562018.1594
1,2164.4139,1562.4209,1562420.8594
1,2164.5751,1562.5821,1562582.0594
1,2164.6019,1562.6089,1562608.8594
1,2164.6067,1562.6137,1562613.6594
1,2164.6563,1562.6633,1562663.2594
1,2164.7009,1562.7079,1562707.8594
1,2164.7337,1562.7407,1562740.6594
1,2165.8192,1563.8262,1563826.1594
1,2167.7077,1565.7147,1565714.6594
1,2168.1928,1566.1998,1566199.7594
1,2168.2152,1566.2222,1566222.1594
1,2168.2178,1566.2248,1566224.7594
1,2168.2203,1566.2273,1566227.2594
1,2168.3441,1566.3511,1566351.0594
1,2168.3962,1566.4032,1566403.1594
1,2168.4213,1566.4283,1566428.2594
1,2168.5096,1566.5166,1566516.5594
1,2168.5441,1566.5511,1566551.0594
1,2168.6105,1566.6175,1566617.4594
1,2168.6628,1566.6698,1566669.7594
1,2168.6855,1566.6925,1566692.4594
1,2168.7449,1566.7519,1566751.8594
1,2168.7646,1566.7716,1566771.5594
1,2168.7893,1566.7963,1566796.2594
1,2168.7982,1566.8052,1566805.1594
1,2168.8048,1566.8118,1566811.7594
1,2168.9061,1566.9131,1566913.0594
1,2168.9286,1566.9356,1566935.5594
1,2168.9335,1566.9405,1566940.4594
1,2168.9638,1566.9708,1566970.7594
1,2168.9718,1566.9788,1566978.7594
1,2168.9916,1566.9986,1566998.5594
1,2169.0255,1567.0325,1567032.4594
1,2169.0684,1567.0754,1567075.3594
1,2169.1215,1567.1285,1567128.4594
1,2169.1555,1567.1625,1567162.4594
1,2169.1622,1567.1692,1567169.1594
1,2169.1648,1567.1718,1567171.7594
1,2169.1957,1567.2027,1567202.6594
1,2169.2154,1567.2224,1567222.3594
1,2169.2274,1567.2344,1567234.3594
1,2169.2660,1567.2730,1567272.9594
1,2169.3122,1567.3192,1567319.1594
1,2169.3154,1567.3224,1567322.3594
1,2169.3688,1567.3758,1567375.7594
1,2169.3761,1567.3831,1567383.0594
1,2169.4532,1567.4602,1567460.1594
1,2169.5190,1567.5260,1567525.9594
1,2169.5408,1567.5478,1567547.7594
1,2169.5473,1567.5543,1567554.2594
1,2169.5977,1567.6047,1567604.6594
1,2169.6001,1567.6071,1567607.0594
1,2169.6027,1567.6097,1567609.6594
1,2169.6766,1567.6836,1567683.5594
1,2169.7202,1567.7272,1567727.1594
1,2169.7228,1567.7298,1567729.7594
1,2169.8822,1567.8892,1567889.1594
1,2170.0161,1568.0231,1568023.0594
1,2170.0612,1568.0682,1568068.1594
1,2170.2319,1568.2389,1568238.8594
1,2170.3093,1568.3163,1568316.2594
1,2170.3119,1568.3189,1568318.8594
1,2170.3397,1568.3467,1568346.6594
1,2171.0326,1569.0396,1569039.5594
1,2171.0597,1569.0667,1569066.6594
1,2171.1784,1569.1854,1569185.3594
1,2171.2197,1569.2267,1569226.6594
1,2171.2232,1569.2302,1569230.1594
1,2171.2694,1569.2764,1569276.3594
1,2171.2720,1569.2790,1569278.9594
1,2171.3488,1569.3558,1569355.7594
1,2171.4053,1569.4123,1569412.2594
1,2171.4837,1569.4907,1569490.6594
1,2171.5147,1569.5217,1569521.6594
1,2171.7042,1569.7112,1569711.1594
1,2171.7089,1569.7159,1569715.8594
1,2171.7927,1569.7997,1569799.6594
1,2172.0573,1570.0643,1570064.2594
1,2172.4703,1570.4773,1570477.2594
1,2172.8453,1570.8523,1570852.2594
1,2173.1048,1571.1118,1571111.7594
1,2173.1284,1571.1354,1571135.3594
1,2173.2523,1571.2593,1571259.2594
1,2173.3956,1571.4026,1571402.5594
1,2173.3979,1571.4049,1571404.8594
1,2173.4327,1571.4397,1571439.6594
1,2173.5720,1571.5790,1571578.9594
1,2173.7477,1571.7547,1571754.6594
1,2173.7503,1571.7573,1571757.2594
1,2173.8646,1571.8716,1571871.5594
1,2173.9061,1571.9131,1571913.0594
1,2173.9144,1571.9214,1571921.3594
1,2174.0016,1572.0086,1572008.5594
1,2174.0069,1572.0139,1572013.8594
1,2174.0109,1572.0179,1572017.8594
1,2174.0172,1572.0242,1572024.1594
1,2174.1202,1572.1272,1572127.1594
1,2174.1462,1572.1532,1572153.1594
1,2174.4499,1572.4569,1572456.8594
1,2174.4553,1572.4623,1572462.2594
1,2174.9847,1572.9917,1572991.6594
1,2175.0014,1573.0084,1573008.3594
1,2175.0423,1573.0493,1573049.2594
1,2175.2328,1573.2398,1573239.7594
1,2175.2355,1573.2425,1573242.4594
1,2176.0653,1574.0723,1574072.2594
1,2176.3994,1574.4064,1574406.3594
1,2176.7650,1574.7720,1574771.9594
1,2176.8664,1574.8734,1574873.3594
1,2176.9959,1575.0029,1575002.8594
1,2177.3332,1575.3402,1575340.1594
1,2177.3956,1575.4026,1575402.5594
1,2180.3766,1578.3836,1578383.5594
1,2180.3799,1578.3869,1578386.8594
1,2180.4677,1578.4747,1578474.6594
1,2180.6279,1578.6349,1578634.8594
1,2180.9079,1578.9149,1578914.8594
1,2181.1173,1579.1243,1579124.2594
1,2181.8989,1579.9059,1579905.8594
1,2182.0083,1580.0153,1580015.2594
1,2182.4524,1580.4594,1580459.3594
1,2182.5449,1580.5519,1580551.8594
1,2182.8950,1580.9020,1580901.9594
1,2183.7236,1581.7306,1581730.5594
1,2184.6769,1582.6839,1582683.8594
1,2185.2495,1583.2565,1583256.4594
1,2185.2774,1583.2844,1583284.3594
1,2185.2985,1583.3055,1583305.4594
1,2185.3713,1583.3783,1583378.2594
1,2185.3988,1583.4058,1583405.7594
1,2185.4094,1583.4164,1583416.3594
1,2185.4507,1583.4577,1583457.6594
1,2185.4584,1583.4654,1583465.3594
1,2185.4843,1583.4913,1583491.2594
1,2185.5276,1583.5346,1583534.5594
1,2185.7176,1583.7246,1583724.5594
1,2185.7222,1583.7292,1583729.1594
1,2185.7335,1583.7405,1583740.4594
1,2185.9017,1583.9087,1583908.6594
1,2185.9246,1583.9316,1583931.5594
1,2185.9716,1583.9786,1583978.5594
1,2185.9814,1583.9884,1583988.3594
1,2186.0303,1584.0373,1584037.2594
1,2186.0419,1584.0489,1584048.8594
1,2186.0475,1584.0545,1584054.4594
1,2186.1453,1584.1523,1584152.2594
1,2186.1486,1584.1556,1584155.5594
1,2186.1542,1584.1612,1584161.1594
1,2186.1648,1584.1718,1584171.7594
1,2186.2244,1584.2314,1584231.3594
1,2186.2485,1584.2555,1584255.4594
1,2186.2753,1584.2823,1584282.2594
1,2186.2829,1584.2899,1584289.8594
1,2186.3078,1584.3148,1584314.7594
1,2186.3409,1584.3479,1584347.8594
1,2186.3465,1584.3535,1584353.4594
1,2186.3752,1584.3822,1584382.1594
1,2186.3831,1584.3901,1584390.0594
1,2186.4132,1584.4202,1584420.1594
1,2186.4336,1584.4406,1584440.5594
1,2186.4529,1584.4599,1584459.8594
1,2186.4857,1584.4927,1584492.6594
1,2186.5413,1584.5483,1584548.2594
1,2186.5527,1584.5597,1584559.6594
1,2186.5605,1584.5675,1584567.4594
1,2186.5650,1584.5720,1584571.9594
1,2186.6065,1584.6135,1584613.4594
1,2186.6164,1584.6234,1584623.3594
1,2186.6316,1584.6386,1584638.5594
1,2186.6435,1584.6505,1584650.4594
1,2186.6469,1584.6539,1584653.8594
1,2186.6524,1584.6594,1584659.3594
1,2186.6619,1584.6689,1584668.8594
1,2186.6876,1584.6946,1584694.5594
1,2186.6955,1584.7025,1584702.4594
1,2186.7070,1584.7140,1584713.9594
1,2186.7203,1584.7273,1584727.2594
1,2186.7232,1584.7302,1584730.1594
1,2186.7292,1584.7362,1584736.1594
1,2186.7485,1584.7555,1584755.4594
1,2186.7648,1584.7718,1584771.7594
1,2186.7667,1584.7737,1584773.6594
1,2186.7920,1584.7990,1584798.9594
1,2186.8152,1584.8222,1584822.1594
1,2186.8279,1584.8349,1584834.8594
1,2186.8389,1584.8459,1584845.8594
1,2186.8484,1584.8554,1584855.3594
1,2186.9378,1584.9448,1584944.7594
1,2186.9844,1584.9914,1584991.3594
1,2187.0617,1585.0687,1585068.6594
1,2187.0698,1585.0768,1585076.7594
1,2187.1347,1585.1417,1585141.6594
1,2187.2032,1585.2102,1585210.1594
1,2187.2660,1585.2730,1585272.9594
1,2187.3573,1585.3643,1585364.2594
1,2188.0211,1586.0281,1586028.0594
1,2189.6026,1587.6096,1587609.5594
1,2190.3894,1588.3964,1588396.3594
1,2190.4359,1588.4429,1588442.8594
1,2190.4601,1588.4671,1588467.0594
1,2190.5627,1588.5697,1588569.6594
1,2190.7955,1588.8025,1588802.4594
1,2192.0404,1590.0474,1590047.3594
1,2192.2476,1590.2546,1590254.5594
1,2192.3511,1590.3581,1590358.0594
1,2192.3612,1590.3682,1590368.1594
1,2192.4839,1590.4909,1590490.8594
1,2192.6178,1590.6248,1590624.7594
1,2192.6244,1590.6314,1590631.3594
1,2192.6704,1590.6774,1590677.3594
1,2192.7027,1590.7097,1590709.6594
1,2192.7103,1590.7173,1590717.2594
1,2192.7690,1590.7760,1590775.9594
1,2192.8002,1590.8072,1590807.1594
1,2192.8680,1590.8750,1590874.9594
1,2193.7356,1591.7426,1591742.5594
1,2195.4221,1593.4291,1593429.0594
1,2196.0403,1594.0473,1594047.2594
1,2196.0738,1594.0808,1594080.7594
1,2196.1312,1594.1382,1594138.1594
1,2196.1864,1594.1934,1594193.3594
1,2196.1926,1594.1996,1594199.5594
1,2196.1949,1594.2019,1594201.8594
1,2196.2005,1594.2075,1594207.4594
1,2196.2032,1594.2102,1594210.1594
1,2196.5823,1594.5893,1594589.2594
1,2196.7346,1594.7416,1594741.5594
1,2196.8537,1594.8607,1594860.6594
1,2196.8727,1594.8797,1594879.6594
1,2197.6130,1595.6200,1595619.9594
1,2197.6266,1595.6336,1595633.5594
1,2197.6811,1595.6881,1595688.0594
1,2197.7381,1595.7451,1595745.0594
1,2197.7940,1595.8010,1595800.9594
1,2197.8559,1595.8629,1595862.8594
1,2197.9754,1595.9824,1595982.3594
1,2197.9823,1595.9893,1595989.2594
1,2198.0061,1596.0131,1596013.0594
1,2198.0711,1596.0781,1596078.0594
1,2198.1321,1596.1391,1596139.0594
1,2198.2190,1596.2260,1596225.9594
1,2198.2676,1596.2746,1596274.5594
1,2198.3339,1596.3409,1596340.8594
1,2199.6674,1597.6744,1597674.3594
1,2199.6703,1597.6773,1597677.2594
1,2199.7476,1597.7546,1597754.5594
1,2199.8323,1597.8393,1597839.2594
1,2199.8344,1597.8414,1597841.3594
1,2199.9302,1597.9372,1597937.1594
1,2199.9426,1597.9496,1597949.5594
1,2201.1478,1599.1548,1599154.7594
1,2201.2729,1599.2799,1599279.8594
1,2201.4817,1599.4887,1599488.6594
1,2201.4841,1599.4911,1599491.0594
1,2203.4188,1601.4258,1601425.7594
1,2203.4215,1601.4285,1601428.4594
1,2203.4575,1601.4645,1601464.4594
1,2204.2290,1602.2360,1602235.9594
1,2204.4192,1602.4262,1602426.1594
1,2204.5783,1602.5853,1602585.2594
1,2204.7618,1602.7688,1602768.7594
1,2205.1339,1603.1409,1603140.8594
1,2205.4872,1603.4942,1603494.1594
1,2205.5439,1603.5509,1603550.8594
1,2205.5661,1603.5731,1603573.0594
1,2205.8364,1603.8434,1603843.3594
1,2205.8740,1603.8810,1603880.9594
1,2206.0473,1604.0543,1604054.2594
1,2206.4791,1604.4861,1604486.0594
1,2206.5756,1604.5826,1604582.5594
1,2206.7782,1604.7852,1604785.1594
1,2206.9379,1604.9449,1604944.8594
1,2206.9403,1604.9473,1604947.2594
1,2207.1026,1605.1096,1605109.5594
1,2207.8171,1605.8241,1605824.0594
1,2208.1459,1606.1529,1606152.8594
1,2208.2035,1606.2105,1606210.4594
1,2208.2136,1606.2206,1606220.5594
1,2208.2604,1606.2674,1606267.3594
1,2208.3518,1606.3588,1606358.7594
1,2208.3698,1606.3768,1606376.7594
1,2208.4176,1606.4246,1606424.5594
1,2208.5166,1606.5236,1606523.5594
1,2208.7768,1606.7838,1606783.7594
1,2208.7796,1606.7866,1606786.5594
1,2209.4420,1607.4490,1607448.9594
1,2209.5201,1607.5271,1607527.0594
1,2209.6631,1607.6701,1607670.0594
1,2210.0220,1608.0290,1608028.9594
1,2210.2161,1608.2231,1608223.0594
1,2210.2516,1608.2586,1608258.5594
1,2210.3139,1608.3209,1608320.8594
1,2210.3985,1608.4055,1608405.4594
1,2211.1640,1609.1710,1609170.9594
1,2211.3369,1609.3439,1609343.8594
1,2211.7656,1609.7726,1609772.5594
1,2211.8747,1609.8817,1609881.6594
1,2211.9377,1609.9447,1609944.6594
1,2211.9731,1609.9801,1609980.0594
1,2212.1604,1610.1674,1610167.3594
1,2212.7487,1610.7557,1610755.6594
1,2212.8678,1610.8748,1610874.7594
1,2212.9186,1610.9256,1610925.5594
1,2212.9810,1610.9880,1610987.9594
1,2213.0190,1611.0260,1611025.9594
1,2213.1610,1611.1680,1611167.9594
1,2213.1950,1611.2020,1611201.9594
1,2213.2763,1611.2833,1611283.2594
1,2213.2869,1611.2939,1611293.8594
1,2213.3396,1611.3466,1611346.5594
1,2213.3666,1611.3736,1611373.5594
1,2213.3686,1611.3756,1611375.5594
1,2213.3875,1611.3945,1611394.4594
1,2213.4180,1611.4250,1611424.9594
1,2213.4301,1611.4371,1611437.0594
1,2213.4517,1611.4587,1611458.6594
1,2213.4765,1611.4835,1611483.4594
1,2213.5820,1611.5890,1611588.9594
1,2213.6139,1611.6209,1611620.8594
1,2213.6440,1611.6510,1611650.9594
1,2213.6560,1611.6630,1611662.9594
1,2213.7002,1611.7072,1611707.1594
1,2213.9187,1611.9257,1611925.6594
1,2213.9213,1611.9283,1611928.2594
1,2214.3289,1612.3359,1612335.8594
1,2214.4013,1612.4083,1612408.2594
1,2215.2263,1613.2333,1613233.2594
1,2215.8179,1613.8249,1613824.8594
1,2216.0745,1614.0815,1614081.4594
1,2217.0793,1615.0863,1615086.2594
1,2217.0819,1615.0889,1615088.8594
1,2217.5257,1615.5327,1615532.6594
1,2218.4102,1616.4172,1616417.1594
1,2218.6880,1616.6950,1616694.9594
1,2218.6964,1616.7034,1616703.3594
1,2218.7259,1616.7329,1616732.8594
1,2219.0243,1617.0313,1617031.2594
1,2219.2766,1617.2836,1617283.5594
1,2220.1083,1618.1153,1618115.2594
1,2220.2065,1618.2135,1618213.4594
1,2220.3333,1618.3403,1618340.2594
1,2220.3375,1618.3445,1618344.4594
1,2220.3519,1618.3589,1618358.8594
1,2220.4575,1618.4645,1618464.4594
1,2220.5798,1618.5868,1618586.7594
1,2220.6771,1618.6841,1618684.0594
1,2220.7501,1618.7571,1618757.0594
1,2220.7584,1618.7654,1618765.3594
1,2220.8279,1618.8349,1618834.8594
1,2220.8375,1618.8445,1618844.4594
1,2220.8440,1618.8510,1618850.9594
1,2220.8750,1618.8820,1618881.9594
1,2222.3208,1620.3278,1620327.7594
1,2222.3727,1620.3797,1620379.6594
1,2223.0709,1621.0779,1621077.8594
1,2223.0956,1621.1026,1621102.5594
1,2223.1090,1621.1160,1621115.9594
1,2223.2261,1621.2331,1621233.0594
1,2223.3101,1621.3171,1621317.0594
1,2223.4498,1621.4568,1621456.7594
1,2223.4558,1621.4628,1621462.7594
1,2223.4986,1621.5056,1621505.5594
1,2223.5099,1621.5169,1621516.8594
1,2223.5385,1621.5455,1621545.4594
1,2223.5565,1621.5635,1621563.4594
1,2223.5967,1621.6037,1621603.6594
1,2223.6455,1621.6525,1621652.4594
1,2223.6480,1621.6550,1621654.9594
1,2223.7597,1621.7667,1621766.6594
1,2223.7914,1621.7984,1621798.3594
1,2223.8111,1621.8181,1621818.0594
1,2225.5254,1623.5324,1623532.3594
1,2225.8174,1623.8244,1623824.3594
1,2226.5176,1624.5246,1624524.5594
1,2226.9482,1624.9552,1624955.1594
1,2226.9900,1624.9970,1624996.9594
1,2227.0445,1625.0515,1625051.4594
1,2227.0967,1625.1037,1625103.6594
1,2227.1013,1625.1083,1625108.2594
1,2227.1113,1625.1183,1625118.2594
1,2227.2979,1625.3049,1625304.8594
1,2227.4787,1625.4857,1625485.6594
1,2227.6144,1625.6214,1625621.3594
1,2228.4888,1626.4958,1626495.7594
1,2228.6904,1626.6974,1626697.3594
1,2228.9514,1626.9584,1626958.3594
1,2228.9665,1626.9735,1626973.4594
1,2228.9918,1626.9988,1626998.7594
1,2229.0504,1627.0574,1627057.3594
1,2229.3450,1627.3520,1627351.9594
1,2229.4037,1627.4107,1627410.6594
1,2229.5258,1627.5328,1627532.7594
1,2229.5659,1627.5729,1627572.8594
1,2229.5682,1627.5752,1627575.1594
1,2229.6745,1627.6815,1627681.4594
1,2229.6937,1627.7007,1627700.6594
1,2229.7059,1627.7129,1627712.8594
1,2229.7084,1627.7154,1627715.3594
1,2229.8317,1627.8387,1627838.6594
1,2229.8583,1627.8653,1627865.2594
1,2230.1674,1628.1744,1628174.3594
1,2230.4844,1628.4914,1628491.3594
1,2230.4873,1628.4943,1628494.2594
1,2230.5453,1628.5523,1628552.2594
1,2231.2550,1629.2620,1629261.9594
1,2231.3437,1629.3507,1629350.6594
1,2231.3554,1629.3624,1629362.3594
1,2231.4029,1629.4099,1629409.8594
1,2231.4365,1629.4435,1629443.4594
1,2231.4389,1629.4459,1629445.8594
1,2231.5216,1629.5286,1629528.5594
1,2231.5264,1629.5334,1629533.3594
1,2231.5599,1629.5669,1629566.8594
1,2231.7366,1629.7436,1629743.5594
1,2231.7936,1629.8006,1629800.5594
1,2231.8268,1629.8338,1629833.7594
1,2231.8508,1629.8578,1629857.7594
1,2231.8559,1629.8629,1629862.8594
1,2231.9009,1629.9079,1629907.8594
1,2231.9173,1629.9243,1629924.2594
1,2231.9440,1629.9510,1629950.9594
1,2231.9670,1629.9740,1629973.9594
1,2231.9703,1629.9773,1629977.2594
1,2231.9822,1629.9892,1629989.1594
1,2232.0065,1630.0135,1630013.4594
1,2232.0486,1630.0556,1630055.5594
1,2232.0508,1630.0578,1630057.7594
1,2232.1194,1630.1264,1630126.3594
1,2232.1360,1630.1430,1630142.9594
1,2232.2404,1630.2474,1630247.3594
1,2232.2774,1630.2844,1630284.3594
1,2232.3673,1630.3743,1630374.2594
1,2232.4830,1630.4900,1630489.9594
1,2232.5271,1630.5341,1630534.0594
1,2232.6096,1630.6166,1630616.5594
1,2232.6165,1630.6235,1630623.4594
1,2232.6496,1630.6566,1630656.5594
1,2232.7059,1630.7129,1630712.8594
1,2232.7144,1630.7214,1630721.3594
1,2232.9195,1630.9265,1630926.4594
1,2232.9796,1630.9866,1630986.5594
1,2232.9877,1630.9947,1630994.6594
1,2233.0771,1631.0841,1631084.0594
1,2233.1120,1631.1190,1631118.9594
1,2233.1525,1631.1595,1631159.4594
1,2233.1750,1631.1820,1631181.9594
1,2233.1999,1631.2069,1631206.8594
1,2233.2319,1631.2389,1631238.8594
1,2233.2431,1631.2501,1631250.0594
1,2233.2504,1631.2574,1631257.3594
1,2233.3344,1631.3414,1631341.3594
1,2233.3473,1631.3543,1631354.2594
1,2233.3499,1631.3569,1631356.8594
1,2233.3841,1631.3911,1631391.0594
1,2233.3968,1631.4038,1631403.7594
1,2233.4003,1631.4073,1631407.2594
1,2233.4074,1631.4144,1631414.3594
1,2233.4293,1631.4363,1631436.2594
1,2233.4537,1631.4607,1631460.6594
1,2233.4685,1631.4755,1631475.4594
1,2233.4719,1631.4789,1631478.8594
1,2233.5118,1631.5188,1631518.7594
1,2233.5151,1631.5221,1631522.0594
1,2233.5185,1631.5255,1631525.4594
1,2233.5229,1631.5299,1631529.8594
1,2233.5387,1631.5457,1631545.6594
1,2233.6934,1631.7004,1631700.3594
1,2233.9269,1631.9339,1631933.8594
1,2233.9509,1631.9579,1631957.8594
1,2234.0434,1632.0504,1632050.3594
1,2234.0729,1632.0799,1632079.8594
1,2234.0784,1632.0854,1632085.3594
1,2234.1099,1632.1169,1632116.8594
1,2234.1741,1632.1811,1632181.0594
1,2234.2269,1632.2339,1632233.8594
1,2234.2819,1632.2889,1632288.8594
1,2234.2846,1632.2916,1632291.5594
1,2234.2888,1632.2958,1632295.7594
1,2234.3160,1632.3230,1632322.9594
1,2234.3229,1632.3299,1632329.8594
1,2234.3479,1632.3549,1632354.8594
1,2234.3597,1632.3667,1632366.6594
1,2234.3850,1632.3920,1632391.9594
1,2234.4327,1632.4397,1632439.6594
1,2234.5326,1632.5396,1632539.5594
1,2234.5439,1632.5509,1632550.8594
1,2234.5868,1632.5938,1632593.7594
1,2234.7276,1632.7346,1632734.5594
1,2234.7349,1632.7419,1632741.8594
1,2234.7526,1632.7596,1632759.5594
1,2234.8542,1632.8612,1632861.1594
1,2234.8579,1632.8649,1632864.8594
1,2234.9479,1632.9549,1632954.8594
1,2234.9623,1632.9693,1632969.2594
1,2234.9680,1632.9750,1632974.9594
1,2235.0294,1633.0364,1633036.3594
1,2235.0458,1633.0528,1633052.7594
1,2235.0582,1633.0652,1633065.1594
1,2235.0747,1633.0817,1633081.6594
1,2235.1164,1633.1234,1633123.3594
1,2235.1299,1633.1369,1633136.8594
1,2235.1328,1633.1398,1633139.7594
1,2235.3001,1633.3071,1633307.0594
1,2235.3695,1633.3765,1633376.4594
1,2235.4491,1633.4561,1633456.0594
1,2235.7059,1633.7129,1633712.8594
1,2237.5487,1635.5557,1635555.6594
1,2237.5514,1635.5584,1635558.3594
1,2238.2586,1636.2656,1636265.5594
1,2238.9203,1636.9273,1636927.2594
1,2238.9227,1636.9297,1636929.6594
1,2239.0306,1637.0376,1637037.5594
1,2239.0338,1637.0408,1637040.7594
1,2239.0628,1637.0698,1637069.7594
1,2239.0900,1637.0970,1637096.9594
1,2239.1474,1637.1544,1637154.3594
1,2239.1522,1637.1592,1637159.1594
1,2239.1585,1637.1655,1637165.4594
1,2239.1714,1637.1784,1637178.3594
1,2239.1748,1637.1818,1637181.7594
1,2239.1847,1637.1917,1637191.6594
1,2239.3468,1637.3538,1637353.7594
1,2239.3498,1637.3568,1637356.7594
1,2239.3559,1637.3629,1637362.8594
1,2239.3622,1637.3692,1637369.1594
1,2239.3768,1637.3838,1637383.7594
1,2239.3823,1637.3893,1637389.2594
1,2239.4143,1637.4213,1637421.2594
1,2239.4189,1637.4259,1637425.8594
1,2239.4239,1637.4309,1637430.8594
1,2239.4741,1637.4811,1637481.0594
1,2239.4917,1637.4987,1637498.6594
1,2239.5047,1637.5117,1637511.6594
1,2239.5071,1637.5141,1637514.0594
1,2239.5152,1637.5222,1637522.1594
1,2239.5177,1637.5247,1637524.6594
1,2239.5679,1637.5749,1637574.8594
1,2239.5759,1637.5829,1637582.8594
1,2239.5979,1637.6049,1637604.8594
1,2239.6382,1637.6452,1637645.1594
1,2239.6798,1637.6868,1637686.7594
1,2239.6922,1637.6992,1637699.1594
1,2239.7225,1637.7295,1637729.4594
1,2239.7384,1637.7454,1637745.3594
1,2239.7409,1637.7479,1637747.8594
1,2239.8221,1637.8291,1637829.0594
1,2239.8453,1637.8523,1637852.2594
1,2239.8497,1637.8567,1637856.6594
1,2240.2201,1638.2271,1638227.0594
1,2240.2533,1638.2603,1638260.2594
1,2240.4821,1638.4891,1638489.0594
1,2240.6166,1638.6236,1638623.5594
1,2240.6977,1638.7047,1638704.6594
1,2240.8238,1638.8308,1638830.7594
1,2241.0106,1639.0176,1639017.5594
1,2241.4027,1639.4097,1639409.6594
1,2241.4944,1639.5014,1639501.3594
1,2241.8239,1639.8309,1639830.8594
1,2241.8941,1639.9011,1639901.0594
1,2242.0171,1640.0241,1640024.0594
1,2242.1712,1640.1782,1640178.1594
1,2242.1955,1640.2025,1640202.4594
1,2242.1980,1640.2050,1640204.9594
1,2242.4371,1640.4441,1640444.0594
1,2242.5594,1640.5664,1640566.3594
1,2242.5622,1640.5692,1640569.1594
1,2242.6547,1640.6617,1640661.6594
1,2242.6573,1640.6643,1640664.2594
1,2242.7260,1640.7330,1640732.9594
1,2242.8040,1640.8110,1640810.9594
1,2242.8220,1640.8290,1640828.9594
1,2242.8773,1640.8843,1640884.2594
1,2242.9694,1640.9764,1640976.3594
1,2242.9981,1641.0051,1641005.0594
1,2243.1911,1641.1981,1641198.0594
1,2243.4407,1641.4477,1641447.6594
1,2243.4434,1641.4504,1641450.3594
1,2243.6058,1641.6128,1641612.7594
1,2243.6685,1641.6755,1641675.4594
1,2243.6894,1641.6964,1641696.3594
1,2244.3589,1642.3659,1642365.8594
1,2244.3883,1642.3953,1642395.2594
1,2244.3942,1642.4012,1642401.1594
1,2244.4127,1642.4197,1642419.6594
1,2244.4298,1642.4368,1642436.7594
1,2244.5957,1642.6027,1642602.6594
1,2244.5984,1642.6054,1642605.3594
1,2245.0358,1643.0428,1643042.7594
1,2245.0986,1643.1056,1643105.5594
1,2245.1099,1643.1169,1643116.8594
1,2245.1123,1643.1193,1643119.2594
1,2245.1744,1643.1814,1643181.3594
1,2245.1966,1643.2036,1643203.5594
1,2245.2007,1643.2077,1643207.6594
1,2245.2090,1643.2160,1643215.9594
1,2245.4036,1643.4106,1643410.5594
1,2246.3816,1644.3886,1644388.5594
1,2246.6310,1644.6380,1644637.9594
1,2247.3617,1645.3687,1645368.6594
1,2247.4591,1645.4661,1645466.0594
1,2247.5685,1645.5755,1645575.4594
1,2247.5757,1645.5827,1645582.6594
1,2248.2320,1646.2390,1646238.9594
1,2249.7146,1647.7216,1647721.5594
1,2249.8955,1647.9025,1647902.4594
1,2249.9238,1647.9308,1647930.7594
1,2249.9461,1647.9531,1647953.0594
1,2249.9704,1647.9774,1647977.3594
1,2250.0122,1648.0192,1648019.1594
1,2250.0372,1648.0442,1648044.1594
1,2250.0402,1648.0472,1648047.1594
1,2250.0446,1648.0516,1648051.5594
1,2250.0608,1648.0678,1648067.7594
1,2250.0944,1648.1014,1648101.3594
1,2250.0971,1648.1041,1648104.0594
1,2250.1067,1648.1137,1648113.6594
1,2250.7091,1648.7161,1648716.0594
1,2251.4583,1649.4653,1649465.2594
1,2252.1333,1650.1403,1650140.2594
1,2252.2697,1650.2767,1650276.6594
1,2252.2772,1650.2842,1650284.1594
1,2252.3075,1650.3145,1650314.4594
1,2252.3364,1650.3434,1650343.3594
1,2252.3888,1650.3958,1650395.7594
1,2252.4292,1650.4362,1650436.1594
1,2252.4776,1650.4846,1650484.5594
1,2252.5282,1650.5352,1650535.1594
1,2252.5307,1650.5377,1650537.6594
1,2252.5593,1650.5663,1650566.2594
1,2252.5723,1650.5793,1650579.2594
1,2252.5789,1650.5859,1650585.8594
1,2252.6183,1650.6253,1650625.2594
1,2252.6942,1650.7012,1650701.1594
1,2253.1814,1651.1884,1651188.3594
1,2253.2175,1651.2245,1651224.4594
1,2253.2492,1651.2562,1651256.1594
1,2253.3107,1651.3177,1651317.6594
1,2253.4187,1651.4257,1651425.6594
1,2253.8023,1651.8093,1651809.2594
1,2254.3932,1652.4002,1652400.1594
1,2254.4389,1652.4459,1652445.8594
1,2254.5101,1652.5171,1652517.0594
1,2254.5543,1652.5613,1652561.2594
1,2254.5687,1652.5757,1652575.6594
1,2254.5973,1652.6043,1652604.2594
1,2254.6391,1652.6461,1652646.0594
1,2254.6606,1652.6676,1652667.5594
1,2254.6748,1652.6818,1652681.7594
1,2254.7355,1652.7425,1652742.4594
1,2254.7382,1652.7452,1652745.1594
1,2254.7928,1652.7998,1652799.7594
1,2254.8140,1652.8210,1652820.9594
1,2254.8307,1652.8377,1652837.6594
1,2254.8333,1652.8403,1652840.2594
1,2254.9160,1652.9230,1652922.9594
1,2256.8854,1654.8924,1654892.3594
1,2257.0365,1655.0435,1655043.4594
1,2257.0836,1655.0906,1655090.5594
1,2257.2306,1655.2376,1655237.5594
1,2257.4024,1655.4094,1655409.3594
1,2257.4966,1655.5036,1655503.5594
1,2257.6378,1655.6448,1655644.7594
1,2258.0443,1656.0513,1656051.2594
1,2258.3203,1656.3273,1656327.2594
1,2258.3687,1656.3757,1656375.6594
1,2258.3778,1656.3848,1656384.7594
1,2258.3947,1656.4017,1656401.6594
1,2258.4811,1656.4881,1656488.0594
1,2258.4996,1656.5066,1656506.5594
1,2258.5215,1656.5285,1656528.4594
1,2258.5307,1656.5377,1656537.6594
1,2258.5411,1656.5481,1656548.0594
1,2258.6157,1656.6227,1656622.6594
1,2258.6705,1656.6775,1656677.4594
1,2258.9495,1656.9565,1656956.4594
1,2258.9836,1656.9906,1656990.5594
1,2259.0907,1657.0977,1657097.6594
1,2259.1054,1657.1124,1657112.3594
1,2259.1751,1657.1821,1657182.0594
1,2259.2102,1657.2172,1657217.1594
1,2259.3403,1657.3473,1657347.2594
1,2259.3881,1657.3951,1657395.0594
1,2259.4035,1657.4105,1657410.4594
1,2259.4502,1657.4572,1657457.1594
1,2259.4939,1657.5009,1657500.8594
1,2259.5593,1657.5663,1657566.2594
1,2259.5830,1657.5900,1657589.9594
1,2259.7986,1657.8056,1657805.5594
1,2259.8642,1657.8712,1657871.1594
1,2259.9257,1657.9327,1657932.6594
1,2259.9292,1657.9362,1657936.1594
1,2260.1856,1658.1926,1658192.5594
1,2260.2576,1658.2646,1658264.5594
1,2260.3243,1658.3313,1658331.2594
1,2260.3318,1658.3388,1658338.7594
1,2260.3345,1658.3415,1658341.4594
1,2260.3940,1658.4010,1658400.9594
1,2260.4155,1658.4225,1658422.4594
1,2260.4173,1658.4243,1658424.2594
1,2260.4355,1658.4425,1658442.4594
1,2260.4597,1658.4667,1658466.6594
1,2260.4956,1658.5026,1658502.5594
1,2260.4982,1658.5052,1658505.1594
1,2260.5483,1658.5553,1658555.2594
1,2260.5598,1658.5668,1658566.7594
1,2260.5652,1658.5722,1658572.1594
1,2260.5680,1658.5750,1658574.9594
1,2260.5876,1658.5946,1658594.5594
1,2260.6156,1658.6226,1658622.5594
1,2260.6253,1658.6323,1658632.2594
1,2260.6465,1658.6535,1658653.4594
1,2260.6548,1658.6618,1658661.7594
1,2260.6987,1658.7057,1658705.6594
1,2260.7057,1658.7127,1658712.6594
1,2260.7254,1658.7324,1658732.3594
1,2260.7519,1658.7589,1658758.8594
1,2260.7578,1658.7648,1658764.7594
1,2260.7708,1658.7778,1658777.7594
1,2260.8050,1658.8120,1658811.9594
1,2260.8183,1658.8253,1658825.2594
1,2260.8393,1658.8463,1658846.2594
1,2260.8498,1658.8568,1658856.7594
1,2260.8569,1658.8639,1658863.8594
1,2260.8639,1658.8709,1658870.8594
1,2260.8828,1658.8898,1658889.7594
1,2260.9022,1658.9092,1658909.1594
1,2260.9100,1658.9170,1658916.9594
1,2260.9143,1658.9213,1658921.2594
1,2260.9461,1658.9531,1658953.0594
1,2260.9485,1658.9555,1658955.4594
1,2260.9542,1658.9612,1658961.1594
1,2261.5006,1659.5076,1659507.5594
1,2261.6402,1659.6472,1659647.1594
1,2261.6582,1659.6652,1659665.1594
1,2261.7060,1659.7130,1659712.9594
1,2261.7380,1659.7450,1659744.9594
1,2261.7705,1659.7775,1659777.4594
1,2261.7942,1659.8012,1659801.1594
1,2261.8003,1659.8073,1659807.2594
1,2261.8029,1659.8099,1659809.8594
1,2261.8148,1659.8218,1659821.7594
1,2261.8667,1659.8737,1659873.6594
1,2261.8711,1659.8781,1659878.0594
1,2261.8880,1659.8950,1659894.9594
1,2261.9057,1659.9127,1659912.6594
1,2261.9120,1659.9190,1659918.9594
1,2261.9241,1659.9311,1659931.0594
1,2261.9597,1659.9667,1659966.6594
1,2262.0091,1660.0161,1660016.0594
1,2262.0119,1660.0189,1660018.8594
1,2262.0655,1660.0725,1660072.4594
1,2262.0721,1660.0791,1660079.0594
1,2262.0952,1660.1022,1660102.1594
1,2262.1275,1660.1345,1660134.4594
1,2262.1443,1660.1513,1660151.2594
1,2262.1940,1660.2010,1660200.9594
1,2262.2167,1660.2237,1660223.6594
1,2262.2496,1660.2566,1660256.5594
1,2262.2832,1660.2902,1660290.1594
1,2262.3122,1660.3192,1660319.1594
1,2262.4719,1660.4789,1660478.8594
1,2262.5446,1660.5516,1660551.5594
1,2262.5876,1660.5946,1660594.5594
1,2262.7045,1660.7115,1660711.4594
1,2262.8195,1660.8265,1660826.4594
1,2262.8771,1660.8841,1660884.0594
1,2262.9676,1660.9746,1660974.5594
1,2263.0082,1661.0152,1661015.1594
1,2263.0474,1661.0544,1661054.3594
1,2263.0582,1661.0652,1661065.1594
1,2263.0754,1661.0824,1661082.3594
1,2263.1058,1661.1128,1661112.7594
1,2263.1138,1661.1208,1661120.7594
1,2263.1552,1661.1622,1661162.1594
1,2263.1641,1661.1711,1661171.0594
1,2263.1782,1661.1852,1661185.1594
1,2263.1842,1661.1912,1661191.1594
1,2263.2369,1661.2439,1661243.8594
1,2263.2643,1661.2713,1661271.2594
1,2263.3017,1661.3087,1661308.6594
1,2263.3427,1661.3497,1661349.6594
1,2263.4071,1661.4141,1661414.0594
1,2263.4147,1661.4217,1661421.6594
1,2263.4228,1661.4298,1661429.7594
1,2263.4308,1661.4378,1661437.7594
1,2263.4368,1661.4438,1661443.7594
1,2263.4663,1661.4733,1661473.2594
1,2263.4691,1661.4761,1661476.0594
1,2263.4801,1661.4871,1661487.0594
1,2263.4890,1661.4960,1661495.9594
1,2263.4927,1661.4997,1661499.6594
1,2263.5136,1661.5206,1661520.5594
1,2263.5507,1661.5577,1661557.6594
1,2263.5548,1661.5618,1661561.7594
1,2263.5650,1661.5720,1661571.9594
1,2263.5695,1661.5765,1661576.4594
1,2263.5933,1661.6003,1661600.2594
1,2263.6018,1661.6088,1661608.7594
1,2263.6165,1661.6235,1661623.4594
1,2263.6343,1661.6413,1661641.2594
1,2263.6517,1661.6587,1661658.6594
1,2263.6616,1661.6686,1661668.5594
1,2263.6704,1661.6774,1661677.3594
1,2263.6727,1661.6797,1661679.6594
1,2263.6889,1661.6959,1661695.8594
1,2263.7015,1661.7085,1661708.4594
1,2263.7038,1661.7108,1661710.7594
1,2263.7064,1661.7134,1661713.3594
1,2263.7094,1661.7164,1661716.3594
1,2263.7167,1661.7237,1661723.6594
1,2263.7527,1661.7597,1661759.6594
1,2263.7576,1661.7646,1661764.5594
1,2263.7601,1661.7671,1661767.0594
1,2263.7698,1661.7768,1661776.7594
1,2263.7738,1661.7808,1661780.7594
1,2263.8132,1661.8202,1661820.1594
1,2263.8503,1661.8573,1661857.2594
1,2263.8697,1661.8767,1661876.6594
1,2263.8732,1661.8802,1661880.1594
1,2263.8771,1661.8841,1661884.0594
1,2263.8819,1661.8889,1661888.8594
1,2263.9154,1661.9224,1661922.3594
1,2263.9190,1661.9260,1661925.9594
1,2263.9212,1661.9282,1661928.1594
1,2263.9241,1661.9311,1661931.0594
1,2263.9441,1661.9511,1661951.0594
1,2263.9527,1661.9597,1661959.6594
1,2263.9577,1661.9647,1661964.6594
1,2263.9619,1661.9689,1661968.8594
1,2263.9674,1661.9744,1661974.3594
1,2264.0015,1662.0085,1662008.4594
1,2264.0369,1662.0439,1662043.8594
1,2264.0497,1662.0567,1662056.6594
1,2264.0532,1662.0602,1662060.1594
1,2264.0553,1662.0623,1662062.2594
1,2264.0673,1662.0743,1662074.2594
1,2264.0699,1662.0769,1662076.8594
1,2264.0944,1662.1014,1662101.3594
1,2264.1174,1662.1244,1662124.3594
1,2264.1235,1662.1305,1662130.4594
1,2264.1552,1662.1622,1662162.1594
1,2264.1574,1662.1644,1662164.3594
1,2264.1948,1662.2018,1662201.7594
1,2264.1972,1662.2042,1662204.1594
1,2264.2058,1662.2128,1662212.7594
1,2264.2475,1662.2545,1662254.4594
1,2264.2502,1662.2572,1662257.1594
1,2264.2889,1662.2959,1662295.8594
1,2264.2981,1662.3051,1662305.0594
1,2264.3134,1662.3204,1662320.3594
1,2264.3571,1662.3641,1662364.0594
1,2264.3856,1662.3926,1662392.5594
1,2264.4228,1662.4298,1662429.7594
1,2264.4467,1662.4537,1662453.6594
1,2264.4498,1662.4568,1662456.7594
1,2264.5084,1662.5154,1662515.3594
1,2264.5108,1662.5178,1662517.7594
1,2264.5160,1662.5230,1662522.9594
1,2264.5291,1662.5361,1662536.0594
1,2264.5726,1662.5796,1662579.5594
1,2264.5992,1662.6062,1662606.1594
1,2264.6100,1662.6170,1662616.9594
1,2264.6337,1662.6407,1662640.6594
1,2264.6893,1662.6963,1662696.2594
1,2264.6916,1662.6986,1662698.5594
1,2264.7130,1662.7200,1662719.9594
1,2264.7537,1662.7607,1662760.6594
1,2264.7609,1662.7679,1662767.8594
1,2264.8456,1662.8526,1662852.5594
1,2264.8816,1662.8886,1662888.5594
1,2265.0265,1663.0335,1663033.4594
1,2265.1273,1663.1343,1663134.2594
1,2265.1440,1663.1510,1663150.9594
1,2265.2676,1663.2746,1663274.5594
1,2265.2691,1663.2761,1663276.0594
1,2265.3310,1663.3380,1663337.9594
1,2265.3376,1663.3446,1663344.5594
1,2265.3825,1663.3895,1663389.4594
1,2265.8498,1663.8568,1663856.7594
1,2265.8654,1663.8724,1663872.3594
1,2265.8928,1663.8998,1663899.7594
1,2265.8952,1663.9022,1663902.1594
1,2265.9153,1663.9223,1663922.2594
1,2265.9486,1663.9556,1663955.5594
1,2265.9716,1663.9786,1663978.5594
1,2265.9748,1663.9818,1663981.7594
1,2265.9786,1663.9856,1663985.5594
1,2266.0203,1664.0273,1664027.2594
1,2266.0442,1664.0512,1664051.1594
1,2266.0896,1664.0966,1664096.5594
1,2266.1210,1664.1280,1664127.9594
1,2266.1409,1664.1479,1664147.8594
1,2266.1669,1664.1739,1664173.8594
1,2266.1755,1664.1825,1664182.4594
1,2266.3042,1664.3112,1664311.1594
1,2266.3081,1664.3151,1664315.0594
1,2266.3323,1664.3393,1664339.2594
1,2266.4589,1664.4659,1664465.8594
1,2266.5344,1664.5414,1664541.3594
1,2266.6684,1664.6754,1664675.3594
1,2266.7288,1664.7358,1664735.7594
1,2266.7867,1664.7937,1664793.6594
1,2266.8252,1664.8322,1664832.1594
1,2266.8705,1664.8775,1664877.4594
1,2267.1628,1665.1698,1665169.7594
1,2267.1839,1665.1909,1665190.8594
1,2267.3384,1665.3454,1665345.3594
1,2267.3455,1665.3525,1665352.4594
1,2267.5664,1665.5734,1665573.3594
1,2267.6396,1665.6466,1665646.5594
1,2267.7392,1665.7462,1665746.1594
1,2267.7554,1665.7624,1665762.3594
1,2267.7869,1665.7939,1665793.8594
1,2267.7904,1665.7974,1665797.3594
1,2267.9189,1665.9259,1665925.8594
1,2267.9500,1665.9570,1665956.9594
1,2267.9832,1665.9902,1665990.1594
1,2267.9938,1666.0008,1666000.7594
1,2268.0114,1666.0184,1666018.3594
1,2268.0472,1666.0542,1666054.1594
1,2268.0512,1666.0582,1666058.1594
1,2268.0989,1666.1059,1666105.8594
1,2268.1790,1666.1860,1666185.9594
1,2268.2252,1666.2322,1666232.1594
1,2268.2450,1666.2520,1666251.9594
1,2268.2816,1666.2886,1666288.5594
1,2268.2854,1666.2924,1666292.3594
1,2268.3558,1666.3628,1666362.7594
1,2268.3720,1666.3790,1666378.9594
1,2268.4535,1666.4605,1666460.4594
1,2268.4773,1666.4843,1666484.2594
1,2268.4802,1666.4872,1666487.1594
1,2268.5090,1666.5160,1666515.9594
1,2268.5751,1666.5821,1666582.0594
1,2268.5836,1666.5906,1666590.5594
1,2268.6248,1666.6318,1666631.7594
1,2268.7163,1666.7233,1666723.2594
1,2268.7253,1666.7323,1666732.2594
1,2268.8433,1666.8503,1666850.2594
1,2268.8782,1666.8852,1666885.1594
1,2268.8998,1666.9068,1666906.7594
1,2269.2305,1667.2375,1667237.4594
1,2269.5008,1667.5078,1667507.7594
1,2269.6254,1667.6324,1667632.3594
1,2269.8483,1667.8553,1667855.2594
1,2269.9368,1667.9438,1667943.7594
1,2269.9593,1667.9663,1667966.2594
1,2270.0120,1668.0190,1668018.9594
1,2270.0194,1668.0264,1668026.3594
1,2270.0588,1668.0658,1668065.7594
1,2270.0959,1668.1029,1668102.8594
1,2270.1136,1668.1206,1668120.5594
1,2270.1590,1668.1660,1668165.9594
1,2270.2187,1668.2257,1668225.6594
1,2270.2294,1668.2364,1668236.3594
1,2270.2606,1668.2676,1668267.5594
1,2270.2879,1668.2949,1668294.8594
1,2270.2984,1668.3054,1668305.3594
1,2270.3248,1668.3318,1668331.7594
1,2270.3317,1668.3387,1668338.6594
1,2270.3346,1668.3416,1668341.5594
1,2270.3530,1668.3600,1668359.9594
1,2270.4015,1668.4085,1668408.4594
1,2270.4046,1668.4116,1668411.5594
1,2270.4064,1668.4134,1668413.3594
1,2270.4089,1668.4159,1668415.8594
1,2270.4113,1668.4183,1668418.2594
1,2270.5057,1668.5127,1668512.6594
1,2270.5142,1668.5212,1668521.1594
1,2270.5254,1668.5324,1668532.3594
1,2270.5772,1668.5842,1668584.1594
1,2270.5793,1668.5863,1668586.2594
1,2270.6032,1668.6102,1668610.1594
1,2270.6609,1668.6679,1668667.8594
1,2270.7176,1668.7246,1668724.5594
1,2270.7521,1668.7591,1668759.0594
1,2270.7658,1668.7728,1668772.7594
1,2270.8073,1668.8143,1668814.2594
1,2270.8146,1668.8216,1668821.5594
1,2270.8167,1668.8237,1668823.6594
1,2270.8578,1668.8648,1668864.7594
1,2270.8605,1668.8675,1668867.4594
1,2270.8732,1668.8802,1668880.1594
1,2270.8786,1668.8856,1668885.5594
1,2270.8884,1668.8954,1668895.3594
1,2270.9067,1668.9137,1668913.6594
1,2270.9305,1668.9375,1668937.4594
1,2270.9441,1668.9511,1668951.0594
1,2270.9675,1668.9745,1668974.4594
1,2270.9818,1668.9888,1668988.7594
1,2270.9980,1669.0050,1669004.9594
1,2271.0031,1669.0101,1669010.0594
1,2271.0374,1669.0444,1669044.3594
1,2271.0673,1669.0743,1669074.2594
1,2271.0741,1669.0811,1669081.0594
1,2271.1040,1669.1110,1669110.9594
1,2271.1633,1669.1703,1669170.2594
1,2271.1717,1669.1787,1669178.6594
1,2271.2171,1669.2241,1669224.0594
1,2271.2519,1669.2589,1669258.8594
1,2271.2943,1669.3013,1669301.2594
1,2271.4303,1669.4373,1669437.2594
1,2271.4561,1669.4631,1669463.0594
1,2271.5219,1669.5289,1669528.8594
1,2271.6871,1669.6941,1669694.0594
1,2271.7074,1669.7144,1669714.3594
1,2271.7098,1669.7168,1669716.7594
1,2271.7814,1669.7884,1669788.3594
1,2272.4168,1670.4238,1670423.7594
1,2272.6851,1670.6921,1670692.0594
1,2273.5603,1671.5673,1671567.2594
1,2273.5915,1671.5985,1671598.4594
1,2273.6194,1671.6264,1671626.3594
1,2273.6761,1671.6831,1671683.0594
1,2273.6830,1671.6900,1671689.9594
1,2273.7270,1671.7340,1671733.9594
1,2273.7527,1671.7597,1671759.6594
1,2273.7762,1671.7832,1671783.1594
1,2273.7899,1671.7969,1671796.8594
1,2273.8201,1671.8271,1671827.0594
1,2273.8518,1671.8588,1671858.7594
1,2273.9289,1671.9359,1671935.8594
1,2273.9629,1671.9699,1671969.8594
1,2273.9736,1671.9806,1671980.5594
1,2274.0325,1672.0395,1672039.4594
1,2274.0916,1672.0986,1672098.5594
1,2274.1298,1672.1368,1672136.7594
1,2274.1589,1672.1659,1672165.8594
1,2274.2035,1672.2105,1672210.4594
1,2274.2312,1672.2382,1672238.1594
1,2274.2333,1672.2403,1672240.2594
1,2274.2655,1672.2725,1672272.4594
1,2274.5471,1672.5541,1672554.0594
1,2274.6311,1672.6381,1672638.0594
1,2274.6889,1672.6959,1672695.8594
1,2274.7237,1672.7307,1672730.6594
1,2274.7421,1672.7491,1672749.0594
1,2274.7677,1672.7747,1672774.6594
1,2274.7902,1672.7972,1672797.1594
1,2274.8053,1672.8123,1672812.2594
1,2274.8216,1672.8286,1672828.5594
1,2274.8441,1672.8511,1672851.0594
1,2274.8567,1672.8637,1672863.6594
1,2274.9032,1672.9102,1672910.1594
1,2274.9071,1672.9141,1672914.0594
1,2274.9588,1672.9658,1672965.7594
1,2274.9612,1672.9682,1672968.1594
1,2275.0624,1673.0694,1673069.3594
1,2275.2767,1673.2837,1673283.6594
1,2275.3791,1673.3861,1673386.0594
1,2275.3981,1673.4051,1673405.0594
1,2275.4563,1673.4633,1673463.2594
1,2275.4797,1673.4867,1673486.6594
1,2275.5087,1673.5157,1673515.6594
1,2275.6041,1673.6111,1673611.0594
1,2275.6981,1673.7051,1673705.0594
1,2275.7795,1673.7865,1673786.4594
1,2275.7914,1673.7984,1673798.3594
1,2275.8083,1673.8153,1673815.2594
1,2275.8160,1673.8230,1673822.9594
1,2275.8400,1673.8470,1673846.9594
1,2275.8442,1673.8512,1673851.1594
1,2275.8469,1673.8539,1673853.8594
1,2275.8544,1673.8614,1673861.3594
1,2275.8745,1673.8815,1673881.4594
1,2275.9067,1673.9137,1673913.6594
1,2275.9150,1673.9220,1673921.9594
1,2275.9420,1673.9490,1673948.9594
1,2275.9594,1673.9664,1673966.3594
1,2275.9623,1673.9693,1673969.2594
1,2275.9904,1673.9974,1673997.3594
1,2275.9937,1674.0007,1674000.6594
1,2276.0248,1674.0318,1674031.7594
1,2276.0873,1674.0943,1674094.2594
1,2276.1431,1674.1501,1674150.0594
1,2276.3671,1674.3741,1674374.0594
1,2276.8491,1674.8561,1674856.0594
1,2276.9459,1674.9529,1674952.8594
1,2276.9616,1674.9686,1674968.5594
1,2277.0801,1675.0871,1675087.0594
1,2277.1356,1675.1426,1675142.5594
1,2277.2109,1675.2179,1675217.8594
1,2277.3027,1675.3097,1675309.6594
1,2277.3204,1675.3274,1675327.3594
1,2277.3637,1675.3707,1675370.6594
1,2277.3852,1675.3922,1675392.1594
1,2277.3914,1675.3984,1675398.3594
1,2277.4615,1675.4685,1675468.4594
1,2277.4821,1675.4891,1675489.0594
1,2277.5426,1675.5496,1675549.5594
1,2277.5667,1675.5737,1675573.6594
1,2277.6508,1675.6578,1675657.7594
1,2277.6836,1675.6906,1675690.5594
1,2277.7129,1675.7199,1675719.8594
1,2277.7261,1675.7331,1675733.0594
1,2277.7437,1675.7507,1675750.6594
1,2277.7467,1675.7537,1675753.6594
1,2277.8157,1675.8227,1675822.6594
1,2277.8389,1675.8459,1675845.8594
1,2277.8572,1675.8642,1675864.1594
1,2277.8995,1675.9065,1675906.4594
1,2277.9089,1675.9159,1675915.8594
1,2277.9743,1675.9813,1675981.2594
1,2278.0299,1676.0369,1676036.8594
1,2278.0890,1676.0960,1676095.9594
1,2278.0919,1676.0989,1676098.8594
1,2278.1057,1676.1127,1676112.6594
1,2278.1321,1676.1391,1676139.0594
1,2278.1387,1676.1457,1676145.6594
1,2278.2031,1676.2101,1676210.0594
1,2278.2454,1676.2524,1676252.3594
1,2278.3946,1676.4016,1676401.5594
1,2278.4144,1676.4214,1676421.3594
1,2278.4339,1676.4409,1676440.8594
1,2278.4626,1676.4696,1676469.5594
1,2278.4869,1676.4939,1676493.8594
1,2278.4892,1676.4962,1676496.1594
1,2278.5023,1676.5093,1676509.2594
1,2278.5342,1676.5412,1676541.1594
1,2278.5468,1676.5538,1676553.7594
1,2278.5491,1676.5561,1676556.0594
1,2278.5514,1676.5584,1676558.3594
1,2278.5795,1676.5865,1676586.4594
1,2278.5975,1676.6045,1676604.4594
1,2278.5993,1676.6063,1676606.2594
1,2278.6432,1676.6502,1676650.1594
1,2278.6454,1676.6524,1676652.3594
1,2278.6477,1676.6547,1676654.6594
1,2278.6616,1676.6686,1676668.5594
1,2278.6894,1676.6964,1676696.3594
1,2278.7066,1676.7136,1676713.5594
1,2278.7116,1676.7186,1676718.5594
1,2278.7197,1676.7267,1676726.6594
1,2278.7551,1676.7621,1676762.0594
1,2278.7686,1676.7756,1676775.5594
1,2278.7973,1676.8043,1676804.2594
1,2278.7996,1676.8066,1676806.5594
1,2278.8150,1676.8220,1676821.9594
1,2278.8301,1676.8371,1676837.0594
1,2278.8576,1676.8646,1676864.5594
1,2278.8603,1676.8673,1676867.2594
1,2278.8986,1676.9056,1676905.5594
1,2278.9110,1676.9180,1676917.9594
1,2278.9343,1676.9413,1676941.2594
1,2278.9844,1676.9914,1676991.3594
1,2279.0172,1677.0242,1677024.1594
1,2279.0515,1677.0585,1677058.4594
1,2279.0682,1677.0752,1677075.1594
1,2279.1169,1677.1239,1677123.8594
1,2279.1319,1677.1389,1677138.8594
1,2279.1336,1677.1406,1677140.5594
1,2279.1565,1677.1635,1677163.4594
1,2279.1656,1677.1726,1677172.5594
1,2279.1784,1677.1854,1677185.3594
1,2279.1838,1677.1908,1677190.7594
1,2279.1876,1677.1946,1677194.5594
1,2279.1898,1677.1968,1677196.7594
1,2279.1915,1677.1985,1677198.4594
1,2279.2175,1677.2245,1677224.4594
1,2279.2388,1677.2458,1677245.7594
1,2279.2412,1677.2482,1677248.1594
1,2279.2506,1677.2576,1677257.5594
1,2279.2526,1677.2596,1677259.5594
1,2279.2791,1677.2861,1677286.0594
1,2279.2911,1677.2981,1677298.0594
1,2279.3333,1677.3403,1677340.2594
1,2279.3478,1677.3548,1677354.7594
1,2279.3513,1677.3583,1677358.2594
1,2279.3956,1677.4026,1677402.5594
1,2279.4014,1677.4084,1677408.3594
1,2279.4116,1677.4186,1677418.5594
1,2279.4139,1677.4209,1677420.8594
1,2279.4328,1677.4398,1677439.7594
1,2279.4351,1677.4421,1677442.0594
1,2279.4545,1677.4615,1677461.4594
1,2279.4932,1677.5002,1677500.1594
1,2279.4956,1677.5026,1677502.5594
1,2279.5064,1677.5134,1677513.3594
1,2279.5172,1677.5242,1677524.1594
1,2279.5196,1677.5266,1677526.5594
1,2279.5819,1677.5889,1677588.8594
1,2279.5842,1677.5912,1677591.1594
1,2279.6052,1677.6122,1677612.1594
1,2279.6467,1677.6537,1677653.6594
1,2279.6558,1677.6628,1677662.7594
1,2279.6866,1677.6936,1677693.5594
1,2279.6893,1677.6963,1677696.2594
1,2279.7165,1677.7235,1677723.4594
1,2279.7314,1677.7384,1677738.3594
1,2279.7564,1677.7634,1677763.3594
1,2279.7674,1677.7744,1677774.3594
1,2279.8015,1677.8085,1677808.4594
1,2279.8199,1677.8269,1677826.8594
1,2279.8252,1677.8322,1677832.1594
1,2279.8516,1677.8586,1677858.5594
1,2279.8535,1677.8605,1677860.4594
1,2279.9556,1677.9626,1677962.5594
1,2279.9599,1677.9669,1677966.8594
1,2279.9753,1677.9823,1677982.2594
1,2280.0100,1678.0170,1678016.9594
1,2280.0309,1678.0379,1678037.8594
1,2280.0357,1678.0427,1678042.6594
1,2280.0450,1678.0520,1678051.9594
1,2280.0616,1678.0686,1678068.5594
1,2280.1694,1678.1764,1678176.3594
1,2280.1814,1678.1884,1678188.3594
1,2280.2887,1678.2957,1678295.6594
1,2280.3161,1678.3231,1678323.0594
1,2280.3888,1678.3958,1678395.7594
1,2280.3923,1678.3993,1678399.2594
1,2280.4059,1678.4129,1678412.8594
1,2280.4525,1678.4595,1678459.4594
1,2280.5000,1678.5070,1678506.9594
1,2280.5460,1678.5530,1678552.9594
1,2280.5648,1678.5718,1678571.7594
1,2280.5901,1678.5971,1678597.0594
1,2280.6271,1678.6341,1678634.0594
1,2280.6364,1678.6434,1678643.3594
1,2280.7099,1678.7169,1678716.8594
1,2280.7123,1678.7193,1678719.2594
1,2280.8281,1678.8351,1678835.0594
1,2280.8307,1678.8377,1678837.6594
1,2280.9625,1678.9695,1678969.4594
1,2280.9648,1678.9718,1678971.7594
1,2280.9680,1678.9750,1678974.9594
1,2281.0377,1679.0447,1679044.6594
1,2281.0486,1679.0556,1679055.5594
1,2284.0721,1682.0791,1682079.0594
1,2284.1913,1682.1983,1682198.2594
1,2284.2059,1682.2129,1682212.8594
1,2284.2090,1682.2160,1682215.9594
1,2284.2573,1682.2643,1682264.2594
1,2284.3699,1682.3769,1682376.8594
1,2285.3853,1683.3923,1683392.2594
1,2285.6758,1683.6828,1683682.7594
1,2285.6899,1683.6969,1683696.8594
1,2285.8250,1683.8320,1683831.9594
1,2286.3044,1684.3114,1684311.3594
1,2286.3092,1684.3162,1684316.1594
1,2286.3386,1684.3456,1684345.5594
1,2286.6908,1684.6978,1684697.7594
1,2287.2992,1685.3062,1685306.1594
1,2287.3019,1685.3089,1685308.8594
1,2288.7593,1686.7663,1686766.2594
1,2289.9290,1687.9360,1687935.9594
1,2289.9499,1687.9569,1687956.8594
1,2290.1084,1688.1154,1688115.3594
1,2290.3468,1688.3538,1688353.7594
1,2290.3951,1688.4021,1688402.0594
1,2290.7630,1688.7700,1688769.9594
1,2290.7691,1688.7761,1688776.0594
1,2291.5987,1689.6057,1689605.6594
1,2292.2728,1690.2798,1690279.7594
1,2292.3246,1690.3316,1690331.5594
1,2293.9111,1691.9181,1691918.0594
1,2293.9907,1691.9977,1691997.6594
1,2294.4858,1692.4928,1692492.7594
1,2294.5601,1692.5671,1692567.0594
1,2294.9520,1692.9590,1692958.9594
1,2295.4122,1693.4192,1693419.1594
1,2295.4148,1693.4218,1693421.7594
1,2295.4759,1693.4829,1693482.8594
1,2295.4834,1693.4904,1693490.3594
1,2295.5427,1693.5497,1693549.6594
1,2295.6664,1693.6734,1693673.3594
1,2295.6930,1693.7000,1693699.9594
1,2295.9080,1693.9150,1693914.9594
1,2295.9108,1693.9178,1693917.7594
1,2295.9277,1693.9347,1693934.6594
1,2295.9398,1693.9468,1693946.7594
1,2295.9921,1693.9991,1693999.0594
1,2296.2132,1694.2202,1694220.1594
1,2296.3515,1694.3585,1694358.4594
1,2296.4443,1694.4513,1694451.2594
1,2296.5233,1694.5303,1694530.2594
1,2296.8980,1694.9050,1694904.9594
1,2297.2550,1695.2620,1695261.9594
1,2297.4680,1695.4750,1695474.9594
1,2298.2426,1696.2496,1696249.5594
1,2298.3800,1696.3870,1696386.9594
1,2298.5135,1696.5205,1696520.4594
1,2298.5195,1696.5265,1696526.4594
1,2298.5648,1696.5718,1696571.7594
1,2298.6849,1696.6919,1696691.8594
1,2298.7726,1696.7796,1696779.5594
1,2298.7786,1696.7856,1696785.5594
1,2298.7953,1696.8023,1696802.2594
1,2298.8234,1696.8304,1696830.3594
1,2298.8377,1696.8447,1696844.6594
1,2298.8440,1696.8510,1696850.9594
1,2298.8559,1696.8629,1696862.8594
1,2298.8750,1696.8820,1696881.9594
1,2298.8801,1696.8871,1696887.0594
1,2298.9155,1696.9225,1696922.4594
1,2298.9584,1696.9654,1696965.3594
1,2298.9817,1696.9887,1696988.6594
1,2299.0103,1697.0173,1697017.2594
1,2299.0164,1697.0234,1697023.3594
1,2299.0182,1697.0252,1697025.1594
1,2299.0535,1697.0605,1697060.4594
1,2299.0685,1697.0755,1697075.4594
1,2299.1584,1697.1654,1697165.3594
1,2299.2151,1697.2221,1697222.0594
1,2299.4105,1697.4175,1697417.4594
1,2299.4203,1697.4273,1697427.2594
1,2299.8415,1697.8485,1697848.4594
1,2300.0583,1698.0653,1698065.2594
1,2300.1148,1698.1218,1698121.7594
1,2300.3688,1698.3758,1698375.7594
1,2301.1818,1699.1888,1699188.7594
1,2302.2725,1700.2795,1700279.4594
1,2302.3036,1700.3106,1700310.5594
1,2302.3475,1700.3545,1700354.4594
1,2302.3550,1700.3620,1700361.9594
1,2302.3580,1700.3650,1700364.9594
1,2302.3850,1700.3920,1700391.9594
1,2302.5013,1700.5083,1700508.2594
1,2302.5078,1700.5148,1700514.7594
1,2302.5627,1700.5697,1700569.6594
1,2302.7176,1700.7246,1700724.5594
1,2303.2737,1701.2807,1701280.6594
1,2303.3144,1701.3214,1701321.3594
1,2303.3250,1701.3320,1701331.9594
1,2303.3448,1701.3518,1701351.7594
1,2303.4542,1701.4612,1701461.1594
1,2303.4738,1701.4808,1701480.7594
1,2303.4872,1701.4942,1701494.1594
1,2303.6114,1701.6184,1701618.3594
1,2303.6133,1701.6203,1701620.2594
1,2305.1926,1703.1996,1703199.5594
1,2305.6023,1703.6093,1703609.2594
1,2306.5182,1704.5252,1704525.1594
1,2306.6719,1704.6789,1704678.8594
1,2307.3039,1705.3109,1705310.8594
1,2307.5660,1705.5730,1705572.9594
1,2307.8564,1705.8634,1705863.3594
1,2307.9635,1705.9705,1705970.4594
1,2308.0096,1706.0166,1706016.5594
1,2308.0237,1706.0307,1706030.6594
1,2308.0261,1706.0331,1706033.0594
1,2308.0283,1706.0353,1706035.2594
1,2308.3584,1706.3654,1706365.3594
1,2310.1724,1708.1794,1708179.3594
1,2310.4169,1708.4239,1708423.8594
1,2310.6078,1708.6148,1708614.7594
1,2310.7095,1708.7165,1708716.4594
1,2310.7594,1708.7664,1708766.3594
1,2310.8801,1708.8871,1708887.0594
1,2310.9094,1708.9164,1708916.3594
1,2310.9779,1708.9849,1708984.8594
1,2310.9930,1709.0000,1708999.9594
1,2311.4091,1709.4161,1709416.0594
1,2312.8808,1710.8878,1710887.7594
1,2313.2077,1711.2147,1711214.6594
1,2313.2853,1711.2923,1711292.2594
1,2313.9595,1711.9665,1711966.4594
1,2314.2765,1712.2835,1712283.4594
1,2315.2869,1713.2939,1713293.8594
1,2315.3911,1713.3981,1713398.0594
1,2315.4989,1713.5059,1713505.8594
1,2315.7455,1713.7525,1713752.4594
1,2315.9319,1713.9389,1713938.8594
1,2315.9595,1713.9665,1713966.4594
1,2316.0793,1714.0863,1714086.2594
1,2316.4974,1714.5044,1714504.3594
1,2317.1566,1715.1636,1715163.5594
1,2317.1591,1715.1661,1715166.0594
1,2318.3334,1716.3404,1716340.3594
1,2318.7169,1716.7239,1716723.8594
1,2318.7792,1716.7862,1716786.1594
1,2319.0422,1717.0492,1717049.1594
1,2319.1427,1717.1497,1717149.6594
1,2319.1644,1717.1714,1717171.3594
1,2319.2062,1717.2132,1717213.1594
1,2319.3001,1717.3071,1717307.0594
1,2319.3913,1717.3983,1717398.2594
1,2319.4217,1717.4287,1717428.6594
1,2319.4277,1717.4347,1717434.6594
1,2319.6287,1717.6357,1717635.6594
1,2319.6434,1717.6504,1717650.3594
1,2319.6680,1717.6750,1717674.9594
1,2319.8634,1717.8704,1717870.3594
1,2320.0580,1718.0650,1718064.9594
1,2320.2058,1718.2128,1718212.7594
1,2320.3081,1718.3151,1718315.0594
1,2320.3309,1718.3379,1718337.8594
1,2320.3913,1718.3983,1718398.2594
1,2320.3944,1718.4014,1718401.3594
1,2320.4173,1718.4243,1718424.2594
1,2320.4268,1718.4338,1718433.7594
1,2320.4657,1718.4727,1718472.6594
1,2320.4896,1718.4966,1718496.5594
1,2320.5278,1718.5348,1718534.7594
1,2320.5301,1718.5371,1718537.0594
1,2320.5827,1718.5897,1718589.6594
1,2320.6545,1718.6615,1718661.4594
1,2320.6965,1718.7035,1718703.4594
1,2320.7008,1718.7078,1718707.7594
1,2320.9039,1718.9109,1718910.8594
1,2321.0535,1719.0605,1719060.4594
1,2321.2313,1719.2383,1719238.2594
1,2321.2798,1719.2868,1719286.7594
1,2321.2831,1719.2901,1719290.0594
1,2321.8583,1719.8653,1719865.2594
1,2321.9693,1719.9763,1719976.2594
1,2322.0283,1720.0353,1720035.2594
1,2322.1327,1720.1397,1720139.6594
1,2322.6297,1720.6367,1720636.6594
1,2322.6897,1720.6967,1720696.6594
1,2322.7608,1720.7678,1720767.7594
1,2322.7654,1720.7724,1720772.3594
1,2324.6011,1722.6081,1722608.0594
1,2324.6719,1722.6789,1722678.8594
1,2324.6799,1722.6869,1722686.8594
1,2324.8426,1722.8496,1722849.5594
1,2324.9266,1722.9336,1722933.5594
1,2325.0150,1723.0220,1723021.9594
1,2325.1713,1723.1783,1723178.2594
1,2325.2404,1723.2474,1723247.3594
1,2325.3013,1723.3083,1723308.2594
1,2325.4945,1723.5015,1723501.4594
1,2325.4972,1723.5042,1723504.1594
1,2326.6703,1724.6773,1724677.2594
1,2326.8906,1724.8976,1724897.5594
1,2326.9322,1724.9392,1724939.1594
1,2327.0552,1725.0622,1725062.1594
1,2327.4945,1725.5015,1725501.4594
1,2327.5696,1725.5766,1725576.5594
1,2328.1165,1726.1235,1726123.4594
1,2328.5257,1726.5327,1726532.6594
1,2330.2683,1728.2753,1728275.2594
1,2331.2167,1729.2237,1729223.6594
1,2331.3018,1729.3088,1729308.7594
1,2331.3040,1729.3110,1729310.9594
1,2331.4196,1729.4266,1729426.5594
1,2331.4719,1729.4789,1729478.8594
1,2331.5920,1729.5990,1729598.9594
1,2331.6698,1729.6768,1729676.7594
1,2332.3822,1730.3892,1730389.1594
1,2332.3909,1730.3979,1730397.8594
1,2332.4389,1730.4459,1730445.8594
1,2332.4803,1730.4873,1730487.2594
1,2332.4956,1730.5026,1730502.5594
1,2332.5885,1730.5955,1730595.4594
1,2332.6303,1730.6373,1730637.2594
1,2332.7546,1730.7616,1730761.5594
1,2332.8477,1730.8547,1730854.6594
1,2332.8733,1730.8803,1730880.2594
1,2332.9441,1730.9511,1730951.0594
1,2332.9686,1730.9756,1730975.5594
1,2332.9829,1730.9899,1730989.8594
1,2333.0243,1731.0313,1731031.2594
1,2333.1137,1731.1207,1731120.6594
1,2333.2162,1731.2232,1731223.1594
1,2333.2368,1731.2438,1731243.7594
1,2333.4580,1731.4650,1731464.9594
1,2333.5778,1731.5848,1731584.7594
1,2333.6643,1731.6713,1731671.2594
1,2334.4963,1732.5033,1732503.2594
1,2334.5770,1732.5840,1732583.9594
1,2334.6612,1732.6682,1732668.1594
1,2335.2395,1733.2465,1733246.4594
1,2335.5143,1733.5213,1733521.2594
1,2335.5772,1733.5842,1733584.1594
1,2335.7658,1733.7728,1733772.7594
1,2335.8889,1733.8959,1733895.8594
1,2335.9490,1733.9560,1733955.9594
1,2336.0927,1734.0997,1734099.6594
1,2336.7795,1734.7865,1734786.4594
1,2337.3099,1735.3169,1735316.8594
1,2337.8606,1735.8676,1735867.5594
1,2337.9257,1735.9327,1735932.6594
1,2338.0671,1736.0741,1736074.0594
1,2338.1885,1736.1955,1736195.4594
1,2338.2367,1736.2437,1736243.6594
1,2338.4305,1736.4375,1736437.4594
1,2338.4568,1736.4638,1736463.7594
1,2338.4709,1736.4779,1736477.8594
1,2338.4817,1736.4887,1736488.6594
1,2338.5282,1736.5352,1736535.1594
1,2338.5375,1736.5445,1736544.4594
1,2338.5698,1736.5768,1736576.7594
1,2338.6228,1736.6298,1736629.7594
1,2338.6465,1736.6535,1736653.4594
1,2338.7108,1736.7178,1736717.7594
1,2338.7434,1736.7504,1736750.3594
1,2338.7608,1736.7678,1736767.7594
1,2338.7891,1736.7961,1736796.0594
1,2338.8678,1736.8748,1736874.7594
1,2338.9121,1736.9191,1736919.0594
1,2339.0149,1737.0219,1737021.8594
1,2339.0453,1737.0523,1737052.2594
1,2339.0779,1737.0849,1737084.8594
1,2339.1018,1737.1088,1737108.7594
1,2339.1042,1737.1112,1737111.1594
1,2339.1126,1737.1196,1737119.5594
1,2339.1588,1737.1658,1737165.7594
1,2339.2399,1737.2469,1737246.8594
1,2339.4259,1737.4329,1737432.8594
1,2339.5762,1737.5832,1737583.1594
1,2339.9552,1737.9622,1737962.1594
1,2340.2559,1738.2629,1738262.8594
1,2340.3192,1738.3262,1738326.1594
1,2340.3214,1738.3284,1738328.3594
1,2340.3463,1738.3533,1738353.2594
1,2340.4910,1738.4980,1738497.9594
1,2340.5241,1738.5311,1738531.0594
1,2340.5268,1738.5338,1738533.7594
1,2340.5306,1738.5376,1738537.5594
1,2340.5947,1738.6017,1738601.6594
1,2340.6130,1738.6200,1738619.9594
1,2340.6697,1738.6767,1738676.6594
1,2340.7254,1738.7324,1738732.3594
1,2340.7465,1738.7535,1738753.4594
1,2340.8375,1738.8445,1738844.4594
1,2340.8471,1738.8541,1738854.0594
1,2340.8858,1738.8928,1738892.7594
1,2340.8897,1738.8967,1738896.6594
1,2340.9411,1738.9481,1738948.0594
1,2340.9894,1738.9964,1738996.3594
1,2341.0402,1739.0472,1739047.1594
1,2341.0466,1739.0536,1739053.5594
1,2341.0532,1739.0602,1739060.1594
1,2341.0661,1739.0731,1739073.0594
1,2341.0886,1739.0956,1739095.5594
1,2341.1502,1739.1572,1739157.1594
1,2341.1792,1739.1862,1739186.1594
1,2341.2670,1739.2740,1739273.9594
1,2341.2937,1739.3007,1739300.6594
1,2341.3036,1739.3106,1739310.5594
1,2341.3207,1739.3277,1739327.6594
1,2341.4217,1739.4287,1739428.6594
1,2341.4780,1739.4850,1739484.9594
1,2341.5344,1739.5414,1739541.3594
1,2341.5391,1739.5461,1739546.0594
1,2341.6999,1739.7069,1739706.8594
1,2341.7258,1739.7328,1739732.7594
1,2341.7291,1739.7361,1739736.0594
1,2341.7780,1739.7850,1739784.9594
1,2341.7801,1739.7871,1739787.0594
1,2341.8361,1739.8431,1739843.0594
1,2341.9828,1739.9898,1739989.7594
1,2341.9851,1739.9921,1739992.0594
1,2342.0397,1740.0467,1740046.6594
1,2342.0472,1740.0542,1740054.1594
1,2342.0660,1740.0730,1740072.9594
1,2342.0738,1740.0808,1740080.7594
1,2342.1025,1740.1095,1740109.4594
1,2342.1062,1740.1132,1740113.1594
1,2342.1233,1740.1303,1740130.2594
1,2342.1527,1740.1597,1740159.6594
1,2342.1622,1740.1692,1740169.1594
1,2342.1679,1740.1749,1740174.8594
1,2342.1704,1740.1774,1740177.3594
1,2342.2236,1740.2306,1740230.5594
1,2342.2820,1740.2890,1740288.9594
1,2342.2874,1740.2944,1740294.3594
1,2342.2994,1740.3064,1740306.3594
1,2342.3081,1740.3151,1740315.0594
1,2342.3704,1740.3774,1740377.3594
1,2342.3862,1740.3932,1740393.1594
1,2342.4382,1740.4452,1740445.1594
1,2342.4579,1740.4649,1740464.8594
1,2342.4608,1740.4678,1740467.7594
1,2342.5287,1740.5357,1740535.6594
1,2342.5384,1740.5454,1740545.3594
1,2342.5512,1740.5582,1740558.1594
1,2342.5563,1740.5633,1740563.2594
1,2342.5940,1740.6010,1740600.9594
1,2342.6848,1740.6918,1740691.7594
1,2342.8946,1740.9016,1740901.5594
1,2342.9054,1740.9124,1740912.3594
1,2345.7023,1743.7093,1743709.2594
1,2345.8846,1743.8916,1743891.5594
1,2346.0100,1744.0170,1744016.9594
1,2346.5454,1744.5524,1744552.3594
1,2346.5824,1744.5894,1744589.3594
1,2346.6613,1744.6683,1744668.2594
1,2346.6950,1744.7020,1744701.9594
1,2346.7272,1744.7342,1744734.1594
1,2346.7615,1744.7685,1744768.4594
1,2346.7796,1744.7866,1744786.5594
1,2346.9625,1744.9695,1744969.4594
1,2347.0013,1745.0083,1745008.2594
1,2347.1852,1745.1922,1745192.1594
1,2347.1891,1745.1961,1745196.0594
1,2347.2309,1745.2379,1745237.8594
1,2347.2444,1745.2514,1745251.3594
1,2347.2522,1745.2592,1745259.1594
1,2347.3525,1745.3595,1745359.4594
1,2347.4161,1745.4231,1745423.0594
1,2347.4315,1745.4385,1745438.4594
1,2347.5042,1745.5112,1745511.1594
1,2347.5957,1745.6027,1745602.6594
1,2347.5979,1745.6049,1745604.8594
1,2347.8078,1745.8148,1745814.7594
1,2347.9315,1745.9385,1745938.4594
1,2348.0847,1746.0917,1746091.6594
1,2348.1902,1746.1972,1746197.1594
1,2348.6285,1746.6355,1746635.4594
1,2348.7928,1746.7998,1746799.7594
1,2348.7952,1746.8022,1746802.1594
1,2348.9322,1746.9392,1746939.1594
1,2349.0942,1747.1012,1747101.1594
1,2349.2890,1747.2960,1747295.9594
1,2349.4445,1747.4515,1747451.4594
1,2349.7574,1747.7644,1747764.3594
1,2349.9297,1747.9367,1747936.6594
1,2349.9777,1747.9847,1747984.6594
1,2350.1205,1748.1275,1748127.4594
1,2350.6086,1748.6156,1748615.5594
1,2350.7055,1748.7125,1748712.4594
1,2350.7679,1748.7749,1748774.8594
1,2350.9219,1748.9289,1748928.8594
1,2350.9937,1749.0007,1749000.6594
1,2350.9958,1749.0028,1749002.7594
1,2351.1226,1749.1296,1749129.5594
1,2351.4487,1749.4557,1749455.6594
1,2351.4509,1749.4579,1749457.8594
1,2351.9645,1749.9715,1749971.4594
1,2352.7445,1750.7515,1750751.4594
1,2352.7604,1750.7674,1750767.3594
1,2352.7625,1750.7695,1750769.4594
1,2352.7651,1750.7721,1750772.0594
1,2353.0846,1751.0916,1751091.5594
1,2353.1678,1751.1748,1751174.7594
1,2353.1703,1751.1773,1751177.2594
1,2353.2538,1751.2608,1751260.7594
1,2353.2575,1751.2645,1751264.4594
1,2353.3724,1751.3794,1751379.3594
1,2353.4220,1751.4290,1751428.9594
1,2353.4539,1751.4609,1751460.8594
1,2353.4998,1751.5068,1751506.7594
1,2353.5566,1751.5636,1751563.5594
1,2353.5720,1751.5790,1751578.9594
1,2353.6078,1751.6148,1751614.7594
1,2353.6436,1751.6506,1751650.5594
1,2353.6493,1751.6563,1751656.2594
1,2353.6511,1751.6581,1751658.0594
1,2353.6766,1751.6836,1751683.5594
1,2353.7078,1751.7148,1751714.7594
1,2353.7103,1751.7173,1751717.2594
1,2353.7176,1751.7246,1751724.5594
1,2353.7481,1751.7551,1751755.0594
1,2353.7522,1751.7592,1751759.1594
1,2353.7727,1751.7797,1751779.6594
1,2353.7940,1751.8010,1751800.9594
1,2353.8250,1751.8320,1751831.9594
1,2353.9032,1751.9102,1751910.1594
1,2353.9055,1751.9125,1751912.4594
1,2353.9084,1751.9154,1751915.3594
1,2353.9108,1751.9178,1751917.7594
1,2353.9929,1751.9999,1751999.8594
1,2353.9957,1752.0027,1752002.6594
1,2354.0674,1752.0744,1752074.3594
1,2354.0988,1752.1058,1752105.7594
1,2354.1807,1752.1877,1752187.6594
1,2354.1841,1752.1911,1752191.0594
1,2354.2327,1752.2397,1752239.6594
1,2354.2521,1752.2591,1752259.0594
1,2354.2883,1752.2953,1752295.2594
1,2354.3851,1752.3921,1752392.0594
1,2354.3919,1752.3989,1752398.8594
1,2354.3971,1752.4041,1752404.0594
1,2354.4236,1752.4306,1752430.5594
1,2354.4492,1752.4562,1752456.1594
1,2354.4708,1752.4778,1752477.7594
1,2354.5034,1752.5104,1752510.3594
1,2354.5089,1752.5159,1752515.8594
1,2354.5113,1752.5183,1752518.2594
1,2354.5334,1752.5404,1752540.3594
1,2354.5886,1752.5956,1752595.5594
1,2354.5967,1752.6037,1752603.6594
1,2354.6105,1752.6175,1752617.4594
1,2354.6183,1752.6253,1752625.2594
1,2354.6236,1752.6306,1752630.5594
1,2354.6263,1752.6333,1752633.2594
1,2354.6286,1752.6356,1752635.5594
1,2354.6479,1752.6549,1752654.8594
1,2354.7004,1752.7074,1752707.3594
1,2354.7091,1752.7161,1752716.0594
1,2354.7574,1752.7644,1752764.3594
1,2354.7765,1752.7835,1752783.4594
1,2354.7797,1752.7867,1752786.6594
1,2354.8330,1752.8400,1752839.9594
1,2355.0057,1753.0127,1753012.6594
1,2355.1025,1753.1095,1753109.4594
1,2355.1078,1753.1148,1753114.7594
1,2355.1856,1753.1926,1753192.5594
1,2355.2036,1753.2106,1753210.5594
1,2355.2261,1753.2331,1753233.0594
1,2355.2316,1753.2386,1753238.5594
1,2355.2441,1753.2511,1753251.0594
1,2355.2553,1753.2623,1753262.2594
1,2355.3266,1753.3336,1753333.5594
1,2355.3474,1753.3544,1753354.3594
1,2355.3546,1753.3616,1753361.5594
1,2355.4118,1753.4188,1753418.7594
1,2355.4832,1753.4902,1753490.1594
1,2355.5157,1753.5227,1753522.6594
1,2355.5964,1753.6034,1753603.3594
1,2355.8168,1753.8238,1753823.7594
1,2355.9699,1753.9769,1753976.8594
1,2355.9916,1753.9986,1753998.5594
1,2358.0643,1756.0713,1756071.2594
1,2361.2927,1759.2997,1759299.6594
1,2361.2964,1759.3034,1759303.3594
1,2361.3189,1759.3259,1759325.8594
1,2361.4288,1759.4358,1759435.7594
1,2361.4308,1759.4378,1759437.7594
1,2361.5016,1759.5086,1759508.5594
1,2362.1514,1760.1584,1760158.3594
1,2362.3866,1760.3936,1760393.5594
1,2362.3900,1760.3970,1760396.9594
1,2362.6236,1760.6306,1760630.5594
1,2362.7733,1760.7803,1760780.2594
1,2366.8130,1764.8200,1764819.9594
1,2366.9024,1764.9094,1764909.3594
1,2367.4410,1765.4480,1765447.9594
1,2368.0108,1766.0178,1766017.7594
1,2368.1512,1766.1582,1766158.1594
1,2368.4450,1766.4520,1766451.9594
1,2368.9062,1766.9132,1766913.1594
1,2369.0222,1767.0292,1767029.1594
1,2369.0332,1767.0402,1767040.1594
1,2369.0384,1767.0454,1767045.3594
1,2369.0405,1767.0475,1767047.4594
1,2369.1106,1767.1176,1767117.5594
1,2369.1155,1767.1225,1767122.4594
1,2369.2028,1767.2098,1767209.7594
1,2369.2167,1767.2237,1767223.6594
1,2369.3114,1767.3184,1767318.3594
1,2369.3142,1767.3212,1767321.1594
1,2369.4518,1767.4588,1767458.7594
1,2370.3808,1768.3878,1768387.7594
1,2370.5020,1768.5090,1768508.9594
1,2370.5461,1768.5531,1768553.0594
1,2370.6015,1768.6085,1768608.4594
1,2371.2360,1769.2430,1769242.9594
1,2371.2751,1769.2821,1769282.0594
1,2371.4991,1769.5061,1769506.0594
1,2371.5077,1769.5147,1769514.6594
1,2371.6388,1769.6458,1769645.7594
1,2371.7595,1769.7665,1769766.4594
1,2371.9067,1769.9137,1769913.6594
1,2372.8310,1770.8380,1770837.9594
1,2373.1840,1771.1910,1771190.9594
1,2373.2203,1771.2273,1771227.2594
1,2373.3565,1771.3635,1771363.4594
1,2373.6522,1771.6592,1771659.1594
1,2374.1060,1772.1130,1772112.9594
1,2374.2850,1772.2920,1772291.9594
1,2374.4391,1772.4461,1772446.0594
1,2374.5870,1772.5940,1772593.9594
1,2375.0308,1773.0378,1773037.7594
1,2375.3089,1773.3159,1773315.8594
1,2375.3640,1773.3710,1773370.9594
1,2375.5201,1773.5271,1773527.0594
1,2375.5600,1773.5670,1773566.9594
1,2375.5658,1773.5728,1773572.7594
1,2375.6664,1773.6734,1773673.3594
1,2375.6785,1773.6855,1773685.4594
1,2375.6900,1773.6970,1773696.9594
1,2375.7028,1773.7098,1773709.7594
1,2375.8247,1773.8317,1773831.6594
1,2377.0814,1775.0884,1775088.3594
1,2377.3153,1775.3223,1775322.2594
1,2379.0869,1777.0939,1777093.8594
1,2379.4729,1777.4799,1777479.8594
1,2380.0027,1778.0097,1778009.6594
1,2380.3279,1778.3349,1778334.8594
1,2380.3720,1778.3790,1778378.9594
1,2380.4201,1778.4271,1778427.0594
1,2380.5352,1778.5422,1778542.1594
1,2380.7605,1778.7675,1778767.4594
1,2380.9059,1778.9129,1778912.8594
1,2381.0063,1779.0133,1779013.2594
1,2381.1642,1779.1712,1779171.1594
1,2381.2670,1779.2740,1779273.9594
1,2381.3811,1779.3881,1779388.0594
1,2381.4851,1779.4921,1779492.0594
1,2381.5317,1779.5387,1779538.6594
1,2381.5417,1779.5487,1779548.6594
1,2381.6017,1779.6087,1779608.6594
1,2381.6285,1779.6355,1779635.4594
1,2381.6716,1779.6786,1779678.5594
1,2381.7361,1779.7431,1779743.0594
1,2381.7823,1779.7893,1779789.2594
1,2381.9118,1779.9188,1779918.7594
1,2382.0177,1780.0247,1780024.6594
1,2382.0620,1780.0690,1780068.9594
1,2382.0659,1780.0729,1780072.8594
1,2382.0709,1780.0779,1780077.8594
1,2382.0818,1780.0888,1780088.7594
1,2382.1772,1780.1842,1780184.1594
1,2382.1902,1780.1972,1780197.1594
1,2382.2655,1780.2725,1780272.4594
1,2382.2778,1780.2848,1780284.7594
1,2382.4723,1780.4793,1780479.2594
1,2382.7644,1780.7714,1780771.3594
1,2383.2119,1781.2189,1781218.8594
1,2383.3739,1781.3809,1781380.8594
1,2383.6228,1781.6298,1781629.7594
1,2383.6253,1781.6323,1781632.2594
1,2385.4159,1783.4229,1783422.8594
1,2385.4208,1783.4278,1783427.7594
1,2385.5977,1783.6047,1783604.6594
1,2385.6499,1783.6569,1783656.8594
1,2385.7483,1783.7553,1783755.2594
1,2385.8049,1783.8119,1783811.8594
1,2385.9369,1783.9439,1783943.8594
1,2386.0132,1784.0202,1784020.1594
1,2387.0287,1785.0357,1785035.6594
1,2387.0640,1785.0710,1785070.9594
1,2387.1325,1785.1395,1785139.4594
1,2388.1857,1786.1927,1786192.6594
1,2388.2058,1786.2128,1786212.7594
1,2388.2634,1786.2704,1786270.3594
1,2388.2689,1786.2759,1786275.8594
1,2388.3337,1786.3407,1786340.6594
1,2388.3408,1786.3478,1786347.7594
1,2388.3575,1786.3645,1786364.4594
1,2388.5694,1786.5764,1786576.3594
1,2388.5810,1786.5880,1786587.9594
1,2388.5867,1786.5937,1786593.6594
1,2388.8324,1786.8394,1786839.3594
1,2389.2565,1787.2635,1787263.4594
1,2389.3210,1787.3280,1787327.9594
1,2389.4260,1787.4330,1787432.9594
1,2389.4422,1787.4492,1787449.1594
1,2389.4640,1787.4710,1787470.9594
1,2389.5379,1787.5449,1787544.8594
1,2389.5491,1787.5561,1787556.0594
1,2389.5721,1787.5791,1787579.0594
1,2389.6299,1787.6369,1787636.8594
1,2389.6556,1787.6626,1787662.5594
1,2389.6597,1787.6667,1787666.6594
1,2389.6875,1787.6945,1787694.4594
1,2389.6927,1787.6997,1787699.6594
1,2389.7751,1787.7821,1787782.0594
1,2389.8688,1787.8758,1787875.7594
1,2389.8792,1787.8862,1787886.1594
1,2389.9104,1787.9174,1787917.3594
1,2389.9137,1787.9207,1787920.6594
1,2389.9451,1787.9521,1787952.0594
1,2389.9478,1787.9548,1787954.7594
1,2389.9546,1787.9616,1787961.5594
1,2389.9598,1787.9668,1787966.7594
1,2389.9749,1787.9819,1787981.8594
1,2390.0579,1788.0649,1788064.8594
1,2390.0655,1788.0725,1788072.4594
1,2390.1433,1788.1503,1788150.2594
1,2390.1662,1788.1732,1788173.1594
1,2390.1903,1788.1973,1788197.2594
1,2390.2687,1788.2757,1788275.6594
1,2390.3406,1788.3476,1788347.5594
1,2390.3477,1788.3547,1788354.6594
1,2391.4656,1789.4726,1789472.5594
1,2391.5318,1789.5388,1789538.7594
1,2391.5469,1789.5539,1789553.8594
1,2391.5653,1789.5723,1789572.2594
1,2391.5951,1789.6021,1789602.0594
1,2391.6040,1789.6110,1789610.9594
1,2391.6216,1789.6286,1789628.5594
1,2391.6404,1789.6474,1789647.3594
1,2391.6513,1789.6583,1789658.2594
1,2391.6774,1789.6844,1789684.3594
1,2391.6820,1789.6890,1789688.9594
1,2391.6907,1789.6977,1789697.6594
1,2391.7082,1789.7152,1789715.1594
1,2391.7364,1789.7434,1789743.3594
1,2391.7462,1789.7532,1789753.1594
1,2392.3483,1790.3553,1790355.2594
1,2392.4343,1790.4413,1790441.2594
1,2392.4469,1790.4539,1790453.8594
1,2392.6126,1790.6196,1790619.5594
1,2392.6634,1790.6704,1790670.3594
1,2393.0807,1791.0877,1791087.6594
1,2393.1219,1791.1289,1791128.8594
1,2393.1382,1791.1452,1791145.1594
1,2393.1961,1791.2031,1791203.0594
1,2393.2049,1791.2119,1791211.8594
1,2393.2263,1791.2333,1791233.2594
1,2393.2301,1791.2371,1791237.0594
1,2393.2447,1791.2517,1791251.6594
1,2393.2824,1791.2894,1791289.3594
1,2393.3042,1791.3112,1791311.1594
1,2393.3568,1791.3638,1791363.7594
1,2393.4560,1791.4630,1791462.9594
1,2393.4628,1791.4698,1791469.7594
1,2393.4882,1791.4952,1791495.1594
1,2393.4963,1791.5033,1791503.2594
1,2393.5142,1791.5212,1791521.1594
1,2393.5344,1791.5414,1791541.3594
1,2393.5383,1791.5453,1791545.2594
1,2393.5757,1791.5827,1791582.6594
1,2393.6161,1791.6231,1791623.0594
1,2393.6341,1791.6411,1791641.0594
1,2393.6802,1791.6872,1791687.1594
1,2393.7101,1791.7171,1791717.0594
1,2393.7265,1791.7335,1791733.4594
1,2393.7417,1791.7487,1791748.6594
1,2393.8620,1791.8690,1791868.9594
1,2394.5053,1792.5123,1792512.2594
1,2394.5829,1792.5899,1792589.8594
1,2394.5855,1792.5925,1792592.4594
1,2394.6679,1792.6749,1792674.8594
1,2395.1159,1793.1229,1793122.8594
1,2395.1837,1793.1907,1793190.6594
1,2395.2102,1793.2172,1793217.1594
1,2395.4459,1793.4529,1793452.8594
1,2395.4638,1793.4708,1793470.7594
1,2395.5304,1793.5374,1793537.3594
1,2395.5333,1793.5403,1793540.2594
1,2395.5796,1793.5866,1793586.5594
1,2395.6592,1793.6662,1793666.1594
1,2395.7863,1793.7933,1793793.2594
1,2395.8324,1793.8394,1793839.3594
1,2395.8748,1793.8818,1793881.7594
1,2395.9957,1794.0027,1794002.6594
1,2396.0692,1794.0762,1794076.1594
1,2396.1175,1794.1245,1794124.4594
1,2396.1656,1794.1726,1794172.5594
1,2396.1861,1794.1931,1794193.0594
1,2396.2469,1794.2539,1794253.8594
1,2396.2631,1794.2701,1794270.0594
1,2396.2727,1794.2797,1794279.6594
1,2396.2892,1794.2962,1794296.1594
1,2396.3463,1794.3533,1794353.2594
1,2396.4126,1794.4196,1794419.5594
1,2396.4761,1794.4831,1794483.0594
1,2396.5071,1794.5141,1794514.0594
1,2396.5152,1794.5222,1794522.1594
1,2396.5949,1794.6019,1794601.8594
1,2396.6228,1794.6298,1794629.7594
1,2396.6251,1794.6321,1794632.0594
1,2396.6284,1794.6354,1794635.3594
1,2396.6911,1794.6981,1794698.0594
1,2396.7546,1794.7616,1794761.5594
1,2396.7910,1794.7980,1794797.9594
1,2396.8134,1794.8204,1794820.3594
1,2396.8653,1794.8723,1794872.2594
1,2396.8734,1794.8804,1794880.3594
1,2396.9028,1794.9098,1794909.7594
1,2396.9056,1794.9126,1794912.5594
1,2396.9081,1794.9151,1794915.0594
1,2396.9103,1794.9173,1794917.2594
1,2396.9728,1794.9798,1794979.7594
1,2396.9750,1794.9820,1794981.9594
1,2397.0144,1795.0214,1795021.3594
1,2397.0185,1795.0255,1795025.4594
1,2397.0700,1795.0770,1795076.9594
1,2397.1060,1795.1130,1795112.9594
1,2397.1212,1795.1282,1795128.1594
1,2397.1302,1795.1372,1795137.1594
1,2397.1329,1795.1399,1795139.8594
1,2397.1460,1795.1530,1795152.9594
1,2397.1621,1795.1691,1795169.0594
1,2397.2277,1795.2347,1795234.6594
1,2397.2363,1795.2433,1795243.2594
1,2397.2689,1795.2759,1795275.8594
1,2397.2875,1795.2945,1795294.4594
1,2397.3524,1795.3594,1795359.3594
1,2397.3577,1795.3647,1795364.6594
1,2397.3892,1795.3962,1795396.1594
1,2397.3924,1795.3994,1795399.3594
1,2397.4054,1795.4124,1795412.3594
1,2397.4238,1795.4308,1795430.7594
1,2397.4364,1795.4434,1795443.3594
1,2397.4499,1795.4569,1795456.8594
1,2397.4820,1795.4890,1795488.9594
1,2397.4878,1795.4948,1795494.7594
1,2397.4909,1795.4979,1795497.8594
1,2397.5197,1795.5267,1795526.6594
1,2397.5360,1795.5430,1795542.9594
1,2397.5482,1795.5552,1795555.1594
1,2397.5849,1795.5919,1795591.8594
1,2397.5881,1795.5951,1795595.0594
1,2397.6027,1795.6097,1795609.6594
1,2397.6400,1795.6470,1795646.9594
1,2397.6895,1795.6965,1795696.4594
1,2397.7310,1795.7380,1795737.9594
1,2398.0315,1796.0385,1796038.4594
1,2398.5027,1796.5097,1796509.6594
1,2398.9514,1796.9584,1796958.3594
1,2398.9862,1796.9932,1796993.1594
1,2399.0846,1797.0916,1797091.5594
1,2399.1859,1797.1929,1797192.8594
1,2399.2447,1797.2517,1797251.6594
1,2399.2771,1797.2841,1797284.0594
1,2400.2878,1798.2948,1798294.7594
1,2400.7109,1798.7179,1798717.8594
1,2400.7898,1798.7968,1798796.7594
1,2400.8053,1798.8123,1798812.2594
1,2400.9024,1798.9094,1798909.3594
1,2400.9312,1798.9382,1798938.1594
1,2401.1294,1799.1364,1799136.3594
1,2401.1387,1799.1457,1799145.6594
1,2401.1894,1799.1964,1799196.3594
1,2401.2654,1799.2724,1799272.3594
1,2401.3072,1799.3142,1799314.1594
1,2401.3134,1799.3204,1799320.3594
1,2401.5902,1799.5972,1799597.1594
1,2401.6976,1799.7046,1799704.5594
1,2402.7957,1800.8027,1800802.6594
1,2402.8572,1800.8642,1800864.1594
1,2405.0564,1803.0634,1803063.3594
1,2405.0957,1803.1027,1803102.6594
1,2405.5978,1803.6048,1803604.7594
1,2405.9865,1803.9935,1803993.4594
1,2406.3371,1804.3441,1804344.0594
1,2406.3521,1804.3591,1804359.0594
1,2407.7727,1805.7797,1805779.6594
1,2408.7719,1806.7789,1806778.8594
1,2408.9575,1806.9645,1806964.4594
1,2408.9619,1806.9689,1806968.8594
1,2409.0349,1807.0419,1807041.8594
1,2409.0686,1807.0756,1807075.5594
1,2409.0846,1807.0916,1807091.5594
1,2409.1183,1807.1253,1807125.2594
1,2409.1323,1807.1393,1807139.2594
1,2409.4198,1807.4268,1807426.7594
1,2409.5492,1807.5562,1807556.1594
1,2409.6649,1807.6719,1807671.8594
1,2410.1503,1808.1573,1808157.2594
1,2410.4847,1808.4917,1808491.6594
1,2410.5844,1808.5914,1808591.3594
1,2411.6270,1809.6340,1809633.9594
1,2411.8964,1809.9034,1809903.3594
1,2411.9113,1809.9183,1809918.2594
1,2412.0167,1810.0237,1810023.6594
1,2412.7617,1810.7687,1810768.6594
1,2413.1048,1811.1118,1811111.7594
1,2413.4780,1811.4850,1811484.9594
1,2415.2993,1813.3063,1813306.2594
1,2415.3462,1813.3532,1813353.1594
1,2415.4756,1813.4826,1813482.5594
1,2415.4774,1813.4844,1813484.3594
1,2415.8075,1813.8145,1813814.4594
1,2416.7336,1814.7406,1814740.5594
1,2416.8054,1814.8124,1814812.3594
1,2416.8218,1814.8288,1814828.7594
1,2416.8360,1814.8430,1814842.9594
1,2416.8443,1814.8513,1814851.2594
1,2416.8499,1814.8569,1814856.8594
1,2416.9531,1814.9601,1814960.0594
1,2417.2929,1815.2999,1815299.8594
1,2417.3260,1815.3330,1815332.9594
1,2417.5187,1815.5257,1815525.6594
1,2417.7114,1815.7184,1815718.3594
1,2417.8022,1815.8092,1815809.1594
1,2418.1867,1816.1937,1816193.6594
1,2418.4837,1816.4907,1816490.6594
1,2418.5682,1816.5752,1816575.1594
1,2418.6072,1816.6142,1816614.1594
1,2418.6535,1816.6605,1816660.4594
1,2418.8394,1816.8464,1816846.3594
1,2418.8495,1816.8565,1816856.4594
1,2419.0802,1817.0872,1817087.1594
1,2419.1689,1817.1759,1817175.8594
1,2419.1755,1817.1825,1817182.4594
1,2419.2906,1817.2976,1817297.5594
1,2419.4532,1817.4602,1817460.1594
1,2419.4759,1817.4829,1817482.8594
1,2419.6314,1817.6384,1817638.3594
1,2419.8066,1817.8136,1817813.5594
1,2420.0219,1818.0289,1818028.8594
1,2420.1711,1818.1781,1818178.0594
1,2420.3480,1818.3550,1818354.9594
1,2420.7710,1818.7780,1818777.9594
1,2420.9849,1818.9919,1818991.8594
1,2421.0494,1819.0564,1819056.3594
1,2421.1953,1819.2023,1819202.2594
1,2421.2223,1819.2293,1819229.2594
1,2422.0745,1820.0815,1820081.4594
1,2422.7003,1820.7073,1820707.2594
1,2422.7150,1820.7220,1820721.9594
1,2422.7175,1820.7245,1820724.4594
1,2422.8364,1820.8434,1820843.3594
1,2423.2022,1821.2092,1821209.1594
1,2423.5485,1821.5555,1821555.4594
1,2423.5770,1821.5840,1821583.9594
1,2423.6348,1821.6418,1821641.7594
1,2423.8416,1821.8486,1821848.5594
1,2423.8480,1821.8550,1821854.9594
1,2423.8595,1821.8665,1821866.4594
1,2423.8660,1821.8730,1821872.9594
1,2423.8686,1821.8756,1821875.5594
1,2423.9055,1821.9125,1821912.4594
1,2423.9077,1821.9147,1821914.6594
1,2423.9328,1821.9398,1821939.7594
1,2424.0198,1822.0268,1822026.7594
1,2424.0647,1822.0717,1822071.6594
1,2424.0732,1822.0802,1822080.1594
1,2424.1560,1822.1630,1822162.9594
1,2424.1583,1822.1653,1822165.2594
1,2424.2361,1822.2431,1822243.0594
1,2424.2453,1822.2523,1822252.2594
1,2424.2473,1822.2543,1822254.2594
1,2424.2497,1822.2567,1822256.6594
1,2424.2520,1822.2590,1822258.9594
1,2424.3147,1822.3217,1822321.6594
1,2424.3202,1822.3272,1822327.1594
1,2424.3469,1822.3539,1822353.8594
1,2424.5019,1822.5089,1822508.8594
1,2424.7720,1822.7790,1822778.9594
1,2424.7796,1822.7866,1822786.5594
1,2424.7847,1822.7917,1822791.6594
1,2424.7866,1822.7936,1822793.5594
1,2424.7899,1822.7969,1822796.8594
1,2424.8494,1822.8564,1822856.3594
1,2425.4452,1823.4522,1823452.1594
1,2425.5219,1823.5289,1823528.8594
1,2425.5299,1823.5369,1823536.8594
1,2425.5741,1823.5811,1823581.0594
1,2425.5763,1823.5833,1823583.2594
1,2425.7704,1823.7774,1823777.3594
1,2425.9821,1823.9891,1823989.0594
1,2425.9944,1824.0014,1824001.3594
1,2426.0119,1824.0189,1824018.8594
1,2426.0217,1824.0287,1824028.6594
1,2426.1100,1824.1170,1824116.9594
1,2426.1445,1824.1515,1824151.4594
1,2426.1484,1824.1554,1824155.3594
1,2426.1601,1824.1671,1824167.0594
1,2426.1971,1824.2041,1824204.0594
1,2426.2437,1824.2507,1824250.6594
1,2426.2571,1824.2641,1824264.0594
1,2426.2641,1824.2711,1824271.0594
1,2426.3355,1824.3425,1824342.4594
1,2426.3616,1824.3686,1824368.5594
1,2426.4329,1824.4399,1824439.8594
1,2426.4909,1824.4979,1824497.8594
1,2426.4934,1824.5004,1824500.3594
1,2426.4960,1824.5030,1824502.9594
1,2426.5185,1824.5255,1824525.4594
1,2426.5379,1824.5449,1824544.8594
1,2426.5395,1824.5465,1824546.4594
1,2426.5478,1824.5548,1824554.7594
1,2426.6135,1824.6205,1824620.4594
1,2426.6228,1824.6298,1824629.7594
1,2426.6470,1824.6540,1824653.9594
1,2426.6668,1824.6738,1824673.7594
1,2426.6685,1824.6755,1824675.4594
1,2426.7018,1824.7088,1824708.7594
1,2426.7083,1824.7153,1824715.2594
1,2426.7469,1824.7539,1824753.8594
1,2426.7666,1824.7736,1824773.5594
1,2426.7751,1824.7821,1824782.0594
1,2426.7775,1824.7845,1824784.4594
1,2426.7925,1824.7995,1824799.4594
1,2426.8788,1824.8858,1824885.7594
1,2426.8965,1824.9035,1824903.4594
1,2426.9097,1824.9167,1824916.6594
1,2426.9337,1824.9407,1824940.6594
1,2426.9363,1824.9433,1824943.2594
1,2426.9699,1824.9769,1824976.8594
1,2427.0075,1825.0145,1825014.4594
1,2427.0580,1825.0650,1825064.9594
1,2427.1387,1825.1457,1825145.6594
1,2427.1881,1825.1951,1825195.0594
1,2427.1970,1825.2040,1825203.9594
1,2427.2456,1825.2526,1825252.5594
1,2427.3159,1825.3229,1825322.8594
1,2428.1368,1826.1438,1826143.7594
1,2428.1389,1826.1459,1826145.8594
1,2428.9672,1826.9742,1826974.1594
1,2429.0190,1827.0260,1827025.9594
1,2429.1488,1827.1558,1827155.7594
1,2429.1800,1827.1870,1827186.9594
1,2429.3191,1827.3261,1827326.0594
1,2430.1597,1828.1667,1828166.6594
1,2431.9703,1829.9773,1829977.2594
1,2433.5570,1831.5640,1831563.9594
1,2433.5741,1831.5811,1831581.0594
1,2433.8738,1831.8808,1831880.7594
1,2433.9245,1831.9315,1831931.4594
1,2434.0124,1832.0194,1832019.3594
1,2434.4192,1832.4262,1832426.1594
1,2434.6591,1832.6661,1832666.0594
1,2434.6611,1832.6681,1832668.0594
1,2434.7094,1832.7164,1832716.3594
1,2434.7481,1832.7551,1832755.0594
1,2434.7637,1832.7707,1832770.6594
1,2434.9496,1832.9566,1832956.5594
1,2434.9705,1832.9775,1832977.4594
1,2435.1770,1833.1840,1833183.9594
1,2435.2081,1833.2151,1833215.0594
1,2435.2102,1833.2172,1833217.1594
1,2435.2876,1833.2946,1833294.5594
1,2435.4198,1833.4268,1833426.7594
1,2435.4430,1833.4500,1833449.9594
1,2435.4772,1833.4842,1833484.1594
1,2436.5071,1834.5141,1834514.0594
1,2436.5320,1834.5390,1834538.9594
1,2436.5597,1834.5667,1834566.6594
1,2436.9635,1834.9705,1834970.4594
1,2437.1108,1835.1178,1835117.7594
1,2437.1314,1835.1384,1835138.3594
1,2437.1841,1835.1911,1835191.0594
1,2437.9355,1835.9425,1835942.4594
1,2437.9377,1835.9447,1835944.6594
1,2438.0146,1836.0216,1836021.5594
1,2438.1440,1836.1510,1836150.9594
1,2438.1706,1836.1776,1836177.5594
1,2438.1857,1836.1927,1836192.6594
1,2438.2622,1836.2692,1836269.1594
1,2438.4188,1836.4258,1836425.7594
1,2438.8715,1836.8785,1836878.4594
1,2439.0246,1837.0316,1837031.5594
1,2439.0269,1837.0339,1837033.8594
1,2439.1058,1837.1128,1837112.7594
1,2439.2028,1837.2098,1837209.7594
1,2439.5827,1837.5897,1837589.6594
1,2439.6274,1837.6344,1837634.3594
1,2439.6335,1837.6405,1837640.4594
1,2439.9415,1837.9485,1837948.4594
1,2439.9607,1837.9677,1837967.6594
1,2440.0061,1838.0131,1838013.0594
1,2440.0745,1838.0815,1838081.4594
1,2440.4574,1838.4644,1838464.3594
1,2440.5094,1838.5164,1838516.3594
1,2440.5336,1838.5406,1838540.5594
1,2440.5692,1838.5762,1838576.1594
1,2441.6791,1839.6861,1839686.0594
1,2441.9111,1839.9181,1839918.0594
1,2442.1261,1840.1331,1840133.0594
1,2442.7171,1840.7241,1840724.0594
1,2442.9638,1840.9708,1840970.7594
1,2442.9683,1840.9753,1840975.2594
1,2442.9968,1841.0038,1841003.7594
1,2443.0332,1841.0402,1841040.1594
1,2443.0357,1841.0427,1841042.6594
1,2443.0412,1841.0482,1841048.1594
1,2443.3179,1841.3249,1841324.8594
1,2443.4859,1841.4929,1841492.8594
1,2443.5607,1841.5677,1841567.6594
1,2443.5824,1841.5894,1841589.3594
1,2443.6541,1841.6611,1841661.0594
1,2443.6801,1841.6871,1841687.0594
1,2443.7171,1841.7241,1841724.0594
1,2443.7418,1841.7488,1841748.7594
1,2443.7452,1841.7522,1841752.1594
1,2443.7641,1841.7711,1841771.0594
1,2443.8863,1841.8933,1841893.2594
1,2443.8946,1841.9016,1841901.5594
1,2443.9027,1841.9097,1841909.6594
1,2443.9169,1841.9239,1841923.8594
1,2443.9504,1841.9574,1841957.3594
1,2443.9556,1841.9626,1841962.5594
1,2443.9802,1841.9872,1841987.1594
1,2443.9918,1841.9988,1841998.7594
1,2444.0615,1842.0685,1842068.4594
1,2444.0677,1842.0747,1842074.6594
1,2444.0726,1842.0796,1842079.5594
1,2444.0982,1842.1052,1842105.1594
1,2444.2077,1842.2147,1842214.6594
1,2444.2745,1842.2815,1842281.4594
1,2444.2782,1842.2852,1842285.1594
1,2444.5251,1842.5321,1842532.0594
1,2444.6055,1842.6125,1842612.4594
1,2444.6269,1842.6339,1842633.8594
1,2444.6378,1842.6448,1842644.7594
1,2444.6849,1842.6919,1842691.8594
1,2444.8157,1842.8227,1842822.6594
1,2444.8837,1842.8907,1842890.6594
1,2444.9280,1842.9350,1842934.9594
1,2444.9828,1842.9898,1842989.7594
1,2445.7997,1843.8067,1843806.6594
1,2445.8871,1843.8941,1843894.0594
1,2445.9120,1843.9190,1843918.9594
1,2445.9212,1843.9282,1843928.1594
1,2445.9870,1843.9940,1843993.9594
1,2446.0073,1844.0143,1844014.2594
1,2446.0649,1844.0719,1844071.8594
1,2446.1047,1844.1117,1844111.6594
1,2446.2445,1844.2515,1844251.4594
1,2446.2549,1844.2619,1844261.8594
1,2446.2689,1844.2759,1844275.8594
1,2446.2719,1844.2789,1844278.8594
1,2446.4401,1844.4471,1844447.0594
1,2446.5385,1844.5455,1844545.4594
1,2446.5471,1844.5541,1844554.0594
1,2446.6513,1844.6583,1844658.2594
1,2446.6692,1844.6762,1844676.1594
1,2446.6950,1844.7020,1844701.9594
1,2446.6989,1844.7059,1844705.8594
1,2446.7413,1844.7483,1844748.2594
1,2446.7656,1844.7726,1844772.5594
1,2446.7959,1844.8029,1844802.8594
1,2446.8135,1844.8205,1844820.4594
1,2446.8244,1844.8314,1844831.3594
1,2446.8622,1844.8692,1844869.1594
1,2446.9538,1844.9608,1844960.7594
1,2446.9629,1844.9699,1844969.8594
1,2446.9674,1844.9744,1844974.3594
1,2446.9941,1845.0011,1845001.0594
1,2447.0041,1845.0111,1845011.0594
1,2447.0069,1845.0139,1845013.8594
1,2447.0422,1845.0492,1845049.1594
1,2447.0452,1845.0522,1845052.1594
1,2447.0617,1845.0687,1845068.6594
1,2447.0749,1845.0819,1845081.8594
1,2447.1017,1845.1087,1845108.6594
1,2447.1899,1845.1969,1845196.8594
1,2447.3004,1845.3074,1845307.3594
1,2447.3505,1845.3575,1845357.4594
1,2447.3527,1845.3597,1845359.6594
1,2447.4625,1845.4695,1845469.4594
1,2447.4986,1845.5056,1845505.5594
1,2447.5429,1845.5499,1845549.8594
1,2447.5620,1845.5690,1845568.9594
1,2447.6812,1845.6882,1845688.1594
1,2447.7005,1845.7075,1845707.4594
1,2447.7118,1845.7188,1845718.7594
1,2447.8165,1845.8235,1845823.4594
1,2448.0324,1846.0394,1846039.3594
1,2448.1208,1846.1278,1846127.7594
1,2448.2013,1846.2083,1846208.2594
1,2448.2914,1846.2984,1846298.3594
1,2448.3136,1846.3206,1846320.5594
1,2448.3848,1846.3918,1846391.7594
1,2448.4204,1846.4274,1846427.3594
1,2448.4300,1846.4370,1846436.9594
1,2448.8161,1846.8231,1846823.0594
1,2448.9504,1846.9574,1846957.3594
1,2449.0622,1847.0692,1847069.1594
1,2449.0651,1847.0721,1847072.0594
1,2449.1317,1847.1387,1847138.6594
1,2449.1370,1847.1440,1847143.9594
1,2449.3160,1847.3230,1847322.9594
1,2449.3315,1847.3385,1847338.4594
1,2449.3701,1847.3771,1847377.0594
1,2449.3822,1847.3892,1847389.1594
1,2449.4992,1847.5062,1847506.1594
1,2449.5148,1847.5218,1847521.7594
1,2449.5549,1847.5619,1847561.8594
1,2449.6128,1847.6198,1847619.7594
1,2449.6150,1847.6220,1847621.9594
1,2449.6861,1847.6931,1847693.0594
1,2449.8008,1847.8078,1847807.7594
1,2451.1581,1849.1651,1849165.0594
1,2451.1835,1849.1905,1849190.4594
1,2451.5507,1849.5577,1849557.6594
1,2451.5757,1849.5827,1849582.6594
1,2452.2575,1850.2645,1850264.4594
1,2452.3465,1850.3535,1850353.4594
1,2452.9050,1850.9120,1850911.9594
1,2452.9079,1850.9149,1850914.8594
1,2453.0836,1851.0906,1851090.5594
1,2453.2044,1851.2114,1851211.3594
1,2453.2341,1851.2411,1851241.0594
1,2453.4047,1851.4117,1851411.6594
1,2453.6215,1851.6285,1851628.4594
1,2453.6283,1851.6353,1851635.2594
1,2453.6872,1851.6942,1851694.1594
1,2453.8179,1851.8249,1851824.8594
1,2454.1100,1852.1170,1852116.9594
1,2454.1382,1852.1452,1852145.1594
1,2454.1405,1852.1475,1852147.4594
1,2454.1594,1852.1664,1852166.3594
1,2454.1965,1852.2035,1852203.4594
1,2454.2732,1852.2802,1852280.1594
1,2454.4026,1852.4096,1852409.5594
1,2454.5110,1852.5180,1852517.9594
1,2454.5728,1852.5798,1852579.7594
1,2454.5961,1852.6031,1852603.0594
1,2454.5986,1852.6056,1852605.5594
1,2454.7406,1852.7476,1852747.5594
1,2454.8050,1852.8120,1852811.9594
1,2454.8363,1852.8433,1852843.2594
1,2454.8433,1852.8503,1852850.2594
1,2454.9277,1852.9347,1852934.6594
1,2454.9409,1852.9479,1852947.8594
1,2454.9451,1852.9521,1852952.0594
1,2454.9527,1852.9597,1852959.6594
1,2454.9787,1852.9857,1852985.6594
1,2454.9810,1852.9880,1852987.9594
1,2455.0184,1853.0254,1853025.3594
1,2455.0410,1853.0480,1853047.9594
1,2455.0558,1853.0628,1853062.7594
1,2455.0738,1853.0808,1853080.7594
1,2455.1216,1853.1286,1853128.5594
1,2455.1298,1853.1368,1853136.7594
1,2455.1446,1853.1516,1853151.5594
1,2455.2289,1853.2359,1853235.8594
1,2455.2330,1853.2400,1853239.9594
1,2455.2725,1853.2795,1853279.4594
1,2455.3044,1853.3114,1853311.3594
1,2455.3644,1853.3714,1853371.3594
1,2455.3699,1853.3769,1853376.8594
1,2455.4788,1853.4858,1853485.7594
1,2455.5205,1853.5275,1853527.4594
1,2455.5890,1853.5960,1853595.9594
1,2455.5915,1853.5985,1853598.4594
1,2455.6655,1853.6725,1853672.4594
1,2455.9051,1853.9121,1853912.0594
1,2455.9074,1853.9144,1853914.3594
1,2455.9500,1853.9570,1853956.9594
1,2456.1126,1854.1196,1854119.5594
1,2456.1480,1854.1550,1854154.9594
1,2456.1548,1854.1618,1854161.7594
1,2456.1783,1854.1853,1854185.2594
1,2456.2589,1854.2659,1854265.8594
1,2456.2653,1854.2723,1854272.2594
1,2456.3019,1854.3089,1854308.8594
1,2456.3046,1854.3116,1854311.5594
1,2456.3525,1854.3595,1854359.4594
1,2456.5660,1854.5730,1854572.9594
1,2456.6765,1854.6835,1854683.4594
1,2456.7764,1854.7834,1854783.3594
1,2456.7788,1854.7858,1854785.7594
1,2456.8135,1854.8205,1854820.4594
1,2456.8578,1854.8648,1854864.7594
1,2457.1111,1855.1181,1855118.0594
1,2457.1741,1855.1811,1855181.0594
1,2457.2338,1855.2408,1855240.7594
1,2457.4131,1855.4201,1855420.0594
1,2457.4249,1855.4319,1855431.8594
1,2457.5314,1855.5384,1855538.3594
1,2457.5371,1855.5441,1855544.0594
1,2457.5430,1855.5500,1855549.9594
1,2457.5754,1855.5824,1855582.3594
1,2457.6469,1855.6539,1855653.8594
1,2458.0012,1856.0082,1856008.1594
1,2458.1427,1856.1497,1856149.6594
1,2458.1998,1856.2068,1856206.7594
1,2458.2699,1856.2769,1856276.8594
1,2458.3908,1856.3978,1856397.7594
1,2458.5970,1856.6040,1856603.9594
1,2460.0074,1858.0144,1858014.3594
1,2460.0661,1858.0731,1858073.0594
1,2460.2609,1858.2679,1858267.8594
1,2460.5894,1858.5964,1858596.3594
1,2460.6616,1858.6686,1858668.5594
1,2461.3748,1859.3818,1859381.7594
1,2461.4970,1859.5040,1859503.9594
1,2461.9166,1859.9236,1859923.5594
1,2464.3682,1862.3752,1862375.1594
1,2464.5296,1862.5366,1862536.5594
1,2464.6734,1862.6804,1862680.3594
1,2464.7329,1862.7399,1862739.8594
1,2464.7456,1862.7526,1862752.5594
1,2464.8744,1862.8814,1862881.3594
1,2464.8956,1862.9026,1862902.5594
1,2464.9341,1862.9411,1862941.0594
1,2465.0944,1863.1014,1863101.3594
1,2466.0587,1864.0657,1864065.6594
1,2466.2590,1864.2660,1864265.9594
1,2466.3383,1864.3453,1864345.2594
1,2466.3428,1864.3498,1864349.7594
1,2466.4110,1864.4180,1864417.9594
1,2466.5744,1864.5814,1864581.3594
1,2466.5911,1864.5981,1864598.0594
1,2466.6437,1864.6507,1864650.6594
1,2466.6462,1864.6532,1864653.1594
1,2466.7498,1864.7568,1864756.7594
1,2466.7521,1864.7591,1864759.0594
1,2466.7551,1864.7621,1864762.0594
1,2466.8493,1864.8563,1864856.2594
1,2467.2537,1865.2607,1865260.6594
1,2467.3519,1865.3589,1865358.8594
1,2467.4454,1865.4524,1865452.3594
1,2467.4800,1865.4870,1865486.9594
1,2467.5409,1865.5479,1865547.8594
1,2467.5995,1865.6065,1865606.4594
1,2467.6099,1865.6169,1865616.8594
1,2467.6119,1865.6189,1865618.8594
1,2467.7055,1865.7125,1865712.4594
1,2467.7188,1865.7258,1865725.7594
1,2467.7456,1865.7526,1865752.5594
1,2467.7828,1865.7898,1865789.7594
1,2467.8437,1865.8507,1865850.6594
1,2467.8939,1865.9009,1865900.8594
1,2467.9281,1865.9351,1865935.0594
1,2467.9382,1865.9452,1865945.1594
1,2468.0144,1866.0214,1866021.3594
1,2468.0428,1866.0498,1866049.7594
1,2468.0845,1866.0915,1866091.4594
1,2468.1248,1866.1318,1866131.7594
1,2468.1316,1866.1386,1866138.5594
1,2468.1436,1866.1506,1866150.5594
1,2468.2436,1866.2506,1866250.5594
1,2468.3039,1866.3109,1866310.8594
1,2468.3926,1866.3996,1866399.5594
1,2468.4361,1866.4431,1866443.0594
1,2468.4388,1866.4458,1866445.7594
1,2468.4405,1866.4475,1866447.4594
1,2468.4520,1866.4590,1866458.9594
1,2468.4538,1866.4608,1866460.7594
1,2468.4594,1866.4664,1866466.3594
1,2468.5061,1866.5131,1866513.0594
1,2468.5724,1866.5794,1866579.3594
1,2468.5924,1866.5994,1866599.3594
1,2468.6000,1866.6070,1866606.9594
1,2468.6545,1866.6615,1866661.4594
1,2468.6962,1866.7032,1866703.1594
1,2468.7502,1866.7572,1866757.1594
1,2468.7811,1866.7881,1866788.0594
1,2468.7886,1866.7956,1866795.5594
1,2468.8002,1866.8072,1866807.1594
1,2468.8360,1866.8430,1866842.9594
1,2468.8738,1866.8808,1866880.7594
1,2468.9208,1866.9278,1866927.7594
1,2468.9283,1866.9353,1866935.2594
1,2468.9755,1866.9825,1866982.4594
1,2469.0020,1867.0090,1867008.9594
1,2469.0092,1867.0162,1867016.1594
1,2469.0133,1867.0203,1867020.2594
1,2469.0454,1867.0524,1867052.3594
1,2469.0926,1867.0996,1867099.5594
1,2469.0956,1867.1026,1867102.5594
1,2469.1171,1867.1241,1867124.0594
1,2469.1195,1867.1265,1867126.4594
1,2469.1213,1867.1283,1867128.2594
1,2469.1400,1867.1470,1867146.9594
1,2469.1437,1867.1507,1867150.6594
1,2469.2103,1867.2173,1867217.2594
1,2469.2251,1867.2321,1867232.0594
1,2469.2433,1867.2503,1867250.2594
1,2469.2999,1867.3069,1867306.8594
1,2469.3051,1867.3121,1867312.0594
1,2469.3369,1867.3439,1867343.8594
1,2469.3550,1867.3620,1867361.9594
1,2469.3707,1867.3777,1867377.6594
1,2469.3995,1867.4065,1867406.4594
1,2469.4614,1867.4684,1867468.3594
1,2469.5326,1867.5396,1867539.5594
1,2469.6644,1867.6714,1867671.3594
1,2469.7136,1867.7206,1867720.5594
1,2469.8663,1867.8733,1867873.2594
1,2470.0013,1868.0083,1868008.2594
1,2470.0252,1868.0322,1868032.1594
1,2470.1664,1868.1734,1868173.3594
1,2470.1900,1868.1970,1868196.9594
1,2470.2016,1868.2086,1868208.5594
1,2470.2034,1868.2104,1868210.3594
1,2470.2319,1868.2389,1868238.8594
1,2470.2866,1868.2936,1868293.5594
1,2470.3201,1868.3271,1868327.0594
1,2470.3309,1868.3379,1868337.8594
1,2470.3334,1868.3404,1868340.3594
1,2470.3492,1868.3562,1868356.1594
1,2470.3588,1868.3658,1868365.7594
1,2470.3911,1868.3981,1868398.0594
1,2470.4342,1868.4412,1868441.1594
1,2470.6217,1868.6287,1868628.6594
1,2470.7298,1868.7368,1868736.7594
1,2470.7775,1868.7845,1868784.4594
1,2470.7958,1868.8028,1868802.7594
1,2470.9157,1868.9227,1868922.6594
1,2470.9382,1868.9452,1868945.1594
1,2471.0460,1869.0530,1869052.9594
1,2471.0570,1869.0640,1869063.9594
1,2471.1586,1869.1656,1869165.5594
1,2471.1615,1869.1685,1869168.4594
1,2471.2152,1869.2222,1869222.1594
1,2471.2707,1869.2777,1869277.6594
1,2471.2732,1869.2802,1869280.1594
1,2471.2964,1869.3034,1869303.3594
1,2471.3465,1869.3535,1869353.4594
1,2471.3549,1869.3619,1869361.8594
1,2471.3690,1869.3760,1869375.9594
1,2471.3984,1869.4054,1869405.3594
1,2471.4006,1869.4076,1869407.5594
1,2471.4359,1869.4429,1869442.8594
1,2471.4435,1869.4505,1869450.4594
1,2471.4462,1869.4532,1869453.1594
1,2471.5599,1869.5669,1869566.8594
1,2471.6064,1869.6134,1869613.3594
1,2471.6128,1869.6198,1869619.7594
1,2471.6315,1869.6385,1869638.4594
1,2471.6982,1869.7052,1869705.1594
1,2471.7009,1869.7079,1869707.8594
1,2471.8044,1869.8114,1869811.3594
1,2471.8076,1869.8146,1869814.5594
1,2472.1383,1870.1453,1870145.2594
1,2472.1736,1870.1806,1870180.5594
1,2472.2591,1870.2661,1870266.0594
1,2472.2653,1870.2723,1870272.2594
1,2472.3747,1870.3817,1870381.6594
1,2472.3783,1870.3853,1870385.2594
1,2472.3890,1870.3960,1870395.9594
1,2472.4562,1870.4632,1870463.1594
1,2472.6634,1870.6704,1870670.3594
1,2472.6854,1870.6924,1870692.3594
1,2472.7249,1870.7319,1870731.8594
1,2472.8919,1870.8989,1870898.8594
1,2472.8948,1870.9018,1870901.7594
1,2473.0215,1871.0285,1871028.4594
1,2473.0667,1871.0737,1871073.6594
1,2473.1464,1871.1534,1871153.3594
1,2473.2514,1871.2584,1871258.3594
1,2473.3446,1871.3516,1871351.5594
1,2473.4319,1871.4389,1871438.8594
1,2473.5101,1871.5171,1871517.0594
1,2473.5129,1871.5199,1871519.8594
1,2473.5154,1871.5224,1871522.3594
1,2473.6803,1871.6873,1871687.2594
1,2473.9885,1871.9955,1871995.4594
1,2474.2160,1872.2230,1872222.9594
1,2474.2506,1872.2576,1872257.5594
1,2474.2812,1872.2882,1872288.1594
1,2474.4200,1872.4270,1872426.9594
1,2474.8634,1872.8704,1872870.3594
1,2474.9750,1872.9820,1872981.9594
1,2475.0390,1873.0460,1873045.9594
1,2477.1416,1875.1486,1875148.5594
1,2477.2809,1875.2879,1875287.8594
1,2477.3167,1875.3237,1875323.6594
1,2477.3246,1875.3316,1875331.5594
1,2477.3305,1875.3375,1875337.4594
1,2477.4301,1875.4371,1875437.0594
1,2477.4484,1875.4554,1875455.3594
1,2477.6919,1875.6989,1875698.8594
1,2477.9546,1875.9616,1875961.5594
1,2478.5079,1876.5149,1876514.8594
1,2478.6393,1876.6463,1876646.2594
1,2478.7042,1876.7112,1876711.1594
1,2478.7115,1876.7185,1876718.4594
1,2478.7139,1876.7209,1876720.8594
1,2478.7707,1876.7777,1876777.6594
1,2478.7841,1876.7911,1876791.0594
1,2478.7915,1876.7985,1876798.4594
1,2478.8260,1876.8330,1876832.9594
1,2478.8283,1876.8353,1876835.2594
1,2478.8532,1876.8602,1876860.1594
1,2479.0088,1877.0158,1877015.7594
1,2479.1323,1877.1393,1877139.2594
1,2479.1374,1877.1444,1877144.3594
1,2479.1484,1877.1554,1877155.3594
1,2479.3367,1877.3437,1877343.6594
1,2479.4064,1877.4134,1877413.3594
1,2479.4634,1877.4704,1877470.3594
1,2479.5430,1877.5500,1877549.9594
1,2479.6427,1877.6497,1877649.6594
1,2480.6552,1878.6622,1878662.1594
1,2480.8265,1878.8335,1878833.4594
1,2480.8663,1878.8733,1878873.2594
1,2481.0215,1879.0285,1879028.4594
1,2481.0439,1879.0509,1879050.8594
1,2481.0503,1879.0573,1879057.2594
1,2481.1318,1879.1388,1879138.7594
1,2481.1382,1879.1452,1879145.1594
1,2481.1407,1879.1477,1879147.6594
1,2481.1437,1879.1507,1879150.6594
1,2481.3195,1879.3265,1879326.4594
1,2481.4378,1879.4448,1879444.7594
1,2482.4267,1880.4337,1880433.6594
1,2482.4588,1880.4658,1880465.7594
1,2482.4816,1880.4886,1880488.5594
1,2482.4843,1880.4913,1880491.2594
1,2482.4867,1880.4937,1880493.6594
1,2483.4270,1881.4340,1881433.9594
1,2483.4643,1881.4713,1881471.2594
1,2483.6745,1881.6815,1881681.4594
1,2483.7169,1881.7239,1881723.8594
1,2483.7795,1881.7865,1881786.4594
1,2483.8606,1881.8676,1881867.5594
1,2483.9727,1881.9797,1881979.6594
1,2484.3044,1882.3114,1882311.3594
1,2484.7946,1882.8016,1882801.5594
1,2485.5000,1883.5070,1883506.9594
1,2485.5830,1883.5900,1883589.9594
1,2485.7479,1883.7549,1883754.8594
1,2485.8215,1883.8285,1883828.4594
1,2485.8277,1883.8347,1883834.6594
1,2485.8748,1883.8818,1883881.7594
1,2485.8772,1883.8842,1883884.1594
1,2485.9619,1883.9689,1883968.8594
1,2486.0533,1884.0603,1884060.2594
1,2486.2434,1884.2504,1884250.3594
1,2486.4173,1884.4243,1884424.2594
1,2486.4201,1884.4271,1884427.0594
1,2486.5281,1884.5351,1884535.0594
1,2487.0335,1885.0405,1885040.4594
1,2487.0421,1885.0491,1885049.0594
1,2487.3109,1885.3179,1885317.8594
1,2487.3800,1885.3870,1885386.9594
1,2487.5954,1885.6024,1885602.3594
1,2487.6003,1885.6073,1885607.2594
1,2487.6939,1885.7009,1885700.8594
1,2487.7905,1885.7975,1885797.4594
1,2487.7965,1885.8035,1885803.4594
1,2487.8254,1885.8324,1885832.3594
1,2487.8591,1885.8661,1885866.0594
1,2487.8909,1885.8979,1885897.8594
1,2487.9452,1885.9522,1885952.1594
1,2488.0415,1886.0485,1886048.4594
1,2488.0446,1886.0516,1886051.5594
1,2488.0582,1886.0652,1886065.1594
1,2488.1112,1886.1182,1886118.1594
1,2488.1964,1886.2034,1886203.3594
1,2488.2608,1886.2678,1886267.7594
1,2488.3038,1886.3108,1886310.7594
1,2488.3230,1886.3300,1886329.9594
1,2488.8197,1886.8267,1886826.6594
1,2488.8220,1886.8290,1886828.9594
1,2488.9063,1886.9133,1886913.2594
1,2489.0440,1887.0510,1887050.9594
1,2489.0813,1887.0883,1887088.2594
1,2489.2359,1887.2429,1887242.8594
1,2489.3314,1887.3384,1887338.3594
1,2489.3497,1887.3567,1887356.6594
1,2489.4410,1887.4480,1887447.9594
1,2489.5908,1887.5978,1887597.7594
1,2489.6654,1887.6724,1887672.3594
1,2489.9434,1887.9504,1887950.3594
1,2490.0857,1888.0927,1888092.6594
1,2490.7701,1888.7771,1888777.0594
1,2490.9931,1889.0001,1889000.0594
1,2490.9954,1889.0024,1889002.3594
1,2491.0393,1889.0463,1889046.2594
1,2491.1288,1889.1358,1889135.7594
1,2491.1312,1889.1382,1889138.1594
1,2491.1366,1889.1436,1889143.5594
1,2491.2859,1889.2929,1889292.8594
1,2491.3099,1889.3169,1889316.8594
1,2491.4561,1889.4631,1889463.0594
1,2491.4587,1889.4657,1889465.6594
1,2491.5897,1889.5967,1889596.6594
1,2491.6232,1889.6302,1889630.1594
1,2491.6266,1889.6336,1889633.5594
1,2491.6337,1889.6407,1889640.6594
1,2491.7550,1889.7620,1889761.9594
1,2491.7587,1889.7657,1889765.6594
1,2491.8156,1889.8226,1889822.5594
1,2491.8832,1889.8902,1889890.1594
1,2491.9002,1889.9072,1889907.1594
1,2491.9473,1889.9543,1889954.2594
1,2492.4102,1890.4172,1890417.1594
1,2493.4428,1891.4498,1891449.7594
1,2493.4970,1891.5040,1891503.9594
1,2493.7198,1891.7268,1891726.7594
1,2493.9318,1891.9388,1891938.7594
1,2493.9923,1891.9993,1891999.2594
1,2494.0366,1892.0436,1892043.5594
1,2494.1450,1892.1520,1892151.9594
1,2494.3886,1892.3956,1892395.5594
1,2494.8005,1892.8075,1892807.4594
1,2494.8987,1892.9057,1892905.6594
1,2495.0294,1893.0364,1893036.3594
1,2495.0665,1893.0735,1893073.4594
1,2495.2075,1893.2145,1893214.4594
1,2496.8263,1894.8333,1894833.2594
1,2497.1137,1895.1207,1895120.6594
1,2497.7833,1895.7903,1895790.2594
1,2497.9428,1895.9498,1895949.7594
1,2498.0468,1896.0538,1896053.7594
1,2498.4544,1896.4614,1896461.3594
1,2498.5476,1896.5546,1896554.5594
1,2498.5523,1896.5593,1896559.2594
1,2498.5900,1896.5970,1896596.9594
1,2498.7987,1896.8057,1896805.6594
1,2498.8256,1896.8326,1896832.5594
1,2498.9906,1896.9976,1896997.5594
1,2499.8037,1897.8107,1897810.6594
1,2499.8467,1897.8537,1897853.6594
1,2499.8641,1897.8711,1897871.0594
1,2499.8743,1897.8813,1897881.2594
1,2500.1421,1898.1491,1898149.0594
1,2500.5670,1898.5740,1898573.9594
1,2500.8595,1898.8665,1898866.4594
1,2500.8801,1898.8871,1898887.0594
1,2501.8028,1899.8098,1899809.7594
1,2502.1849,1900.1919,1900191.8594
1,2503.0847,1901.0917,1901091.6594
1,2503.1921,1901.1991,1901199.0594
1,2503.4533,1901.4603,1901460.2594
1,2503.4753,1901.4823,1901482.2594
1,2503.7254,1901.7324,1901732.3594
1,2503.7516,1901.7586,1901758.5594
1,2503.7534,1901.7604,1901760.3594
1,2503.7748,1901.7818,1901781.7594
1,2503.7782,1901.7852,1901785.1594
1,2503.9516,1901.9586,1901958.5594
1,2504.3726,1902.3796,1902379.5594
1,2504.4040,1902.4110,1902410.9594
1,2504.4065,1902.4135,1902413.4594
1,2506.1480,1904.1550,1904154.9594
1,2506.1505,1904.1575,1904157.4594
1,2506.8526,1904.8596,1904859.5594
1,2506.8564,1904.8634,1904863.3594
1,2506.8916,1904.8986,1904898.5594
1,2506.9545,1904.9615,1904961.4594
1,2506.9843,1904.9913,1904991.2594
1,2507.1134,1905.1204,1905120.3594
1,2507.2162,1905.2232,1905223.1594
1,2507.3238,1905.3308,1905330.7594
1,2507.3262,1905.3332,1905333.1594
1,2507.4763,1905.4833,1905483.2594
1,2507.5801,1905.5871,1905587.0594
1,2507.5986,1905.6056,1905605.5594
1,2507.6190,1905.6260,1905625.9594
1,2507.7011,1905.7081,1905708.0594
1,2507.7397,1905.7467,1905746.6594
1,2507.8042,1905.8112,1905811.1594
1,2507.8342,1905.8412,1905841.1594
1,2507.8364,1905.8434,1905843.3594
1,2507.8828,1905.8898,1905889.7594
1,2507.9504,1905.9574,1905957.3594
1,2507.9723,1905.9793,1905979.2594
1,2507.9981,1906.0051,1906005.0594
1,2508.0426,1906.0496,1906049.5594
1,2508.1201,1906.1271,1906127.0594
1,2508.2622,1906.2692,1906269.1594
1,2508.4335,1906.4405,1906440.4594
1,2508.5021,1906.5091,1906509.0594
1,2508.5629,1906.5699,1906569.8594
1,2508.5733,1906.5803,1906580.2594
1,2508.5821,1906.5891,1906589.0594
1,2508.9134,1906.9204,1906920.3594
1,2509.0435,1907.0505,1907050.4594
1,2509.0631,1907.0701,1907070.0594
1,2509.1599,1907.1669,1907166.8594
1,2509.2553,1907.2623,1907262.2594
1,2509.2766,1907.2836,1907283.5594
1,2509.3649,1907.3719,1907371.8594
1,2509.3848,1907.3918,1907391.7594
1,2509.4108,1907.4178,1907417.7594
1,2509.4197,1907.4267,1907426.6594
1,2509.4644,1907.4714,1907471.3594
1,2509.4673,1907.4743,1907474.2594
1,2509.4890,1907.4960,1907495.9594
1,2509.5380,1907.5450,1907544.9594
1,2509.5754,1907.5824,1907582.3594
1,2509.6008,1907.6078,1907607.7594
1,2509.6503,1907.6573,1907657.2594
1,2509.6555,1907.6625,1907662.4594
1,2509.6636,1907.6706,1907670.5594
1,2509.6685,1907.6755,1907675.4594
1,2509.7269,1907.7339,1907733.8594
1,2509.7346,1907.7416,1907741.5594
1,2509.7833,1907.7903,1907790.2594
1,2509.8291,1907.8361,1907836.0594
1,2509.8326,1907.8396,1907839.5594
1,2509.8526,1907.8596,1907859.5594
1,2509.8553,1907.8623,1907862.2594
1,2509.8882,1907.8952,1907895.1594
1,2509.9283,1907.9353,1907935.2594
1,2509.9847,1907.9917,1907991.6594
1,2510.0261,1908.0331,1908033.0594
1,2510.0281,1908.0351,1908035.0594
1,2510.0336,1908.0406,1908040.5594
1,2510.1005,1908.1075,1908107.4594
1,2510.1030,1908.1100,1908109.9594
1,2510.1306,1908.1376,1908137.5594
1,2510.1331,1908.1401,1908140.0594
1,2510.1519,1908.1589,1908158.8594
1,2510.1605,1908.1675,1908167.4594
1,2510.1721,1908.1791,1908179.0594
1,2510.2380,1908.2450,1908244.9594
1,2510.2827,1908.2897,1908289.6594
1,2510.3234,1908.3304,1908330.3594
1,2510.3302,1908.3372,1908337.1594
1,2510.3885,1908.3955,1908395.4594
1,2510.4120,1908.4190,1908418.9594
1,2510.4393,1908.4463,1908446.2594
1,2510.4626,1908.4696,1908469.5594
1,2510.4692,1908.4762,1908476.1594
1,2510.5306,1908.5376,1908537.5594
1,2510.5969,1908.6039,1908603.8594
1,2510.6139,1908.6209,1908620.8594
1,2510.6159,1908.6229,1908622.8594
1,2510.7011,1908.7081,1908708.0594
1,2510.7966,1908.8036,1908803.5594
1,2510.8002,1908.8072,1908807.1594
1,2510.8609,1908.8679,1908867.8594
1,2510.9042,1908.9112,1908911.1594
1,2510.9967,1909.0037,1909003.6594
1,2511.4088,1909.4158,1909415.7594
1,2511.4682,1909.4752,1909475.1594
1,2511.6969,1909.7039,1909703.8594
1,2511.7151,1909.7221,1909722.0594
1,2511.8181,1909.8251,1909825.0594
1,2512.0741,1910.0811,1910081.0594
1,2512.1130,1910.1200,1910119.9594
1,2512.1574,1910.1644,1910164.3594
1,2514.3535,1912.3605,1912360.4594
1,2514.4854,1912.4924,1912492.3594
1,2515.0058,1913.0128,1913012.7594
1,2515.0511,1913.0581,1913058.0594
1,2515.0613,1913.0683,1913068.2594
1,2515.2950,1913.3020,1913301.9594
1,2515.6225,1913.6295,1913629.4594
1,2515.6394,1913.6464,1913646.3594
1,2515.6416,1913.6486,1913648.5594
1,2515.7166,1913.7236,1913723.5594
1,2516.1919,1914.1989,1914198.8594
1,2516.1942,1914.2012,1914201.1594
1,2517.0080,1915.0150,1915014.9594
1,2517.0883,1915.0953,1915095.2594
1,2517.2420,1915.2490,1915248.9594
1,2517.4047,1915.4117,1915411.6594
1,2517.5060,1915.5130,1915512.9594
1,2518.1372,1916.1442,1916144.1594
1,2518.1554,1916.1624,1916162.3594
1,2518.1701,1916.1771,1916177.0594
1,2518.2976,1916.3046,1916304.5594
1,2518.3766,1916.3836,1916383.5594
1,2518.4011,1916.4081,1916408.0594
1,2518.4029,1916.4099,1916409.8594
1,2518.4502,1916.4572,1916457.1594
1,2518.4530,1916.4600,1916459.9594
1,2518.5174,1916.5244,1916524.3594
1,2518.6379,1916.6449,1916644.8594
1,2518.7831,1916.7901,1916790.0594
1,2518.7939,1916.8009,1916800.8594
1,2518.8126,1916.8196,1916819.5594
1,2518.8891,1916.8961,1916896.0594
1,2520.3935,1918.4005,1918400.4594
1,2520.4781,1918.4851,1918485.0594
1,2520.7177,1918.7247,1918724.6594
1,2520.8625,1918.8695,1918869.4594
1,2520.8648,1918.8718,1918871.7594
1,2521.4376,1919.4446,1919444.5594
1,2521.4900,1919.4970,1919496.9594
1,2522.0974,1920.1044,1920104.3594
1,2522.5725,1920.5795,1920579.4594
1,2522.8311,1920.8381,1920838.0594
1,2523.2120,1921.2190,1921218.9594
1,2523.2190,1921.2260,1921225.9594
1,2523.4284,1921.4354,1921435.3594
1,2523.7369,1921.7439,1921743.8594
1,2523.8131,1921.8201,1921820.0594
1,2523.8151,1921.8221,1921822.0594
1,2524.0271,1922.0341,1922034.0594
1,2524.1072,1922.1142,1922114.1594
1,2524.1095,1922.1165,1922116.4594
1,2524.2491,1922.2561,1922256.0594
1,2524.2515,1922.2585,1922258.4594
1,2524.3146,1922.3216,1922321.5594
1,2524.3332,1922.3402,1922340.1594
1,2524.3445,1922.3515,1922351.4594
1,2524.4094,1922.4164,1922416.3594
1,2524.4147,1922.4217,1922421.6594
1,2524.5301,1922.5371,1922537.0594
1,2524.5332,1922.5402,1922540.1594
1,2524.6099,1922.6169,1922616.8594
1,2524.6951,1922.7021,1922702.0594
1,2524.7697,1922.7767,1922776.6594
1,2524.7794,1922.7864,1922786.3594
1,2525.2164,1923.2234,1923223.3594
1,2525.2822,1923.2892,1923289.1594
1,2525.2895,1923.2965,1923296.4594
1,2525.3691,1923.3761,1923376.0594
1,2525.3718,1923.3788,1923378.7594
1,2525.4626,1923.4696,1923469.5594
1,2525.5510,1923.5580,1923557.9594
1,2525.5534,1923.5604,1923560.3594
1,2525.6645,1923.6715,1923671.4594
1,2525.7591,1923.7661,1923766.0594
1,2525.9967,1924.0037,1924003.6594
1,2526.4668,1924.4738,1924473.7594
1,2526.4691,1924.4761,1924476.0594
1,2526.5867,1924.5937,1924593.6594
1,2526.6583,1924.6653,1924665.2594
1,2526.7304,1924.7374,1924737.3594
1,2526.8459,1924.8529,1924852.8594
1,2527.1008,1925.1078,1925107.7594
1,2527.1245,1925.1315,1925131.4594
1,2527.2847,1925.2917,1925291.6594
1,2527.2992,1925.3062,1925306.1594
1,2527.5107,1925.5177,1925517.6594
1,2527.5130,1925.5200,1925519.9594
1,2527.5922,1925.5992,1925599.1594
1,2527.7373,1925.7443,1925744.2594
1,2527.7802,1925.7872,1925787.1594
1,2528.5795,1926.5865,1926586.4594
1,2528.7576,1926.7646,1926764.5594
1,2528.8233,1926.8303,1926830.2594
1,2528.8296,1926.8366,1926836.5594
1,2528.8862,1926.8932,1926893.1594
1,2528.9605,1926.9675,1926967.4594
1,2528.9774,1926.9844,1926984.3594
1,2529.0584,1927.0654,1927065.3594
1,2529.0624,1927.0694,1927069.3594
1,2529.0690,1927.0760,1927075.9594
1,2529.1521,1927.1591,1927159.0594
1,2529.1591,1927.1661,1927166.0594
1,2529.1619,1927.1689,1927168.8594
1,2529.2012,1927.2082,1927208.1594
1,2529.2192,1927.2262,1927226.1594
1,2529.2623,1927.2693,1927269.2594
1,2529.2876,1927.2946,1927294.5594
1,2529.4210,1927.4280,1927427.9594
1,2529.5137,1927.5207,1927520.6594
1,2529.6570,1927.6640,1927663.9594
1,2529.7088,1927.7158,1927715.7594
1,2529.7572,1927.7642,1927764.1594
1,2529.8427,1927.8497,1927849.6594
1,2530.0207,1928.0277,1928027.6594
1,2530.0549,1928.0619,1928061.8594
1,2530.1857,1928.1927,1928192.6594
1,2530.2822,1928.2892,1928289.1594
1,2530.3917,1928.3987,1928398.6594
1,2530.5851,1928.5921,1928592.0594
1,2530.8409,1928.8479,1928847.8594
1,2530.8705,1928.8775,1928877.4594
1,2531.1902,1929.1972,1929197.1594
1,2531.3097,1929.3167,1929316.6594
1,2531.3436,1929.3506,1929350.5594
1,2531.4146,1929.4216,1929421.5594
1,2531.4520,1929.4590,1929458.9594
1,2531.4702,1929.4772,1929477.1594
1,2531.5000,1929.5070,1929506.9594
1,2531.5295,1929.5365,1929536.4594
1,2531.5534,1929.5604,1929560.3594
1,2531.5574,1929.5644,1929564.3594
1,2531.6060,1929.6130,1929612.9594
1,2531.7132,1929.7202,1929720.1594
1,2531.9941,1930.0011,1930001.0594
1,2532.8810,1930.8880,1930887.9594
1,2533.5850,1931.5920,1931591.9594
1,2533.7932,1931.8002,1931800.1594
1,2533.7952,1931.8022,1931802.1594
1,2533.9052,1931.9122,1931912.1594
1,2533.9077,1931.9147,1931914.6594
1,2534.0777,1932.0847,1932084.6594
1,2534.1843,1932.1913,1932191.2594
1,2534.1881,1932.1951,1932195.0594
1,2534.1905,1932.1975,1932197.4594
1,2534.5420,1932.5490,1932548.9594
1,2534.7125,1932.7195,1932719.4594
1,2535.7495,1933.7565,1933756.4594
1,2535.7517,1933.7587,1933758.6594
1,2535.7603,1933.7673,1933767.2594
1,2536.7427,1934.7497,1934749.6594
1,2536.8199,1934.8269,1934826.8594
1,2536.9244,1934.9314,1934931.3594
1,2537.1923,1935.1993,1935199.2594
1,2537.9335,1935.9405,1935940.4594
1,2538.0449,1936.0519,1936051.8594
1,2538.2569,1936.2639,1936263.8594
1,2538.4217,1936.4287,1936428.6594
1,2538.4579,1936.4649,1936464.8594
1,2538.4752,1936.4822,1936482.1594
1,2538.8109,1936.8179,1936817.8594
1,2538.9907,1936.9977,1936997.6594
1,2539.0150,1937.0220,1937021.9594
1,2539.0326,1937.0396,1937039.5594
1,2539.7447,1937.7517,1937751.6594
1,2540.2476,1938.2546,1938254.5594
1,2540.3910,1938.3980,1938397.9594
1,2540.4696,1938.4766,1938476.5594
1,2540.4750,1938.4820,1938481.9594
1,2541.2667,1939.2737,1939273.6594
1,2541.3305,1939.3375,1939337.4594
1,2541.3579,1939.3649,1939364.8594
1,2541.3964,1939.4034,1939403.3594
1,2541.4245,1939.4315,1939431.4594
1,2541.5874,1939.5944,1939594.3594
1,2541.6032,1939.6102,1939610.1594
1,2541.7192,1939.7262,1939726.1594
1,2541.8278,1939.8348,1939834.7594
1,2541.8582,1939.8652,1939865.1594
1,2541.9000,1939.9070,1939906.9594
1,2541.9015,1939.9085,1939908.4594
1,2541.9123,1939.9193,1939919.2594
1,2542.0362,1940.0432,1940043.1594
1,2542.1231,1940.1301,1940130.0594
1,2542.1607,1940.1677,1940167.6594
1,2542.2062,1940.2132,1940213.1594
1,2542.2752,1940.2822,1940282.1594
1,2542.3177,1940.3247,1940324.6594
1,2542.3826,1940.3896,1940389.5594
1,2542.5271,1940.5341,1940534.0594
1,2542.7864,1940.7934,1940793.3594
1,2542.8184,1940.8254,1940825.3594
1,2542.8551,1940.8621,1940862.0594
1,2543.0701,1941.0771,1941077.0594
1,2543.0784,1941.0854,1941085.3594
1,2543.1057,1941.1127,1941112.6594
1,2543.1199,1941.1269,1941126.8594
1,2543.1538,1941.1608,1941160.7594
1,2543.1764,1941.1834,1941183.3594
1,2543.2877,1941.2947,1941294.6594
1,2543.8720,1941.8790,1941878.9594
1,2544.6860,1942.6930,1942692.9594
1,2545.0884,1943.0954,1943095.3594
1,2545.0906,1943.0976,1943097.5594
1,2545.1529,1943.1599,1943159.8594
1,2545.1555,1943.1625,1943162.4594
1,2545.9127,1943.9197,1943919.6594
1,2546.5464,1944.5534,1944553.3594
1,2546.5527,1944.5597,1944559.6594
1,2546.5545,1944.5615,1944561.4594
1,2546.6299,1944.6369,1944636.8594
1,2547.3701,1945.3771,1945377.0594
1,2547.6026,1945.6096,1945609.5594
1,2547.6044,1945.6114,1945611.3594
1,2547.6114,1945.6184,1945618.3594
1,2547.6937,1945.7007,1945700.6594
1,2548.2954,1946.3024,1946302.3594
1,2548.3515,1946.3585,1946358.4594
1,2548.5501,1946.5571,1946557.0594
1,2548.6023,1946.6093,1946609.2594
1,2548.9513,1946.9583,1946958.2594
1,2549.0613,1947.0683,1947068.2594
1,2549.5472,1947.5542,1947554.1594
1,2549.6140,1947.6210,1947620.9594
1,2549.8112,1947.8182,1947818.1594
1,2549.9006,1947.9076,1947907.5594
1,2549.9313,1947.9383,1947938.2594
1,2550.5390,1948.5460,1948545.9594
1,2550.7446,1948.7516,1948751.5594
1,2551.0478,1949.0548,1949054.7594
1,2551.2738,1949.2808,1949280.7594
1,2551.3316,1949.3386,1949338.5594
1,2551.3605,1949.3675,1949367.4594
1,2551.3968,1949.4038,1949403.7594
1,2551.4654,1949.4724,1949472.3594
1,2551.5856,1949.5926,1949592.5594
1,2551.6953,1949.7023,1949702.2594
1,2551.8497,1949.8567,1949856.6594
1,2552.7512,1950.7582,1950758.1594
1,2553.4124,1951.4194,1951419.3594
1,2553.4694,1951.4764,1951476.3594
1,2553.6161,1951.6231,1951623.0594
1,2553.7571,1951.7641,1951764.0594
1,2553.8408,1951.8478,1951847.7594
1,2553.8839,1951.8909,1951890.8594
1,2553.9202,1951.9272,1951927.1594
1,2553.9622,1951.9692,1951969.1594
1,2553.9739,1951.9809,1951980.8594
1,2554.2250,1952.2320,1952231.9594
1,2555.1737,1953.1807,1953180.6594
1,2556.0073,1954.0143,1954014.2594
1,2556.1334,1954.1404,1954140.3594
1,2556.2938,1954.3008,1954300.7594
1,2556.3357,1954.3427,1954342.6594
1,2556.3920,1954.3990,1954398.9594
1,2556.4377,1954.4447,1954444.6594
1,2556.8724,1954.8794,1954879.3594
1,2557.0458,1955.0528,1955052.7594
1,2557.6483,1955.6553,1955655.2594
1,2557.6868,1955.6938,1955693.7594
1,2557.7229,1955.7299,1955729.8594
1,2558.0049,1956.0119,1956011.8594
1,2558.0439,1956.0509,1956050.8594
1,2558.0532,1956.0602,1956060.1594
1,2558.0755,1956.0825,1956082.4594
1,2558.1538,1956.1608,1956160.7594
1,2558.1560,1956.1630,1956162.9594
1,2558.1977,1956.2047,1956204.6594
1,2558.2018,1956.2088,1956208.7594
1,2558.2312,1956.2382,1956238.1594
1,2558.3665,1956.3735,1956373.4594
1,2558.5784,1956.5854,1956585.3594
1,2558.7584,1956.7654,1956765.3594
1,2559.0592,1957.0662,1957066.1594
1,2559.3795,1957.3865,1957386.4594
1,2559.4842,1957.4912,1957491.1594
1,2559.6213,1957.6283,1957628.2594
1,2559.6700,1957.6770,1957676.9594
1,2559.7447,1957.7517,1957751.6594
1,2559.8235,1957.8305,1957830.4594
1,2559.8621,1957.8691,1957869.0594
1,2560.0098,1958.0168,1958016.7594
1,2560.0600,1958.0670,1958066.9594
1,2560.1730,1958.1800,1958179.9594
1,2560.2887,1958.2957,1958295.6594
1,2560.3597,1958.3667,1958366.6594
1,2560.4946,1958.5016,1958501.5594
1,2560.6098,1958.6168,1958616.7594
1,2560.6733,1958.6803,1958680.2594
1,2560.8005,1958.8075,1958807.4594
1,2560.8743,1958.8813,1958881.2594
1,2561.0467,1959.0537,1959053.6594
1,2561.0577,1959.0647,1959064.6594
1,2561.0655,1959.0725,1959072.4594
1,2561.0864,1959.0934,1959093.3594
1,2561.1208,1959.1278,1959127.7594
1,2561.1643,1959.1713,1959171.2594
1,2561.1671,1959.1741,1959174.0594
1,2561.2032,1959.2102,1959210.1594
1,2561.2117,1959.2187,1959218.6594
1,2561.2292,1959.2362,1959236.1594
1,2561.2468,1959.2538,1959253.7594
1,2561.3440,1959.3510,1959350.9594
1,2561.4265,1959.4335,1959433.4594
1,2561.4734,1959.4804,1959480.3594
1,2561.4983,1959.5053,1959505.2594
1,2561.5145,1959.5215,1959521.4594
1,2561.5498,1959.5568,1959556.7594
1,2561.6781,1959.6851,1959685.0594
1,2561.7450,1959.7520,1959751.9594
1,2561.7674,1959.7744,1959774.3594
1,2561.8248,1959.8318,1959831.7594
1,2561.8585,1959.8655,1959865.4594
1,2561.9551,1959.9621,1959962.0594
1,2561.9661,1959.9731,1959973.0594
1,2562.0300,1960.0370,1960036.9594
1,2562.0849,1960.0919,1960091.8594
1,2562.0881,1960.0951,1960095.0594
1,2562.1068,1960.1138,1960113.7594
1,2562.1743,1960.1813,1960181.2594
1,2562.2151,1960.2221,1960222.0594
1,2562.2329,1960.2399,1960239.8594
1,2562.2515,1960.2585,1960258.4594
1,2562.3169,1960.3239,1960323.8594
1,2562.3203,1960.3273,1960327.2594
1,2562.3280,1960.3350,1960334.9594
1,2562.3312,1960.3382,1960338.1594
1,2562.3378,1960.3448,1960344.7594
1,2562.3725,1960.3795,1960379.4594
1,2562.4492,1960.4562,1960456.1594
1,2562.5756,1960.5826,1960582.5594
1,2562.5814,1960.5884,1960588.3594
1,2562.5836,1960.5906,1960590.5594
1,2562.6620,1960.6690,1960668.9594
1,2562.8160,1960.8230,1960822.9594
1,2562.8312,1960.8382,1960838.1594
1,2562.8988,1960.9058,1960905.7594
1,2564.0012,1962.0082,1962008.1594
1,2564.1368,1962.1438,1962143.7594
1,2564.1833,1962.1903,1962190.2594
1,2565.0085,1963.0155,1963015.4594
1,2565.0107,1963.0177,1963017.6594
1,2565.0144,1963.0214,1963021.3594
1,2565.0990,1963.1060,1963105.9594
1,2565.1242,1963.1312,1963131.1594
1,2565.1606,1963.1676,1963167.5594
1,2565.1753,1963.1823,1963182.2594
1,2565.2003,1963.2073,1963207.2594
1,2565.2460,1963.2530,1963252.9594
1,2565.2837,1963.2907,1963290.6594
1,2565.3442,1963.3512,1963351.1594
1,2565.3726,1963.3796,1963379.5594
1,2565.4063,1963.4133,1963413.2594
1,2565.4362,1963.4432,1963443.1594
1,2565.4451,1963.4521,1963452.0594
1,2565.4571,1963.4641,1963464.0594
1,2565.4649,1963.4719,1963471.8594
1,2565.4986,1963.5056,1963505.5594
1,2565.5105,1963.5175,1963517.4594
1,2565.5230,1963.5300,1963529.9594
1,2565.5424,1963.5494,1963549.3594
1,2565.5451,1963.5521,1963552.0594
1,2565.6009,1963.6079,1963607.8594
1,2565.6028,1963.6098,1963609.7594
1,2565.6110,1963.6180,1963617.9594
1,2565.6278,1963.6348,1963634.7594
1,2565.7121,1963.7191,1963719.0594
1,2565.7143,1963.7213,1963721.2594
1,2565.7252,1963.7322,1963732.1594
1,2565.7904,1963.7974,1963797.3594
1,2565.8242,1963.8312,1963831.1594
1,2565.8404,1963.8474,1963847.3594
1,2565.8685,1963.8755,1963875.4594
1,2565.9029,1963.9099,1963909.8594
1,2565.9959,1964.0029,1964002.8594
1,2566.0022,1964.0092,1964009.1594
1,2566.0046,1964.0116,1964011.5594
1,2566.0493,1964.0563,1964056.2594
1,2566.0923,1964.0993,1964099.2594
1,2566.1322,1964.1392,1964139.1594
1,2566.2039,1964.2109,1964210.8594
1,2566.2057,1964.2127,1964212.6594
1,2566.2866,1964.2936,1964293.5594
1,2566.5272,1964.5342,1964534.1594
1,2566.5318,1964.5388,1964538.7594
1,2566.7580,1964.7650,1964764.9594
1,2566.7595,1964.7665,1964766.4594
1,2566.8149,1964.8219,1964821.8594
1,2566.9178,1964.9248,1964924.7594
1,2566.9952,1965.0022,1965002.1594
1,2567.0219,1965.0289,1965028.8594
1,2567.0244,1965.0314,1965031.3594
1,2567.0699,1965.0769,1965076.8594
1,2567.0836,1965.0906,1965090.5594
1,2567.2593,1965.2663,1965266.2594
1,2567.3380,1965.3450,1965344.9594
1,2567.3415,1965.3485,1965348.4594
1,2567.3877,1965.3947,1965394.6594
1,2567.6275,1965.6345,1965634.4594
1,2568.4744,1966.4814,1966481.3594
1,2568.4825,1966.4895,1966489.4594
1,2568.6882,1966.6952,1966695.1594
1,2568.7884,1966.7954,1966795.3594
1,2568.7908,1966.7978,1966797.7594
1,2568.8925,1966.8995,1966899.4594
1,2569.7659,1967.7729,1967772.8594
1,2569.8299,1967.8369,1967836.8594
1,2569.9180,1967.9250,1967924.9594
1,2569.9351,1967.9421,1967942.0594
1,2569.9768,1967.9838,1967983.7594
1,2570.0889,1968.0959,1968095.8594
1,2570.1247,1968.1317,1968131.6594
1,2570.1706,1968.1776,1968177.5594
1,2570.3435,1968.3505,1968350.4594
1,2570.3533,1968.3603,1968360.2594
1,2570.4649,1968.4719,1968471.8594
1,2570.5212,1968.5282,1968528.1594
1,2571.1564,1969.1634,1969163.3594
1,2571.2603,1969.2673,1969267.2594
1,2571.4137,1969.4207,1969420.6594
1,2571.7960,1969.8030,1969802.9594
1,2571.8387,1969.8457,1969845.6594
1,2571.8692,1969.8762,1969876.1594
1,2571.8753,1969.8823,1969882.2594
1,2571.9523,1969.9593,1969959.2594
1,2571.9547,1969.9617,1969961.6594
1,2571.9724,1969.9794,1969979.3594
1,2572.0002,1970.0072,1970007.1594
1,2572.0152,1970.0222,1970022.1594
1,2572.0300,1970.0370,1970036.9594
1,2572.0323,1970.0393,1970039.2594
1,2572.1167,1970.1237,1970123.6594
1,2572.1268,1970.1338,1970133.7594
1,2572.1373,1970.1443,1970144.2594
1,2572.3139,1970.3209,1970320.8594
1,2572.7613,1970.7683,1970768.2594
1,2572.9329,1970.9399,1970939.8594
1,2572.9357,1970.9427,1970942.6594
1,2573.0082,1971.0152,1971015.1594
1,2573.2884,1971.2954,1971295.3594
1,2573.3972,1971.4042,1971404.1594
1,2573.4207,1971.4277,1971427.6594
1,2573.4312,1971.4382,1971438.1594
1,2573.5044,1971.5114,1971511.3594
1,2573.5599,1971.5669,1971566.8594
1,2574.3808,1972.3878,1972387.7594
1,2574.4380,1972.4450,1972444.9594
1,2574.4479,1972.4549,1972454.8594
1,2574.6742,1972.6812,1972681.1594
1,2574.7650,1972.7720,1972771.9594
1,2574.7905,1972.7975,1972797.4594
1,2575.0162,1973.0232,1973023.1594
1,2575.3962,1973.4032,1973403.1594
1,2575.3984,1973.4054,1973405.3594
1,2575.5287,1973.5357,1973535.6594
1,2575.5674,1973.5744,1973574.3594
1,2575.5821,1973.5891,1973589.0594
1,2575.6171,1973.6241,1973624.0594
1,2575.6684,1973.6754,1973675.3594
1,2576.0806,1974.0876,1974087.5594
1,2576.4387,1974.4457,1974445.6594
1,2576.4573,1974.4643,1974464.2594
1,2576.5352,1974.5422,1974542.1594
1,2576.5931,1974.6001,1974600.0594
1,2576.7387,1974.7457,1974745.6594
1,2576.9297,1974.9367,1974936.6594
1,2576.9496,1974.9566,1974956.5594
1,2577.0287,1975.0357,1975035.6594
1,2577.0650,1975.0720,1975071.9594
1,2577.0946,1975.1016,1975101.5594
1,2577.2730,1975.2800,1975279.9594
1,2577.3442,1975.3512,1975351.1594
1,2577.3465,1975.3535,1975353.4594
1,2577.4019,1975.4089,1975408.8594
1,2577.5367,1975.5437,1975543.6594
1,2577.7211,1975.7281,1975728.0594
1,2577.7795,1975.7865,1975786.4594
1,2577.9293,1975.9363,1975936.2594
1,2577.9880,1975.9950,1975994.9594
1,2577.9919,1975.9989,1975998.8594
1,2578.0669,1976.0739,1976073.8594
1,2579.3100,1977.3170,1977316.9594
1,2579.6766,1977.6836,1977683.5594
1,2579.7183,1977.7253,1977725.2594
1,2579.8080,1977.8150,1977814.9594
1,2579.8767,1977.8837,1977883.6594
1,2579.9607,1977.9677,1977967.6594
1,2579.9628,1977.9698,1977969.7594
1,2579.9882,1977.9952,1977995.1594
1,2580.0056,1978.0126,1978012.5594
1,2580.0414,1978.0484,1978048.3594
1,2580.0493,1978.0563,1978056.2594
1,2580.1168,1978.1238,1978123.7594
1,2580.2073,1978.2143,1978214.2594
1,2580.2291,1978.2361,1978236.0594
1,2580.2865,1978.2935,1978293.4594
1,2580.3511,1978.3581,1978358.0594
1,2580.3533,1978.3603,1978360.2594
1,2580.4220,1978.4290,1978428.9594
1,2580.4724,1978.4794,1978479.3594
1,2580.5013,1978.5083,1978508.2594
1,2580.5847,1978.5917,1978591.6594
1,2580.5958,1978.6028,1978602.7594
1,2580.6861,1978.6931,1978693.0594
1,2580.7061,1978.7131,1978713.0594
1,2580.7897,1978.7967,1978796.6594
1,2580.7925,1978.7995,1978799.4594
1,2580.8075,1978.8145,1978814.4594
1,2580.8118,1978.8188,1978818.7594
1,2580.8448,1978.8518,1978851.7594
1,2580.8772,1978.8842,1978884.1594
1,2580.9470,1978.9540,1978953.9594
1,2581.4984,1979.5054,1979505.3594
1,2581.5012,1979.5082,1979508.1594
1,2581.5581,1979.5651,1979565.0594
1,2581.5720,1979.5790,1979578.9594
1,2581.6013,1979.6083,1979608.2594
1,2581.7558,1979.7628,1979762.7594
1,2581.8738,1979.8808,1979880.7594
1,2582.0362,1980.0432,1980043.1594
1,2582.0416,1980.0486,1980048.5594
1,2582.3607,1980.3677,1980367.6594
1,2582.3643,1980.3713,1980371.2594
1,2582.4890,1980.4960,1980495.9594
1,2582.4921,1980.4991,1980499.0594
1,2583.7745,1981.7815,1981781.4594
1,2583.7769,1981.7839,1981783.8594
1,2583.8645,1981.8715,1981871.4594
1,2583.9144,1981.9214,1981921.3594
1,2584.0627,1982.0697,1982069.6594
1,2584.0694,1982.0764,1982076.3594
1,2584.3616,1982.3686,1982368.5594
1,2584.3641,1982.3711,1982371.0594
1,2585.2444,1983.2514,1983251.3594
1,2585.4357,1983.4427,1983442.6594
1,2586.3690,1984.3760,1984375.9594
1,2586.5694,1984.5764,1984576.3594
1,2586.6229,1984.6299,1984629.8594
1,2586.6255,1984.6325,1984632.4594
1,2587.1273,1985.1343,1985134.2594
1,2587.1885,1985.1955,1985195.4594
1,2587.5463,1985.5533,1985553.2594
1,2587.8716,1985.8786,1985878.5594
1,2588.2281,1986.2351,1986235.0594
1,2588.2311,1986.2381,1986238.0594
1,2588.2953,1986.3023,1986302.2594
1,2588.3675,1986.3745,1986374.4594
1,2588.3734,1986.3804,1986380.3594
1,2588.4310,1986.4380,1986437.9594
1,2588.7836,1986.7906,1986790.5594
1,2588.8465,1986.8535,1986853.4594
1,2589.2075,1987.2145,1987214.4594
1,2589.2117,1987.2187,1987218.6594
1,2589.3783,1987.3853,1987385.2594
1,2590.0842,1988.0912,1988091.1594
1,2590.4401,1988.4471,1988447.0594
1,2590.4991,1988.5061,1988506.0594
1,2590.5419,1988.5489,1988548.8594
1,2590.6111,1988.6181,1988618.0594
1,2590.6135,1988.6205,1988620.4594
1,2590.8334,1988.8404,1988840.3594
1,2591.5986,1989.6056,1989605.5594
1,2591.7043,1989.7113,1989711.2594
1,2593.3382,1991.3452,1991345.1594
1,2593.4615,1991.4685,1991468.4594
1,2593.6152,1991.6222,1991622.1594
1,2593.8715,1991.8785,1991878.4594
1,2593.9631,1991.9701,1991970.0594
1,2593.9885,1991.9955,1991995.4594
1,2594.6931,1992.7001,1992700.0594
1,2594.7062,1992.7132,1992713.1594
1,2594.8555,1992.8625,1992862.4594
1,2594.9296,1992.9366,1992936.5594
1,2594.9361,1992.9431,1992943.0594
1,2595.0951,1993.1021,1993102.0594
1,2595.2006,1993.2076,1993207.5594
1,2595.5514,1993.5584,1993558.3594
1,2595.6570,1993.6640,1993663.9594
1,2595.8638,1993.8708,1993870.7594
1,2596.7163,1994.7233,1994723.2594
1,2596.8472,1994.8542,1994854.1594
1,2596.9079,1994.9149,1994914.8594
1,2597.1827,1995.1897,1995189.6594
1,2597.5240,1995.5310,1995530.9594
1,2597.9404,1995.9474,1995947.3594
1,2598.3071,1996.3141,1996314.0594
1,2599.1599,1997.1669,1997166.8594
1,2599.1670,1997.1740,1997173.9594
1,2599.3162,1997.3232,1997323.1594
1,2599.3602,1997.3672,1997367.1594
1,2599.3723,1997.3793,1997379.2594
1,2599.5219,1997.5289,1997528.8594
1,2599.5497,1997.5567,1997556.6594
1,2599.6793,1997.6863,1997686.2594
1,2600.3836,1998.3906,1998390.5594
1,2600.5363,1998.5433,1998543.2594
1,2600.9863,1998.9933,1998993.2594
1,2601.0811,1999.0881,1999088.0594
1,2601.1018,1999.1088,1999108.7594
1,2601.2358,1999.2428,1999242.7594
1,2601.2401,1999.2471,1999247.0594
1,2601.2663,1999.2733,1999273.2594
1,2601.2730,1999.2800,1999279.9594
1,2601.2880,1999.2950,1999294.9594
1,2601.3289,1999.3359,1999335.8594
1,2601.3366,1999.3436,1999343.5594
1,2601.3977,1999.4047,1999404.6594
1,2601.6218,1999.6288,1999628.7594
1,2601.9873,1999.9943,1999994.2594
1,2602.1881,2000.1951,2000195.0594
1,2602.5084,2000.5154,2000515.3594
1,2602.8760,2000.8830,2000882.9594
1,2603.1532,2001.1602,2001160.1594
1,2603.2158,2001.2228,2001222.7594
1,2603.4997,2001.5067,2001506.6594
1,2603.5550,2001.5620,2001561.9594
1,2603.5857,2001.5927,2001592.6594
1,2603.6801,2001.6871,2001687.0594
1,2603.7776,2001.7846,2001784.5594
1,2603.7863,2001.7933,2001793.2594
1,2606.0858,2004.0928,2004092.7594
1,2606.1413,2004.1483,2004148.2594
1,2606.7001,2004.7071,2004707.0594
1,2607.2477,2005.2547,2005254.6594
1,2607.3316,2005.3386,2005338.5594
1,2607.3643,2005.3713,2005371.2594
1,2607.3854,2005.3924,2005392.3594
1,2607.4064,2005.4134,2005413.3594
1,2607.5253,2005.5323,2005532.2594
1,2607.5277,2005.5347,2005534.6594
1,2607.5414,2005.5484,2005548.3594
1,2607.8929,2005.8999,2005899.8594
1,2609.6202,2007.6272,2007627.1594
1,2610.0572,2008.0642,2008064.1594
1,2610.0595,2008.0665,2008066.4594
1,2610.1561,2008.1631,2008163.0594
1,2610.5391,2008.5461,2008546.0594
1,2610.7162,2008.7232,2008723.1594
1,2610.8275,2008.8345,2008834.4594
1,2610.8325,2008.8395,2008839.4594
1,2610.9058,2008.9128,2008912.7594
1,2610.9150,2008.9220,2008921.9594
1,2610.9195,2008.9265,2008926.4594
1,2610.9893,2008.9963,2008996.2594
1,2611.0480,2009.0550,2009054.9594
1,2611.0774,2009.0844,2009084.3594
1,2611.0870,2009.0940,2009093.9594
1,2611.0892,2009.0962,2009096.1594
1,2611.2639,2009.2709,2009270.8594
1,2611.7086,2009.7156,2009715.5594
1,2611.8456,2009.8526,2009852.5594
1,2613.1037,2011.1107,2011110.6594
1,2613.4681,2011.4751,2011475.0594
1,2614.4303,2012.4373,2012437.2594
1,2615.0749,2013.0819,2013081.8594
1,2615.3347,2013.3417,2013341.6594
1,2615.3530,2013.3600,2013359.9594
1,2615.5576,2013.5646,2013564.5594
1,2615.6427,2013.6497,2013649.6594
1,2615.6748,2013.6818,2013681.7594
1,2615.8076,2013.8146,2013814.5594
1,2616.1898,2014.1968,2014196.7594
1,2616.4832,2014.4902,2014490.1594
1,2616.5568,2014.5638,2014563.7594
1,2616.5964,2014.6034,2014603.3594
1,2616.6639,2014.6709,2014670.8594
1,2616.7216,2014.7286,2014728.5594
1,2616.7989,2014.8059,2014805.8594
1,2616.8816,2014.8886,2014888.5594
1,2617.3651,2015.3721,2015372.0594
1,2617.4553,2015.4623,2015462.2594
1,2617.7358,2015.7428,2015742.7594
1,2617.8202,2015.8272,2015827.1594
1,2619.0329,2017.0399,2017039.8594
1,2619.9931,2018.0001,2018000.0594
1,2620.6855,2018.6925,2018692.4594
1,2620.6894,2018.6964,2018696.3594
1,2620.7695,2018.7765,2018776.4594
1,2621.0261,2019.0331,2019033.0594
1,2621.8877,2019.8947,2019894.6594
1,2621.9078,2019.9148,2019914.7594
1,2621.9955,2020.0025,2020002.4594
1,2623.5669,2021.5739,2021573.8594
1,2624.3581,2022.3651,2022365.0594
1,2624.4037,2022.4107,2022410.6594
1,2625.8491,2023.8561,2023856.0594
1,2626.5348,2024.5418,2024541.7594
1,2627.1117,2025.1187,2025118.6594
1,2627.3644,2025.3714,2025371.3594
1,2627.5474,2025.5544,2025554.3594
1,2627.5500,2025.5570,2025556.9594
1,2627.6006,2025.6076,2025607.5594
1,2627.9110,2025.9180,2025917.9594
1,2627.9556,2025.9626,2025962.5594
1,2627.9801,2025.9871,2025987.0594
1,2628.0047,2026.0117,2026011.6594
1,2628.0143,2026.0213,2026021.2594
1,2628.1756,2026.1826,2026182.5594
1,2628.3444,2026.3514,2026351.3594
1,2628.5666,2026.5736,2026573.5594
1,2628.9659,2026.9729,2026972.8594
1,2629.1924,2027.1994,2027199.3594
1,2629.3277,2027.3347,2027334.6594
1,2629.4169,2027.4239,2027423.8594
1,2629.4559,2027.4629,2027462.8594
1,2629.8379,2027.8449,2027844.8594
1,2629.8533,2027.8603,2027860.2594
1,2630.0401,2028.0471,2028047.0594
1,2630.0612,2028.0682,2028068.1594
1,2630.0742,2028.0812,2028081.1594
1,2630.1235,2028.1305,2028130.4594
1,2630.3112,2028.3182,2028318.1594
1,2630.4395,2028.4465,2028446.4594
1,2630.5117,2028.5187,2028518.6594
1,2630.5971,2028.6041,2028604.0594
1,2630.6008,2028.6078,2028607.7594
1,2630.6175,2028.6245,2028624.4594
1,2630.6292,2028.6362,2028636.1594
1,2630.8708,2028.8778,2028877.7594
1,2632.6491,2030.6561,2030656.0594
1,2632.6933,2030.7003,2030700.2594
1,2632.7033,2030.7103,2030710.2594
1,2632.7249,2030.7319,2030731.8594
1,2633.0519,2031.0589,2031058.8594
1,2633.1032,2031.1102,2031110.1594
1,2633.2141,2031.2211,2031221.0594
1,2633.2868,2031.2938,2031293.7594
1,2633.5220,2031.5290,2031528.9594
1,2635.0505,2033.0575,2033057.4594
1,2635.1486,2033.1556,2033155.5594
1,2635.1508,2033.1578,2033157.7594
1,2635.1621,2033.1691,2033169.0594
1,2635.1856,2033.1926,2033192.5594
1,2635.2930,2033.3000,2033299.9594
1,2635.3093,2033.3163,2033316.2594
1,2635.3916,2033.3986,2033398.5594
1,2635.4326,2033.4396,2033439.5594
1,2635.4551,2033.4621,2033462.0594
1,2635.5321,2033.5391,2033539.0594
1,2635.5948,2033.6018,2033601.7594
1,2635.7734,2033.7804,2033780.3594
1,2635.7759,2033.7829,2033782.8594
1,2636.1838,2034.1908,2034190.7594
1,2636.5252,2034.5322,2034532.1594
1,2636.8343,2034.8413,2034841.2594
1,2637.3133,2035.3203,2035320.2594
1,2637.3321,2035.3391,2035339.0594
1,2637.3347,2035.3417,2035341.6594
1,2638.2838,2036.2908,2036290.7594
1,2638.3005,2036.3075,2036307.4594
1,2638.6895,2036.6965,2036696.4594
1,2639.0736,2037.0806,2037080.5594
1,2639.1394,2037.1464,2037146.3594
1,2639.6729,2037.6799,2037679.8594
1,2640.4201,2038.4271,2038427.0594
1,2641.4772,2039.4842,2039484.1594
1,2641.5091,2039.5161,2039516.0594
1,2641.6227,2039.6297,2039629.6594
1,2641.7580,2039.7650,2039764.9594
1,2641.8741,2039.8811,2039881.0594
1,2642.0296,2040.0366,2040036.5594
1,2642.0370,2040.0440,2040043.9594
1,2642.1256,2040.1326,2040132.5594
1,2642.2609,2040.2679,2040267.8594
1,2642.3163,2040.3233,2040323.2594
1,2642.4318,2040.4388,2040438.7594
1,2642.6221,2040.6291,2040629.0594
1,2642.6245,2040.6315,2040631.4594
1,2642.6618,2040.6688,2040668.7594
1,2642.8249,2040.8319,2040831.8594
1,2643.0332,2041.0402,2041040.1594
1,2643.0593,2041.0663,2041066.2594
1,2643.2527,2041.2597,2041259.6594
1,2643.4176,2041.4246,2041424.5594
1,2643.5182,2041.5252,2041525.1594
1,2644.1634,2042.1704,2042170.3594
1,2644.6193,2042.6263,2042626.2594
1,2644.6348,2042.6418,2042641.7594
1,2644.7376,2042.7446,2042744.5594
1,2644.7996,2042.8066,2042806.5594
1,2645.2091,2043.2161,2043216.0594
1,2645.2118,2043.2188,2043218.7594
1,2645.3008,2043.3078,2043307.7594
1,2645.3032,2043.3102,2043310.1594
1,2645.5514,2043.5584,2043558.3594
1,2645.5580,2043.5650,2043564.9594
1,2645.6335,2043.6405,2043640.4594
1,2645.6527,2043.6597,2043659.6594
1,2645.7665,2043.7735,2043773.4594
1,2645.8939,2043.9009,2043900.8594
1,2646.4322,2044.4392,2044439.1594
1,2646.5110,2044.5180,2044517.9594
1,2646.8614,2044.8684,2044868.3594
1,2647.3880,2045.3950,2045394.9594
1,2647.4717,2045.4787,2045478.6594
1,2647.5172,2045.5242,2045524.1594
1,2647.5659,2045.5729,2045572.8594
1,2647.5873,2045.5943,2045594.2594
1,2647.6080,2045.6150,2045614.9594
1,2647.6683,2045.6753,2045675.2594
1,2647.6806,2045.6876,2045687.5594
1,2647.6885,2045.6955,2045695.4594
1,2647.7667,2045.7737,2045773.6594
1,2647.8667,2045.8737,2045873.6594
1,2648.1823,2046.1893,2046189.2594
1,2648.3165,2046.3235,2046323.4594
1,2648.8515,2046.8585,2046858.4594
1,2648.8554,2046.8624,2046862.3594
1,2648.8990,2046.9060,2046905.9594
1,2648.9419,2046.9489,2046948.8594
1,2649.1362,2047.1432,2047143.1594
1,2649.1506,2047.1576,2047157.5594
1,2649.1782,2047.1852,2047185.1594
1,2649.2076,2047.2146,2047214.5594
1,2649.2384,2047.2454,2047245.3594
1,2650.1320,2048.1390,2048138.9594
1,2651.2124,2049.2194,2049219.3594
1,2651.2157,2049.2227,2049222.6594
1,2651.2396,2049.2466,2049246.5594
1,2651.3147,2049.3217,2049321.6594
1,2651.7184,2049.7254,2049725.3594
1,2651.9374,2049.9444,2049944.3594
1,2652.0033,2050.0103,2050010.2594
1,2652.4892,2050.4962,2050496.1594
1,2652.5197,2050.5267,2050526.6594
1,2652.5275,2050.5345,2050534.4594
1,2652.6977,2050.7047,2050704.6594
1,2652.7534,2050.7604,2050760.3594
1,2652.8699,2050.8769,2050876.8594
1,2652.8727,2050.8797,2050879.6594
1,2652.8750,2050.8820,2050881.9594
1,2653.3757,2051.3827,2051382.6594
1,2653.4536,2051.4606,2051460.5594
1,2653.5262,2051.5332,2051533.1594
1,2653.8003,2051.8073,2051807.2594
1,2653.8871,2051.8941,2051894.0594
1,2653.9105,2051.9175,2051917.4594
1,2653.9626,2051.9696,2051969.5594
1,2653.9764,2051.9834,2051983.3594
1,2653.9830,2051.9900,2051989.9594
1,2654.0932,2052.1002,2052100.1594
1,2654.1961,2052.2031,2052203.0594
1,2654.2231,2052.2301,2052230.0594
1,2654.4190,2052.4260,2052425.9594
1,2654.4307,2052.4377,2052437.6594
1,2654.4347,2052.4417,2052441.6594
1,2654.5479,2052.5549,2052554.8594
1,2654.5503,2052.5573,2052557.2594
1,2654.6002,2052.6072,2052607.1594
1,2655.0002,2053.0072,2053007.1594
1,2655.1530,2053.1600,2053159.9594
1,2655.3754,2053.3824,2053382.3594
1,2655.4284,2053.4354,2053435.3594
1,2655.4310,2053.4380,2053437.9594
1,2655.5019,2053.5089,2053508.8594
1,2655.5254,2053.5324,2053532.3594
1,2655.6479,2053.6549,2053654.8594
1,2655.7303,2053.7373,2053737.2594
1,2655.7326,2053.7396,2053739.5594
1,2655.7941,2053.8011,2053801.0594
1,2655.8550,2053.8620,2053861.9594
1,2655.8945,2053.9015,2053901.4594
1,2655.9877,2053.9947,2053994.6594
1,2656.0395,2054.0465,2054046.4594
1,2656.0793,2054.0863,2054086.2594
1,2656.0857,2054.0927,2054092.6594
1,2656.1318,2054.1388,2054138.7594
1,2656.1431,2054.1501,2054150.0594
1,2656.2036,2054.2106,2054210.5594
1,2656.2200,2054.2270,2054226.9594
1,2656.2705,2054.2775,2054277.4594
1,2656.2913,2054.2983,2054298.2594
1,2656.3142,2054.3212,2054321.1594
1,2656.3513,2054.3583,2054358.2594
1,2656.4207,2054.4277,2054427.6594
1,2656.4362,2054.4432,2054443.1594
1,2656.4440,2054.4510,2054450.9594
1,2656.5297,2054.5367,2054536.6594
1,2656.5855,2054.5925,2054592.4594
1,2656.6554,2054.6624,2054662.3594
1,2656.7210,2054.7280,2054727.9594
1,2656.7495,2054.7565,2054756.4594
1,2656.7973,2054.8043,2054804.2594
1,2656.8390,2054.8460,2054845.9594
1,2656.8464,2054.8534,2054853.3594
1,2656.8897,2054.8967,2054896.6594
1,2657.1418,2055.1488,2055148.7594
1,2657.2506,2055.2576,2055257.5594
1,2657.2956,2055.3026,2055302.5594
1,2657.5100,2055.5170,2055516.9594
1,2657.5571,2055.5641,2055564.0594
1,2657.6094,2055.6164,2055616.3594
1,2657.6681,2055.6751,2055675.0594
1,2657.8865,2055.8935,2055893.4594
1,2657.9823,2055.9893,2055989.2594
1,2658.0817,2056.0887,2056088.6594
1,2658.1319,2056.1389,2056138.8594
1,2658.2549,2056.2619,2056261.8594
1,2658.3045,2056.3115,2056311.4594
1,2658.3797,2056.3867,2056386.6594
1,2658.5196,2056.5266,2056526.5594
1,2658.5219,2056.5289,2056528.8594
1,2658.6256,2056.6326,2056632.5594
1,2658.6541,2056.6611,2056661.0594
1,2658.7347,2056.7417,2056741.6594
1,2658.7476,2056.7546,2056754.5594
1,2658.7907,2056.7977,2056797.6594
1,2658.8897,2056.8967,2056896.6594
1,2659.2919,2057.2989,2057298.8594
1,2659.2954,2057.3024,2057302.3594
1,2659.2976,2057.3046,2057304.5594
1,2659.3932,2057.4002,2057400.1594
1,2659.6472,2057.6542,2057654.1594
1,2659.6683,2057.6753,2057675.2594
1,2659.7452,2057.7522,2057752.1594
1,2659.7625,2057.7695,2057769.4594
1,2659.7708,2057.7778,2057777.7594
1,2659.8682,2057.8752,2057875.1594
1,2659.8770,2057.8840,2057883.9594
1,2659.8823,2057.8893,2057889.2594
1,2660.1334,2058.1404,2058140.3594
1,2660.2122,2058.2192,2058219.1594
1,2660.2237,2058.2307,2058230.6594
1,2660.2384,2058.2454,2058245.3594
1,2660.2610,2058.2680,2058267.9594
1,2660.2689,2058.2759,2058275.8594
1,2660.3411,2058.3481,2058348.0594
1,2660.4502,2058.4572,2058457.1594
1,2660.5932,2058.6002,2058600.1594
1,2660.8655,2058.8725,2058872.4594
1,2661.1182,2059.1252,2059125.1594
1,2661.1313,2059.1383,2059138.2594
1,2661.2632,2059.2702,2059270.1594
1,2661.2812,2059.2882,2059288.1594
1,2661.2928,2059.2998,2059299.7594
1,2661.3086,2059.3156,2059315.5594
1,2661.3730,2059.3800,2059379.9594
1,2661.3957,2059.4027,2059402.6594
1,2661.4112,2059.4182,2059418.1594
1,2661.4679,2059.4749,2059474.8594
1,2661.4922,2059.4992,2059499.1594
1,2661.5327,2059.5397,2059539.6594
1,2661.5344,2059.5414,2059541.3594
1,2661.5406,2059.5476,2059547.5594
1,2661.5589,2059.5659,2059565.8594
1,2661.6851,2059.6921,2059692.0594
1,2661.6942,2059.7012,2059701.1594
1,2661.6964,2059.7034,2059703.3594
1,2661.7046,2059.7116,2059711.5594
1,2661.7246,2059.7316,2059731.5594
1,2661.7751,2059.7821,2059782.0594
1,2661.7772,2059.7842,2059784.1594
1,2661.8334,2059.8404,2059840.3594
1,2661.8455,2059.8525,2059852.4594
1,2661.8851,2059.8921,2059892.0594
1,2661.8876,2059.8946,2059894.5594
1,2662.1027,2060.1097,2060109.6594
1,2662.1523,2060.1593,2060159.2594
1,2662.1978,2060.2048,2060204.7594
1,2662.2386,2060.2456,2060245.5594
1,2662.2570,2060.2640,2060263.9594
1,2662.2729,2060.2799,2060279.8594
1,2662.2753,2060.2823,2060282.2594
1,2662.2905,2060.2975,2060297.4594
1,2662.3051,2060.3121,2060312.0594
1,2662.3415,2060.3485,2060348.4594
1,2662.3688,2060.3758,2060375.7594
1,2662.4432,2060.4502,2060450.1594
1,2662.4825,2060.4895,2060489.4594
1,2662.4881,2060.4951,2060495.0594
1,2662.5104,2060.5174,2060517.3594
1,2662.5340,2060.5410,2060540.9594
1,2662.5746,2060.5816,2060581.5594
1,2662.5846,2060.5916,2060591.5594
1,2662.6384,2060.6454,2060645.3594
1,2662.7081,2060.7151,2060715.0594
1,2662.8588,2060.8658,2060865.7594
1,2663.1470,2061.1540,2061153.9594
1,2663.2613,2061.2683,2061268.2594
1,2663.3919,2061.3989,2061398.8594
1,2663.4104,2061.4174,2061417.3594
1,2663.4249,2061.4319,2061431.8594
1,2663.4289,2061.4359,2061435.8594
1,2663.5025,2061.5095,2061509.4594
1,2663.6631,2061.6701,2061670.0594
1,2663.6656,2061.6726,2061672.5594
1,2664.9689,2062.9759,2062975.8594
1,2665.0047,2063.0117,2063011.6594
1,2665.7431,2063.7501,2063750.0594
1,2665.8067,2063.8137,2063813.6594
1,2666.5042,2064.5112,2064511.1594
1,2666.5167,2064.5237,2064523.6594
1,2666.5549,2064.5619,2064561.8594
1,2666.7425,2064.7495,2064749.4594
1,2666.7581,2064.7651,2064765.0594
1,2666.7809,2064.7879,2064787.8594
1,2666.7951,2064.8021,2064802.0594
1,2666.7977,2064.8047,2064804.6594
1,2666.8004,2064.8074,2064807.3594
1,2666.8258,2064.8328,2064832.7594
1,2666.8363,2064.8433,2064843.2594
1,2666.8431,2064.8501,2064850.0594
1,2666.8503,2064.8573,2064857.2594
1,2666.8568,2064.8638,2064863.7594
1,2666.9511,2064.9581,2064958.0594
1,2666.9803,2064.9873,2064987.2594
1,2667.0048,2065.0118,2065011.7594
1,2667.0095,2065.0165,2065016.4594
1,2667.0241,2065.0311,2065031.0594
1,2667.0995,2065.1065,2065106.4594
1,2667.1882,2065.1952,2065195.1594
1,2667.2304,2065.2374,2065237.3594
1,2667.2840,2065.2910,2065290.9594
1,2667.3989,2065.4059,2065405.8594
1,2667.4309,2065.4379,2065437.8594
1,2667.4333,2065.4403,2065440.2594
1,2667.7540,2065.7610,2065760.9594
1,2668.3161,2066.3231,2066323.0594
1,2668.3233,2066.3303,2066330.2594
1,2668.3259,2066.3329,2066332.8594
1,2668.3337,2066.3407,2066340.6594
1,2668.4579,2066.4649,2066464.8594
1,2668.4912,2066.4982,2066498.1594
1,2668.4935,2066.5005,2066500.4594
1,2668.5363,2066.5433,2066543.2594
1,2668.6558,2066.6628,2066662.7594
1,2668.6720,2066.6790,2066678.9594
1,2668.6816,2066.6886,2066688.5594
1,2668.7175,2066.7245,2066724.4594
1,2668.7205,2066.7275,2066727.4594
1,2668.7273,2066.7343,2066734.2594
1,2668.7459,2066.7529,2066752.8594
1,2668.7573,2066.7643,2066764.2594
1,2668.8311,2066.8381,2066838.0594
1,2669.1422,2067.1492,2067149.1594
1,2669.1446,2067.1516,2067151.5594
1,2669.3096,2067.3166,2067316.5594
1,2669.3305,2067.3375,2067337.4594
1,2669.4668,2067.4738,2067473.7594
1,2669.5308,2067.5378,2067537.7594
1,2669.5761,2067.5831,2067583.0594
1,2669.5797,2067.5867,2067586.6594
1,2669.7125,2067.7195,2067719.4594
1,2669.9012,2067.9082,2067908.1594
1,2669.9269,2067.9339,2067933.8594
1,2669.9899,2067.9969,2067996.8594
1,2670.3955,2068.4025,2068402.4594
1,2670.9039,2068.9109,2068910.8594
1,2671.0515,2069.0585,2069058.4594
1,2671.2506,2069.2576,2069257.5594
1,2671.2905,2069.2975,2069297.4594
1,2671.3390,2069.3460,2069345.9594
1,2671.4001,2069.4071,2069407.0594
1,2671.4025,2069.4095,2069409.4594
1,2671.4677,2069.4747,2069474.6594
1,2671.5736,2069.5806,2069580.5594
1,2671.7536,2069.7606,2069760.5594
1,2672.0068,2070.0138,2070013.7594
1,2672.0753,2070.0823,2070082.2594
1,2672.1984,2070.2054,2070205.3594
1,2672.3491,2070.3561,2070356.0594
1,2672.3648,2070.3718,2070371.7594
1,2672.4638,2070.4708,2070470.7594
1,2672.6144,2070.6214,2070621.3594
1,2672.7117,2070.7187,2070718.6594
1,2673.0844,2071.0914,2071091.3594
1,2673.1150,2071.1220,2071121.9594
1,2673.1536,2071.1606,2071160.5594
1,2673.3571,2071.3641,2071364.0594
1,2673.4842,2071.4912,2071491.1594
1,2673.4906,2071.4976,2071497.5594
1,2673.5462,2071.5532,2071553.1594
1,2674.1137,2072.1207,2072120.6594
1,2674.1822,2072.1892,2072189.1594
1,2674.2977,2072.3047,2072304.6594
1,2675.1012,2073.1082,2073108.1594
1,2675.2906,2073.2976,2073297.5594
1,2675.7211,2073.7281,2073728.0594
1,2676.2715,2074.2785,2074278.4594
1,2676.3908,2074.3978,2074397.7594
1,2676.6512,2074.6582,2074658.1594
1,2677.6815,2075.6885,2075688.4594
1,2677.7503,2075.7573,2075757.2594
1,2677.7527,2075.7597,2075759.6594
1,2677.8657,2075.8727,2075872.6594
1,2678.0036,2076.0106,2076010.5594
1,2678.1671,2076.1741,2076174.0594
1,2678.3481,2076.3551,2076355.0594
1,2678.4102,2076.4172,2076417.1594
1,2678.4358,2076.4428,2076442.7594
1,2678.6826,2076.6896,2076689.5594
1,2678.7855,2076.7925,2076792.4594
1,2678.8924,2076.8994,2076899.3594
1,2678.9062,2076.9132,2076913.1594
1,2678.9996,2077.0066,2077006.5594
1,2679.0837,2077.0907,2077090.6594
1,2679.1770,2077.1840,2077183.9594
1,2679.2285,2077.2355,2077235.4594
1,2679.2557,2077.2627,2077262.6594
1,2679.3708,2077.3778,2077377.7594
1,2679.6061,2077.6131,2077613.0594
1,2679.6100,2077.6170,2077616.9594
1,2679.7910,2077.7980,2077797.9594
1,2679.7932,2077.8002,2077800.1594
1,2679.8913,2077.8983,2077898.2594
1,2679.9900,2077.9970,2077996.9594
1,2680.0235,2078.0305,2078030.4594
1,2680.1503,2078.1573,2078157.2594
1,2680.4150,2078.4220,2078421.9594
1,2680.4960,2078.5030,2078502.9594
1,2680.7303,2078.7373,2078737.2594
1,2681.4264,2079.4334,2079433.3594
1,2681.8122,2079.8192,2079819.1594
1,2681.8865,2079.8935,2079893.4594
1,2681.8901,2079.8971,2079897.0594
1,2682.0623,2080.0693,2080069.2594
1,2682.0644,2080.0714,2080071.3594
1,2682.1340,2080.1410,2080140.9594
1,2682.2157,2080.2227,2080222.6594
1,2682.2187,2080.2257,2080225.6594
1,2683.2406,2081.2476,2081247.5594
1,2684.1378,2082.1448,2082144.7594
1,2684.1584,2082.1654,2082165.3594
1,2684.3130,2082.3200,2082319.9594
1,2684.3359,2082.3429,2082342.8594
1,2684.3466,2082.3536,2082353.5594
1,2684.3588,2082.3658,2082365.7594
1,2684.3621,2082.3691,2082369.0594
1,2684.4119,2082.4189,2082418.8594
1,2684.4396,2082.4466,2082446.5594
1,2684.4572,2082.4642,2082464.1594
1,2684.5534,2082.5604,2082560.3594
1,2684.6565,2082.6635,2082663.4594
1,2684.7283,2082.7353,2082735.2594
1,2684.8480,2082.8550,2082854.9594
1,2684.9776,2082.9846,2082984.5594
1,2684.9801,2082.9871,2082987.0594
1,2684.9919,2082.9989,2082998.8594
1,2684.9983,2083.0053,2083005.2594
1,2685.1344,2083.1414,2083141.3594
1,2685.1365,2083.1435,2083143.4594
1,2685.5847,2083.5917,2083591.6594
1,2685.6102,2083.6172,2083617.1594
1,2685.6128,2083.6198,2083619.7594
1,2685.8450,2083.8520,2083851.9594
1,2685.8717,2083.8787,2083878.6594
1,2685.9571,2083.9641,2083964.0594
1,2685.9907,2083.9977,2083997.6594
1,2686.0470,2084.0540,2084053.9594
1,2686.0967,2084.1037,2084103.6594
1,2686.3255,2084.3325,2084332.4594
1,2686.4106,2084.4176,2084417.5594
1,2686.4128,2084.4198,2084419.7594
1,2686.4556,2084.4626,2084462.5594
1,2686.5468,2084.5538,2084553.7594
1,2686.6072,2084.6142,2084614.1594
1,2687.3460,2085.3530,2085352.9594
1,2687.3546,2085.3616,2085361.5594
1,2687.4525,2085.4595,2085459.4594
1,2687.4578,2085.4648,2085464.7594
1,2687.8630,2085.8700,2085869.9594
1,2687.9580,2085.9650,2085964.9594
1,2688.0389,2086.0459,2086045.8594
1,2688.2433,2086.2503,2086250.2594
1,2688.2468,2086.2538,2086253.7594
1,2688.2999,2086.3069,2086306.8594
1,2688.3101,2086.3171,2086317.0594
1,2688.3326,2086.3396,2086339.5594
1,2688.3353,2086.3423,2086342.2594
1,2688.4039,2086.4109,2086410.8594
1,2688.4965,2086.5035,2086503.4594
1,2688.5305,2086.5375,2086537.4594
1,2688.5588,2086.5658,2086565.7594
1,2688.5810,2086.5880,2086587.9594
1,2688.6411,2086.6481,2086648.0594
1,2688.7142,2086.7212,2086721.1594
1,2688.7880,2086.7950,2086794.9594
1,2688.8859,2086.8929,2086892.8594
1,2688.9515,2086.9585,2086958.4594
1,2688.9991,2087.0061,2087006.0594
1,2689.0125,2087.0195,2087019.4594
1,2689.0288,2087.0358,2087035.7594
1,2689.0961,2087.1031,2087103.0594
1,2689.1258,2087.1328,2087132.7594
1,2689.1610,2087.1680,2087167.9594
1,2689.1778,2087.1848,2087184.7594
1,2689.2390,2087.2460,2087245.9594
1,2689.2958,2087.3028,2087302.7594
1,2689.4107,2087.4177,2087417.6594
1,2689.4369,2087.4439,2087443.8594
1,2689.5008,2087.5078,2087507.7594
1,2689.6250,2087.6320,2087631.9594
1,2689.7928,2087.7998,2087799.7594
1,2689.9372,2087.9442,2087944.1594
1,2690.0169,2088.0239,2088023.8594
1,2690.0791,2088.0861,2088086.0594
1,2690.1078,2088.1148,2088114.7594
1,2690.2000,2088.2070,2088206.9594
1,2690.4144,2088.4214,2088421.3594
1,2690.4809,2088.4879,2088487.8594
1,2690.5448,2088.5518,2088551.7594
1,2690.7132,2088.7202,2088720.1594
1,2690.8139,2088.8209,2088820.8594
1,2690.8559,2088.8629,2088862.8594
1,2690.8902,2088.8972,2088897.1594
1,2690.9204,2088.9274,2088927.3594
1,2690.9632,2088.9702,2088970.1594
1,2691.0760,2089.0830,2089082.9594
1,2691.1215,2089.1285,2089128.4594
1,2691.1481,2089.1551,2089155.0594
1,2697.1587,2095.1657,2095165.6594
1,2697.3750,2095.3820,2095381.9594
1,2697.9800,2095.9870,2095986.9594
1,2698.2073,2096.2143,2096214.2594
1,2698.2658,2096.2728,2096272.7594
1,2698.2808,2096.2878,2096287.7594
1,2698.4549,2096.4619,2096461.8594
1,2698.4635,2096.4705,2096470.4594
1,2699.5101,2097.5171,2097517.0594
1,2700.4514,2098.4584,2098458.3594
1,2701.0349,2099.0419,2099041.8594
1,2701.1574,2099.1644,2099164.3594
1,2701.1734,2099.1804,2099180.3594
1,2701.1973,2099.2043,2099204.2594
1,2701.3464,2099.3534,2099353.3594
1,2701.3866,2099.3936,2099393.5594
1,2701.4827,2099.4897,2099489.6594
1,2701.4849,2099.4919,2099491.8594
1,2701.9800,2099.9870,2099986.9594
1,2701.9825,2099.9895,2099989.4594
1,2701.9883,2099.9953,2099995.2594
1,2702.7048,2100.7118,2100711.7594
1,2702.8736,2100.8806,2100880.5594
1,2702.8789,2100.8859,2100885.8594
1,2702.8988,2100.9058,2100905.7594
1,2702.9059,2100.9129,2100912.8594
1,2702.9208,2100.9278,2100927.7594
1,2702.9283,2100.9353,2100935.2594
1,2703.2481,2101.2551,2101255.0594
1,2703.2599,2101.2669,2101266.8594
1,2703.2731,2101.2801,2101280.0594
1,2703.3728,2101.3798,2101379.7594
1,2703.4139,2101.4209,2101420.8594
1,2704.8524,2102.8594,2102859.3594
1,2705.1741,2103.1811,2103181.0594
1,2705.5850,2103.5920,2103591.9594
1,2705.6600,2103.6670,2103666.9594
1,2705.7452,2103.7522,2103752.1594
1,2705.7477,2103.7547,2103754.6594
1,2705.9824,2103.9894,2103989.3594
1,2706.0591,2104.0661,2104066.0594
1,2706.4683,2104.4753,2104475.2594
1,2707.1987,2105.2057,2105205.6594
1,2707.3514,2105.3584,2105358.3594
1,2707.4854,2105.4924,2105492.3594
1,2707.8033,2105.8103,2105810.2594
1,2707.8827,2105.8897,2105889.6594
1,2708.0222,2106.0292,2106029.1594
1,2708.4284,2106.4354,2106435.3594
1,2708.5427,2106.5497,2106549.6594
1,2708.5450,2106.5520,2106551.9594
1,2708.5533,2106.5603,2106560.2594
1,2708.8178,2106.8248,2106824.7594
1,2708.8862,2106.8932,2106893.1594
1,2709.0192,2107.0262,2107026.1594
1,2709.0752,2107.0822,2107082.1594
1,2709.0776,2107.0846,2107084.5594
1,2709.1381,2107.1451,2107145.0594
1,2709.1995,2107.2065,2107206.4594
1,2709.3367,2107.3437,2107343.6594
1,2709.3388,2107.3458,2107345.7594
1,2709.5698,2107.5768,2107576.7594
1,2709.9965,2108.0035,2108003.4594
1,2710.1566,2108.1636,2108163.5594
1,2710.3418,2108.3488,2108348.7594
1,2711.4355,2109.4425,2109442.4594
1,2711.5139,2109.5209,2109520.8594
1,2711.5832,2109.5902,2109590.1594
1,2711.5967,2109.6037,2109603.6594
1,2711.7117,2109.7187,2109718.6594
1,2711.7863,2109.7933,2109793.2594
1,2711.9017,2109.9087,2109908.6594
1,2711.9208,2109.9278,2109927.7594
1,2712.0638,2110.0708,2110070.7594
1,2712.0701,2110.0771,2110077.0594
1,2712.2250,2110.2320,2110231.9594
1,2712.3388,2110.3458,2110345.7594
1,2712.8549,2110.8619,2110861.8594
1,2713.3934,2111.4004,2111400.3594
1,2713.3958,2111.4028,2111402.7594
1,2713.3994,2111.4064,2111406.3594
1,2713.4547,2111.4617,2111461.6594
1,2713.4582,2111.4652,2111465.1594
1,2713.5232,2111.5302,2111530.1594
1,2713.7370,2111.7440,2111743.9594
1,2714.0494,2112.0564,2112056.3594
1,2714.1864,2112.1934,2112193.3594
1,2714.2549,2112.2619,2112261.8594
1,2714.3458,2112.3528,2112352.7594
1,2714.4454,2112.4524,2112452.3594
1,2714.5319,2112.5389,2112538.8594
1,2714.6016,2112.6086,2112608.5594
1,2714.6101,2112.6171,2112617.0594
1,2714.6343,2112.6413,2112641.2594
1,2714.8629,2112.8699,2112869.8594
1,2714.8664,2112.8734,2112873.3594
1,2714.9483,2112.9553,2112955.2594
1,2714.9644,2112.9714,2112971.3594
1,2715.0192,2113.0262,2113026.1594
1,2715.0276,2113.0346,2113034.5594
1,2715.1227,2113.1297,2113129.6594
1,2715.5691,2113.5761,2113576.0594
1,2715.6853,2113.6923,2113692.2594
1,2715.7746,2113.7816,2113781.5594
1,2716.2034,2114.2104,2114210.3594
1,2717.5976,2115.6046,2115604.5594
1,2717.8610,2115.8680,2115867.9594
1,2718.2799,2116.2869,2116286.8594
1,2719.1424,2117.1494,2117149.3594
1,2719.1946,2117.2016,2117201.5594
1,2719.3184,2117.3254,2117325.3594
1,2719.5823,2117.5893,2117589.2594
1,2719.8206,2117.8276,2117827.5594
1,2719.8619,2117.8689,2117868.8594
1,2719.8828,2117.8898,2117889.7594
1,2719.9019,2117.9089,2117908.8594
1,2719.9052,2117.9122,2117912.1594
1,2719.9076,2117.9146,2117914.5594
1,2719.9311,2117.9381,2117938.0594
1,2719.9662,2117.9732,2117973.1594
1,2720.0486,2118.0556,2118055.5594
1,2720.0521,2118.0591,2118059.0594
1,2721.9144,2119.9214,2119921.3594
1,2722.0032,2120.0102,2120010.1594
1,2722.5649,2120.5719,2120571.8594
1,2723.2809,2121.2879,2121287.8594
1,2723.2830,2121.2900,2121289.9594
1,2725.0284,2123.0354,2123035.3594
1,2725.0725,2123.0795,2123079.4594
1,2726.5473,2124.5543,2124554.2594
1,2726.7190,2124.7260,2124725.9594
1,2726.7210,2124.7280,2124727.9594
1,2726.8387,2124.8457,2124845.6594
1,2726.8486,2124.8556,2124855.5594
1,2726.8519,2124.8589,2124858.8594
1,2727.3899,2125.3969,2125396.8594
1,2727.4896,2125.4966,2125496.5594
1,2728.2896,2126.2966,2126296.5594
1,2728.6113,2126.6183,2126618.2594
1,2728.7139,2126.7209,2126720.8594
1,2728.8196,2126.8266,2126826.5594
1,2728.8718,2126.8788,2126878.7594
1,2728.8856,2126.8926,2126892.5594
1,2728.8944,2126.9014,2126901.3594
1,2728.9069,2126.9139,2126913.8594
1,2728.9387,2126.9457,2126945.6594
1,2728.9421,2126.9491,2126949.0594
1,2728.9597,2126.9667,2126966.6594
1,2728.9915,2126.9985,2126998.4594
1,2729.0333,2127.0403,2127040.2594
1,2729.0355,2127.0425,2127042.4594
1,2729.0946,2127.1016,2127101.5594
1,2729.1526,2127.1596,2127159.5594
1,2729.1667,2127.1737,2127173.6594
1,2729.2314,2127.2384,2127238.3594
1,2729.2512,2127.2582,2127258.1594
1,2729.2623,2127.2693,2127269.2594
1,2729.2854,2127.2924,2127292.3594
1,2729.2913,2127.2983,2127298.2594
1,2729.3762,2127.3832,2127383.1594
1,2729.3844,2127.3914,2127391.3594
1,2729.3938,2127.4008,2127400.7594
1,2729.4324,2127.4394,2127439.3594
1,2729.4420,2127.4490,2127448.9594
1,2729.4467,2127.4537,2127453.6594
1,2729.4506,2127.4576,2127457.5594
1,2729.5082,2127.5152,2127515.1594
1,2729.5132,2127.5202,2127520.1594
1,2729.5868,2127.5938,2127593.7594
1,2729.5941,2127.6011,2127601.0594
1,2729.6077,2127.6147,2127614.6594
1,2729.7541,2127.7611,2127761.0594
1,2729.7572,2127.7642,2127764.1594
1,2729.8771,2127.8841,2127884.0594
1,2729.9557,2127.9627,2127962.6594
1,2730.2079,2128.2149,2128214.8594
1,2730.3175,2128.3245,2128324.4594
1,2730.4014,2128.4084,2128408.3594
1,2730.4370,2128.4440,2128443.9594
1,2730.4589,2128.4659,2128465.8594
1,2730.5051,2128.5121,2128512.0594
1,2730.5971,2128.6041,2128604.0594
1,2730.9371,2128.9441,2128944.0594
1,2730.9707,2128.9777,2128977.6594
1,2730.9912,2128.9982,2128998.1594
1,2730.9935,2129.0005,2129000.4594
1,2731.1125,2129.1195,2129119.4594
1,2731.1150,2129.1220,2129121.9594
1,2731.2305,2129.2375,2129237.4594
1,2731.2329,2129.2399,2129239.8594
1,2731.3457,2129.3527,2129352.6594
1,2731.3481,2129.3551,2129355.0594
1,2731.3768,2129.3838,2129383.7594
1,2731.4733,2129.4803,2129480.2594
1,2731.5379,2129.5449,2129544.8594
1,2732.4428,2130.4498,2130449.7594
1,2732.6014,2130.6084,2130608.3594
1,2732.6113,2130.6183,2130618.2594
1,2732.6331,2130.6401,2130640.0594
1,2732.8497,2130.8567,2130856.6594
1,2732.8573,2130.8643,2130864.2594
1,2732.9357,2130.9427,2130942.6594
1,2732.9521,2130.9591,2130959.0594
1,2732.9580,2130.9650,2130964.9594
1,2733.0184,2131.0254,2131025.3594
1,2733.0332,2131.0402,2131040.1594
1,2733.0363,2131.0433,2131043.2594
1,2733.2202,2131.2272,2131227.1594
1,2733.3260,2131.3330,2131332.9594
1,2733.5364,2131.5434,2131543.3594
1,2734.1125,2132.1195,2132119.4594
1,2734.1147,2132.1217,2132121.6594
1,2735.1172,2133.1242,2133124.1594
1,2735.7426,2133.7496,2133749.5594
1,2735.7565,2133.7635,2133763.4594
1,2735.8436,2133.8506,2133850.5594
1,2735.9063,2133.9133,2133913.2594
1,2735.9980,2134.0050,2134004.9594
1,2736.0768,2134.0838,2134083.7594
1,2736.0995,2134.1065,2134106.4594
1,2736.1919,2134.1989,2134198.8594
1,2736.2191,2134.2261,2134226.0594
1,2736.2387,2134.2457,2134245.6594
1,2736.2605,2134.2675,2134267.4594
1,2736.3786,2134.3856,2134385.5594
1,2736.4169,2134.4239,2134423.8594
1,2736.4885,2134.4955,2134495.4594
1,2736.5556,2134.5626,2134562.5594
1,2736.5772,2134.5842,2134584.1594
1,2736.6008,2134.6078,2134607.7594
1,2736.6156,2134.6226,2134622.5594
1,2736.6539,2134.6609,2134660.8594
1,2736.6623,2134.6693,2134669.2594
1,2736.6649,2134.6719,2134671.8594
1,2736.6718,2134.6788,2134678.7594
1,2736.6744,2134.6814,2134681.3594
1,2736.6922,2134.6992,2134699.1594
1,2736.7803,2134.7873,2134787.2594
1,2736.7918,2134.7988,2134798.7594
1,2736.8068,2134.8138,2134813.7594
1,2736.8107,2134.8177,2134817.6594
1,2736.8135,2134.8205,2134820.4594
1,2736.8726,2134.8796,2134879.5594
1,2736.8806,2134.8876,2134887.5594
1,2736.9019,2134.9089,2134908.8594
1,2736.9064,2134.9134,2134913.3594
1,2736.9413,2134.9483,2134948.2594
1,2736.9489,2134.9559,2134955.8594
1,2736.9510,2134.9580,2134957.9594
1,2736.9574,2134.9644,2134964.3594
1,2736.9630,2134.9700,2134969.9594
1,2736.9653,2134.9723,2134972.2594
1,2737.0170,2135.0240,2135023.9594
1,2737.0577,2135.0647,2135064.6594
1,2737.1142,2135.1212,2135121.1594
1,2737.2022,2135.2092,2135209.1594
1,2737.3258,2135.3328,2135332.7594
1,2737.3955,2135.4025,2135402.4594
1,2737.4428,2135.4498,2135449.7594
1,2737.4898,2135.4968,2135496.7594
1,2737.5139,2135.5209,2135520.8594
1,2737.5218,2135.5288,2135528.7594
1,2737.5287,2135.5357,2135535.6594
1,2737.5469,2135.5539,2135553.8594
1,2737.6137,2135.6207,2135620.6594
1,2737.6389,2135.6459,2135645.8594
1,2737.6611,2135.6681,2135668.0594
1,2737.6646,2135.6716,2135671.5594
1,2737.6917,2135.6987,2135698.6594
1,2737.6943,2135.7013,2135701.2594
1,2737.7296,2135.7366,2135736.5594
1,2737.7590,2135.7660,2135765.9594
1,2737.7839,2135.7909,2135790.8594
1,2737.8424,2135.8494,2135849.3594
1,2737.8924,2135.8994,2135899.3594
1,2737.9133,2135.9203,2135920.2594
1,2737.9743,2135.9813,2135981.2594
1,2737.9891,2135.9961,2135996.0594
1,2738.0954,2136.1024,2136102.3594
1,2738.2300,2136.2370,2136236.9594
1,2738.2436,2136.2506,2136250.5594
1,2738.2493,2136.2563,2136256.2594
1,2738.2725,2136.2795,2136279.4594
1,2738.4029,2136.4099,2136409.8594
1,2738.4192,2136.4262,2136426.1594
1,2738.4589,2136.4659,2136465.8594
1,2738.4610,2136.4680,2136467.9594
1,2738.4637,2136.4707,2136470.6594
1,2738.5079,2136.5149,2136514.8594
1,2738.5522,2136.5592,2136559.1594
1,2738.5561,2136.5631,2136563.0594
1,2738.5906,2136.5976,2136597.5594
1,2738.6105,2136.6175,2136617.4594
1,2738.6167,2136.6237,2136623.6594
1,2738.6344,2136.6414,2136641.3594
1,2738.6702,2136.6772,2136677.1594
1,2738.6720,2136.6790,2136678.9594
1,2738.7751,2136.7821,2136782.0594
1,2738.7776,2136.7846,2136784.5594
1,2738.8477,2136.8547,2136854.6594
1,2738.8501,2136.8571,2136857.0594
1,2738.8680,2136.8750,2136874.9594
1,2738.8823,2136.8893,2136889.2594
1,2738.8887,2136.8957,2136895.6594
1,2738.9364,2136.9434,2136943.3594
1,2738.9508,2136.9578,2136957.7594
1,2738.9597,2136.9667,2136966.6594
1,2739.0188,2137.0258,2137025.7594
1,2739.0393,2137.0463,2137046.2594
1,2739.0562,2137.0632,2137063.1594
1,2739.2769,2137.2839,2137283.8594
1,2739.3126,2137.3196,2137319.5594
1,2739.3699,2137.3769,2137376.8594
1,2739.3756,2137.3826,2137382.5594
1,2739.4358,2137.4428,2137442.7594
1,2739.4425,2137.4495,2137449.4594
1,2739.4678,2137.4748,2137474.7594
1,2739.4710,2137.4780,2137477.9594
1,2739.4793,2137.4863,2137486.2594
1,2739.5292,2137.5362,2137536.1594
1,2739.5315,2137.5385,2137538.4594
1,2739.5336,2137.5406,2137540.5594
1,2739.5631,2137.5701,2137570.0594
1,2739.6812,2137.6882,2137688.1594
1,2739.7107,2137.7177,2137717.6594
1,2739.8266,2137.8336,2137833.5594
1,2739.8957,2137.9027,2137902.6594
1,2739.9182,2137.9252,2137925.1594
1,2739.9631,2137.9701,2137970.0594
1,2739.9699,2137.9769,2137976.8594
1,2740.0971,2138.1041,2138104.0594
1,2740.1220,2138.1290,2138128.9594
1,2740.1477,2138.1547,2138154.6594
1,2740.2001,2138.2071,2138207.0594
1,2740.2416,2138.2486,2138248.5594
1,2740.2443,2138.2513,2138251.2594
1,2740.2885,2138.2955,2138295.4594
1,2740.3008,2138.3078,2138307.7594
1,2740.3830,2138.3900,2138389.9594
1,2740.4161,2138.4231,2138423.0594
1,2740.4627,2138.4697,2138469.6594
1,2740.4682,2138.4752,2138475.1594
1,2740.5092,2138.5162,2138516.1594
1,2740.5401,2138.5471,2138547.0594
1,2740.5542,2138.5612,2138561.1594
1,2740.5605,2138.5675,2138567.4594
1,2740.5881,2138.5951,2138595.0594
1,2740.6302,2138.6372,2138637.1594
1,2740.6625,2138.6695,2138669.4594
1,2740.6709,2138.6779,2138677.8594
1,2740.7566,2138.7636,2138763.5594
1,2741.4522,2139.4592,2139459.1594
1,2741.4546,2139.4616,2139461.5594
1,2741.5148,2139.5218,2139521.7594
1,2741.5902,2139.5972,2139597.1594
1,2741.6086,2139.6156,2139615.5594
1,2741.6191,2139.6261,2139626.0594
1,2741.6923,2139.6993,2139699.2594
1,2741.6995,2139.7065,2139706.4594
1,2741.7481,2139.7551,2139755.0594
1,2741.7624,2139.7694,2139769.3594
1,2741.7650,2139.7720,2139771.9594
1,2741.7911,2139.7981,2139798.0594
1,2741.7985,2139.8055,2139805.4594
1,2741.8011,2139.8081,2139808.0594
1,2741.8080,2139.8150,2139814.9594
1,2741.8156,2139.8226,2139822.5594
1,2741.8683,2139.8753,2139875.2594
1,2741.9011,2139.9081,2139908.0594
1,2741.9324,2139.9394,2139939.3594
1,2741.9383,2139.9453,2139945.2594
1,2741.9403,2139.9473,2139947.2594
1,2742.0124,2140.0194,2140019.3594
1,2742.0560,2140.0630,2140062.9594
1,2742.0856,2140.0926,2140092.5594
1,2742.0881,2140.0951,2140095.0594
1,2742.1916,2140.1986,2140198.5594
1,2742.2035,2140.2105,2140210.4594
1,2742.2713,2140.2783,2140278.2594
1,2742.2737,2140.2807,2140280.6594
1,2742.3721,2140.3791,2140379.0594
1,2742.7189,2140.7259,2140725.8594
1,2742.7241,2140.7311,2140731.0594
1,2742.7436,2140.7506,2140750.5594
1,2742.7617,2140.7687,2140768.6594
1,2742.7823,2140.7893,2140789.2594
1,2742.7899,2140.7969,2140796.8594
1,2742.7957,2140.8027,2140802.6594
1,2742.8158,2140.8228,2140822.7594
1,2742.8361,2140.8431,2140843.0594
1,2742.8395,2140.8465,2140846.4594
1,2742.8688,2140.8758,2140875.7594
1,2742.8865,2140.8935,2140893.4594
1,2742.8897,2140.8967,2140896.6594
1,2742.9019,2140.9089,2140908.8594
1,2742.9141,2140.9211,2140921.0594
1,2742.9276,2140.9346,2140934.5594
1,2742.9416,2140.9486,2140948.5594
1,2742.9508,2140.9578,2140957.7594
1,2742.9616,2140.9686,2140968.5594
1,2742.9687,2140.9757,2140975.6594
1,2742.9716,2140.9786,2140978.5594
1,2743.0098,2141.0168,2141016.7594
1,2743.0832,2141.0902,2141090.1594
1,2743.1056,2141.1126,2141112.5594
1,2743.1291,2141.1361,2141136.0594
1,2743.1484,2141.1554,2141155.3594
1,2743.1542,2141.1612,2141161.1594
1,2743.1952,2141.2022,2141202.1594
1,2743.2125,2141.2195,2141219.4594
1,2743.2224,2141.2294,2141229.3594
1,2743.2671,2141.2741,2141274.0594
1,2743.3298,2141.3368,2141336.7594
1,2743.3373,2141.3443,2141344.2594
1,2743.3583,2141.3653,2141365.2594
1,2743.4000,2141.4070,2141406.9594
1,2743.4052,2141.4122,2141412.1594
1,2743.5179,2141.5249,2141524.8594
1,2743.6114,2141.6184,2141618.3594
1,2743.7570,2141.7640,2141763.9594
1,2743.7595,2141.7665,2141766.4594
1,2744.1091,2142.1161,2142116.0594
1,2744.1114,2142.1184,2142118.3594
1,2744.1423,2142.1493,2142149.2594
1,2744.3336,2142.3406,2142340.5594
1,2744.3363,2142.3433,2142343.2594
1,2744.3576,2142.3646,2142364.5594
1,2744.3971,2142.4041,2142404.0594
1,2744.4242,2142.4312,2142431.1594
1,2744.5524,2142.5594,2142559.3594
1,2744.6946,2142.7016,2142701.5594
1,2744.7573,2142.7643,2142764.2594
1,2744.8075,2142.8145,2142814.4594
1,2744.8841,2142.8911,2142891.0594
1,2744.9048,2142.9118,2142911.7594
1,2744.9573,2142.9643,2142964.2594
1,2744.9603,2142.9673,2142967.2594
1,2744.9848,2142.9918,2142991.7594
1,2745.0129,2143.0199,2143019.8594
1,2745.0190,2143.0260,2143025.9594
1,2745.0241,2143.0311,2143031.0594
1,2745.1185,2143.1255,2143125.4594
1,2745.1219,2143.1289,2143128.8594
1,2745.1246,2143.1316,2143131.5594
1,2745.1350,2143.1420,2143141.9594
1,2745.2646,2143.2716,2143271.5594
1,2745.3374,2143.3444,2143344.3594
1,2745.3459,2143.3529,2143352.8594
1,2745.4271,2143.4341,2143434.0594
1,2745.4681,2143.4751,2143475.0594
1,2745.4823,2143.4893,2143489.2594
1,2745.5376,2143.5446,2143544.5594
1,2745.5563,2143.5633,2143563.2594
1,2745.5843,2143.5913,2143591.2594
1,2745.6162,2143.6232,2143623.1594
1,2745.6219,2143.6289,2143628.8594
1,2745.6242,2143.6312,2143631.1594
1,2745.6666,2143.6736,2143673.5594
1,2745.7188,2143.7258,2143725.7594
1,2745.7384,2143.7454,2143745.3594
1,2745.7619,2143.7689,2143768.8594
1,2745.8037,2143.8107,2143810.6594
1,2745.8097,2143.8167,2143816.6594
1,2745.8335,2143.8405,2143840.4594
1,2745.8743,2143.8813,2143881.2594
1,2745.9033,2143.9103,2143910.2594
1,2745.9398,2143.9468,2143946.7594
1,2745.9456,2143.9526,2143952.5594
1,2746.2093,2144.2163,2144216.2594
1,2746.8706,2144.8776,2144877.5594
1,2747.4065,2145.4135,2145413.4594
1,2747.4936,2145.5006,2145500.5594
1,2747.4975,2145.5045,2145504.4594
1,2747.5000,2145.5070,2145506.9594
1,2747.6666,2145.6736,2145673.5594
1,2747.7532,2145.7602,2145760.1594
1,2747.8026,2145.8096,2145809.5594
1,2747.9296,2145.9366,2145936.5594
1,2747.9949,2146.0019,2146001.8594
1,2748.0043,2146.0113,2146011.2594
1,2748.2293,2146.2363,2146236.2594
1,2748.3407,2146.3477,2146347.6594
1,2748.3706,2146.3776,2146377.5594
1,2749.0282,2147.0352,2147035.1594
1,2749.0671,2147.0741,2147074.0594
1,2749.1257,2147.1327,2147132.6594
1,2749.1361,2147.1431,2147143.0594
1,2749.1838,2147.1908,2147190.7594
1,2749.2390,2147.2460,2147245.9594
1,2749.2576,2147.2646,2147264.5594
1,2749.3980,2147.4050,2147404.9594
1,2749.5043,2147.5113,2147511.2594
1,2749.5574,2147.5644,2147564.3594
1,2749.5748,2147.5818,2147581.7594
1,2749.5798,2147.5868,2147586.7594
1,2749.6687,2147.6757,2147675.6594
1,2749.6749,2147.6819,2147681.8594
1,2749.7205,2147.7275,2147727.4594
1,2749.7573,2147.7643,2147764.2594
1,2749.8211,2147.8281,2147828.0594
1,2749.8750,2147.8820,2147881.9594
1,2749.8773,2147.8843,2147884.2594
1,2749.9246,2147.9316,2147931.5594
1,2749.9534,2147.9604,2147960.3594
1,2749.9712,2147.9782,2147978.1594
1,2749.9732,2147.9802,2147980.1594
1,2749.9920,2147.9990,2147998.9594
1,2750.0305,2148.0375,2148037.4594
1,2750.1067,2148.1137,2148113.6594
1,2750.2726,2148.2796,2148279.5594
1,2750.2751,2148.2821,2148282.0594
1,2750.4057,2148.4127,2148412.6594
1,2750.4081,2148.4151,2148415.0594
1,2750.5030,2148.5100,2148509.9594
1,2750.5052,2148.5122,2148512.1594
1,2750.5840,2148.5910,2148590.9594
1,2750.6286,2148.6356,2148635.5594
1,2750.6601,2148.6671,2148667.0594
1,2750.7197,2148.7267,2148726.6594
1,2750.7255,2148.7325,2148732.4594
1,2750.7511,2148.7581,2148758.0594
1,2750.7579,2148.7649,2148764.8594
1,2750.7771,2148.7841,2148784.0594
1,2750.7835,2148.7905,2148790.4594
1,2750.8178,2148.8248,2148824.7594
1,2750.8209,2148.8279,2148827.8594
1,2750.8726,2148.8796,2148879.5594
1,2750.8763,2148.8833,2148883.2594
1,2750.9531,2148.9601,2148960.0594
1,2751.1288,2149.1358,2149135.7594
1,2751.1356,2149.1426,2149142.5594
1,2751.1378,2149.1448,2149144.7594
1,2751.1502,2149.1572,2149157.1594
1,2751.1895,2149.1965,2149196.4594
1,2751.1920,2149.1990,2149198.9594
1,2751.2765,2149.2835,2149283.4594
1,2751.3390,2149.3460,2149345.9594
1,2751.3491,2149.3561,2149356.0594
1,2751.5000,2149.5070,2149506.9594
1,2751.7151,2149.7221,2149722.0594
1,2752.3001,2150.3071,2150307.0594
1,2752.3644,2150.3714,2150371.3594
1,2752.4142,2150.4212,2150421.1594
1,2752.4371,2150.4441,2150444.0594
1,2752.4771,2150.4841,2150484.0594
1,2752.4796,2150.4866,2150486.5594
1,2752.5276,2150.5346,2150534.5594
1,2752.5348,2150.5418,2150541.7594
1,2752.6634,2150.6704,2150670.3594
1,2752.7430,2150.7500,2150749.9594
1,2752.7822,2150.7892,2150789.1594
1,2752.8657,2150.8727,2150872.6594
1,2752.9024,2150.9094,2150909.3594
1,2752.9482,2150.9552,2150955.1594
1,2752.9511,2150.9581,2150958.0594
1,2753.0093,2151.0163,2151016.2594
1,2753.0493,2151.0563,2151056.2594
1,2753.1157,2151.1227,2151122.6594
1,2753.2290,2151.2360,2151235.9594
1,2753.3124,2151.3194,2151319.3594
1,2753.4276,2151.4346,2151434.5594
1,2753.7861,2151.7931,2151793.0594
1,2753.8779,2151.8849,2151884.8594
1,2753.9263,2151.9333,2151933.2594
1,2753.9561,2151.9631,2151963.0594
1,2754.3013,2152.3083,2152308.2594
1,2754.4701,2152.4771,2152477.0594
1,2754.5454,2152.5524,2152552.3594
1,2754.6281,2152.6351,2152635.0594
1,2754.8902,2152.8972,2152897.1594
1,2754.9894,2152.9964,2152996.3594
1,2754.9921,2152.9991,2152999.0594
1,2755.0211,2153.0281,2153028.0594
1,2755.0698,2153.0768,2153076.7594
1,2755.1939,2153.2009,2153200.8594
1,2755.3444,2153.3514,2153351.3594
1,2755.3874,2153.3944,2153394.3594
1,2755.4404,2153.4474,2153447.3594
1,2755.5031,2153.5101,2153510.0594
1,2755.5578,2153.5648,2153564.7594
1,2755.5617,2153.5687,2153568.6594
1,2755.6024,2153.6094,2153609.3594
1,2755.7626,2153.7696,2153769.5594
1,2755.7941,2153.8011,2153801.0594
1,2755.8858,2153.8928,2153892.7594
1,2755.9215,2153.9285,2153928.4594
1,2755.9433,2153.9503,2153950.2594
1,2755.9453,2153.9523,2153952.2594
1,2756.0052,2154.0122,2154012.1594
1,2756.1437,2154.1507,2154150.6594
1,2756.2926,2154.2996,2154299.5594
1,2756.3657,2154.3727,2154372.6594
1,2756.4762,2154.4832,2154483.1594
1,2756.9690,2154.9760,2154975.9594
1,2756.9714,2154.9784,2154978.3594
1,2757.1036,2155.1106,2155110.5594
1,2757.2158,2155.2228,2155222.7594
1,2757.3994,2155.4064,2155406.3594
1,2757.4058,2155.4128,2155412.7594
1,2757.7085,2155.7155,2155715.4594
1,2757.7322,2155.7392,2155739.1594
1,2757.7346,2155.7416,2155741.5594
1,2758.0590,2156.0660,2156065.9594
1,2758.1257,2156.1327,2156132.6594
1,2758.1620,2156.1690,2156168.9594
1,2758.2283,2156.2353,2156235.2594
1,2758.2727,2156.2797,2156279.6594
1,2758.2794,2156.2864,2156286.3594
1,2758.3424,2156.3494,2156349.3594
1,2758.3747,2156.3817,2156381.6594
1,2758.4332,2156.4402,2156440.1594
1,2758.4405,2156.4475,2156447.4594
1,2758.4996,2156.5066,2156506.5594
1,2758.5510,2156.5580,2156557.9594
1,2758.5837,2156.5907,2156590.6594
1,2758.8955,2156.9025,2156902.4594
1,2758.8980,2156.9050,2156904.9594
1,2758.9002,2156.9072,2156907.1594
1,2759.0965,2157.1035,2157103.4594
1,2760.0234,2158.0304,2158030.3594
1,2760.1751,2158.1821,2158182.0594
1,2760.2332,2158.2402,2158240.1594
1,2760.2398,2158.2468,2158246.7594
1,2760.2694,2158.2764,2158276.3594
1,2760.2718,2158.2788,2158278.7594
1,2760.3283,2158.3353,2158335.2594
1,2760.5311,2158.5381,2158538.0594
1,2760.6359,2158.6429,2158642.8594
1,2761.2663,2159.2733,2159273.2594
1,2761.2725,2159.2795,2159279.4594
1,2762.2449,2160.2519,2160251.8594
1,2762.3576,2160.3646,2160364.5594
1,2762.5475,2160.5545,2160554.4594
1,2762.7019,2160.7089,2160708.8594
1,2762.7068,2160.7138,2160713.7594
1,2762.8974,2160.9044,2160904.3594
1,2762.9781,2160.9851,2160985.0594
1,2762.9800,2160.9870,2160986.9594
1,2763.0363,2161.0433,2161043.2594
1,2763.0427,2161.0497,2161049.6594
1,2763.0636,2161.0706,2161070.5594
1,2763.1111,2161.1181,2161118.0594
1,2763.1161,2161.1231,2161123.0594
1,2763.1735,2161.1805,2161180.4594
1,2763.1954,2161.2024,2161202.3594
1,2763.3305,2161.3375,2161337.4594
1,2763.3566,2161.3636,2161363.5594
1,2763.5003,2161.5073,2161507.2594
1,2763.5918,2161.5988,2161598.7594
1,2763.9102,2161.9172,2161917.1594
1,2763.9968,2162.0038,2162003.7594
1,2764.0188,2162.0258,2162025.7594
1,2764.0534,2162.0604,2162060.3594
1,2764.1159,2162.1229,2162122.8594
1,2764.1268,2162.1338,2162133.7594
1,2764.1367,2162.1437,2162143.6594
1,2764.1592,2162.1662,2162166.1594
1,2764.1609,2162.1679,2162167.8594
1,2764.1660,2162.1730,2162172.9594
1,2764.1690,2162.1760,2162175.9594
1,2764.2150,2162.2220,2162221.9594
1,2764.2186,2162.2256,2162225.5594
1,2764.2537,2162.2607,2162260.6594
1,2764.2914,2162.2984,2162298.3594
1,2764.2943,2162.3013,2162301.2594
1,2764.2982,2162.3052,2162305.1594
1,2764.3619,2162.3689,2162368.8594
1,2764.3735,2162.3805,2162380.4594
1,2764.4056,2162.4126,2162412.5594
1,2764.4619,2162.4689,2162468.8594
1,2764.5647,2162.5717,2162571.6594
1,2764.7160,2162.7230,2162722.9594
1,2764.8003,2162.8073,2162807.2594
1,2764.8196,2162.8266,2162826.5594
1,2764.8401,2162.8471,2162847.0594
1,2764.8516,2162.8586,2162858.5594
1,2764.9305,2162.9375,2162937.4594
1,2764.9415,2162.9485,2162948.4594
1,2764.9772,2162.9842,2162984.1594
1,2765.0721,2163.0791,2163079.0594
1,2765.2283,2163.2353,2163235.2594
1,2765.2738,2163.2808,2163280.7594
1,2765.2769,2163.2839,2163283.8594
1,2765.3595,2163.3665,2163366.4594
