units,spikeTimeRawS,movieAlignedTimeS,movieAlignedTimeMs
1,29.7717,0.1277,127.6999
1,29.8148,0.1708,170.7999
1,29.8214,0.1774,177.3999
1,29.8350,0.1910,190.9999
1,29.8877,0.2437,243.6999
1,29.9452,0.3012,301.1999
1,30.0395,0.3955,395.4999
1,30.0683,0.4243,424.2999
1,30.1882,0.5442,544.1999
1,30.6720,1.0280,1027.9999
1,30.7844,1.1404,1140.3999
1,30.8087,1.1647,1164.6999
1,30.9085,1.2645,1264.4999
1,30.9804,1.3364,1336.3999
1,31.2612,1.6172,1617.1999
1,31.4053,1.7613,1761.2999
1,31.5067,1.8627,1862.6999
1,31.6352,1.9912,1991.1999
1,31.7275,2.0835,2083.4999
1,32.1549,2.5109,2510.8999
1,32.1954,2.5514,2551.3999
1,32.2809,2.6369,2636.8999
1,32.3038,2.6598,2659.7999
1,32.4230,2.7790,2778.9999
1,32.5259,2.8819,2881.8999
1,32.7157,3.0717,3071.6999
1,32.7585,3.1145,3114.4999
1,32.9177,3.2737,3273.6999
1,33.2524,3.6084,3608.3999
1,33.2919,3.6479,3647.8999
1,33.5622,3.9182,3918.1999
1,33.5835,3.9395,3939.4999
1,33.7309,4.0869,4086.8999
1,34.0409,4.3969,4396.8999
1,34.0491,4.4051,4405.0999
1,34.0605,4.4165,4416.4999
1,34.0746,4.4306,4430.5999
1,34.1077,4.4637,4463.6999
1,34.2768,4.6328,4632.7999
1,34.4424,4.7984,4798.3999
1,34.4847,4.8407,4840.6999
1,35.3050,5.6610,5660.9999
1,35.3571,5.7131,5713.0999
1,35.4159,5.7719,5771.8999
1,35.4865,5.8425,5842.4999
1,35.9312,6.2872,6287.1999
1,35.9918,6.3478,6347.7999
1,36.0015,6.3575,6357.4999
1,36.0150,6.3710,6370.9999
1,36.2829,6.6389,6638.8999
1,36.6572,7.0132,7013.1999
1,37.0088,7.3648,7364.7999
1,37.1646,7.5206,7520.5999
1,37.5773,7.9333,7933.2999
1,37.5883,7.9443,7944.2999
1,37.6620,8.0180,8017.9999
1,37.8094,8.1654,8165.3999
1,37.8892,8.2452,8245.1999
1,38.0169,8.3729,8372.8999
1,38.0439,8.3999,8399.8999
1,38.2006,8.5566,8556.5999
1,38.3730,8.7290,8728.9999
1,38.8805,9.2365,9236.4999
1,38.8979,9.2539,9253.8999
1,38.9146,9.2706,9270.5999
1,39.0057,9.3617,9361.6999
1,39.0097,9.3657,9365.6999
1,39.0691,9.4251,9425.0999
1,39.0996,9.4556,9455.5999
1,39.2514,9.6074,9607.3999
1,39.5079,9.8639,9863.8999
1,39.7066,10.0626,10062.5999
1,39.7580,10.1140,10113.9999
1,39.8301,10.1861,10186.0999
1,39.9148,10.2708,10270.7999
1,39.9530,10.3090,10308.9999
1,40.0805,10.4365,10436.4999
1,40.1398,10.4958,10495.7999
1,40.1474,10.5034,10503.3999
1,40.1844,10.5404,10540.3999
1,40.1907,10.5467,10546.6999
1,40.6005,10.9565,10956.4999
1,40.6728,11.0288,11028.7999
1,40.7907,11.1467,11146.6999
1,40.8669,11.2229,11222.8999
1,41.3738,11.7298,11729.7999
1,41.5382,11.8942,11894.1999
1,42.4222,12.7782,12778.1999
1,42.5842,12.9402,12940.1999
1,42.6235,12.9795,12979.4999
1,42.6346,12.9906,12990.5999
1,42.8404,13.1964,13196.3999
1,42.9230,13.2790,13278.9999
1,43.0574,13.4134,13413.3999
1,43.1322,13.4882,13488.1999
1,43.2877,13.6437,13643.6999
1,43.3326,13.6886,13688.5999
1,43.4604,13.8164,13816.3999
1,43.4915,13.8475,13847.4999
1,43.5194,13.8754,13875.3999
1,43.6178,13.9738,13973.7999
1,43.8252,14.1812,14181.1999
1,43.8455,14.2015,14201.4999
1,43.9345,14.2905,14290.4999
1,43.9549,14.3109,14310.8999
1,44.0486,14.4046,14404.5999
1,44.6065,14.9625,14962.4999
1,44.6921,15.0481,15048.0999
1,44.7220,15.0780,15077.9999
1,44.8255,15.1815,15181.4999
1,51.6556,22.0116,22011.5999
1,51.7129,22.0689,22068.8999
1,52.0092,22.3652,22365.1999
1,52.7374,23.0934,23093.3999
1,52.7789,23.1349,23134.8999
1,53.1211,23.4771,23477.0999
1,53.2487,23.6047,23604.6999
1,53.3098,23.6658,23665.7999
1,53.3194,23.6754,23675.3999
1,53.3776,23.7336,23733.5999
1,53.6248,23.9808,23980.7999
1,53.6314,23.9874,23987.3999
1,53.6694,24.0254,24025.3999
1,53.8387,24.1947,24194.6999
1,54.4583,24.8143,24814.2999
1,54.4622,24.8182,24818.1999
1,54.4918,24.8478,24847.7999
1,54.5029,24.8589,24858.8999
1,54.5102,24.8662,24866.1999
1,54.7506,25.1066,25106.5999
1,55.1465,25.5025,25502.4999
1,55.2218,25.5778,25577.7999
1,55.3016,25.6576,25657.5999
1,55.3169,25.6729,25672.8999
1,55.3491,25.7051,25705.0999
1,55.4314,25.7874,25787.3999
1,55.7331,26.0891,26089.0999
1,55.7435,26.0995,26099.4999
1,55.7826,26.1386,26138.5999
1,55.8284,26.1844,26184.3999
1,56.0681,26.4241,26424.0999
1,56.1284,26.4844,26484.3999
1,56.1685,26.5245,26524.4999
1,56.4093,26.7653,26765.2999
1,56.4493,26.8053,26805.2999
1,56.4647,26.8207,26820.6999
1,56.4761,26.8321,26832.0999
1,56.4827,26.8387,26838.6999
1,56.6783,27.0343,27034.2999
1,56.7206,27.0766,27076.5999
1,56.7560,27.1120,27111.9999
1,56.7740,27.1300,27129.9999
1,56.8060,27.1620,27161.9999
1,57.3752,27.7312,27731.1999
1,57.3878,27.7438,27743.7999
1,57.4849,27.8409,27840.8999
1,57.6519,28.0079,28007.8999
1,57.9544,28.3104,28310.3999
1,58.3324,28.6884,28688.3999
1,58.3612,28.7172,28717.1999
1,58.6551,29.0111,29011.0999
1,58.6988,29.0548,29054.7999
1,58.9350,29.2910,29290.9999
1,59.3438,29.6998,29699.7999
1,59.7122,30.0682,30068.1999
1,59.7339,30.0899,30089.8999
1,59.7461,30.1021,30102.0999
1,59.8783,30.2343,30234.2999
1,59.9031,30.2591,30259.0999
1,60.0045,30.3605,30360.4999
1,60.1656,30.5216,30521.5999
1,60.1828,30.5388,30538.7999
1,60.3490,30.7050,30704.9999
1,60.4249,30.7809,30780.8999
1,60.6630,31.0190,31018.9999
1,60.7464,31.1024,31102.3999
1,60.7490,31.1050,31104.9999
1,61.3918,31.7478,31747.7999
1,61.5865,31.9425,31942.4999
1,61.6175,31.9735,31973.4999
1,61.6258,31.9818,31981.7999
1,62.1354,32.4914,32491.3999
1,62.1568,32.5128,32512.7999
1,62.1718,32.5278,32527.7999
1,62.2832,32.6392,32639.1999
1,62.3086,32.6646,32664.5999
1,62.3376,32.6936,32693.5999
1,62.4939,32.8499,32849.8999
1,62.5416,32.8976,32897.5999
1,62.5629,32.9189,32918.8999
1,62.5796,32.9356,32935.5999
1,62.5856,32.9416,32941.5999
1,62.5880,32.9440,32943.9999
1,62.6352,32.9912,32991.1999
1,62.7628,33.1188,33118.7999
1,62.9150,33.2710,33270.9999
1,62.9683,33.3243,33324.2999
1,66.0859,36.4419,36441.8999
1,66.6436,36.9996,36999.5999
1,66.6803,37.0363,37036.2999
1,66.8598,37.2158,37215.7999
1,66.8692,37.2252,37225.1999
1,66.8873,37.2433,37243.2999
1,66.9913,37.3473,37347.2999
1,67.4784,37.8344,37834.3999
1,67.7489,38.1049,38104.8999
1,67.8300,38.1860,38185.9999
1,68.3948,38.7508,38750.7999
1,68.4562,38.8122,38812.1999
1,68.7938,39.1498,39149.7999
1,68.8043,39.1603,39160.2999
1,69.1261,39.4821,39482.0999
1,70.0808,40.4368,40436.7999
1,70.7126,41.0686,41068.5999
1,70.7930,41.1490,41148.9999
1,72.1314,42.4874,42487.3999
1,72.1574,42.5134,42513.3999
1,72.2324,42.5884,42588.3999
1,72.4576,42.8136,42813.5999
1,72.4696,42.8256,42825.5999
1,72.4887,42.8447,42844.6999
1,72.5290,42.8850,42884.9999
1,72.6793,43.0353,43035.2999
1,72.7148,43.0708,43070.7999
1,72.7760,43.1320,43131.9999
1,72.8303,43.1863,43186.2999
1,72.8549,43.2109,43210.8999
1,73.0790,43.4350,43434.9999
1,73.2298,43.5858,43585.7999
1,73.3141,43.6701,43670.0999
1,73.5593,43.9153,43915.2999
1,73.5680,43.9240,43923.9999
1,73.5904,43.9464,43946.3999
1,73.6776,44.0336,44033.5999
1,73.6986,44.0546,44054.5999
1,73.7794,44.1354,44135.3999
1,73.9132,44.2692,44269.1999
1,73.9917,44.3477,44347.6999
1,74.1346,44.4906,44490.5999
1,75.0854,45.4414,45441.3999
1,75.2156,45.5716,45571.5999
1,75.4751,45.8311,45831.0999
1,75.5162,45.8722,45872.1999
1,75.6406,45.9966,45996.5999
1,75.6705,46.0265,46026.4999
1,75.8487,46.2047,46204.6999
1,75.8509,46.2069,46206.8999
1,76.2164,46.5724,46572.3999
1,76.4824,46.8384,46838.3999
1,76.4935,46.8495,46849.4999
1,76.5287,46.8847,46884.6999
1,76.6612,47.0172,47017.1999
1,76.7760,47.1320,47131.9999
1,77.0545,47.4105,47410.4999
1,77.0705,47.4265,47426.4999
1,77.5273,47.8833,47883.2999
1,77.6273,47.9833,47983.2999
1,77.6457,48.0017,48001.6999
1,77.7199,48.0759,48075.8999
1,77.7956,48.1516,48151.5999
1,77.9452,48.3012,48301.1999
1,78.4110,48.7670,48766.9999
1,78.4240,48.7800,48779.9999
1,78.4557,48.8117,48811.6999
1,78.5118,48.8678,48867.7999
1,78.8205,49.1765,49176.4999
1,78.8272,49.1832,49183.1999
1,78.9611,49.3171,49317.0999
1,79.0432,49.3992,49399.1999
1,79.0596,49.4156,49415.5999
1,79.1683,49.5243,49524.2999
1,79.2686,49.6246,49624.5999
1,79.2883,49.6443,49644.2999
1,79.4083,49.7643,49764.2999
1,79.5205,49.8765,49876.4999
1,79.8090,50.1650,50164.9999
1,80.7459,51.1019,51101.8999
1,81.0940,51.4500,51449.9999
1,81.1313,51.4873,51487.2999
1,81.7181,52.0741,52074.0999
1,81.7711,52.1271,52127.0999
1,82.5987,52.9547,52954.6999
1,83.1396,53.4956,53495.5999
1,83.9594,54.3154,54315.3999
1,84.0707,54.4267,54426.6999
1,84.0971,54.4531,54453.0999
1,84.1436,54.4996,54499.5999
1,84.1628,54.5188,54518.7999
1,84.1665,54.5225,54522.4999
1,84.2165,54.5725,54572.4999
1,84.2755,54.6315,54631.4999
1,84.3152,54.6712,54671.1999
1,84.3819,54.7379,54737.8999
1,84.4253,54.7813,54781.2999
1,84.6011,54.9571,54957.0999
1,84.6907,55.0467,55046.6999
1,84.7232,55.0792,55079.1999
1,84.7364,55.0924,55092.3999
1,84.8399,55.1959,55195.8999
1,84.8602,55.2162,55216.1999
1,84.9410,55.2970,55296.9999
1,85.0760,55.4320,55431.9999
1,85.1834,55.5394,55539.3999
1,85.6313,55.9873,55987.2999
1,85.7432,56.0992,56099.1999
1,85.8971,56.2531,56253.0999
1,86.0650,56.4210,56420.9999
1,86.0755,56.4315,56431.4999
1,86.3282,56.6842,56684.1999
1,86.8583,57.2143,57214.2999
1,86.9593,57.3153,57315.2999
1,87.0122,57.3682,57368.1999
1,87.4195,57.7755,57775.4999
1,87.5700,57.9260,57925.9999
1,87.9347,58.2907,58290.6999
1,88.4342,58.7902,58790.1999
1,88.4508,58.8068,58806.7999
1,88.4637,58.8197,58819.6999
1,88.4728,58.8288,58828.7999
1,88.5309,58.8869,58886.8999
1,88.5915,58.9475,58947.4999
1,88.7756,59.1316,59131.5999
1,88.8111,59.1671,59167.0999
1,88.8352,59.1912,59191.1999
1,89.0993,59.4553,59455.2999
1,89.5180,59.8740,59873.9999
1,89.8075,60.1635,60163.4999
1,89.8652,60.2212,60221.1999
1,89.8988,60.2548,60254.7999
1,96.5646,66.9206,66920.5999
1,97.2097,67.5657,67565.6999
1,97.8057,68.1617,68161.6999
1,97.9622,68.3182,68318.1999
1,98.1476,68.5036,68503.5999
1,98.4689,68.8249,68824.8999
1,98.5854,68.9414,68941.3999
1,98.6283,68.9843,68984.2999
1,99.1720,69.5280,69527.9999
1,99.2435,69.5995,69599.4999
1,99.2823,69.6383,69638.2999
1,99.4530,69.8090,69808.9999
1,99.9933,70.3493,70349.2999
1,100.5425,70.8985,70898.4999
1,100.7096,71.0656,71065.5999
1,100.7414,71.0974,71097.3999
1,100.7639,71.1199,71119.8999
1,101.2404,71.5964,71596.3999
1,101.4477,71.8037,71803.6999
1,101.7465,72.1025,72102.4999
1,101.7813,72.1373,72137.2999
1,102.0992,72.4552,72455.1999
1,102.1667,72.5227,72522.6999
1,102.2206,72.5766,72576.5999
1,102.2239,72.5799,72579.8999
1,102.2964,72.6524,72652.3999
1,102.5743,72.9303,72930.2999
1,102.5854,72.9414,72941.3999
1,103.1459,73.5019,73501.8999
1,103.1845,73.5405,73540.4999
1,103.2142,73.5702,73570.1999
1,103.2466,73.6026,73602.5999
1,103.2508,73.6068,73606.7999
1,103.2686,73.6246,73624.5999
1,103.2757,73.6317,73631.6999
1,103.3799,73.7359,73735.8999
1,103.4412,73.7972,73797.1999
1,103.6924,74.0484,74048.3999
1,103.8373,74.1933,74193.2999
1,104.1432,74.4992,74499.1999
1,104.1903,74.5463,74546.2999
1,104.4255,74.7815,74781.4999
1,104.5996,74.9556,74955.5999
1,104.8227,75.1787,75178.6999
1,104.9482,75.3042,75304.1999
1,104.9611,75.3171,75317.0999
1,105.1577,75.5137,75513.6999
1,105.2158,75.5718,75571.7999
1,105.4154,75.7714,75771.3999
1,105.7398,76.0958,76095.7999
1,106.0424,76.3984,76398.3999
1,106.0953,76.4513,76451.2999
1,106.5911,76.9471,76947.0999
1,106.6924,77.0484,77048.3999
1,107.2123,77.5683,77568.2999
1,107.2493,77.6053,77605.2999
1,107.2815,77.6375,77637.4999
1,107.5959,77.9519,77951.8999
1,107.8374,78.1934,78193.3999
1,107.9876,78.3436,78343.5999
1,108.2247,78.5807,78580.6999
1,108.5385,78.8945,78894.4999
1,108.5976,78.9536,78953.5999
1,108.6947,79.0507,79050.6999
1,108.7496,79.1056,79105.5999
1,108.8356,79.1916,79191.5999
1,108.9318,79.2878,79287.7999
1,108.9430,79.2990,79298.9999
1,108.9530,79.3090,79308.9999
1,109.0633,79.4193,79419.2999
1,109.3218,79.6778,79677.7999
1,109.4570,79.8130,79812.9999
1,109.4808,79.8368,79836.7999
1,110.2466,80.6026,80602.5999
1,110.2936,80.6496,80649.5999
1,110.5569,80.9129,80912.8999
1,110.7879,81.1439,81143.8999
1,110.9094,81.2654,81265.3999
1,110.9392,81.2952,81295.1999
1,111.2227,81.5787,81578.6999
1,111.3986,81.7546,81754.5999
1,111.4412,81.7972,81797.1999
1,111.5152,81.8712,81871.1999
1,111.5294,81.8854,81885.3999
1,111.6277,81.9837,81983.6999
1,111.6462,82.0022,82002.1999
1,111.7686,82.1246,82124.5999
1,111.7934,82.1494,82149.3999
1,112.1224,82.4784,82478.3999
1,112.6265,82.9825,82982.4999
1,112.8932,83.2492,83249.1999
1,113.0235,83.3795,83379.4999
1,113.3674,83.7234,83723.3999
1,113.3909,83.7469,83746.8999
1,113.4468,83.8028,83802.7999
1,113.4687,83.8247,83824.6999
1,113.7580,84.1140,84113.9999
1,114.0905,84.4465,84446.4999
1,114.4239,84.7799,84779.8999
1,114.6428,84.9988,84998.7999
1,115.0202,85.3762,85376.1999
1,115.0360,85.3920,85391.9999
1,115.1515,85.5075,85507.4999
1,115.2878,85.6438,85643.7999
1,115.4141,85.7701,85770.0999
1,115.9385,86.2945,86294.4999
1,115.9422,86.2982,86298.1999
1,116.1712,86.5272,86527.1999
1,116.2655,86.6215,86621.4999
1,116.5011,86.8571,86857.0999
1,116.6693,87.0253,87025.2999
1,116.7275,87.0835,87083.4999
1,116.7366,87.0926,87092.5999
1,116.7647,87.1207,87120.6999
1,116.8241,87.1801,87180.0999
1,117.2679,87.6239,87623.8999
1,117.7379,88.0939,88093.8999
1,117.7489,88.1049,88104.8999
1,118.0505,88.4065,88406.4999
1,118.6603,89.0163,89016.2999
1,118.7737,89.1297,89129.6999
1,118.8158,89.1718,89171.7999
1,119.0954,89.4514,89451.3999
1,119.1629,89.5189,89518.8999
1,119.2755,89.6315,89631.4999
1,119.4200,89.7760,89775.9999
1,119.9344,90.2904,90290.3999
1,120.0297,90.3857,90385.6999
1,120.4634,90.8194,90819.3999
1,120.9447,91.3007,91300.6999
1,121.0156,91.3716,91371.5999
1,121.8859,92.2419,92241.8999
1,122.5910,92.9470,92946.9999
1,122.6147,92.9707,92970.6999
1,122.7216,93.0776,93077.5999
1,122.7988,93.1548,93154.7999
1,123.0312,93.3872,93387.1999
1,123.2233,93.5793,93579.2999
1,123.2551,93.6111,93611.0999
1,123.3651,93.7211,93721.0999
1,123.5584,93.9144,93914.3999
1,123.6694,94.0254,94025.3999
1,123.8357,94.1917,94191.6999
1,123.9534,94.3094,94309.3999
1,124.0287,94.3847,94384.6999
1,124.0704,94.4264,94426.3999
1,124.7946,95.1506,95150.5999
1,124.8042,95.1602,95160.1999
1,124.9522,95.3082,95308.1999
1,125.2822,95.6382,95638.1999
1,125.4326,95.7886,95788.5999
1,125.8198,96.1758,96175.7999
1,125.8796,96.2356,96235.5999
1,125.9317,96.2877,96287.6999
1,125.9794,96.3354,96335.3999
1,126.0119,96.3679,96367.8999
1,126.0630,96.4190,96418.9999
1,126.9444,97.3004,97300.3999
1,126.9586,97.3146,97314.5999
1,127.0623,97.4183,97418.2999
1,127.1761,97.5321,97532.0999
1,127.3629,97.7189,97718.8999
1,127.6155,97.9715,97971.4999
1,127.6513,98.0073,98007.2999
1,128.1043,98.4603,98460.2999
1,128.5444,98.9004,98900.3999
1,128.7448,99.1008,99100.7999
1,128.8704,99.2264,99226.3999
1,129.0183,99.3743,99374.2999
1,129.6252,99.9812,99981.1999
1,130.1228,100.4788,100478.7999
1,130.1408,100.4968,100496.7999
1,131.7079,102.0639,102063.8999
1,131.9590,102.3150,102314.9999
1,131.9744,102.3304,102330.3999
1,131.9848,102.3408,102340.7999
1,132.0143,102.3703,102370.2999
1,132.6114,102.9674,102967.3999
1,132.6233,102.9793,102979.2999
1,132.6345,102.9905,102990.4999
1,132.6544,103.0104,103010.3999
1,132.8628,103.2188,103218.7999
1,132.9101,103.2661,103266.0999
1,133.2069,103.5629,103562.8999
1,133.2407,103.5967,103596.6999
1,133.2797,103.6357,103635.6999
1,133.3710,103.7270,103726.9999
1,133.4049,103.7609,103760.8999
1,133.7251,104.0811,104081.0999
1,133.7312,104.0872,104087.1999
1,133.9683,104.3243,104324.2999
1,134.2272,104.5832,104583.1999
1,134.2549,104.6109,104610.8999
1,134.5424,104.8984,104898.3999
1,134.5982,104.9542,104954.1999
1,134.6101,104.9661,104966.0999
1,134.6395,104.9955,104995.4999
1,134.8252,105.1812,105181.1999
1,134.9284,105.2844,105284.3999
1,134.9505,105.3065,105306.4999
1,134.9709,105.3269,105326.8999
1,135.1002,105.4562,105456.1999
1,135.1152,105.4712,105471.1999
1,135.3683,105.7243,105724.2999
1,135.5013,105.8573,105857.2999
1,135.5802,105.9362,105936.1999
1,135.5821,105.9381,105938.0999
1,135.7398,106.0958,106095.7999
1,135.9414,106.2974,106297.3999
1,136.0371,106.3931,106393.0999
1,136.0468,106.4028,106402.7999
1,136.0849,106.4409,106440.8999
1,136.1961,106.5521,106552.0999
1,136.2414,106.5974,106597.3999
1,136.2490,106.6050,106604.9999
1,136.5816,106.9376,106937.5999
1,136.6016,106.9576,106957.5999
1,136.8983,107.2543,107254.2999
1,136.9142,107.2702,107270.1999
1,137.3749,107.7309,107730.8999
1,137.4173,107.7733,107773.2999
1,137.4340,107.7900,107789.9999
1,137.4397,107.7957,107795.6999
1,137.4540,107.8100,107809.9999
1,137.5019,107.8579,107857.8999
1,137.7189,108.0749,108074.8999
1,137.8896,108.2456,108245.5999
1,137.9264,108.2824,108282.3999
1,137.9416,108.2976,108297.5999
1,137.9575,108.3135,108313.4999
1,139.4081,109.7641,109764.0999
1,139.5301,109.8861,109886.0999
1,139.6074,109.9634,109963.3999
1,139.9383,110.2943,110294.2999
1,140.0127,110.3687,110368.6999
1,140.1119,110.4679,110467.8999
1,140.9837,111.3397,111339.6999
1,141.1387,111.4947,111494.6999
1,141.3101,111.6661,111666.0999
1,141.6053,111.9613,111961.2999
1,141.6235,111.9795,111979.4999
1,141.6446,112.0006,112000.5999
1,141.8581,112.2141,112214.0999
1,141.8770,112.2330,112232.9999
1,141.9758,112.3318,112331.7999
1,142.2027,112.5587,112558.6999
1,142.2258,112.5818,112581.7999
1,142.3690,112.7250,112724.9999
1,142.4212,112.7772,112777.1999
1,142.4870,112.8430,112842.9999
1,142.8997,113.2557,113255.6999
1,143.0565,113.4125,113412.4999
1,143.2222,113.5782,113578.1999
1,143.4797,113.8357,113835.6999
1,143.5466,113.9026,113902.5999
1,143.6078,113.9638,113963.7999
1,143.7935,114.1495,114149.4999
1,143.8187,114.1747,114174.6999
1,143.8301,114.1861,114186.0999
1,143.9032,114.2592,114259.1999
1,144.0098,114.3658,114365.7999
1,144.1364,114.4924,114492.3999
1,144.4094,114.7654,114765.3999
1,144.5104,114.8664,114866.3999
1,144.5953,114.9513,114951.2999
1,144.7988,115.1548,115154.7999
1,144.8060,115.1620,115161.9999
1,145.3848,115.7408,115740.7999
1,146.1464,116.5024,116502.3999
1,146.1944,116.5504,116550.3999
1,146.5951,116.9511,116951.0999
1,146.6606,117.0166,117016.5999
1,146.6811,117.0371,117037.0999
1,147.3665,117.7225,117722.4999
1,147.3858,117.7418,117741.7999
1,147.4583,117.8143,117814.2999
1,147.4943,117.8503,117850.2999
1,147.5523,117.9083,117908.2999
1,147.8590,118.2150,118214.9999
1,148.2353,118.5913,118591.2999
1,148.2676,118.6236,118623.5999
1,148.3910,118.7470,118746.9999
1,148.5591,118.9151,118915.0999
1,148.5879,118.9439,118943.8999
1,148.6656,119.0216,119021.5999
1,148.8967,119.2527,119252.6999
1,148.9405,119.2965,119296.4999
1,149.2555,119.6115,119611.4999
1,149.2671,119.6231,119623.0999
1,149.2839,119.6399,119639.8999
1,149.3010,119.6570,119656.9999
1,149.3536,119.7096,119709.5999
1,149.3805,119.7365,119736.4999
1,149.4837,119.8397,119839.6999
1,149.5913,119.9473,119947.2999
1,149.6166,119.9726,119972.5999
1,149.7215,120.0775,120077.4999
1,150.3558,120.7118,120711.7999
1,150.8095,121.1655,121165.4999
1,150.8346,121.1906,121190.5999
1,150.9657,121.3217,121321.6999
1,151.1748,121.5308,121530.7999
1,151.2776,121.6336,121633.5999
1,151.3094,121.6654,121665.3999
1,151.6084,121.9644,121964.3999
1,151.6706,122.0266,122026.5999
1,151.7046,122.0606,122060.5999
1,151.8093,122.1653,122165.2999
1,151.9173,122.2733,122273.2999
1,151.9450,122.3010,122300.9999
1,152.2353,122.5913,122591.2999
1,152.2459,122.6019,122601.8999
1,152.3357,122.6917,122691.6999
1,152.4344,122.7904,122790.3999
1,152.6822,123.0382,123038.1999
1,152.9281,123.2841,123284.0999
1,152.9836,123.3396,123339.5999
1,153.1043,123.4603,123460.2999
1,153.1489,123.5049,123504.8999
1,153.6910,124.0470,124046.9999
1,153.7046,124.0606,124060.5999
1,153.7133,124.0693,124069.2999
1,154.0551,124.4111,124411.0999
1,154.0859,124.4419,124441.8999
1,154.0990,124.4550,124454.9999
1,154.1149,124.4709,124470.8999
1,154.2869,124.6429,124642.8999
1,154.3103,124.6663,124666.2999
1,154.3793,124.7353,124735.2999
1,154.6949,125.0509,125050.8999
1,154.7038,125.0598,125059.7999
1,155.0078,125.3638,125363.7999
1,155.2168,125.5728,125572.7999
1,155.3653,125.7213,125721.2999
1,155.4010,125.7570,125756.9999
1,155.4342,125.7902,125790.1999
1,155.6847,126.0407,126040.6999
1,155.6933,126.0493,126049.2999
1,155.8224,126.1784,126178.3999
1,155.8577,126.2137,126213.6999
1,156.0468,126.4028,126402.7999
1,156.0924,126.4484,126448.3999
1,156.1809,126.5369,126536.8999
1,156.4729,126.8289,126828.8999
1,156.6335,126.9895,126989.4999
1,156.6952,127.0512,127051.1999
1,156.7098,127.0658,127065.7999
1,156.7605,127.1165,127116.4999
1,157.2293,127.5853,127585.2999
1,157.4020,127.7580,127757.9999
1,157.4246,127.7806,127780.5999
1,157.4921,127.8481,127848.0999
1,157.7752,128.1312,128131.1999
1,157.7887,128.1447,128144.6999
1,157.7926,128.1486,128148.5999
1,157.8314,128.1874,128187.3999
1,157.9952,128.3512,128351.1999
1,158.0363,128.3923,128392.2999
1,158.0734,128.4294,128429.3999
1,158.3854,128.7414,128741.3999
1,158.6372,128.9932,128993.1999
1,158.7164,129.0724,129072.3999
1,159.0819,129.4379,129437.8999
1,159.1388,129.4948,129494.7999
1,159.5646,129.9206,129920.5999
1,159.7070,130.0630,130062.9999
1,159.7882,130.1442,130144.1999
1,159.9023,130.2583,130258.2999
1,160.2258,130.5818,130581.7999
1,160.2441,130.6001,130600.0999
1,160.2782,130.6342,130634.1999
1,160.4095,130.7655,130765.4999
1,160.4683,130.8243,130824.2999
1,160.6440,131.0000,130999.9999
1,161.1140,131.4700,131469.9999
1,161.4183,131.7743,131774.2999
1,161.4517,131.8077,131807.6999
1,161.6856,132.0416,132041.5999
1,161.7042,132.0602,132060.1999
1,161.9343,132.2903,132290.2999
1,162.3398,132.6958,132695.7999
1,162.3703,132.7263,132726.2999
1,162.3739,132.7299,132729.8999
1,162.4133,132.7693,132769.2999
1,162.5000,132.8560,132855.9999
1,162.7438,133.0998,133099.7999
1,162.8940,133.2500,133249.9999
1,162.9982,133.3542,133354.1999
1,163.0703,133.4263,133426.2999
1,163.0721,133.4281,133428.0999
1,163.1358,133.4918,133491.7999
1,163.8685,134.2245,134224.4999
1,164.1146,134.4706,134470.5999
1,164.4666,134.8226,134822.5999
1,164.6153,134.9713,134971.2999
1,164.6291,134.9851,134985.0999
1,164.6481,135.0041,135004.0999
1,165.1347,135.4907,135490.6999
1,165.1557,135.5117,135511.6999
1,165.1977,135.5537,135553.6999
1,165.2306,135.5866,135586.5999
1,165.5338,135.8898,135889.7999
1,165.7059,136.0619,136061.8999
1,166.4471,136.8031,136803.0999
1,166.4614,136.8174,136817.3999
1,166.4826,136.8386,136838.5999
1,166.4889,136.8449,136844.8999
1,166.7895,137.1455,137145.4999
1,166.9081,137.2641,137264.0999
1,167.5085,137.8645,137864.4999
1,167.7589,138.1149,138114.8999
1,168.2143,138.5703,138570.2999
1,168.4451,138.8011,138801.0999
1,168.4824,138.8384,138838.3999
1,168.4846,138.8406,138840.5999
1,168.6052,138.9612,138961.1999
1,168.6854,139.0414,139041.3999
1,168.9477,139.3037,139303.6999
1,169.0763,139.4323,139432.2999
1,169.1594,139.5154,139515.3999
1,169.2445,139.6005,139600.4999
1,169.3179,139.6739,139673.8999
1,169.3247,139.6807,139680.6999
1,169.4172,139.7732,139773.1999
1,169.4947,139.8507,139850.6999
1,170.1742,140.5302,140530.1999
1,170.4958,140.8518,140851.7999
1,170.7807,141.1367,141136.6999
1,170.8066,141.1626,141162.5999
1,170.9048,141.2608,141260.7999
1,171.1255,141.4815,141481.4999
1,171.1739,141.5299,141529.8999
1,172.0846,142.4406,142440.5999
1,172.6855,143.0415,143041.4999
1,172.7361,143.0921,143092.0999
1,173.6739,144.0299,144029.8999
1,173.7576,144.1136,144113.5999
1,173.7945,144.1505,144150.4999
1,173.8842,144.2402,144240.1999
1,173.9181,144.2741,144274.0999
1,174.0644,144.4204,144420.3999
1,174.1236,144.4796,144479.5999
1,175.4526,145.8086,145808.5999
1,175.5056,145.8616,145861.5999
1,175.7403,146.0963,146096.2999
1,176.0114,146.3674,146367.3999
1,176.1789,146.5349,146534.8999
1,176.2469,146.6029,146602.8999
1,177.3731,147.7291,147729.0999
1,177.3998,147.7558,147755.7999
1,177.9633,148.3193,148319.2999
1,177.9738,148.3298,148329.7999
1,177.9836,148.3396,148339.5999
1,178.2281,148.5841,148584.0999
1,178.2386,148.5946,148594.5999
1,178.3003,148.6563,148656.2999
1,178.4516,148.8076,148807.5999
1,178.6225,148.9785,148978.4999
1,178.9143,149.2703,149270.2999
1,178.9602,149.3162,149316.1999
1,179.0623,149.4183,149418.2999
1,179.0957,149.4517,149451.6999
1,179.5263,149.8823,149882.2999
1,179.6467,150.0027,150002.6999
1,179.6786,150.0346,150034.5999
1,179.8167,150.1727,150172.6999
1,179.8368,150.1928,150192.7999
1,179.9296,150.2856,150285.5999
1,180.0304,150.3864,150386.3999
1,180.1576,150.5136,150513.5999
1,180.1660,150.5220,150521.9999
1,180.2712,150.6272,150627.1999
1,180.7736,151.1296,151129.5999
1,181.0195,151.3755,151375.4999
1,181.1010,151.4570,151456.9999
1,181.1326,151.4886,151488.5999
1,181.1590,151.5150,151514.9999
1,181.1638,151.5198,151519.7999
1,181.2075,151.5635,151563.4999
1,181.7300,152.0860,152085.9999
1,181.8814,152.2374,152237.3999
1,181.8923,152.2483,152248.2999
1,182.2217,152.5777,152577.6999
1,182.9920,153.3480,153347.9999
1,183.4144,153.7704,153770.3999
1,183.9156,154.2716,154271.5999
1,184.1912,154.5472,154547.1999
1,184.2080,154.5640,154563.9999
1,184.5486,154.9046,154904.5999
1,184.7013,155.0573,155057.2999
1,184.9542,155.3102,155310.1999
1,185.1631,155.5191,155519.0999
1,185.6424,155.9984,155998.3999
1,185.7556,156.1116,156111.5999
1,185.9435,156.2995,156299.4999
1,185.9549,156.3109,156310.8999
1,185.9667,156.3227,156322.6999
1,186.3647,156.7207,156720.6999
1,187.0910,157.4470,157446.9999
1,187.1735,157.5295,157529.4999
1,187.3242,157.6802,157680.1999
1,187.3965,157.7525,157752.4999
1,187.7198,158.0758,158075.7999
1,188.3766,158.7326,158732.5999
1,188.3880,158.7440,158743.9999
1,188.4708,158.8268,158826.7999
1,188.4757,158.8317,158831.6999
1,188.4786,158.8346,158834.5999
1,188.5158,158.8718,158871.7999
1,189.2363,159.5923,159592.2999
1,189.2639,159.6199,159619.8999
1,189.8317,160.1877,160187.6999
1,190.1201,160.4761,160476.0999
1,190.1383,160.4943,160494.2999
1,190.4499,160.8059,160805.8999
1,190.6350,160.9910,160990.9999
1,191.6898,162.0458,162045.7999
1,191.8975,162.2535,162253.4999
1,191.9587,162.3147,162314.6999
1,191.9847,162.3407,162340.6999
1,192.4665,162.8225,162822.4999
1,192.6791,163.0351,163035.0999
1,192.6910,163.0470,163046.9999
1,192.8698,163.2258,163225.7999
1,193.0679,163.4239,163423.8999
1,193.1848,163.5408,163540.7999
1,193.1991,163.5551,163555.0999
1,193.5896,163.9456,163945.5999
1,193.6704,164.0264,164026.3999
1,194.1195,164.4755,164475.4999
1,194.4200,164.7760,164775.9999
1,194.5545,164.9105,164910.4999
1,194.9238,165.2798,165279.7999
1,195.0788,165.4348,165434.7999
1,195.1180,165.4740,165473.9999
1,195.2789,165.6349,165634.8999
1,195.3644,165.7204,165720.3999
1,195.3731,165.7291,165729.0999
1,195.4010,165.7570,165756.9999
1,195.5878,165.9438,165943.7999
1,195.6126,165.9686,165968.5999
1,195.6724,166.0284,166028.3999
1,195.8218,166.1778,166177.7999
1,196.1532,166.5092,166509.1999
1,196.4434,166.7994,166799.3999
1,196.5310,166.8870,166886.9999
1,196.5705,166.9265,166926.4999
1,196.6937,167.0497,167049.6999
1,197.2519,167.6079,167607.8999
1,197.3465,167.7025,167702.4999
1,197.4304,167.7864,167786.3999
1,197.8232,168.1792,168179.1999
1,198.4952,168.8512,168851.1999
1,198.9075,169.2635,169263.4999
1,199.0686,169.4246,169424.5999
1,199.2064,169.5624,169562.3999
1,199.6574,170.0134,170013.3999
1,199.7091,170.0651,170065.0999
1,199.7400,170.0960,170095.9999
1,200.1255,170.4815,170481.4999
1,200.2920,170.6480,170647.9999
1,201.0334,171.3894,171389.3999
1,201.1002,171.4562,171456.1999
1,201.1309,171.4869,171486.8999
1,201.1585,171.5145,171514.4999
1,201.2157,171.5717,171571.6999
1,201.2368,171.5928,171592.7999
1,201.2465,171.6025,171602.4999
1,201.3414,171.6974,171697.3999
1,201.4103,171.7663,171766.2999
1,201.7460,172.1020,172101.9999
1,201.7581,172.1141,172114.0999
1,201.9125,172.2685,172268.4999
1,202.3010,172.6570,172656.9999
1,202.5601,172.9161,172916.0999
1,202.5827,172.9387,172938.6999
1,202.6457,173.0017,173001.6999
1,203.1283,173.4843,173484.2999
1,203.5609,173.9169,173916.8999
1,203.7355,174.0915,174091.4999
1,203.7614,174.1174,174117.3999
1,203.8190,174.1750,174174.9999
1,204.0200,174.3760,174375.9999
1,204.7859,175.1419,175141.8999
1,204.8042,175.1602,175160.1999
1,206.0409,176.3969,176396.8999
1,206.1856,176.5416,176541.5999
1,206.2904,176.6464,176646.3999
1,206.6420,176.9980,176997.9999
1,206.6620,177.0180,177017.9999
1,206.8514,177.2074,177207.3999
1,206.9906,177.3466,177346.5999
1,207.0222,177.3782,177378.1999
1,207.3526,177.7086,177708.5999
1,207.5477,177.9037,177903.6999
1,207.5587,177.9147,177914.6999
1,207.5654,177.9214,177921.3999
1,207.6655,178.0215,178021.4999
1,208.0197,178.3757,178375.6999
1,208.3864,178.7424,178742.3999
1,209.1303,179.4863,179486.2999
1,209.4255,179.7815,179781.4999
1,209.6649,180.0209,180020.8999
1,210.0490,180.4050,180404.9999
1,210.4030,180.7590,180758.9999
1,210.8213,181.1773,181177.2999
1,210.8330,181.1890,181188.9999
1,211.2366,181.5926,181592.5999
1,211.2524,181.6084,181608.3999
1,211.5491,181.9051,181905.0999
1,211.5865,181.9425,181942.4999
1,211.6120,181.9680,181967.9999
1,212.2241,182.5801,182580.0999
1,212.4360,182.7920,182791.9999
1,212.8297,183.1857,183185.6999
1,212.9132,183.2692,183269.1999
1,212.9262,183.2822,183282.1999
1,213.0354,183.3914,183391.3999
1,213.1422,183.4982,183498.1999
1,213.5068,183.8628,183862.7999
1,213.8754,184.2314,184231.3999
1,213.9393,184.2953,184295.2999
1,213.9573,184.3133,184313.2999
1,213.9794,184.3354,184335.3999
1,214.0774,184.4334,184433.3999
1,214.1354,184.4914,184491.3999
1,214.1398,184.4958,184495.7999
1,214.2645,184.6205,184620.4999
1,214.4178,184.7738,184773.7999
1,214.4429,184.7989,184798.8999
1,214.6671,185.0231,185023.0999
1,214.9290,185.2850,185284.9999
1,215.2932,185.6492,185649.1999
1,215.2989,185.6549,185654.8999
1,215.5279,185.8839,185883.8999
1,215.6787,186.0347,186034.6999
1,215.6846,186.0406,186040.5999
1,215.6914,186.0474,186047.3999
1,215.9565,186.3125,186312.4999
1,216.0018,186.3578,186357.7999
1,216.0212,186.3772,186377.1999
1,216.0463,186.4023,186402.2999
1,216.0992,186.4552,186455.1999
1,216.3880,186.7440,186743.9999
1,216.5697,186.9257,186925.6999
1,216.5729,186.9289,186928.8999
1,216.7237,187.0797,187079.6999
1,216.8261,187.1821,187182.0999
1,217.0844,187.4404,187440.3999
1,218.0067,188.3627,188362.6999
1,218.1297,188.4857,188485.6999
1,218.7801,189.1361,189136.0999
1,218.7945,189.1505,189150.4999
1,218.8331,189.1891,189189.0999
1,218.9726,189.3286,189328.5999
1,219.0890,189.4450,189444.9999
1,219.1451,189.5011,189501.0999
1,219.1608,189.5168,189516.7999
1,219.4399,189.7959,189795.8999
1,219.5498,189.9058,189905.7999
1,219.9226,190.2786,190278.5999
1,219.9444,190.3004,190300.3999
1,220.1868,190.5428,190542.7999
1,220.4127,190.7687,190768.6999
1,220.5212,190.8772,190877.1999
1,220.6909,191.0469,191046.8999
1,221.0487,191.4047,191404.6999
1,221.5507,191.9067,191906.6999
1,221.9466,192.3026,192302.5999
1,222.0698,192.4258,192425.7999
1,222.3640,192.7200,192719.9999
1,222.3867,192.7427,192742.6999
1,222.4060,192.7620,192761.9999
1,222.6159,192.9719,192971.8999
1,222.9693,193.3253,193325.2999
1,223.2675,193.6235,193623.4999
1,223.4355,193.7915,193791.4999
1,223.5948,193.9508,193950.7999
1,223.7598,194.1158,194115.7999
1,224.1108,194.4668,194466.7999
1,224.6433,194.9993,194999.2999
1,224.8688,195.2248,195224.7999
1,225.0715,195.4275,195427.4999
1,225.2610,195.6170,195616.9999
1,225.3294,195.6854,195685.3999
1,225.3598,195.7158,195715.7999
1,225.3738,195.7298,195729.7999
1,225.4560,195.8120,195811.9999
1,225.5593,195.9153,195915.2999
1,225.8013,196.1573,196157.2999
1,225.8555,196.2115,196211.4999
1,225.9232,196.2792,196279.1999
1,226.1126,196.4686,196468.5999
1,226.2639,196.6199,196619.8999
1,226.6415,196.9975,196997.4999
1,226.7911,197.1471,197147.0999
1,226.8337,197.1897,197189.6999
1,226.8509,197.2069,197206.8999
1,227.2264,197.5824,197582.3999
1,227.2300,197.5860,197585.9999
1,227.5903,197.9463,197946.2999
1,227.7259,198.0819,198081.8999
1,227.8792,198.2352,198235.1999
1,228.0898,198.4458,198445.7999
1,228.0926,198.4486,198448.5999
1,228.1160,198.4720,198471.9999
1,228.4273,198.7833,198783.2999
1,228.4713,198.8273,198827.2999
1,228.5127,198.8687,198868.6999
1,228.6517,199.0077,199007.6999
1,228.6942,199.0502,199050.1999
1,228.7561,199.1121,199112.0999
1,228.9987,199.3547,199354.6999
1,229.2512,199.6072,199607.1999
1,229.7050,200.0610,200060.9999
1,229.9561,200.3121,200312.0999
1,230.1469,200.5029,200502.8999
1,230.2342,200.5902,200590.1999
1,230.2493,200.6053,200605.2999
1,230.2706,200.6266,200626.5999
1,230.4602,200.8162,200816.1999
1,230.5023,200.8583,200858.2999
1,230.6638,201.0198,201019.7999
1,230.7063,201.0623,201062.2999
1,230.7677,201.1237,201123.6999
1,230.9371,201.2931,201293.0999
1,231.1142,201.4702,201470.1999
1,231.1547,201.5107,201510.6999
1,231.1709,201.5269,201526.8999
1,231.1774,201.5334,201533.3999
1,231.2533,201.6093,201609.2999
1,231.3207,201.6767,201676.6999
1,231.3471,201.7031,201703.0999
1,231.4568,201.8128,201812.7999
1,231.5111,201.8671,201867.0999
1,231.5836,201.9396,201939.5999
1,232.3896,202.7456,202745.5999
1,232.4038,202.7598,202759.7999
1,232.8747,203.2307,203230.6999
1,233.3603,203.7163,203716.2999
1,233.5101,203.8661,203866.0999
1,233.7503,204.1063,204106.2999
1,233.9705,204.3265,204326.4999
1,233.9847,204.3407,204340.6999
1,234.0988,204.4548,204454.7999
1,234.1221,204.4781,204478.0999
1,234.5093,204.8653,204865.2999
1,234.5300,204.8860,204885.9999
1,234.5911,204.9471,204947.0999
1,234.7422,205.0982,205098.1999
1,234.7751,205.1311,205131.0999
1,234.8922,205.2482,205248.1999
1,235.0415,205.3975,205397.4999
1,235.4367,205.7927,205792.6999
1,235.9281,206.2841,206284.0999
1,236.2942,206.6502,206650.1999
1,236.3585,206.7145,206714.4999
1,236.5129,206.8689,206868.8999
1,237.0226,207.3786,207378.5999
1,237.7176,208.0736,208073.5999
1,237.8367,208.1927,208192.6999
1,237.8697,208.2257,208225.6999
1,237.9237,208.2797,208279.6999
1,237.9621,208.3181,208318.0999
1,237.9950,208.3510,208350.9999
1,238.0916,208.4476,208447.5999
1,238.1358,208.4918,208491.7999
1,238.3857,208.7417,208741.6999
1,238.4403,208.7963,208796.2999
1,238.7373,209.0933,209093.2999
1,238.8146,209.1706,209170.5999
1,238.9553,209.3113,209311.2999
1,239.0211,209.3771,209377.0999
1,239.1458,209.5018,209501.7999
1,239.6420,209.9980,209997.9999
1,240.3162,210.6722,210672.1999
1,240.6065,210.9625,210962.4999
1,240.8892,211.2452,211245.1999
1,241.0775,211.4335,211433.4999
1,241.1483,211.5043,211504.2999
1,241.1991,211.5551,211555.0999
1,241.3156,211.6716,211671.5999
1,241.6942,212.0502,212050.1999
1,241.7158,212.0718,212071.7999
1,241.7855,212.1415,212141.4999
1,241.8552,212.2112,212211.1999
1,241.8935,212.2495,212249.4999
1,242.1047,212.4607,212460.6999
1,242.3607,212.7167,212716.6999
1,242.4027,212.7587,212758.6999
1,242.4699,212.8259,212825.8999
1,242.5666,212.9226,212922.5999
1,242.6549,213.0109,213010.8999
1,242.7147,213.0707,213070.6999
1,242.7536,213.1096,213109.5999
1,242.7624,213.1184,213118.3999
1,242.8689,213.2249,213224.8999
1,243.0544,213.4104,213410.3999
1,243.1776,213.5336,213533.5999
1,243.2684,213.6244,213624.3999
1,243.6715,214.0275,214027.4999
1,243.6907,214.0467,214046.6999
1,244.2112,214.5672,214567.1999
1,244.2134,214.5694,214569.3999
1,244.2330,214.5890,214588.9999
1,244.3644,214.7204,214720.3999
1,244.3786,214.7346,214734.5999
1,244.4127,214.7687,214768.6999
1,244.5128,214.8688,214868.7999
1,244.5342,214.8902,214890.1999
1,244.5395,214.8955,214895.4999
1,244.5692,214.9252,214925.1999
1,244.8561,215.2121,215212.0999
1,245.3440,215.7000,215699.9999
1,245.6951,216.0511,216051.0999
1,245.7416,216.0976,216097.5999
1,245.8387,216.1947,216194.6999
1,245.8931,216.2491,216249.0999
1,245.9322,216.2882,216288.1999
1,246.0531,216.4091,216409.0999
1,246.2312,216.5872,216587.1999
1,246.2517,216.6077,216607.6999
1,246.5436,216.8996,216899.5999
1,246.8262,217.1822,217182.1999
1,246.8396,217.1956,217195.5999
1,246.9136,217.2696,217269.5999
1,246.9279,217.2839,217283.8999
1,247.0850,217.4410,217440.9999
1,247.0912,217.4472,217447.1999
1,247.1732,217.5292,217529.1999
1,247.4020,217.7580,217757.9999
1,247.4223,217.7783,217778.2999
1,247.6552,218.0112,218011.1999
1,247.8618,218.2178,218217.7999
1,247.9239,218.2799,218279.8999
1,247.9417,218.2977,218297.6999
1,248.1562,218.5122,218512.1999
1,248.2378,218.5938,218593.7999
1,248.2941,218.6501,218650.0999
1,248.3054,218.6614,218661.3999
1,248.3865,218.7425,218742.4999
1,248.4014,218.7574,218757.3999
1,248.4660,218.8220,218821.9999
1,248.6636,219.0196,219019.5999
1,248.7444,219.1004,219100.3999
1,248.8126,219.1686,219168.5999
1,248.8478,219.2038,219203.7999
1,248.8685,219.2245,219224.4999
1,248.9912,219.3472,219347.1999
1,249.1861,219.5421,219542.0999
1,249.2244,219.5804,219580.3999
1,249.4059,219.7619,219761.8999
1,249.4860,219.8420,219841.9999
1,249.5267,219.8827,219882.6999
1,249.5697,219.9257,219925.6999
1,249.6170,219.9730,219972.9999
1,249.6612,220.0172,220017.1999
1,249.6729,220.0289,220028.8999
1,249.6907,220.0467,220046.6999
1,249.7092,220.0652,220065.1999
1,249.7347,220.0907,220090.6999
1,249.7819,220.1379,220137.8999
1,250.0019,220.3579,220357.8999
1,250.1415,220.4975,220497.4999
1,250.1559,220.5119,220511.8999
1,250.2453,220.6013,220601.2999
1,250.3845,220.7405,220740.4999
1,250.4134,220.7694,220769.3999
1,250.7531,221.1091,221109.0999
1,250.8483,221.2043,221204.2999
1,250.9667,221.3227,221322.6999
1,250.9919,221.3479,221347.8999
1,251.0862,221.4422,221442.1999
1,251.1305,221.4865,221486.4999
1,251.1776,221.5336,221533.5999
1,251.4037,221.7597,221759.6999
1,251.5646,221.9206,221920.5999
1,251.5968,221.9528,221952.7999
1,251.7622,222.1182,222118.1999
1,251.7729,222.1289,222128.8999
1,251.9368,222.2928,222292.7999
1,252.1069,222.4629,222462.8999
1,252.1742,222.5302,222530.1999
1,252.4245,222.7805,222780.4999
1,252.4698,222.8258,222825.7999
1,252.5046,222.8606,222860.5999
1,252.7411,223.0971,223097.0999
1,252.8656,223.2216,223221.5999
1,252.8733,223.2293,223229.2999
1,253.2712,223.6272,223627.1999
1,253.4558,223.8118,223811.7999
1,253.5236,223.8796,223879.5999
1,253.6320,223.9880,223987.9999
1,253.9534,224.3094,224309.3999
1,253.9789,224.3349,224334.8999
1,254.2047,224.5607,224560.6999
1,254.3333,224.6893,224689.2999
1,254.6158,224.9718,224971.7999
1,254.8588,225.2148,225214.7999
1,254.8889,225.2449,225244.8999
1,254.9585,225.3145,225314.4999
1,255.0477,225.4037,225403.6999
1,255.3296,225.6856,225685.5999
1,255.4106,225.7666,225766.5999
1,255.4463,225.8023,225802.2999
1,255.5502,225.9062,225906.1999
1,255.8520,226.2080,226207.9999
1,255.8589,226.2149,226214.8999
1,256.0003,226.3563,226356.2999
1,256.2725,226.6285,226628.4999
1,256.3820,226.7380,226737.9999
1,256.3978,226.7538,226753.7999
1,256.4783,226.8343,226834.2999
1,256.6274,226.9834,226983.3999
1,256.6868,227.0428,227042.7999
1,256.6930,227.0490,227048.9999
1,256.7305,227.0865,227086.4999
1,256.7353,227.0913,227091.2999
1,256.9295,227.2855,227285.4999
1,256.9967,227.3527,227352.6999
1,257.0470,227.4030,227402.9999
1,257.0492,227.4052,227405.1999
1,257.0553,227.4113,227411.2999
1,257.0797,227.4357,227435.6999
1,257.1162,227.4722,227472.1999
1,257.1651,227.5211,227521.0999
1,257.1939,227.5499,227549.8999
1,257.4876,227.8436,227843.5999
1,257.6936,228.0496,228049.5999
1,257.7153,228.0713,228071.2999
1,257.8322,228.1882,228188.1999
1,257.8570,228.2130,228212.9999
1,258.0162,228.3722,228372.1999
1,258.1099,228.4659,228465.8999
1,258.2404,228.5964,228596.3999
1,258.2756,228.6316,228631.5999
1,258.9596,229.3156,229315.5999
1,259.0347,229.3907,229390.6999
1,259.0653,229.4213,229421.2999
1,259.0762,229.4322,229432.1999
1,259.2341,229.5901,229590.0999
1,260.0574,230.4134,230413.3999
1,260.1436,230.4996,230499.5999
1,260.4077,230.7637,230763.6999
1,260.4335,230.7895,230789.4999
1,260.7545,231.1105,231110.4999
1,260.8714,231.2274,231227.3999
1,260.8830,231.2390,231238.9999
1,260.9529,231.3089,231308.8999
1,261.1208,231.4768,231476.7999
1,261.3453,231.7013,231701.2999
1,261.7442,232.1002,232100.1999
1,261.7477,232.1037,232103.6999
1,262.0088,232.3648,232364.7999
1,262.3215,232.6775,232677.4999
1,262.4992,232.8552,232855.1999
1,262.9531,233.3091,233309.0999
1,263.2214,233.5774,233577.3999
1,263.5980,233.9540,233953.9999
1,263.6129,233.9689,233968.8999
1,263.6160,233.9720,233971.9999
1,263.6598,234.0158,234015.7999
1,263.7177,234.0737,234073.6999
1,263.7749,234.1309,234130.8999
1,263.7917,234.1477,234147.6999
1,263.9474,234.3034,234303.3999
1,263.9681,234.3241,234324.0999
1,264.2026,234.5586,234558.5999
1,264.2870,234.6430,234642.9999
1,264.4905,234.8465,234846.4999
1,264.5257,234.8817,234881.6999
1,264.6611,235.0171,235017.0999
1,264.7389,235.0949,235094.8999
1,264.7570,235.1130,235112.9999
1,264.8892,235.2452,235245.1999
1,265.0553,235.4113,235411.2999
1,265.2777,235.6337,235633.6999
1,265.4041,235.7601,235760.0999
1,265.5105,235.8665,235866.4999
1,265.5223,235.8783,235878.2999
1,265.9133,236.2693,236269.2999
1,265.9480,236.3040,236303.9999
1,266.3118,236.6678,236667.7999
1,266.7346,237.0906,237090.5999
1,266.7479,237.1039,237103.8999
1,266.8576,237.2136,237213.5999
1,267.0324,237.3884,237388.3999
1,267.6323,237.9883,237988.2999
1,267.6716,238.0276,238027.5999
1,268.0583,238.4143,238414.2999
1,268.1674,238.5234,238523.3999
1,268.2285,238.5845,238584.4999
1,268.6450,239.0010,239000.9999
1,269.2717,239.6277,239627.6999
1,269.7849,240.1409,240140.8999
1,269.8171,240.1731,240173.0999
1,270.1758,240.5318,240531.7999
1,270.2124,240.5684,240568.3999
1,270.8371,241.1931,241193.0999
1,270.8821,241.2381,241238.0999
1,270.9618,241.3178,241317.7999
1,270.9921,241.3481,241348.0999
1,271.2585,241.6145,241614.4999
1,272.0804,242.4364,242436.3999
1,272.3695,242.7255,242725.4999
1,272.7915,243.1475,243147.4999
1,273.1748,243.5308,243530.7999
1,273.4962,243.8522,243852.1999
1,273.6150,243.9710,243970.9999
1,273.9370,244.2930,244292.9999
1,274.2303,244.5863,244586.2999
1,274.6025,244.9585,244958.4999
1,274.6568,245.0128,245012.7999
1,274.6721,245.0281,245028.0999
1,274.6975,245.0535,245053.4999
1,274.9224,245.2784,245278.3999
1,275.0667,245.4227,245422.6999
1,275.1931,245.5491,245549.0999
1,275.5149,245.8709,245870.8999
1,275.5416,245.8976,245897.5999
1,275.7569,246.1129,246112.8999
1,275.9110,246.2670,246266.9999
1,275.9405,246.2965,246296.4999
1,276.2406,246.5966,246596.5999
1,276.2908,246.6468,246646.7999
1,276.5859,246.9419,246941.8999
1,276.6036,246.9596,246959.5999
1,276.6895,247.0455,247045.4999
1,276.7525,247.1085,247108.4999
1,277.0536,247.4096,247409.5999
1,277.4983,247.8543,247854.2999
1,277.5454,247.9014,247901.3999
1,277.6640,248.0200,248019.9999
1,278.1051,248.4611,248461.0999
1,278.6275,248.9835,248983.4999
1,278.8275,249.1835,249183.4999
1,279.2817,249.6377,249637.6999
1,279.2940,249.6500,249649.9999
1,279.3150,249.6710,249670.9999
1,279.3432,249.6992,249699.1999
1,279.4111,249.7671,249767.0999
1,279.4345,249.7905,249790.4999
1,279.7837,250.1397,250139.6999
1,279.7957,250.1517,250151.6999
1,279.8356,250.1916,250191.5999
1,279.8747,250.2307,250230.6999
1,279.8998,250.2558,250255.7999
1,279.9131,250.2691,250269.0999
1,280.1239,250.4799,250479.8999
1,280.3374,250.6934,250693.3999
1,280.3522,250.7082,250708.1999
1,280.4233,250.7793,250779.2999
1,280.5416,250.8976,250897.5999
1,280.7385,251.0945,251094.4999
1,280.7920,251.1480,251147.9999
1,281.1175,251.4735,251473.4999
1,281.3176,251.6736,251673.5999
1,281.4900,251.8460,251845.9999
1,281.5672,251.9232,251923.1999
1,281.8437,252.1997,252199.6999
1,281.8762,252.2322,252232.1999
1,282.1515,252.5075,252507.4999
1,282.4418,252.7978,252797.7999
1,282.7191,253.0751,253075.0999
1,282.7570,253.1130,253112.9999
1,283.3007,253.6567,253656.6999
1,283.3345,253.6905,253690.4999
1,283.3464,253.7024,253702.3999
1,283.5578,253.9138,253913.7999
1,283.6362,253.9922,253992.1999
1,283.6861,254.0421,254042.0999
1,283.8402,254.1962,254196.1999
1,283.8571,254.2131,254213.0999
1,284.6239,254.9799,254979.8999
1,284.6444,255.0004,255000.3999
1,285.1982,255.5542,255554.1999
1,285.2088,255.5648,255564.7999
1,285.3999,255.7559,255755.8999
1,285.4290,255.7850,255784.9999
1,285.9314,256.2874,256287.3999
1,286.2905,256.6465,256646.4999
1,286.3442,256.7002,256700.1999
1,286.5219,256.8779,256877.8999
1,286.5245,256.8805,256880.4999
1,286.6878,257.0438,257043.7999
1,286.8950,257.2510,257250.9999
1,286.9904,257.3464,257346.3999
1,287.0315,257.3875,257387.4999
1,287.2146,257.5706,257570.5999
1,287.2737,257.6297,257629.6999
1,287.3234,257.6794,257679.3999
1,287.3341,257.6901,257690.0999
1,287.6126,257.9686,257968.5999
1,287.6218,257.9778,257977.7999
1,287.6523,258.0083,258008.2999
1,287.6659,258.0219,258021.8999
1,287.7061,258.0621,258062.0999
1,287.8849,258.2409,258240.8999
1,288.0901,258.4461,258446.0999
1,288.2963,258.6523,258652.2999
1,288.3905,258.7465,258746.4999
1,288.5583,258.9143,258914.2999
1,288.7117,259.0677,259067.6999
1,288.8160,259.1720,259171.9999
1,288.9372,259.2932,259293.1999
1,289.1684,259.5244,259524.3999
1,289.3747,259.7307,259730.6999
1,289.4295,259.7855,259785.4999
1,289.5834,259.9394,259939.3999
1,289.5957,259.9517,259951.6999
1,289.6836,260.0396,260039.5999
1,289.8735,260.2295,260229.4999
1,290.0964,260.4524,260452.3999
1,290.5339,260.8899,260889.8999
1,290.6478,261.0038,261003.7999
1,290.6787,261.0347,261034.6999
1,290.7164,261.0724,261072.3999
1,290.8634,261.2194,261219.3999
1,290.8870,261.2430,261242.9999
1,290.9128,261.2688,261268.7999
1,290.9318,261.2878,261287.7999
1,290.9699,261.3259,261325.8999
1,291.0129,261.3689,261368.8999
1,291.0326,261.3886,261388.5999
1,291.1386,261.4946,261494.5999
1,291.1529,261.5089,261508.8999
1,291.3270,261.6830,261682.9999
1,291.5695,261.9255,261925.4999
1,292.0976,262.4536,262453.5999
1,292.5094,262.8654,262865.3999
1,292.6226,262.9786,262978.5999
1,292.7122,263.0682,263068.1999
1,292.7379,263.0939,263093.8999
1,292.7482,263.1042,263104.1999
1,292.9207,263.2767,263276.6999
1,293.5282,263.8842,263884.1999
1,293.5481,263.9041,263904.0999
1,293.6450,264.0010,264000.9999
1,293.6560,264.0120,264011.9999
1,293.7334,264.0894,264089.3999
1,293.7359,264.0919,264091.8999
1,294.2363,264.5923,264592.2999
1,294.3750,264.7310,264730.9999
1,295.4466,265.8026,265802.5999
1,295.4661,265.8221,265822.0999
1,295.5732,265.9292,265929.1999
1,295.6924,266.0484,266048.3999
1,295.7694,266.1254,266125.3999
1,295.8060,266.1620,266161.9999
1,295.8400,266.1960,266195.9999
1,295.8726,266.2286,266228.5999
1,295.9056,266.2616,266261.5999
1,296.1040,266.4600,266459.9999
1,296.1648,266.5208,266520.7999
1,296.2184,266.5744,266574.3999
1,296.5164,266.8724,266872.3999
1,296.5273,266.8833,266883.2999
1,296.6544,267.0104,267010.3999
1,296.8033,267.1593,267159.2999
1,296.8408,267.1968,267196.7999
1,296.9136,267.2696,267269.5999
1,296.9370,267.2930,267292.9999
1,297.0667,267.4227,267422.6999
1,297.2294,267.5854,267585.3999
1,297.2728,267.6288,267628.7999
1,297.3473,267.7033,267703.2999
1,297.5301,267.8861,267886.0999
1,297.5993,267.9553,267955.2999
1,297.6939,268.0499,268049.8999
1,297.7104,268.0664,268066.3999
1,297.8596,268.2156,268215.5999
1,297.9831,268.3391,268339.0999
1,298.2083,268.5643,268564.2999
1,298.5506,268.9066,268906.5999
1,298.8361,269.1921,269192.0999
1,299.3052,269.6612,269661.1999
1,299.8228,270.1788,270178.7999
1,300.2748,270.6308,270630.7999
1,300.3358,270.6918,270691.7999
1,300.3540,270.7100,270709.9999
1,300.4329,270.7889,270788.8999
1,300.6119,270.9679,270967.8999
1,300.8091,271.1651,271165.0999
1,301.0542,271.4102,271410.1999
1,301.2000,271.5560,271555.9999
1,301.2062,271.5622,271562.1999
1,301.2189,271.5749,271574.8999
1,301.4661,271.8221,271822.0999
1,301.4753,271.8313,271831.2999
1,301.6190,271.9750,271974.9999
1,301.8126,272.1686,272168.5999
1,302.6130,272.9690,272968.9999
1,302.7258,273.0818,273081.7999
1,302.7379,273.0939,273093.8999
1,303.0375,273.3935,273393.4999
1,303.1528,273.5088,273508.7999
1,303.4065,273.7625,273762.4999
1,303.9168,274.2728,274272.7999
1,303.9468,274.3028,274302.7999
1,304.2075,274.5635,274563.4999
1,304.4300,274.7860,274785.9999
1,304.5751,274.9311,274931.0999
1,304.5998,274.9558,274955.7999
1,304.6167,274.9727,274972.6999
1,304.6474,275.0034,275003.3999
1,304.6863,275.0423,275042.2999
1,304.8577,275.2137,275213.6999
1,305.0052,275.3612,275361.1999
1,305.0396,275.3956,275395.5999
1,305.0723,275.4283,275428.2999
1,305.1126,275.4686,275468.5999
1,305.5393,275.8953,275895.2999
1,305.8399,276.1959,276195.8999
1,305.8459,276.2019,276201.8999
1,305.8549,276.2109,276210.8999
1,305.8754,276.2314,276231.3999
1,305.9107,276.2667,276266.6999
1,305.9712,276.3272,276327.1999
1,306.0054,276.3614,276361.3999
1,306.0967,276.4527,276452.6999
1,306.1984,276.5544,276554.3999
1,306.2581,276.6141,276614.0999
1,306.6259,276.9819,276981.8999
1,306.6577,277.0137,277013.6999
1,307.2411,277.5971,277597.0999
1,307.4438,277.7998,277799.7999
1,307.4652,277.8212,277821.1999
1,307.4916,277.8476,277847.5999
1,307.5976,277.9536,277953.5999
1,307.7290,278.0850,278084.9999
1,307.8800,278.2360,278235.9999
1,307.9066,278.2626,278262.5999
1,307.9748,278.3308,278330.7999
1,308.4240,278.7800,278779.9999
1,308.5016,278.8576,278857.5999
1,308.7362,279.0922,279092.1999
1,308.9717,279.3277,279327.6999
1,309.0357,279.3917,279391.6999
1,309.3296,279.6856,279685.5999
1,309.6288,279.9848,279984.7999
1,310.1086,280.4646,280464.5999
1,310.2317,280.5877,280587.6999
1,310.3309,280.6869,280686.8999
1,310.5023,280.8583,280858.2999
1,311.0273,281.3833,281383.2999
1,311.5040,281.8600,281859.9999
1,311.5564,281.9124,281912.3999
1,311.6673,282.0233,282023.2999
1,311.7117,282.0677,282067.6999
1,311.7897,282.1457,282145.6999
1,311.7976,282.1536,282153.5999
1,311.9741,282.3301,282330.0999
1,312.0119,282.3679,282367.8999
1,312.0361,282.3921,282392.0999
1,312.1778,282.5338,282533.7999
1,312.6225,282.9785,282978.4999
1,312.6413,282.9973,282997.2999
1,312.9118,283.2678,283267.7999
1,312.9147,283.2707,283270.6999
1,312.9685,283.3245,283324.4999
1,313.0385,283.3945,283394.4999
1,313.4183,283.7743,283774.2999
1,313.6669,284.0229,284022.8999
1,313.6885,284.0445,284044.4999
1,313.8141,284.1701,284170.0999
1,313.9754,284.3314,284331.3999
1,314.0615,284.4175,284417.4999
1,314.1179,284.4739,284473.8999
1,314.2464,284.6024,284602.3999
1,314.3285,284.6845,284684.4999
1,314.5154,284.8714,284871.3999
1,315.4083,285.7643,285764.2999
1,315.6096,285.9656,285965.5999
1,315.6721,286.0281,286028.0999
1,315.6902,286.0462,286046.1999
1,315.8046,286.1606,286160.5999
1,316.1163,286.4723,286472.2999
1,316.1322,286.4882,286488.1999
1,316.1444,286.5004,286500.3999
1,316.2730,286.6290,286628.9999
1,316.4529,286.8089,286808.8999
1,316.9508,287.3068,287306.7999
1,317.0473,287.4033,287403.2999
1,317.0737,287.4297,287429.6999
1,317.8470,288.2030,288202.9999
1,318.3640,288.7200,288719.9999
1,318.4047,288.7607,288760.6999
1,318.6341,288.9901,288990.0999
1,318.8633,289.2193,289219.2999
1,318.9045,289.2605,289260.4999
1,319.3577,289.7137,289713.6999
1,319.4169,289.7729,289772.8999
1,319.5310,289.8870,289886.9999
1,320.0026,290.3586,290358.5999
1,320.2193,290.5753,290575.2999
1,320.2591,290.6151,290615.0999
1,320.3684,290.7244,290724.3999
1,320.5657,290.9217,290921.6999
1,320.7425,291.0985,291098.4999
1,320.8554,291.2114,291211.3999
1,320.8847,291.2407,291240.6999
1,320.9601,291.3161,291316.0999
1,320.9920,291.3480,291347.9999
1,321.1842,291.5402,291540.1999
1,321.3760,291.7320,291731.9999
1,321.4188,291.7748,291774.7999
1,321.5608,291.9168,291916.7999
1,321.6510,292.0070,292006.9999
1,321.7510,292.1070,292106.9999
1,321.8791,292.2351,292235.0999
1,321.9088,292.2648,292264.7999
1,321.9328,292.2888,292288.7999
1,322.1237,292.4797,292479.6999
1,322.4343,292.7903,292790.2999
1,322.4496,292.8056,292805.5999
1,322.5452,292.9012,292901.1999
1,322.6406,292.9966,292996.5999
1,322.6659,293.0219,293021.8999
1,322.7608,293.1168,293116.7999
1,322.7743,293.1303,293130.2999
1,323.2552,293.6112,293611.1999
1,323.7762,294.1322,294132.1999
1,323.8155,294.1715,294171.4999
1,323.8191,294.1751,294175.0999
1,323.9437,294.2997,294299.6999
1,323.9537,294.3097,294309.6999
1,324.0038,294.3598,294359.7999
1,324.0608,294.4168,294416.7999
1,324.0769,294.4329,294432.8999
1,324.1374,294.4934,294493.3999
1,324.1722,294.5282,294528.1999
1,324.3857,294.7417,294741.6999
1,324.5578,294.9138,294913.7999
1,324.7227,295.0787,295078.6999
1,325.1172,295.4732,295473.1999
1,325.1474,295.5034,295503.3999
1,325.3234,295.6794,295679.3999
1,325.6802,296.0362,296036.1999
1,325.7039,296.0599,296059.8999
1,326.1502,296.5062,296506.1999
1,326.2182,296.5742,296574.1999
1,326.2622,296.6182,296618.1999
1,326.3322,296.6882,296688.1999
1,326.3442,296.7002,296700.1999
1,326.5489,296.9049,296904.8999
1,326.5728,296.9288,296928.7999
1,326.8522,297.2082,297208.1999
1,326.9591,297.3151,297315.0999
1,327.2558,297.6118,297611.7999
1,327.4464,297.8024,297802.3999
1,327.5158,297.8718,297871.7999
1,327.5767,297.9327,297932.6999
1,327.6535,298.0095,298009.4999
1,328.0240,298.3800,298379.9999
1,328.5190,298.8750,298874.9999
1,328.8768,299.2328,299232.7999
1,329.0256,299.3816,299381.5999
1,329.1425,299.4985,299498.4999
1,329.2231,299.5791,299579.0999
1,329.5879,299.9439,299943.8999
1,329.8206,300.1766,300176.5999
1,330.4827,300.8387,300838.6999
1,330.5125,300.8685,300868.4999
1,330.7524,301.1084,301108.3999
1,331.4697,301.8257,301825.6999
1,331.9394,302.2954,302295.3999
1,332.2525,302.6085,302608.4999
1,332.6449,303.0009,303000.8999
1,332.7995,303.1555,303155.4999
1,332.8114,303.1674,303167.3999
1,332.9215,303.2775,303277.4999
1,333.1424,303.4984,303498.3999
1,333.4253,303.7813,303781.2999
1,333.4432,303.7992,303799.1999
1,333.6918,304.0478,304047.7999
1,334.4845,304.8405,304840.4999
1,334.6817,305.0377,305037.6999
1,334.6966,305.0526,305052.5999
1,334.7369,305.0929,305092.8999
1,334.8311,305.1871,305187.0999
1,335.1617,305.5177,305517.6999
1,335.4894,305.8454,305845.3999
1,336.0977,306.4537,306453.6999
1,336.4812,306.8372,306837.1999
1,337.2639,307.6199,307619.8999
1,337.3376,307.6936,307693.5999
1,337.5343,307.8903,307890.2999
1,337.8651,308.2211,308221.0999
1,338.7552,309.1112,309111.1999
1,338.7610,309.1170,309116.9999
1,339.0636,309.4196,309419.5999
1,339.6062,309.9622,309962.1999
1,339.7787,310.1347,310134.6999
1,339.8221,310.1781,310178.0999
1,339.8642,310.2202,310220.1999
1,339.9811,310.3371,310337.0999
1,340.0906,310.4466,310446.5999
1,340.3383,310.6943,310694.2999
1,340.3486,310.7046,310704.5999
1,340.3586,310.7146,310714.5999
1,340.3637,310.7197,310719.6999
1,340.3819,310.7379,310737.8999
1,340.4029,310.7589,310758.8999
1,340.6177,310.9737,310973.6999
1,340.6803,311.0363,311036.2999
1,340.7235,311.0795,311079.4999
1,340.7519,311.1079,311107.8999
1,340.8525,311.2085,311208.4999
1,340.9958,311.3518,311351.7999
1,341.4186,311.7746,311774.5999
1,341.4218,311.7778,311777.7999
1,341.6268,311.9828,311982.7999
1,341.6558,312.0118,312011.7999
1,341.6972,312.0532,312053.1999
1,341.7811,312.1371,312137.0999
1,341.9912,312.3472,312347.1999
1,342.4705,312.8265,312826.4999
1,342.5265,312.8825,312882.4999
1,342.5977,312.9537,312953.6999
1,342.7089,313.0649,313064.8999
1,342.7160,313.0720,313071.9999
1,342.8480,313.2040,313203.9999
1,343.1838,313.5398,313539.7999
1,343.7971,314.1531,314153.0999
1,343.8129,314.1689,314168.8999
1,344.1051,314.4611,314461.0999
1,344.3189,314.6749,314674.8999
1,344.4279,314.7839,314783.8999
1,344.4415,314.7975,314797.4999
1,344.4784,314.8344,314834.3999
1,344.7398,315.0958,315095.7999
1,344.7802,315.1362,315136.1999
1,344.9437,315.2997,315299.6999
1,344.9875,315.3435,315343.4999
1,345.1286,315.4846,315484.5999
1,345.1488,315.5048,315504.7999
1,345.7335,316.0895,316089.4999
1,345.7413,316.0973,316097.2999
1,345.8222,316.1782,316178.1999
1,345.8895,316.2455,316245.4999
1,346.3170,316.6730,316672.9999
1,347.3726,317.7286,317728.5999
1,347.4561,317.8121,317812.0999
1,347.4762,317.8322,317832.1999
1,348.0740,318.4300,318429.9999
1,348.1555,318.5115,318511.4999
1,348.7883,319.1443,319144.2999
1,349.0634,319.4194,319419.3999
1,349.1781,319.5341,319534.0999
1,349.2263,319.5823,319582.2999
1,349.2397,319.5957,319595.6999
1,349.4865,319.8425,319842.4999
1,349.7994,320.1554,320155.3999
1,350.0259,320.3819,320381.8999
1,350.6350,320.9910,320990.9999
1,350.9313,321.2873,321287.2999
1,350.9557,321.3117,321311.6999
1,351.0777,321.4337,321433.6999
1,351.1052,321.4612,321461.1999
1,351.4060,321.7620,321761.9999
1,351.5073,321.8633,321863.2999
1,351.7233,322.0793,322079.2999
1,352.3854,322.7414,322741.3999
1,352.6933,323.0493,323049.2999
1,352.7669,323.1229,323122.8999
1,352.9977,323.3537,323353.6999
1,353.2739,323.6299,323629.8999
1,353.6497,324.0057,324005.6999
1,353.9071,324.2631,324263.0999
1,354.3962,324.7522,324752.1999
1,354.4806,324.8366,324836.5999
1,354.7793,325.1353,325135.2999
1,354.8501,325.2061,325206.0999
1,355.1857,325.5417,325541.6999
1,355.2003,325.5563,325556.2999
1,355.2196,325.5756,325575.5999
1,355.3276,325.6836,325683.5999
1,355.5671,325.9231,325923.0999
1,355.6338,325.9898,325989.7999
1,355.7718,326.1278,326127.7999
1,356.1276,326.4836,326483.5999
1,356.1935,326.5495,326549.4999
1,356.4692,326.8252,326825.1999
1,356.9659,327.3219,327321.8999
1,356.9809,327.3369,327336.8999
1,357.0990,327.4550,327454.9999
1,357.1564,327.5124,327512.3999
1,357.2035,327.5595,327559.4999
1,357.3020,327.6580,327657.9999
1,357.4444,327.8004,327800.3999
1,357.6211,327.9771,327977.0999
1,357.6463,328.0023,328002.2999
1,357.6620,328.0180,328017.9999
1,358.0490,328.4050,328404.9999
1,358.1676,328.5236,328523.5999
1,358.2417,328.5977,328597.6999
1,358.6830,329.0390,329038.9999
1,358.7585,329.1145,329114.4999
1,358.9640,329.3200,329319.9999
1,359.5980,329.9540,329953.9999
1,360.9243,331.2803,331280.2999
1,360.9269,331.2829,331282.8999
1,360.9365,331.2925,331292.4999
1,361.1278,331.4838,331483.7999
1,361.6870,332.0430,332042.9999
1,361.8206,332.1766,332176.5999
1,362.3124,332.6684,332668.3999
1,362.5443,332.9003,332900.2999
1,362.5786,332.9346,332934.5999
1,362.5914,332.9474,332947.3999
1,362.6003,332.9563,332956.2999
1,362.6223,332.9783,332978.2999
1,362.7439,333.0999,333099.8999
1,362.8893,333.2453,333245.2999
1,362.9321,333.2881,333288.0999
1,363.1111,333.4671,333467.0999
1,363.2857,333.6417,333641.6999
1,363.2933,333.6493,333649.2999
1,363.8298,334.1858,334185.7999
1,363.8915,334.2475,334247.4999
1,364.1163,334.4723,334472.2999
1,364.1402,334.4962,334496.1999
1,364.3549,334.7109,334710.8999
1,364.4339,334.7899,334789.8999
1,364.4852,334.8412,334841.1999
1,364.7159,335.0719,335071.8999
1,364.9403,335.2963,335296.2999
1,364.9727,335.3287,335328.6999
1,364.9751,335.3311,335331.0999
1,365.0070,335.3630,335362.9999
1,365.0357,335.3917,335391.6999
1,365.1290,335.4850,335484.9999
1,365.2561,335.6121,335612.0999
1,365.3280,335.6840,335683.9999
1,365.3895,335.7455,335745.4999
1,365.5515,335.9075,335907.4999
1,365.5611,335.9171,335917.0999
1,365.6905,336.0465,336046.4999
1,365.8105,336.1665,336166.4999
1,365.8614,336.2174,336217.3999
1,366.1515,336.5075,336507.4999
1,366.2200,336.5760,336575.9999
1,366.2518,336.6078,336607.7999
1,366.3139,336.6699,336669.8999
1,366.7189,337.0749,337074.8999
1,366.7292,337.0852,337085.1999
1,366.8093,337.1653,337165.2999
1,366.8266,337.1826,337182.5999
1,366.9319,337.2879,337287.8999
1,366.9437,337.2997,337299.6999
1,366.9684,337.3244,337324.3999
1,366.9889,337.3449,337344.8999
1,367.1811,337.5371,337537.0999
1,367.2230,337.5790,337578.9999
1,367.2868,337.6428,337642.7999
1,367.3396,337.6956,337695.5999
1,367.3492,337.7052,337705.1999
1,367.7308,338.0868,338086.7999
1,367.7414,338.0974,338097.3999
1,368.6261,338.9821,338982.0999
1,368.7095,339.0655,339065.4999
1,368.9750,339.3310,339330.9999
1,369.4537,339.8097,339809.6999
1,369.4827,339.8387,339838.6999
1,369.6653,340.0213,340021.2999
1,369.8058,340.1618,340161.7999
1,370.3607,340.7167,340716.6999
1,370.4207,340.7767,340776.6999
1,370.4371,340.7931,340793.0999
1,370.4688,340.8248,340824.7999
1,370.4783,340.8343,340834.2999
1,370.4928,340.8488,340848.7999
1,370.5567,340.9127,340912.6999
1,370.5861,340.9421,340942.0999
1,370.5936,340.9496,340949.5999
1,371.0230,341.3790,341378.9999
1,371.3007,341.6567,341656.6999
1,371.4370,341.7930,341792.9999
1,371.4657,341.8217,341821.6999
1,371.4772,341.8332,341833.1999
1,371.7545,342.1105,342110.4999
1,371.9902,342.3462,342346.1999
1,372.2414,342.5974,342597.3999
1,372.5605,342.9165,342916.4999
1,372.8052,343.1612,343161.1999
1,372.8186,343.1746,343174.5999
1,373.2108,343.5668,343566.7999
1,373.3517,343.7077,343707.6999
1,373.3971,343.7531,343753.0999
1,373.4481,343.8041,343804.0999
1,374.3967,344.7527,344752.6999
1,374.8596,345.2156,345215.5999
1,375.2239,345.5799,345579.8999
1,375.9616,346.3176,346317.5999
1,376.0053,346.3613,346361.2999
1,376.2541,346.6101,346610.0999
1,376.6670,347.0230,347022.9999
1,376.7350,347.0910,347090.9999
1,376.9741,347.3301,347330.0999
1,377.0050,347.3610,347360.9999
1,377.0801,347.4361,347436.0999
1,377.2657,347.6217,347621.6999
1,377.5429,347.8989,347898.8999
1,377.5751,347.9311,347931.0999
1,377.8852,348.2412,348241.1999
1,377.9377,348.2937,348293.6999
1,378.0099,348.3659,348365.8999
1,378.1317,348.4877,348487.6999
1,378.1404,348.4964,348496.3999
1,378.1540,348.5100,348509.9999
1,378.1604,348.5164,348516.3999
1,378.1755,348.5315,348531.4999
1,378.8368,349.1928,349192.7999
1,378.9511,349.3071,349307.0999
1,379.0182,349.3742,349374.1999
1,379.0543,349.4103,349410.2999
1,379.5689,349.9249,349924.8999
1,379.7636,350.1196,350119.5999
1,379.7770,350.1330,350132.9999
1,379.7901,350.1461,350146.0999
1,379.8783,350.2343,350234.2999
1,379.9701,350.3261,350326.0999
1,379.9763,350.3323,350332.2999
1,380.2107,350.5667,350566.6999
1,380.2621,350.6181,350618.0999
1,380.9178,351.2738,351273.7999
1,380.9283,351.2843,351284.2999
1,381.0343,351.3903,351390.2999
1,381.9326,352.2886,352288.5999
1,381.9711,352.3271,352327.0999
1,382.0622,352.4182,352418.1999
1,382.1359,352.4919,352491.8999
1,382.1925,352.5485,352548.4999
1,382.2008,352.5568,352556.7999
1,382.2877,352.6437,352643.6999
1,382.6251,352.9811,352981.0999
1,382.6850,353.0410,353040.9999
1,382.7836,353.1396,353139.5999
1,382.8543,353.2103,353210.2999
1,382.8734,353.2294,353229.3999
1,382.9482,353.3042,353304.1999
1,382.9715,353.3275,353327.4999
1,382.9865,353.3425,353342.4999
1,383.1661,353.5221,353522.0999
1,383.2745,353.6305,353630.4999
1,383.2919,353.6479,353647.8999
1,383.4381,353.7941,353794.0999
1,383.6064,353.9624,353962.3999
1,383.7894,354.1454,354145.3999
1,383.8044,354.1604,354160.3999
1,384.1084,354.4644,354464.3999
1,384.2406,354.5966,354596.5999
1,384.4544,354.8104,354810.3999
1,385.1839,355.5399,355539.8999
1,385.6319,355.9879,355987.8999
1,385.9220,356.2780,356277.9999
1,386.1571,356.5131,356513.0999
1,386.2274,356.5834,356583.3999
1,386.3393,356.6953,356695.2999
1,386.3630,356.7190,356718.9999
1,386.7791,357.1351,357135.0999
1,386.8166,357.1726,357172.5999
1,386.9025,357.2585,357258.4999
1,387.0596,357.4156,357415.5999
1,387.1282,357.4842,357484.1999
1,387.2096,357.5656,357565.5999
1,387.2174,357.5734,357573.3999
1,387.3858,357.7418,357741.7999
1,387.6661,358.0221,358022.0999
1,387.8006,358.1566,358156.5999
1,387.9120,358.2680,358267.9999
1,387.9446,358.3006,358300.5999
1,388.0548,358.4108,358410.7999
1,388.1420,358.4980,358497.9999
1,388.2693,358.6253,358625.2999
1,388.8200,359.1760,359175.9999
1,388.8813,359.2373,359237.2999
1,389.0648,359.4208,359420.7999
1,389.1327,359.4887,359488.6999
1,389.1741,359.5301,359530.0999
1,389.3031,359.6591,359659.0999
1,389.3991,359.7551,359755.0999
1,389.4116,359.7676,359767.5999
1,389.4290,359.7850,359784.9999
1,389.4505,359.8065,359806.4999
1,389.4672,359.8232,359823.1999
1,389.5475,359.9035,359903.4999
1,389.6552,360.0112,360011.1999
1,389.7884,360.1444,360144.3999
1,390.4198,360.7758,360775.7999
1,390.7874,361.1434,361143.3999
1,391.0684,361.4244,361424.3999
1,391.2026,361.5586,361558.5999
1,391.3111,361.6671,361667.0999
1,391.3562,361.7122,361712.1999
1,391.4428,361.7988,361798.7999
1,391.5146,361.8706,361870.5999
1,392.2933,362.6493,362649.2999
1,392.3423,362.6983,362698.2999
1,392.3885,362.7445,362744.4999
1,392.5579,362.9139,362913.8999
1,392.8587,363.2147,363214.6999
1,393.1106,363.4666,363466.5999
1,393.1309,363.4869,363486.8999
1,393.2469,363.6029,363602.8999
1,393.6591,364.0151,364015.0999
1,394.0042,364.3602,364360.1999
1,394.2224,364.5784,364578.3999
1,394.7440,365.1000,365099.9999
1,395.0018,365.3578,365357.7999
1,395.2153,365.5713,365571.2999
1,395.8276,366.1836,366183.5999
1,396.3525,366.7085,366708.4999
1,396.3697,366.7257,366725.6999
1,397.1772,367.5332,367533.1999
1,397.2733,367.6293,367629.2999
1,397.2873,367.6433,367643.2999
1,397.4991,367.8551,367855.0999
1,397.5623,367.9183,367918.2999
1,397.7962,368.1522,368152.1999
1,397.8416,368.1976,368197.5999
1,397.8922,368.2482,368248.1999
1,398.4649,368.8209,368820.8999
1,398.5090,368.8650,368864.9999
1,398.8606,369.2166,369216.5999
1,399.0232,369.3792,369379.1999
1,399.0734,369.4294,369429.3999
1,399.1347,369.4907,369490.6999
1,399.2581,369.6141,369614.0999
1,399.2672,369.6232,369623.1999
1,399.3827,369.7387,369738.6999
1,399.9943,370.3503,370350.2999
1,400.4203,370.7763,370776.2999
1,400.4372,370.7932,370793.1999
1,400.5737,370.9297,370929.6999
1,400.6199,370.9759,370975.8999
1,400.9721,371.3281,371328.0999
1,401.0358,371.3918,371391.7999
1,401.2564,371.6124,371612.3999
1,401.2789,371.6349,371634.8999
1,401.4548,371.8108,371810.7999
1,401.5752,371.9312,371931.1999
1,401.9531,372.3091,372309.0999
1,402.0692,372.4252,372425.1999
1,402.0809,372.4369,372436.8999
1,402.1613,372.5173,372517.2999
1,402.2059,372.5619,372561.8999
1,402.2639,372.6199,372619.8999
1,402.3437,372.6997,372699.6999
1,402.4985,372.8545,372854.4999
1,402.5438,372.8998,372899.7999
1,402.5862,372.9422,372942.1999
1,402.6672,373.0232,373023.1999
1,402.7304,373.0864,373086.3999
1,402.8473,373.2033,373203.2999
1,402.8789,373.2349,373234.8999
1,403.0352,373.3912,373391.1999
1,403.0801,373.4361,373436.0999
1,403.3828,373.7388,373738.7999
1,403.4037,373.7597,373759.6999
1,403.8301,374.1861,374186.0999
1,403.8730,374.2290,374228.9999
1,403.9268,374.2828,374282.7999
1,403.9311,374.2871,374287.0999
1,403.9969,374.3529,374352.8999
1,404.0295,374.3855,374385.4999
1,404.0778,374.4338,374433.7999
1,404.1336,374.4896,374489.5999
1,404.2838,374.6398,374639.7999
1,404.2935,374.6495,374649.4999
1,404.3024,374.6584,374658.3999
1,404.4611,374.8171,374817.0999
1,404.5286,374.8846,374884.5999
1,405.1088,375.4648,375464.7999
1,405.2244,375.5804,375580.3999
1,405.2467,375.6027,375602.6999
1,405.2746,375.6306,375630.5999
1,405.3895,375.7455,375745.4999
1,405.8062,376.1622,376162.1999
1,405.9443,376.3003,376300.2999
1,405.9817,376.3377,376337.6999
1,405.9981,376.3541,376354.0999
1,406.0024,376.3584,376358.3999
1,406.0106,376.3666,376366.5999
1,406.0200,376.3760,376375.9999
1,406.0406,376.3966,376396.5999
1,406.0586,376.4146,376414.5999
1,406.0900,376.4460,376445.9999
1,406.1021,376.4581,376458.0999
1,406.1216,376.4776,376477.5999
1,406.1309,376.4869,376486.8999
1,406.1447,376.5007,376500.6999
1,406.1479,376.5039,376503.8999
1,406.1703,376.5263,376526.2999
1,406.1758,376.5318,376531.7999
1,406.2472,376.6032,376603.1999
1,406.2751,376.6311,376631.0999
1,406.3531,376.7091,376709.0999
1,406.3556,376.7116,376711.5999
1,406.3589,376.7149,376714.8999
1,406.3925,376.7485,376748.4999
1,406.4162,376.7722,376772.1999
1,406.4248,376.7808,376780.7999
1,406.4757,376.8317,376831.6999
1,406.4878,376.8438,376843.7999
1,406.4916,376.8476,376847.5999
1,406.5104,376.8664,376866.3999
1,406.5388,376.8948,376894.7999
1,406.5433,376.8993,376899.2999
1,406.5573,376.9133,376913.2999
1,406.6200,376.9760,376975.9999
1,406.7079,377.0639,377063.8999
1,406.7412,377.0972,377097.1999
1,406.8093,377.1653,377165.2999
1,407.0830,377.4390,377438.9999
1,407.1423,377.4983,377498.2999
1,407.2572,377.6132,377613.1999
1,407.2882,377.6442,377644.1999
1,407.3401,377.6961,377696.0999
1,407.3424,377.6984,377698.3999
1,407.3632,377.7192,377719.1999
1,407.4109,377.7669,377766.8999
1,407.5157,377.8717,377871.6999
1,407.5289,377.8849,377884.8999
1,407.7063,378.0623,378062.2999
1,407.7606,378.1166,378116.5999
1,407.7739,378.1299,378129.8999
1,407.7900,378.1460,378145.9999
1,407.7959,378.1519,378151.8999
1,408.0143,378.3703,378370.2999
1,408.1119,378.4679,378467.8999
1,408.1255,378.4815,378481.4999
1,408.2462,378.6022,378602.1999
1,408.5128,378.8688,378868.7999
1,408.6751,379.0311,379031.0999
1,408.7468,379.1028,379102.7999
1,408.7767,379.1327,379132.6999
1,408.7988,379.1548,379154.7999
1,409.0505,379.4065,379406.4999
1,409.2235,379.5795,379579.4999
1,409.5423,379.8983,379898.2999
1,409.6628,380.0188,380018.7999
1,409.8524,380.2084,380208.3999
1,409.9837,380.3397,380339.6999
1,410.0904,380.4464,380446.3999
1,410.1420,380.4980,380497.9999
1,410.1815,380.5375,380537.4999
1,410.4140,380.7700,380769.9999
1,410.5241,380.8801,380880.0999
1,410.7590,381.1150,381114.9999
1,410.7709,381.1269,381126.8999
1,410.7946,381.1506,381150.5999
1,411.0529,381.4089,381408.8999
1,411.2631,381.6191,381619.0999
1,411.2714,381.6274,381627.3999
1,411.3681,381.7241,381724.0999
1,411.4012,381.7572,381757.1999
1,411.4143,381.7703,381770.2999
1,411.4254,381.7814,381781.3999
1,411.4522,381.8082,381808.1999
1,412.0218,382.3778,382377.7999
1,412.1350,382.4910,382490.9999
1,412.1387,382.4947,382494.6999
1,412.3629,382.7189,382718.8999
1,412.4386,382.7946,382794.5999
1,412.7927,383.1487,383148.6999
1,413.0571,383.4131,383413.0999
1,413.2978,383.6538,383653.7999
1,413.3606,383.7166,383716.5999
1,413.3637,383.7197,383719.6999
1,413.4003,383.7563,383756.2999
1,413.4481,383.8041,383804.0999
1,413.6182,383.9742,383974.1999
1,413.7449,384.1009,384100.8999
1,413.7568,384.1128,384112.7999
1,413.8609,384.2169,384216.8999
1,414.2157,384.5717,384571.6999
1,414.5149,384.8709,384870.8999
1,414.7249,385.0809,385080.8999
1,414.7979,385.1539,385153.8999
1,414.8086,385.1646,385164.5999
1,414.9327,385.2887,385288.6999
1,415.0672,385.4232,385423.1999
1,415.7346,386.0906,386090.5999
1,416.0333,386.3893,386389.2999
1,416.1113,386.4673,386467.2999
1,416.1698,386.5258,386525.7999
1,416.4083,386.7643,386764.2999
1,416.7087,387.0647,387064.6999
1,416.7145,387.0705,387070.4999
1,416.8468,387.2028,387202.7999
1,417.7474,388.1034,388103.3999
1,418.0891,388.4451,388445.0999
1,418.2978,388.6538,388653.7999
1,418.3241,388.6801,388680.0999
1,418.3394,388.6954,388695.3999
1,418.3918,388.7478,388747.7999
1,418.3984,388.7544,388754.3999
1,418.4259,388.7819,388781.8999
1,418.5081,388.8641,388864.0999
1,418.6020,388.9580,388957.9999
1,418.7636,389.1196,389119.5999
1,418.8071,389.1631,389163.0999
1,418.8418,389.1978,389197.7999
1,418.8515,389.2075,389207.4999
1,418.8943,389.2503,389250.2999
1,418.9866,389.3426,389342.5999
1,418.9889,389.3449,389344.8999
1,419.0665,389.4225,389422.4999
1,419.0920,389.4480,389447.9999
1,419.5054,389.8614,389861.3999
1,419.6039,389.9599,389959.8999
1,419.6646,390.0206,390020.5999
1,419.6815,390.0375,390037.4999
1,419.7397,390.0957,390095.6999
1,419.9212,390.2772,390277.1999
1,419.9397,390.2957,390295.6999
1,420.3509,390.7069,390706.8999
1,420.4126,390.7686,390768.5999
1,420.8507,391.2067,391206.6999
1,420.9480,391.3040,391303.9999
1,420.9907,391.3467,391346.6999
1,421.0677,391.4237,391423.6999
1,421.1456,391.5016,391501.5999
1,421.6696,392.0256,392025.5999
1,421.7734,392.1294,392129.3999
1,421.7769,392.1329,392132.8999
1,421.8231,392.1791,392179.0999
1,421.8851,392.2411,392241.0999
1,422.2509,392.6069,392606.8999
1,422.3508,392.7068,392706.7999
1,422.5293,392.8853,392885.2999
1,422.6211,392.9771,392977.0999
1,422.6360,392.9920,392991.9999
1,422.6559,393.0119,393011.8999
1,423.0215,393.3775,393377.4999
1,423.4986,393.8546,393854.5999
1,423.7549,394.1109,394110.8999
1,424.4066,394.7626,394762.5999
1,424.4111,394.7671,394767.0999
1,424.4285,394.7845,394784.4999
1,424.4430,394.7990,394798.9999
1,424.4620,394.8180,394817.9999
1,424.4910,394.8470,394846.9999
1,424.5155,394.8715,394871.4999
1,424.6872,395.0432,395043.1999
1,424.6931,395.0491,395049.0999
1,424.8415,395.1975,395197.4999
1,424.8597,395.2157,395215.6999
1,424.8660,395.2220,395221.9999
1,424.8978,395.2538,395253.7999
1,424.9321,395.2881,395288.0999
1,425.3287,395.6847,395684.6999
1,425.4143,395.7703,395770.2999
1,425.9115,396.2675,396267.4999
1,426.0078,396.3638,396363.7999
1,426.1228,396.4788,396478.7999
1,426.3043,396.6603,396660.2999
1,426.4281,396.7841,396784.0999
1,426.6225,396.9785,396978.4999
1,426.7670,397.1230,397122.9999
1,426.9653,397.3213,397321.2999
1,427.1184,397.4744,397474.3999
1,427.1383,397.4943,397494.2999
1,427.1875,397.5435,397543.4999
1,427.2687,397.6247,397624.6999
1,427.3789,397.7349,397734.8999
1,427.4350,397.7910,397790.9999
1,427.4928,397.8488,397848.7999
1,427.5079,397.8639,397863.8999
1,427.8939,398.2499,398249.8999
1,428.2730,398.6290,398628.9999
1,428.3201,398.6761,398676.0999
1,429.8974,400.2534,400253.3999
1,429.9810,400.3370,400336.9999
1,430.2800,400.6360,400635.9999
1,430.3776,400.7336,400733.5999
1,431.3052,401.6612,401661.1999
1,431.5255,401.8815,401881.4999
1,431.8745,402.2305,402230.4999
1,432.0187,402.3747,402374.6999
1,432.2265,402.5825,402582.4999
1,432.8718,403.2278,403227.7999
1,432.8812,403.2372,403237.1999
1,432.9932,403.3492,403349.1999
1,433.0913,403.4473,403447.2999
1,433.7949,404.1509,404150.8999
1,434.1897,404.5457,404545.6999
1,434.3522,404.7082,404708.1999
1,434.6294,404.9854,404985.3999
1,434.7381,405.0941,405094.0999
1,434.9137,405.2697,405269.6999
1,436.0068,406.3628,406362.7999
1,436.1961,406.5521,406552.0999
1,436.3001,406.6561,406656.0999
1,436.3168,406.6728,406672.7999
1,436.3329,406.6889,406688.8999
1,436.8369,407.1929,407192.8999
1,436.8495,407.2055,407205.4999
1,437.2236,407.5796,407579.5999
1,437.4411,407.7971,407797.0999
1,437.5284,407.8844,407884.3999
1,437.9458,408.3018,408301.7999
1,437.9895,408.3455,408345.4999
1,438.3073,408.6633,408663.2999
1,438.3293,408.6853,408685.2999
1,438.3539,408.7099,408709.8999
1,438.6131,408.9691,408969.0999
1,438.8180,409.1740,409173.9999
1,438.8354,409.1914,409191.3999
1,438.8435,409.1995,409199.4999
1,438.8575,409.2135,409213.4999
1,439.3317,409.6877,409687.6999
1,439.3515,409.7075,409707.4999
1,439.5052,409.8612,409861.1999
1,440.5631,410.9191,410919.0999
1,440.5720,410.9280,410927.9999
1,440.8234,411.1794,411179.3999
1,441.0584,411.4144,411414.3999
1,441.0825,411.4385,411438.4999
1,441.1093,411.4653,411465.2999
1,442.1579,412.5139,412513.8999
1,442.3699,412.7259,412725.8999
1,442.4790,412.8350,412834.9999
1,443.2990,413.6550,413654.9999
1,443.9565,414.3125,414312.4999
1,443.9921,414.3481,414348.0999
1,444.6812,415.0372,415037.1999
1,444.8432,415.1992,415199.1999
1,445.0402,415.3962,415396.1999
1,445.3936,415.7496,415749.5999
1,445.5010,415.8570,415856.9999
1,445.7016,416.0576,416057.5999
1,445.8020,416.1580,416157.9999
1,445.8286,416.1846,416184.5999
1,445.9739,416.3299,416329.8999
1,445.9975,416.3535,416353.4999
1,446.0845,416.4405,416440.4999
1,446.2550,416.6110,416610.9999
1,446.7555,417.1115,417111.4999
1,450.2132,420.5692,420569.1999
1,450.5239,420.8799,420879.8999
1,450.9227,421.2787,421278.6999
1,451.2461,421.6021,421602.0999
1,452.2781,422.6341,422634.0999
1,452.7968,423.1528,423152.7999
1,453.6238,423.9798,423979.7999
1,453.6388,423.9948,423994.7999
1,453.6688,424.0248,424024.7999
1,453.7466,424.1026,424102.5999
1,453.8055,424.1615,424161.4999
1,453.8186,424.1746,424174.5999
1,453.8670,424.2230,424222.9999
1,454.0257,424.3817,424381.6999
1,454.0597,424.4157,424415.6999
1,454.3787,424.7347,424734.6999
1,455.0363,425.3923,425392.2999
1,455.1111,425.4671,425467.0999
1,455.1698,425.5258,425525.7999
1,455.4532,425.8092,425809.1999
1,455.7876,426.1436,426143.5999
1,456.0769,426.4329,426432.8999
1,456.1450,426.5010,426500.9999
1,456.3031,426.6591,426659.0999
1,456.3466,426.7026,426702.5999
1,456.3572,426.7132,426713.1999
1,456.3791,426.7351,426735.0999
1,456.6634,427.0194,427019.3999
1,456.7416,427.0976,427097.5999
1,456.7443,427.1003,427100.2999
1,457.2180,427.5740,427573.9999
1,457.2280,427.5840,427583.9999
1,457.6354,427.9914,427991.3999
1,457.6534,428.0094,428009.3999
1,458.1410,428.4970,428496.9999
1,458.1597,428.5157,428515.6999
1,458.4083,428.7643,428764.2999
1,458.4512,428.8072,428807.1999
1,458.4742,428.8302,428830.1999
1,458.5005,428.8565,428856.4999
1,458.6418,428.9978,428997.7999
1,458.6656,429.0216,429021.5999
1,458.6794,429.0354,429035.3999
1,458.9847,429.3407,429340.6999
1,459.0366,429.3926,429392.5999
1,459.1009,429.4569,429456.8999
1,459.1792,429.5352,429535.1999
1,459.1930,429.5490,429548.9999
1,459.2018,429.5578,429557.7999
1,459.4883,429.8443,429844.2999
1,459.5418,429.8978,429897.7999
1,459.6862,430.0422,430042.1999
1,459.6957,430.0517,430051.6999
1,459.9428,430.2988,430298.7999
1,460.6180,430.9740,430973.9999
1,460.7240,431.0800,431079.9999
1,460.7416,431.0976,431097.5999
1,460.7868,431.1428,431142.7999
1,461.0532,431.4092,431409.1999
1,461.0855,431.4415,431441.4999
1,461.6007,431.9567,431956.6999
1,461.6105,431.9665,431966.4999
1,461.6603,432.0163,432016.2999
1,462.1311,432.4871,432487.0999
1,462.5641,432.9201,432920.0999
1,462.7783,433.1343,433134.2999
1,462.8853,433.2413,433241.2999
1,462.9757,433.3317,433331.6999
1,462.9828,433.3388,433338.7999
1,463.0473,433.4033,433403.2999
1,463.6013,433.9573,433957.2999
1,463.7306,434.0866,434086.5999
1,464.1162,434.4722,434472.1999
1,464.1279,434.4839,434483.8999
1,464.3000,434.6560,434655.9999
1,464.3102,434.6662,434666.1999
1,465.0739,435.4299,435429.8999
1,465.2108,435.5668,435566.7999
1,465.4258,435.7818,435781.7999
1,465.4595,435.8155,435815.4999
1,465.5426,435.8986,435898.5999
1,465.6096,435.9656,435965.5999
1,465.8214,436.1774,436177.3999
1,466.1265,436.4825,436482.4999
1,466.4526,436.8086,436808.5999
1,466.6777,437.0337,437033.6999
1,467.0072,437.3632,437363.1999
1,467.0287,437.3847,437384.6999
1,467.0456,437.4016,437401.5999
1,467.0890,437.4450,437444.9999
1,467.6307,437.9867,437986.6999
1,467.6659,438.0219,438021.8999
1,467.6982,438.0542,438054.1999
1,467.7116,438.0676,438067.5999
1,468.1570,438.5130,438512.9999
1,469.2168,439.5728,439572.7999
1,469.4478,439.8038,439803.7999
1,469.7274,440.0834,440083.3999
1,469.7539,440.1099,440109.8999
1,469.8035,440.1595,440159.4999
1,469.8132,440.1692,440169.1999
1,470.5980,440.9540,440953.9999
1,470.9695,441.3255,441325.4999
1,471.5075,441.8635,441863.4999
1,471.6898,442.0458,442045.7999
1,472.2232,442.5792,442579.1999
1,472.6180,442.9740,442973.9999
1,472.9082,443.2642,443264.1999
1,472.9610,443.3170,443316.9999
1,473.0618,443.4178,443417.7999
1,473.4731,443.8291,443829.0999
1,473.6920,444.0480,444047.9999
1,474.9410,445.2970,445296.9999
1,474.9756,445.3316,445331.5999
1,475.0535,445.4095,445409.4999
1,475.0849,445.4409,445440.8999
1,475.0924,445.4484,445448.3999
1,475.8894,446.2454,446245.3999
1,476.3748,446.7308,446730.7999
1,476.5477,446.9037,446903.6999
1,476.7065,447.0625,447062.4999
1,476.8672,447.2232,447223.1999
1,476.9328,447.2888,447288.7999
1,476.9430,447.2990,447298.9999
1,477.0054,447.3614,447361.3999
1,477.0139,447.3699,447369.8999
1,477.3142,447.6702,447670.1999
1,477.3373,447.6933,447693.2999
1,477.3587,447.7147,447714.6999
1,477.4140,447.7700,447769.9999
1,477.9230,448.2790,448278.9999
1,477.9352,448.2912,448291.1999
1,477.9506,448.3066,448306.5999
1,477.9736,448.3296,448329.5999
1,478.2643,448.6203,448620.2999
1,478.4081,448.7641,448764.0999
1,478.4658,448.8218,448821.7999
1,479.1388,449.4948,449494.7999
1,479.3545,449.7105,449710.4999
1,479.7139,450.0699,450069.8999
1,480.1769,450.5329,450532.8999
1,480.2440,450.6000,450599.9999
1,480.2663,450.6223,450622.2999
1,480.2785,450.6345,450634.4999
1,480.5985,450.9545,450954.4999
1,480.9137,451.2697,451269.6999
1,481.3644,451.7204,451720.3999
1,481.3877,451.7437,451743.6999
1,481.4086,451.7646,451764.5999
1,482.2604,452.6164,452616.3999
1,482.3482,452.7042,452704.1999
1,482.4060,452.7620,452761.9999
1,482.7540,453.1100,453109.9999
1,482.8075,453.1635,453163.4999
1,482.9239,453.2799,453279.8999
1,483.0707,453.4267,453426.6999
1,483.1357,453.4917,453491.6999
1,483.2819,453.6379,453637.8999
1,483.4245,453.7805,453780.4999
1,484.1480,454.5040,454503.9999
1,484.4771,454.8331,454833.0999
1,485.4494,455.8054,455805.3999
1,485.5120,455.8680,455867.9999
1,485.5934,455.9494,455949.3999
1,485.6681,456.0241,456024.0999
1,485.6887,456.0447,456044.6999
1,486.1438,456.4998,456499.7999
1,486.2886,456.6446,456644.5999
1,486.4479,456.8039,456803.8999
1,486.4561,456.8121,456812.0999
1,486.7992,457.1552,457155.1999
1,487.4058,457.7618,457761.7999
1,487.8804,458.2364,458236.3999
1,488.9021,459.2581,459258.0999
1,488.9134,459.2694,459269.3999
1,489.1646,459.5206,459520.5999
1,489.1736,459.5296,459529.5999
1,489.3521,459.7081,459708.0999
1,489.8591,460.2151,460215.0999
1,489.9641,460.3201,460320.0999
1,489.9766,460.3326,460332.5999
1,490.0031,460.3591,460359.0999
1,490.0148,460.3708,460370.7999
1,490.0514,460.4074,460407.3999
1,490.0706,460.4266,460426.5999
1,490.0761,460.4321,460432.0999
1,490.1866,460.5426,460542.5999
1,490.2829,460.6389,460638.8999
1,490.3874,460.7434,460743.3999
1,490.4508,460.8068,460806.7999
1,490.5668,460.9228,460922.7999
1,490.6055,460.9615,460961.4999
1,490.9491,461.3051,461305.0999
1,491.0289,461.3849,461384.8999
1,491.3554,461.7114,461711.3999
1,491.8955,462.2515,462251.4999
1,492.0440,462.4000,462399.9999
1,492.0488,462.4048,462404.7999
1,492.1797,462.5357,462535.6999
1,492.3563,462.7123,462712.2999
1,492.8966,463.2526,463252.5999
1,492.9166,463.2726,463272.5999
1,493.1776,463.5336,463533.5999
1,493.1810,463.5370,463536.9999
1,493.7669,464.1229,464122.8999
1,493.7885,464.1445,464144.4999
1,493.8128,464.1688,464168.7999
1,493.9279,464.2839,464283.8999
1,494.0175,464.3735,464373.4999
1,494.0572,464.4132,464413.1999
1,494.4818,464.8378,464837.7999
1,494.5040,464.8600,464859.9999
1,494.5578,464.9138,464913.7999
1,494.8435,465.1995,465199.4999
1,494.9824,465.3384,465338.3999
1,495.6011,465.9571,465957.0999
1,496.0193,466.3753,466375.2999
1,496.1734,466.5294,466529.3999
1,496.3590,466.7150,466714.9999
1,496.4739,466.8299,466829.8999
1,496.4817,466.8377,466837.6999
1,496.4994,466.8554,466855.3999
1,496.5237,466.8797,466879.6999
1,496.5871,466.9431,466943.0999
1,496.5902,466.9462,466946.1999
1,496.9772,467.3332,467333.1999
1,497.2494,467.6054,467605.3999
1,497.2555,467.6115,467611.4999
1,497.6230,467.9790,467978.9999
1,498.8746,469.2306,469230.5999
1,499.4611,469.8171,469817.0999
1,499.5662,469.9222,469922.1999
1,499.8007,470.1567,470156.6999
1,499.8411,470.1971,470197.0999
1,499.8780,470.2340,470233.9999
1,499.8851,470.2411,470241.0999
1,499.9175,470.2735,470273.4999
1,500.1611,470.5171,470517.0999
1,500.2156,470.5716,470571.5999
1,500.4071,470.7631,470763.0999
1,501.1461,471.5021,471502.0999
1,501.1623,471.5183,471518.2999
1,501.7914,472.1474,472147.3999
1,501.7951,472.1511,472151.0999
1,501.8880,472.2440,472243.9999
1,502.3863,472.7423,472742.2999
1,502.5590,472.9150,472914.9999
1,502.7185,473.0745,473074.4999
1,502.8042,473.1602,473160.1999
1,502.9654,473.3214,473321.3999
1,502.9991,473.3551,473355.0999
1,503.2509,473.6069,473606.8999
1,503.2622,473.6182,473618.1999
1,503.4851,473.8411,473841.0999
1,503.9570,474.3130,474312.9999
1,504.2740,474.6300,474629.9999
1,504.2837,474.6397,474639.6999
1,504.4750,474.8310,474830.9999
1,504.5536,474.9096,474909.5999
1,504.7162,475.0722,475072.1999
1,504.8109,475.1669,475166.8999
1,504.8799,475.2359,475235.8999
1,505.6787,476.0347,476034.6999
1,505.6897,476.0457,476045.6999
1,506.2230,476.5790,476578.9999
1,506.7040,477.0600,477059.9999
1,506.7213,477.0773,477077.2999
1,506.7296,477.0856,477085.5999
1,506.7534,477.1094,477109.3999
1,507.5779,477.9339,477933.8999
1,507.6938,478.0498,478049.7999
1,508.1042,478.4602,478460.1999
1,508.4325,478.7885,478788.4999
1,508.4743,478.8303,478830.2999
1,508.4957,478.8517,478851.6999
1,508.8603,479.2163,479216.2999
1,510.5653,480.9213,480921.2999
1,511.2425,481.5985,481598.4999
1,511.5988,481.9548,481954.7999
1,511.7091,482.0651,482065.0999
1,511.8811,482.2371,482237.0999
1,512.4507,482.8067,482806.6999
1,513.1345,483.4905,483490.4999
1,513.4236,483.7796,483779.5999
1,513.5578,483.9138,483913.7999
1,513.6412,483.9972,483997.1999
1,513.6466,484.0026,484002.5999
1,513.6877,484.0437,484043.6999
1,513.7287,484.0847,484084.6999
1,513.8063,484.1623,484162.2999
1,514.6812,485.0372,485037.1999
1,514.7766,485.1326,485132.5999
1,516.3046,486.6606,486660.5999
1,516.3281,486.6841,486684.0999
1,516.5296,486.8856,486885.5999
1,516.5911,486.9471,486947.0999
1,516.5976,486.9536,486953.5999
1,516.7074,487.0634,487063.3999
1,516.8104,487.1664,487166.3999
1,516.8669,487.2229,487222.8999
1,516.8734,487.2294,487229.3999
1,517.2495,487.6055,487605.4999
1,517.4443,487.8003,487800.2999
1,517.7585,488.1145,488114.4999
1,518.0467,488.4027,488402.6999
1,518.5681,488.9241,488924.0999
1,518.8938,489.2498,489249.7999
1,518.9414,489.2974,489297.3999
1,519.2331,489.5891,489589.0999
1,519.4410,489.7970,489796.9999
1,519.7248,490.0808,490080.7999
1,519.9933,490.3493,490349.2999
1,520.2043,490.5603,490560.2999
1,520.3948,490.7508,490750.7999
1,520.4100,490.7660,490765.9999
1,520.5139,490.8699,490869.8999
1,520.6380,490.9940,490993.9999
1,520.9564,491.3124,491312.3999
1,520.9645,491.3205,491320.4999
1,521.0244,491.3804,491380.3999
1,521.1049,491.4609,491460.8999
1,521.3793,491.7353,491735.2999
1,521.6708,492.0268,492026.7999
1,521.9070,492.2630,492262.9999
1,522.2038,492.5598,492559.7999
1,522.2059,492.5619,492561.8999
1,522.2560,492.6120,492611.9999
1,522.5835,492.9395,492939.4999
1,522.6322,492.9882,492988.1999
1,522.7782,493.1342,493134.1999
1,522.8882,493.2442,493244.1999
1,523.1135,493.4695,493469.4999
1,523.2214,493.5774,493577.3999
1,523.2374,493.5934,493593.3999
1,523.4302,493.7862,493786.1999
1,523.4418,493.7978,493797.7999
1,523.4619,493.8179,493817.8999
1,523.9427,494.2987,494298.6999
1,524.1339,494.4899,494489.8999
1,524.3786,494.7346,494734.5999
1,524.5411,494.8971,494897.0999
1,524.6183,494.9743,494974.2999
1,525.0168,495.3728,495372.7999
1,525.2784,495.6344,495634.3999
1,525.4532,495.8092,495809.1999
1,525.8284,496.1844,496184.3999
1,525.8581,496.2141,496214.0999
1,525.9650,496.3210,496320.9999
1,526.1740,496.5300,496529.9999
1,526.3099,496.6659,496665.8999
1,526.3840,496.7400,496739.9999
1,526.4394,496.7954,496795.3999
1,526.6228,496.9788,496978.7999
1,526.7296,497.0856,497085.5999
1,526.9163,497.2723,497272.2999
1,526.9545,497.3105,497310.4999
1,527.2220,497.5780,497577.9999
1,527.2334,497.5894,497589.3999
1,528.0185,498.3745,498374.4999
1,528.1262,498.4822,498482.1999
1,528.1294,498.4854,498485.3999
1,528.1960,498.5520,498551.9999
1,528.2005,498.5565,498556.4999
1,528.3486,498.7046,498704.5999
1,528.6248,498.9808,498980.7999
1,528.6980,499.0540,499053.9999
1,529.0244,499.3804,499380.3999
1,529.0347,499.3907,499390.6999
1,529.6845,500.0405,500040.4999
1,529.8322,500.1882,500188.1999
1,530.1475,500.5035,500503.4999
1,530.1599,500.5159,500515.8999
1,530.4897,500.8457,500845.6999
1,530.6945,501.0505,501050.4999
1,530.7450,501.1010,501100.9999
1,530.7638,501.1198,501119.7999
1,531.1138,501.4698,501469.7999
1,531.2200,501.5760,501575.9999
1,531.6452,502.0012,502001.1999
1,531.6800,502.0360,502035.9999
1,531.8656,502.2216,502221.5999
1,531.8783,502.2343,502234.2999
1,532.2571,502.6131,502613.0999
1,532.2728,502.6288,502628.7999
1,532.2813,502.6373,502637.2999
1,532.2907,502.6467,502646.6999
1,532.2980,502.6540,502653.9999
1,532.5756,502.9316,502931.5999
1,532.7746,503.1306,503130.5999
1,532.9258,503.2818,503281.7999
1,532.9817,503.3377,503337.6999
1,532.9967,503.3527,503352.6999
1,533.4907,503.8467,503846.6999
1,533.5032,503.8592,503859.1999
1,533.5330,503.8890,503888.9999
1,533.5793,503.9353,503935.2999
1,533.7054,504.0614,504061.3999
1,533.9887,504.3447,504344.6999
1,534.0494,504.4054,504405.3999
1,534.1161,504.4721,504472.0999
1,534.1228,504.4788,504478.7999
1,534.2072,504.5632,504563.1999
1,534.2681,504.6241,504624.0999
1,534.5061,504.8621,504862.0999
1,534.6378,504.9938,504993.7999
1,535.3681,505.7241,505724.0999
1,535.3783,505.7343,505734.2999
1,535.4139,505.7699,505769.8999
1,535.5435,505.8995,505899.4999
1,535.5698,505.9258,505925.7999
1,535.6291,505.9851,505985.0999
1,535.8424,506.1984,506198.3999
1,536.7490,507.1050,507104.9999
1,536.8128,507.1688,507168.7999
1,537.0199,507.3759,507375.8999
1,537.7898,508.1458,508145.7999
1,538.0662,508.4222,508422.1999
1,538.0954,508.4514,508451.3999
1,538.2319,508.5879,508587.8999
1,538.2905,508.6465,508646.4999
1,538.3707,508.7267,508726.6999
1,538.4369,508.7929,508792.8999
1,538.4923,508.8483,508848.2999
1,538.5728,508.9288,508928.7999
1,538.8651,509.2211,509221.0999
1,538.8883,509.2443,509244.2999
1,538.9099,509.2659,509265.8999
1,539.2068,509.5628,509562.7999
1,539.4654,509.8214,509821.3999
1,539.4843,509.8403,509840.2999
1,539.8320,510.1880,510187.9999
1,539.8464,510.2024,510202.3999
1,539.9280,510.2840,510283.9999
1,540.0193,510.3753,510375.2999
1,540.0503,510.4063,510406.2999
1,540.4903,510.8463,510846.2999
1,540.7878,511.1438,511143.7999
1,540.9510,511.3070,511306.9999
1,541.1148,511.4708,511470.7999
1,541.2428,511.5988,511598.7999
1,541.2663,511.6223,511622.2999
1,541.5335,511.8895,511889.4999
1,541.6834,512.0394,512039.3999
1,541.7015,512.0575,512057.4999
1,542.0608,512.4168,512416.7999
1,542.5338,512.8898,512889.7999
1,542.8604,513.2164,513216.3999
1,543.0162,513.3722,513372.1999
1,543.0249,513.3809,513380.8999
1,543.2989,513.6549,513654.8999
1,543.3503,513.7063,513706.2999
1,543.5215,513.8775,513877.4999
1,543.5792,513.9352,513935.1999
1,543.8916,514.2476,514247.5999
1,544.1215,514.4775,514477.4999
1,544.1727,514.5287,514528.6999
1,544.1914,514.5474,514547.3999
1,544.7820,515.1380,515137.9999
1,544.7869,515.1429,515142.8999
1,544.8335,515.1895,515189.4999
1,545.0252,515.3812,515381.1999
1,545.1943,515.5503,515550.2999
1,545.2096,515.5656,515565.5999
1,545.3570,515.7130,515712.9999
1,545.4649,515.8209,515820.8999
1,545.8262,516.1822,516182.1999
1,545.8401,516.1961,516196.0999
1,545.8897,516.2457,516245.6999
1,546.0569,516.4129,516412.8999
1,546.5834,516.9394,516939.3999
1,546.6383,516.9943,516994.2999
1,546.6535,517.0095,517009.4999
1,546.6785,517.0345,517034.4999
1,546.7077,517.0637,517063.6999
1,546.8014,517.1574,517157.3999
1,546.9471,517.3031,517303.0999
1,547.0161,517.3721,517372.0999
1,547.0332,517.3892,517389.1999
1,547.2183,517.5743,517574.2999
1,547.2421,517.5981,517598.0999
1,547.5794,517.9354,517935.3999
1,547.7062,518.0622,518062.1999
1,548.0488,518.4048,518404.7999
1,548.0687,518.4247,518424.6999
1,548.1112,518.4672,518467.1999
1,548.2655,518.6215,518621.4999
1,548.3343,518.6903,518690.2999
1,548.3820,518.7380,518737.9999
1,548.4833,518.8393,518839.2999
1,548.4973,518.8533,518853.2999
1,548.5098,518.8658,518865.7999
1,548.6093,518.9653,518965.2999
1,548.6234,518.9794,518979.3999
1,549.0655,519.4215,519421.4999
1,549.0798,519.4358,519435.7999
1,549.0996,519.4556,519455.5999
1,549.2142,519.5702,519570.1999
1,549.5667,519.9227,519922.6999
1,549.6277,519.9837,519983.6999
1,549.8556,520.2116,520211.5999
1,549.8934,520.2494,520249.3999
1,550.1769,520.5329,520532.8999
1,550.9882,521.3442,521344.1999
1,551.2342,521.5902,521590.1999
1,551.8477,522.2037,522203.6999
1,551.9699,522.3259,522325.8999
1,552.1823,522.5383,522538.2999
1,552.3049,522.6609,522660.8999
1,552.3863,522.7423,522742.2999
1,552.4419,522.7979,522797.8999
1,552.7630,523.1190,523118.9999
1,552.9976,523.3536,523353.5999
1,553.0087,523.3647,523364.6999
1,553.1377,523.4937,523493.6999
1,553.2472,523.6032,523603.1999
1,553.6736,524.0296,524029.5999
1,553.7215,524.0775,524077.4999
1,553.7809,524.1369,524136.8999
1,553.8258,524.1818,524181.7999
1,553.9709,524.3269,524326.8999
1,554.1596,524.5156,524515.5999
1,554.2182,524.5742,524574.1999
1,554.2417,524.5977,524597.6999
1,554.5953,524.9513,524951.2999
1,554.7189,525.0749,525074.8999
1,555.2585,525.6145,525614.4999
1,555.2765,525.6325,525632.4999
1,555.3112,525.6672,525667.1999
1,555.6156,525.9716,525971.5999
1,555.6402,525.9962,525996.1999
1,556.0455,526.4015,526401.4999
1,556.3118,526.6678,526667.7999
1,556.4514,526.8074,526807.3999
1,556.5059,526.8619,526861.8999
1,556.5579,526.9139,526913.8999
1,556.6274,526.9834,526983.3999
1,557.5350,527.8910,527890.9999
1,557.8496,528.2056,528205.5999
1,557.9169,528.2729,528272.8999
1,558.0353,528.3913,528391.2999
1,558.3241,528.6801,528680.0999
1,558.4670,528.8230,528822.9999
1,558.5504,528.9064,528906.3999
1,558.6279,528.9839,528983.8999
1,558.8505,529.2065,529206.4999
1,559.1282,529.4842,529484.1999
1,559.1601,529.5161,529516.0999
1,559.1809,529.5369,529536.8999
1,559.5944,529.9504,529950.3999
1,560.0732,530.4292,530429.1999
1,560.3005,530.6565,530656.4999
1,560.4435,530.7995,530799.4999
1,560.4808,530.8368,530836.7999
1,560.8460,531.2020,531201.9999
1,560.8673,531.2233,531223.2999
1,560.8734,531.2294,531229.3999
1,561.0517,531.4077,531407.6999
1,561.1641,531.5201,531520.0999
1,561.3490,531.7050,531704.9999
1,561.8453,532.2013,532201.2999
1,561.8491,532.2051,532205.0999
1,562.9365,533.2925,533292.4999
1,563.1532,533.5092,533509.1999
1,564.0026,534.3586,534358.5999
1,564.0228,534.3788,534378.7999
1,564.0430,534.3990,534398.9999
1,564.1035,534.4595,534459.4999
1,564.9923,535.3483,535348.2999
1,565.1680,535.5240,535523.9999
1,566.5764,536.9324,536932.3999
1,566.8532,537.2092,537209.1999
1,567.0860,537.4420,537441.9999
1,567.4064,537.7624,537762.3999
1,567.5405,537.8965,537896.4999
1,567.6941,538.0501,538050.0999
1,568.1125,538.4685,538468.4999
1,568.6406,538.9966,538996.5999
1,568.9045,539.2605,539260.4999
1,569.0821,539.4381,539438.0999
1,569.2497,539.6057,539605.6999
1,569.8880,540.2440,540243.9999
1,569.9190,540.2750,540274.9999
1,570.4493,540.8053,540805.2999
1,570.4975,540.8535,540853.4999
1,570.5259,540.8819,540881.8999
1,570.9134,541.2694,541269.3999
1,570.9298,541.2858,541285.7999
1,570.9849,541.3409,541340.8999
1,571.5275,541.8835,541883.4999
1,571.7338,542.0898,542089.7999
1,571.9194,542.2754,542275.3999
1,572.0582,542.4142,542414.1999
1,572.0970,542.4530,542452.9999
1,572.5789,542.9349,542934.8999
1,573.3872,543.7432,543743.1999
1,573.4031,543.7591,543759.0999
1,573.4421,543.7981,543798.0999
1,573.9434,544.2994,544299.3999
1,574.2059,544.5619,544561.8999
1,574.3338,544.6898,544689.7999
1,574.4542,544.8102,544810.1999
1,575.0271,545.3831,545383.0999
1,575.0655,545.4215,545421.4999
1,575.1130,545.4690,545468.9999
1,575.1896,545.5456,545545.5999
1,575.2231,545.5791,545579.0999
1,575.3311,545.6871,545687.0999
1,575.3478,545.7038,545703.7999
1,575.4307,545.7867,545786.6999
1,575.4394,545.7954,545795.3999
1,575.4549,545.8109,545810.8999
1,575.5134,545.8694,545869.3999
1,575.5549,545.9109,545910.8999
1,575.5997,545.9557,545955.6999
1,575.7714,546.1274,546127.3999
1,575.9145,546.2705,546270.4999
1,576.1852,546.5412,546541.1999
1,576.3402,546.6962,546696.1999
1,576.3516,546.7076,546707.5999
1,576.4020,546.7580,546757.9999
1,576.5175,546.8735,546873.4999
1,576.5751,546.9311,546931.0999
1,576.8170,547.1730,547172.9999
1,576.8612,547.2172,547217.1999
1,577.0266,547.3826,547382.5999
1,577.0908,547.4468,547446.7999
1,577.2161,547.5721,547572.0999
1,578.0708,548.4268,548426.7999
1,578.1400,548.4960,548495.9999
1,578.1473,548.5033,548503.2999
1,578.1519,548.5079,548507.8999
1,578.2802,548.6362,548636.1999
1,578.8935,549.2495,549249.4999
1,579.0284,549.3844,549384.3999
1,579.2336,549.5896,549589.5999
1,579.3358,549.6918,549691.7999
1,579.5355,549.8915,549891.4999
1,579.5568,549.9128,549912.7999
1,579.5974,549.9534,549953.3999
1,579.6043,549.9603,549960.2999
1,579.6160,549.9720,549971.9999
1,579.6255,549.9815,549981.4999
1,579.6359,549.9919,549991.8999
1,579.6570,550.0130,550012.9999
1,579.7968,550.1528,550152.7999
1,580.2581,550.6141,550614.0999
1,580.7370,551.0930,551092.9999
1,581.1040,551.4600,551459.9999
1,581.2209,551.5769,551576.8999
1,581.5232,551.8792,551879.1999
1,581.8432,552.1992,552199.1999
1,581.9370,552.2930,552292.9999
1,581.9499,552.3059,552305.8999
1,582.0570,552.4130,552412.9999
1,582.2406,552.5966,552596.5999
1,582.2774,552.6334,552633.3999
1,583.0026,553.3586,553358.5999
1,583.1288,553.4848,553484.7999
1,583.2956,553.6516,553651.5999
1,583.4187,553.7747,553774.6999
1,583.4290,553.7850,553784.9999
1,583.4389,553.7949,553794.8999
1,584.0062,554.3622,554362.1999
1,584.0305,554.3865,554386.4999
1,584.4040,554.7600,554759.9999
1,584.5314,554.8874,554887.3999
1,584.5415,554.8975,554897.4999
1,584.5572,554.9132,554913.1999
1,584.6318,554.9878,554987.7999
1,585.0998,555.4558,555455.7999
1,585.2124,555.5684,555568.3999
1,585.4031,555.7591,555759.0999
1,585.4067,555.7627,555762.6999
1,585.9145,556.2705,556270.4999
1,586.1377,556.4937,556493.6999
1,586.1604,556.5164,556516.3999
1,586.1961,556.5521,556552.0999
1,586.3622,556.7182,556718.1999
1,586.3841,556.7401,556740.0999
1,586.4761,556.8321,556832.0999
1,586.8114,557.1674,557167.3999
1,587.3299,557.6859,557685.8999
1,587.3592,557.7152,557715.1999
1,587.4240,557.7800,557779.9999
1,587.6049,557.9609,557960.8999
1,587.7662,558.1222,558122.1999
1,587.9176,558.2736,558273.5999
1,588.0024,558.3584,558358.3999
1,588.0693,558.4253,558425.2999
1,588.4847,558.8407,558840.6999
1,588.7400,559.0960,559095.9999
1,589.0191,559.3751,559375.0999
1,589.0712,559.4272,559427.1999
1,589.1146,559.4706,559470.5999
1,589.5015,559.8575,559857.4999
1,590.4137,560.7697,560769.6999
1,590.4389,560.7949,560794.8999
1,590.4638,560.8198,560819.7999
1,590.5307,560.8867,560886.6999
1,590.6732,561.0292,561029.1999
1,590.6905,561.0465,561046.4999
1,590.8590,561.2150,561214.9999
1,591.0633,561.4193,561419.2999
1,591.1025,561.4585,561458.4999
1,591.1442,561.5002,561500.1999
1,591.2204,561.5764,561576.3999
1,591.2699,561.6259,561625.8999
1,591.2939,561.6499,561649.8999
1,591.3299,561.6859,561685.8999
1,591.5994,561.9554,561955.3999
1,592.0288,562.3848,562384.7999
1,592.1280,562.4840,562483.9999
1,592.4319,562.7879,562787.8999
1,592.4389,562.7949,562794.8999
1,592.8373,563.1933,563193.2999
1,593.4495,563.8055,563805.4999
1,593.6648,564.0208,564020.7999
1,593.7009,564.0569,564056.8999
1,593.8155,564.1715,564171.4999
1,594.0968,564.4528,564452.7999
1,594.2356,564.5916,564591.5999
1,594.8093,565.1653,565165.2999
1,595.4112,565.7672,565767.1999
1,595.8820,566.2380,566237.9999
1,595.8855,566.2415,566241.4999
1,596.1283,566.4843,566484.2999
1,596.3921,566.7481,566748.0999
1,596.7547,567.1107,567110.6999
1,596.7594,567.1154,567115.3999
1,596.7837,567.1397,567139.6999
1,596.8721,567.2281,567228.0999
1,596.8867,567.2427,567242.6999
1,596.9854,567.3414,567341.3999
1,597.1242,567.4802,567480.1999
1,597.3816,567.7376,567737.5999
1,597.6543,568.0103,568010.2999
1,597.6786,568.0346,568034.5999
1,597.7731,568.1291,568129.0999
1,597.8063,568.1623,568162.2999
1,597.9151,568.2711,568271.0999
1,597.9269,568.2829,568282.8999
1,598.3232,568.6792,568679.1999
1,598.3414,568.6974,568697.3999
1,598.3613,568.7173,568717.2999
1,598.6388,568.9948,568994.7999
1,598.6504,569.0064,569006.3999
1,598.6772,569.0332,569033.1999
1,598.7845,569.1405,569140.4999
1,598.8070,569.1630,569162.9999
1,598.9536,569.3096,569309.5999
1,598.9700,569.3260,569325.9999
1,599.0549,569.4109,569410.8999
1,599.1329,569.4889,569488.8999
1,599.1367,569.4927,569492.6999
1,599.1385,569.4945,569494.4999
1,599.2982,569.6542,569654.1999
1,599.4198,569.7758,569775.7999
1,599.4811,569.8371,569837.0999
1,599.5998,569.9558,569955.7999
1,599.7163,570.0723,570072.2999
1,599.7922,570.1482,570148.1999
1,599.9102,570.2662,570266.1999
1,600.0888,570.4448,570444.7999
1,600.2056,570.5616,570561.5999
1,600.2234,570.5794,570579.3999
1,600.2654,570.6214,570621.3999
1,600.6592,571.0152,571015.1999
1,601.0620,571.4180,571417.9999
1,601.1093,571.4653,571465.2999
1,601.1544,571.5104,571510.3999
1,601.3953,571.7513,571751.2999
1,601.4439,571.7999,571799.8999
1,601.6230,571.9790,571978.9999
1,601.6456,572.0016,572001.5999
1,601.6963,572.0523,572052.2999
1,601.7718,572.1278,572127.7999
1,601.8657,572.2217,572221.6999
1,602.0258,572.3818,572381.7999
1,602.0479,572.4039,572403.8999
1,602.0652,572.4212,572421.1999
1,602.1177,572.4737,572473.6999
1,602.1388,572.4948,572494.7999
1,602.1545,572.5105,572510.4999
1,602.2732,572.6292,572629.1999
1,602.2999,572.6559,572655.8999
1,602.3073,572.6633,572663.2999
1,602.8989,573.2549,573254.8999
1,603.0641,573.4201,573420.0999
1,603.4140,573.7700,573769.9999
1,603.4635,573.8195,573819.4999
1,603.8683,574.2243,574224.2999
1,604.1443,574.5003,574500.2999
1,604.2907,574.6467,574646.6999
1,604.3365,574.6925,574692.4999
1,604.6459,575.0019,575001.8999
1,604.9757,575.3317,575331.6999
1,605.0462,575.4022,575402.1999
1,605.1914,575.5474,575547.3999
1,605.2008,575.5568,575556.7999
1,605.2573,575.6133,575613.2999
1,605.3326,575.6886,575688.5999
1,605.5018,575.8578,575857.7999
1,605.6616,576.0176,576017.5999
1,605.8103,576.1663,576166.2999
1,606.0393,576.3953,576395.2999
1,606.0612,576.4172,576417.1999
1,606.0814,576.4374,576437.3999
1,606.0979,576.4539,576453.8999
1,606.1803,576.5363,576536.2999
1,606.2574,576.6134,576613.3999
1,606.6505,577.0065,577006.4999
1,606.8223,577.1783,577178.2999
1,606.8411,577.1971,577197.0999
1,606.8442,577.2002,577200.1999
1,606.9755,577.3315,577331.4999
1,607.3816,577.7376,577737.5999
1,608.1777,578.5337,578533.6999
1,608.6218,578.9778,578977.7999
1,608.7542,579.1102,579110.1999
1,608.9332,579.2892,579289.1999
1,609.2294,579.5854,579585.3999
1,609.3843,579.7403,579740.2999
1,610.3833,580.7393,580739.2999
1,610.4087,580.7647,580764.6999
1,610.5034,580.8594,580859.3999
1,610.6238,580.9798,580979.7999
1,610.7017,581.0577,581057.6999
1,610.7708,581.1268,581126.7999
1,610.8013,581.1573,581157.2999
1,610.9059,581.2619,581261.8999
1,610.9293,581.2853,581285.2999
1,610.9409,581.2969,581296.8999
1,611.3118,581.6678,581667.7999
1,611.3243,581.6803,581680.2999
1,611.4287,581.7847,581784.6999
1,611.7379,582.0939,582093.8999
1,611.8948,582.2508,582250.7999
1,612.0639,582.4199,582419.8999
1,612.0980,582.4540,582453.9999
1,612.1074,582.4634,582463.3999
1,612.1244,582.4804,582480.3999
1,612.1356,582.4916,582491.5999
1,612.1450,582.5010,582500.9999
1,612.1585,582.5145,582514.4999
1,612.2936,582.6496,582649.5999
1,612.4508,582.8068,582806.7999
1,612.6038,582.9598,582959.7999
1,612.9934,583.3494,583349.3999
1,613.0106,583.3666,583366.5999
1,613.0154,583.3714,583371.3999
1,613.1278,583.4838,583483.7999
1,613.1511,583.5071,583507.0999
1,613.1852,583.5412,583541.1999
1,613.2134,583.5694,583569.3999
1,613.2884,583.6444,583644.3999
1,613.3089,583.6649,583664.8999
1,613.4287,583.7847,583784.6999
1,613.4448,583.8008,583800.7999
1,613.4654,583.8214,583821.3999
1,613.5194,583.8754,583875.3999
1,613.5954,583.9514,583951.3999
1,613.6062,583.9622,583962.1999
1,613.8409,584.1969,584196.8999
1,613.8995,584.2555,584255.4999
1,614.5817,584.9377,584937.6999
1,614.5946,584.9506,584950.5999
1,614.6577,585.0137,585013.6999
1,614.6821,585.0381,585038.0999
1,614.7258,585.0818,585081.7999
1,614.7538,585.1098,585109.7999
1,614.7556,585.1116,585111.5999
1,614.7913,585.1473,585147.2999
1,614.8363,585.1923,585192.2999
1,614.8764,585.2324,585232.3999
1,614.8962,585.2522,585252.1999
1,614.9055,585.2615,585261.4999
1,615.0383,585.3943,585394.2999
1,615.0483,585.4043,585404.2999
1,615.1251,585.4811,585481.0999
1,615.1681,585.5241,585524.0999
1,615.2362,585.5922,585592.1999
1,615.3732,585.7292,585729.1999
1,615.4683,585.8243,585824.2999
1,615.5553,585.9113,585911.2999
1,615.6802,586.0362,586036.1999
1,615.6904,586.0464,586046.3999
1,615.8400,586.1960,586195.9999
1,616.0781,586.4341,586434.0999
1,616.1361,586.4921,586492.0999
1,616.1991,586.5551,586555.0999
1,616.2700,586.6260,586625.9999
1,616.3760,586.7320,586731.9999
1,616.4021,586.7581,586758.0999
1,616.4824,586.8384,586838.3999
1,616.5897,586.9457,586945.6999
1,616.6313,586.9873,586987.2999
1,616.6364,586.9924,586992.3999
1,616.6881,587.0441,587044.0999
1,616.7799,587.1359,587135.8999
1,616.9770,587.3330,587332.9999
1,617.0028,587.3588,587358.7999
1,617.0431,587.3991,587399.0999
1,617.1026,587.4586,587458.5999
1,617.2234,587.5794,587579.3999
1,617.2367,587.5927,587592.6999
1,617.2521,587.6081,587608.0999
1,617.3400,587.6960,587695.9999
1,617.5249,587.8809,587880.8999
1,617.5372,587.8932,587893.1999
1,617.7554,588.1114,588111.3999
1,617.7704,588.1264,588126.3999
1,617.8373,588.1933,588193.2999
1,618.0587,588.4147,588414.6999
1,618.2443,588.6003,588600.2999
1,618.2553,588.6113,588611.2999
1,618.2622,588.6182,588618.1999
1,618.4109,588.7669,588766.8999
1,618.4259,588.7819,588781.8999
1,618.5191,588.8751,588875.0999
1,618.5939,588.9499,588949.8999
1,618.6127,588.9687,588968.6999
1,618.6925,589.0485,589048.4999
1,618.7392,589.0952,589095.1999
1,618.7722,589.1282,589128.1999
1,618.8903,589.2463,589246.2999
1,618.9359,589.2919,589291.8999
1,618.9375,589.2935,589293.4999
1,618.9696,589.3256,589325.5999
1,619.3130,589.6690,589668.9999
1,619.4505,589.8065,589806.4999
1,619.4523,589.8083,589808.2999
1,619.4578,589.8138,589813.7999
1,619.4729,589.8289,589828.8999
1,619.5203,589.8763,589876.2999
1,619.5681,589.9241,589924.0999
1,619.5782,589.9342,589934.1999
1,619.7820,590.1380,590137.9999
1,619.8087,590.1647,590164.6999
1,619.9187,590.2747,590274.6999
1,620.1777,590.5337,590533.6999
1,620.3578,590.7138,590713.7999
1,620.7152,591.0712,591071.1999
1,620.9881,591.3441,591344.0999
1,621.0182,591.3742,591374.1999
1,621.1543,591.5103,591510.2999
1,621.5402,591.8962,591896.1999
1,621.5538,591.9098,591909.7999
1,621.7097,592.0657,592065.6999
1,621.7727,592.1287,592128.6999
1,621.7900,592.1460,592145.9999
1,621.8138,592.1698,592169.7999
1,621.8724,592.2284,592228.3999
1,621.9147,592.2707,592270.6999
1,622.0018,592.3578,592357.7999
1,622.0242,592.3802,592380.1999
1,622.6230,592.9790,592978.9999
1,622.6551,593.0111,593011.0999
1,622.8597,593.2157,593215.6999
1,622.8836,593.2396,593239.5999
1,623.1712,593.5272,593527.1999
1,623.1737,593.5297,593529.6999
1,623.1819,593.5379,593537.8999
1,623.3307,593.6867,593686.6999
1,623.5801,593.9361,593936.0999
1,623.7420,594.0980,594097.9999
1,624.5629,594.9189,594918.8999
1,624.6869,595.0429,595042.8999
1,624.7081,595.0641,595064.0999
1,624.7624,595.1184,595118.3999
1,624.7744,595.1304,595130.3999
1,624.8231,595.1791,595179.0999
1,624.8477,595.2037,595203.6999
1,624.9928,595.3488,595348.7999
1,625.0029,595.3589,595358.8999
1,625.0161,595.3721,595372.0999
1,625.0286,595.3846,595384.5999
1,625.0534,595.4094,595409.3999
1,625.0804,595.4364,595436.3999
1,625.1051,595.4611,595461.0999
1,625.1723,595.5283,595528.2999
1,625.1990,595.5550,595554.9999
1,625.2277,595.5837,595583.6999
1,625.2322,595.5882,595588.1999
1,625.2609,595.6169,595616.8999
1,625.2769,595.6329,595632.8999
1,625.2793,595.6353,595635.2999
1,625.3741,595.7301,595730.0999
1,625.4675,595.8235,595823.4999
1,625.5702,595.9262,595926.1999
1,625.5731,595.9291,595929.0999
1,625.6069,595.9629,595962.8999
1,625.6511,596.0071,596007.0999
1,625.6817,596.0377,596037.6999
1,625.8980,596.2540,596253.9999
1,626.1487,596.5047,596504.6999
1,626.1607,596.5167,596516.6999
1,626.2165,596.5725,596572.4999
1,626.2544,596.6104,596610.3999
1,626.2928,596.6488,596648.7999
1,626.2953,596.6513,596651.2999
1,626.3757,596.7317,596731.6999
1,626.4213,596.7773,596777.2999
1,626.4473,596.8033,596803.2999
1,626.5958,596.9518,596951.7999
1,626.6478,597.0038,597003.7999
1,626.6789,597.0349,597034.8999
1,626.7420,597.0980,597097.9999
1,626.7565,597.1125,597112.4999
1,627.1082,597.4642,597464.1999
1,627.1224,597.4784,597478.3999
1,627.1547,597.5107,597510.6999
1,627.1689,597.5249,597524.8999
1,627.2183,597.5743,597574.2999
1,627.2330,597.5890,597588.9999
1,627.2483,597.6043,597604.2999
1,627.2574,597.6134,597613.3999
1,627.2792,597.6352,597635.1999
1,627.2851,597.6411,597641.0999
1,627.2996,597.6556,597655.5999
1,627.3772,597.7332,597733.1999
1,627.4650,597.8210,597820.9999
1,627.4901,597.8461,597846.0999
1,627.5725,597.9285,597928.4999
1,627.6500,598.0060,598005.9999
1,627.6882,598.0442,598044.1999
1,627.7026,598.0586,598058.5999
1,627.8516,598.2076,598207.5999
1,627.9690,598.3250,598324.9999
1,628.1005,598.4565,598456.4999
1,628.1321,598.4881,598488.0999
1,628.1704,598.5264,598526.3999
1,628.3864,598.7424,598742.3999
1,628.7787,599.1347,599134.6999
1,628.8412,599.1972,599197.1999
1,629.6706,600.0266,600026.5999
1,629.7231,600.0791,600079.0999
1,629.8325,600.1885,600188.4999
1,630.0428,600.3988,600398.7999
1,630.0603,600.4163,600416.2999
1,630.2614,600.6174,600617.3999
1,630.3179,600.6739,600673.8999
1,630.3428,600.6988,600698.7999
1,630.4069,600.7629,600762.8999
1,630.5301,600.8861,600886.0999
1,631.3333,601.6893,601689.2999
1,631.3620,601.7180,601717.9999
1,631.4821,601.8381,601838.0999
1,631.7260,602.0820,602081.9999
1,631.8971,602.2531,602253.0999
1,632.0853,602.4413,602441.2999
1,632.1012,602.4572,602457.1999
1,632.2064,602.5624,602562.3999
1,632.2563,602.6123,602612.2999
1,632.4647,602.8207,602820.6999
1,632.6248,602.9808,602980.7999
1,632.6294,602.9854,602985.3999
1,632.6355,602.9915,602991.4999
1,633.0626,603.4186,603418.5999
1,633.0678,603.4238,603423.7999
1,633.0830,603.4390,603438.9999
1,633.2906,603.6466,603646.5999
1,633.5093,603.8653,603865.2999
1,633.6704,604.0264,604026.3999
1,633.7348,604.0908,604090.7999
1,633.7594,604.1154,604115.3999
1,633.7949,604.1509,604150.8999
1,633.8360,604.1920,604191.9999
1,634.4331,604.7891,604789.0999
1,634.4614,604.8174,604817.3999
1,634.4647,604.8207,604820.6999
1,634.4665,604.8225,604822.4999
1,634.4816,604.8376,604837.5999
1,634.9931,605.3491,605349.0999
1,635.0367,605.3927,605392.6999
1,635.2042,605.5602,605560.1999
1,635.2560,605.6120,605611.9999
1,635.2614,605.6174,605617.3999
1,635.2712,605.6272,605627.1999
1,635.3316,605.6876,605687.5999
1,635.3331,605.6891,605689.0999
1,635.3389,605.6949,605694.8999
1,635.5977,605.9537,605953.6999
1,635.8377,606.1937,606193.6999
1,635.9194,606.2754,606275.3999
1,635.9827,606.3387,606338.6999
1,636.1433,606.4993,606499.2999
1,636.2650,606.6210,606620.9999
1,636.3851,606.7411,606741.0999
1,636.4242,606.7802,606780.1999
1,636.8625,607.2185,607218.4999
1,636.9185,607.2745,607274.4999
1,637.0037,607.3597,607359.6999
1,637.2268,607.5828,607582.7999
1,637.5692,607.9252,607925.1999
1,637.9698,608.3258,608325.7999
1,637.9810,608.3370,608336.9999
1,638.2549,608.6109,608610.8999
1,638.6133,608.9693,608969.2999
1,638.6739,609.0299,609029.8999
1,638.6766,609.0326,609032.5999
1,638.7091,609.0651,609065.0999
1,638.8182,609.1742,609174.1999
1,639.1160,609.4720,609471.9999
1,639.3731,609.7291,609729.0999
1,639.5787,609.9347,609934.6999
1,639.6157,609.9717,609971.6999
1,639.6528,610.0088,610008.7999
1,639.6890,610.0450,610044.9999
1,639.7060,610.0620,610061.9999
1,639.7181,610.0741,610074.0999
1,639.8754,610.2314,610231.3999
1,639.8996,610.2556,610255.5999
1,640.0115,610.3675,610367.4999
1,640.0407,610.3967,610396.6999
1,640.0697,610.4257,610425.6999
1,640.2536,610.6096,610609.5999
1,640.3323,610.6883,610688.2999
1,640.3554,610.7114,610711.3999
1,640.4386,610.7946,610794.5999
1,640.4446,610.8006,610800.5999
1,640.5104,610.8664,610866.3999
1,640.5154,610.8714,610871.3999
1,640.5181,610.8741,610874.0999
1,640.7489,611.1049,611104.8999
1,640.9660,611.3220,611321.9999
1,641.1086,611.4646,611464.5999
1,641.3368,611.6928,611692.7999
1,641.4256,611.7816,611781.5999
1,641.6840,612.0400,612039.9999
1,641.7939,612.1499,612149.8999
1,641.9991,612.3551,612355.0999
1,642.0243,612.3803,612380.2999
1,642.1332,612.4892,612489.1999
1,642.1369,612.4929,612492.8999
1,642.2079,612.5639,612563.8999
1,642.3053,612.6613,612661.2999
1,642.6310,612.9870,612986.9999
1,642.6882,613.0442,613044.1999
1,642.7292,613.0852,613085.1999
1,642.7531,613.1091,613109.0999
1,642.8593,613.2153,613215.2999
1,642.8744,613.2304,613230.3999
1,643.0461,613.4021,613402.0999
1,643.0972,613.4532,613453.1999
1,643.2160,613.5720,613571.9999
1,643.2769,613.6329,613632.8999
1,643.3294,613.6854,613685.3999
1,643.3412,613.6972,613697.1999
1,643.3992,613.7552,613755.1999
1,643.7620,614.1180,614117.9999
1,643.8025,614.1585,614158.4999
1,643.9151,614.2711,614271.0999
1,643.9358,614.2918,614291.7999
1,644.0935,614.4495,614449.4999
1,644.4674,614.8234,614823.3999
1,644.7572,615.1132,615113.1999
1,644.8259,615.1819,615181.8999
1,644.8915,615.2475,615247.4999
1,645.2689,615.6249,615624.8999
1,645.2773,615.6333,615633.2999
1,645.6126,615.9686,615968.5999
1,645.8222,616.1782,616178.1999
1,646.4476,616.8036,616803.5999
1,646.6137,616.9697,616969.6999
1,646.6383,616.9943,616994.2999
1,646.6701,617.0261,617026.0999
1,647.6611,618.0171,618017.0999
1,647.7741,618.1301,618130.0999
1,647.8770,618.2330,618232.9999
1,647.9237,618.2797,618279.6999
1,648.0006,618.3566,618356.5999
1,648.0528,618.4088,618408.7999
1,648.0661,618.4221,618422.0999
1,648.0690,618.4250,618424.9999
1,648.2134,618.5694,618569.3999
1,648.2526,618.6086,618608.5999
1,648.4205,618.7765,618776.4999
1,648.4947,618.8507,618850.6999
1,648.5170,618.8730,618872.9999
1,648.5441,618.9001,618900.0999
1,648.6710,619.0270,619026.9999
1,648.7485,619.1045,619104.4999
1,648.7700,619.1260,619125.9999
1,649.0146,619.3706,619370.5999
1,649.1781,619.5341,619534.0999
1,649.3502,619.7062,619706.1999
1,649.5308,619.8868,619886.7999
1,649.6739,620.0299,620029.8999
1,649.8393,620.1953,620195.2999
1,649.8578,620.2138,620213.7999
1,650.0677,620.4237,620423.6999
1,650.1877,620.5437,620543.6999
1,650.2231,620.5791,620579.0999
1,650.5041,620.8601,620860.0999
1,650.6920,621.0480,621047.9999
1,650.8340,621.1900,621189.9999
1,650.8884,621.2444,621244.3999
1,651.0458,621.4018,621401.7999
1,651.3190,621.6750,621674.9999
1,651.4023,621.7583,621758.2999
1,651.4556,621.8116,621811.5999
1,651.6019,621.9579,621957.8999
1,651.8163,622.1723,622172.2999
1,651.8671,622.2231,622223.0999
1,651.8739,622.2299,622229.8999
1,651.9734,622.3294,622329.3999
1,651.9852,622.3412,622341.1999
1,652.0047,622.3607,622360.6999
1,652.1442,622.5002,622500.1999
1,652.3035,622.6595,622659.4999
1,652.3446,622.7006,622700.5999
1,652.4209,622.7769,622776.8999
1,652.6363,622.9923,622992.2999
1,652.9082,623.2642,623264.1999
1,653.7765,624.1325,624132.4999
1,654.0667,624.4227,624422.6999
1,654.1279,624.4839,624483.8999
1,654.2941,624.6501,624650.0999
1,654.3698,624.7258,624725.7999
1,654.7473,625.1033,625103.2999
1,654.8053,625.1613,625161.2999
1,654.8542,625.2102,625210.1999
1,655.0278,625.3838,625383.7999
1,655.2034,625.5594,625559.3999
1,655.2510,625.6070,625606.9999
1,655.4654,625.8214,625821.3999
1,655.4723,625.8283,625828.2999
1,655.5821,625.9381,625938.0999
1,656.3122,626.6682,626668.1999
1,656.3668,626.7228,626722.7999
1,656.4445,626.8005,626800.4999
1,656.6274,626.9834,626983.3999
1,656.9092,627.2652,627265.1999
1,657.4996,627.8556,627855.5999
1,657.5148,627.8708,627870.7999
1,657.5761,627.9321,627932.0999
1,657.6314,627.9874,627987.3999
1,657.6610,628.0170,628016.9999
1,657.6817,628.0377,628037.6999
1,657.6889,628.0449,628044.8999
1,657.8547,628.2107,628210.6999
1,658.2929,628.6489,628648.8999
1,658.3880,628.7440,628743.9999
1,658.3988,628.7548,628754.7999
1,658.8458,629.2018,629201.7999
1,658.8868,629.2428,629242.7999
1,658.9315,629.2875,629287.4999
1,658.9660,629.3220,629321.9999
1,659.3679,629.7239,629723.8999
1,659.8579,630.2139,630213.8999
1,659.9399,630.2959,630295.8999
1,660.0453,630.4013,630401.2999
1,660.0615,630.4175,630417.4999
1,660.3147,630.6707,630670.6999
1,660.4089,630.7649,630764.8999
1,660.7810,631.1370,631136.9999
1,660.7833,631.1393,631139.2999
1,661.0047,631.3607,631360.6999
1,661.0668,631.4228,631422.7999
1,661.1449,631.5009,631500.8999
1,661.2267,631.5827,631582.6999
1,661.3905,631.7465,631746.4999
1,661.4749,631.8309,631830.8999
1,661.5229,631.8789,631878.8999
1,661.8383,632.1943,632194.2999
1,661.8680,632.2240,632223.9999
1,661.9407,632.2967,632296.6999
1,662.1332,632.4892,632489.1999
1,662.2157,632.5717,632571.6999
1,662.2181,632.5741,632574.0999
1,662.2569,632.6129,632612.8999
1,662.8335,633.1895,633189.4999
1,663.2793,633.6353,633635.2999
1,663.4307,633.7867,633786.6999
1,663.4428,633.7988,633798.7999
1,663.6648,634.0208,634020.7999
1,663.8566,634.2126,634212.5999
1,663.9238,634.2798,634279.7999
1,664.3097,634.6657,634665.6999
1,664.3318,634.6878,634687.7999
1,664.3462,634.7022,634702.1999
1,665.0989,635.4549,635454.8999
1,665.2748,635.6308,635630.7999
1,665.5346,635.8906,635890.5999
1,665.5683,635.9243,635924.2999
1,665.7775,636.1335,636133.4999
1,665.8019,636.1579,636157.8999
1,666.0006,636.3566,636356.5999
1,666.2179,636.5739,636573.8999
1,666.7774,637.1334,637133.3999
1,666.8918,637.2478,637247.7999
1,667.4542,637.8102,637810.1999
1,667.4985,637.8545,637854.4999
1,667.5213,637.8773,637877.2999
1,667.5535,637.9095,637909.4999
1,667.6484,638.0044,638004.3999
1,667.8123,638.1683,638168.2999
1,667.8370,638.1930,638192.9999
1,667.8826,638.2386,638238.5999
1,668.0776,638.4336,638433.5999
1,668.1146,638.4706,638470.5999
1,668.1786,638.5346,638534.5999
1,668.2009,638.5569,638556.8999
1,668.3656,638.7216,638721.5999
1,668.4469,638.8029,638802.8999
1,668.4839,638.8399,638839.8999
1,668.5179,638.8739,638873.8999
1,668.7331,639.0891,639089.0999
1,668.8148,639.1708,639170.7999
1,669.1659,639.5219,639521.8999
1,669.3100,639.6660,639665.9999
1,669.4890,639.8450,639844.9999
1,670.8310,641.1870,641186.9999
1,671.0016,641.3576,641357.5999
1,671.0312,641.3872,641387.1999
1,671.4332,641.7892,641789.1999
1,671.5389,641.8949,641894.8999
1,672.6466,643.0026,643002.5999
1,672.9870,643.3430,643342.9999
1,673.2590,643.6150,643614.9999
1,673.2693,643.6253,643625.2999
1,673.6150,643.9710,643970.9999
1,673.9126,644.2686,644268.5999
1,673.9648,644.3208,644320.7999
1,674.2431,644.5991,644599.0999
1,674.3977,644.7537,644753.6999
1,674.9962,645.3522,645352.1999
1,675.1983,645.5543,645554.2999
1,675.2153,645.5713,645571.2999
1,675.5214,645.8774,645877.3999
1,675.9164,646.2724,646272.3999
1,676.1537,646.5097,646509.6999
1,676.2048,646.5608,646560.7999
1,676.5592,646.9152,646915.1999
1,676.6399,646.9959,646995.8999
1,676.6906,647.0466,647046.5999
1,676.7141,647.0701,647070.0999
1,677.0986,647.4546,647454.5999
1,677.4378,647.7938,647793.7999
1,677.4634,647.8194,647819.3999
1,677.4810,647.8370,647836.9999
1,677.5729,647.9289,647928.8999
1,677.8555,648.2115,648211.4999
1,678.2331,648.5891,648589.0999
1,678.2946,648.6506,648650.5999
1,678.5222,648.8782,648878.1999
1,678.6033,648.9593,648959.2999
1,678.6255,648.9815,648981.4999
1,678.6374,648.9934,648993.3999
1,678.9969,649.3529,649352.8999
1,679.1311,649.4871,649487.0999
1,679.1727,649.5287,649528.6999
1,679.1856,649.5416,649541.5999
1,679.5316,649.8876,649887.5999
1,679.6164,649.9724,649972.3999
1,679.6355,649.9915,649991.4999
1,679.6793,650.0353,650035.2999
1,679.7291,650.0851,650085.0999
1,680.2466,650.6026,650602.5999
1,680.6350,650.9910,650990.9999
1,680.6408,650.9968,650996.7999
1,681.4520,651.8080,651807.9999
1,681.4831,651.8391,651839.0999
1,681.6008,651.9568,651956.7999
1,681.7153,652.0713,652071.2999
1,681.7485,652.1045,652104.4999
1,681.9476,652.3036,652303.5999
1,682.0669,652.4229,652422.8999
1,682.1318,652.4878,652487.7999
1,682.6249,652.9809,652980.8999
1,682.7466,653.1026,653102.5999
1,683.4262,653.7822,653782.1999
1,683.7638,654.1198,654119.7999
1,683.8591,654.2151,654215.0999
1,684.1241,654.4801,654480.0999
1,684.1463,654.5023,654502.2999
1,684.1613,654.5173,654517.2999
1,684.2451,654.6011,654601.0999
1,684.3661,654.7221,654722.0999
1,684.4318,654.7878,654787.7999
1,684.4410,654.7970,654796.9999
1,684.5616,654.9176,654917.5999
1,684.6758,655.0318,655031.7999
1,684.6825,655.0385,655038.4999
1,684.7213,655.0773,655077.2999
1,684.8014,655.1574,655157.3999
1,685.3332,655.6892,655689.1999
1,685.5619,655.9179,655917.8999
1,685.9950,656.3510,656350.9999
1,686.0069,656.3629,656362.8999
1,686.2257,656.5817,656581.6999
1,686.2567,656.6127,656612.6999
1,686.7936,657.1496,657149.5999
1,686.8097,657.1657,657165.6999
1,687.0750,657.4310,657430.9999
1,687.2312,657.5872,657587.1999
1,687.2346,657.5906,657590.5999
1,687.2590,657.6150,657614.9999
1,687.5495,657.9055,657905.4999
1,687.8028,658.1588,658158.7999
1,687.8967,658.2527,658252.6999
1,688.2406,658.5966,658596.5999
1,688.3067,658.6627,658662.6999
1,688.4872,658.8432,658843.1999
1,688.5131,658.8691,658869.0999
1,688.8460,659.2020,659201.9999
1,688.8557,659.2117,659211.6999
1,689.1400,659.4960,659495.9999
1,689.6463,660.0023,660002.2999
1,689.6633,660.0193,660019.2999
1,689.6970,660.0530,660052.9999
1,689.8486,660.2046,660204.5999
1,690.6212,660.9772,660977.1999
1,690.7550,661.1110,661110.9999
1,690.9068,661.2628,661262.7999
1,691.2925,661.6485,661648.4999
1,691.5400,661.8960,661895.9999
1,691.5773,661.9333,661933.2999
1,691.6006,661.9566,661956.5999
1,691.6146,661.9706,661970.5999
1,691.6253,661.9813,661981.2999
1,691.6435,661.9995,661999.4999
1,691.9675,662.3235,662323.4999
1,692.0122,662.3682,662368.1999
1,692.3342,662.6902,662690.1999
1,692.4341,662.7901,662790.0999
1,692.5298,662.8858,662885.7999
1,692.5360,662.8920,662891.9999
1,692.9296,663.2856,663285.5999
1,693.4245,663.7805,663780.4999
1,693.4347,663.7907,663790.6999
1,693.6645,664.0205,664020.4999
1,693.8723,664.2283,664228.2999
1,693.8839,664.2399,664239.8999
1,694.1340,664.4900,664489.9999
1,694.2389,664.5949,664594.8999
1,694.2929,664.6489,664648.8999
1,694.3069,664.6629,664662.8999
1,694.3095,664.6655,664665.4999
1,694.3747,664.7307,664730.6999
1,694.5098,664.8658,664865.7999
1,694.5333,664.8893,664889.2999
1,694.6089,664.9649,664964.8999
1,695.4991,665.8551,665855.0999
1,695.6285,665.9845,665984.4999
1,695.6916,666.0476,666047.5999
1,695.8805,666.2365,666236.4999
1,695.8967,666.2527,666252.6999
1,695.9244,666.2804,666280.3999
1,696.4092,666.7652,666765.1999
1,696.4311,666.7871,666787.0999
1,696.5154,666.8714,666871.3999
1,696.9015,667.2575,667257.4999
1,696.9161,667.2721,667272.0999
1,696.9439,667.2999,667299.8999
1,697.4795,667.8355,667835.4999
1,697.6930,668.0490,668048.9999
1,697.7534,668.1094,668109.3999
1,698.0554,668.4114,668411.3999
1,698.0838,668.4398,668439.7999
1,698.1215,668.4775,668477.4999
1,698.1330,668.4890,668488.9999
1,698.1357,668.4917,668491.6999
1,698.3843,668.7403,668740.2999
1,698.4644,668.8204,668820.3999
1,698.7985,669.1545,669154.4999
1,698.8129,669.1689,669168.8999
1,698.8250,669.1810,669180.9999
1,698.9813,669.3373,669337.2999
1,699.0973,669.4533,669453.2999
1,699.1092,669.4652,669465.1999
1,699.1161,669.4721,669472.0999
1,699.2140,669.5700,669569.9999
1,699.3437,669.6997,669699.6999
1,699.3558,669.7118,669711.7999
1,699.5106,669.8666,669866.5999
1,700.1892,670.5452,670545.1999
1,700.5550,670.9110,670910.9999
1,700.5844,670.9404,670940.3999
1,700.8450,671.2010,671200.9999
1,700.8745,671.2305,671230.4999
1,700.9351,671.2911,671291.0999
1,701.4379,671.7939,671793.8999
1,701.4730,671.8290,671828.9999
1,701.4911,671.8471,671847.0999
1,701.8570,672.2130,672212.9999
1,702.3706,672.7266,672726.5999
1,702.3912,672.7472,672747.1999
1,702.6480,673.0040,673003.9999
1,702.8957,673.2517,673251.6999
1,703.0451,673.4011,673401.0999
1,703.7117,674.0677,674067.6999
1,703.7253,674.0813,674081.2999
1,703.9309,674.2869,674286.8999
1,704.2583,674.6143,674614.2999
1,704.9888,675.3448,675344.7999
1,705.2119,675.5679,675567.8999
1,705.2152,675.5712,675571.1999
1,705.4297,675.7857,675785.6999
1,705.5197,675.8757,675875.6999
1,705.7569,676.1129,676112.8999
1,705.8057,676.1617,676161.6999
1,706.2259,676.5819,676581.8999
1,706.2519,676.6079,676607.8999
1,706.5143,676.8703,676870.2999
1,706.7712,677.1272,677127.1999
1,707.1865,677.5425,677542.4999
1,707.4984,677.8544,677854.3999
1,707.6602,678.0162,678016.1999
1,707.6820,678.0380,678037.9999
1,707.8816,678.2376,678237.5999
1,707.8869,678.2429,678242.8999
1,707.8976,678.2536,678253.5999
1,708.0741,678.4301,678430.0999
1,708.0964,678.4524,678452.3999
1,708.1199,678.4759,678475.8999
1,708.2547,678.6107,678610.6999
1,708.3902,678.7462,678746.1999
1,708.4009,678.7569,678756.8999
1,708.4189,678.7749,678774.8999
1,708.7735,679.1295,679129.4999
1,709.0782,679.4342,679434.1999
1,709.1741,679.5301,679530.0999
1,709.6449,680.0009,680000.8999
1,709.9063,680.2623,680262.2999
1,710.0642,680.4202,680420.1999
1,710.1604,680.5164,680516.3999
1,710.2348,680.5908,680590.7999
1,710.4455,680.8015,680801.4999
1,710.6636,681.0196,681019.5999
1,710.6814,681.0374,681037.3999
1,710.7550,681.1110,681110.9999
1,711.0963,681.4523,681452.2999
1,711.1680,681.5240,681523.9999
1,711.2315,681.5875,681587.4999
1,711.2812,681.6372,681637.1999
1,711.3112,681.6672,681667.1999
1,711.3308,681.6868,681686.7999
1,711.3388,681.6948,681694.7999
1,711.3979,681.7539,681753.8999
1,711.4153,681.7713,681771.2999
1,711.8102,682.1662,682166.1999
1,711.9345,682.2905,682290.4999
1,711.9477,682.3037,682303.6999
1,711.9737,682.3297,682329.6999
1,712.1134,682.4694,682469.3999
1,712.9313,683.2873,683287.2999
1,712.9792,683.3352,683335.1999
1,713.3669,683.7229,683722.8999
1,713.8434,684.1994,684199.3999
1,713.8452,684.2012,684201.1999
1,714.2388,684.5948,684594.7999
1,714.4629,684.8189,684818.8999
1,714.5851,684.9411,684941.0999
1,714.7400,685.0960,685095.9999
1,714.7518,685.1078,685107.7999
1,714.7919,685.1479,685147.8999
1,714.9884,685.3444,685344.3999
1,715.3346,685.6906,685690.5999
1,715.4479,685.8039,685803.8999
1,715.6424,685.9984,685998.3999
1,715.9125,686.2685,686268.4999
1,716.0693,686.4253,686425.2999
1,716.4164,686.7724,686772.3999
1,716.4689,686.8249,686824.8999
1,716.5606,686.9166,686916.5999
1,716.9471,687.3031,687303.0999
1,716.9583,687.3143,687314.2999
1,717.2462,687.6022,687602.1999
1,717.4759,687.8319,687831.8999
1,717.5282,687.8842,687884.1999
1,717.7791,688.1351,688135.0999
1,717.7893,688.1453,688145.2999
1,718.0736,688.4296,688429.5999
1,718.1362,688.4922,688492.1999
1,718.1540,688.5100,688509.9999
1,718.3556,688.7116,688711.5999
1,718.8568,689.2128,689212.7999
1,719.0100,689.3660,689365.9999
1,719.0153,689.3713,689371.2999
1,719.7996,690.1556,690155.5999
1,719.8664,690.2224,690222.3999
1,719.8905,690.2465,690246.4999
1,721.0858,691.4418,691441.7999
1,721.1044,691.4604,691460.3999
1,721.1158,691.4718,691471.7999
1,721.4672,691.8232,691823.1999
1,721.5598,691.9158,691915.7999
1,722.0151,692.3711,692371.0999
1,722.4612,692.8172,692817.1999
1,722.5321,692.8881,692888.0999
1,722.5337,692.8897,692889.6999
1,723.4521,693.8081,693808.0999
1,723.4733,693.8293,693829.2999
1,724.2929,694.6489,694648.8999
1,724.4109,694.7669,694766.8999
1,724.6923,695.0483,695048.2999
1,724.7349,695.0909,695090.8999
1,724.7912,695.1472,695147.1999
1,725.2635,695.6195,695619.4999
1,725.6524,696.0084,696008.3999
1,726.3695,696.7255,696725.4999
1,726.4793,696.8353,696835.2999
1,726.7463,697.1023,697102.2999
1,726.8626,697.2186,697218.5999
1,727.0103,697.3663,697366.2999
1,727.0516,697.4076,697407.5999
1,727.3718,697.7278,697727.7999
1,727.7503,698.1063,698106.2999
1,727.7657,698.1217,698121.6999
1,727.8526,698.2086,698208.5999
1,727.9534,698.3094,698309.3999
1,728.4024,698.7584,698758.3999
1,728.4127,698.7687,698768.6999
1,728.6567,699.0127,699012.6999
1,728.6929,699.0489,699048.8999
1,728.7147,699.0707,699070.6999
1,728.8333,699.1893,699189.2999
1,729.0159,699.3719,699371.8999
1,730.0786,700.4346,700434.5999
1,730.2841,700.6401,700640.0999
1,730.3915,700.7475,700747.4999
1,730.8600,701.2160,701215.9999
1,730.9986,701.3546,701354.5999
1,731.0089,701.3649,701364.8999
1,731.1551,701.5111,701511.0999
1,731.3600,701.7160,701715.9999
1,731.4508,701.8068,701806.7999
1,731.8714,702.2274,702227.3999
1,731.9855,702.3415,702341.4999
1,732.0598,702.4158,702415.7999
1,732.5339,702.8899,702889.8999
1,732.5589,702.9149,702914.8999
1,732.8654,703.2214,703221.3999
1,733.0953,703.4513,703451.2999
1,733.4314,703.7874,703787.3999
1,733.5502,703.9062,703906.1999
1,733.5854,703.9414,703941.3999
1,733.6070,703.9630,703962.9999
1,733.6985,704.0545,704054.4999
1,733.7056,704.0616,704061.5999
1,733.7279,704.0839,704083.8999
1,733.7645,704.1205,704120.4999
1,733.7773,704.1333,704133.2999
1,733.8116,704.1676,704167.5999
1,734.2265,704.5825,704582.4999
1,734.6234,704.9794,704979.3999
1,734.6882,705.0442,705044.1999
1,734.7895,705.1455,705145.4999
1,735.4745,705.8305,705830.4999
1,735.5997,705.9557,705955.6999
1,735.6124,705.9684,705968.3999
1,736.1563,706.5123,706512.2999
1,736.3175,706.6735,706673.4999
1,736.5917,706.9477,706947.6999
1,737.0408,707.3968,707396.7999
1,737.3109,707.6669,707666.8999
1,737.5019,707.8579,707857.8999
1,737.6352,707.9912,707991.1999
1,737.6492,708.0052,708005.1999
1,738.0525,708.4085,708408.4999
1,738.0931,708.4491,708449.0999
1,738.1055,708.4615,708461.4999
1,738.2068,708.5628,708562.7999
1,738.3191,708.6751,708675.0999
1,738.6456,709.0016,709001.5999
1,738.6572,709.0132,709013.1999
1,738.9326,709.2886,709288.5999
1,739.2950,709.6510,709650.9999
1,739.6298,709.9858,709985.7999
1,739.7609,710.1169,710116.8999
1,740.2937,710.6497,710649.6999
1,740.3777,710.7337,710733.6999
1,740.6265,710.9825,710982.4999
1,740.6377,710.9937,710993.6999
1,740.6999,711.0559,711055.8999
1,741.0594,711.4154,711415.3999
1,741.2734,711.6294,711629.3999
1,741.4532,711.8092,711809.1999
1,741.4635,711.8195,711819.4999
1,741.7387,712.0947,712094.6999
1,741.7450,712.1010,712100.9999
1,741.9418,712.2978,712297.7999
1,741.9861,712.3421,712342.0999
1,742.4664,712.8224,712822.3999
1,742.7567,713.1127,713112.6999
1,743.5542,713.9102,713910.1999
1,743.7100,714.0660,714065.9999
1,743.8305,714.1865,714186.4999
1,744.4812,714.8372,714837.1999
1,744.7635,715.1195,715119.4999
1,745.0334,715.3894,715389.3999
1,745.6422,715.9982,715998.1999
1,745.6906,716.0466,716046.5999
1,745.7827,716.1387,716138.6999
1,746.2466,716.6026,716602.5999
1,746.3976,716.7536,716753.5999
1,746.4179,716.7739,716773.8999
1,746.5806,716.9366,716936.5999
1,747.1476,717.5036,717503.5999
1,747.4607,717.8167,717816.6999
1,747.5769,717.9329,717932.8999
1,747.7497,718.1057,718105.6999
1,747.9985,718.3545,718354.4999
1,748.7410,719.0970,719096.9999
1,748.8486,719.2046,719204.5999
1,748.9086,719.2646,719264.5999
1,748.9934,719.3494,719349.3999
1,749.0437,719.3997,719399.6999
1,749.0846,719.4406,719440.5999
1,749.1055,719.4615,719461.4999
1,749.2500,719.6060,719605.9999
1,749.2551,719.6111,719611.0999
1,749.2808,719.6368,719636.7999
1,749.4751,719.8311,719831.0999
1,749.6348,719.9908,719990.7999
1,749.6661,720.0221,720022.0999
1,749.7774,720.1334,720133.3999
1,750.0897,720.4457,720445.6999
1,750.0945,720.4505,720450.4999
1,750.1366,720.4926,720492.5999
1,750.4233,720.7793,720779.2999
1,750.4708,720.8268,720826.7999
1,750.5980,720.9540,720953.9999
1,750.6004,720.9564,720956.3999
1,750.6086,720.9646,720964.5999
1,750.6403,720.9963,720996.2999
1,750.7426,721.0986,721098.5999
1,750.8894,721.2454,721245.3999
1,751.0206,721.3766,721376.5999
1,751.7706,722.1266,722126.5999
1,751.9256,722.2816,722281.5999
1,752.0804,722.4364,722436.3999
1,752.0992,722.4552,722455.1999
1,752.1081,722.4641,722464.0999
1,752.1705,722.5265,722526.4999
1,752.1938,722.5498,722549.7999
1,752.4236,722.7796,722779.5999
1,752.5911,722.9471,722947.0999
1,752.6844,723.0404,723040.3999
1,752.7320,723.0880,723087.9999
1,752.7788,723.1348,723134.7999
1,752.9859,723.3419,723341.8999
1,753.0374,723.3934,723393.3999
1,753.3916,723.7476,723747.5999
1,753.7257,724.0817,724081.6999
1,753.7352,724.0912,724091.1999
1,753.8842,724.2402,724240.1999
1,754.1789,724.5349,724534.8999
1,754.2280,724.5840,724583.9999
1,754.2496,724.6056,724605.5999
1,754.3807,724.7367,724736.6999
1,754.4986,724.8546,724854.5999
1,754.5140,724.8700,724869.9999
1,754.5674,724.9234,724923.3999
1,754.5866,724.9426,724942.5999
1,754.5948,724.9508,724950.7999
1,754.6861,725.0421,725042.0999
1,754.8158,725.1718,725171.7999
1,754.8774,725.2334,725233.3999
1,755.2069,725.5629,725562.8999
1,755.2293,725.5853,725585.2999
1,755.2665,725.6225,725622.4999
1,755.2782,725.6342,725634.1999
1,755.2949,725.6509,725650.8999
1,755.3678,725.7238,725723.7999
1,755.3784,725.7344,725734.3999
1,755.9456,726.3016,726301.5999
1,756.1395,726.4955,726495.4999
1,756.5279,726.8839,726883.8999
1,756.8903,727.2463,727246.2999
1,757.3111,727.6671,727667.0999
1,757.7998,728.1558,728155.7999
1,758.2890,728.6450,728644.9999
1,758.5601,728.9161,728916.0999
1,758.9957,729.3517,729351.6999
1,759.6934,730.0494,730049.3999
1,759.9776,730.3336,730333.5999
1,760.0408,730.3968,730396.7999
1,760.5143,730.8703,730870.2999
1,760.6595,731.0155,731015.4999
1,761.1176,731.4736,731473.5999
1,761.3574,731.7134,731713.3999
1,761.6509,732.0069,732006.8999
1,761.8591,732.2151,732215.0999
1,761.8741,732.2301,732230.0999
1,762.4955,732.8515,732851.4999
1,762.7096,733.0656,733065.5999
1,763.1113,733.4673,733467.2999
1,763.2885,733.6445,733644.4999
1,763.3706,733.7266,733726.5999
1,763.3975,733.7535,733753.4999
1,763.4358,733.7918,733791.7999
1,763.5077,733.8637,733863.6999
1,763.7829,734.1389,734138.8999
1,763.9888,734.3448,734344.7999
1,764.0469,734.4029,734402.8999
1,764.1841,734.5401,734540.0999
1,764.3707,734.7267,734726.6999
1,764.3835,734.7395,734739.4999
1,764.9558,735.3118,735311.7999
1,764.9687,735.3247,735324.6999
1,765.0033,735.3593,735359.2999
1,765.1616,735.5176,735517.5999
1,765.2400,735.5960,735595.9999
1,765.2821,735.6381,735638.0999
1,765.4684,735.8244,735824.3999
1,765.5551,735.9111,735911.0999
1,765.7362,736.0922,736092.1999
1,765.8367,736.1927,736192.6999
1,766.7858,737.1418,737141.7999
1,767.2186,737.5746,737574.5999
1,768.0008,738.3568,738356.7999
1,768.2046,738.5606,738560.5999
1,768.3900,738.7460,738745.9999
1,768.6218,738.9778,738977.7999
1,769.4414,739.7974,739797.3999
1,769.4533,739.8093,739809.2999
1,769.4611,739.8171,739817.0999
1,769.5401,739.8961,739896.0999
1,770.0532,740.4092,740409.1999
1,770.1230,740.4790,740478.9999
1,770.1408,740.4968,740496.7999
1,770.4209,740.7769,740776.8999
1,770.4899,740.8459,740845.8999
1,770.5038,740.8598,740859.7999
1,770.6517,741.0077,741007.6999
1,770.6786,741.0346,741034.5999
1,770.8656,741.2216,741221.5999
1,771.0342,741.3902,741390.1999
1,771.1755,741.5315,741531.4999
1,771.7547,742.1107,742110.6999
1,771.9627,742.3187,742318.6999
1,771.9829,742.3389,742338.8999
1,772.0277,742.3837,742383.6999
1,772.0518,742.4078,742407.7999
1,772.3542,742.7102,742710.1999
1,772.8854,743.2414,743241.3999
1,773.5926,743.9486,743948.5999
1,773.6136,743.9696,743969.5999
1,773.7697,744.1257,744125.6999
1,774.1175,744.4735,744473.4999
1,774.1299,744.4859,744485.8999
1,774.4216,744.7776,744777.5999
1,774.7658,745.1218,745121.7999
1,774.9068,745.2628,745262.7999
1,774.9164,745.2724,745272.3999
1,775.1010,745.4570,745456.9999
1,775.1071,745.4631,745463.0999
1,775.4930,745.8490,745848.9999
1,775.5045,745.8605,745860.4999
1,775.6432,745.9992,745999.1999
1,775.6568,746.0128,746012.7999
1,775.7108,746.0668,746066.7999
1,776.0068,746.3628,746362.7999
1,776.0499,746.4059,746405.8999
1,776.0547,746.4107,746410.6999
1,776.0686,746.4246,746424.5999
1,776.1093,746.4653,746465.2999
1,776.1243,746.4803,746480.2999
1,776.1444,746.5004,746500.3999
1,776.1522,746.5082,746508.1999
1,776.1705,746.5265,746526.4999
1,776.2718,746.6278,746627.7999
1,776.3826,746.7386,746738.5999
1,776.5906,746.9466,746946.5999
1,776.6897,747.0457,747045.6999
1,776.9193,747.2753,747275.2999
1,776.9403,747.2963,747296.2999
1,776.9504,747.3064,747306.3999
1,777.6772,748.0332,748033.1999
1,777.8429,748.1989,748198.8999
1,777.8700,748.2260,748225.9999
1,777.8767,748.2327,748232.6999
1,778.1078,748.4638,748463.7999
1,778.1233,748.4793,748479.2999
1,778.3823,748.7383,748738.2999
1,778.3944,748.7504,748750.3999
1,778.6672,749.0232,749023.1999
1,778.7632,749.1192,749119.1999
1,779.3385,749.6945,749694.4999
1,779.5673,749.9233,749923.2999
1,779.5735,749.9295,749929.4999
1,779.7620,750.1180,750117.9999
1,780.0523,750.4083,750408.2999
1,780.5428,750.8988,750898.7999
1,780.6590,751.0150,751014.9999
1,780.6686,751.0246,751024.5999
1,780.6765,751.0325,751032.4999
1,780.6858,751.0418,751041.7999
1,781.0781,751.4341,751434.0999
1,781.0950,751.4510,751450.9999
1,781.1427,751.4987,751498.6999
1,781.6517,752.0077,752007.6999
1,781.6624,752.0184,752018.3999
1,781.7985,752.1545,752154.4999
1,782.3524,752.7084,752708.3999
1,782.4285,752.7845,752784.4999
1,782.4450,752.8010,752800.9999
1,782.4978,752.8538,752853.7999
1,782.5367,752.8927,752892.6999
1,782.7591,753.1151,753115.0999
1,782.8033,753.1593,753159.2999
1,782.9067,753.2627,753262.6999
1,782.9578,753.3138,753313.7999
1,783.5814,753.9374,753937.3999
1,783.7665,754.1225,754122.4999
1,783.8470,754.2030,754202.9999
1,784.1608,754.5168,754516.7999
1,785.0269,755.3829,755382.8999
1,785.0569,755.4129,755412.8999
1,785.3990,755.7550,755754.9999
1,785.6235,755.9795,755979.4999
1,785.7157,756.0717,756071.6999
1,785.7434,756.0994,756099.3999
1,785.7501,756.1061,756106.0999
1,785.7620,756.1180,756117.9999
1,785.8752,756.2312,756231.1999
1,785.9582,756.3142,756314.1999
1,786.1448,756.5008,756500.7999
1,786.1673,756.5233,756523.2999
1,786.2309,756.5869,756586.8999
1,786.4159,756.7719,756771.8999
1,786.5325,756.8885,756888.4999
1,786.5823,756.9383,756938.2999
1,786.6707,757.0267,757026.6999
1,786.8608,757.2168,757216.7999
1,786.9011,757.2571,757257.0999
1,786.9547,757.3107,757310.6999
1,787.2401,757.5961,757596.0999
1,787.3769,757.7329,757732.8999
1,787.6639,758.0199,758019.8999
1,787.6818,758.0378,758037.7999
1,787.8376,758.1936,758193.5999
1,788.6185,758.9745,758974.4999
1,789.0177,759.3737,759373.6999
1,789.0526,759.4086,759408.5999
1,789.3233,759.6793,759679.2999
1,789.6545,760.0105,760010.4999
1,791.3591,761.7151,761715.0999
1,791.6928,762.0488,762048.7999
1,791.7058,762.0618,762061.7999
1,791.9002,762.2562,762256.1999
1,791.9836,762.3396,762339.5999
1,792.3311,762.6871,762687.0999
1,792.4909,762.8469,762846.8999
1,792.8791,763.2351,763235.0999
1,792.8931,763.2491,763249.0999
1,792.9672,763.3232,763323.1999
1,793.0644,763.4204,763420.3999
1,793.1534,763.5094,763509.3999
1,793.2174,763.5734,763573.3999
1,793.2214,763.5774,763577.3999
1,793.3829,763.7389,763738.8999
1,793.4730,763.8290,763828.9999
1,793.7633,764.1193,764119.2999
1,793.9975,764.3535,764353.4999
1,794.3196,764.6756,764675.5999
1,795.4201,765.7761,765776.0999
1,795.4241,765.7801,765780.0999
1,795.4363,765.7923,765792.2999
1,795.4587,765.8147,765814.6999
1,795.5659,765.9219,765921.8999
1,796.0033,766.3593,766359.2999
1,796.1818,766.5378,766537.7999
1,796.2205,766.5765,766576.4999
1,796.2242,766.5802,766580.1999
1,796.2585,766.6145,766614.4999
1,796.9521,767.3081,767308.0999
1,797.0616,767.4176,767417.5999
1,797.0896,767.4456,767445.5999
1,797.2960,767.6520,767651.9999
1,797.6703,768.0263,768026.2999
1,798.2043,768.5603,768560.2999
1,798.2628,768.6188,768618.7999
1,798.4575,768.8135,768813.4999
1,798.6134,768.9694,768969.3999
1,798.6351,768.9911,768991.0999
1,798.7748,769.1308,769130.7999
1,798.8513,769.2073,769207.2999
1,799.0510,769.4070,769406.9999
1,799.2020,769.5580,769557.9999
1,799.4599,769.8159,769815.8999
1,799.6836,770.0396,770039.5999
1,800.2756,770.6316,770631.5999
1,800.4654,770.8214,770821.3999
1,800.7351,771.0911,771091.0999
1,800.8935,771.2495,771249.4999
1,800.9775,771.3335,771333.4999
1,801.4227,771.7787,771778.6999
1,801.4514,771.8074,771807.3999
1,801.4611,771.8171,771817.0999
1,801.5072,771.8632,771863.1999
1,801.6707,772.0267,772026.6999
1,801.7288,772.0848,772084.7999
1,801.8022,772.1582,772158.1999
1,801.8085,772.1645,772164.4999
1,802.0823,772.4383,772438.2999
1,802.2591,772.6151,772615.0999
1,802.8198,773.1758,773175.7999
1,803.2735,773.6295,773629.4999
1,803.4590,773.8150,773814.9999
1,803.9011,774.2571,774257.0999
1,803.9356,774.2916,774291.5999
1,804.2723,774.6283,774628.2999
1,804.6745,775.0305,775030.4999
1,805.2385,775.5945,775594.4999
1,805.4871,775.8431,775843.0999
1,805.7365,776.0925,776092.4999
1,805.8596,776.2156,776215.5999
1,806.0129,776.3689,776368.8999
1,806.2611,776.6171,776617.0999
1,806.5055,776.8615,776861.4999
1,806.5518,776.9078,776907.7999
1,806.7808,777.1368,777136.7999
1,807.0711,777.4271,777427.0999
1,807.0974,777.4534,777453.3999
1,807.1266,777.4826,777482.5999
1,807.2181,777.5741,777574.0999
1,807.3549,777.7109,777710.8999
1,807.5455,777.9015,777901.4999
1,807.8388,778.1948,778194.7999
1,807.8516,778.2076,778207.5999
1,807.8632,778.2192,778219.1999
1,808.2785,778.6345,778634.4999
1,808.3144,778.6704,778670.3999
1,808.3599,778.7159,778715.8999
1,808.4881,778.8441,778844.0999
1,808.9511,779.3071,779307.0999
1,809.0391,779.3951,779395.0999
1,809.2221,779.5781,779578.0999
1,809.2383,779.5943,779594.2999
1,809.2618,779.6178,779617.7999
1,809.6280,779.9840,779983.9999
1,810.5540,780.9100,780909.9999
1,810.8301,781.1861,781186.0999
1,810.8402,781.1962,781196.1999
1,811.3217,781.6777,781677.6999
1,811.5991,781.9551,781955.0999
1,811.6720,782.0280,782027.9999
1,811.6867,782.0427,782042.6999
1,811.8688,782.2248,782224.7999
1,811.9175,782.2735,782273.4999
1,812.2996,782.6556,782655.5999
1,812.3217,782.6777,782677.6999
1,813.5004,783.8564,783856.3999
1,814.5271,784.8831,784883.0999
1,814.5412,784.8972,784897.1999
1,814.6399,784.9959,784995.8999
1,814.7013,785.0573,785057.2999
1,815.3585,785.7145,785714.4999
1,815.3877,785.7437,785743.6999
1,815.4879,785.8439,785843.8999
1,815.5962,785.9522,785952.1999
1,816.0015,786.3575,786357.4999
1,816.0079,786.3639,786363.8999
1,816.5096,786.8656,786865.5999
1,816.5228,786.8788,786878.7999
1,816.5564,786.9124,786912.3999
1,817.1844,787.5404,787540.3999
1,820.6115,790.9675,790967.4999
1,820.7403,791.0963,791096.2999
1,821.0143,791.3703,791370.2999
1,821.0263,791.3823,791382.2999
1,821.1530,791.5090,791508.9999
1,821.7700,792.1260,792125.9999
1,822.1985,792.5545,792554.4999
1,823.1319,793.4879,793487.8999
1,823.5679,793.9239,793923.8999
1,823.5961,793.9521,793952.0999
1,824.1003,794.4563,794456.2999
1,824.3344,794.6904,794690.3999
1,824.5420,794.8980,794897.9999
1,824.7023,795.0583,795058.2999
1,825.9006,796.2566,796256.5999
1,825.9310,796.2870,796286.9999
1,825.9974,796.3534,796353.3999
1,826.1556,796.5116,796511.5999
1,826.6125,796.9685,796968.4999
1,827.1091,797.4651,797465.0999
1,827.2453,797.6013,797601.2999
1,827.9187,798.2747,798274.6999
1,827.9370,798.2930,798292.9999
1,828.2630,798.6190,798618.9999
1,828.6491,799.0051,799005.0999
1,828.8113,799.1673,799167.2999
1,830.0320,800.3880,800387.9999
1,830.0816,800.4376,800437.5999
1,830.2611,800.6171,800617.0999
1,831.6154,801.9714,801971.3999
1,832.4768,802.8328,802832.7999
1,832.7229,803.0789,803078.8999
1,832.9199,803.2759,803275.8999
1,834.1918,804.5478,804547.7999
1,835.2785,805.6345,805634.4999
1,835.2904,805.6464,805646.3999
1,835.6073,805.9633,805963.2999
1,835.7376,806.0936,806093.5999
1,835.7851,806.1411,806141.0999
1,836.0577,806.4137,806413.6999
1,836.5167,806.8727,806872.6999
1,837.0604,807.4164,807416.3999
1,837.1731,807.5291,807529.0999
1,837.2029,807.5589,807558.8999
1,837.3135,807.6695,807669.4999
1,837.9391,808.2951,808295.0999
1,838.1044,808.4604,808460.3999
1,838.2376,808.5936,808593.5999
1,838.3104,808.6664,808666.3999
1,838.6634,809.0194,809019.3999
1,838.7824,809.1384,809138.3999
1,838.8083,809.1643,809164.2999
1,838.8319,809.1879,809187.8999
1,838.8358,809.1918,809191.7999
1,839.0625,809.4185,809418.4999
1,839.0744,809.4304,809430.3999
1,839.0810,809.4370,809436.9999
1,839.1166,809.4726,809472.5999
1,839.1390,809.4950,809494.9999
1,840.4427,810.7987,810798.6999
1,840.5367,810.8927,810892.6999
1,840.7516,811.1076,811107.5999
1,840.7950,811.1510,811150.9999
1,841.0657,811.4217,811421.6999
1,841.2578,811.6138,811613.7999
1,841.8983,812.2543,812254.2999
1,841.9722,812.3282,812328.1999
1,842.3864,812.7424,812742.3999
1,842.5142,812.8702,812870.1999
1,842.7282,813.0842,813084.1999
1,842.7483,813.1043,813104.2999
1,842.7657,813.1217,813121.6999
1,843.5169,813.8729,813872.8999
1,843.7388,814.0948,814094.7999
1,843.8543,814.2103,814210.2999
1,843.9289,814.2849,814284.8999
1,845.1893,815.5453,815545.2999
1,845.9894,816.3454,816345.3999
1,846.5345,816.8905,816890.4999
1,846.5979,816.9539,816953.8999
1,846.7678,817.1238,817123.7999
1,846.8281,817.1841,817184.0999
1,846.9608,817.3168,817316.7999
1,847.0602,817.4162,817416.1999
1,847.2402,817.5962,817596.1999
1,847.4481,817.8041,817804.0999
1,847.7218,818.0778,818077.7999
1,848.1715,818.5275,818527.4999
1,848.5753,818.9313,818931.2999
1,848.6527,819.0087,819008.6999
1,848.6570,819.0130,819012.9999
1,848.8119,819.1679,819167.8999
1,848.9675,819.3235,819323.4999
1,849.0117,819.3677,819367.6999
1,849.0458,819.4018,819401.7999
1,849.4956,819.8516,819851.5999
1,849.6048,819.9608,819960.7999
1,849.7603,820.1163,820116.2999
1,849.8370,820.1930,820192.9999
1,849.8433,820.1993,820199.2999
1,850.0128,820.3688,820368.7999
1,850.9319,821.2879,821287.8999
1,851.5427,821.8987,821898.6999
1,851.9579,822.3139,822313.8999
1,852.0396,822.3956,822395.5999
1,853.3083,823.6643,823664.2999
1,853.9441,824.3001,824300.0999
1,853.9658,824.3218,824321.7999
1,854.2818,824.6378,824637.7999
1,854.4656,824.8216,824821.5999
1,854.4724,824.8284,824828.3999
1,854.4871,824.8431,824843.0999
1,854.5055,824.8615,824861.4999
1,854.5406,824.8966,824896.5999
1,854.8307,825.1867,825186.6999
1,854.9053,825.2613,825261.2999
1,855.2164,825.5724,825572.3999
1,855.2448,825.6008,825600.7999
1,855.2613,825.6173,825617.2999
1,855.2694,825.6254,825625.3999
1,855.2941,825.6501,825650.0999
1,855.3277,825.6837,825683.6999
1,855.3597,825.7157,825715.6999
1,855.4652,825.8212,825821.1999
1,855.4740,825.8300,825829.9999
1,855.4763,825.8323,825832.2999
1,855.5412,825.8972,825897.1999
1,855.5687,825.9247,825924.6999
1,855.5986,825.9546,825954.5999
1,855.6028,825.9588,825958.7999
1,855.6288,825.9848,825984.7999
1,855.6359,825.9919,825991.8999
1,855.6446,826.0006,826000.5999
1,855.6464,826.0024,826002.3999
1,855.6547,826.0107,826010.6999
1,855.6913,826.0473,826047.2999
1,855.7442,826.1002,826100.1999
1,855.7645,826.1205,826120.4999
1,855.7742,826.1302,826130.1999
1,855.7763,826.1323,826132.2999
1,855.9483,826.3043,826304.2999
1,855.9568,826.3128,826312.7999
1,856.4012,826.7572,826757.1999
1,856.6633,827.0193,827019.2999
1,856.8580,827.2140,827213.9999
1,857.7145,828.0705,828070.4999
1,857.7215,828.0775,828077.4999
1,857.8480,828.2040,828203.9999
1,857.8593,828.2153,828215.2999
1,857.8671,828.2231,828223.0999
1,857.9695,828.3255,828325.4999
1,858.0980,828.4540,828453.9999
1,858.1089,828.4649,828464.8999
1,858.1479,828.5039,828503.8999
1,858.1632,828.5192,828519.1999
1,858.2332,828.5892,828589.1999
1,858.4023,828.7583,828758.2999
1,858.5849,828.9409,828940.8999
1,858.8768,829.2328,829232.7999
1,859.4532,829.8092,829809.1999
1,859.6094,829.9654,829965.3999
1,859.7310,830.0870,830086.9999
1,859.7501,830.1061,830106.0999
1,859.9690,830.3250,830324.9999
1,860.3780,830.7340,830733.9999
1,860.4336,830.7896,830789.5999
1,860.6318,830.9878,830987.7999
1,860.6554,831.0114,831011.3999
1,860.7039,831.0599,831059.8999
1,860.7236,831.0796,831079.5999
1,861.1614,831.5174,831517.3999
1,862.3369,832.6929,832692.8999
1,862.6060,832.9620,832961.9999
1,862.7641,833.1201,833120.0999
1,862.7831,833.1391,833139.0999
1,862.8780,833.2340,833233.9999
1,863.1157,833.4717,833471.6999
1,863.1287,833.4847,833484.6999
1,864.0444,834.4004,834400.3999
1,864.0736,834.4296,834429.5999
1,864.1990,834.5550,834554.9999
1,864.2803,834.6363,834636.2999
1,864.4236,834.7796,834779.5999
1,864.4481,834.8041,834804.0999
1,864.4867,834.8427,834842.6999
1,864.5482,834.9042,834904.1999
1,864.6812,835.0372,835037.1999
1,865.2875,835.6435,835643.4999
1,865.5105,835.8665,835866.4999
1,865.9476,836.3036,836303.5999
1,866.4240,836.7800,836779.9999
1,866.4377,836.7937,836793.6999
1,866.5756,836.9316,836931.5999
1,866.6122,836.9682,836968.1999
1,867.1046,837.4606,837460.5999
1,867.1152,837.4712,837471.1999
1,867.1298,837.4858,837485.7999
1,867.4260,837.7820,837781.9999
1,867.5624,837.9184,837918.3999
1,867.6084,837.9644,837964.3999
1,867.6141,837.9701,837970.0999
1,867.7893,838.1453,838145.2999
1,867.8075,838.1635,838163.4999
1,867.8788,838.2348,838234.7999
1,868.1309,838.4869,838486.8999
1,868.3312,838.6872,838687.1999
1,868.4576,838.8136,838813.5999
1,868.4683,838.8243,838824.2999
1,869.0456,839.4016,839401.5999
1,869.0588,839.4148,839414.7999
1,869.2265,839.5825,839582.4999
1,869.7138,840.0698,840069.7999
1,869.7265,840.0825,840082.4999
1,870.4535,840.8095,840809.4999
1,871.2241,841.5801,841580.0999
1,871.2355,841.5915,841591.4999
1,871.8143,842.1703,842170.2999
1,872.8422,843.1982,843198.1999
1,872.9794,843.3354,843335.3999
1,873.3652,843.7212,843721.1999
1,873.4071,843.7631,843763.0999
1,873.4255,843.7815,843781.4999
1,873.6357,843.9917,843991.6999
1,874.0894,844.4454,844445.3999
1,874.8766,845.2326,845232.5999
1,874.9068,845.2628,845262.7999
1,875.0386,845.3946,845394.5999
1,875.1045,845.4605,845460.4999
1,875.2104,845.5664,845566.3999
1,875.2341,845.5901,845590.0999
1,875.2453,845.6013,845601.2999
1,875.4770,845.8330,845832.9999
1,875.5071,845.8631,845863.0999
1,876.0302,846.3862,846386.1999
1,876.5418,846.8978,846897.7999
1,876.8895,847.2455,847245.4999
1,877.0257,847.3817,847381.6999
1,877.3663,847.7223,847722.2999
1,877.3806,847.7366,847736.5999
1,878.2258,848.5818,848581.7999
1,878.2882,848.6442,848644.1999
1,879.3280,849.6840,849683.9999
1,880.2497,850.6057,850605.6999
1,881.0966,851.4526,851452.5999
1,881.1126,851.4686,851468.5999
1,881.2372,851.5932,851593.1999
1,881.3891,851.7451,851745.0999
1,881.5871,851.9431,851943.0999
1,881.7480,852.1040,852103.9999
1,881.8155,852.1715,852171.4999
1,882.3116,852.6676,852667.5999
1,882.5508,852.9068,852906.7999
1,882.9830,853.3390,853338.9999
1,882.9999,853.3559,853355.8999
1,883.7519,854.1079,854107.8999
1,884.1473,854.5033,854503.2999
1,884.2247,854.5807,854580.6999
1,884.2385,854.5945,854594.4999
1,884.3949,854.7509,854750.8999
1,884.4145,854.7705,854770.4999
1,884.5253,854.8813,854881.2999
1,884.7289,855.0849,855084.8999
1,885.3708,855.7268,855726.7999
1,885.9398,856.2958,856295.7999
1,886.3090,856.6650,856664.9999
1,886.9091,857.2651,857265.0999
1,887.0187,857.3747,857374.6999
1,887.1897,857.5457,857545.6999
1,887.7701,858.1261,858126.0999
1,888.0326,858.3886,858388.5999
1,888.5082,858.8642,858864.1999
1,888.5185,858.8745,858874.4999
1,888.5725,858.9285,858928.4999
1,888.5798,858.9358,858935.7999
1,888.9951,859.3511,859351.0999
1,889.0420,859.3980,859397.9999
1,889.1571,859.5131,859513.0999
1,889.2426,859.5986,859598.5999
1,889.5799,859.9359,859935.8999
1,889.6358,859.9918,859991.7999
1,889.6505,860.0065,860006.4999
1,889.6566,860.0126,860012.5999
1,889.7569,860.1129,860112.8999
1,889.7834,860.1394,860139.3999
1,889.8006,860.1566,860156.5999
1,890.1528,860.5088,860508.7999
1,890.3342,860.6902,860690.1999
1,890.3754,860.7314,860731.3999
1,890.5375,860.8935,860893.4999
1,890.7750,861.1310,861130.9999
1,890.7925,861.1485,861148.4999
1,890.9216,861.2776,861277.5999
1,890.9349,861.2909,861290.8999
1,891.1421,861.4981,861498.0999
1,891.2366,861.5926,861592.5999
1,891.3005,861.6565,861656.4999
1,891.3768,861.7328,861732.7999
1,891.4336,861.7896,861789.5999
1,891.4900,861.8460,861845.9999
1,891.6379,861.9939,861993.8999
1,891.8756,862.2316,862231.5999
1,891.9134,862.2694,862269.3999
1,892.1549,862.5109,862510.8999
1,892.3997,862.7557,862755.6999
1,892.6897,863.0457,863045.6999
1,892.8840,863.2400,863239.9999
1,894.0282,864.3842,864384.1999
1,894.2975,864.6535,864653.4999
1,894.4400,864.7960,864795.9999
1,895.1418,865.4978,865497.7999
1,895.3700,865.7260,865725.9999
1,895.4736,865.8296,865829.5999
1,895.5530,865.9090,865908.9999
1,895.7939,866.1499,866149.8999
1,895.9572,866.3132,866313.1999
1,896.0532,866.4092,866409.1999
1,896.4723,866.8283,866828.2999
1,896.5959,866.9519,866951.8999
1,896.9650,867.3210,867320.9999
1,897.6225,867.9785,867978.4999
1,897.8682,868.2242,868224.1999
1,898.1338,868.4898,868489.7999
1,898.4136,868.7696,868769.5999
1,898.5887,868.9447,868944.6999
1,898.9267,869.2827,869282.6999
1,899.6300,869.9860,869985.9999
1,899.9398,870.2958,870295.7999
1,900.1262,870.4822,870482.1999
1,900.3685,870.7245,870724.4999
1,900.6534,871.0094,871009.3999
1,902.4371,872.7931,872793.0999
1,904.2009,874.5569,874556.8999
1,904.5629,874.9189,874918.8999
1,904.8466,875.2026,875202.5999
1,905.6776,876.0336,876033.5999
1,905.6800,876.0360,876035.9999
1,905.8914,876.2474,876247.3999
1,906.2028,876.5588,876558.7999
1,906.5164,876.8724,876872.3999
1,906.9411,877.2971,877297.0999
1,907.1548,877.5108,877510.7999
1,907.1716,877.5276,877527.5999
1,907.2205,877.5765,877576.4999
1,907.2227,877.5787,877578.6999
1,907.4134,877.7694,877769.3999
1,907.4231,877.7791,877779.0999
1,907.4800,877.8360,877835.9999
1,907.8856,878.2416,878241.5999
1,907.9340,878.2900,878289.9999
1,907.9364,878.2924,878292.3999
1,908.2441,878.6001,878600.0999
1,908.6212,878.9772,878977.1999
1,908.6742,879.0302,879030.1999
1,908.6780,879.0340,879033.9999
1,908.7689,879.1249,879124.8999
1,908.8073,879.1633,879163.2999
1,908.8609,879.2169,879216.8999
1,908.9371,879.2931,879293.0999
1,909.0059,879.3619,879361.8999
1,909.0656,879.4216,879421.5999
1,909.2503,879.6063,879606.2999
1,909.4664,879.8224,879822.3999
1,909.4952,879.8512,879851.1999
1,909.7904,880.1464,880146.3999
1,910.3428,880.6988,880698.7999
1,910.4451,880.8011,880801.0999
1,910.6424,880.9984,880998.3999
1,911.0963,881.4523,881452.2999
1,912.1595,882.5155,882515.4999
1,912.9213,883.2773,883277.2999
1,913.7114,884.0674,884067.3999
1,913.9292,884.2852,884285.1999
1,914.1344,884.4904,884490.3999
1,914.8254,885.1814,885181.3999
1,915.2329,885.5889,885588.8999
1,915.4745,885.8305,885830.4999
1,915.4999,885.8559,885855.8999
1,915.5528,885.9088,885908.7999
1,915.7966,886.1526,886152.5999
1,915.8564,886.2124,886212.3999
1,915.9684,886.3244,886324.3999
1,916.1043,886.4603,886460.2999
1,916.2057,886.5617,886561.6999
1,916.3642,886.7202,886720.1999
1,916.4241,886.7801,886780.0999
1,916.4689,886.8249,886824.8999
1,916.4719,886.8279,886827.8999
1,916.4923,886.8483,886848.2999
1,916.5155,886.8715,886871.4999
1,916.5203,886.8763,886876.2999
1,916.5280,886.8840,886883.9999
1,916.5425,886.8985,886898.4999
1,916.5754,886.9314,886931.3999
1,916.6528,887.0088,887008.7999
1,917.1891,887.5451,887545.0999
1,917.2953,887.6513,887651.2999
1,917.3151,887.6711,887671.0999
1,917.3920,887.7480,887747.9999
1,917.7247,888.0807,888080.6999
1,917.9013,888.2573,888257.2999
1,917.9411,888.2971,888297.0999
1,918.0537,888.4097,888409.6999
1,918.2516,888.6076,888607.5999
1,918.3089,888.6649,888664.8999
1,918.3359,888.6919,888691.8999
1,918.6300,888.9860,888985.9999
1,918.6361,888.9921,888992.0999
1,918.6385,888.9945,888994.4999
1,918.7468,889.1028,889102.7999
1,918.9211,889.2771,889277.0999
1,919.0152,889.3712,889371.1999
1,919.1387,889.4947,889494.6999
1,919.2332,889.5892,889589.1999
1,919.2857,889.6417,889641.6999
1,919.4465,889.8025,889802.4999
1,919.7627,890.1187,890118.6999
1,919.7900,890.1460,890145.9999
1,919.9451,890.3011,890301.0999
1,920.5905,890.9465,890946.4999
1,920.6177,890.9737,890973.6999
1,920.6218,890.9778,890977.7999
1,921.1313,891.4873,891487.2999
1,921.1418,891.4978,891497.7999
1,921.1496,891.5056,891505.5999
1,921.5586,891.9146,891914.5999
1,921.8330,892.1890,892188.9999
1,921.8736,892.2296,892229.5999
1,921.9033,892.2593,892259.2999
1,922.0115,892.3675,892367.4999
1,922.2250,892.5810,892580.9999
1,922.7647,893.1207,893120.6999
1,922.7789,893.1349,893134.8999
1,922.8046,893.1606,893160.5999
1,922.8456,893.2016,893201.5999
1,923.1997,893.5557,893555.6999
1,923.3204,893.6764,893676.3999
1,923.9910,894.3470,894346.9999
1,924.4055,894.7615,894761.4999
1,924.8453,895.2013,895201.2999
1,925.0887,895.4447,895444.6999
1,925.4741,895.8301,895830.0999
1,925.6038,895.9598,895959.7999
1,925.9126,896.2686,896268.5999
1,926.1292,896.4852,896485.1999
1,926.2438,896.5998,896599.7999
1,926.2971,896.6531,896653.0999
1,926.3211,896.6771,896677.0999
1,926.4133,896.7693,896769.2999
1,926.4494,896.8054,896805.3999
1,926.5314,896.8874,896887.3999
1,926.5568,896.9128,896912.7999
1,926.5795,896.9355,896935.4999
1,926.7093,897.0653,897065.2999
1,926.8131,897.1691,897169.0999
1,926.8433,897.1993,897199.2999
1,926.8753,897.2313,897231.2999
1,926.9001,897.2561,897256.0999
1,926.9709,897.3269,897326.8999
1,927.0159,897.3719,897371.8999
1,927.0255,897.3815,897381.4999
1,927.0668,897.4228,897422.7999
1,927.0838,897.4398,897439.7999
1,927.0861,897.4421,897442.0999
1,927.3997,897.7557,897755.6999
1,927.4523,897.8083,897808.2999
1,927.4583,897.8143,897814.2999
1,927.4651,897.8211,897821.0999
1,927.4802,897.8362,897836.1999
1,927.5138,897.8698,897869.7999
1,927.5569,897.9129,897912.8999
1,927.6170,897.9730,897972.9999
1,927.6642,898.0202,898020.1999
1,927.9216,898.2776,898277.5999
1,927.9331,898.2891,898289.0999
1,928.1506,898.5066,898506.5999
1,928.1987,898.5547,898554.6999
1,928.4069,898.7629,898762.8999
1,928.4383,898.7943,898794.2999
1,928.4694,898.8254,898825.3999
1,928.5112,898.8672,898867.1999
1,928.6052,898.9612,898961.1999
1,928.9593,899.3153,899315.2999
1,929.2637,899.6197,899619.6999
1,929.3270,899.6830,899682.9999
1,929.3759,899.7319,899731.8999
1,929.4236,899.7796,899779.5999
1,929.4418,899.7978,899797.7999
1,929.5706,899.9266,899926.5999
1,929.5877,899.9437,899943.6999
1,929.8045,900.1605,900160.4999
1,929.8131,900.1691,900169.0999
1,930.0258,900.3818,900381.7999
1,930.1732,900.5292,900529.1999
1,930.3010,900.6570,900656.9999
1,930.4345,900.7905,900790.4999
1,930.5011,900.8571,900857.0999
1,930.5298,900.8858,900885.7999
1,930.6820,901.0380,901037.9999
1,930.7751,901.1311,901131.0999
1,930.8516,901.2076,901207.5999
1,931.1797,901.5357,901535.6999
1,931.1913,901.5473,901547.2999
1,931.5984,901.9544,901954.3999
1,931.6616,902.0176,902017.5999
1,932.2710,902.6270,902626.9999
1,932.3121,902.6681,902668.0999
1,932.4795,902.8355,902835.4999
1,932.5650,902.9210,902920.9999
1,932.6229,902.9789,902978.8999
1,932.7540,903.1100,903109.9999
1,932.9520,903.3080,903307.9999
1,933.0970,903.4530,903452.9999
1,933.2083,903.5643,903564.2999
1,933.2606,903.6166,903616.5999
1,933.6764,904.0324,904032.3999
1,934.2278,904.5838,904583.7999
1,934.2310,904.5870,904586.9999
1,934.6178,904.9738,904973.7999
1,934.6277,904.9837,904983.6999
1,934.9713,905.3273,905327.2999
1,935.0451,905.4011,905401.0999
1,935.0665,905.4225,905422.4999
1,935.2610,905.6170,905616.9999
1,935.3332,905.6892,905689.1999
1,935.3545,905.7105,905710.4999
1,935.7648,906.1208,906120.7999
1,936.1585,906.5145,906514.4999
1,936.2182,906.5742,906574.1999
1,936.3449,906.7009,906700.8999
1,936.4430,906.7990,906798.9999
1,936.6489,907.0049,907004.8999
1,937.0139,907.3699,907369.8999
1,937.1193,907.4753,907475.2999
1,937.1751,907.5311,907531.0999
1,937.3430,907.6990,907698.9999
1,938.3062,908.6622,908662.1999
1,938.3151,908.6711,908671.0999
1,938.4256,908.7816,908781.5999
1,938.4465,908.8025,908802.4999
1,938.5982,908.9542,908954.1999
1,938.7489,909.1049,909104.8999
1,938.8586,909.2146,909214.5999
1,938.9561,909.3121,909312.0999
1,939.1160,909.4720,909471.9999
1,939.3847,909.7407,909740.6999
1,939.5680,909.9240,909923.9999
1,939.5790,909.9350,909934.9999
1,939.6053,909.9613,909961.2999
1,939.8929,910.2489,910248.8999
1,939.9569,910.3129,910312.8999
1,940.0429,910.3989,910398.8999
1,940.1980,910.5540,910553.9999
1,940.2271,910.5831,910583.0999
1,940.7311,911.0871,911087.0999
1,940.7526,911.1086,911108.5999
1,940.9846,911.3406,911340.5999
1,941.0527,911.4087,911408.6999
1,941.0634,911.4194,911419.3999
1,941.0702,911.4262,911426.1999
1,941.3490,911.7050,911704.9999
1,941.5856,911.9416,911941.5999
1,942.0647,912.4207,912420.6999
1,942.0927,912.4487,912448.6999
1,942.3459,912.7019,912701.8999
1,942.7879,913.1439,913143.8999
1,942.8483,913.2043,913204.2999
1,942.8700,913.2260,913225.9999
1,942.9332,913.2892,913289.1999
1,943.1005,913.4565,913456.4999
1,943.1904,913.5464,913546.3999
1,943.4842,913.8402,913840.1999
1,943.5070,913.8630,913862.9999
1,944.4831,914.8391,914839.0999
1,944.5456,914.9016,914901.5999
1,944.7460,915.1020,915101.9999
1,944.8782,915.2342,915234.1999
1,945.0468,915.4028,915402.7999
1,946.0534,916.4094,916409.3999
1,946.0632,916.4192,916419.1999
1,946.2227,916.5787,916578.6999
1,946.5422,916.8982,916898.1999
1,946.8621,917.2181,917218.0999
1,947.4172,917.7732,917773.1999
1,947.4486,917.8046,917804.5999
1,947.4596,917.8156,917815.5999
1,947.8269,918.1829,918182.8999
1,947.8438,918.1998,918199.7999
1,948.4404,918.7964,918796.3999
1,948.6241,918.9801,918980.0999
1,948.8609,919.2169,919216.8999
1,948.8872,919.2432,919243.1999
1,948.8920,919.2480,919247.9999
1,948.9098,919.2658,919265.7999
1,948.9218,919.2778,919277.7999
1,949.2485,919.6045,919604.4999
1,949.5914,919.9474,919947.3999
1,950.5845,920.9405,920940.4999
1,950.6144,920.9704,920970.3999
1,951.0452,921.4012,921401.1999
1,951.2942,921.6502,921650.1999
1,951.6518,922.0078,922007.7999
1,951.6794,922.0354,922035.3999
1,951.9211,922.2771,922277.0999
1,952.3954,922.7514,922751.3999
1,952.5061,922.8621,922862.0999
1,952.6396,922.9956,922995.5999
1,952.9327,923.2887,923288.6999
1,953.3138,923.6698,923669.7999
1,953.3460,923.7020,923701.9999
1,953.4731,923.8291,923829.0999
1,953.4933,923.8493,923849.2999
1,953.6531,924.0091,924009.0999
1,953.6964,924.0524,924052.3999
1,954.1751,924.5311,924531.0999
1,954.6913,925.0473,925047.2999
1,954.7203,925.0763,925076.2999
1,955.2830,925.6390,925638.9999
1,955.4186,925.7746,925774.5999
1,955.4397,925.7957,925795.6999
1,955.4805,925.8365,925836.4999
1,956.2322,926.5882,926588.1999
1,956.3119,926.6679,926667.8999
1,956.4799,926.8359,926835.8999
1,956.9570,927.3130,927312.9999
1,956.9693,927.3253,927325.2999
1,957.5581,927.9141,927914.0999
1,957.6133,927.9693,927969.2999
1,957.6429,927.9989,927998.8999
1,957.6677,928.0237,928023.6999
1,957.6826,928.0386,928038.5999
1,958.2770,928.6330,928632.9999
1,958.3943,928.7503,928750.2999
1,958.4564,928.8124,928812.3999
1,958.7027,929.0587,929058.6999
1,959.1768,929.5328,929532.7999
1,959.5011,929.8571,929857.0999
1,959.8025,930.1585,930158.4999
1,960.2315,930.5875,930587.4999
1,960.3648,930.7208,930720.7999
1,960.4046,930.7606,930760.5999
1,960.4696,930.8256,930825.5999
1,960.8991,931.2551,931255.0999
1,960.9035,931.2595,931259.4999
1,961.1076,931.4636,931463.5999
1,961.3164,931.6724,931672.3999
1,961.6928,932.0488,932048.7999
1,961.7057,932.0617,932061.6999
1,961.7587,932.1147,932114.6999
1,961.8853,932.2413,932241.2999
1,962.0595,932.4155,932415.4999
1,962.0831,932.4391,932439.0999
1,962.1095,932.4655,932465.4999
1,962.4722,932.8282,932828.1999
1,962.5085,932.8645,932864.4999
1,962.6694,933.0254,933025.3999
1,963.6204,933.9764,933976.3999
1,964.4140,934.7700,934769.9999
1,964.9307,935.2867,935286.6999
1,964.9990,935.3550,935354.9999
1,965.2302,935.5862,935586.1999
1,965.2605,935.6165,935616.4999
1,965.4107,935.7667,935766.6999
1,966.0789,936.4349,936434.8999
1,966.7470,937.1030,937102.9999
1,967.2322,937.5882,937588.1999
1,967.7344,938.0904,938090.3999
1,967.9306,938.2866,938286.5999
1,968.1217,938.4777,938477.6999
1,968.2565,938.6125,938612.4999
1,968.5725,938.9285,938928.4999
1,969.1402,939.4962,939496.1999
1,969.1585,939.5145,939514.4999
1,969.1969,939.5529,939552.8999
1,969.2234,939.5794,939579.3999
1,969.2657,939.6217,939621.6999
1,969.4128,939.7688,939768.7999
1,969.6938,940.0498,940049.7999
1,969.7205,940.0765,940076.4999
1,969.7390,940.0950,940094.9999
1,969.7701,940.1261,940126.0999
1,969.7916,940.1476,940147.5999
1,970.2941,940.6501,940650.0999
1,970.3354,940.6914,940691.3999
1,970.5687,940.9247,940924.6999
1,970.9413,941.2973,941297.2999
1,970.9809,941.3369,941336.8999
1,971.0990,941.4550,941454.9999
1,971.2336,941.5896,941589.5999
1,971.2571,941.6131,941613.0999
1,971.5363,941.8923,941892.2999
1,971.7582,942.1142,942114.1999
1,971.7729,942.1289,942128.8999
1,972.3761,942.7321,942732.0999
1,972.6501,943.0061,943006.0999
1,972.6627,943.0187,943018.6999
1,972.7179,943.0739,943073.8999
1,972.8069,943.1629,943162.8999
1,972.8443,943.2003,943200.2999
1,973.3297,943.6857,943685.6999
1,973.8218,944.1778,944177.7999
1,974.1892,944.5452,944545.1999
1,974.4808,944.8368,944836.7999
1,974.5946,944.9506,944950.5999
1,974.6827,945.0387,945038.6999
1,974.8144,945.1704,945170.3999
1,974.9231,945.2791,945279.0999
1,975.8725,946.2285,946228.4999
1,976.0278,946.3838,946383.7999
1,976.1361,946.4921,946492.0999
1,976.1880,946.5440,946543.9999
1,976.5392,946.8952,946895.1999
1,976.9468,947.3028,947302.7999
1,977.5546,947.9106,947910.5999
1,977.5879,947.9439,947943.8999
1,977.9419,948.2979,948297.8999
1,978.1405,948.4965,948496.4999
1,979.0035,949.3595,949359.4999
1,979.0646,949.4206,949420.5999
1,979.1373,949.4933,949493.2999
1,979.1816,949.5376,949537.5999
1,980.7545,951.1105,951110.4999
1,980.8223,951.1783,951178.2999
1,981.0710,951.4270,951426.9999
1,981.6922,952.0482,952048.1999
1,981.7309,952.0869,952086.8999
1,981.7673,952.1233,952123.2999
1,982.5987,952.9547,952954.6999
1,982.8483,953.2043,953204.2999
1,982.9765,953.3325,953332.4999
1,983.2618,953.6178,953617.7999
1,983.2901,953.6461,953646.0999
1,983.2953,953.6513,953651.2999
1,983.5223,953.8783,953878.2999
1,983.6629,954.0189,954018.8999
1,983.9420,954.2980,954297.9999
1,984.2876,954.6436,954643.5999
1,984.3115,954.6675,954667.4999
1,985.0602,955.4162,955416.1999
1,985.2122,955.5682,955568.1999
1,985.4984,955.8544,955854.3999
1,985.5206,955.8766,955876.5999
1,985.5292,955.8852,955885.1999
1,985.7722,956.1282,956128.1999
1,985.9198,956.2758,956275.7999
1,985.9226,956.2786,956278.5999
1,985.9523,956.3083,956308.2999
1,986.2991,956.6551,956655.0999
1,986.4347,956.7907,956790.6999
1,986.5680,956.9240,956923.9999
1,986.5853,956.9413,956941.2999
1,986.9783,957.3343,957334.2999
1,987.1108,957.4668,957466.7999
1,987.1826,957.5386,957538.5999
1,987.2038,957.5598,957559.7999
1,987.2378,957.5938,957593.7999
1,987.4188,957.7748,957774.7999
1,987.4384,957.7944,957794.3999
1,987.5775,957.9335,957933.4999
1,987.9857,958.3417,958341.6999
1,988.4117,958.7677,958767.6999
1,988.8618,959.2178,959217.7999
1,989.0085,959.3645,959364.4999
1,989.0831,959.4391,959439.0999
1,989.1287,959.4847,959484.6999
1,989.2379,959.5939,959593.8999
1,989.2597,959.6157,959615.6999
1,989.4423,959.7983,959798.2999
1,989.6483,960.0043,960004.2999
1,990.0912,960.4472,960447.1999
1,990.2170,960.5730,960572.9999
1,990.2882,960.6442,960644.1999
1,990.3207,960.6767,960676.6999
1,990.7549,961.1109,961110.8999
1,991.0022,961.3582,961358.1999
1,991.0304,961.3864,961386.3999
1,991.0702,961.4262,961426.1999
1,991.0806,961.4366,961436.5999
1,991.2062,961.5622,961562.1999
1,991.2535,961.6095,961609.4999
1,991.3358,961.6918,961691.7999
1,991.3473,961.7033,961703.2999
1,991.7252,962.0812,962081.1999
1,991.7930,962.1490,962148.9999
1,991.8135,962.1695,962169.4999
1,992.1809,962.5369,962536.8999
1,992.2051,962.5611,962561.0999
1,992.3727,962.7287,962728.6999
1,992.4009,962.7569,962756.8999
1,992.5699,962.9259,962925.8999
1,992.9086,963.2646,963264.5999
1,993.0046,963.3606,963360.5999
1,993.0315,963.3875,963387.4999
1,993.1503,963.5063,963506.2999
1,993.2914,963.6474,963647.3999
1,993.5737,963.9297,963929.6999
1,993.6122,963.9682,963968.1999
1,993.6342,963.9902,963990.1999
1,993.7588,964.1148,964114.7999
1,993.7708,964.1268,964126.7999
1,994.0866,964.4426,964442.5999
1,994.1829,964.5389,964538.8999
1,994.1916,964.5476,964547.5999
1,994.1988,964.5548,964554.7999
1,994.2111,964.5671,964567.0999
1,994.5728,964.9288,964928.7999
1,994.5849,964.9409,964940.8999
1,994.7165,965.0725,965072.4999
1,994.8049,965.1609,965160.8999
1,995.4193,965.7753,965775.2999
1,995.4474,965.8034,965803.3999
1,995.5499,965.9059,965905.8999
1,995.7089,966.0649,966064.8999
1,996.3745,966.7305,966730.4999
1,996.4622,966.8182,966818.1999
1,996.5385,966.8945,966894.4999
1,996.8994,967.2554,967255.3999
1,997.8999,968.2559,968255.8999
1,997.9037,968.2597,968259.6999
1,998.1058,968.4618,968461.7999
1,998.2120,968.5680,968567.9999
1,998.2996,968.6556,968655.5999
1,998.3249,968.6809,968680.8999
1,998.3908,968.7468,968746.7999
1,998.6800,969.0360,969035.9999
1,998.7501,969.1061,969106.0999
1,998.7771,969.1331,969133.0999
1,999.0989,969.4549,969454.8999
1,999.1701,969.5261,969526.0999
1,999.2393,969.5953,969595.2999
1,999.4971,969.8531,969853.0999
1,999.5899,969.9459,969945.8999
1,999.5992,969.9552,969955.1999
1,1000.1091,970.4651,970465.0999
1,1000.1208,970.4768,970476.7999
1,1000.3552,970.7112,970711.1999
1,1000.3705,970.7265,970726.4999
1,1000.3803,970.7363,970736.2999
1,1000.4054,970.7614,970761.3999
1,1000.4558,970.8118,970811.7999
1,1000.7153,971.0713,971071.2999
1,1000.8739,971.2299,971229.8999
1,1000.8879,971.2439,971243.8999
1,1001.1263,971.4823,971482.2999
1,1001.6758,972.0318,972031.7999
1,1001.8805,972.2365,972236.4999
1,1001.8988,972.2548,972254.7999
1,1002.4908,972.8468,972846.7999
1,1002.4956,972.8516,972851.5999
1,1002.4981,972.8541,972854.0999
1,1002.5963,972.9523,972952.2999
1,1002.6433,972.9993,972999.2999
1,1002.6734,973.0294,973029.3999
1,1002.7856,973.1416,973141.5999
1,1003.2782,973.6342,973634.1999
1,1003.3713,973.7273,973727.2999
1,1003.3848,973.7408,973740.7999
1,1003.4443,973.8003,973800.2999
1,1003.4473,973.8033,973803.2999
1,1003.5002,973.8562,973856.1999
1,1003.7294,974.0854,974085.3999
1,1003.9649,974.3209,974320.8999
1,1004.0550,974.4110,974410.9999
1,1004.4271,974.7831,974783.0999
1,1004.4392,974.7952,974795.1999
1,1004.4672,974.8232,974823.1999
1,1004.4920,974.8480,974847.9999
1,1004.5355,974.8915,974891.4999
1,1004.5435,974.8995,974899.4999
1,1004.9665,975.3225,975322.4999
1,1005.0839,975.4399,975439.8999
1,1005.1081,975.4641,975464.0999
1,1005.1938,975.5498,975549.7999
1,1005.4190,975.7750,975774.9999
1,1005.8848,976.2408,976240.7999
1,1005.9384,976.2944,976294.3999
1,1006.1721,976.5281,976528.0999
1,1006.2298,976.5858,976585.7999
1,1006.2698,976.6258,976625.7999
1,1006.5591,976.9151,976915.0999
1,1006.6050,976.9610,976960.9999
1,1006.7059,977.0619,977061.8999
1,1006.8987,977.2547,977254.6999
1,1007.2699,977.6259,977625.8999
1,1007.3570,977.7130,977712.9999
1,1007.3591,977.7151,977715.0999
1,1007.4475,977.8035,977803.4999
1,1007.7569,978.1129,978112.8999
1,1007.9410,978.2970,978296.9999
1,1008.1497,978.5057,978505.6999
1,1008.1740,978.5300,978529.9999
1,1008.2209,978.5769,978576.8999
1,1008.4494,978.8054,978805.3999
1,1008.8025,979.1585,979158.4999
1,1009.8509,980.2069,980206.8999
1,1010.0674,980.4234,980423.3999
1,1010.1679,980.5239,980523.8999
1,1010.4164,980.7724,980772.3999
1,1010.5823,980.9383,980938.2999
1,1011.0208,981.3768,981376.7999
1,1011.4272,981.7832,981783.1999
1,1011.6708,982.0268,982026.7999
1,1011.7615,982.1175,982117.4999
1,1012.2471,982.6031,982603.0999
1,1012.6015,982.9575,982957.4999
1,1012.6098,982.9658,982965.7999
1,1012.6222,982.9782,982978.1999
1,1012.7648,983.1208,983120.7999
1,1012.7881,983.1441,983144.0999
1,1012.9107,983.2667,983266.6999
1,1012.9384,983.2944,983294.3999
1,1012.9973,983.3533,983353.2999
1,1013.4244,983.7804,983780.3999
1,1013.5873,983.9433,983943.2999
1,1013.8079,984.1639,984163.8999
1,1014.0083,984.3643,984364.2999
1,1014.2248,984.5808,984580.7999
1,1014.2387,984.5947,984594.6999
1,1014.2705,984.6265,984626.4999
1,1014.3198,984.6758,984675.7999
1,1014.6661,985.0221,985022.0999
1,1014.6947,985.0507,985050.6999
1,1014.8415,985.1975,985197.4999
1,1014.9118,985.2678,985267.7999
1,1015.0781,985.4341,985434.0999
1,1015.5266,985.8826,985882.5999
1,1015.7068,986.0628,986062.7999
1,1016.1591,986.5151,986515.0999
1,1016.1746,986.5306,986530.5999
1,1016.3579,986.7139,986713.8999
1,1016.3906,986.7466,986746.5999
1,1016.4272,986.7832,986783.1999
1,1017.0594,987.4154,987415.3999
1,1017.3693,987.7253,987725.2999
1,1017.5023,987.8583,987858.2999
1,1017.7038,988.0598,988059.7999
1,1017.9784,988.3344,988334.3999
1,1017.9875,988.3435,988343.4999
1,1018.2651,988.6211,988621.0999
1,1018.5750,988.9310,988930.9999
1,1018.7271,989.0831,989083.0999
1,1018.8268,989.1828,989182.7999
1,1018.8787,989.2347,989234.6999
1,1019.2162,989.5722,989572.1999
1,1019.2313,989.5873,989587.2999
1,1019.3855,989.7415,989741.4999
1,1019.5599,989.9159,989915.8999
1,1019.7959,990.1519,990151.8999
1,1019.8431,990.1991,990199.0999
1,1019.8870,990.2430,990242.9999
1,1020.1182,990.4742,990474.1999
1,1020.1730,990.5290,990528.9999
1,1020.6131,990.9691,990969.0999
1,1020.7091,991.0651,991065.0999
1,1020.7457,991.1017,991101.6999
1,1020.7628,991.1188,991118.7999
1,1020.8313,991.1873,991187.2999
1,1020.8452,991.2012,991201.1999
1,1020.8567,991.2127,991212.6999
1,1020.9467,991.3027,991302.6999
1,1020.9752,991.3312,991331.1999
1,1021.0640,991.4200,991419.9999
1,1021.0829,991.4389,991438.8999
1,1021.0996,991.4556,991455.5999
1,1021.1137,991.4697,991469.6999
1,1021.1492,991.5052,991505.1999
1,1021.7269,992.0829,992082.8999
1,1021.8040,992.1600,992159.9999
1,1021.8401,992.1961,992196.0999
1,1021.9549,992.3109,992310.8999
1,1022.0202,992.3762,992376.1999
1,1022.1202,992.4762,992476.1999
1,1022.3745,992.7305,992730.4999
1,1022.3971,992.7531,992753.0999
1,1022.4139,992.7699,992769.8999
1,1022.4266,992.7826,992782.5999
1,1022.4406,992.7966,992796.5999
1,1022.4559,992.8119,992811.8999
1,1022.4823,992.8383,992838.2999
1,1022.5039,992.8599,992859.8999
1,1022.5549,992.9109,992910.8999
1,1022.5687,992.9247,992924.6999
1,1022.5979,992.9539,992953.8999
1,1022.7027,993.0587,993058.6999
1,1022.7872,993.1432,993143.1999
1,1022.8252,993.1812,993181.1999
1,1022.8506,993.2066,993206.5999
1,1022.8639,993.2199,993219.8999
1,1022.8692,993.2252,993225.1999
1,1022.9124,993.2684,993268.3999
1,1022.9973,993.3533,993353.2999
1,1023.1425,993.4985,993498.4999
1,1023.2193,993.5753,993575.2999
1,1023.4000,993.7560,993755.9999
1,1023.7521,994.1081,994108.0999
1,1023.7962,994.1522,994152.1999
1,1023.8178,994.1738,994173.7999
1,1023.8465,994.2025,994202.4999
1,1023.8821,994.2381,994238.0999
1,1023.9447,994.3007,994300.6999
1,1023.9666,994.3226,994322.5999
1,1024.0037,994.3597,994359.6999
1,1024.0691,994.4251,994425.0999
1,1024.1373,994.4933,994493.2999
1,1024.1935,994.5495,994549.4999
1,1024.2205,994.5765,994576.4999
1,1024.3147,994.6707,994670.6999
1,1024.4591,994.8151,994815.0999
1,1024.6300,994.9860,994985.9999
1,1024.6695,995.0255,995025.4999
1,1024.7442,995.1002,995100.1999
1,1024.7690,995.1250,995124.9999
1,1024.7766,995.1326,995132.5999
1,1024.7857,995.1417,995141.6999
1,1024.9107,995.2667,995266.6999
1,1024.9382,995.2942,995294.1999
1,1024.9643,995.3203,995320.2999
1,1025.0664,995.4224,995422.3999
1,1025.0974,995.4534,995453.3999
1,1025.5041,995.8601,995860.0999
1,1026.0536,996.4096,996409.5999
1,1026.3969,996.7529,996752.8999
1,1026.4843,996.8403,996840.2999
1,1026.8649,997.2209,997220.8999
1,1026.8822,997.2382,997238.1999
1,1027.0199,997.3759,997375.8999
1,1027.1693,997.5253,997525.2999
1,1027.6447,998.0007,998000.6999
1,1027.7191,998.0751,998075.0999
1,1028.1305,998.4865,998486.4999
1,1028.3882,998.7442,998744.1999
1,1028.4006,998.7566,998756.5999
1,1028.5606,998.9166,998916.5999
1,1028.7234,999.0794,999079.3999
1,1028.8360,999.1920,999191.9999
1,1029.1535,999.5095,999509.4999
1,1029.2179,999.5739,999573.8999
1,1029.2311,999.5871,999587.0999
1,1030.1983,1000.5543,1000554.2999
1,1030.4735,1000.8295,1000829.4999
1,1030.5651,1000.9211,1000921.0999
1,1030.5980,1000.9540,1000953.9999
1,1030.7025,1001.0585,1001058.4999
1,1030.7113,1001.0673,1001067.2999
1,1030.8346,1001.1906,1001190.5999
1,1030.9607,1001.3167,1001316.6999
1,1031.0875,1001.4435,1001443.4999
1,1031.1225,1001.4785,1001478.4999
1,1031.1846,1001.5406,1001540.5999
1,1031.4885,1001.8445,1001844.4999
1,1031.4975,1001.8535,1001853.4999
1,1031.5060,1001.8620,1001861.9999
1,1031.6941,1002.0501,1002050.0999
1,1031.7047,1002.0607,1002060.6999
1,1031.7356,1002.0916,1002091.5999
1,1031.8199,1002.1759,1002175.8999
1,1031.8281,1002.1841,1002184.0999
1,1032.2132,1002.5692,1002569.1999
1,1032.2591,1002.6151,1002615.0999
1,1032.2895,1002.6455,1002645.4999
1,1032.4789,1002.8349,1002834.8999
1,1032.5854,1002.9414,1002941.3999
1,1032.6921,1003.0481,1003048.0999
1,1033.1122,1003.4682,1003468.1999
1,1033.1298,1003.4858,1003485.7999
1,1033.2050,1003.5610,1003560.9999
1,1033.2102,1003.5662,1003566.1999
1,1033.3313,1003.6873,1003687.2999
1,1033.5819,1003.9379,1003937.8999
1,1034.0581,1004.4141,1004414.0999
1,1034.1062,1004.4622,1004462.1999
1,1034.4625,1004.8185,1004818.4999
1,1034.5416,1004.8976,1004897.5999
1,1034.5577,1004.9137,1004913.6999
1,1034.5660,1004.9220,1004921.9999
1,1034.7987,1005.1547,1005154.6999
1,1034.9374,1005.2934,1005293.3999
1,1034.9745,1005.3305,1005330.4999
1,1035.0423,1005.3983,1005398.2999
1,1035.1487,1005.5047,1005504.6999
1,1035.1985,1005.5545,1005554.4999
1,1035.3025,1005.6585,1005658.4999
1,1035.6656,1006.0216,1006021.5999
1,1035.6982,1006.0542,1006054.1999
1,1036.1315,1006.4875,1006487.4999
1,1036.1745,1006.5305,1006530.4999
1,1036.3269,1006.6829,1006682.8999
1,1036.4288,1006.7848,1006784.7999
1,1036.7316,1007.0876,1007087.5999
1,1036.9327,1007.2887,1007288.6999
1,1036.9471,1007.3031,1007303.0999
1,1037.2094,1007.5654,1007565.3999
1,1037.2596,1007.6156,1007615.5999
1,1037.6462,1008.0022,1008002.1999
1,1037.7569,1008.1129,1008112.8999
1,1038.0823,1008.4383,1008438.2999
1,1038.1506,1008.5066,1008506.5999
1,1038.2441,1008.6001,1008600.0999
1,1038.9478,1009.3038,1009303.7999
1,1038.9547,1009.3107,1009310.6999
1,1039.2740,1009.6300,1009629.9999
1,1039.7729,1010.1289,1010128.8999
1,1040.0100,1010.3660,1010365.9999
1,1040.3042,1010.6602,1010660.1999
1,1040.7142,1011.0702,1011070.1999
1,1040.7261,1011.0821,1011082.0999
1,1040.9940,1011.3500,1011349.9999
1,1041.1444,1011.5004,1011500.3999
1,1041.1870,1011.5430,1011542.9999
1,1041.5027,1011.8587,1011858.6999
1,1041.8222,1012.1782,1012178.1999
1,1041.9410,1012.2970,1012296.9999
1,1042.2783,1012.6343,1012634.2999
1,1042.3225,1012.6785,1012678.4999
1,1042.7328,1013.0888,1013088.7999
1,1042.9027,1013.2587,1013258.6999
1,1042.9479,1013.3039,1013303.8999
1,1043.1316,1013.4876,1013487.5999
1,1043.5620,1013.9180,1013917.9999
1,1043.6042,1013.9602,1013960.1999
1,1043.6071,1013.9631,1013963.0999
1,1043.7168,1014.0728,1014072.7999
1,1044.1278,1014.4838,1014483.7999
1,1044.1326,1014.4886,1014488.5999
1,1044.6345,1014.9905,1014990.4999
1,1044.8620,1015.2180,1015217.9999
1,1044.8933,1015.2493,1015249.2999
1,1045.4506,1015.8066,1015806.5999
1,1045.7016,1016.0576,1016057.5999
1,1046.8141,1017.1701,1017170.0999
1,1047.0511,1017.4071,1017407.0999
1,1047.0816,1017.4376,1017437.5999
1,1047.2588,1017.6148,1017614.7999
1,1047.3192,1017.6752,1017675.1999
1,1047.5129,1017.8689,1017868.8999
1,1047.9121,1018.2681,1018268.0999
1,1048.0440,1018.4000,1018399.9999
1,1048.1975,1018.5535,1018553.4999
1,1048.5579,1018.9139,1018913.8999
1,1048.5810,1018.9370,1018936.9999
1,1048.9893,1019.3453,1019345.2999
1,1049.2846,1019.6406,1019640.5999
1,1049.3007,1019.6567,1019656.6999
1,1049.3762,1019.7322,1019732.1999
1,1049.4697,1019.8257,1019825.6999
1,1049.7912,1020.1472,1020147.1999
1,1050.0396,1020.3956,1020395.5999
1,1050.4430,1020.7990,1020798.9999
1,1050.4550,1020.8110,1020810.9999
1,1050.4720,1020.8280,1020827.9999
1,1050.5432,1020.8992,1020899.1999
1,1050.5680,1020.9240,1020923.9999
1,1050.8731,1021.2291,1021229.0999
1,1051.0092,1021.3652,1021365.1999
1,1051.1694,1021.5254,1021525.3999
1,1051.2043,1021.5603,1021560.2999
1,1051.2482,1021.6042,1021604.1999
1,1051.5892,1021.9452,1021945.1999
1,1051.6004,1021.9564,1021956.3999
1,1051.6260,1021.9820,1021981.9999
1,1051.6304,1021.9864,1021986.3999
1,1051.7815,1022.1375,1022137.4999
1,1051.9036,1022.2596,1022259.5999
1,1051.9595,1022.3155,1022315.4999
1,1052.0333,1022.3893,1022389.2999
1,1052.3902,1022.7462,1022746.1999
1,1052.5151,1022.8711,1022871.0999
1,1052.8530,1023.2090,1023208.9999
1,1052.8697,1023.2257,1023225.6999
1,1052.8990,1023.2550,1023254.9999
1,1053.0454,1023.4014,1023401.3999
1,1053.1758,1023.5318,1023531.7999
1,1053.4535,1023.8095,1023809.4999
1,1053.4731,1023.8291,1023829.0999
1,1053.7198,1024.0758,1024075.7999
1,1053.8752,1024.2312,1024231.1999
1,1053.8949,1024.2509,1024250.8999
1,1054.1715,1024.5275,1024527.4999
1,1054.1920,1024.5480,1024547.9999
1,1054.1984,1024.5544,1024554.3999
1,1054.5439,1024.8999,1024899.8999
1,1054.6505,1025.0065,1025006.4999
1,1054.6546,1025.0106,1025010.5999
1,1054.8981,1025.2541,1025254.0999
1,1054.9037,1025.2597,1025259.6999
1,1054.9210,1025.2770,1025276.9999
1,1055.0880,1025.4440,1025443.9999
1,1055.1511,1025.5071,1025507.0999
1,1055.2664,1025.6224,1025622.3999
1,1055.2703,1025.6263,1025626.2999
1,1055.3623,1025.7183,1025718.2999
1,1055.3889,1025.7449,1025744.8999
1,1056.3800,1026.7360,1026735.9999
1,1056.4533,1026.8093,1026809.2999
1,1056.6991,1027.0551,1027055.0999
1,1056.9163,1027.2723,1027272.2999
1,1057.1916,1027.5476,1027547.5999
1,1057.7988,1028.1548,1028154.7999
1,1057.8776,1028.2336,1028233.5999
1,1057.9539,1028.3099,1028309.8999
1,1057.9700,1028.3260,1028325.9999
1,1058.0826,1028.4386,1028438.5999
1,1058.1630,1028.5190,1028518.9999
1,1058.6848,1029.0408,1029040.7999
1,1058.6915,1029.0475,1029047.4999
1,1058.7028,1029.0588,1029058.7999
1,1059.0800,1029.4360,1029435.9999
1,1059.1700,1029.5260,1029525.9999
1,1059.2096,1029.5656,1029565.5999
1,1059.2477,1029.6037,1029603.6999
1,1059.5607,1029.9167,1029916.6999
1,1059.6629,1030.0189,1030018.8999
1,1059.6876,1030.0436,1030043.5999
1,1060.4693,1030.8253,1030825.2999
1,1060.6894,1031.0454,1031045.3999
1,1060.8676,1031.2236,1031223.5999
1,1060.9000,1031.2560,1031255.9999
1,1060.9287,1031.2847,1031284.6999
1,1061.2103,1031.5663,1031566.2999
1,1061.6501,1032.0061,1032006.0999
1,1061.7119,1032.0679,1032067.8999
1,1062.0812,1032.4372,1032437.1999
1,1062.7878,1033.1438,1033143.7999
1,1062.9530,1033.3090,1033308.9999
1,1063.0246,1033.3806,1033380.5999
1,1063.0854,1033.4414,1033441.3999
1,1063.3116,1033.6676,1033667.5999
1,1063.8046,1034.1606,1034160.5999
1,1064.9710,1035.3270,1035326.9999
1,1065.1334,1035.4894,1035489.3999
1,1065.6509,1036.0069,1036006.8999
1,1065.8789,1036.2349,1036234.8999
1,1066.0112,1036.3672,1036367.1999
1,1066.6636,1037.0196,1037019.5999
1,1066.9173,1037.2733,1037273.2999
1,1066.9430,1037.2990,1037298.9999
1,1067.1259,1037.4819,1037481.8999
1,1067.1598,1037.5158,1037515.7999
1,1067.7218,1038.0778,1038077.7999
1,1068.6994,1039.0554,1039055.3999
1,1068.7647,1039.1207,1039120.6999
1,1068.7760,1039.1320,1039131.9999
1,1069.0277,1039.3837,1039383.6999
1,1069.1075,1039.4635,1039463.4999
1,1069.2274,1039.5834,1039583.3999
1,1069.5064,1039.8624,1039862.3999
1,1069.6172,1039.9732,1039973.1999
1,1070.0968,1040.4528,1040452.7999
1,1070.3592,1040.7152,1040715.1999
1,1070.5912,1040.9472,1040947.1999
1,1070.6052,1040.9612,1040961.1999
1,1071.2400,1041.5960,1041595.9999
1,1071.3458,1041.7018,1041701.7999
1,1071.5221,1041.8781,1041878.0999
1,1071.7530,1042.1090,1042108.9999
1,1071.7839,1042.1399,1042139.8999
1,1072.0263,1042.3823,1042382.2999
1,1072.0964,1042.4524,1042452.3999
1,1072.2510,1042.6070,1042606.9999
1,1072.4434,1042.7994,1042799.3999
1,1072.8595,1043.2155,1043215.4999
1,1073.2322,1043.5882,1043588.1999
1,1073.2831,1043.6391,1043639.0999
1,1073.9454,1044.3014,1044301.3999
1,1073.9810,1044.3370,1044336.9999
1,1074.1291,1044.4851,1044485.0999
1,1074.2634,1044.6194,1044619.3999
1,1074.2864,1044.6424,1044642.3999
1,1074.3162,1044.6722,1044672.1999
1,1074.3318,1044.6878,1044687.7999
1,1074.5610,1044.9170,1044916.9999
1,1074.8002,1045.1562,1045156.1999
1,1074.9330,1045.2890,1045288.9999
1,1075.4241,1045.7801,1045780.0999
1,1075.4343,1045.7903,1045790.2999
1,1075.4883,1045.8443,1045844.2999
1,1075.8392,1046.1952,1046195.1999
1,1075.8444,1046.2004,1046200.3999
1,1076.0211,1046.3771,1046377.0999
1,1076.6998,1047.0558,1047055.7999
1,1076.7573,1047.1133,1047113.2999
1,1076.9233,1047.2793,1047279.2999
1,1077.1774,1047.5334,1047533.3999
1,1077.2040,1047.5600,1047559.9999
1,1077.2070,1047.5630,1047562.9999
1,1077.2335,1047.5895,1047589.4999
1,1077.3342,1047.6902,1047690.1999
1,1077.3405,1047.6965,1047696.4999
1,1077.4236,1047.7796,1047779.5999
1,1077.4592,1047.8152,1047815.1999
1,1077.4771,1047.8331,1047833.0999
1,1077.5626,1047.9186,1047918.5999
1,1077.5957,1047.9517,1047951.6999
1,1077.6307,1047.9867,1047986.6999
1,1077.9044,1048.2604,1048260.3999
1,1078.0404,1048.3964,1048396.3999
1,1078.1712,1048.5272,1048527.1999
1,1078.3017,1048.6577,1048657.6999
1,1078.6292,1048.9852,1048985.1999
1,1079.3581,1049.7141,1049714.0999
1,1079.4285,1049.7845,1049784.4999
1,1079.4905,1049.8465,1049846.4999
1,1080.3831,1050.7391,1050739.0999
1,1080.4557,1050.8117,1050811.6999
1,1080.6205,1050.9765,1050976.4999
1,1081.0538,1051.4098,1051409.7999
1,1081.2743,1051.6303,1051630.2999
1,1081.4731,1051.8291,1051829.0999
1,1081.6289,1051.9849,1051984.8999
1,1081.6748,1052.0308,1052030.7999
1,1081.8788,1052.2348,1052234.7999
1,1081.9857,1052.3417,1052341.6999
1,1082.8468,1053.2028,1053202.7999
1,1082.8525,1053.2085,1053208.4999
1,1083.0901,1053.4461,1053446.0999
1,1083.5400,1053.8960,1053895.9999
1,1083.5721,1053.9281,1053928.0999
1,1083.6290,1053.9850,1053984.9999
1,1083.7112,1054.0672,1054067.1999
1,1083.7489,1054.1049,1054104.8999
1,1084.0776,1054.4336,1054433.5999
1,1084.3542,1054.7102,1054710.1999
1,1084.4864,1054.8424,1054842.3999
1,1084.5053,1054.8613,1054861.2999
1,1084.5301,1054.8861,1054886.0999
1,1084.6430,1054.9990,1054998.9999
1,1084.6647,1055.0207,1055020.6999
1,1084.6973,1055.0533,1055053.2999
1,1084.7823,1055.1383,1055138.2999
1,1085.3091,1055.6651,1055665.0999
1,1085.5006,1055.8566,1055856.5999
1,1085.8270,1056.1830,1056182.9999
1,1085.8833,1056.2393,1056239.2999
1,1086.1205,1056.4765,1056476.4999
1,1086.3269,1056.6829,1056682.8999
1,1086.3722,1056.7282,1056728.1999
1,1086.3983,1056.7543,1056754.2999
1,1086.4019,1056.7579,1056757.8999
1,1086.5854,1056.9414,1056941.3999
1,1086.6981,1057.0541,1057054.0999
1,1086.7208,1057.0768,1057076.7999
1,1086.7445,1057.1005,1057100.4999
1,1086.9041,1057.2601,1057260.0999
1,1086.9743,1057.3303,1057330.2999
1,1087.0443,1057.4003,1057400.2999
1,1087.1015,1057.4575,1057457.4999
1,1087.2780,1057.6340,1057633.9999
1,1087.2953,1057.6513,1057651.2999
1,1087.3025,1057.6585,1057658.4999
1,1087.5960,1057.9520,1057951.9999
1,1087.9372,1058.2932,1058293.1999
1,1088.1092,1058.4652,1058465.1999
1,1088.1111,1058.4671,1058467.0999
1,1088.1471,1058.5031,1058503.0999
1,1088.2324,1058.5884,1058588.3999
1,1088.4239,1058.7799,1058779.8999
1,1088.4794,1058.8354,1058835.3999
1,1088.6926,1059.0486,1059048.5999
1,1090.1783,1060.5343,1060534.2999
1,1090.3517,1060.7077,1060707.6999
1,1090.4193,1060.7753,1060775.2999
1,1090.4338,1060.7898,1060789.7999
1,1091.2982,1061.6542,1061654.1999
1,1091.3298,1061.6858,1061685.7999
1,1091.3460,1061.7020,1061701.9999
1,1091.3611,1061.7171,1061717.0999
1,1091.3702,1061.7262,1061726.1999
1,1092.1160,1062.4720,1062471.9999
1,1092.7637,1063.1197,1063119.6999
1,1093.0067,1063.3627,1063362.6999
1,1093.0770,1063.4330,1063432.9999
1,1093.1320,1063.4880,1063487.9999
1,1093.1532,1063.5092,1063509.1999
1,1093.1567,1063.5127,1063512.6999
1,1093.5800,1063.9360,1063935.9999
1,1093.6684,1064.0244,1064024.3999
1,1093.7690,1064.1250,1064124.9999
1,1094.0712,1064.4272,1064427.1999
1,1094.0799,1064.4359,1064435.8999
1,1094.8382,1065.1942,1065194.1999
1,1094.9787,1065.3347,1065334.6999
1,1094.9989,1065.3549,1065354.8999
1,1095.1060,1065.4620,1065461.9999
1,1095.2015,1065.5575,1065557.4999
1,1095.5284,1065.8844,1065884.3999
1,1095.9264,1066.2824,1066282.3999
1,1095.9757,1066.3317,1066331.6999
1,1095.9772,1066.3332,1066333.1999
1,1096.1952,1066.5512,1066551.1999
1,1097.1432,1067.4992,1067499.1999
1,1097.3076,1067.6636,1067663.5999
1,1097.3175,1067.6735,1067673.4999
1,1097.3357,1067.6917,1067691.6999
1,1097.3733,1067.7293,1067729.2999
1,1097.4021,1067.7581,1067758.0999
1,1097.4662,1067.8222,1067822.1999
1,1097.6734,1068.0294,1068029.3999
1,1098.1444,1068.5004,1068500.3999
1,1098.2056,1068.5616,1068561.5999
1,1098.4159,1068.7719,1068771.8999
1,1098.6761,1069.0321,1069032.0999
1,1098.6822,1069.0382,1069038.1999
1,1098.7579,1069.1139,1069113.8999
1,1098.9901,1069.3461,1069346.0999
1,1099.0428,1069.3988,1069398.7999
1,1099.2574,1069.6134,1069613.3999
1,1099.6916,1070.0476,1070047.5999
1,1099.8888,1070.2448,1070244.7999
1,1100.0671,1070.4231,1070423.0999
1,1100.0734,1070.4294,1070429.3999
1,1100.0813,1070.4373,1070437.2999
1,1100.2469,1070.6029,1070602.8999
1,1100.3417,1070.6977,1070697.6999
1,1100.3966,1070.7526,1070752.5999
1,1100.5871,1070.9431,1070943.0999
1,1100.6316,1070.9876,1070987.5999
1,1100.7293,1071.0853,1071085.2999
1,1100.8178,1071.1738,1071173.7999
1,1100.9417,1071.2977,1071297.6999
1,1101.2523,1071.6083,1071608.2999
1,1101.4242,1071.7802,1071780.1999
1,1101.7869,1072.1429,1072142.8999
1,1101.8691,1072.2251,1072225.0999
1,1101.9124,1072.2684,1072268.3999
1,1102.1423,1072.4983,1072498.2999
1,1102.1720,1072.5280,1072527.9999
1,1102.1841,1072.5401,1072540.0999
1,1102.2968,1072.6528,1072652.7999
1,1102.7814,1073.1374,1073137.3999
1,1102.8662,1073.2222,1073222.1999
1,1104.0577,1074.4137,1074413.6999
1,1104.8576,1075.2136,1075213.5999
1,1105.1869,1075.5429,1075542.8999
1,1105.4017,1075.7577,1075757.6999
1,1105.5812,1075.9372,1075937.1999
1,1105.6463,1076.0023,1076002.2999
1,1105.7007,1076.0567,1076056.6999
1,1106.1174,1076.4734,1076473.3999
1,1106.3459,1076.7019,1076701.8999
1,1106.4396,1076.7956,1076795.5999
1,1106.6956,1077.0516,1077051.5999
1,1107.0675,1077.4235,1077423.4999
1,1107.1055,1077.4615,1077461.4999
1,1107.6167,1077.9727,1077972.6999
1,1107.9739,1078.3299,1078329.8999
1,1108.5950,1078.9510,1078950.9999
1,1108.9807,1079.3367,1079336.6999
1,1109.8456,1080.2016,1080201.5999
1,1109.8769,1080.2329,1080232.8999
1,1110.3100,1080.6660,1080665.9999
1,1110.3259,1080.6819,1080681.8999
1,1110.3325,1080.6885,1080688.4999
1,1110.3377,1080.6937,1080693.6999
1,1110.5410,1080.8970,1080896.9999
1,1110.5571,1080.9131,1080913.0999
1,1110.6810,1081.0370,1081036.9999
1,1110.9478,1081.3038,1081303.7999
1,1111.4083,1081.7643,1081764.2999
1,1112.2498,1082.6058,1082605.7999
1,1112.3232,1082.6792,1082679.1999
1,1112.4973,1082.8533,1082853.2999
1,1112.5946,1082.9506,1082950.5999
1,1113.3008,1083.6568,1083656.7999
1,1113.3324,1083.6884,1083688.3999
1,1113.3624,1083.7184,1083718.3999
1,1113.6837,1084.0397,1084039.6999
1,1113.8242,1084.1802,1084180.1999
1,1113.8486,1084.2046,1084204.5999
1,1114.4053,1084.7613,1084761.2999
1,1114.5193,1084.8753,1084875.2999
1,1114.6780,1085.0340,1085033.9999
1,1115.0984,1085.4544,1085454.3999
1,1115.2176,1085.5736,1085573.5999
1,1115.3161,1085.6721,1085672.0999
1,1115.3201,1085.6761,1085676.0999
1,1115.3593,1085.7153,1085715.2999
1,1115.8313,1086.1873,1086187.2999
1,1115.9711,1086.3271,1086327.0999
1,1116.6992,1087.0552,1087055.1999
1,1117.9447,1088.3007,1088300.6999
1,1118.0878,1088.4438,1088443.7999
1,1118.5109,1088.8669,1088866.8999
1,1118.5480,1088.9040,1088903.9999
1,1118.6474,1089.0034,1089003.3999
1,1118.8752,1089.2312,1089231.1999
1,1118.8859,1089.2419,1089241.8999
1,1118.9140,1089.2700,1089269.9999
1,1119.0816,1089.4376,1089437.5999
1,1119.1846,1089.5406,1089540.5999
1,1119.1942,1089.5502,1089550.1999
1,1119.2762,1089.6322,1089632.1999
1,1119.2880,1089.6440,1089643.9999
1,1119.3134,1089.6694,1089669.3999
1,1119.3162,1089.6722,1089672.1999
1,1119.4711,1089.8271,1089827.0999
1,1119.5596,1089.9156,1089915.5999
1,1119.5950,1089.9510,1089950.9999
1,1119.7686,1090.1246,1090124.5999
1,1119.9670,1090.3230,1090322.9999
1,1120.0429,1090.3989,1090398.8999
1,1120.2047,1090.5607,1090560.6999
1,1120.2764,1090.6324,1090632.3999
1,1120.2902,1090.6462,1090646.1999
1,1120.3103,1090.6663,1090666.2999
1,1120.3248,1090.6808,1090680.7999
1,1120.4198,1090.7758,1090775.7999
1,1120.6233,1090.9793,1090979.2999
1,1120.7587,1091.1147,1091114.6999
1,1120.8747,1091.2307,1091230.6999
1,1120.8924,1091.2484,1091248.3999
1,1121.0263,1091.3823,1091382.2999
1,1121.0453,1091.4013,1091401.2999
1,1121.0895,1091.4455,1091445.4999
1,1121.6794,1092.0354,1092035.3999
1,1121.7846,1092.1406,1092140.5999
1,1121.8263,1092.1823,1092182.2999
1,1121.8602,1092.2162,1092216.1999
1,1122.1310,1092.4870,1092486.9999
1,1122.1594,1092.5154,1092515.3999
1,1122.3381,1092.6941,1092694.0999
1,1122.5655,1092.9215,1092921.4999
1,1122.5767,1092.9327,1092932.6999
1,1122.8293,1093.1853,1093185.2999
1,1123.3052,1093.6612,1093661.1999
1,1123.3224,1093.6784,1093678.3999
1,1123.3650,1093.7210,1093720.9999
1,1123.3802,1093.7362,1093736.1999
1,1123.4345,1093.7905,1093790.4999
1,1123.5468,1093.9028,1093902.7999
1,1123.5604,1093.9164,1093916.3999
1,1123.6185,1093.9745,1093974.4999
1,1123.6445,1094.0005,1094000.4999
1,1123.7462,1094.1022,1094102.1999
1,1123.8542,1094.2102,1094210.1999
1,1124.1479,1094.5039,1094503.8999
1,1124.2131,1094.5691,1094569.0999
1,1124.2335,1094.5895,1094589.4999
1,1124.3565,1094.7125,1094712.4999
1,1124.5180,1094.8740,1094873.9999
1,1125.0422,1095.3982,1095398.1999
1,1125.0516,1095.4076,1095407.5999
1,1125.1992,1095.5552,1095555.1999
1,1125.3075,1095.6635,1095663.4999
1,1125.4035,1095.7595,1095759.4999
1,1125.4226,1095.7786,1095778.5999
1,1125.5075,1095.8635,1095863.4999
1,1125.5960,1095.9520,1095951.9999
1,1125.8732,1096.2292,1096229.1999
1,1125.9107,1096.2667,1096266.6999
1,1125.9205,1096.2765,1096276.4999
1,1125.9512,1096.3072,1096307.1999
1,1126.3132,1096.6692,1096669.1999
1,1126.5839,1096.9399,1096939.8999
1,1126.7105,1097.0665,1097066.4999
1,1126.7923,1097.1483,1097148.2999
1,1126.8038,1097.1598,1097159.7999
1,1126.8109,1097.1669,1097166.8999
1,1126.9973,1097.3533,1097353.2999
1,1127.7700,1098.1260,1098125.9999
1,1128.1365,1098.4925,1098492.4999
1,1128.2877,1098.6437,1098643.6999
1,1128.6833,1099.0393,1099039.2999
1,1128.7248,1099.0808,1099080.7999
1,1129.3974,1099.7534,1099753.3999
1,1129.5718,1099.9278,1099927.7999
1,1129.5801,1099.9361,1099936.0999
1,1129.5894,1099.9454,1099945.3999
1,1129.6025,1099.9585,1099958.4999
1,1129.6199,1099.9759,1099975.8999
1,1129.6328,1099.9888,1099988.7999
1,1130.1955,1100.5515,1100551.4999
1,1130.2052,1100.5612,1100561.1999
1,1130.3512,1100.7072,1100707.1999
1,1130.3671,1100.7231,1100723.0999
1,1130.5140,1100.8700,1100869.9999
1,1130.6767,1101.0327,1101032.6999
1,1130.8153,1101.1713,1101171.2999
1,1131.1218,1101.4778,1101477.7999
1,1131.1960,1101.5520,1101551.9999
1,1131.2385,1101.5945,1101594.4999
1,1131.5044,1101.8604,1101860.3999
1,1131.5304,1101.8864,1101886.3999
1,1131.5540,1101.9100,1101909.9999
1,1131.9983,1102.3543,1102354.2999
1,1132.0511,1102.4071,1102407.0999
1,1132.0691,1102.4251,1102425.0999
1,1132.0828,1102.4388,1102438.7999
1,1132.5124,1102.8684,1102868.3999
1,1132.5512,1102.9072,1102907.1999
1,1132.7155,1103.0715,1103071.4999
1,1132.8193,1103.1753,1103175.2999
1,1132.9442,1103.3002,1103300.1999
1,1133.0909,1103.4469,1103446.8999
1,1133.1065,1103.4625,1103462.4999
1,1133.1870,1103.5430,1103542.9999
1,1133.2000,1103.5560,1103555.9999
1,1133.2167,1103.5727,1103572.6999
1,1133.6744,1104.0304,1104030.3999
1,1133.8442,1104.2002,1104200.1999
1,1133.8802,1104.2362,1104236.1999
1,1134.5145,1104.8705,1104870.4999
1,1135.1157,1105.4717,1105471.6999
1,1135.3493,1105.7053,1105705.2999
1,1135.6593,1106.0153,1106015.2999
1,1135.8099,1106.1659,1106165.8999
1,1135.8471,1106.2031,1106203.0999
1,1135.8638,1106.2198,1106219.7999
1,1136.1647,1106.5207,1106520.6999
1,1136.2019,1106.5579,1106557.8999
1,1136.2255,1106.5815,1106581.4999
1,1136.3825,1106.7385,1106738.4999
1,1137.1629,1107.5189,1107518.8999
1,1137.1680,1107.5240,1107523.9999
1,1137.3481,1107.7041,1107704.0999
1,1137.6828,1108.0388,1108038.7999
1,1137.8672,1108.2232,1108223.1999
1,1138.1340,1108.4900,1108489.9999
1,1138.1818,1108.5378,1108537.7999
1,1138.3392,1108.6952,1108695.1999
1,1138.7137,1109.0697,1109069.6999
1,1139.4950,1109.8510,1109850.9999
1,1139.5896,1109.9456,1109945.5999
1,1139.9169,1110.2729,1110272.8999
1,1140.2877,1110.6437,1110643.6999
1,1140.3728,1110.7288,1110728.7999
1,1140.6043,1110.9603,1110960.2999
1,1140.9660,1111.3220,1111321.9999
1,1141.5535,1111.9095,1111909.4999
1,1141.7511,1112.1071,1112107.0999
1,1142.0343,1112.3903,1112390.2999
1,1142.4121,1112.7681,1112768.0999
1,1142.6568,1113.0128,1113012.7999
1,1142.8328,1113.1888,1113188.7999
1,1142.8480,1113.2040,1113203.9999
1,1142.9734,1113.3294,1113329.3999
1,1143.2515,1113.6075,1113607.4999
1,1143.4689,1113.8249,1113824.8999
1,1143.5080,1113.8640,1113863.9999
1,1143.6483,1114.0043,1114004.2999
1,1143.6827,1114.0387,1114038.6999
1,1143.6909,1114.0469,1114046.8999
1,1143.8866,1114.2426,1114242.5999
1,1143.9552,1114.3112,1114311.1999
1,1144.5674,1114.9234,1114923.3999
1,1145.2701,1115.6261,1115626.0999
1,1145.2860,1115.6420,1115641.9999
1,1145.4090,1115.7650,1115764.9999
1,1145.4222,1115.7782,1115778.1999
1,1145.5363,1115.8923,1115892.2999
1,1146.1496,1116.5056,1116505.5999
1,1146.2154,1116.5714,1116571.3999
1,1146.2624,1116.6184,1116618.3999
1,1146.4270,1116.7830,1116782.9999
1,1146.7365,1117.0925,1117092.4999
1,1147.3378,1117.6938,1117693.7999
1,1147.3645,1117.7205,1117720.4999
1,1147.3995,1117.7555,1117755.4999
1,1147.7919,1118.1479,1118147.8999
1,1147.8188,1118.1748,1118174.7999
1,1147.8479,1118.2039,1118203.8999
1,1147.9261,1118.2821,1118282.0999
1,1147.9288,1118.2848,1118284.7999
1,1147.9438,1118.2998,1118299.7999
1,1147.9808,1118.3368,1118336.7999
1,1148.1579,1118.5139,1118513.8999
1,1148.3571,1118.7131,1118713.0999
1,1148.3655,1118.7215,1118721.4999
1,1148.4526,1118.8086,1118808.5999
1,1148.4677,1118.8237,1118823.6999
1,1148.5489,1118.9049,1118904.8999
1,1148.6239,1118.9799,1118979.8999
1,1148.7125,1119.0685,1119068.4999
1,1149.0745,1119.4305,1119430.4999
1,1149.3656,1119.7216,1119721.5999
1,1149.7872,1120.1432,1120143.1999
1,1149.8141,1120.1701,1120170.0999
1,1150.8737,1121.2297,1121229.6999
1,1151.2963,1121.6523,1121652.2999
1,1151.4363,1121.7923,1121792.2999
1,1151.5764,1121.9324,1121932.3999
1,1151.5928,1121.9488,1121948.7999
1,1151.7624,1122.1184,1122118.3999
1,1151.9527,1122.3087,1122308.6999
1,1151.9655,1122.3215,1122321.4999
1,1152.1444,1122.5004,1122500.3999
1,1152.5411,1122.8971,1122897.0999
1,1152.5507,1122.9067,1122906.6999
1,1152.6061,1122.9621,1122962.0999
1,1153.0088,1123.3648,1123364.7999
1,1153.0886,1123.4446,1123444.5999
1,1153.1229,1123.4789,1123478.8999
1,1153.1875,1123.5435,1123543.4999
1,1153.2091,1123.5651,1123565.0999
1,1153.2189,1123.5749,1123574.8999
1,1153.2296,1123.5856,1123585.5999
1,1153.3763,1123.7323,1123732.2999
1,1153.6675,1124.0235,1124023.4999
1,1154.0301,1124.3861,1124386.0999
1,1154.0546,1124.4106,1124410.5999
1,1154.5338,1124.8898,1124889.7999
1,1154.5694,1124.9254,1124925.3999
1,1154.8086,1125.1646,1125164.5999
1,1154.9501,1125.3061,1125306.0999
1,1155.2334,1125.5894,1125589.3999
1,1155.3573,1125.7133,1125713.2999
1,1155.6563,1126.0123,1126012.2999
1,1155.6651,1126.0211,1126021.0999
1,1155.7508,1126.1068,1126106.7999
1,1155.8873,1126.2433,1126243.2999
1,1155.9459,1126.3019,1126301.8999
1,1155.9604,1126.3164,1126316.3999
1,1156.0067,1126.3627,1126362.6999
1,1156.1255,1126.4815,1126481.4999
1,1156.1499,1126.5059,1126505.8999
1,1156.1936,1126.5496,1126549.5999
1,1156.2531,1126.6091,1126609.0999
1,1156.2695,1126.6255,1126625.4999
1,1156.3120,1126.6680,1126667.9999
1,1156.5703,1126.9263,1126926.2999
1,1156.6462,1127.0022,1127002.1999
1,1156.9599,1127.3159,1127315.8999
1,1157.1435,1127.4995,1127499.4999
1,1157.3331,1127.6891,1127689.0999
1,1157.6260,1127.9820,1127981.9999
1,1157.6373,1127.9933,1127993.2999
1,1157.6615,1128.0175,1128017.4999
1,1157.8498,1128.2058,1128205.7999
1,1158.0471,1128.4031,1128403.0999
1,1158.2182,1128.5742,1128574.1999
1,1158.2508,1128.6068,1128606.7999
1,1158.4221,1128.7781,1128778.0999
1,1158.6976,1129.0536,1129053.5999
1,1158.7723,1129.1283,1129128.2999
1,1158.7740,1129.1300,1129129.9999
1,1158.7827,1129.1387,1129138.6999
1,1158.7904,1129.1464,1129146.3999
1,1158.8187,1129.1747,1129174.6999
1,1158.9623,1129.3183,1129318.2999
1,1159.0090,1129.3650,1129364.9999
1,1159.0228,1129.3788,1129378.7999
1,1159.1566,1129.5126,1129512.5999
1,1159.2690,1129.6250,1129624.9999
1,1159.3432,1129.6992,1129699.1999
1,1159.3556,1129.7116,1129711.5999
1,1159.7452,1130.1012,1130101.1999
1,1159.7984,1130.1544,1130154.3999
1,1160.1544,1130.5104,1130510.3999
1,1160.5028,1130.8588,1130858.7999
1,1160.7503,1131.1063,1131106.2999
1,1160.7774,1131.1334,1131133.3999
1,1160.8036,1131.1596,1131159.5999
1,1160.9639,1131.3199,1131319.8999
1,1161.0067,1131.3627,1131362.6999
1,1161.1763,1131.5323,1131532.2999
1,1161.3476,1131.7036,1131703.5999
1,1161.6113,1131.9673,1131967.2999
1,1161.7825,1132.1385,1132138.4999
1,1161.7940,1132.1500,1132149.9999
1,1162.0602,1132.4162,1132416.1999
1,1162.0845,1132.4405,1132440.4999
1,1162.0976,1132.4536,1132453.5999
1,1162.1195,1132.4755,1132475.4999
1,1163.6724,1134.0284,1134028.3999
1,1163.7996,1134.1556,1134155.5999
1,1163.8493,1134.2053,1134205.2999
1,1163.9767,1134.3327,1134332.6999
1,1163.9892,1134.3452,1134345.1999
1,1164.0824,1134.4384,1134438.3999
1,1164.1543,1134.5103,1134510.2999
1,1164.3297,1134.6857,1134685.6999
1,1164.5523,1134.9083,1134908.2999
1,1164.7850,1135.1410,1135140.9999
1,1164.8438,1135.1998,1135199.7999
1,1164.9739,1135.3299,1135329.8999
1,1165.0075,1135.3635,1135363.4999
1,1165.0427,1135.3987,1135398.6999
1,1165.0528,1135.4088,1135408.7999
1,1165.1418,1135.4978,1135497.7999
1,1165.2038,1135.5598,1135559.7999
1,1165.3088,1135.6648,1135664.7999
1,1165.4571,1135.8131,1135813.0999
1,1165.7293,1136.0853,1136085.2999
1,1165.7898,1136.1458,1136145.7999
1,1166.1566,1136.5126,1136512.5999
1,1166.3982,1136.7542,1136754.1999
1,1166.4201,1136.7761,1136776.0999
1,1166.4573,1136.8133,1136813.2999
1,1166.6302,1136.9862,1136986.1999
1,1166.6714,1137.0274,1137027.3999
1,1166.6802,1137.0362,1137036.1999
1,1167.0571,1137.4131,1137413.0999
1,1167.1001,1137.4561,1137456.0999
1,1168.4083,1138.7643,1138764.2999
1,1168.4569,1138.8129,1138812.8999
1,1168.5944,1138.9504,1138950.3999
1,1168.7521,1139.1081,1139108.0999
1,1169.1545,1139.5105,1139510.4999
1,1169.4132,1139.7692,1139769.1999
1,1169.4577,1139.8137,1139813.6999
1,1169.4954,1139.8514,1139851.3999
1,1169.7191,1140.0751,1140075.0999
1,1169.7272,1140.0832,1140083.1999
1,1169.9114,1140.2674,1140267.3999
1,1170.6579,1141.0139,1141013.8999
1,1170.9043,1141.2603,1141260.2999
1,1171.2906,1141.6466,1141646.5999
1,1171.3902,1141.7462,1141746.1999
1,1171.6245,1141.9805,1141980.4999
1,1171.6491,1142.0051,1142005.0999
1,1172.4794,1142.8354,1142835.3999
1,1172.5040,1142.8600,1142859.9999
1,1172.7497,1143.1057,1143105.6999
1,1172.8266,1143.1826,1143182.5999
1,1172.8443,1143.2003,1143200.2999
1,1173.1893,1143.5453,1143545.2999
1,1173.4424,1143.7984,1143798.3999
1,1173.4983,1143.8543,1143854.2999
1,1173.6144,1143.9704,1143970.3999
1,1173.6286,1143.9846,1143984.5999
1,1173.7474,1144.1034,1144103.3999
1,1174.4543,1144.8103,1144810.2999
1,1174.8000,1145.1560,1145155.9999
1,1174.8375,1145.1935,1145193.4999
1,1175.3067,1145.6627,1145662.6999
1,1175.3496,1145.7056,1145705.5999
1,1175.4906,1145.8466,1145846.5999
1,1175.5089,1145.8649,1145864.8999
1,1175.5249,1145.8809,1145880.8999
1,1175.5597,1145.9157,1145915.6999
1,1175.9126,1146.2686,1146268.5999
1,1176.1419,1146.4979,1146497.8999
1,1176.2126,1146.5686,1146568.5999
1,1176.4133,1146.7693,1146769.2999
1,1176.8800,1147.2360,1147235.9999
1,1177.0485,1147.4045,1147404.4999
1,1177.1724,1147.5284,1147528.3999
1,1177.1881,1147.5441,1147544.0999
1,1177.7274,1148.0834,1148083.3999
1,1177.7298,1148.0858,1148085.7999
1,1178.5024,1148.8584,1148858.3999
1,1178.9676,1149.3236,1149323.5999
1,1178.9989,1149.3549,1149354.8999
1,1179.0577,1149.4137,1149413.6999
1,1179.1548,1149.5108,1149510.7999
1,1179.1776,1149.5336,1149533.5999
1,1179.2318,1149.5878,1149587.7999
1,1179.2600,1149.6160,1149615.9999
1,1179.3284,1149.6844,1149684.3999
1,1179.3837,1149.7397,1149739.6999
1,1179.4016,1149.7576,1149757.5999
1,1179.4944,1149.8504,1149850.3999
1,1179.8915,1150.2475,1150247.4999
1,1180.3430,1150.6990,1150698.9999
1,1180.5685,1150.9245,1150924.4999
1,1180.5772,1150.9332,1150933.1999
1,1180.6041,1150.9601,1150960.0999
1,1181.2286,1151.5846,1151584.5999
1,1181.3950,1151.7510,1151750.9999
1,1181.5247,1151.8807,1151880.6999
1,1181.8430,1152.1990,1152198.9999
1,1182.0486,1152.4046,1152404.5999
1,1182.1607,1152.5167,1152516.6999
1,1182.2266,1152.5826,1152582.5999
1,1182.2945,1152.6505,1152650.4999
1,1183.1901,1153.5461,1153546.0999
1,1183.3610,1153.7170,1153716.9999
1,1183.4976,1153.8536,1153853.5999
1,1183.8402,1154.1962,1154196.1999
1,1183.8702,1154.2262,1154226.1999
1,1184.1346,1154.4906,1154490.5999
1,1184.2650,1154.6210,1154620.9999
1,1184.3736,1154.7296,1154729.5999
1,1184.4058,1154.7618,1154761.7999
1,1184.4948,1154.8508,1154850.7999
1,1184.5250,1154.8810,1154880.9999
1,1184.5576,1154.9136,1154913.5999
1,1184.6143,1154.9703,1154970.2999
1,1184.6951,1155.0511,1155051.0999
1,1184.8220,1155.1780,1155177.9999
1,1184.9183,1155.2743,1155274.2999
1,1185.5053,1155.8613,1155861.2999
1,1185.5883,1155.9443,1155944.2999
1,1185.9931,1156.3491,1156349.0999
1,1186.2848,1156.6408,1156640.7999
1,1186.3976,1156.7536,1156753.5999
1,1186.6321,1156.9881,1156988.0999
1,1186.7211,1157.0771,1157077.0999
1,1187.0409,1157.3969,1157396.8999
1,1187.1930,1157.5490,1157548.9999
1,1187.3114,1157.6674,1157667.3999
1,1187.6708,1158.0268,1158026.7999
1,1188.2635,1158.6195,1158619.4999
1,1188.3789,1158.7349,1158734.8999
1,1188.7866,1159.1426,1159142.5999
1,1188.8552,1159.2112,1159211.1999
1,1188.8995,1159.2555,1159255.4999
1,1188.9213,1159.2773,1159277.2999
1,1189.0919,1159.4479,1159447.8999
1,1189.6427,1159.9987,1159998.6999
1,1189.6506,1160.0066,1160006.5999
1,1189.7004,1160.0564,1160056.3999
1,1189.7855,1160.1415,1160141.4999
1,1189.7948,1160.1508,1160150.7999
1,1190.0178,1160.3738,1160373.7999
1,1190.1062,1160.4622,1160462.1999
1,1190.1746,1160.5306,1160530.5999
1,1190.1840,1160.5400,1160539.9999
1,1190.1906,1160.5466,1160546.5999
1,1190.1943,1160.5503,1160550.2999
1,1190.2251,1160.5811,1160581.0999
1,1190.2549,1160.6109,1160610.8999
1,1191.5083,1161.8643,1161864.2999
1,1191.5691,1161.9251,1161925.0999
1,1191.6628,1162.0188,1162018.7999
1,1191.8417,1162.1977,1162197.6999
1,1191.8606,1162.2166,1162216.5999
1,1191.8901,1162.2461,1162246.0999
1,1192.0680,1162.4240,1162423.9999
1,1192.1341,1162.4901,1162490.0999
1,1192.3817,1162.7377,1162737.6999
1,1192.4139,1162.7699,1162769.8999
1,1192.9916,1163.3476,1163347.5999
1,1193.3648,1163.7208,1163720.7999
1,1193.3733,1163.7293,1163729.2999
1,1193.3766,1163.7326,1163732.5999
1,1193.4316,1163.7876,1163787.5999
1,1194.0128,1164.3688,1164368.7999
1,1194.2408,1164.5968,1164596.7999
1,1194.3392,1164.6952,1164695.1999
1,1194.6382,1164.9942,1164994.1999
1,1194.6594,1165.0154,1165015.3999
1,1194.8024,1165.1584,1165158.3999
1,1195.5796,1165.9356,1165935.5999
1,1195.6077,1165.9637,1165963.6999
1,1195.6188,1165.9748,1165974.7999
1,1195.7938,1166.1498,1166149.7999
1,1195.8315,1166.1875,1166187.4999
1,1195.8429,1166.1989,1166198.8999
1,1195.8465,1166.2025,1166202.4999
1,1195.9221,1166.2781,1166278.0999
1,1195.9416,1166.2976,1166297.5999
1,1196.3917,1166.7477,1166747.6999
1,1196.4617,1166.8177,1166817.6999
1,1196.5893,1166.9453,1166945.2999
1,1196.9336,1167.2896,1167289.5999
1,1196.9998,1167.3558,1167355.7999
1,1197.4931,1167.8491,1167849.0999
1,1197.7967,1168.1527,1168152.6999
1,1197.9565,1168.3125,1168312.4999
1,1197.9668,1168.3228,1168322.7999
1,1198.3344,1168.6904,1168690.3999
1,1198.5342,1168.8902,1168890.1999
1,1198.6140,1168.9700,1168969.9999
1,1199.3230,1169.6790,1169678.9999
1,1199.3527,1169.7087,1169708.6999
1,1199.5080,1169.8640,1169863.9999
1,1199.7823,1170.1383,1170138.2999
1,1200.1116,1170.4676,1170467.5999
1,1200.2298,1170.5858,1170585.7999
1,1200.2904,1170.6464,1170646.3999
1,1200.5942,1170.9502,1170950.1999
1,1200.6555,1171.0115,1171011.4999
1,1200.8403,1171.1963,1171196.2999
1,1200.8729,1171.2289,1171228.8999
1,1201.0329,1171.3889,1171388.8999
1,1201.2445,1171.6005,1171600.4999
1,1201.3046,1171.6606,1171660.5999
1,1201.3626,1171.7186,1171718.5999
1,1201.6375,1171.9935,1171993.4999
1,1201.8267,1172.1827,1172182.6999
1,1201.8385,1172.1945,1172194.4999
1,1201.8473,1172.2033,1172203.2999
1,1201.8968,1172.2528,1172252.7999
1,1202.1301,1172.4861,1172486.0999
1,1202.8881,1173.2441,1173244.0999
1,1203.1229,1173.4789,1173478.8999
1,1203.7817,1174.1377,1174137.6999
1,1204.1119,1174.4679,1174467.8999
1,1204.1229,1174.4789,1174478.8999
1,1204.1882,1174.5442,1174544.1999
1,1204.3196,1174.6756,1174675.5999
1,1205.0499,1175.4059,1175405.8999
1,1205.1135,1175.4695,1175469.4999
1,1205.7001,1176.0561,1176056.0999
1,1205.7757,1176.1317,1176131.6999
1,1205.8790,1176.2350,1176234.9999
1,1206.1013,1176.4573,1176457.2999
1,1206.1932,1176.5492,1176549.1999
1,1206.5033,1176.8593,1176859.2999
1,1206.5054,1176.8614,1176861.3999
1,1206.6548,1177.0108,1177010.7999
1,1206.9242,1177.2802,1177280.1999
1,1207.0768,1177.4328,1177432.7999
1,1207.2400,1177.5960,1177595.9999
1,1207.2455,1177.6015,1177601.4999
1,1207.7106,1178.0666,1178066.5999
1,1207.7391,1178.0951,1178095.0999
1,1207.7757,1178.1317,1178131.6999
1,1207.7929,1178.1489,1178148.8999
1,1207.8412,1178.1972,1178197.1999
1,1207.8518,1178.2078,1178207.7999
1,1208.0028,1178.3588,1178358.7999
1,1208.1388,1178.4948,1178494.7999
1,1208.3928,1178.7488,1178748.7999
1,1209.0195,1179.3755,1179375.4999
1,1209.1596,1179.5156,1179515.5999
1,1209.2314,1179.5874,1179587.3999
1,1209.2827,1179.6387,1179638.6999
1,1209.3450,1179.7010,1179700.9999
1,1209.5231,1179.8791,1179879.0999
1,1209.6277,1179.9837,1179983.6999
1,1209.8223,1180.1783,1180178.2999
1,1209.9531,1180.3091,1180309.0999
1,1210.8088,1181.1648,1181164.7999
1,1211.4789,1181.8349,1181834.8999
1,1211.8576,1182.2136,1182213.5999
1,1211.8701,1182.2261,1182226.0999
1,1211.9852,1182.3412,1182341.1999
1,1212.2111,1182.5671,1182567.0999
1,1212.4913,1182.8473,1182847.2999
1,1212.6857,1183.0417,1183041.6999
1,1212.7492,1183.1052,1183105.1999
1,1213.0114,1183.3674,1183367.3999
1,1213.3441,1183.7001,1183700.0999
1,1213.4211,1183.7771,1183777.0999
1,1213.6888,1184.0448,1184044.7999
1,1213.7401,1184.0961,1184096.0999
1,1213.8064,1184.1624,1184162.3999
1,1213.8834,1184.2394,1184239.3999
1,1213.9542,1184.3102,1184310.1999
1,1213.9775,1184.3335,1184333.4999
1,1214.6883,1185.0443,1185044.2999
1,1214.7384,1185.0944,1185094.3999
1,1214.8638,1185.2198,1185219.7999
1,1214.8973,1185.2533,1185253.2999
1,1214.9088,1185.2648,1185264.7999
1,1214.9333,1185.2893,1185289.2999
1,1214.9540,1185.3100,1185309.9999
1,1214.9684,1185.3244,1185324.3999
1,1214.9758,1185.3318,1185331.7999
1,1215.0726,1185.4286,1185428.5999
1,1215.4479,1185.8039,1185803.8999
1,1215.5089,1185.8649,1185864.8999
1,1215.5474,1185.9034,1185903.3999
1,1215.5699,1185.9259,1185925.8999
1,1215.6370,1185.9930,1185992.9999
1,1215.7948,1186.1508,1186150.7999
1,1216.1304,1186.4864,1186486.3999
1,1216.2287,1186.5847,1186584.6999
1,1216.3198,1186.6758,1186675.7999
1,1216.3897,1186.7457,1186745.6999
1,1216.4037,1186.7597,1186759.6999
1,1216.5911,1186.9471,1186947.0999
1,1216.8476,1187.2036,1187203.5999
1,1217.0920,1187.4480,1187447.9999
1,1217.2256,1187.5816,1187581.5999
1,1217.4735,1187.8295,1187829.4999
1,1217.8494,1188.2054,1188205.3999
1,1217.9353,1188.2913,1188291.2999
1,1218.0718,1188.4278,1188427.7999
1,1218.1525,1188.5085,1188508.4999
1,1218.1981,1188.5541,1188554.0999
1,1218.2392,1188.5952,1188595.1999
1,1218.2476,1188.6036,1188603.5999
1,1218.3363,1188.6923,1188692.2999
1,1218.3399,1188.6959,1188695.8999
1,1218.3563,1188.7123,1188712.2999
1,1218.4881,1188.8441,1188844.0999
1,1218.5027,1188.8587,1188858.6999
1,1218.6932,1189.0492,1189049.1999
1,1218.7246,1189.0806,1189080.5999
1,1218.7377,1189.0937,1189093.6999
1,1218.7660,1189.1220,1189121.9999
1,1218.7912,1189.1472,1189147.1999
1,1218.8607,1189.2167,1189216.6999
1,1218.8714,1189.2274,1189227.3999
1,1219.2255,1189.5815,1189581.4999
1,1219.5914,1189.9474,1189947.3999
1,1219.6899,1190.0459,1190045.8999
1,1219.7158,1190.0718,1190071.7999
1,1219.7288,1190.0848,1190084.7999
1,1219.7866,1190.1426,1190142.5999
1,1219.9566,1190.3126,1190312.5999
1,1220.0827,1190.4387,1190438.6999
1,1220.1955,1190.5515,1190551.4999
1,1220.5418,1190.8978,1190897.7999
1,1220.7463,1191.1023,1191102.2999
1,1221.8202,1192.1762,1192176.1999
1,1221.8809,1192.2369,1192236.8999
1,1222.2467,1192.6027,1192602.6999
1,1222.2885,1192.6445,1192644.4999
1,1222.6456,1193.0016,1193001.5999
1,1222.8381,1193.1941,1193194.0999
1,1222.9382,1193.2942,1193294.1999
1,1223.0433,1193.3993,1193399.2999
1,1223.2613,1193.6173,1193617.2999
1,1223.2793,1193.6353,1193635.2999
1,1223.3005,1193.6565,1193656.4999
1,1223.5778,1193.9338,1193933.7999
1,1223.5864,1193.9424,1193942.3999
1,1223.6050,1193.9610,1193960.9999
1,1223.6601,1194.0161,1194016.0999
1,1223.7721,1194.1281,1194128.0999
1,1223.8655,1194.2215,1194221.4999
1,1223.9909,1194.3469,1194346.8999
1,1223.9979,1194.3539,1194353.8999
1,1224.0148,1194.3708,1194370.7999
1,1224.1384,1194.4944,1194494.3999
1,1224.1753,1194.5313,1194531.2999
1,1224.2186,1194.5746,1194574.5999
1,1224.4460,1194.8020,1194801.9999
1,1224.6372,1194.9932,1194993.1999
1,1224.7657,1195.1217,1195121.6999
1,1224.8383,1195.1943,1195194.2999
1,1225.0380,1195.3940,1195393.9999
1,1225.1419,1195.4979,1195497.8999
1,1225.5433,1195.8993,1195899.2999
1,1225.5578,1195.9138,1195913.7999
1,1225.5944,1195.9504,1195950.3999
1,1225.6862,1196.0422,1196042.1999
1,1225.9211,1196.2771,1196277.0999
1,1226.0142,1196.3702,1196370.1999
1,1226.2459,1196.6019,1196601.8999
1,1226.2928,1196.6488,1196648.7999
1,1226.8508,1197.2068,1197206.7999
1,1226.9371,1197.2931,1197293.0999
1,1227.2712,1197.6272,1197627.1999
1,1227.4828,1197.8388,1197838.7999
1,1227.6282,1197.9842,1197984.1999
1,1227.7980,1198.1540,1198153.9999
1,1227.9487,1198.3047,1198304.6999
1,1228.0385,1198.3945,1198394.4999
1,1228.1389,1198.4949,1198494.8999
1,1228.1711,1198.5271,1198527.0999
1,1228.3466,1198.7026,1198702.5999
1,1228.3824,1198.7384,1198738.3999
1,1228.4213,1198.7773,1198777.2999
1,1228.5001,1198.8561,1198856.0999
1,1228.5143,1198.8703,1198870.2999
1,1228.5300,1198.8860,1198885.9999
1,1228.5736,1198.9296,1198929.5999
1,1229.1056,1199.4616,1199461.5999
1,1229.9086,1200.2646,1200264.5999
1,1230.4394,1200.7954,1200795.3999
1,1230.4563,1200.8123,1200812.2999
1,1230.4759,1200.8319,1200831.8999
1,1231.1438,1201.4998,1201499.7999
1,1231.1565,1201.5125,1201512.4999
1,1231.1600,1201.5160,1201515.9999
1,1231.1629,1201.5189,1201518.8999
1,1231.2652,1201.6212,1201621.1999
1,1231.3049,1201.6609,1201660.8999
1,1231.7497,1202.1057,1202105.6999
1,1232.0645,1202.4205,1202420.4999
1,1232.2638,1202.6198,1202619.7999
1,1232.2839,1202.6399,1202639.8999
1,1232.4359,1202.7919,1202791.8999
1,1232.7029,1203.0589,1203058.8999
1,1232.7255,1203.0815,1203081.4999
1,1232.7547,1203.1107,1203110.6999
1,1232.8953,1203.2513,1203251.2999
1,1233.2027,1203.5587,1203558.6999
1,1233.2663,1203.6223,1203622.2999
1,1233.3722,1203.7282,1203728.1999
1,1233.4053,1203.7613,1203761.2999
1,1233.4345,1203.7905,1203790.4999
1,1233.6820,1204.0380,1204037.9999
1,1233.8599,1204.2159,1204215.8999
1,1233.9561,1204.3121,1204312.0999
1,1234.1558,1204.5118,1204511.7999
1,1234.2760,1204.6320,1204631.9999
1,1234.6163,1204.9723,1204972.2999
1,1234.6855,1205.0415,1205041.4999
1,1234.6936,1205.0496,1205049.5999
1,1234.6982,1205.0542,1205054.1999
1,1234.7371,1205.0931,1205093.0999
1,1234.7981,1205.1541,1205154.0999
1,1235.3155,1205.6715,1205671.4999
1,1235.3447,1205.7007,1205700.6999
1,1235.3849,1205.7409,1205740.8999
1,1235.5308,1205.8868,1205886.7999
1,1235.6830,1206.0390,1206038.9999
1,1236.1735,1206.5295,1206529.4999
1,1236.2197,1206.5757,1206575.6999
1,1236.5925,1206.9485,1206948.4999
1,1236.6453,1207.0013,1207001.2999
1,1236.9033,1207.2593,1207259.2999
1,1237.0360,1207.3920,1207391.9999
1,1237.0627,1207.4187,1207418.6999
1,1238.3066,1208.6626,1208662.5999
1,1238.3438,1208.6998,1208699.7999
1,1238.4410,1208.7970,1208796.9999
1,1239.0950,1209.4510,1209450.9999
1,1239.1542,1209.5102,1209510.1999
1,1239.5245,1209.8805,1209880.4999
1,1239.5869,1209.9429,1209942.8999
1,1240.6374,1210.9934,1210993.3999
1,1240.6698,1211.0258,1211025.7999
1,1240.6805,1211.0365,1211036.4999
1,1240.9068,1211.2628,1211262.7999
1,1241.2392,1211.5952,1211595.1999
1,1241.8511,1212.2071,1212207.0999
1,1242.6027,1212.9587,1212958.6999
1,1242.6053,1212.9613,1212961.2999
1,1243.1360,1213.4920,1213491.9999
1,1243.8509,1214.2069,1214206.8999
1,1244.4772,1214.8332,1214833.1999
1,1244.7403,1215.0963,1215096.2999
1,1244.7748,1215.1308,1215130.7999
1,1244.8115,1215.1675,1215167.4999
1,1244.8705,1215.2265,1215226.4999
1,1244.8806,1215.2366,1215236.5999
1,1245.0821,1215.4381,1215438.0999
1,1245.1962,1215.5522,1215552.1999
1,1245.3315,1215.6875,1215687.4999
1,1245.5388,1215.8948,1215894.7999
1,1246.4526,1216.8086,1216808.5999
1,1246.4791,1216.8351,1216835.0999
1,1247.0948,1217.4508,1217450.7999
1,1247.6389,1217.9949,1217994.8999
1,1247.9190,1218.2750,1218274.9999
1,1247.9347,1218.2907,1218290.6999
1,1248.2018,1218.5578,1218557.7999
1,1248.6252,1218.9812,1218981.1999
1,1248.6890,1219.0450,1219044.9999
1,1248.7604,1219.1164,1219116.3999
1,1248.8364,1219.1924,1219192.3999
1,1249.0635,1219.4195,1219419.4999
1,1249.0806,1219.4366,1219436.5999
1,1249.2815,1219.6375,1219637.4999
1,1249.2842,1219.6402,1219640.1999
1,1249.4458,1219.8018,1219801.7999
1,1249.6763,1220.0323,1220032.2999
1,1250.0278,1220.3838,1220383.7999
1,1250.0518,1220.4078,1220407.7999
1,1250.1769,1220.5329,1220532.8999
1,1250.7452,1221.1012,1221101.1999
1,1251.0647,1221.4207,1221420.6999
1,1251.0998,1221.4558,1221455.7999
1,1251.1481,1221.5041,1221504.0999
1,1251.3914,1221.7474,1221747.3999
1,1251.6563,1222.0123,1222012.2999
1,1252.8388,1223.1948,1223194.7999
1,1253.1374,1223.4934,1223493.3999
1,1253.2779,1223.6339,1223633.8999
1,1253.5627,1223.9187,1223918.6999
1,1253.6076,1223.9636,1223963.5999
1,1253.7244,1224.0804,1224080.3999
1,1254.5320,1224.8880,1224887.9999
1,1254.7660,1225.1220,1225121.9999
1,1254.8143,1225.1703,1225170.2999
1,1254.9681,1225.3241,1225324.0999
1,1254.9918,1225.3478,1225347.7999
1,1255.2240,1225.5800,1225579.9999
1,1255.2620,1225.6180,1225617.9999
1,1255.2982,1225.6542,1225654.1999
1,1255.5691,1225.9251,1225925.0999
1,1255.5931,1225.9491,1225949.0999
1,1255.6587,1226.0147,1226014.6999
1,1255.9927,1226.3487,1226348.6999
1,1256.0137,1226.3697,1226369.6999
1,1256.0876,1226.4436,1226443.5999
1,1256.2046,1226.5606,1226560.5999
1,1256.2377,1226.5937,1226593.6999
1,1256.2973,1226.6533,1226653.2999
1,1256.4602,1226.8162,1226816.1999
1,1256.5578,1226.9138,1226913.7999
1,1256.5600,1226.9160,1226915.9999
1,1256.6020,1226.9580,1226957.9999
1,1256.6947,1227.0507,1227050.6999
1,1256.7895,1227.1455,1227145.4999
1,1256.8571,1227.2131,1227213.0999
1,1256.9121,1227.2681,1227268.0999
1,1256.9539,1227.3099,1227309.8999
1,1257.2579,1227.6139,1227613.8999
1,1257.2604,1227.6164,1227616.3999
1,1258.7990,1229.1550,1229154.9999
1,1258.8640,1229.2200,1229219.9999
1,1258.8801,1229.2361,1229236.0999
1,1258.8873,1229.2433,1229243.2999
1,1258.9264,1229.2824,1229282.3999
1,1258.9631,1229.3191,1229319.0999
1,1259.1115,1229.4675,1229467.4999
1,1259.5054,1229.8614,1229861.3999
1,1259.5193,1229.8753,1229875.2999
1,1259.5502,1229.9062,1229906.1999
1,1259.9397,1230.2957,1230295.6999
1,1260.2552,1230.6112,1230611.1999
1,1260.6682,1231.0242,1231024.1999
1,1260.6821,1231.0381,1231038.0999
1,1260.9297,1231.2857,1231285.6999
1,1260.9453,1231.3013,1231301.2999
1,1260.9574,1231.3134,1231313.3999
1,1260.9596,1231.3156,1231315.5999
1,1260.9770,1231.3330,1231332.9999
1,1261.4279,1231.7839,1231783.8999
1,1261.6345,1231.9905,1231990.4999
1,1261.6547,1232.0107,1232010.6999
1,1262.1148,1232.4708,1232470.7999
1,1262.3003,1232.6563,1232656.2999
1,1262.3117,1232.6677,1232667.6999
1,1262.3442,1232.7002,1232700.1999
1,1262.3816,1232.7376,1232737.5999
1,1262.9746,1233.3306,1233330.5999
1,1264.5126,1234.8686,1234868.5999
1,1264.5424,1234.8984,1234898.3999
1,1265.5699,1235.9259,1235925.8999
1,1265.6147,1235.9707,1235970.6999
1,1265.6175,1235.9735,1235973.4999
1,1265.6647,1236.0207,1236020.6999
1,1265.6755,1236.0315,1236031.4999
1,1265.9541,1236.3101,1236310.0999
1,1265.9871,1236.3431,1236343.0999
1,1266.0053,1236.3613,1236361.2999
1,1266.0400,1236.3960,1236395.9999
1,1266.0640,1236.4200,1236419.9999
1,1266.0827,1236.4387,1236438.6999
1,1266.1107,1236.4667,1236466.6999
1,1266.1234,1236.4794,1236479.3999
1,1266.4297,1236.7857,1236785.6999
1,1266.5483,1236.9043,1236904.2999
1,1266.8096,1237.1656,1237165.5999
1,1266.8891,1237.2451,1237245.0999
1,1266.9607,1237.3167,1237316.6999
1,1267.0211,1237.3771,1237377.0999
1,1267.1575,1237.5135,1237513.4999
1,1267.2340,1237.5900,1237589.9999
1,1267.2730,1237.6290,1237628.9999
1,1267.3468,1237.7028,1237702.7999
1,1267.4143,1237.7703,1237770.2999
1,1267.4746,1237.8306,1237830.5999
1,1267.5434,1237.8994,1237899.3999
1,1267.6379,1237.9939,1237993.8999
1,1267.9652,1238.3212,1238321.1999
1,1268.0898,1238.4458,1238445.7999
1,1268.1965,1238.5525,1238552.4999
1,1268.2073,1238.5633,1238563.2999
1,1268.2132,1238.5692,1238569.1999
1,1268.2781,1238.6341,1238634.0999
1,1268.3571,1238.7131,1238713.0999
1,1268.8224,1239.1784,1239178.3999
1,1269.3283,1239.6843,1239684.2999
1,1269.7985,1240.1545,1240154.4999
1,1269.8074,1240.1634,1240163.3999
1,1269.8266,1240.1826,1240182.5999
1,1269.8609,1240.2169,1240216.8999
1,1270.0187,1240.3747,1240374.6999
1,1270.1087,1240.4647,1240464.6999
1,1270.1547,1240.5107,1240510.6999
1,1270.3569,1240.7129,1240712.8999
1,1270.7104,1241.0664,1241066.3999
1,1272.3255,1242.6815,1242681.4999
1,1273.1824,1243.5384,1243538.3999
1,1273.8030,1244.1590,1244158.9999
1,1274.0363,1244.3923,1244392.2999
1,1274.0463,1244.4023,1244402.2999
1,1274.6731,1245.0291,1245029.0999
1,1274.6877,1245.0437,1245043.6999
1,1274.8006,1245.1566,1245156.5999
1,1274.8455,1245.2015,1245201.4999
1,1275.2148,1245.5708,1245570.7999
1,1275.6640,1246.0200,1246019.9999
1,1275.6941,1246.0501,1246050.0999
1,1275.8120,1246.1680,1246167.9999
1,1276.0518,1246.4078,1246407.7999
1,1276.2159,1246.5719,1246571.8999
1,1276.5784,1246.9344,1246934.3999
1,1276.6938,1247.0498,1247049.7999
1,1276.6973,1247.0533,1247053.2999
1,1276.7253,1247.0813,1247081.2999
1,1276.7762,1247.1322,1247132.1999
1,1276.8383,1247.1943,1247194.2999
1,1276.9343,1247.2903,1247290.2999
1,1277.0181,1247.3741,1247374.0999
1,1277.0299,1247.3859,1247385.8999
1,1277.0437,1247.3997,1247399.6999
1,1277.0842,1247.4402,1247440.1999
1,1277.2488,1247.6048,1247604.7999
1,1277.5368,1247.8928,1247892.7999
1,1277.5809,1247.9369,1247936.8999
1,1277.6070,1247.9630,1247962.9999
1,1277.7871,1248.1431,1248143.0999
1,1278.1331,1248.4891,1248489.0999
1,1278.2105,1248.5665,1248566.4999
1,1278.4914,1248.8474,1248847.3999
1,1278.5333,1248.8893,1248889.2999
1,1278.5771,1248.9331,1248933.0999
1,1278.6441,1249.0001,1249000.0999
1,1278.8965,1249.2525,1249252.4999
1,1279.2705,1249.6265,1249626.4999
1,1279.5239,1249.8799,1249879.8999
1,1279.7900,1250.1460,1250145.9999
1,1279.8048,1250.1608,1250160.7999
1,1279.8222,1250.1782,1250178.1999
1,1279.8771,1250.2331,1250233.0999
1,1280.3602,1250.7162,1250716.1999
1,1280.3854,1250.7414,1250741.3999
1,1280.4000,1250.7560,1250755.9999
1,1280.6084,1250.9644,1250964.3999
1,1280.9969,1251.3529,1251352.8999
1,1281.0168,1251.3728,1251372.7999
1,1281.0572,1251.4132,1251413.1999
1,1281.5540,1251.9100,1251909.9999
1,1281.5791,1251.9351,1251935.0999
1,1281.7756,1252.1316,1252131.5999
1,1282.0592,1252.4152,1252415.1999
1,1282.5191,1252.8751,1252875.0999
1,1282.5721,1252.9281,1252928.0999
1,1283.1375,1253.4935,1253493.4999
1,1283.2947,1253.6507,1253650.6999
1,1283.3778,1253.7338,1253733.7999
1,1283.9893,1254.3453,1254345.2999
1,1284.2461,1254.6021,1254602.0999
1,1284.3699,1254.7259,1254725.8999
1,1284.4116,1254.7676,1254767.5999
1,1284.7412,1255.0972,1255097.1999
1,1284.8315,1255.1875,1255187.4999
1,1284.8888,1255.2448,1255244.7999
1,1284.9485,1255.3045,1255304.4999
1,1284.9782,1255.3342,1255334.1999
1,1285.7543,1256.1103,1256110.2999
1,1285.7639,1256.1199,1256119.8999
1,1285.9654,1256.3214,1256321.3999
1,1285.9769,1256.3329,1256332.8999
1,1285.9890,1256.3450,1256344.9999
1,1286.2359,1256.5919,1256591.8999
1,1286.4602,1256.8162,1256816.1999
1,1286.7668,1257.1228,1257122.7999
1,1286.8223,1257.1783,1257178.2999
1,1287.5236,1257.8796,1257879.5999
1,1287.5356,1257.8916,1257891.5999
1,1287.5508,1257.9068,1257906.7999
1,1288.0304,1258.3864,1258386.3999
1,1288.0713,1258.4273,1258427.2999
1,1288.3927,1258.7487,1258748.6999
1,1289.7912,1260.1472,1260147.1999
1,1290.0015,1260.3575,1260357.4999
1,1290.3732,1260.7292,1260729.1999
1,1290.5955,1260.9515,1260951.4999
1,1290.6181,1260.9741,1260974.0999
1,1290.6434,1260.9994,1260999.3999
1,1290.6538,1261.0098,1261009.7999
1,1290.6639,1261.0199,1261019.8999
1,1290.8341,1261.1901,1261190.0999
1,1291.5332,1261.8892,1261889.1999
1,1291.5595,1261.9155,1261915.4999
1,1292.2863,1262.6423,1262642.2999
1,1292.6460,1263.0020,1263001.9999
1,1292.6623,1263.0183,1263018.2999
1,1292.9642,1263.3202,1263320.1999
1,1293.0027,1263.3587,1263358.6999
1,1293.2433,1263.5993,1263599.2999
1,1293.4315,1263.7875,1263787.4999
1,1293.4424,1263.7984,1263798.3999
1,1293.6258,1263.9818,1263981.7999
1,1293.6390,1263.9950,1263994.9999
1,1293.7041,1264.0601,1264060.0999
1,1294.3556,1264.7116,1264711.5999
1,1294.3801,1264.7361,1264736.0999
1,1294.4022,1264.7582,1264758.1999
1,1294.4049,1264.7609,1264760.8999
1,1294.5875,1264.9435,1264943.4999
1,1294.6138,1264.9698,1264969.7999
1,1294.9864,1265.3424,1265342.3999
1,1295.2759,1265.6319,1265631.8999
1,1295.3981,1265.7541,1265754.0999
1,1295.6697,1266.0257,1266025.6999
1,1295.8006,1266.1566,1266156.5999
1,1296.0245,1266.3805,1266380.4999
1,1296.0672,1266.4232,1266423.1999
1,1296.0866,1266.4426,1266442.5999
1,1296.1219,1266.4779,1266477.8999
1,1296.2074,1266.5634,1266563.3999
1,1296.2756,1266.6316,1266631.5999
1,1297.3205,1267.6765,1267676.4999
1,1297.7128,1268.0688,1268068.7999
1,1297.9681,1268.3241,1268324.0999
1,1297.9700,1268.3260,1268325.9999
1,1297.9999,1268.3559,1268355.8999
1,1298.2137,1268.5697,1268569.6999
1,1298.4540,1268.8100,1268809.9999
1,1298.4910,1268.8470,1268846.9999
1,1298.5669,1268.9229,1268922.8999
1,1298.9372,1269.2932,1269293.1999
1,1299.0612,1269.4172,1269417.1999
1,1299.3478,1269.7038,1269703.7999
1,1299.4349,1269.7909,1269790.8999
1,1299.5810,1269.9370,1269936.9999
1,1300.1259,1270.4819,1270481.8999
1,1300.1535,1270.5095,1270509.4999
1,1300.1817,1270.5377,1270537.6999
1,1300.4462,1270.8022,1270802.1999
1,1300.4748,1270.8308,1270830.7999
1,1300.7443,1271.1003,1271100.2999
1,1300.8369,1271.1929,1271192.8999
1,1300.8971,1271.2531,1271253.0999
1,1301.4320,1271.7880,1271787.9999
1,1301.4993,1271.8553,1271855.2999
1,1301.5208,1271.8768,1271876.7999
1,1301.6682,1272.0242,1272024.1999
1,1301.7123,1272.0683,1272068.2999
1,1301.9072,1272.2632,1272263.1999
1,1302.0424,1272.3984,1272398.3999
1,1302.0484,1272.4044,1272404.3999
1,1302.3738,1272.7298,1272729.7999
1,1302.3898,1272.7458,1272745.7999
1,1302.5342,1272.8902,1272890.1999
1,1302.5521,1272.9081,1272908.0999
1,1302.6128,1272.9688,1272968.7999
1,1303.0664,1273.4224,1273422.3999
1,1303.0905,1273.4465,1273446.4999
1,1303.1019,1273.4579,1273457.8999
1,1303.1789,1273.5349,1273534.8999
1,1303.2302,1273.5862,1273586.1999
1,1303.2621,1273.6181,1273618.0999
1,1303.2916,1273.6476,1273647.5999
1,1303.3347,1273.6907,1273690.6999
1,1303.4079,1273.7639,1273763.8999
1,1303.6722,1274.0282,1274028.1999
1,1303.8834,1274.2394,1274239.3999
1,1304.4310,1274.7870,1274786.9999
1,1304.5677,1274.9237,1274923.6999
1,1304.8361,1275.1921,1275192.0999
1,1304.9662,1275.3222,1275322.1999
1,1305.0456,1275.4016,1275401.5999
1,1305.0680,1275.4240,1275423.9999
1,1305.1338,1275.4898,1275489.7999
1,1305.3931,1275.7491,1275749.0999
1,1305.4081,1275.7641,1275764.0999
1,1305.4280,1275.7840,1275783.9999
1,1305.4328,1275.7888,1275788.7999
1,1305.4554,1275.8114,1275811.3999
1,1305.5907,1275.9467,1275946.6999
1,1305.6241,1275.9801,1275980.0999
1,1306.0698,1276.4258,1276425.7999
1,1306.1965,1276.5525,1276552.4999
1,1306.3870,1276.7430,1276742.9999
1,1306.4071,1276.7631,1276763.0999
1,1306.4528,1276.8088,1276808.7999
1,1306.5802,1276.9362,1276936.1999
1,1306.5898,1276.9458,1276945.7999
1,1306.6184,1276.9744,1276974.3999
1,1306.6283,1276.9843,1276984.2999
1,1306.7846,1277.1406,1277140.5999
1,1306.9513,1277.3073,1277307.2999
1,1306.9707,1277.3267,1277326.6999
1,1306.9968,1277.3528,1277352.7999
1,1307.0960,1277.4520,1277451.9999
1,1307.1606,1277.5166,1277516.5999
1,1307.2693,1277.6253,1277625.2999
1,1307.2884,1277.6444,1277644.3999
1,1307.3920,1277.7480,1277747.9999
1,1307.5341,1277.8901,1277890.0999
1,1307.5918,1277.9478,1277947.7999
1,1307.6051,1277.9611,1277961.0999
1,1307.6469,1278.0029,1278002.8999
1,1307.9285,1278.2845,1278284.4999
1,1307.9749,1278.3309,1278330.8999
1,1307.9767,1278.3327,1278332.6999
1,1308.5167,1278.8727,1278872.6999
1,1308.5206,1278.8766,1278876.5999
1,1309.1281,1279.4841,1279484.0999
1,1309.1896,1279.5456,1279545.5999
1,1309.2877,1279.6437,1279643.6999
1,1309.3421,1279.6981,1279698.0999
1,1309.3788,1279.7348,1279734.7999
1,1309.5304,1279.8864,1279886.3999
1,1309.6078,1279.9638,1279963.7999
1,1309.6206,1279.9766,1279976.5999
1,1309.6786,1280.0346,1280034.5999
1,1309.7601,1280.1161,1280116.0999
1,1309.9320,1280.2880,1280287.9999
1,1310.1034,1280.4594,1280459.3999
1,1310.3941,1280.7501,1280750.0999
1,1310.4446,1280.8006,1280800.5999
1,1310.5618,1280.9178,1280917.7999
1,1310.5787,1280.9347,1280934.6999
1,1310.6359,1280.9919,1280991.8999
1,1310.8282,1281.1842,1281184.1999
1,1310.9929,1281.3489,1281348.8999
1,1311.0280,1281.3840,1281383.9999
1,1311.2081,1281.5641,1281564.0999
1,1311.2834,1281.6394,1281639.3999
1,1311.4923,1281.8483,1281848.2999
1,1311.5369,1281.8929,1281892.8999
1,1311.6219,1281.9779,1281977.8999
1,1311.6424,1281.9984,1281998.3999
1,1312.0811,1282.4371,1282437.0999
1,1312.5062,1282.8622,1282862.1999
1,1312.5267,1282.8827,1282882.6999
1,1312.5413,1282.8973,1282897.2999
1,1312.5719,1282.9279,1282927.8999
1,1313.0278,1283.3838,1283383.7999
1,1313.1355,1283.4915,1283491.4999
1,1313.2509,1283.6069,1283606.8999
1,1313.2530,1283.6090,1283608.9999
1,1313.5027,1283.8587,1283858.6999
1,1313.5252,1283.8812,1283881.1999
1,1313.7053,1284.0613,1284061.2999
1,1313.9994,1284.3554,1284355.3999
1,1314.1032,1284.4592,1284459.1999
1,1314.1219,1284.4779,1284477.8999
1,1314.1588,1284.5148,1284514.7999
1,1314.1603,1284.5163,1284516.2999
1,1314.2552,1284.6112,1284611.1999
1,1314.2935,1284.6495,1284649.4999
1,1314.7867,1285.1427,1285142.6999
1,1314.9467,1285.3027,1285302.6999
1,1315.1237,1285.4797,1285479.6999
1,1315.2945,1285.6505,1285650.4999
1,1315.3796,1285.7356,1285735.5999
1,1315.7903,1286.1463,1286146.2999
1,1316.0714,1286.4274,1286427.3999
1,1316.0818,1286.4378,1286437.7999
1,1316.1983,1286.5543,1286554.2999
1,1316.3508,1286.7068,1286706.7999
1,1317.2292,1287.5852,1287585.1999
1,1317.2857,1287.6417,1287641.6999
1,1317.3415,1287.6975,1287697.4999
1,1317.3790,1287.7350,1287734.9999
1,1317.4260,1287.7820,1287781.9999
1,1317.7392,1288.0952,1288095.1999
1,1318.1528,1288.5088,1288508.7999
1,1318.2957,1288.6517,1288651.6999
1,1318.5644,1288.9204,1288920.3999
1,1318.5728,1288.9288,1288928.7999
1,1318.6003,1288.9563,1288956.2999
1,1318.7820,1289.1380,1289137.9999
1,1319.0066,1289.3626,1289362.5999
1,1319.0137,1289.3697,1289369.6999
1,1319.2498,1289.6058,1289605.7999
1,1319.3442,1289.7002,1289700.1999
1,1319.3871,1289.7431,1289743.0999
1,1319.4205,1289.7765,1289776.4999
1,1319.4242,1289.7802,1289780.1999
1,1319.4993,1289.8553,1289855.2999
1,1319.7136,1290.0696,1290069.5999
1,1319.8864,1290.2424,1290242.3999
1,1319.9428,1290.2988,1290298.7999
1,1319.9815,1290.3375,1290337.4999
1,1320.1032,1290.4592,1290459.1999
1,1320.1736,1290.5296,1290529.5999
1,1320.4058,1290.7618,1290761.7999
1,1320.4754,1290.8314,1290831.3999
1,1320.9631,1291.3191,1291319.0999
1,1321.0781,1291.4341,1291434.0999
1,1322.2428,1292.5988,1292598.7999
1,1322.2865,1292.6425,1292642.4999
1,1322.5027,1292.8587,1292858.6999
1,1322.9195,1293.2755,1293275.4999
1,1323.5854,1293.9414,1293941.3999
1,1323.6636,1294.0196,1294019.5999
1,1324.1917,1294.5477,1294547.6999
1,1324.2662,1294.6222,1294622.1999
1,1324.5802,1294.9362,1294936.1999
1,1324.5952,1294.9512,1294951.1999
1,1324.8962,1295.2522,1295252.1999
1,1324.9187,1295.2747,1295274.6999
1,1324.9844,1295.3404,1295340.3999
1,1325.7229,1296.0789,1296078.8999
1,1326.0941,1296.4501,1296450.0999
1,1326.2950,1296.6510,1296650.9999
1,1326.5015,1296.8575,1296857.4999
1,1326.5179,1296.8739,1296873.8999
1,1326.9139,1297.2699,1297269.8999
1,1327.1368,1297.4928,1297492.7999
1,1327.2759,1297.6319,1297631.8999
1,1327.3488,1297.7048,1297704.7999
1,1327.3679,1297.7239,1297723.8999
1,1327.4433,1297.7993,1297799.2999
1,1327.4543,1297.8103,1297810.2999
1,1327.5212,1297.8772,1297877.1999
1,1327.7929,1298.1489,1298148.8999
1,1327.8822,1298.2382,1298238.1999
1,1328.3079,1298.6639,1298663.8999
1,1329.0910,1299.4470,1299446.9999
1,1329.1773,1299.5333,1299533.2999
1,1329.3280,1299.6840,1299683.9999
1,1329.3717,1299.7277,1299727.6999
1,1329.4605,1299.8165,1299816.4999
1,1329.5170,1299.8730,1299872.9999
1,1329.9665,1300.3225,1300322.4999
1,1330.0292,1300.3852,1300385.1999
1,1330.5660,1300.9220,1300921.9999
1,1330.7304,1301.0864,1301086.3999
1,1331.9082,1302.2642,1302264.1999
1,1332.2876,1302.6436,1302643.5999
1,1332.3147,1302.6707,1302670.6999
1,1332.3529,1302.7089,1302708.8999
1,1332.5745,1302.9305,1302930.4999
1,1332.6980,1303.0540,1303053.9999
1,1332.7131,1303.0691,1303069.0999
1,1332.7209,1303.0769,1303076.8999
1,1332.8491,1303.2051,1303205.0999
1,1332.9758,1303.3318,1303331.7999
1,1333.3785,1303.7345,1303734.4999
1,1333.5052,1303.8612,1303861.1999
1,1333.5475,1303.9035,1303903.4999
1,1334.1077,1304.4637,1304463.6999
1,1334.1323,1304.4883,1304488.2999
1,1334.5481,1304.9041,1304904.0999
1,1335.6229,1305.9789,1305978.8999
1,1335.6651,1306.0211,1306021.0999
1,1335.6937,1306.0497,1306049.6999
1,1336.1428,1306.4988,1306498.7999
1,1336.1716,1306.5276,1306527.5999
1,1336.3930,1306.7490,1306748.9999
1,1336.5714,1306.9274,1306927.3999
1,1336.8317,1307.1877,1307187.6999
1,1337.4671,1307.8231,1307823.0999
1,1337.6706,1308.0266,1308026.5999
1,1338.2373,1308.5933,1308593.2999
1,1338.2900,1308.6460,1308645.9999
1,1338.5525,1308.9085,1308908.4999
1,1338.7949,1309.1509,1309150.8999
1,1339.1312,1309.4872,1309487.1999
1,1339.2386,1309.5946,1309594.5999
1,1340.2528,1310.6088,1310608.7999
1,1340.4588,1310.8148,1310814.7999
1,1340.5806,1310.9366,1310936.5999
1,1340.8664,1311.2224,1311222.3999
1,1340.9370,1311.2930,1311292.9999
1,1341.4024,1311.7584,1311758.3999
1,1341.4147,1311.7707,1311770.6999
1,1341.4342,1311.7902,1311790.1999
1,1341.4651,1311.8211,1311821.0999
1,1341.6851,1312.0411,1312041.0999
1,1341.7367,1312.0927,1312092.6999
1,1341.8045,1312.1605,1312160.4999
1,1342.2293,1312.5853,1312585.2999
1,1342.2992,1312.6552,1312655.1999
1,1342.3646,1312.7206,1312720.5999
1,1342.4198,1312.7758,1312775.7999
1,1342.4434,1312.7994,1312799.3999
1,1342.4697,1312.8257,1312825.6999
1,1342.5100,1312.8660,1312865.9999
1,1342.5209,1312.8769,1312876.8999
1,1342.5293,1312.8853,1312885.2999
1,1342.5703,1312.9263,1312926.2999
1,1342.5930,1312.9490,1312948.9999
1,1342.6548,1313.0108,1313010.7999
1,1342.6727,1313.0287,1313028.6999
1,1342.7903,1313.1463,1313146.2999
1,1342.8551,1313.2111,1313211.0999
1,1343.0830,1313.4390,1313438.9999
1,1343.0952,1313.4512,1313451.1999
1,1343.3044,1313.6604,1313660.3999
1,1344.3540,1314.7100,1314709.9999
1,1344.3718,1314.7278,1314727.7999
1,1344.8649,1315.2209,1315220.8999
1,1346.0765,1316.4325,1316432.4999
1,1346.1194,1316.4754,1316475.3999
1,1346.3861,1316.7421,1316742.0999
1,1346.4916,1316.8476,1316847.5999
1,1346.6049,1316.9609,1316960.8999
1,1346.7565,1317.1125,1317112.4999
1,1346.7610,1317.1170,1317116.9999
1,1346.8278,1317.1838,1317183.7999
1,1347.1233,1317.4793,1317479.2999
1,1347.1973,1317.5533,1317553.2999
1,1347.3283,1317.6843,1317684.2999
1,1347.4581,1317.8141,1317814.0999
1,1347.5081,1317.8641,1317864.0999
1,1347.6434,1317.9994,1317999.3999
1,1347.7308,1318.0868,1318086.7999
1,1347.7440,1318.1000,1318099.9999
1,1347.8760,1318.2320,1318231.9999
1,1347.8988,1318.2548,1318254.7999
1,1348.1724,1318.5284,1318528.3999
1,1348.5075,1318.8635,1318863.4999
1,1348.5225,1318.8785,1318878.4999
1,1348.6241,1318.9801,1318980.0999
1,1348.6624,1319.0184,1319018.3999
1,1349.2334,1319.5894,1319589.3999
1,1349.2442,1319.6002,1319600.1999
1,1349.5546,1319.9106,1319910.5999
1,1349.5696,1319.9256,1319925.5999
1,1349.6078,1319.9638,1319963.7999
1,1349.9191,1320.2751,1320275.0999
1,1350.2939,1320.6499,1320649.8999
1,1350.7201,1321.0761,1321076.0999
1,1350.9831,1321.3391,1321339.0999
1,1351.5073,1321.8633,1321863.2999
1,1351.6891,1322.0451,1322045.0999
1,1351.7955,1322.1515,1322151.4999
1,1352.0181,1322.3741,1322374.0999
1,1352.0479,1322.4039,1322403.8999
1,1352.2861,1322.6421,1322642.0999
1,1352.3634,1322.7194,1322719.3999
1,1353.0471,1323.4031,1323403.0999
1,1353.2586,1323.6146,1323614.5999
1,1353.3733,1323.7293,1323729.2999
1,1353.4405,1323.7965,1323796.4999
1,1353.4511,1323.8071,1323807.0999
1,1353.8698,1324.2258,1324225.7999
1,1353.8918,1324.2478,1324247.7999
1,1353.9380,1324.2940,1324293.9999
1,1354.6143,1324.9703,1324970.2999
1,1355.1272,1325.4832,1325483.1999
1,1355.6030,1325.9590,1325958.9999
1,1356.0514,1326.4074,1326407.3999
1,1356.3978,1326.7538,1326753.7999
1,1356.8501,1327.2061,1327206.0999
1,1356.8623,1327.2183,1327218.2999
1,1357.0872,1327.4432,1327443.1999
1,1357.4798,1327.8358,1327835.7999
1,1357.6120,1327.9680,1327967.9999
1,1357.9929,1328.3489,1328348.8999
1,1358.0147,1328.3707,1328370.6999
1,1358.1951,1328.5511,1328551.0999
1,1358.2354,1328.5914,1328591.3999
1,1358.5419,1328.8979,1328897.8999
1,1359.1577,1329.5137,1329513.6999
1,1359.1887,1329.5447,1329544.6999
1,1359.4952,1329.8512,1329851.1999
1,1360.1132,1330.4692,1330469.1999
1,1360.5160,1330.8720,1330871.9999
1,1361.5989,1331.9549,1331954.8999
1,1361.6878,1332.0438,1332043.7999
1,1361.7544,1332.1104,1332110.3999
1,1362.2256,1332.5816,1332581.5999
1,1362.5623,1332.9183,1332918.2999
1,1363.1876,1333.5436,1333543.5999
1,1363.2351,1333.5911,1333591.0999
1,1363.6698,1334.0258,1334025.7999
1,1363.9305,1334.2865,1334286.4999
1,1364.4863,1334.8423,1334842.2999
1,1364.6374,1334.9934,1334993.3999
1,1364.7196,1335.0756,1335075.5999
1,1364.8105,1335.1665,1335166.4999
1,1365.3179,1335.6739,1335673.8999
1,1365.8586,1336.2146,1336214.5999
1,1366.3411,1336.6971,1336697.0999
1,1366.5840,1336.9400,1336939.9999
1,1366.6081,1336.9641,1336964.0999
1,1366.6357,1336.9917,1336991.6999
1,1366.6455,1337.0015,1337001.4999
1,1366.8595,1337.2155,1337215.4999
1,1366.9504,1337.3064,1337306.3999
1,1367.1298,1337.4858,1337485.7999
1,1367.4972,1337.8532,1337853.1999
1,1368.0367,1338.3927,1338392.6999
1,1368.0581,1338.4141,1338414.0999
1,1368.3435,1338.6995,1338699.4999
1,1368.4335,1338.7895,1338789.4999
1,1368.4575,1338.8135,1338813.4999
1,1368.4737,1338.8297,1338829.6999
1,1368.5160,1338.8720,1338871.9999
1,1368.5764,1338.9324,1338932.3999
1,1368.7114,1339.0674,1339067.3999
1,1368.7234,1339.0794,1339079.3999
1,1368.8192,1339.1752,1339175.1999
1,1368.9466,1339.3026,1339302.5999
1,1368.9649,1339.3209,1339320.8999
1,1368.9924,1339.3484,1339348.3999
1,1369.1096,1339.4656,1339465.5999
1,1369.1256,1339.4816,1339481.5999
1,1369.1407,1339.4967,1339496.6999
1,1369.2750,1339.6310,1339630.9999
1,1369.3632,1339.7192,1339719.1999
1,1369.6635,1340.0195,1340019.4999
1,1369.7322,1340.0882,1340088.1999
1,1370.0069,1340.3629,1340362.8999
1,1371.2368,1341.5928,1341592.7999
1,1371.6044,1341.9604,1341960.3999
1,1372.0644,1342.4204,1342420.3999
1,1372.0835,1342.4395,1342439.4999
1,1372.1878,1342.5438,1342543.7999
1,1372.3696,1342.7256,1342725.5999
1,1372.4063,1342.7623,1342762.2999
1,1372.4982,1342.8542,1342854.1999
1,1372.5563,1342.9123,1342912.2999
1,1372.5970,1342.9530,1342952.9999
1,1373.1013,1343.4573,1343457.2999
1,1373.8237,1344.1797,1344179.6999
1,1373.8855,1344.2415,1344241.4999
1,1373.9348,1344.2908,1344290.7999
1,1374.0870,1344.4430,1344442.9999
1,1374.2041,1344.5601,1344560.0999
1,1374.3322,1344.6882,1344688.1999
1,1374.3348,1344.6908,1344690.7999
1,1374.6046,1344.9606,1344960.5999
1,1374.6245,1344.9805,1344980.4999
1,1375.1150,1345.4710,1345470.9999
1,1375.1680,1345.5240,1345523.9999
1,1375.2217,1345.5777,1345577.6999
1,1375.4052,1345.7612,1345761.1999
1,1375.6550,1346.0110,1346010.9999
1,1375.6866,1346.0426,1346042.5999
1,1375.7555,1346.1115,1346111.4999
1,1375.9126,1346.2686,1346268.5999
1,1376.2194,1346.5754,1346575.3999
1,1376.4698,1346.8258,1346825.7999
1,1376.7364,1347.0924,1347092.3999
1,1377.0005,1347.3565,1347356.4999
1,1377.2617,1347.6177,1347617.6999
1,1377.8448,1348.2008,1348200.7999
1,1377.9251,1348.2811,1348281.0999
1,1377.9357,1348.2917,1348291.6999
1,1377.9489,1348.3049,1348304.8999
1,1377.9566,1348.3126,1348312.5999
1,1377.9893,1348.3453,1348345.2999
1,1378.1643,1348.5203,1348520.2999
1,1378.1927,1348.5487,1348548.6999
1,1378.3853,1348.7413,1348741.2999
1,1378.7658,1349.1218,1349121.7999
1,1379.1353,1349.4913,1349491.2999
1,1379.1559,1349.5119,1349511.8999
1,1379.4721,1349.8281,1349828.0999
1,1379.5263,1349.8823,1349882.2999
1,1379.7589,1350.1149,1350114.8999
1,1380.0079,1350.3639,1350363.8999
1,1380.0179,1350.3739,1350373.8999
1,1380.9927,1351.3487,1351348.6999
1,1381.3222,1351.6782,1351678.1999
1,1381.6519,1352.0079,1352007.8999
1,1381.6802,1352.0362,1352036.1999
1,1381.9607,1352.3167,1352316.6999
1,1382.1675,1352.5235,1352523.4999
1,1382.6945,1353.0505,1353050.4999
1,1382.7074,1353.0634,1353063.3999
1,1383.0395,1353.3955,1353395.4999
1,1384.6685,1355.0245,1355024.4999
1,1384.7494,1355.1054,1355105.3999
1,1384.9874,1355.3434,1355343.3999
1,1385.1948,1355.5508,1355550.7999
1,1385.7929,1356.1489,1356148.8999
1,1385.8158,1356.1718,1356171.7999
1,1386.0039,1356.3599,1356359.8999
1,1386.2157,1356.5717,1356571.6999
1,1386.7409,1357.0969,1357096.8999
1,1386.9113,1357.2673,1357267.2999
1,1386.9366,1357.2926,1357292.5999
1,1387.0103,1357.3663,1357366.2999
1,1387.0848,1357.4408,1357440.7999
1,1387.1596,1357.5156,1357515.5999
1,1387.1980,1357.5540,1357553.9999
1,1387.2238,1357.5798,1357579.7999
1,1387.3448,1357.7008,1357700.7999
1,1387.4650,1357.8210,1357820.9999
1,1387.7495,1358.1055,1358105.4999
1,1387.8527,1358.2087,1358208.6999
1,1388.0845,1358.4405,1358440.4999
1,1388.1444,1358.5004,1358500.3999
1,1388.4373,1358.7933,1358793.2999
1,1388.4647,1358.8207,1358820.6999
1,1388.4710,1358.8270,1358826.9999
1,1388.6676,1359.0236,1359023.5999
1,1389.8711,1360.2271,1360227.0999
1,1390.5929,1360.9489,1360948.8999
1,1390.8303,1361.1863,1361186.2999
1,1390.8418,1361.1978,1361197.7999
1,1390.8755,1361.2315,1361231.4999
1,1390.9143,1361.2703,1361270.2999
1,1390.9974,1361.3534,1361353.3999
1,1391.0120,1361.3680,1361367.9999
1,1391.1966,1361.5526,1361552.5999
1,1391.2508,1361.6068,1361606.7999
1,1391.2923,1361.6483,1361648.2999
1,1391.6537,1362.0097,1362009.6999
1,1392.0101,1362.3661,1362366.0999
1,1392.0681,1362.4241,1362424.0999
1,1392.3253,1362.6813,1362681.2999
1,1392.4422,1362.7982,1362798.1999
1,1392.5184,1362.8744,1362874.3999
1,1392.5253,1362.8813,1362881.2999
1,1392.6554,1363.0114,1363011.3999
1,1392.7342,1363.0902,1363090.1999
1,1392.7626,1363.1186,1363118.5999
1,1392.8002,1363.1562,1363156.1999
1,1392.8835,1363.2395,1363239.4999
1,1393.2348,1363.5908,1363590.7999
1,1393.7942,1364.1502,1364150.1999
1,1393.8142,1364.1702,1364170.1999
1,1393.8364,1364.1924,1364192.3999
1,1393.9023,1364.2583,1364258.2999
1,1393.9483,1364.3043,1364304.2999
1,1394.6758,1365.0318,1365031.7999
1,1394.7094,1365.0654,1365065.3999
1,1394.7210,1365.0770,1365076.9999
1,1395.1676,1365.5236,1365523.5999
1,1395.2382,1365.5942,1365594.1999
1,1395.3540,1365.7100,1365709.9999
1,1395.4899,1365.8459,1365845.8999
1,1395.5733,1365.9293,1365929.2999
1,1395.6446,1366.0006,1366000.5999
1,1396.0114,1366.3674,1366367.3999
1,1396.0631,1366.4191,1366419.0999
1,1396.0775,1366.4335,1366433.4999
1,1396.2673,1366.6233,1366623.2999
1,1396.3496,1366.7056,1366705.5999
1,1396.4762,1366.8322,1366832.1999
1,1396.4915,1366.8475,1366847.4999
1,1396.5441,1366.9001,1366900.0999
1,1397.4172,1367.7732,1367773.1999
1,1397.6553,1368.0113,1368011.2999
1,1397.8888,1368.2448,1368244.7999
1,1397.8983,1368.2543,1368254.2999
1,1398.1461,1368.5021,1368502.0999
1,1398.1932,1368.5492,1368549.1999
1,1398.8701,1369.2261,1369226.0999
1,1398.8935,1369.2495,1369249.4999
1,1399.5866,1369.9426,1369942.5999
1,1400.8478,1371.2038,1371203.7999
1,1401.2952,1371.6512,1371651.1999
1,1401.3543,1371.7103,1371710.2999
1,1402.2260,1372.5820,1372581.9999
1,1402.3803,1372.7363,1372736.2999
1,1402.5887,1372.9447,1372944.6999
1,1402.5917,1372.9477,1372947.6999
1,1402.9663,1373.3223,1373322.2999
1,1403.4652,1373.8212,1373821.1999
1,1403.5236,1373.8796,1373879.5999
1,1403.7446,1374.1006,1374100.5999
1,1403.8536,1374.2096,1374209.5999
1,1403.8891,1374.2451,1374245.0999
1,1404.1120,1374.4680,1374467.9999
1,1404.1970,1374.5530,1374552.9999
1,1404.2239,1374.5799,1374579.8999
1,1404.2938,1374.6498,1374649.7999
1,1404.3644,1374.7204,1374720.3999
1,1404.4295,1374.7855,1374785.4999
1,1404.4775,1374.8335,1374833.4999
1,1404.4809,1374.8369,1374836.8999
1,1404.4825,1374.8385,1374838.4999
1,1404.5102,1374.8662,1374866.1999
1,1404.6130,1374.9690,1374968.9999
1,1404.6645,1375.0205,1375020.4999
1,1404.7487,1375.1047,1375104.6999
1,1404.8812,1375.2372,1375237.1999
1,1405.1644,1375.5204,1375520.3999
1,1405.2691,1375.6251,1375625.0999
1,1405.6871,1376.0431,1376043.0999
1,1405.8684,1376.2244,1376224.3999
1,1405.9043,1376.2603,1376260.2999
1,1406.0640,1376.4200,1376419.9999
1,1406.1748,1376.5308,1376530.7999
1,1406.2246,1376.5806,1376580.5999
1,1406.2786,1376.6346,1376634.5999
1,1406.3571,1376.7131,1376713.0999
1,1406.3681,1376.7241,1376724.0999
1,1406.3720,1376.7280,1376727.9999
1,1406.3754,1376.7314,1376731.3999
1,1406.4443,1376.8003,1376800.2999
1,1406.4808,1376.8368,1376836.7999
1,1406.9094,1377.2654,1377265.3999
1,1407.2462,1377.6022,1377602.1999
1,1407.3078,1377.6638,1377663.7999
1,1407.3279,1377.6839,1377683.8999
1,1407.5190,1377.8750,1377874.9999
1,1407.9589,1378.3149,1378314.8999
1,1408.0121,1378.3681,1378368.0999
1,1408.0387,1378.3947,1378394.6999
1,1408.1272,1378.4832,1378483.1999
1,1408.1764,1378.5324,1378532.3999
1,1408.2676,1378.6236,1378623.5999
1,1408.5210,1378.8770,1378876.9999
1,1408.9502,1379.3062,1379306.1999
1,1408.9815,1379.3375,1379337.4999
1,1409.0272,1379.3832,1379383.1999
1,1409.2340,1379.5900,1379589.9999
1,1409.2732,1379.6292,1379629.1999
1,1409.7281,1380.0841,1380084.0999
1,1409.7495,1380.1055,1380105.4999
1,1410.1470,1380.5030,1380502.9999
1,1410.6193,1380.9753,1380975.2999
1,1410.6341,1380.9901,1380990.0999
1,1410.8293,1381.1853,1381185.2999
1,1411.0444,1381.4004,1381400.3999
1,1411.0696,1381.4256,1381425.5999
1,1411.4309,1381.7869,1381786.8999
1,1411.9176,1382.2736,1382273.5999
1,1412.0870,1382.4430,1382442.9999
1,1412.1921,1382.5481,1382548.0999
1,1412.3713,1382.7273,1382727.2999
1,1413.1079,1383.4639,1383463.8999
1,1413.4338,1383.7898,1383789.7999
1,1413.4787,1383.8347,1383834.6999
1,1413.6182,1383.9742,1383974.1999
1,1413.6204,1383.9764,1383976.3999
1,1413.9523,1384.3083,1384308.2999
1,1414.1160,1384.4720,1384471.9999
1,1414.1908,1384.5468,1384546.7999
1,1414.3539,1384.7099,1384709.8999
1,1414.3579,1384.7139,1384713.8999
1,1414.8861,1385.2421,1385242.0999
1,1415.1352,1385.4912,1385491.1999
1,1415.2317,1385.5877,1385587.6999
1,1415.3905,1385.7465,1385746.4999
1,1415.4125,1385.7685,1385768.4999
1,1415.7906,1386.1466,1386146.5999
1,1415.8046,1386.1606,1386160.5999
1,1416.2515,1386.6075,1386607.4999
1,1416.7842,1387.1402,1387140.1999
1,1417.3639,1387.7199,1387719.8999
1,1417.4905,1387.8465,1387846.4999
1,1417.5675,1387.9235,1387923.4999
1,1417.6996,1388.0556,1388055.5999
1,1418.6168,1388.9728,1388972.7999
1,1418.6836,1389.0396,1389039.5999
1,1418.7767,1389.1327,1389132.6999
1,1418.8048,1389.1608,1389160.7999
1,1419.2143,1389.5703,1389570.2999
1,1419.2228,1389.5788,1389578.7999
1,1419.2331,1389.5891,1389589.0999
1,1419.4211,1389.7771,1389777.0999
1,1419.9672,1390.3232,1390323.1999
1,1420.5884,1390.9444,1390944.3999
1,1420.9299,1391.2859,1391285.8999
1,1421.6085,1391.9645,1391964.4999
1,1421.6267,1391.9827,1391982.6999
1,1421.8834,1392.2394,1392239.3999
1,1422.3351,1392.6911,1392691.0999
1,1422.5900,1392.9460,1392945.9999
1,1422.6292,1392.9852,1392985.1999
1,1422.6501,1393.0061,1393006.0999
1,1422.6519,1393.0079,1393007.8999
1,1422.9375,1393.2935,1393293.4999
1,1423.0546,1393.4106,1393410.5999
1,1423.3166,1393.6726,1393672.5999
1,1423.4046,1393.7606,1393760.5999
1,1423.7573,1394.1133,1394113.2999
1,1424.2923,1394.6483,1394648.2999
1,1424.3063,1394.6623,1394662.2999
1,1424.4175,1394.7735,1394773.4999
1,1424.4264,1394.7824,1394782.3999
1,1424.4512,1394.8072,1394807.1999
1,1424.4948,1394.8508,1394850.7999
1,1425.0213,1395.3773,1395377.2999
1,1425.2232,1395.5792,1395579.1999
1,1425.2336,1395.5896,1395589.5999
1,1425.5989,1395.9549,1395954.8999
1,1425.7224,1396.0784,1396078.3999
1,1425.8583,1396.2143,1396214.2999
1,1425.9106,1396.2666,1396266.5999
1,1426.0749,1396.4309,1396430.8999
1,1426.1437,1396.4997,1396499.6999
1,1426.4871,1396.8431,1396843.0999
1,1426.7320,1397.0880,1397087.9999
1,1427.0042,1397.3602,1397360.1999
1,1427.0187,1397.3747,1397374.6999
1,1427.0778,1397.4338,1397433.7999
1,1427.1281,1397.4841,1397484.0999
1,1427.1559,1397.5119,1397511.8999
1,1427.4059,1397.7619,1397761.8999
1,1427.4133,1397.7693,1397769.2999
1,1427.5388,1397.8948,1397894.7999
1,1427.7716,1398.1276,1398127.5999
1,1428.1943,1398.5503,1398550.2999
1,1428.2081,1398.5641,1398564.0999
1,1428.2344,1398.5904,1398590.3999
1,1428.2441,1398.6001,1398600.0999
1,1428.5264,1398.8824,1398882.3999
1,1428.7587,1399.1147,1399114.6999
1,1429.0601,1399.4161,1399416.0999
1,1429.3660,1399.7220,1399721.9999
1,1429.4898,1399.8458,1399845.7999
1,1429.5001,1399.8561,1399856.0999
1,1429.9748,1400.3308,1400330.7999
1,1429.9817,1400.3377,1400337.6999
1,1430.4402,1400.7962,1400796.1999
1,1430.5846,1400.9406,1400940.5999
1,1430.7964,1401.1524,1401152.3999
1,1430.9403,1401.2963,1401296.2999
1,1431.1982,1401.5542,1401554.1999
1,1431.8540,1402.2100,1402209.9999
1,1431.9357,1402.2917,1402291.6999
1,1431.9607,1402.3167,1402316.6999
1,1432.1161,1402.4721,1402472.0999
1,1432.1607,1402.5167,1402516.6999
1,1432.2206,1402.5766,1402576.5999
1,1432.2517,1402.6077,1402607.6999
1,1432.2625,1402.6185,1402618.4999
1,1432.2994,1402.6554,1402655.3999
1,1432.3714,1402.7274,1402727.3999
1,1432.5416,1402.8976,1402897.5999
1,1432.5629,1402.9189,1402918.8999
1,1432.5720,1402.9280,1402927.9999
1,1432.5737,1402.9297,1402929.6999
1,1432.5803,1402.9363,1402936.2999
1,1432.6185,1402.9745,1402974.4999
1,1432.9882,1403.3442,1403344.1999
1,1433.0080,1403.3640,1403363.9999
1,1433.0215,1403.3775,1403377.4999
1,1433.2192,1403.5752,1403575.1999
1,1433.4556,1403.8116,1403811.5999
1,1433.5209,1403.8769,1403876.8999
1,1433.6420,1403.9980,1403997.9999
1,1433.6879,1404.0439,1404043.8999
1,1434.2715,1404.6275,1404627.4999
1,1434.6907,1405.0467,1405046.6999
1,1434.7238,1405.0798,1405079.7999
1,1435.0123,1405.3683,1405368.2999
1,1435.3035,1405.6595,1405659.4999
1,1435.4460,1405.8020,1405801.9999
1,1435.7659,1406.1219,1406121.8999
1,1435.7824,1406.1384,1406138.3999
1,1435.7860,1406.1420,1406141.9999
1,1435.8766,1406.2326,1406232.5999
1,1435.9861,1406.3421,1406342.0999
1,1436.0007,1406.3567,1406356.6999
1,1436.0179,1406.3739,1406373.8999
1,1436.0454,1406.4014,1406401.3999
1,1436.0872,1406.4432,1406443.1999
1,1436.0984,1406.4544,1406454.3999
1,1436.3744,1406.7304,1406730.3999
1,1436.4211,1406.7771,1406777.0999
1,1436.5645,1406.9205,1406920.4999
1,1436.5973,1406.9533,1406953.2999
1,1436.6574,1407.0134,1407013.3999
1,1436.7364,1407.0924,1407092.3999
1,1436.8095,1407.1655,1407165.4999
1,1436.8285,1407.1845,1407184.4999
1,1437.0514,1407.4074,1407407.3999
1,1437.1505,1407.5065,1407506.4999
1,1437.2318,1407.5878,1407587.7999
1,1437.6255,1407.9815,1407981.4999
1,1437.6518,1408.0078,1408007.7999
1,1438.3952,1408.7512,1408751.1999
1,1438.6542,1409.0102,1409010.1999
1,1438.7427,1409.0987,1409098.6999
1,1439.0187,1409.3747,1409374.6999
1,1439.0338,1409.3898,1409389.7999
1,1439.5392,1409.8952,1409895.1999
1,1439.9309,1410.2869,1410286.8999
1,1439.9537,1410.3097,1410309.6999
1,1439.9735,1410.3295,1410329.4999
1,1440.1513,1410.5073,1410507.2999
1,1440.1658,1410.5218,1410521.7999
1,1440.2143,1410.5703,1410570.2999
1,1440.2294,1410.5854,1410585.3999
1,1440.2754,1410.6314,1410631.3999
1,1440.3550,1410.7110,1410710.9999
1,1440.6428,1410.9988,1410998.7999
1,1440.6728,1411.0288,1411028.7999
1,1440.9257,1411.2817,1411281.6999
1,1440.9377,1411.2937,1411293.6999
1,1441.1418,1411.4978,1411497.7999
1,1441.1759,1411.5319,1411531.8999
1,1441.3167,1411.6727,1411672.6999
1,1441.3686,1411.7246,1411724.5999
1,1441.5801,1411.9361,1411936.0999
1,1441.6011,1411.9571,1411957.0999
1,1441.7455,1412.1015,1412101.4999
1,1442.2463,1412.6023,1412602.2999
1,1442.7395,1413.0955,1413095.4999
1,1443.0343,1413.3903,1413390.2999
1,1443.0359,1413.3919,1413391.8999
1,1443.2140,1413.5700,1413569.9999
1,1443.6458,1414.0018,1414001.7999
1,1443.9980,1414.3540,1414353.9999
1,1444.0127,1414.3687,1414368.6999
1,1444.1323,1414.4883,1414488.2999
1,1444.2404,1414.5964,1414596.3999
1,1444.4235,1414.7795,1414779.4999
1,1444.9081,1415.2641,1415264.0999
1,1444.9341,1415.2901,1415290.0999
1,1445.1314,1415.4874,1415487.3999
1,1445.2110,1415.5670,1415566.9999
1,1445.2514,1415.6074,1415607.3999
1,1445.9399,1416.2959,1416295.8999
1,1445.9530,1416.3090,1416308.9999
1,1446.2550,1416.6110,1416610.9999
1,1446.4742,1416.8302,1416830.1999
1,1446.5935,1416.9495,1416949.4999
1,1446.6991,1417.0551,1417055.0999
1,1446.9787,1417.3347,1417334.6999
1,1447.2554,1417.6114,1417611.3999
1,1447.3341,1417.6901,1417690.0999
1,1447.5582,1417.9142,1417914.1999
1,1447.7834,1418.1394,1418139.3999
1,1447.9125,1418.2685,1418268.4999
1,1447.9328,1418.2888,1418288.7999
1,1448.9418,1419.2978,1419297.7999
1,1449.0045,1419.3605,1419360.4999
1,1449.0500,1419.4060,1419405.9999
1,1449.1452,1419.5012,1419501.1999
1,1449.3068,1419.6628,1419662.7999
1,1449.3196,1419.6756,1419675.5999
1,1449.6091,1419.9651,1419965.0999
1,1449.8994,1420.2554,1420255.3999
1,1449.9150,1420.2710,1420270.9999
1,1449.9651,1420.3211,1420321.0999
1,1450.1237,1420.4797,1420479.6999
1,1450.1698,1420.5258,1420525.7999
1,1450.2364,1420.5924,1420592.3999
1,1450.6495,1421.0055,1421005.4999
1,1450.6732,1421.0292,1421029.1999
1,1451.2156,1421.5716,1421571.5999
1,1451.2296,1421.5856,1421585.5999
1,1451.2597,1421.6157,1421615.6999
1,1451.4119,1421.7679,1421767.8999
1,1451.8961,1422.2521,1422252.0999
1,1452.1646,1422.5206,1422520.5999
1,1452.2274,1422.5834,1422583.3999
1,1452.4182,1422.7742,1422774.1999
1,1452.7139,1423.0699,1423069.8999
1,1452.9458,1423.3018,1423301.7999
1,1452.9602,1423.3162,1423316.1999
1,1453.1443,1423.5003,1423500.2999
1,1453.2263,1423.5823,1423582.2999
1,1453.2369,1423.5929,1423592.8999
1,1453.2529,1423.6089,1423608.8999
1,1453.4604,1423.8164,1423816.3999
1,1453.4747,1423.8307,1423830.6999
1,1453.7836,1424.1396,1424139.5999
1,1454.0809,1424.4369,1424436.8999
1,1454.2515,1424.6075,1424607.4999
1,1454.2724,1424.6284,1424628.3999
1,1454.3731,1424.7291,1424729.0999
1,1454.5828,1424.9388,1424938.7999
1,1455.0146,1425.3706,1425370.5999
1,1455.4217,1425.7777,1425777.6999
1,1455.4518,1425.8078,1425807.7999
1,1455.8590,1426.2150,1426214.9999
1,1455.8961,1426.2521,1426252.0999
1,1456.0112,1426.3672,1426367.1999
1,1456.2510,1426.6070,1426606.9999
1,1456.3470,1426.7030,1426702.9999
1,1456.4011,1426.7571,1426757.0999
1,1456.4069,1426.7629,1426762.8999
1,1456.4160,1426.7720,1426771.9999
1,1456.4983,1426.8543,1426854.2999
1,1456.8786,1427.2346,1427234.5999
1,1456.8848,1427.2408,1427240.7999
1,1457.7788,1428.1348,1428134.7999
1,1458.4132,1428.7692,1428769.1999
1,1459.2211,1429.5771,1429577.0999
1,1459.3197,1429.6757,1429675.6999
1,1459.4127,1429.7687,1429768.6999
1,1459.4762,1429.8322,1429832.1999
1,1459.7653,1430.1213,1430121.2999
1,1459.7993,1430.1553,1430155.2999
1,1460.3349,1430.6909,1430690.8999
1,1460.6478,1431.0038,1431003.7999
1,1460.8053,1431.1613,1431161.2999
1,1460.8717,1431.2277,1431227.6999
1,1460.9361,1431.2921,1431292.0999
1,1461.7594,1432.1154,1432115.3999
1,1461.9979,1432.3539,1432353.8999
1,1462.1346,1432.4906,1432490.5999
1,1462.6553,1433.0113,1433011.2999
1,1462.6715,1433.0275,1433027.4999
1,1462.7434,1433.0994,1433099.3999
1,1463.0683,1433.4243,1433424.2999
1,1463.1441,1433.5001,1433500.0999
1,1463.1888,1433.5448,1433544.7999
1,1463.2141,1433.5701,1433570.0999
1,1463.6867,1434.0427,1434042.6999
1,1463.7349,1434.0909,1434090.8999
1,1463.8708,1434.2268,1434226.7999
1,1464.2916,1434.6476,1434647.5999
1,1464.4333,1434.7893,1434789.2999
1,1464.5367,1434.8927,1434892.6999
1,1464.7845,1435.1405,1435140.4999
1,1464.8039,1435.1599,1435159.8999
1,1465.1711,1435.5271,1435527.0999
1,1465.1896,1435.5456,1435545.5999
1,1465.7058,1436.0618,1436061.7999
1,1465.7108,1436.0668,1436066.7999
1,1465.7334,1436.0894,1436089.3999
1,1465.9579,1436.3139,1436313.8999
1,1465.9784,1436.3344,1436334.3999
1,1466.0253,1436.3813,1436381.2999
1,1466.0691,1436.4251,1436425.0999
1,1466.4488,1436.8048,1436804.7999
1,1466.5261,1436.8821,1436882.0999
1,1466.7154,1437.0714,1437071.3999
1,1467.1237,1437.4797,1437479.6999
1,1467.3135,1437.6695,1437669.4999
1,1467.3537,1437.7097,1437709.6999
1,1467.6733,1438.0293,1438029.2999
1,1467.8482,1438.2042,1438204.1999
1,1468.1272,1438.4832,1438483.1999
1,1468.5783,1438.9343,1438934.2999
1,1468.6031,1438.9591,1438959.0999
1,1468.6214,1438.9774,1438977.3999
1,1468.6356,1438.9916,1438991.5999
1,1468.6734,1439.0294,1439029.3999
1,1468.6916,1439.0476,1439047.5999
1,1468.7982,1439.1542,1439154.1999
1,1469.4356,1439.7916,1439791.5999
1,1469.6053,1439.9613,1439961.2999
1,1469.8050,1440.1610,1440160.9999
1,1469.8578,1440.2138,1440213.7999
1,1470.7612,1441.1172,1441117.1999
1,1470.7663,1441.1223,1441122.2999
1,1470.8909,1441.2469,1441246.8999
1,1471.0484,1441.4044,1441404.3999
1,1471.2517,1441.6077,1441607.6999
1,1471.2653,1441.6213,1441621.2999
1,1471.2759,1441.6319,1441631.8999
1,1471.4932,1441.8492,1441849.1999
1,1471.5949,1441.9509,1441950.8999
1,1471.6394,1441.9954,1441995.3999
1,1471.7908,1442.1468,1442146.7999
1,1472.9185,1443.2745,1443274.4999
1,1473.2573,1443.6133,1443613.2999
1,1473.5546,1443.9106,1443910.5999
1,1473.7434,1444.0994,1444099.3999
1,1473.7557,1444.1117,1444111.6999
1,1474.0898,1444.4458,1444445.7999
1,1474.1119,1444.4679,1444467.8999
1,1474.1901,1444.5461,1444546.0999
1,1474.5473,1444.9033,1444903.2999
1,1474.7399,1445.0959,1445095.8999
1,1474.7933,1445.1493,1445149.2999
1,1475.1361,1445.4921,1445492.0999
1,1475.3656,1445.7216,1445721.5999
1,1475.5045,1445.8605,1445860.4999
1,1476.1133,1446.4693,1446469.2999
1,1476.1364,1446.4924,1446492.3999
1,1476.2483,1446.6043,1446604.2999
1,1476.2873,1446.6433,1446643.2999
1,1476.5504,1446.9064,1446906.3999
1,1476.7699,1447.1259,1447125.8999
1,1476.9115,1447.2675,1447267.4999
1,1477.1083,1447.4643,1447464.2999
1,1477.2025,1447.5585,1447558.4999
1,1477.3792,1447.7352,1447735.1999
1,1477.4386,1447.7946,1447794.5999
1,1477.4509,1447.8069,1447806.8999
1,1477.4618,1447.8178,1447817.7999
1,1477.8341,1448.1901,1448190.0999
1,1478.3131,1448.6691,1448669.0999
1,1478.3942,1448.7502,1448750.1999
1,1478.4557,1448.8117,1448811.6999
1,1478.6172,1448.9732,1448973.1999
1,1479.0967,1449.4527,1449452.6999
1,1479.1008,1449.4568,1449456.7999
1,1479.1845,1449.5405,1449540.4999
1,1479.3824,1449.7384,1449738.3999
1,1480.1390,1450.4950,1450494.9999
1,1480.8697,1451.2257,1451225.6999
1,1480.9889,1451.3449,1451344.8999
1,1481.0738,1451.4298,1451429.7999
1,1481.0887,1451.4447,1451444.6999
1,1481.1021,1451.4581,1451458.0999
1,1481.3118,1451.6678,1451667.7999
1,1481.3493,1451.7053,1451705.2999
1,1481.4656,1451.8216,1451821.5999
1,1481.5367,1451.8927,1451892.6999
1,1481.6476,1452.0036,1452003.5999
1,1481.8027,1452.1587,1452158.6999
1,1481.9602,1452.3162,1452316.1999
1,1481.9701,1452.3261,1452326.0999
1,1482.2365,1452.5925,1452592.4999
1,1482.3301,1452.6861,1452686.0999
1,1482.3329,1452.6889,1452688.8999
1,1482.4672,1452.8232,1452823.1999
1,1482.4878,1452.8438,1452843.7999
1,1482.9749,1453.3309,1453330.8999
1,1483.0973,1453.4533,1453453.2999
1,1483.6906,1454.0466,1454046.5999
1,1483.7357,1454.0917,1454091.6999
1,1483.9040,1454.2600,1454259.9999
1,1483.9697,1454.3257,1454325.6999
1,1484.3856,1454.7416,1454741.5999
1,1484.6256,1454.9816,1454981.5999
1,1484.6744,1455.0304,1455030.3999
1,1484.9876,1455.3436,1455343.5999
1,1485.7167,1456.0727,1456072.6999
1,1485.7492,1456.1052,1456105.1999
1,1485.7818,1456.1378,1456137.7999
1,1486.1192,1456.4752,1456475.1999
1,1486.1519,1456.5079,1456507.8999
1,1486.5234,1456.8794,1456879.3999
1,1487.2690,1457.6250,1457624.9999
1,1487.2795,1457.6355,1457635.4999
1,1487.3480,1457.7040,1457703.9999
1,1487.3500,1457.7060,1457705.9999
1,1487.4473,1457.8033,1457803.2999
1,1487.5952,1457.9512,1457951.1999
1,1487.8956,1458.2516,1458251.5999
1,1488.2487,1458.6047,1458604.6999
1,1488.3115,1458.6675,1458667.4999
1,1488.3778,1458.7338,1458733.7999
1,1488.3810,1458.7370,1458736.9999
1,1488.4033,1458.7593,1458759.2999
1,1488.4054,1458.7614,1458761.3999
1,1488.4313,1458.7873,1458787.2999
1,1488.5124,1458.8684,1458868.3999
1,1488.6084,1458.9644,1458964.3999
1,1488.6275,1458.9835,1458983.4999
1,1489.4126,1459.7686,1459768.5999
1,1490.2587,1460.6147,1460614.6999
1,1490.3398,1460.6958,1460695.7999
1,1490.3983,1460.7543,1460754.2999
1,1491.1702,1461.5262,1461526.1999
1,1491.4186,1461.7746,1461774.5999
1,1491.6027,1461.9587,1461958.6999
1,1491.7289,1462.0849,1462084.8999
1,1491.7710,1462.1270,1462126.9999
1,1491.7847,1462.1407,1462140.6999
1,1491.8193,1462.1753,1462175.2999
1,1492.0687,1462.4247,1462424.6999
1,1492.2825,1462.6385,1462638.4999
1,1492.4476,1462.8036,1462803.5999
1,1492.5848,1462.9408,1462940.7999
1,1492.5949,1462.9509,1462950.8999
1,1492.7197,1463.0757,1463075.6999
1,1492.7654,1463.1214,1463121.3999
1,1492.8099,1463.1659,1463165.8999
1,1492.8526,1463.2086,1463208.5999
1,1493.1862,1463.5422,1463542.1999
1,1493.4102,1463.7662,1463766.1999
1,1493.4296,1463.7856,1463785.5999
1,1493.6468,1464.0028,1464002.7999
1,1493.6891,1464.0451,1464045.0999
1,1493.8100,1464.1660,1464165.9999
1,1493.9474,1464.3034,1464303.3999
1,1494.1960,1464.5520,1464551.9999
1,1494.3326,1464.6886,1464688.5999
1,1494.3548,1464.7108,1464710.7999
1,1494.3932,1464.7492,1464749.1999
1,1494.3995,1464.7555,1464755.4999
1,1494.4148,1464.7708,1464770.7999
1,1494.5043,1464.8603,1464860.2999
1,1495.0816,1465.4376,1465437.5999
1,1496.0857,1466.4417,1466441.6999
1,1496.1035,1466.4595,1466459.4999
1,1496.1139,1466.4699,1466469.8999
1,1496.6984,1467.0544,1467054.3999
1,1497.0190,1467.3750,1467374.9999
1,1497.0310,1467.3870,1467386.9999
1,1497.0371,1467.3931,1467393.0999
1,1497.3211,1467.6771,1467677.0999
1,1497.3701,1467.7261,1467726.0999
1,1497.7312,1468.0872,1468087.1999
1,1498.1099,1468.4659,1468465.8999
1,1498.1523,1468.5083,1468508.2999
1,1498.1828,1468.5388,1468538.7999
1,1498.2493,1468.6053,1468605.2999
1,1498.3012,1468.6572,1468657.1999
1,1498.9403,1469.2963,1469296.2999
1,1499.0885,1469.4445,1469444.4999
1,1499.1284,1469.4844,1469484.3999
1,1499.1514,1469.5074,1469507.3999
1,1499.2524,1469.6084,1469608.3999
1,1499.2602,1469.6162,1469616.1999
1,1499.2676,1469.6236,1469623.5999
1,1499.2784,1469.6344,1469634.3999
1,1499.2866,1469.6426,1469642.5999
1,1499.2954,1469.6514,1469651.3999
1,1499.3433,1469.6993,1469699.2999
1,1499.3775,1469.7335,1469733.4999
1,1499.3862,1469.7422,1469742.1999
1,1499.6815,1470.0375,1470037.4999
1,1499.9974,1470.3534,1470353.3999
1,1500.0059,1470.3619,1470361.8999
1,1500.3416,1470.6976,1470697.5999
1,1500.7251,1471.0811,1471081.0999
1,1501.6297,1471.9857,1471985.6999
1,1501.9240,1472.2800,1472279.9999
1,1502.2275,1472.5835,1472583.4999
1,1502.3364,1472.6924,1472692.3999
1,1502.5498,1472.9058,1472905.7999
1,1502.6078,1472.9638,1472963.7999
1,1502.6587,1473.0147,1473014.6999
1,1502.8362,1473.1922,1473192.1999
1,1502.8608,1473.2168,1473216.7999
1,1502.8821,1473.2381,1473238.0999
1,1502.8845,1473.2405,1473240.4999
1,1503.5932,1473.9492,1473949.1999
1,1503.7098,1474.0658,1474065.7999
1,1503.7541,1474.1101,1474110.0999
1,1504.4699,1474.8259,1474825.8999
1,1504.9451,1475.3011,1475301.0999
1,1505.0705,1475.4265,1475426.4999
1,1505.1205,1475.4765,1475476.4999
1,1505.1224,1475.4784,1475478.3999
1,1505.1326,1475.4886,1475488.5999
1,1505.2360,1475.5920,1475591.9999
1,1505.4973,1475.8533,1475853.2999
1,1505.6858,1476.0418,1476041.7999
1,1505.7291,1476.0851,1476085.0999
1,1505.7325,1476.0885,1476088.4999
1,1506.3304,1476.6864,1476686.3999
1,1506.3484,1476.7044,1476704.3999
1,1506.5272,1476.8832,1476883.1999
1,1506.5851,1476.9411,1476941.0999
1,1507.4941,1477.8501,1477850.0999
1,1507.6034,1477.9594,1477959.3999
1,1507.6375,1477.9935,1477993.4999
1,1507.9401,1478.2961,1478296.0999
1,1508.0183,1478.3743,1478374.2999
1,1508.1752,1478.5312,1478531.1999
1,1508.2030,1478.5590,1478558.9999
1,1508.3353,1478.6913,1478691.2999
1,1508.6506,1479.0066,1479006.5999
1,1509.0604,1479.4164,1479416.3999
1,1509.3338,1479.6898,1479689.7999
1,1509.5404,1479.8964,1479896.3999
1,1509.6086,1479.9646,1479964.5999
1,1510.8650,1481.2210,1481220.9999
1,1510.8814,1481.2374,1481237.3999
1,1510.9102,1481.2662,1481266.1999
1,1512.1328,1482.4888,1482488.7999
1,1512.6743,1483.0303,1483030.2999
1,1512.8622,1483.2182,1483218.1999
1,1513.1161,1483.4721,1483472.0999
1,1513.1283,1483.4843,1483484.2999
1,1513.9864,1484.3424,1484342.3999
1,1514.1078,1484.4638,1484463.7999
1,1514.4041,1484.7601,1484760.0999
1,1514.4533,1484.8093,1484809.2999
1,1514.4550,1484.8110,1484810.9999
1,1514.5505,1484.9065,1484906.4999
1,1514.5681,1484.9241,1484924.0999
1,1514.8101,1485.1661,1485166.0999
1,1514.8223,1485.1783,1485178.2999
1,1514.9264,1485.2824,1485282.3999
1,1514.9326,1485.2886,1485288.5999
1,1514.9873,1485.3433,1485343.2999
1,1515.0305,1485.3865,1485386.4999
1,1515.2092,1485.5652,1485565.1999
1,1515.2814,1485.6374,1485637.3999
1,1515.5716,1485.9276,1485927.5999
1,1516.1831,1486.5391,1486539.0999
1,1516.9472,1487.3032,1487303.1999
1,1517.2314,1487.5874,1487587.3999
1,1517.6317,1487.9877,1487987.6999
1,1517.7349,1488.0909,1488090.8999
1,1518.3305,1488.6865,1488686.4999
1,1518.3466,1488.7026,1488702.5999
1,1518.6345,1488.9905,1488990.4999
1,1518.6666,1489.0226,1489022.5999
1,1519.6439,1489.9999,1489999.8999
1,1519.8235,1490.1795,1490179.4999
1,1519.9527,1490.3087,1490308.6999
1,1520.1815,1490.5375,1490537.4999
1,1520.9355,1491.2915,1491291.4999
1,1521.5361,1491.8921,1491892.0999
1,1522.4369,1492.7929,1492792.8999
1,1522.6322,1492.9882,1492988.1999
1,1522.9169,1493.2729,1493272.8999
1,1522.9381,1493.2941,1493294.0999
1,1523.3894,1493.7454,1493745.3999
1,1523.4937,1493.8497,1493849.6999
1,1523.5832,1493.9392,1493939.1999
1,1523.5988,1493.9548,1493954.7999
1,1523.7585,1494.1145,1494114.4999
1,1523.7754,1494.1314,1494131.3999
1,1523.8951,1494.2511,1494251.0999
1,1523.9827,1494.3387,1494338.6999
1,1524.0949,1494.4509,1494450.8999
1,1524.8553,1495.2113,1495211.2999
1,1524.9204,1495.2764,1495276.3999
1,1525.0340,1495.3900,1495389.9999
1,1525.1696,1495.5256,1495525.5999
1,1525.3235,1495.6795,1495679.4999
1,1525.3351,1495.6911,1495691.0999
1,1525.3862,1495.7422,1495742.1999
1,1525.5289,1495.8849,1495884.8999
1,1525.5515,1495.9075,1495907.4999
1,1525.5930,1495.9490,1495948.9999
1,1525.7243,1496.0803,1496080.2999
1,1525.7273,1496.0833,1496083.2999
1,1525.7320,1496.0880,1496087.9999
1,1525.7356,1496.0916,1496091.5999
1,1526.3258,1496.6818,1496681.7999
1,1526.3319,1496.6879,1496687.8999
1,1526.3415,1496.6975,1496697.4999
1,1526.4659,1496.8219,1496821.8999
1,1526.6269,1496.9829,1496982.8999
1,1526.7854,1497.1414,1497141.3999
1,1526.7999,1497.1559,1497155.8999
1,1526.8506,1497.2066,1497206.5999
1,1527.1225,1497.4785,1497478.4999
1,1527.5511,1497.9071,1497907.0999
1,1527.9756,1498.3316,1498331.5999
1,1528.3427,1498.6987,1498698.6999
1,1528.4951,1498.8511,1498851.0999
1,1528.6710,1499.0270,1499026.9999
1,1528.7147,1499.0707,1499070.6999
1,1528.8209,1499.1769,1499176.8999
1,1529.0889,1499.4449,1499444.8999
1,1529.3417,1499.6977,1499697.6999
1,1529.5077,1499.8637,1499863.6999
1,1529.5401,1499.8961,1499896.0999
1,1529.5647,1499.9207,1499920.6999
1,1529.6239,1499.9799,1499979.8999
1,1529.9765,1500.3325,1500332.4999
1,1530.3173,1500.6733,1500673.2999
1,1530.9975,1501.3535,1501353.4999
1,1531.7776,1502.1336,1502133.5999
1,1531.7923,1502.1483,1502148.2999
1,1531.9552,1502.3112,1502311.1999
1,1531.9613,1502.3173,1502317.2999
1,1532.0246,1502.3806,1502380.5999
1,1532.3384,1502.6944,1502694.3999
1,1532.4121,1502.7681,1502768.0999
1,1532.4201,1502.7761,1502776.0999
1,1532.6359,1502.9919,1502991.8999
1,1532.8204,1503.1764,1503176.3999
1,1532.8427,1503.1987,1503198.6999
1,1533.0621,1503.4181,1503418.0999
1,1533.3189,1503.6749,1503674.8999
1,1533.7229,1504.0789,1504078.8999
1,1533.9510,1504.3070,1504306.9999
1,1534.1691,1504.5251,1504525.0999
1,1534.1997,1504.5557,1504555.6999
1,1534.2078,1504.5638,1504563.7999
1,1534.6429,1504.9989,1504998.8999
1,1534.6868,1505.0428,1505042.7999
1,1534.7198,1505.0758,1505075.7999
1,1534.8225,1505.1785,1505178.4999
1,1534.8514,1505.2074,1505207.3999
1,1534.8587,1505.2147,1505214.6999
1,1534.9691,1505.3251,1505325.0999
1,1535.2235,1505.5795,1505579.4999
1,1535.6494,1506.0054,1506005.3999
1,1535.8604,1506.2164,1506216.3999
1,1536.0654,1506.4214,1506421.3999
1,1536.2776,1506.6336,1506633.5999
1,1536.2997,1506.6557,1506655.6999
1,1536.4052,1506.7612,1506761.1999
1,1536.4219,1506.7779,1506777.8999
1,1536.7048,1507.0608,1507060.7999
1,1536.7775,1507.1335,1507133.4999
1,1536.9837,1507.3397,1507339.6999
1,1537.0581,1507.4141,1507414.0999
1,1537.1514,1507.5074,1507507.3999
1,1537.1668,1507.5228,1507522.7999
1,1537.3207,1507.6767,1507676.6999
1,1537.3483,1507.7043,1507704.2999
1,1537.3919,1507.7479,1507747.8999
1,1537.5258,1507.8818,1507881.7999
1,1537.6257,1507.9817,1507981.6999
1,1537.6552,1508.0112,1508011.1999
1,1537.8769,1508.2329,1508232.8999
1,1537.9281,1508.2841,1508284.0999
1,1537.9945,1508.3505,1508350.4999
1,1538.1093,1508.4653,1508465.2999
1,1538.2556,1508.6116,1508611.5999
1,1538.2896,1508.6456,1508645.5999
1,1538.9232,1509.2792,1509279.1999
1,1538.9339,1509.2899,1509289.8999
1,1539.2100,1509.5660,1509565.9999
1,1539.8789,1510.2349,1510234.8999
1,1540.3447,1510.7007,1510700.6999
1,1540.3801,1510.7361,1510736.0999
1,1540.5638,1510.9198,1510919.7999
1,1540.7299,1511.0859,1511085.8999
1,1540.9074,1511.2634,1511263.3999
1,1540.9199,1511.2759,1511275.8999
1,1540.9279,1511.2839,1511283.8999
1,1540.9767,1511.3327,1511332.6999
1,1541.5026,1511.8586,1511858.5999
1,1542.1374,1512.4934,1512493.3999
1,1542.5766,1512.9326,1512932.5999
1,1542.6402,1512.9962,1512996.1999
1,1542.6937,1513.0497,1513049.6999
1,1542.7511,1513.1071,1513107.0999
1,1542.9422,1513.2982,1513298.1999
1,1542.9773,1513.3333,1513333.2999
1,1543.1126,1513.4686,1513468.5999
1,1543.2216,1513.5776,1513577.5999
1,1543.4062,1513.7622,1513762.1999
1,1543.4323,1513.7883,1513788.2999
1,1543.5235,1513.8795,1513879.4999
1,1543.6513,1514.0073,1514007.2999
1,1543.6832,1514.0392,1514039.1999
1,1543.6969,1514.0529,1514052.8999
1,1543.7144,1514.0704,1514070.3999
1,1543.7466,1514.1026,1514102.5999
1,1543.7667,1514.1227,1514122.6999
1,1543.8463,1514.2023,1514202.2999
1,1543.9316,1514.2876,1514287.5999
1,1543.9335,1514.2895,1514289.4999
1,1544.1031,1514.4591,1514459.0999
1,1544.1266,1514.4826,1514482.5999
1,1544.2160,1514.5720,1514571.9999
1,1544.3920,1514.7480,1514747.9999
1,1544.4552,1514.8112,1514811.1999
1,1544.4955,1514.8515,1514851.4999
1,1544.5571,1514.9131,1514913.0999
1,1544.7208,1515.0768,1515076.7999
1,1544.7695,1515.1255,1515125.4999
1,1545.0967,1515.4527,1515452.6999
1,1545.1566,1515.5126,1515512.5999
1,1545.2003,1515.5563,1515556.2999
1,1545.4981,1515.8541,1515854.0999
1,1545.6969,1516.0529,1516052.8999
1,1545.7947,1516.1507,1516150.6999
1,1545.9214,1516.2774,1516277.3999
1,1545.9468,1516.3028,1516302.7999
1,1546.0017,1516.3577,1516357.6999
1,1546.1402,1516.4962,1516496.1999
1,1546.5078,1516.8638,1516863.7999
1,1546.5756,1516.9316,1516931.5999
1,1546.6639,1517.0199,1517019.8999
1,1547.2178,1517.5738,1517573.7999
1,1547.3162,1517.6722,1517672.1999
1,1547.3429,1517.6989,1517698.8999
1,1547.3565,1517.7125,1517712.4999
1,1547.3746,1517.7306,1517730.5999
1,1547.3881,1517.7441,1517744.0999
1,1547.8987,1518.2547,1518254.6999
1,1548.0701,1518.4261,1518426.0999
1,1548.1592,1518.5152,1518515.1999
1,1548.7118,1519.0678,1519067.7999
1,1548.8033,1519.1593,1519159.2999
1,1549.1346,1519.4906,1519490.5999
1,1549.4583,1519.8143,1519814.2999
1,1549.7017,1520.0577,1520057.6999
1,1549.8101,1520.1661,1520166.0999
1,1550.2046,1520.5606,1520560.5999
1,1550.2634,1520.6194,1520619.3999
1,1550.3023,1520.6583,1520658.2999
1,1550.3170,1520.6730,1520672.9999
1,1550.3250,1520.6810,1520680.9999
1,1550.3476,1520.7036,1520703.5999
1,1550.3749,1520.7309,1520730.8999
1,1550.4649,1520.8209,1520820.8999
1,1550.4855,1520.8415,1520841.4999
1,1550.5484,1520.9044,1520904.3999
1,1550.5547,1520.9107,1520910.6999
1,1550.6273,1520.9833,1520983.2999
1,1550.7509,1521.1069,1521106.8999
1,1550.8179,1521.1739,1521173.8999
1,1550.8561,1521.2121,1521212.0999
1,1550.9042,1521.2602,1521260.1999
1,1551.1310,1521.4870,1521486.9999
1,1551.2151,1521.5711,1521571.0999
1,1551.3068,1521.6628,1521662.7999
1,1551.3339,1521.6899,1521689.8999
1,1551.5386,1521.8946,1521894.5999
1,1551.7873,1522.1433,1522143.2999
1,1551.8964,1522.2524,1522252.3999
1,1551.9628,1522.3188,1522318.7999
1,1551.9844,1522.3404,1522340.3999
1,1551.9923,1522.3483,1522348.2999
1,1552.0121,1522.3681,1522368.0999
1,1552.3070,1522.6630,1522662.9999
1,1552.3978,1522.7538,1522753.7999
1,1552.4034,1522.7594,1522759.3999
1,1552.5000,1522.8560,1522855.9999
1,1552.5731,1522.9291,1522929.0999
1,1552.5859,1522.9419,1522941.8999
1,1552.6012,1522.9572,1522957.1999
1,1552.7295,1523.0855,1523085.4999
1,1552.7425,1523.0985,1523098.4999
1,1552.7813,1523.1373,1523137.2999
1,1552.7878,1523.1438,1523143.7999
1,1552.8022,1523.1582,1523158.1999
1,1552.8531,1523.2091,1523209.0999
1,1552.8678,1523.2238,1523223.7999
1,1553.0545,1523.4105,1523410.4999
1,1553.0649,1523.4209,1523420.8999
1,1553.1385,1523.4945,1523494.4999
1,1553.2756,1523.6316,1523631.5999
1,1553.4414,1523.7974,1523797.3999
1,1553.5098,1523.8658,1523865.7999
1,1554.0052,1524.3612,1524361.1999
1,1554.1216,1524.4776,1524477.5999
1,1554.1768,1524.5328,1524532.7999
1,1554.5581,1524.9141,1524914.0999
1,1554.8204,1525.1764,1525176.3999
1,1554.9565,1525.3125,1525312.4999
1,1554.9700,1525.3260,1525325.9999
1,1555.0407,1525.3967,1525396.6999
1,1555.0566,1525.4126,1525412.5999
1,1555.6169,1525.9729,1525972.8999
1,1555.6290,1525.9850,1525984.9999
1,1555.7981,1526.1541,1526154.0999
1,1555.8742,1526.2302,1526230.1999
1,1556.1336,1526.4896,1526489.5999
1,1557.7362,1528.0922,1528092.1999
1,1557.8833,1528.2393,1528239.2999
1,1558.2281,1528.5841,1528584.0999
1,1558.4677,1528.8237,1528823.6999
1,1558.6431,1528.9991,1528999.0999
1,1558.6856,1529.0416,1529041.5999
1,1558.7682,1529.1242,1529124.1999
1,1559.1779,1529.5339,1529533.8999
1,1559.8207,1530.1767,1530176.6999
1,1559.8352,1530.1912,1530191.1999
1,1560.4007,1530.7567,1530756.6999
1,1560.5113,1530.8673,1530867.2999
1,1560.5377,1530.8937,1530893.6999
1,1561.0897,1531.4457,1531445.6999
1,1561.8562,1532.2122,1532212.1999
1,1561.9089,1532.2649,1532264.8999
1,1561.9136,1532.2696,1532269.5999
1,1561.9258,1532.2818,1532281.7999
1,1562.1071,1532.4631,1532463.0999
1,1562.1273,1532.4833,1532483.2999
1,1562.7445,1533.1005,1533100.4999
1,1563.0708,1533.4268,1533426.7999
1,1563.8450,1534.2010,1534200.9999
1,1563.9956,1534.3516,1534351.5999
1,1564.0366,1534.3926,1534392.5999
1,1564.1413,1534.4973,1534497.2999
1,1564.2082,1534.5642,1534564.1999
1,1564.4032,1534.7592,1534759.1999
1,1564.5346,1534.8906,1534890.5999
1,1564.8857,1535.2417,1535241.6999
1,1565.0792,1535.4352,1535435.1999
1,1565.1466,1535.5026,1535502.5999
1,1565.4663,1535.8223,1535822.2999
1,1565.5427,1535.8987,1535898.6999
1,1565.5533,1535.9093,1535909.2999
1,1565.5718,1535.9278,1535927.7999
1,1565.5876,1535.9436,1535943.5999
1,1565.6406,1535.9966,1535996.5999
1,1566.0765,1536.4325,1536432.4999
1,1566.2293,1536.5853,1536585.2999
1,1566.4684,1536.8244,1536824.3999
1,1566.5060,1536.8620,1536861.9999
1,1566.5157,1536.8717,1536871.6999
1,1566.5401,1536.8961,1536896.0999
1,1566.8043,1537.1603,1537160.2999
1,1566.8864,1537.2424,1537242.3999
1,1567.4395,1537.7955,1537795.4999
1,1567.6598,1538.0158,1538015.7999
1,1568.7525,1539.1085,1539108.4999
1,1568.8429,1539.1989,1539198.8999
1,1569.0971,1539.4531,1539453.0999
1,1569.2198,1539.5758,1539575.7999
1,1569.2844,1539.6404,1539640.3999
1,1569.3798,1539.7358,1539735.7999
1,1569.7216,1540.0776,1540077.5999
1,1569.8201,1540.1761,1540176.0999
1,1569.8464,1540.2024,1540202.3999
1,1569.9794,1540.3354,1540335.3999
1,1570.0521,1540.4081,1540408.0999
1,1570.1024,1540.4584,1540458.3999
1,1570.2220,1540.5780,1540577.9999
1,1570.3385,1540.6945,1540694.4999
1,1570.6583,1541.0143,1541014.2999
1,1570.9504,1541.3064,1541306.3999
1,1570.9649,1541.3209,1541320.8999
1,1571.0754,1541.4314,1541431.3999
1,1571.2778,1541.6338,1541633.7999
1,1571.5882,1541.9442,1541944.1999
1,1571.8036,1542.1596,1542159.5999
1,1572.0757,1542.4317,1542431.6999
1,1572.1012,1542.4572,1542457.1999
1,1572.4217,1542.7777,1542777.6999
1,1572.4244,1542.7804,1542780.3999
1,1572.9362,1543.2922,1543292.1999
1,1572.9458,1543.3018,1543301.7999
1,1572.9568,1543.3128,1543312.7999
1,1572.9674,1543.3234,1543323.3999
1,1573.0063,1543.3623,1543362.2999
1,1573.1099,1543.4659,1543465.8999
1,1573.4920,1543.8480,1543847.9999
1,1573.5223,1543.8783,1543878.2999
1,1573.5293,1543.8853,1543885.2999
1,1573.5898,1543.9458,1543945.7999
1,1573.6213,1543.9773,1543977.2999
1,1573.9310,1544.2870,1544286.9999
1,1574.0762,1544.4322,1544432.1999
1,1574.1710,1544.5270,1544526.9999
1,1574.2159,1544.5719,1544571.8999
1,1574.2897,1544.6457,1544645.6999
1,1574.9731,1545.3291,1545329.0999
1,1575.0857,1545.4417,1545441.6999
1,1575.2391,1545.5951,1545595.0999
1,1575.8658,1546.2218,1546221.7999
1,1575.8851,1546.2411,1546241.0999
1,1576.5343,1546.8903,1546890.2999
1,1576.5434,1546.8994,1546899.3999
1,1576.5500,1546.9060,1546905.9999
1,1576.6637,1547.0197,1547019.6999
1,1576.8322,1547.1882,1547188.1999
1,1576.8422,1547.1982,1547198.1999
1,1576.9280,1547.2840,1547283.9999
1,1577.4366,1547.7926,1547792.5999
1,1577.5422,1547.8982,1547898.1999
1,1577.6087,1547.9647,1547964.6999
1,1577.6250,1547.9810,1547980.9999
1,1577.6339,1547.9899,1547989.8999
1,1577.9571,1548.3131,1548313.0999
1,1578.0939,1548.4499,1548449.8999
1,1578.3766,1548.7326,1548732.5999
1,1578.6398,1548.9958,1548995.7999
1,1579.0149,1549.3709,1549370.8999
1,1579.0309,1549.3869,1549386.8999
1,1579.3707,1549.7267,1549726.6999
1,1579.3838,1549.7398,1549739.7999
1,1579.4745,1549.8305,1549830.4999
1,1579.5191,1549.8751,1549875.0999
1,1579.8364,1550.1924,1550192.3999
1,1579.8516,1550.2076,1550207.5999
1,1579.9897,1550.3457,1550345.6999
1,1580.1023,1550.4583,1550458.2999
1,1580.1845,1550.5405,1550540.4999
1,1580.2466,1550.6026,1550602.5999
1,1580.2661,1550.6221,1550622.0999
1,1580.2986,1550.6546,1550654.5999
1,1580.4286,1550.7846,1550784.5999
1,1580.5221,1550.8781,1550878.0999
1,1580.5450,1550.9010,1550900.9999
1,1580.9274,1551.2834,1551283.3999
1,1581.1589,1551.5149,1551514.8999
1,1581.1743,1551.5303,1551530.2999
1,1581.1923,1551.5483,1551548.2999
1,1581.4239,1551.7799,1551779.8999
1,1581.7495,1552.1055,1552105.4999
1,1581.8252,1552.1812,1552181.1999
1,1582.1156,1552.4716,1552471.5999
1,1582.1266,1552.4826,1552482.5999
1,1582.3788,1552.7348,1552734.7999
1,1582.4676,1552.8236,1552823.5999
1,1582.5181,1552.8741,1552874.0999
1,1582.5861,1552.9421,1552942.0999
1,1582.6098,1552.9658,1552965.7999
1,1582.6696,1553.0256,1553025.5999
1,1582.7996,1553.1556,1553155.5999
1,1582.9749,1553.3309,1553330.8999
1,1583.4713,1553.8273,1553827.2999
1,1583.4837,1553.8397,1553839.6999
1,1583.5271,1553.8831,1553883.0999
1,1583.8421,1554.1981,1554198.0999
1,1583.9366,1554.2926,1554292.5999
1,1584.0274,1554.3834,1554383.3999
1,1584.1203,1554.4763,1554476.2999
1,1584.3078,1554.6638,1554663.7999
1,1584.3165,1554.6725,1554672.4999
1,1584.3964,1554.7524,1554752.3999
1,1584.4031,1554.7591,1554759.0999
1,1584.4436,1554.7996,1554799.5999
1,1584.5051,1554.8611,1554861.0999
1,1584.5106,1554.8666,1554866.5999
1,1584.6891,1555.0451,1555045.0999
1,1584.8294,1555.1854,1555185.3999
1,1584.8455,1555.2015,1555201.4999
1,1584.8862,1555.2422,1555242.1999
1,1584.9060,1555.2620,1555261.9999
1,1584.9819,1555.3379,1555337.8999
1,1585.0979,1555.4539,1555453.8999
1,1585.1018,1555.4578,1555457.7999
1,1585.1883,1555.5443,1555544.2999
1,1585.2827,1555.6387,1555638.6999
1,1585.5537,1555.9097,1555909.6999
1,1585.8162,1556.1722,1556172.1999
1,1586.1009,1556.4569,1556456.8999
1,1586.4041,1556.7601,1556760.0999
1,1586.4254,1556.7814,1556781.3999
1,1587.4188,1557.7748,1557774.7999
1,1587.4850,1557.8410,1557840.9999
1,1587.5978,1557.9538,1557953.7999
1,1587.7146,1558.0706,1558070.5999
1,1587.9264,1558.2824,1558282.3999
1,1588.0860,1558.4420,1558441.9999
1,1588.0962,1558.4522,1558452.1999
1,1588.3371,1558.6931,1558693.0999
1,1588.4119,1558.7679,1558767.8999
1,1588.4200,1558.7760,1558775.9999
1,1588.4571,1558.8131,1558813.0999
1,1588.4718,1558.8278,1558827.7999
1,1588.4917,1558.8477,1558847.6999
1,1588.5307,1558.8867,1558886.6999
1,1588.8732,1559.2292,1559229.1999
1,1588.9203,1559.2763,1559276.2999
1,1589.1116,1559.4676,1559467.5999
1,1589.9817,1560.3377,1560337.6999
1,1590.1707,1560.5267,1560526.6999
1,1590.2050,1560.5610,1560560.9999
1,1590.2423,1560.5983,1560598.2999
1,1590.4707,1560.8267,1560826.6999
1,1590.6511,1561.0071,1561007.0999
1,1590.6696,1561.0256,1561025.5999
1,1590.7996,1561.1556,1561155.5999
1,1590.9900,1561.3460,1561345.9999
1,1591.0139,1561.3699,1561369.8999
1,1591.2875,1561.6435,1561643.4999
1,1591.3892,1561.7452,1561745.1999
1,1591.8130,1562.1690,1562168.9999
1,1591.8256,1562.1816,1562181.5999
1,1591.8345,1562.1905,1562190.4999
1,1592.1545,1562.5105,1562510.4999
1,1592.2884,1562.6444,1562644.3999
1,1592.4272,1562.7832,1562783.1999
1,1592.7054,1563.0614,1563061.3999
1,1593.1893,1563.5453,1563545.2999
1,1593.2020,1563.5580,1563557.9999
1,1593.4009,1563.7569,1563756.8999
1,1593.4223,1563.7783,1563778.2999
1,1593.4800,1563.8360,1563835.9999
1,1593.5096,1563.8656,1563865.5999
1,1593.6915,1564.0475,1564047.4999
1,1593.7252,1564.0812,1564081.1999
1,1593.8589,1564.2149,1564214.8999
1,1594.1140,1564.4700,1564469.9999
1,1594.8355,1565.1915,1565191.4999
1,1594.8492,1565.2052,1565205.1999
1,1595.1447,1565.5007,1565500.6999
1,1595.1558,1565.5118,1565511.7999
1,1595.2750,1565.6310,1565630.9999
1,1595.5371,1565.8931,1565893.0999
1,1595.6225,1565.9785,1565978.4999
1,1595.9186,1566.2746,1566274.5999
1,1596.0448,1566.4008,1566400.7999
1,1596.1484,1566.5044,1566504.3999
1,1596.2196,1566.5756,1566575.5999
1,1596.2525,1566.6085,1566608.4999
1,1596.2723,1566.6283,1566628.2999
1,1596.5441,1566.9001,1566900.0999
1,1596.6971,1567.0531,1567053.0999
1,1596.9215,1567.2775,1567277.4999
1,1597.0372,1567.3932,1567393.1999
1,1597.1146,1567.4706,1567470.5999
1,1597.1376,1567.4936,1567493.5999
1,1597.1562,1567.5122,1567512.1999
1,1597.1765,1567.5325,1567532.4999
1,1597.2162,1567.5722,1567572.1999
1,1597.4970,1567.8530,1567852.9999
1,1597.5352,1567.8912,1567891.1999
1,1597.6597,1568.0157,1568015.6999
1,1597.7148,1568.0708,1568070.7999
1,1597.8280,1568.1840,1568183.9999
1,1597.8447,1568.2007,1568200.6999
1,1598.5375,1568.8935,1568893.4999
1,1598.5840,1568.9400,1568939.9999
1,1598.5867,1568.9427,1568942.6999
1,1598.7271,1569.0831,1569083.0999
1,1598.7323,1569.0883,1569088.2999
1,1598.8574,1569.2134,1569213.3999
1,1598.8688,1569.2248,1569224.7999
1,1598.8820,1569.2380,1569237.9999
1,1599.0640,1569.4200,1569419.9999
1,1599.4833,1569.8393,1569839.2999
1,1599.6428,1569.9988,1569998.7999
1,1599.9192,1570.2752,1570275.1999
1,1599.9424,1570.2984,1570298.3999
1,1600.0301,1570.3861,1570386.0999
1,1600.5155,1570.8715,1570871.4999
1,1600.6054,1570.9614,1570961.3999
1,1600.6521,1571.0081,1571008.0999
1,1600.8644,1571.2204,1571220.3999
1,1601.0271,1571.3831,1571383.0999
1,1601.0398,1571.3958,1571395.7999
1,1601.1998,1571.5558,1571555.7999
1,1601.2092,1571.5652,1571565.1999
1,1601.2360,1571.5920,1571591.9999
1,1601.4120,1571.7680,1571767.9999
1,1601.4191,1571.7751,1571775.0999
1,1601.4470,1571.8030,1571802.9999
1,1601.6242,1571.9802,1571980.1999
1,1602.6649,1573.0209,1573020.8999
1,1603.3365,1573.6925,1573692.4999
1,1603.6213,1573.9773,1573977.2999
1,1603.6615,1574.0175,1574017.4999
1,1603.8399,1574.1959,1574195.8999
1,1603.8567,1574.2127,1574212.6999
1,1603.9036,1574.2596,1574259.5999
1,1604.0193,1574.3753,1574375.2999
1,1604.0458,1574.4018,1574401.7999
1,1604.0478,1574.4038,1574403.7999
1,1604.1480,1574.5040,1574503.9999
1,1604.1643,1574.5203,1574520.2999
1,1604.3789,1574.7349,1574734.8999
1,1604.5153,1574.8713,1574871.2999
1,1604.6201,1574.9761,1574976.0999
1,1605.6157,1575.9717,1575971.6999
1,1606.1332,1576.4892,1576489.1999
1,1606.4504,1576.8064,1576806.3999
1,1606.6769,1577.0329,1577032.8999
1,1606.7280,1577.0840,1577083.9999
1,1606.9851,1577.3411,1577341.0999
1,1607.1709,1577.5269,1577526.8999
1,1608.3784,1578.7344,1578734.3999
1,1608.5917,1578.9477,1578947.6999
1,1609.4380,1579.7940,1579793.9999
1,1609.5756,1579.9316,1579931.5999
1,1609.8284,1580.1844,1580184.3999
1,1610.3452,1580.7012,1580701.1999
1,1610.3596,1580.7156,1580715.5999
1,1610.7759,1581.1319,1581131.8999
1,1611.4496,1581.8056,1581805.5999
1,1612.1367,1582.4927,1582492.6999
1,1612.2583,1582.6143,1582614.2999
1,1612.4080,1582.7640,1582763.9999
1,1612.9183,1583.2743,1583274.2999
1,1613.2457,1583.6017,1583601.6999
1,1613.9539,1584.3099,1584309.8999
1,1615.5071,1585.8631,1585863.0999
1,1616.1014,1586.4574,1586457.3999
1,1616.1219,1586.4779,1586477.8999
1,1616.4955,1586.8515,1586851.4999
1,1616.6078,1586.9638,1586963.7999
1,1616.7042,1587.0602,1587060.1999
1,1616.9784,1587.3344,1587334.3999
1,1617.2180,1587.5740,1587573.9999
1,1617.5019,1587.8579,1587857.8999
1,1617.6554,1588.0114,1588011.3999
1,1617.8000,1588.1560,1588155.9999
1,1617.8141,1588.1701,1588170.0999
1,1618.0962,1588.4522,1588452.1999
1,1618.3894,1588.7454,1588745.3999
1,1618.5602,1588.9162,1588916.1999
1,1618.5884,1588.9444,1588944.3999
1,1619.0649,1589.4209,1589420.8999
1,1619.1725,1589.5285,1589528.4999
1,1619.4026,1589.7586,1589758.5999
1,1619.5347,1589.8907,1589890.6999
1,1620.1577,1590.5137,1590513.6999
1,1620.5226,1590.8786,1590878.5999
1,1620.7621,1591.1181,1591118.0999
1,1620.8399,1591.1959,1591195.8999
1,1621.0026,1591.3586,1591358.5999
1,1621.5477,1591.9037,1591903.6999
1,1621.6691,1592.0251,1592025.0999
1,1622.2770,1592.6330,1592632.9999
1,1622.3278,1592.6838,1592683.7999
1,1622.4344,1592.7904,1592790.3999
1,1622.5783,1592.9343,1592934.2999
1,1622.6286,1592.9846,1592984.5999
1,1622.7194,1593.0754,1593075.3999
1,1622.8196,1593.1756,1593175.5999
1,1622.9453,1593.3013,1593301.2999
1,1622.9876,1593.3436,1593343.5999
1,1623.0445,1593.4005,1593400.4999
1,1623.3021,1593.6581,1593658.0999
1,1624.0288,1594.3848,1594384.7999
1,1624.3121,1594.6681,1594668.0999
1,1624.3535,1594.7095,1594709.4999
1,1624.5830,1594.9390,1594938.9999
1,1625.3425,1595.6985,1595698.4999
1,1625.5636,1595.9196,1595919.5999
1,1625.5767,1595.9327,1595932.6999
1,1625.6148,1595.9708,1595970.7999
1,1625.8874,1596.2434,1596243.3999
1,1625.8963,1596.2523,1596252.2999
1,1625.9262,1596.2822,1596282.1999
1,1626.3669,1596.7229,1596722.8999
1,1626.7621,1597.1181,1597118.0999
1,1627.0772,1597.4332,1597433.1999
1,1627.2735,1597.6295,1597629.4999
1,1627.4349,1597.7909,1597790.8999
1,1627.4597,1597.8157,1597815.6999
1,1627.5367,1597.8927,1597892.6999
1,1627.5448,1597.9008,1597900.7999
1,1627.5866,1597.9426,1597942.5999
1,1628.4764,1598.8324,1598832.3999
1,1628.6579,1599.0139,1599013.8999
1,1628.7622,1599.1182,1599118.1999
1,1628.9528,1599.3088,1599308.7999
1,1629.6966,1600.0526,1600052.5999
1,1629.8583,1600.2143,1600214.2999
1,1629.9177,1600.2737,1600273.6999
1,1629.9963,1600.3523,1600352.2999
1,1630.2708,1600.6268,1600626.7999
1,1630.3164,1600.6724,1600672.3999
1,1630.3398,1600.6958,1600695.7999
1,1630.5012,1600.8572,1600857.1999
1,1630.5570,1600.9130,1600912.9999
1,1630.5604,1600.9164,1600916.3999
1,1630.7030,1601.0590,1601058.9999
1,1630.7180,1601.0740,1601073.9999
1,1630.7620,1601.1180,1601117.9999
1,1631.0387,1601.3947,1601394.6999
1,1631.0490,1601.4050,1601404.9999
1,1631.1338,1601.4898,1601489.7999
1,1631.4465,1601.8025,1601802.4999
1,1631.5413,1601.8973,1601897.2999
1,1631.7656,1602.1216,1602121.5999
1,1632.6025,1602.9585,1602958.4999
1,1632.6229,1602.9789,1602978.8999
1,1632.7028,1603.0588,1603058.7999
1,1633.5676,1603.9236,1603923.5999
1,1634.2090,1604.5650,1604564.9999
1,1634.6741,1605.0301,1605030.0999
1,1634.6995,1605.0555,1605055.4999
1,1634.9070,1605.2630,1605262.9999
1,1635.4442,1605.8002,1605800.1999
1,1635.4598,1605.8158,1605815.7999
1,1635.4789,1605.8349,1605834.8999
1,1636.1376,1606.4936,1606493.5999
1,1636.5774,1606.9334,1606933.3999
1,1636.7508,1607.1068,1607106.7999
1,1636.9262,1607.2822,1607282.1999
1,1638.4163,1608.7723,1608772.2999
1,1638.4320,1608.7880,1608787.9999
1,1638.6843,1609.0403,1609040.2999
1,1638.7161,1609.0721,1609072.0999
1,1638.8672,1609.2232,1609223.1999
1,1639.0917,1609.4477,1609447.6999
1,1639.4035,1609.7595,1609759.4999
1,1639.4365,1609.7925,1609792.4999
1,1639.4447,1609.8007,1609800.6999
1,1639.5756,1609.9316,1609931.5999
1,1639.6098,1609.9658,1609965.7999
1,1639.6194,1609.9754,1609975.3999
1,1639.7560,1610.1120,1610111.9999
1,1639.9239,1610.2799,1610279.8999
1,1640.0178,1610.3738,1610373.7999
1,1640.1274,1610.4834,1610483.3999
1,1640.1682,1610.5242,1610524.1999
1,1640.1714,1610.5274,1610527.3999
1,1640.2068,1610.5628,1610562.7999
1,1640.3292,1610.6852,1610685.1999
1,1640.3713,1610.7273,1610727.2999
1,1640.7980,1611.1540,1611153.9999
1,1641.2391,1611.5951,1611595.0999
1,1641.3612,1611.7172,1611717.1999
1,1641.3909,1611.7469,1611746.8999
1,1641.4868,1611.8428,1611842.7999
1,1641.4928,1611.8488,1611848.7999
1,1641.5592,1611.9152,1611915.1999
1,1641.6790,1612.0350,1612034.9999
1,1641.8770,1612.2330,1612232.9999
1,1641.9376,1612.2936,1612293.5999
1,1641.9922,1612.3482,1612348.1999
1,1642.0639,1612.4199,1612419.8999
1,1642.4574,1612.8134,1612813.3999
1,1642.5976,1612.9536,1612953.5999
1,1642.6236,1612.9796,1612979.5999
1,1642.6753,1613.0313,1613031.2999
1,1642.6903,1613.0463,1613046.2999
1,1642.9145,1613.2705,1613270.4999
1,1643.4539,1613.8099,1613809.8999
1,1643.4691,1613.8251,1613825.0999
1,1643.4842,1613.8402,1613840.1999
1,1643.7198,1614.0758,1614075.7999
1,1643.8095,1614.1655,1614165.4999
1,1643.9721,1614.3281,1614328.0999
1,1644.0531,1614.4091,1614409.0999
1,1644.1703,1614.5263,1614526.2999
1,1644.2923,1614.6483,1614648.2999
1,1644.3112,1614.6672,1614667.1999
1,1644.3263,1614.6823,1614682.2999
1,1644.3967,1614.7527,1614752.6999
1,1644.7116,1615.0676,1615067.5999
1,1644.8347,1615.1907,1615190.6999
1,1645.0535,1615.4095,1615409.4999
1,1645.3157,1615.6717,1615671.6999
1,1645.3575,1615.7135,1615713.4999
1,1645.5875,1615.9435,1615943.4999
1,1645.7035,1616.0595,1616059.4999
1,1646.1992,1616.5552,1616555.1999
1,1646.5339,1616.8899,1616889.8999
1,1646.5565,1616.9125,1616912.4999
1,1646.7976,1617.1536,1617153.5999
1,1646.8981,1617.2541,1617254.0999
1,1646.9390,1617.2950,1617294.9999
1,1647.2833,1617.6393,1617639.2999
1,1648.4049,1618.7609,1618760.8999
1,1648.5579,1618.9139,1618913.8999
1,1648.6003,1618.9563,1618956.2999
1,1648.6076,1618.9636,1618963.5999
1,1648.8984,1619.2544,1619254.3999
1,1649.3207,1619.6767,1619676.6999
1,1649.4939,1619.8499,1619849.8999
1,1649.5545,1619.9105,1619910.4999
1,1649.6246,1619.9806,1619980.5999
1,1650.0073,1620.3633,1620363.2999
1,1650.0292,1620.3852,1620385.1999
1,1650.9575,1621.3135,1621313.4999
1,1651.2159,1621.5719,1621571.8999
1,1651.2714,1621.6274,1621627.3999
1,1651.3931,1621.7491,1621749.0999
1,1651.4049,1621.7609,1621760.8999
1,1651.4498,1621.8058,1621805.7999
1,1651.4605,1621.8165,1621816.4999
1,1651.4906,1621.8466,1621846.5999
1,1651.5894,1621.9454,1621945.3999
1,1651.5944,1621.9504,1621950.3999
1,1651.6062,1621.9622,1621962.1999
1,1651.6137,1621.9697,1621969.6999
1,1651.7262,1622.0822,1622082.1999
1,1651.8907,1622.2467,1622246.6999
1,1652.3424,1622.6984,1622698.3999
1,1652.5768,1622.9328,1622932.7999
1,1652.7087,1623.0647,1623064.6999
1,1652.7291,1623.0851,1623085.0999
1,1653.0668,1623.4228,1623422.7999
1,1654.0606,1624.4166,1624416.5999
1,1654.2924,1624.6484,1624648.3999
1,1654.3242,1624.6802,1624680.1999
1,1654.6048,1624.9608,1624960.7999
1,1654.9183,1625.2743,1625274.2999
1,1654.9336,1625.2896,1625289.5999
1,1654.9509,1625.3069,1625306.8999
1,1655.3311,1625.6871,1625687.0999
1,1655.5928,1625.9488,1625948.7999
1,1655.7411,1626.0971,1626097.0999
1,1655.7676,1626.1236,1626123.5999
1,1656.0816,1626.4376,1626437.5999
1,1656.1154,1626.4714,1626471.3999
1,1656.3457,1626.7017,1626701.6999
1,1656.6441,1627.0001,1627000.0999
1,1657.0204,1627.3764,1627376.3999
1,1657.2642,1627.6202,1627620.1999
1,1657.5173,1627.8733,1627873.2999
1,1657.6891,1628.0451,1628045.0999
1,1657.9108,1628.2668,1628266.7999
1,1657.9576,1628.3136,1628313.5999
1,1658.2916,1628.6476,1628647.5999
1,1658.6382,1628.9942,1628994.1999
1,1658.6580,1629.0140,1629013.9999
1,1659.1328,1629.4888,1629488.7999
1,1659.4663,1629.8223,1629822.2999
1,1659.6259,1629.9819,1629981.8999
1,1659.6409,1629.9969,1629996.8999
1,1659.8295,1630.1855,1630185.4999
1,1659.8703,1630.2263,1630226.2999
1,1659.9320,1630.2880,1630287.9999
1,1659.9810,1630.3370,1630336.9999
1,1660.1960,1630.5520,1630551.9999
1,1660.5282,1630.8842,1630884.1999
1,1660.9370,1631.2930,1631292.9999
1,1660.9611,1631.3171,1631317.0999
1,1661.3000,1631.6560,1631655.9999
1,1661.5074,1631.8634,1631863.3999
1,1661.5662,1631.9222,1631922.1999
1,1661.5826,1631.9386,1631938.5999
1,1661.7060,1632.0620,1632061.9999
1,1661.8187,1632.1747,1632174.6999
1,1661.9136,1632.2696,1632269.5999
1,1662.0340,1632.3900,1632389.9999
1,1662.0472,1632.4032,1632403.1999
1,1662.1743,1632.5303,1632530.2999
1,1662.2033,1632.5593,1632559.2999
1,1662.2138,1632.5698,1632569.7999
1,1662.4389,1632.7949,1632794.8999
1,1662.5703,1632.9263,1632926.2999
1,1662.7640,1633.1200,1633119.9999
1,1662.8460,1633.2020,1633201.9999
1,1663.0692,1633.4252,1633425.1999
1,1663.0917,1633.4477,1633447.6999
1,1663.1215,1633.4775,1633477.4999
1,1663.2867,1633.6427,1633642.6999
1,1663.4917,1633.8477,1633847.6999
1,1663.7160,1634.0720,1634071.9999
1,1663.8933,1634.2493,1634249.2999
1,1664.0978,1634.4538,1634453.7999
1,1664.2232,1634.5792,1634579.1999
1,1664.5403,1634.8963,1634896.2999
1,1665.0139,1635.3699,1635369.8999
1,1665.0497,1635.4057,1635405.6999
1,1665.4095,1635.7655,1635765.4999
1,1666.2823,1636.6383,1636638.2999
1,1666.4472,1636.8032,1636803.1999
1,1666.7170,1637.0730,1637072.9999
1,1667.2808,1637.6368,1637636.7999
1,1667.4591,1637.8151,1637815.0999
1,1667.6348,1637.9908,1637990.7999
1,1667.6762,1638.0322,1638032.1999
1,1668.1937,1638.5497,1638549.6999
1,1668.4035,1638.7595,1638759.4999
1,1668.4223,1638.7783,1638778.2999
1,1668.6014,1638.9574,1638957.3999
1,1668.6943,1639.0503,1639050.2999
1,1669.0353,1639.3913,1639391.2999
1,1669.0584,1639.4144,1639414.3999
1,1669.1688,1639.5248,1639524.7999
1,1669.4982,1639.8542,1639854.1999
1,1669.5648,1639.9208,1639920.7999
1,1670.0110,1640.3670,1640366.9999
1,1670.4170,1640.7730,1640772.9999
1,1671.0634,1641.4194,1641419.3999
1,1671.1762,1641.5322,1641532.1999
1,1671.4515,1641.8075,1641807.4999
1,1671.5471,1641.9031,1641903.0999
1,1672.2312,1642.5872,1642587.1999
1,1672.3762,1642.7322,1642732.1999
1,1672.5680,1642.9240,1642923.9999
1,1672.5835,1642.9395,1642939.4999
1,1672.8512,1643.2072,1643207.1999
1,1673.2769,1643.6329,1643632.8999
1,1673.8235,1644.1795,1644179.4999
1,1673.9253,1644.2813,1644281.2999
1,1674.0222,1644.3782,1644378.1999
1,1674.0501,1644.4061,1644406.0999
1,1674.1030,1644.4590,1644458.9999
1,1674.1571,1644.5131,1644513.0999
1,1674.1790,1644.5350,1644534.9999
1,1674.3318,1644.6878,1644687.7999
1,1674.6062,1644.9622,1644962.1999
1,1674.8250,1645.1810,1645180.9999
1,1674.8825,1645.2385,1645238.4999
1,1674.9231,1645.2791,1645279.0999
1,1675.0132,1645.3692,1645369.1999
1,1675.1182,1645.4742,1645474.1999
1,1675.2447,1645.6007,1645600.6999
1,1675.2700,1645.6260,1645625.9999
1,1675.3480,1645.7040,1645703.9999
1,1675.6146,1645.9706,1645970.5999
1,1675.6329,1645.9889,1645988.8999
1,1675.9537,1646.3097,1646309.6999
1,1675.9738,1646.3298,1646329.7999
1,1675.9969,1646.3529,1646352.8999
1,1676.0240,1646.3800,1646379.9999
1,1676.0502,1646.4062,1646406.1999
1,1676.0677,1646.4237,1646423.6999
1,1676.1972,1646.5532,1646553.1999
1,1676.6954,1647.0514,1647051.3999
1,1676.7117,1647.0677,1647067.6999
1,1676.7898,1647.1458,1647145.7999
1,1677.4856,1647.8416,1647841.5999
1,1677.6538,1648.0098,1648009.7999
1,1677.7351,1648.0911,1648091.0999
1,1677.7736,1648.1296,1648129.5999
1,1678.0765,1648.4325,1648432.4999
1,1678.1453,1648.5013,1648501.2999
1,1678.4228,1648.7788,1648778.7999
1,1678.4320,1648.7880,1648787.9999
1,1678.6585,1649.0145,1649014.4999
1,1678.6674,1649.0234,1649023.3999
1,1678.6998,1649.0558,1649055.7999
1,1678.9348,1649.2908,1649290.7999
1,1678.9867,1649.3427,1649342.6999
1,1679.5977,1649.9537,1649953.6999
1,1679.8722,1650.2282,1650228.1999
1,1680.1242,1650.4802,1650480.1999
1,1680.1961,1650.5521,1650552.0999
1,1680.5205,1650.8765,1650876.4999
1,1680.7003,1651.0563,1651056.2999
1,1681.0860,1651.4420,1651441.9999
1,1681.1600,1651.5160,1651515.9999
1,1681.3916,1651.7476,1651747.5999
1,1681.4679,1651.8239,1651823.8999
1,1681.6857,1652.0417,1652041.6999
1,1681.7204,1652.0764,1652076.3999
1,1682.2323,1652.5883,1652588.2999
1,1682.2353,1652.5913,1652591.2999
1,1682.2729,1652.6289,1652628.8999
1,1682.2889,1652.6449,1652644.8999
1,1682.5174,1652.8734,1652873.3999
1,1682.5276,1652.8836,1652883.5999
1,1682.7708,1653.1268,1653126.7999
1,1682.8684,1653.2244,1653224.3999
1,1682.8982,1653.2542,1653254.1999
1,1682.9377,1653.2937,1653293.6999
1,1682.9934,1653.3494,1653349.3999
1,1683.0169,1653.3729,1653372.8999
1,1683.0974,1653.4534,1653453.3999
1,1683.1010,1653.4570,1653456.9999
1,1683.4258,1653.7818,1653781.7999
1,1683.5787,1653.9347,1653934.6999
1,1683.5891,1653.9451,1653945.0999
1,1683.6090,1653.9650,1653964.9999
1,1683.6218,1653.9778,1653977.7999
1,1683.6290,1653.9850,1653984.9999
1,1683.8339,1654.1899,1654189.8999
1,1683.8575,1654.2135,1654213.4999
1,1683.9681,1654.3241,1654324.0999
1,1684.2839,1654.6399,1654639.8999
1,1684.3873,1654.7433,1654743.2999
1,1684.4416,1654.7976,1654797.5999
1,1685.0305,1655.3865,1655386.4999
1,1685.1272,1655.4832,1655483.1999
1,1685.2451,1655.6011,1655601.0999
1,1685.4286,1655.7846,1655784.5999
1,1685.4421,1655.7981,1655798.0999
1,1685.7309,1656.0869,1656086.8999
1,1686.0114,1656.3674,1656367.3999
1,1686.2820,1656.6380,1656637.9999
1,1686.3430,1656.6990,1656698.9999
1,1686.3539,1656.7099,1656709.8999
1,1686.4049,1656.7609,1656760.8999
1,1686.4191,1656.7751,1656775.0999
1,1686.4503,1656.8063,1656806.2999
1,1686.4814,1656.8374,1656837.3999
1,1686.5054,1656.8614,1656861.3999
1,1686.5960,1656.9520,1656951.9999
1,1686.7191,1657.0751,1657075.0999
1,1686.9098,1657.2658,1657265.7999
1,1687.0683,1657.4243,1657424.2999
1,1687.2563,1657.6123,1657612.2999
1,1687.3001,1657.6561,1657656.0999
1,1687.3424,1657.6984,1657698.3999
1,1687.4015,1657.7575,1657757.4999
1,1687.7267,1658.0827,1658082.6999
1,1687.8337,1658.1897,1658189.6999
1,1687.8354,1658.1914,1658191.3999
1,1687.8661,1658.2221,1658222.0999
1,1688.0549,1658.4109,1658410.8999
1,1688.4573,1658.8133,1658813.2999
1,1688.7291,1659.0851,1659085.0999
1,1688.7814,1659.1374,1659137.3999
1,1688.8786,1659.2346,1659234.5999
1,1688.9901,1659.3461,1659346.0999
1,1689.3021,1659.6581,1659658.0999
1,1689.5052,1659.8612,1659861.1999
1,1689.7643,1660.1203,1660120.2999
1,1690.6678,1661.0238,1661023.7999
1,1690.8370,1661.1930,1661192.9999
1,1690.8698,1661.2258,1661225.7999
1,1690.9141,1661.2701,1661270.0999
1,1691.0183,1661.3743,1661374.2999
1,1691.1142,1661.4702,1661470.1999
1,1691.1234,1661.4794,1661479.3999
1,1691.2459,1661.6019,1661601.8999
1,1691.3066,1661.6626,1661662.5999
1,1691.4554,1661.8114,1661811.3999
1,1691.4863,1661.8423,1661842.2999
1,1691.5245,1661.8805,1661880.4999
1,1691.5634,1661.9194,1661919.3999
1,1691.6435,1661.9995,1661999.4999
1,1691.6625,1662.0185,1662018.4999
1,1691.8817,1662.2377,1662237.6999
1,1691.9648,1662.3208,1662320.7999
1,1691.9769,1662.3329,1662332.8999
1,1691.9851,1662.3411,1662341.0999
1,1692.1636,1662.5196,1662519.5999
1,1692.1844,1662.5404,1662540.3999
1,1692.2424,1662.5984,1662598.3999
1,1692.6134,1662.9694,1662969.3999
1,1692.6282,1662.9842,1662984.1999
1,1692.7242,1663.0802,1663080.1999
1,1692.8778,1663.2338,1663233.7999
1,1693.0059,1663.3619,1663361.8999
1,1693.1005,1663.4565,1663456.4999
1,1693.1743,1663.5303,1663530.2999
1,1693.1949,1663.5509,1663550.8999
1,1693.3592,1663.7152,1663715.1999
1,1693.7854,1664.1414,1664141.3999
1,1693.8379,1664.1939,1664193.8999
1,1694.1142,1664.4702,1664470.1999
1,1694.1356,1664.4916,1664491.5999
1,1694.5653,1664.9213,1664921.2999
1,1694.6001,1664.9561,1664956.0999
1,1694.6208,1664.9768,1664976.7999
1,1694.8584,1665.2144,1665214.3999
1,1694.8744,1665.2304,1665230.3999
1,1694.8820,1665.2380,1665237.9999
1,1694.9201,1665.2761,1665276.0999
1,1695.1116,1665.4676,1665467.5999
1,1695.1440,1665.5000,1665499.9999
1,1695.3441,1665.7001,1665700.0999
1,1695.4254,1665.7814,1665781.3999
1,1695.4869,1665.8429,1665842.8999
1,1695.6560,1666.0120,1666011.9999
1,1695.8770,1666.2330,1666232.9999
1,1695.8958,1666.2518,1666251.7999
1,1696.1637,1666.5197,1666519.6999
1,1696.3850,1666.7410,1666740.9999
1,1696.3977,1666.7537,1666753.6999
1,1696.4138,1666.7698,1666769.7999
1,1696.4464,1666.8024,1666802.3999
1,1696.5099,1666.8659,1666865.8999
1,1696.6436,1666.9996,1666999.5999
1,1696.7848,1667.1408,1667140.7999
1,1696.8039,1667.1599,1667159.8999
1,1696.8749,1667.2309,1667230.8999
1,1696.9546,1667.3106,1667310.5999
1,1696.9727,1667.3287,1667328.6999
1,1697.0136,1667.3696,1667369.5999
1,1697.1479,1667.5039,1667503.8999
1,1697.3783,1667.7343,1667734.2999
1,1697.4191,1667.7751,1667775.0999
1,1697.4809,1667.8369,1667836.8999
1,1697.4881,1667.8441,1667844.0999
1,1697.5158,1667.8718,1667871.7999
1,1697.9769,1668.3329,1668332.8999
1,1698.1488,1668.5048,1668504.7999
1,1698.2053,1668.5613,1668561.2999
1,1698.3927,1668.7487,1668748.6999
1,1698.7704,1669.1264,1669126.3999
1,1699.0422,1669.3982,1669398.1999
1,1699.1196,1669.4756,1669475.5999
1,1699.2968,1669.6528,1669652.7999
1,1699.3659,1669.7219,1669721.8999
1,1699.6813,1670.0373,1670037.2999
1,1699.9173,1670.2733,1670273.2999
1,1699.9234,1670.2794,1670279.3999
1,1700.0548,1670.4108,1670410.7999
1,1700.0676,1670.4236,1670423.5999
1,1700.0733,1670.4293,1670429.2999
1,1700.3599,1670.7159,1670715.8999
1,1700.3925,1670.7485,1670748.4999
1,1700.4240,1670.7800,1670779.9999
1,1700.7111,1671.0671,1671067.0999
1,1700.7867,1671.1427,1671142.6999
1,1700.8138,1671.1698,1671169.7999
1,1701.2292,1671.5852,1671585.1999
1,1701.4366,1671.7926,1671792.5999
1,1701.5038,1671.8598,1671859.7999
1,1701.5225,1671.8785,1671878.4999
1,1701.5477,1671.9037,1671903.6999
1,1701.5634,1671.9194,1671919.3999
1,1701.5805,1671.9365,1671936.4999
1,1701.6283,1671.9843,1671984.2999
1,1701.6815,1672.0375,1672037.4999
1,1701.7557,1672.1117,1672111.6999
1,1702.0925,1672.4485,1672448.4999
1,1702.2346,1672.5906,1672590.5999
1,1702.2879,1672.6439,1672643.8999
1,1702.5628,1672.9188,1672918.7999
1,1703.1548,1673.5108,1673510.7999
1,1703.3471,1673.7031,1673703.0999
1,1703.3651,1673.7211,1673721.0999
1,1703.3984,1673.7544,1673754.3999
1,1703.4410,1673.7970,1673796.9999
1,1703.4538,1673.8098,1673809.7999
1,1703.6966,1674.0526,1674052.5999
1,1703.7909,1674.1469,1674146.8999
1,1703.8006,1674.1566,1674156.5999
1,1704.0107,1674.3667,1674366.6999
1,1704.0619,1674.4179,1674417.8999
1,1704.1004,1674.4564,1674456.3999
1,1704.3305,1674.6865,1674686.4999
1,1704.3606,1674.7166,1674716.5999
1,1704.3822,1674.7382,1674738.1999
1,1704.6841,1675.0401,1675040.0999
1,1705.1748,1675.5308,1675530.7999
1,1705.1867,1675.5427,1675542.6999
1,1705.3405,1675.6965,1675696.4999
1,1705.5747,1675.9307,1675930.6999
1,1705.6416,1675.9976,1675997.5999
1,1705.6841,1676.0401,1676040.0999
1,1705.7388,1676.0948,1676094.7999
1,1705.8637,1676.2197,1676219.6999
1,1706.0039,1676.3599,1676359.8999
1,1706.0704,1676.4264,1676426.3999
1,1706.0728,1676.4288,1676428.7999
1,1706.1146,1676.4706,1676470.5999
1,1706.1569,1676.5129,1676512.8999
1,1706.2098,1676.5658,1676565.7999
1,1706.2693,1676.6253,1676625.2999
1,1706.5252,1676.8812,1676881.1999
1,1706.7326,1677.0886,1677088.5999
1,1706.7490,1677.1050,1677104.9999
1,1706.8928,1677.2488,1677248.7999
1,1706.9254,1677.2814,1677281.3999
1,1706.9684,1677.3244,1677324.3999
1,1706.9841,1677.3401,1677340.0999
1,1707.3299,1677.6859,1677685.8999
1,1707.5022,1677.8582,1677858.1999
1,1707.7759,1678.1319,1678131.8999
1,1708.2326,1678.5886,1678588.5999
1,1708.2451,1678.6011,1678601.0999
1,1708.2748,1678.6308,1678630.7999
1,1708.5224,1678.8784,1678878.3999
1,1708.5962,1678.9522,1678952.1999
1,1708.6472,1679.0032,1679003.1999
1,1708.8660,1679.2220,1679221.9999
1,1708.8845,1679.2405,1679240.4999
1,1708.8980,1679.2540,1679253.9999
1,1708.9056,1679.2616,1679261.5999
1,1708.9535,1679.3095,1679309.4999
1,1709.0387,1679.3947,1679394.6999
1,1709.4407,1679.7967,1679796.6999
1,1709.4623,1679.8183,1679818.2999
1,1710.0574,1680.4134,1680413.3999
1,1710.1348,1680.4908,1680490.7999
1,1710.1810,1680.5370,1680536.9999
1,1710.2055,1680.5615,1680561.4999
1,1710.3006,1680.6566,1680656.5999
1,1710.4313,1680.7873,1680787.2999
1,1710.5689,1680.9249,1680924.8999
1,1710.6272,1680.9832,1680983.1999
1,1710.8894,1681.2454,1681245.3999
1,1711.0774,1681.4334,1681433.3999
1,1711.5999,1681.9559,1681955.8999
1,1712.1148,1682.4708,1682470.7999
1,1712.2125,1682.5685,1682568.4999
1,1712.6663,1683.0223,1683022.2999
1,1713.7502,1684.1062,1684106.1999
1,1713.7662,1684.1222,1684122.1999
1,1713.8793,1684.2353,1684235.2999
1,1714.1535,1684.5095,1684509.4999
1,1714.1830,1684.5390,1684538.9999
1,1714.4042,1684.7602,1684760.1999
1,1716.2192,1686.5752,1686575.1999
1,1716.4400,1686.7960,1686795.9999
1,1716.4873,1686.8433,1686843.2999
1,1716.9364,1687.2924,1687292.3999
1,1716.9651,1687.3211,1687321.0999
1,1717.0421,1687.3981,1687398.0999
1,1717.0571,1687.4131,1687413.0999
1,1717.0739,1687.4299,1687429.8999
1,1717.5917,1687.9477,1687947.6999
1,1717.7460,1688.1020,1688101.9999
1,1717.7613,1688.1173,1688117.2999
1,1717.7775,1688.1335,1688133.4999
1,1717.9364,1688.2924,1688292.3999
1,1718.6536,1689.0096,1689009.5999
1,1718.8221,1689.1781,1689178.0999
1,1719.1426,1689.4986,1689498.5999
1,1719.3946,1689.7506,1689750.5999
1,1719.3967,1689.7527,1689752.6999
1,1719.4330,1689.7890,1689788.9999
1,1719.5316,1689.8876,1689887.5999
1,1719.9277,1690.2837,1690283.6999
1,1720.4906,1690.8466,1690846.5999
1,1720.5890,1690.9450,1690944.9999
1,1720.6156,1690.9716,1690971.5999
1,1720.6783,1691.0343,1691034.2999
1,1721.1877,1691.5437,1691543.6999
1,1721.7022,1692.0582,1692058.1999
1,1721.7387,1692.0947,1692094.6999
1,1721.9127,1692.2687,1692268.6999
1,1722.1537,1692.5097,1692509.6999
1,1722.6090,1692.9650,1692964.9999
1,1722.7362,1693.0922,1693092.1999
1,1722.7832,1693.1392,1693139.1999
1,1722.8382,1693.1942,1693194.1999
1,1723.3277,1693.6837,1693683.6999
1,1723.6025,1693.9585,1693958.4999
1,1723.6157,1693.9717,1693971.6999
1,1723.6686,1694.0246,1694024.5999
1,1723.6823,1694.0383,1694038.2999
1,1723.8127,1694.1687,1694168.6999
1,1724.3578,1694.7138,1694713.7999
1,1724.4856,1694.8416,1694841.5999
1,1724.5471,1694.9031,1694903.0999
1,1725.3998,1695.7558,1695755.7999
1,1725.6651,1696.0211,1696021.0999
1,1725.8122,1696.1682,1696168.1999
1,1725.8257,1696.1817,1696181.6999
1,1725.8760,1696.2320,1696231.9999
1,1725.9943,1696.3503,1696350.2999
1,1726.0546,1696.4106,1696410.5999
1,1726.0625,1696.4185,1696418.4999
1,1726.1072,1696.4632,1696463.1999
1,1726.1314,1696.4874,1696487.3999
1,1726.1521,1696.5081,1696508.0999
1,1726.1558,1696.5118,1696511.7999
1,1726.1707,1696.5267,1696526.6999
1,1726.2131,1696.5691,1696569.0999
1,1726.4677,1696.8237,1696823.6999
1,1726.8011,1697.1571,1697157.0999
1,1726.8848,1697.2408,1697240.7999
1,1726.9079,1697.2639,1697263.8999
1,1726.9173,1697.2733,1697273.2999
1,1726.9267,1697.2827,1697282.6999
1,1727.1020,1697.4580,1697457.9999
1,1727.1490,1697.5050,1697504.9999
1,1727.1745,1697.5305,1697530.4999
1,1727.1891,1697.5451,1697545.0999
1,1727.2069,1697.5629,1697562.8999
1,1727.2853,1697.6413,1697641.2999
1,1727.2913,1697.6473,1697647.2999
1,1727.4048,1697.7608,1697760.7999
1,1727.5120,1697.8680,1697867.9999
1,1727.9134,1698.2694,1698269.3999
1,1727.9854,1698.3414,1698341.3999
1,1728.0446,1698.4006,1698400.5999
1,1728.0859,1698.4419,1698441.8999
1,1728.3635,1698.7195,1698719.4999
1,1728.7693,1699.1253,1699125.2999
1,1729.1167,1699.4727,1699472.6999
1,1729.3731,1699.7291,1699729.0999
1,1729.6351,1699.9911,1699991.0999
1,1729.6443,1700.0003,1700000.2999
1,1729.7253,1700.0813,1700081.2999
1,1729.7316,1700.0876,1700087.5999
1,1729.7416,1700.0976,1700097.5999
1,1729.8876,1700.2436,1700243.5999
1,1729.9908,1700.3468,1700346.7999
1,1730.1020,1700.4580,1700457.9999
1,1730.1224,1700.4784,1700478.3999
1,1730.4176,1700.7736,1700773.5999
1,1730.5365,1700.8925,1700892.4999
1,1730.6879,1701.0439,1701043.8999
1,1730.7568,1701.1128,1701112.7999
1,1730.7954,1701.1514,1701151.3999
1,1730.8160,1701.1720,1701171.9999
1,1731.0924,1701.4484,1701448.3999
1,1731.2823,1701.6383,1701638.2999
1,1731.3966,1701.7526,1701752.5999
1,1731.4847,1701.8407,1701840.6999
1,1731.4940,1701.8500,1701849.9999
1,1731.5301,1701.8861,1701886.0999
1,1731.8345,1702.1905,1702190.4999
1,1731.8776,1702.2336,1702233.5999
1,1731.9805,1702.3365,1702336.4999
1,1732.1221,1702.4781,1702478.0999
1,1732.1813,1702.5373,1702537.2999
1,1732.2967,1702.6527,1702652.6999
1,1732.3673,1702.7233,1702723.2999
1,1732.8262,1703.1822,1703182.1999
1,1733.0812,1703.4372,1703437.1999
1,1733.0952,1703.4512,1703451.1999
1,1733.1031,1703.4591,1703459.0999
1,1733.4434,1703.7994,1703799.3999
1,1733.4864,1703.8424,1703842.3999
1,1733.5052,1703.8612,1703861.1999
1,1733.6213,1703.9773,1703977.2999
1,1733.9792,1704.3352,1704335.1999
1,1734.0029,1704.3589,1704358.8999
1,1734.1296,1704.4856,1704485.5999
1,1734.2099,1704.5659,1704565.8999
1,1734.2953,1704.6513,1704651.2999
1,1734.3923,1704.7483,1704748.2999
1,1734.4007,1704.7567,1704756.6999
1,1734.4875,1704.8435,1704843.4999
1,1734.6656,1705.0216,1705021.5999
1,1734.8178,1705.1738,1705173.7999
1,1734.8948,1705.2508,1705250.7999
1,1734.9227,1705.2787,1705278.6999
1,1735.2368,1705.5928,1705592.7999
1,1735.3296,1705.6856,1705685.5999
1,1735.4290,1705.7850,1705784.9999
1,1735.4418,1705.7978,1705797.7999
1,1735.4581,1705.8141,1705814.0999
1,1735.5942,1705.9502,1705950.1999
1,1735.6478,1706.0038,1706003.7999
1,1735.8731,1706.2291,1706229.0999
1,1735.9085,1706.2645,1706264.4999
1,1736.0533,1706.4093,1706409.2999
1,1736.0562,1706.4122,1706412.1999
1,1736.0956,1706.4516,1706451.5999
1,1736.4981,1706.8541,1706854.0999
1,1736.5203,1706.8763,1706876.2999
1,1736.5586,1706.9146,1706914.5999
1,1736.5631,1706.9191,1706919.0999
1,1736.7169,1707.0729,1707072.8999
1,1736.7554,1707.1114,1707111.3999
1,1736.7877,1707.1437,1707143.6999
1,1736.8485,1707.2045,1707204.4999
1,1737.3788,1707.7348,1707734.7999
1,1737.4423,1707.7983,1707798.2999
1,1737.4584,1707.8144,1707814.3999
1,1737.5149,1707.8709,1707870.8999
1,1737.6074,1707.9634,1707963.3999
1,1737.7681,1708.1241,1708124.0999
1,1737.7845,1708.1405,1708140.4999
1,1737.8710,1708.2270,1708226.9999
1,1737.8838,1708.2398,1708239.7999
1,1737.9137,1708.2697,1708269.6999
1,1738.0300,1708.3860,1708385.9999
1,1738.0426,1708.3986,1708398.5999
1,1738.1309,1708.4869,1708486.8999
1,1738.1627,1708.5187,1708518.6999
1,1738.2762,1708.6322,1708632.1999
1,1738.3719,1708.7279,1708727.8999
1,1738.4130,1708.7690,1708768.9999
1,1738.4983,1708.8543,1708854.2999
1,1738.6540,1709.0100,1709009.9999
1,1738.9533,1709.3093,1709309.2999
1,1738.9598,1709.3158,1709315.7999
1,1739.1794,1709.5354,1709535.3999
1,1739.2753,1709.6313,1709631.2999
1,1739.3084,1709.6644,1709664.3999
1,1739.3481,1709.7041,1709704.0999
1,1739.4457,1709.8017,1709801.6999
1,1739.6225,1709.9785,1709978.4999
1,1739.9197,1710.2757,1710275.6999
1,1739.9282,1710.2842,1710284.1999
1,1739.9363,1710.2923,1710292.2999
1,1739.9519,1710.3079,1710307.8999
1,1740.2006,1710.5566,1710556.5999
1,1740.2753,1710.6313,1710631.2999
1,1740.3461,1710.7021,1710702.0999
1,1740.4005,1710.7565,1710756.4999
1,1740.4180,1710.7740,1710773.9999
1,1740.4407,1710.7967,1710796.6999
1,1740.4873,1710.8433,1710843.2999
1,1740.4949,1710.8509,1710850.8999
1,1740.5084,1710.8644,1710864.3999
1,1740.5416,1710.8976,1710897.5999
1,1740.5539,1710.9099,1710909.8999
1,1740.6675,1711.0235,1711023.4999
1,1740.7221,1711.0781,1711078.0999
1,1740.7428,1711.0988,1711098.7999
1,1740.8432,1711.1992,1711199.1999
1,1741.1795,1711.5355,1711535.4999
1,1741.2848,1711.6408,1711640.7999
1,1741.3176,1711.6736,1711673.5999
1,1741.3314,1711.6874,1711687.3999
1,1741.3778,1711.7338,1711733.7999
1,1741.3921,1711.7481,1711748.0999
1,1741.4804,1711.8364,1711836.3999
1,1741.7445,1712.1005,1712100.4999
1,1741.9367,1712.2927,1712292.6999
1,1742.0517,1712.4077,1712407.6999
1,1742.1144,1712.4704,1712470.3999
1,1742.1811,1712.5371,1712537.0999
1,1742.2528,1712.6088,1712608.7999
1,1743.0082,1713.3642,1713364.1999
1,1743.0303,1713.3863,1713386.2999
1,1743.1609,1713.5169,1713516.8999
1,1743.1790,1713.5350,1713534.9999
1,1743.1978,1713.5538,1713553.7999
1,1743.2360,1713.5920,1713591.9999
1,1743.4227,1713.7787,1713778.6999
1,1743.4380,1713.7940,1713793.9999
1,1743.5225,1713.8785,1713878.4999
1,1743.7840,1714.1400,1714139.9999
1,1743.9031,1714.2591,1714259.0999
1,1744.2623,1714.6183,1714618.2999
1,1744.4641,1714.8201,1714820.0999
1,1744.6191,1714.9751,1714975.0999
1,1744.6842,1715.0402,1715040.1999
1,1744.7122,1715.0682,1715068.1999
1,1744.7779,1715.1339,1715133.8999
1,1744.9168,1715.2728,1715272.7999
1,1744.9448,1715.3008,1715300.7999
1,1744.9574,1715.3134,1715313.3999
1,1744.9864,1715.3424,1715342.3999
1,1745.2713,1715.6273,1715627.2999
1,1745.3932,1715.7492,1715749.1999
1,1745.5113,1715.8673,1715867.2999
1,1745.5367,1715.8927,1715892.6999
1,1745.6482,1716.0042,1716004.1999
1,1746.0334,1716.3894,1716389.3999
1,1746.0617,1716.4177,1716417.6999
1,1746.2581,1716.6141,1716614.0999
1,1746.6246,1716.9806,1716980.5999
1,1746.9905,1717.3465,1717346.4999
1,1747.1539,1717.5099,1717509.8999
1,1747.2142,1717.5702,1717570.1999
1,1747.3541,1717.7101,1717710.0999
1,1747.3857,1717.7417,1717741.6999
1,1747.9369,1718.2929,1718292.8999
1,1748.2183,1718.5743,1718574.2999
1,1748.5114,1718.8674,1718867.3999
1,1749.0236,1719.3796,1719379.5999
1,1749.6826,1720.0386,1720038.5999
1,1749.7541,1720.1101,1720110.0999
1,1749.8780,1720.2340,1720233.9999
1,1750.0276,1720.3836,1720383.5999
1,1750.0641,1720.4201,1720420.0999
1,1750.2528,1720.6088,1720608.7999
1,1750.2663,1720.6223,1720622.2999
1,1750.3106,1720.6666,1720666.5999
1,1750.8078,1721.1638,1721163.7999
1,1750.8306,1721.1866,1721186.5999
1,1750.8794,1721.2354,1721235.3999
1,1751.1378,1721.4938,1721493.7999
1,1751.2314,1721.5874,1721587.3999
1,1751.2650,1721.6210,1721620.9999
1,1751.3305,1721.6865,1721686.4999
1,1751.3688,1721.7248,1721724.7999
1,1751.4147,1721.7707,1721770.6999
1,1751.4316,1721.7876,1721787.5999
1,1751.4484,1721.8044,1721804.3999
1,1751.4985,1721.8545,1721854.4999
1,1751.5178,1721.8738,1721873.7999
1,1751.5389,1721.8949,1721894.8999
1,1751.5578,1721.9138,1721913.7999
1,1751.5774,1721.9334,1721933.3999
1,1751.5931,1721.9491,1721949.0999
1,1751.6020,1721.9580,1721957.9999
1,1751.6241,1721.9801,1721980.0999
1,1751.7605,1722.1165,1722116.4999
1,1751.8399,1722.1959,1722195.8999
1,1751.8481,1722.2041,1722204.0999
1,1751.8723,1722.2283,1722228.2999
1,1751.8921,1722.2481,1722248.0999
1,1751.9197,1722.2757,1722275.6999
1,1751.9419,1722.2979,1722297.8999
1,1751.9747,1722.3307,1722330.6999
1,1751.9834,1722.3394,1722339.3999
1,1751.9964,1722.3524,1722352.3999
1,1752.0120,1722.3680,1722367.9999
1,1752.1465,1722.5025,1722502.4999
1,1752.2176,1722.5736,1722573.5999
1,1752.2536,1722.6096,1722609.5999
1,1752.3109,1722.6669,1722666.8999
1,1752.3591,1722.7151,1722715.0999
1,1752.9886,1723.3446,1723344.5999
1,1753.0164,1723.3724,1723372.3999
1,1753.0856,1723.4416,1723441.5999
1,1753.2683,1723.6243,1723624.2999
1,1753.5131,1723.8691,1723869.0999
1,1753.5990,1723.9550,1723954.9999
1,1753.6367,1723.9927,1723992.6999
1,1753.9424,1724.2984,1724298.3999
1,1753.9737,1724.3297,1724329.6999
1,1754.0427,1724.3987,1724398.6999
1,1754.2517,1724.6077,1724607.6999
1,1754.3104,1724.6664,1724666.3999
1,1754.4079,1724.7639,1724763.8999
1,1755.0100,1725.3660,1725365.9999
1,1755.3040,1725.6600,1725659.9999
1,1755.4572,1725.8132,1725813.1999
1,1755.4678,1725.8238,1725823.7999
1,1756.1507,1726.5067,1726506.6999
1,1756.2546,1726.6106,1726610.5999
1,1756.3070,1726.6630,1726662.9999
1,1756.3287,1726.6847,1726684.6999
1,1756.3315,1726.6875,1726687.4999
1,1756.3523,1726.7083,1726708.2999
1,1756.3564,1726.7124,1726712.3999
1,1756.3620,1726.7180,1726717.9999
1,1756.3661,1726.7221,1726722.0999
1,1756.5056,1726.8616,1726861.5999
1,1756.5451,1726.9011,1726901.0999
1,1757.0638,1727.4198,1727419.7999
1,1757.1307,1727.4867,1727486.6999
1,1757.2147,1727.5707,1727570.6999
1,1757.2496,1727.6056,1727605.5999
1,1757.3944,1727.7504,1727750.3999
1,1757.5341,1727.8901,1727890.0999
1,1757.5535,1727.9095,1727909.4999
1,1758.2701,1728.6261,1728626.0999
1,1758.3094,1728.6654,1728665.3999
1,1758.3251,1728.6811,1728681.0999
1,1758.3884,1728.7444,1728744.3999
1,1758.4121,1728.7681,1728768.0999
1,1758.4448,1728.8008,1728800.7999
1,1758.4679,1728.8239,1728823.8999
1,1758.4768,1728.8328,1728832.7999
1,1758.5270,1728.8830,1728882.9999
1,1758.5390,1728.8950,1728894.9999
1,1758.5690,1728.9250,1728924.9999
1,1758.6745,1729.0305,1729030.4999
1,1758.6824,1729.0384,1729038.3999
1,1758.7565,1729.1125,1729112.4999
1,1758.7654,1729.1214,1729121.3999
1,1758.7786,1729.1346,1729134.5999
1,1758.8350,1729.1910,1729190.9999
1,1758.8426,1729.1986,1729198.5999
1,1758.9328,1729.2888,1729288.7999
1,1759.4479,1729.8039,1729803.8999
1,1759.4619,1729.8179,1729817.8999
1,1759.6756,1730.0316,1730031.5999
1,1760.1247,1730.4807,1730480.6999
1,1760.3075,1730.6635,1730663.4999
1,1760.3618,1730.7178,1730717.7999
1,1760.4409,1730.7969,1730796.8999
1,1760.5218,1730.8778,1730877.7999
1,1760.6503,1731.0063,1731006.2999
1,1760.8080,1731.1640,1731163.9999
1,1760.8239,1731.1799,1731179.8999
1,1760.9843,1731.3403,1731340.2999
1,1760.9968,1731.3528,1731352.7999
1,1761.3284,1731.6844,1731684.3999
1,1761.3558,1731.7118,1731711.7999
1,1761.4689,1731.8249,1731824.8999
1,1761.6684,1732.0244,1732024.3999
1,1761.7082,1732.0642,1732064.1999
1,1762.0100,1732.3660,1732365.9999
1,1762.1397,1732.4957,1732495.6999
1,1762.3254,1732.6814,1732681.3999
1,1762.3894,1732.7454,1732745.3999
1,1762.3913,1732.7473,1732747.2999
1,1762.4885,1732.8445,1732844.4999
1,1762.7739,1733.1299,1733129.8999
1,1762.8991,1733.2551,1733255.0999
1,1762.9050,1733.2610,1733260.9999
1,1762.9480,1733.3040,1733303.9999
1,1763.1782,1733.5342,1733534.1999
1,1763.3204,1733.6764,1733676.3999
1,1763.4034,1733.7594,1733759.3999
1,1763.5168,1733.8728,1733872.7999
1,1764.2424,1734.5984,1734598.3999
1,1764.2539,1734.6099,1734609.8999
1,1764.3301,1734.6861,1734686.0999
1,1764.3927,1734.7487,1734748.6999
1,1764.9361,1735.2921,1735292.0999
1,1764.9610,1735.3170,1735316.9999
1,1765.2744,1735.6304,1735630.3999
1,1765.6366,1735.9926,1735992.5999
1,1765.8864,1736.2424,1736242.3999
1,1766.8594,1737.2154,1737215.3999
1,1767.1592,1737.5152,1737515.1999
1,1767.4900,1737.8460,1737845.9999
1,1767.7327,1738.0887,1738088.6999
1,1767.7687,1738.1247,1738124.6999
1,1768.0369,1738.3929,1738392.8999
1,1768.6271,1738.9831,1738983.0999
1,1768.7611,1739.1171,1739117.0999
1,1768.7774,1739.1334,1739133.3999
1,1768.8105,1739.1665,1739166.4999
1,1769.0201,1739.3761,1739376.0999
1,1769.0505,1739.4065,1739406.4999
1,1769.0705,1739.4265,1739426.4999
1,1769.0810,1739.4370,1739436.9999
1,1769.2368,1739.5928,1739592.7999
1,1769.2510,1739.6070,1739606.9999
1,1769.4348,1739.7908,1739790.7999
1,1769.5756,1739.9316,1739931.5999
1,1769.5928,1739.9488,1739948.7999
1,1769.6080,1739.9640,1739963.9999
1,1769.8002,1740.1562,1740156.1999
1,1769.8333,1740.1893,1740189.2999
1,1769.8411,1740.1971,1740197.0999
1,1769.8561,1740.2121,1740212.0999
1,1769.9105,1740.2665,1740266.4999
1,1769.9587,1740.3147,1740314.6999
1,1770.0077,1740.3637,1740363.6999
1,1770.0660,1740.4220,1740421.9999
1,1770.2980,1740.6540,1740653.9999
1,1770.3108,1740.6668,1740666.7999
1,1770.5254,1740.8814,1740881.3999
1,1770.5638,1740.9198,1740919.7999
1,1770.6202,1740.9762,1740976.1999
1,1770.6591,1741.0151,1741015.0999
1,1770.7130,1741.0690,1741068.9999
1,1770.7319,1741.0879,1741087.8999
1,1770.7883,1741.1443,1741144.2999
1,1770.9056,1741.2616,1741261.5999
1,1771.7180,1742.0740,1742073.9999
1,1772.4934,1742.8494,1742849.3999
1,1772.7383,1743.0943,1743094.2999
1,1772.8994,1743.2554,1743255.3999
1,1773.8596,1744.2156,1744215.5999
1,1774.0877,1744.4437,1744443.6999
1,1774.4660,1744.8220,1744821.9999
1,1774.6542,1745.0102,1745010.1999
1,1775.1417,1745.4977,1745497.6999
1,1775.1527,1745.5087,1745508.6999
1,1775.3636,1745.7196,1745719.5999
1,1775.4219,1745.7779,1745777.8999
1,1775.6291,1745.9851,1745985.0999
1,1775.7518,1746.1078,1746107.7999
1,1776.0999,1746.4559,1746455.8999
1,1776.2066,1746.5626,1746562.5999
1,1777.3688,1747.7248,1747724.7999
1,1777.4349,1747.7909,1747790.8999
1,1778.0483,1748.4043,1748404.2999
1,1778.1066,1748.4626,1748462.5999
1,1778.5264,1748.8824,1748882.3999
1,1778.6151,1748.9711,1748971.0999
1,1778.6195,1748.9755,1748975.4999
1,1779.0786,1749.4346,1749434.5999
1,1779.2969,1749.6529,1749652.8999
1,1779.3333,1749.6893,1749689.2999
1,1779.3431,1749.6991,1749699.0999
1,1779.9066,1750.2626,1750262.5999
1,1780.0827,1750.4387,1750438.6999
1,1780.1410,1750.4970,1750496.9999
1,1780.3110,1750.6670,1750666.9999
1,1780.3241,1750.6801,1750680.0999
1,1780.3266,1750.6826,1750682.5999
1,1780.4799,1750.8359,1750835.8999
1,1780.5206,1750.8766,1750876.5999
1,1780.6540,1751.0100,1751009.9999
1,1780.9725,1751.3285,1751328.4999
1,1781.5953,1751.9513,1751951.2999
1,1781.6481,1752.0041,1752004.0999
1,1782.0238,1752.3798,1752379.7999
1,1782.0463,1752.4023,1752402.2999
1,1782.0637,1752.4197,1752419.6999
1,1782.0731,1752.4291,1752429.0999
1,1782.1835,1752.5395,1752539.4999
1,1782.2973,1752.6533,1752653.2999
1,1782.8318,1753.1878,1753187.7999
1,1783.0295,1753.3855,1753385.4999
1,1783.1420,1753.4980,1753497.9999
1,1783.1995,1753.5555,1753555.4999
1,1783.2218,1753.5778,1753577.7999
1,1783.2937,1753.6497,1753649.6999
1,1783.7285,1754.0845,1754084.4999
1,1783.7617,1754.1177,1754117.6999
1,1783.8096,1754.1656,1754165.5999
1,1783.8604,1754.2164,1754216.3999
1,1783.9224,1754.2784,1754278.3999
1,1784.1686,1754.5246,1754524.5999
1,1784.2192,1754.5752,1754575.1999
1,1784.2286,1754.5846,1754584.5999
1,1784.2425,1754.5985,1754598.4999
1,1784.4357,1754.7917,1754791.6999
1,1784.8372,1755.1932,1755193.1999
1,1784.9378,1755.2938,1755293.7999
1,1785.4325,1755.7885,1755788.4999
1,1785.9963,1756.3523,1756352.2999
1,1786.0522,1756.4082,1756408.1999
1,1786.1459,1756.5019,1756501.8999
1,1786.3493,1756.7053,1756705.2999
1,1786.3920,1756.7480,1756747.9999
1,1786.6099,1756.9659,1756965.8999
1,1787.3949,1757.7509,1757750.8999
1,1787.4373,1757.7933,1757793.2999
1,1787.4924,1757.8484,1757848.3999
1,1787.7840,1758.1400,1758139.9999
1,1787.7940,1758.1500,1758149.9999
1,1788.4215,1758.7775,1758777.4999
1,1788.4381,1758.7941,1758794.0999
1,1788.5180,1758.8740,1758873.9999
1,1788.6013,1758.9573,1758957.2999
1,1788.6128,1758.9688,1758968.7999
1,1788.6452,1759.0012,1759001.1999
1,1789.1783,1759.5343,1759534.2999
1,1789.1954,1759.5514,1759551.3999
1,1789.2060,1759.5620,1759561.9999
1,1790.2912,1760.6472,1760647.1999
1,1790.4916,1760.8476,1760847.5999
1,1791.6720,1762.0280,1762027.9999
1,1792.8466,1763.2026,1763202.5999
1,1793.0588,1763.4148,1763414.7999
1,1793.0928,1763.4488,1763448.7999
1,1793.6717,1764.0277,1764027.6999
1,1794.3137,1764.6697,1764669.6999
1,1794.9285,1765.2845,1765284.4999
1,1795.6598,1766.0158,1766015.7999
1,1795.6824,1766.0384,1766038.3999
1,1795.8206,1766.1766,1766176.5999
1,1795.8243,1766.1803,1766180.2999
1,1796.0448,1766.4008,1766400.7999
1,1796.1662,1766.5222,1766522.1999
1,1796.2456,1766.6016,1766601.5999
1,1796.3617,1766.7177,1766717.6999
1,1796.4382,1766.7942,1766794.1999
1,1797.1619,1767.5179,1767517.8999
1,1797.2143,1767.5703,1767570.2999
1,1797.3151,1767.6711,1767671.0999
1,1797.3170,1767.6730,1767672.9999
1,1797.4406,1767.7966,1767796.5999
1,1797.8939,1768.2499,1768249.8999
1,1798.1803,1768.5363,1768536.2999
1,1798.2244,1768.5804,1768580.3999
1,1798.2397,1768.5957,1768595.6999
1,1798.3038,1768.6598,1768659.7999
1,1798.4046,1768.7606,1768760.5999
1,1798.4232,1768.7792,1768779.1999
1,1799.2055,1769.5615,1769561.4999
1,1799.3573,1769.7133,1769713.2999
1,1800.1042,1770.4602,1770460.1999
1,1800.1971,1770.5531,1770553.0999
1,1800.2006,1770.5566,1770556.5999
1,1800.7136,1771.0696,1771069.5999
1,1800.8930,1771.2490,1771248.9999
1,1801.0839,1771.4399,1771439.8999
1,1801.4088,1771.7648,1771764.7999
1,1801.5726,1771.9286,1771928.5999
1,1801.9007,1772.2567,1772256.6999
1,1801.9570,1772.3130,1772312.9999
1,1802.6668,1773.0228,1773022.7999
1,1802.6920,1773.0480,1773047.9999
1,1802.7304,1773.0864,1773086.3999
1,1803.0390,1773.3950,1773394.9999
1,1803.0954,1773.4514,1773451.3999
1,1803.1431,1773.4991,1773499.0999
1,1803.1604,1773.5164,1773516.3999
1,1803.2241,1773.5801,1773580.0999
1,1803.2311,1773.5871,1773587.0999
1,1803.3817,1773.7377,1773737.6999
1,1803.3992,1773.7552,1773755.1999
1,1803.5513,1773.9073,1773907.2999
1,1803.5796,1773.9356,1773935.5999
1,1803.5904,1773.9464,1773946.3999
1,1803.5972,1773.9532,1773953.1999
1,1803.6485,1774.0045,1774004.4999
1,1803.6852,1774.0412,1774041.1999
1,1803.9069,1774.2629,1774262.8999
1,1804.0161,1774.3721,1774372.0999
1,1804.1789,1774.5349,1774534.8999
1,1804.2633,1774.6193,1774619.2999
1,1804.4373,1774.7933,1774793.2999
1,1804.5845,1774.9405,1774940.4999
1,1804.7573,1775.1133,1775113.2999
1,1804.7935,1775.1495,1775149.4999
1,1805.0193,1775.3753,1775375.2999
1,1805.3828,1775.7388,1775738.7999
1,1805.8039,1776.1599,1776159.8999
1,1805.8312,1776.1872,1776187.1999
1,1805.8545,1776.2105,1776210.4999
1,1806.0626,1776.4186,1776418.5999
1,1806.2250,1776.5810,1776580.9999
1,1806.2393,1776.5953,1776595.2999
1,1806.2655,1776.6215,1776621.4999
1,1806.3585,1776.7145,1776714.4999
1,1806.9282,1777.2842,1777284.1999
1,1807.2128,1777.5688,1777568.7999
1,1807.6988,1778.0548,1778054.7999
1,1808.2311,1778.5871,1778587.0999
1,1808.3633,1778.7193,1778719.2999
1,1809.0765,1779.4325,1779432.4999
1,1809.2701,1779.6261,1779626.0999
1,1809.3887,1779.7447,1779744.6999
1,1809.3988,1779.7548,1779754.7999
1,1809.4671,1779.8231,1779823.0999
1,1809.8283,1780.1843,1780184.2999
1,1809.9100,1780.2660,1780265.9999
1,1809.9647,1780.3207,1780320.6999
1,1810.0897,1780.4457,1780445.6999
1,1810.1593,1780.5153,1780515.2999
1,1811.0590,1781.4150,1781414.9999
1,1811.4962,1781.8522,1781852.1999
1,1811.6032,1781.9592,1781959.1999
1,1811.6198,1781.9758,1781975.7999
1,1811.6496,1782.0056,1782005.5999
1,1811.8729,1782.2289,1782228.8999
1,1811.8970,1782.2530,1782252.9999
1,1811.9133,1782.2693,1782269.2999
1,1812.0695,1782.4255,1782425.4999
1,1812.1586,1782.5146,1782514.5999
1,1812.1830,1782.5390,1782538.9999
1,1812.5518,1782.9078,1782907.7999
1,1812.6182,1782.9742,1782974.1999
1,1812.7073,1783.0633,1783063.2999
1,1812.9356,1783.2916,1783291.5999
1,1812.9639,1783.3199,1783319.8999
1,1812.9790,1783.3350,1783334.9999
1,1813.1993,1783.5553,1783555.2999
1,1813.2432,1783.5992,1783599.1999
1,1813.4020,1783.7580,1783757.9999
1,1813.8158,1784.1718,1784171.7999
1,1814.1490,1784.5050,1784504.9999
1,1814.1544,1784.5104,1784510.3999
1,1814.1801,1784.5361,1784536.0999
1,1814.2454,1784.6014,1784601.3999
1,1814.4112,1784.7672,1784767.1999
1,1814.4208,1784.7768,1784776.7999
1,1814.7564,1785.1124,1785112.3999
1,1815.1138,1785.4698,1785469.7999
1,1815.1801,1785.5361,1785536.0999
1,1815.2694,1785.6254,1785625.3999
1,1815.4221,1785.7781,1785778.0999
1,1815.4926,1785.8486,1785848.5999
1,1815.5109,1785.8669,1785866.8999
1,1815.5980,1785.9540,1785953.9999
1,1815.6544,1786.0104,1786010.3999
1,1815.7029,1786.0589,1786058.8999
1,1815.7053,1786.0613,1786061.2999
1,1815.8248,1786.1808,1786180.7999
1,1816.1788,1786.5348,1786534.7999
1,1816.3709,1786.7269,1786726.8999
1,1816.5876,1786.9436,1786943.5999
1,1816.7296,1787.0856,1787085.5999
1,1816.7829,1787.1389,1787138.8999
1,1816.7986,1787.1546,1787154.5999
1,1817.3546,1787.7106,1787710.5999
1,1817.8298,1788.1858,1788185.7999
1,1817.8740,1788.2300,1788229.9999
1,1818.2221,1788.5781,1788578.0999
1,1818.3643,1788.7203,1788720.2999
1,1818.4015,1788.7575,1788757.4999
1,1818.5874,1788.9434,1788943.3999
1,1818.6451,1789.0011,1789001.0999
1,1818.7135,1789.0695,1789069.4999
1,1818.7330,1789.0890,1789088.9999
1,1818.7802,1789.1362,1789136.1999
1,1818.8248,1789.1808,1789180.7999
1,1818.8479,1789.2039,1789203.8999
1,1818.8624,1789.2184,1789218.3999
1,1818.8964,1789.2524,1789252.3999
1,1818.9744,1789.3304,1789330.3999
1,1819.0058,1789.3618,1789361.7999
1,1819.0323,1789.3883,1789388.2999
1,1819.1792,1789.5352,1789535.1999
1,1819.2454,1789.6014,1789601.3999
1,1819.5090,1789.8650,1789864.9999
1,1819.7739,1790.1299,1790129.8999
1,1820.9179,1791.2739,1791273.8999
1,1821.0036,1791.3596,1791359.5999
1,1821.0148,1791.3708,1791370.7999
1,1821.3945,1791.7505,1791750.4999
1,1822.4889,1792.8449,1792844.8999
1,1822.6852,1793.0412,1793041.1999
1,1822.8422,1793.1982,1793198.1999
1,1823.6396,1793.9956,1793995.5999
1,1824.7513,1795.1073,1795107.2999
1,1825.0118,1795.3678,1795367.7999
1,1825.0505,1795.4065,1795406.4999
1,1826.3806,1796.7366,1796736.5999
1,1827.6345,1797.9905,1797990.4999
1,1827.6652,1798.0212,1798021.1999
1,1827.7895,1798.1455,1798145.4999
1,1828.2141,1798.5701,1798570.0999
1,1828.2553,1798.6113,1798611.2999
1,1828.4163,1798.7723,1798772.2999
1,1828.7808,1799.1368,1799136.7999
1,1828.7982,1799.1542,1799154.1999
1,1828.9069,1799.2629,1799262.8999
1,1828.9107,1799.2667,1799266.6999
1,1828.9165,1799.2725,1799272.4999
1,1828.9646,1799.3206,1799320.5999
1,1829.6350,1799.9910,1799990.9999
1,1830.5419,1800.8979,1800897.8999
1,1830.6460,1801.0020,1801001.9999
1,1830.7247,1801.0807,1801080.6999
1,1831.0269,1801.3829,1801382.8999
1,1831.0442,1801.4002,1801400.1999
1,1831.0574,1801.4134,1801413.3999
1,1831.2457,1801.6017,1801601.6999
1,1831.2579,1801.6139,1801613.8999
1,1831.3793,1801.7353,1801735.2999
1,1831.4371,1801.7931,1801793.0999
1,1831.7443,1802.1003,1802100.2999
1,1832.1081,1802.4641,1802464.0999
1,1833.8140,1804.1700,1804169.9999
1,1833.9249,1804.2809,1804280.8999
1,1834.0248,1804.3808,1804380.7999
1,1834.1585,1804.5145,1804514.4999
1,1834.5482,1804.9042,1804904.1999
1,1834.9520,1805.3080,1805307.9999
1,1835.1307,1805.4867,1805486.6999
1,1835.1790,1805.5350,1805534.9999
1,1835.3903,1805.7463,1805746.2999
1,1835.8562,1806.2122,1806212.1999
1,1836.1410,1806.4970,1806496.9999
1,1836.3982,1806.7542,1806754.1999
1,1836.4759,1806.8319,1806831.8999
1,1836.7981,1807.1541,1807154.0999
1,1836.9330,1807.2890,1807288.9999
1,1837.4542,1807.8102,1807810.1999
1,1837.8682,1808.2242,1808224.1999
1,1838.3706,1808.7266,1808726.5999
1,1838.5045,1808.8605,1808860.4999
1,1838.5894,1808.9454,1808945.3999
1,1839.2604,1809.6164,1809616.3999
1,1839.3248,1809.6808,1809680.7999
1,1839.6395,1809.9955,1809995.4999
1,1839.8347,1810.1907,1810190.6999
1,1840.2305,1810.5865,1810586.4999
1,1840.4958,1810.8518,1810851.7999
1,1840.5258,1810.8818,1810881.7999
1,1840.5414,1810.8974,1810897.3999
1,1840.5913,1810.9473,1810947.2999
1,1840.7371,1811.0931,1811093.0999
1,1840.8759,1811.2319,1811231.8999
1,1840.9028,1811.2588,1811258.7999
1,1841.5429,1811.8989,1811898.8999
1,1841.7955,1812.1515,1812151.4999
1,1841.8054,1812.1614,1812161.3999
1,1841.8322,1812.1882,1812188.1999
1,1841.8593,1812.2153,1812215.2999
1,1842.4095,1812.7655,1812765.4999
1,1842.7689,1813.1249,1813124.8999
1,1842.8937,1813.2497,1813249.6999
1,1843.0505,1813.4065,1813406.4999
1,1843.5352,1813.8912,1813891.1999
1,1843.6012,1813.9572,1813957.1999
1,1843.6127,1813.9687,1813968.6999
1,1843.6514,1814.0074,1814007.3999
1,1843.6701,1814.0261,1814026.0999
1,1843.7335,1814.0895,1814089.4999
1,1843.8196,1814.1756,1814175.5999
1,1843.9291,1814.2851,1814285.0999
1,1844.0734,1814.4294,1814429.3999
1,1844.0900,1814.4460,1814445.9999
1,1844.2743,1814.6303,1814630.2999
1,1844.3715,1814.7275,1814727.4999
1,1844.4792,1814.8352,1814835.1999
1,1844.5824,1814.9384,1814938.3999
1,1844.8510,1815.2070,1815206.9999
1,1844.9386,1815.2946,1815294.5999
1,1845.2099,1815.5659,1815565.8999
1,1845.4590,1815.8150,1815814.9999
1,1845.4926,1815.8486,1815848.5999
1,1845.6077,1815.9637,1815963.6999
1,1845.7078,1816.0638,1816063.7999
1,1845.8144,1816.1704,1816170.3999
1,1846.1971,1816.5531,1816553.0999
1,1846.2346,1816.5906,1816590.5999
1,1846.3271,1816.6831,1816683.0999
1,1846.3354,1816.6914,1816691.3999
1,1846.3564,1816.7124,1816712.3999
1,1846.5914,1816.9474,1816947.3999
1,1847.0545,1817.4105,1817410.4999
1,1847.6027,1817.9587,1817958.6999
1,1847.8519,1818.2079,1818207.8999
1,1848.2391,1818.5951,1818595.0999
1,1849.2932,1819.6492,1819649.1999
1,1849.3587,1819.7147,1819714.6999
1,1849.4567,1819.8127,1819812.6999
1,1850.5073,1820.8633,1820863.2999
1,1851.0251,1821.3811,1821381.0999
1,1851.0783,1821.4343,1821434.2999
1,1851.2740,1821.6300,1821629.9999
1,1851.3353,1821.6913,1821691.2999
1,1852.4980,1822.8540,1822853.9999
1,1852.5252,1822.8812,1822881.1999
1,1853.0070,1823.3630,1823362.9999
1,1853.0189,1823.3749,1823374.8999
1,1853.0290,1823.3850,1823384.9999
1,1853.0612,1823.4172,1823417.1999
1,1853.1933,1823.5493,1823549.2999
1,1853.2369,1823.5929,1823592.8999
1,1853.5192,1823.8752,1823875.1999
1,1853.5227,1823.8787,1823878.6999
1,1853.8267,1824.1827,1824182.6999
1,1853.8504,1824.2064,1824206.3999
1,1853.9101,1824.2661,1824266.0999
1,1854.1687,1824.5247,1824524.6999
1,1854.1919,1824.5479,1824547.8999
1,1854.2127,1824.5687,1824568.6999
1,1854.7796,1825.1356,1825135.5999
1,1854.8002,1825.1562,1825156.1999
1,1854.8393,1825.1953,1825195.2999
1,1854.8848,1825.2408,1825240.7999
1,1854.9818,1825.3378,1825337.7999
1,1855.0247,1825.3807,1825380.6999
1,1855.1533,1825.5093,1825509.2999
1,1855.1839,1825.5399,1825539.8999
1,1855.2655,1825.6215,1825621.4999
1,1855.3034,1825.6594,1825659.3999
1,1855.3682,1825.7242,1825724.1999
1,1855.4060,1825.7620,1825761.9999
1,1855.5196,1825.8756,1825875.5999
1,1855.7664,1826.1224,1826122.3999
1,1855.8047,1826.1607,1826160.6999
1,1855.9673,1826.3233,1826323.2999
1,1856.0358,1826.3918,1826391.7999
1,1856.0693,1826.4253,1826425.2999
1,1856.3163,1826.6723,1826672.2999
1,1856.3891,1826.7451,1826745.0999
1,1856.7088,1827.0648,1827064.7999
1,1856.7401,1827.0961,1827096.0999
1,1856.9499,1827.3059,1827305.8999
1,1856.9794,1827.3354,1827335.3999
1,1856.9992,1827.3552,1827355.1999
1,1857.0816,1827.4376,1827437.5999
1,1857.0999,1827.4559,1827455.8999
1,1857.1400,1827.4960,1827495.9999
1,1857.1780,1827.5340,1827533.9999
1,1857.2441,1827.6001,1827600.0999
1,1857.3426,1827.6986,1827698.5999
1,1857.3913,1827.7473,1827747.2999
1,1857.7153,1828.0713,1828071.2999
1,1857.7349,1828.0909,1828090.8999
1,1857.8033,1828.1593,1828159.2999
1,1857.8742,1828.2302,1828230.1999
1,1857.9169,1828.2729,1828272.8999
1,1858.0494,1828.4054,1828405.3999
1,1858.1440,1828.5000,1828499.9999
1,1858.2986,1828.6546,1828654.5999
1,1858.3764,1828.7324,1828732.3999
1,1858.4478,1828.8038,1828803.7999
1,1858.6915,1829.0475,1829047.4999
1,1858.7609,1829.1169,1829116.8999
1,1858.8215,1829.1775,1829177.4999
1,1858.9232,1829.2792,1829279.1999
1,1859.0388,1829.3948,1829394.7999
1,1859.0624,1829.4184,1829418.3999
1,1859.2678,1829.6238,1829623.7999
1,1859.2885,1829.6445,1829644.4999
1,1859.4535,1829.8095,1829809.4999
1,1859.4592,1829.8152,1829815.1999
1,1859.5250,1829.8810,1829880.9999
1,1859.5274,1829.8834,1829883.3999
1,1859.5638,1829.9198,1829919.7999
1,1859.7523,1830.1083,1830108.2999
1,1860.0599,1830.4159,1830415.8999
1,1860.1857,1830.5417,1830541.6999
1,1860.2054,1830.5614,1830561.3999
1,1860.2653,1830.6213,1830621.2999
1,1860.3663,1830.7223,1830722.2999
1,1860.6737,1831.0297,1831029.6999
1,1860.6796,1831.0356,1831035.5999
1,1860.8026,1831.1586,1831158.5999
1,1860.8131,1831.1691,1831169.0999
1,1860.8323,1831.1883,1831188.2999
1,1861.0364,1831.3924,1831392.3999
1,1861.0514,1831.4074,1831407.3999
1,1861.0640,1831.4200,1831419.9999
1,1861.1311,1831.4871,1831487.0999
1,1861.3248,1831.6808,1831680.7999
1,1861.3283,1831.6843,1831684.2999
1,1861.4186,1831.7746,1831774.5999
1,1861.4688,1831.8248,1831824.7999
1,1861.5507,1831.9067,1831906.6999
1,1861.5832,1831.9392,1831939.1999
1,1861.8437,1832.1997,1832199.6999
1,1862.0327,1832.3887,1832388.6999
1,1862.0863,1832.4423,1832442.2999
1,1862.3183,1832.6743,1832674.2999
1,1862.4460,1832.8020,1832801.9999
1,1862.6454,1833.0014,1833001.3999
1,1862.6610,1833.0170,1833016.9999
1,1862.7053,1833.0613,1833061.2999
1,1862.8051,1833.1611,1833161.0999
1,1862.9021,1833.2581,1833258.0999
1,1862.9686,1833.3246,1833324.5999
1,1863.0058,1833.3618,1833361.7999
1,1863.0643,1833.4203,1833420.2999
1,1863.2923,1833.6483,1833648.2999
1,1863.3222,1833.6782,1833678.1999
1,1863.3541,1833.7101,1833710.0999
1,1863.4308,1833.7868,1833786.7999
1,1863.5468,1833.9028,1833902.7999
1,1863.8435,1834.1995,1834199.4999
1,1863.9677,1834.3237,1834323.6999
1,1864.2900,1834.6460,1834645.9999
1,1864.3142,1834.6702,1834670.1999
1,1864.3360,1834.6920,1834691.9999
1,1864.3517,1834.7077,1834707.6999
1,1864.3751,1834.7311,1834731.0999
1,1864.4454,1834.8014,1834801.3999
1,1864.4766,1834.8326,1834832.5999
1,1864.8553,1835.2113,1835211.2999
1,1864.9112,1835.2672,1835267.1999
1,1864.9323,1835.2883,1835288.2999
1,1865.3954,1835.7514,1835751.3999
1,1865.5821,1835.9381,1835938.0999
1,1865.6002,1835.9562,1835956.1999
1,1866.0086,1836.3646,1836364.5999
1,1866.2566,1836.6126,1836612.5999
1,1866.3213,1836.6773,1836677.2999
1,1866.4896,1836.8456,1836845.5999
1,1866.9819,1837.3379,1837337.8999
1,1867.0484,1837.4044,1837404.3999
1,1867.1058,1837.4618,1837461.7999
1,1867.2415,1837.5975,1837597.4999
1,1867.2672,1837.6232,1837623.1999
1,1867.2944,1837.6504,1837650.3999
1,1867.4852,1837.8412,1837841.1999
1,1867.6370,1837.9930,1837992.9999
1,1867.9141,1838.2701,1838270.0999
1,1868.4743,1838.8303,1838830.2999
1,1868.5789,1838.9349,1838934.8999
1,1868.6352,1838.9912,1838991.1999
1,1868.6519,1839.0079,1839007.8999
1,1868.6585,1839.0145,1839014.4999
1,1868.6942,1839.0502,1839050.1999
1,1869.2837,1839.6397,1839639.6999
1,1869.3516,1839.7076,1839707.5999
1,1869.7741,1840.1301,1840130.0999
1,1869.8030,1840.1590,1840158.9999
1,1869.9644,1840.3204,1840320.3999
1,1870.2243,1840.5803,1840580.2999
1,1870.3008,1840.6568,1840656.7999
1,1870.3488,1840.7048,1840704.7999
1,1870.8209,1841.1769,1841176.8999
1,1870.9397,1841.2957,1841295.6999
1,1870.9655,1841.3215,1841321.4999
1,1870.9683,1841.3243,1841324.2999
1,1871.2876,1841.6436,1841643.5999
1,1871.7887,1842.1447,1842144.6999
1,1872.0311,1842.3871,1842387.0999
1,1872.2267,1842.5827,1842582.6999
1,1872.6454,1843.0014,1843001.3999
1,1872.7218,1843.0778,1843077.7999
1,1872.7795,1843.1355,1843135.4999
1,1872.8970,1843.2530,1843252.9999
1,1872.9459,1843.3019,1843301.8999
1,1872.9760,1843.3320,1843331.9999
1,1872.9941,1843.3501,1843350.0999
1,1873.2407,1843.5967,1843596.6999
1,1873.2626,1843.6186,1843618.5999
1,1873.3306,1843.6866,1843686.5999
1,1873.3787,1843.7347,1843734.6999
1,1874.5913,1844.9473,1844947.2999
1,1874.8358,1845.1918,1845191.7999
1,1876.0411,1846.3971,1846397.0999
1,1876.0706,1846.4266,1846426.5999
1,1876.4655,1846.8215,1846821.4999
1,1876.7325,1847.0885,1847088.4999
1,1876.8032,1847.1592,1847159.1999
1,1877.0810,1847.4370,1847436.9999
1,1877.4722,1847.8282,1847828.1999
1,1877.8010,1848.1570,1848156.9999
1,1877.8385,1848.1945,1848194.4999
1,1878.5548,1848.9108,1848910.7999
1,1878.5989,1848.9549,1848954.8999
1,1879.3659,1849.7219,1849721.8999
1,1879.4898,1849.8458,1849845.7999
1,1879.5002,1849.8562,1849856.1999
1,1879.6245,1849.9805,1849980.4999
1,1879.6319,1849.9879,1849987.8999
1,1879.6782,1850.0342,1850034.1999
1,1879.7139,1850.0699,1850069.8999
1,1879.7663,1850.1223,1850122.2999
1,1880.0497,1850.4057,1850405.6999
1,1880.1111,1850.4671,1850467.0999
1,1880.8794,1851.2354,1851235.3999
1,1880.9116,1851.2676,1851267.5999
1,1881.6069,1851.9629,1851962.8999
1,1881.8458,1852.2018,1852201.7999
1,1881.9762,1852.3322,1852332.1999
1,1882.0496,1852.4056,1852405.5999
1,1882.1693,1852.5253,1852525.2999
1,1882.2993,1852.6553,1852655.2999
1,1882.6886,1853.0446,1853044.5999
1,1883.1352,1853.4912,1853491.1999
1,1883.9543,1854.3103,1854310.2999
1,1884.2403,1854.5963,1854596.2999
1,1884.2927,1854.6487,1854648.6999
1,1884.7843,1855.1403,1855140.2999
1,1884.7956,1855.1516,1855151.5999
1,1884.8026,1855.1586,1855158.5999
1,1884.8235,1855.1795,1855179.4999
1,1884.9001,1855.2561,1855256.0999
1,1885.0302,1855.3862,1855386.1999
1,1885.0367,1855.3927,1855392.6999
1,1885.0755,1855.4315,1855431.4999
1,1885.0780,1855.4340,1855433.9999
1,1885.0865,1855.4425,1855442.4999
1,1885.1044,1855.4604,1855460.3999
1,1885.3654,1855.7214,1855721.3999
1,1885.6395,1855.9955,1855995.4999
1,1886.5322,1856.8882,1856888.1999
1,1886.7496,1857.1056,1857105.5999
1,1886.7690,1857.1250,1857124.9999
1,1886.9106,1857.2666,1857266.5999
1,1886.9639,1857.3199,1857319.8999
1,1887.0604,1857.4164,1857416.3999
1,1887.3525,1857.7085,1857708.4999
1,1887.5748,1857.9308,1857930.7999
1,1887.5872,1857.9432,1857943.1999
1,1887.8396,1858.1956,1858195.5999
1,1887.8465,1858.2025,1858202.4999
1,1887.8484,1858.2044,1858204.3999
1,1888.1255,1858.4815,1858481.4999
1,1888.1876,1858.5436,1858543.5999
1,1888.2755,1858.6315,1858631.4999
1,1888.3790,1858.7350,1858734.9999
1,1888.4475,1858.8035,1858803.4999
1,1889.1461,1859.5021,1859502.0999
1,1889.8326,1860.1886,1860188.5999
1,1890.1727,1860.5287,1860528.6999
1,1890.2714,1860.6274,1860627.3999
1,1890.4461,1860.8021,1860802.0999
1,1890.5437,1860.8997,1860899.6999
1,1890.9384,1861.2944,1861294.3999
1,1890.9505,1861.3065,1861306.4999
1,1890.9579,1861.3139,1861313.8999
1,1890.9918,1861.3478,1861347.7999
1,1891.0902,1861.4462,1861446.1999
1,1891.1023,1861.4583,1861458.2999
1,1891.3644,1861.7204,1861720.3999
1,1891.5553,1861.9113,1861911.2999
1,1891.7551,1862.1111,1862111.0999
1,1891.8180,1862.1740,1862173.9999
1,1892.0484,1862.4044,1862404.3999
1,1892.5189,1862.8749,1862874.8999
1,1892.5517,1862.9077,1862907.6999
1,1892.8449,1863.2009,1863200.8999
1,1892.8539,1863.2099,1863209.8999
1,1893.0148,1863.3708,1863370.7999
1,1893.0761,1863.4321,1863432.0999
1,1893.1476,1863.5036,1863503.5999
1,1893.2769,1863.6329,1863632.8999
1,1893.4396,1863.7956,1863795.5999
1,1893.6405,1863.9965,1863996.4999
1,1893.7492,1864.1052,1864105.1999
1,1893.7860,1864.1420,1864141.9999
1,1893.8177,1864.1737,1864173.6999
1,1893.8250,1864.1810,1864180.9999
1,1893.8340,1864.1900,1864189.9999
1,1893.8619,1864.2179,1864217.8999
1,1893.8685,1864.2245,1864224.4999
1,1893.8792,1864.2352,1864235.1999
1,1893.8867,1864.2427,1864242.6999
1,1893.9036,1864.2596,1864259.5999
1,1893.9171,1864.2731,1864273.0999
1,1893.9809,1864.3369,1864336.8999
1,1894.0029,1864.3589,1864358.8999
1,1894.0484,1864.4044,1864404.3999
1,1894.0719,1864.4279,1864427.8999
1,1894.1188,1864.4748,1864474.7999
1,1894.1826,1864.5386,1864538.5999
1,1894.2019,1864.5579,1864557.8999
1,1894.2136,1864.5696,1864569.5999
1,1894.2971,1864.6531,1864653.0999
1,1894.3191,1864.6751,1864675.0999
1,1894.3430,1864.6990,1864698.9999
1,1894.3960,1864.7520,1864751.9999
1,1894.4196,1864.7756,1864775.5999
1,1895.4547,1865.8107,1865810.6999
1,1895.4563,1865.8123,1865812.2999
1,1895.4665,1865.8225,1865822.4999
1,1895.4761,1865.8321,1865832.0999
1,1895.4783,1865.8343,1865834.2999
1,1895.4866,1865.8426,1865842.5999
1,1895.4978,1865.8538,1865853.7999
1,1895.5282,1865.8842,1865884.1999
1,1895.5375,1865.8935,1865893.4999
1,1895.6431,1865.9991,1865999.0999
1,1895.6528,1866.0088,1866008.7999
1,1895.6602,1866.0162,1866016.1999
1,1895.7359,1866.0919,1866091.8999
1,1895.7923,1866.1483,1866148.2999
1,1895.8706,1866.2266,1866226.5999
1,1895.8802,1866.2362,1866236.1999
1,1895.9171,1866.2731,1866273.0999
1,1896.0051,1866.3611,1866361.0999
1,1896.0112,1866.3672,1866367.1999
1,1896.0215,1866.3775,1866377.4999
1,1896.1526,1866.5086,1866508.5999
1,1896.1626,1866.5186,1866518.5999
1,1896.1819,1866.5379,1866537.8999
1,1896.2075,1866.5635,1866563.4999
1,1896.2275,1866.5835,1866583.4999
1,1896.2440,1866.6000,1866599.9999
1,1896.2883,1866.6443,1866644.2999
1,1896.4220,1866.7780,1866777.9999
1,1896.5230,1866.8790,1866878.9999
1,1896.5286,1866.8846,1866884.5999
1,1896.5985,1866.9545,1866954.4999
1,1896.6054,1866.9614,1866961.3999
1,1896.6120,1866.9680,1866967.9999
1,1896.6319,1866.9879,1866987.8999
1,1896.6681,1867.0241,1867024.0999
1,1896.7015,1867.0575,1867057.4999
1,1896.7844,1867.1404,1867140.3999
1,1896.8359,1867.1919,1867191.8999
1,1896.8491,1867.2051,1867205.0999
1,1896.8988,1867.2548,1867254.7999
1,1896.9706,1867.3266,1867326.5999
1,1897.0108,1867.3668,1867366.7999
1,1897.1561,1867.5121,1867512.0999
1,1897.1897,1867.5457,1867545.6999
1,1897.2568,1867.6128,1867612.7999
1,1897.2806,1867.6366,1867636.5999
1,1897.3467,1867.7027,1867702.6999
1,1897.3642,1867.7202,1867720.1999
1,1897.3978,1867.7538,1867753.7999
1,1897.6092,1867.9652,1867965.1999
1,1897.7451,1868.1011,1868101.0999
1,1897.7507,1868.1067,1868106.6999
1,1897.7753,1868.1313,1868131.2999
1,1897.7799,1868.1359,1868135.8999
1,1897.7837,1868.1397,1868139.6999
1,1897.8033,1868.1593,1868159.2999
1,1897.8321,1868.1881,1868188.0999
1,1897.8493,1868.2053,1868205.2999
1,1897.9961,1868.3521,1868352.0999
1,1898.0957,1868.4517,1868451.6999
1,1898.1131,1868.4691,1868469.0999
1,1898.1163,1868.4723,1868472.2999
1,1898.1329,1868.4889,1868488.8999
1,1898.1402,1868.4962,1868496.1999
1,1898.2104,1868.5664,1868566.3999
1,1898.2280,1868.5840,1868583.9999
1,1898.3460,1868.7020,1868701.9999
1,1898.3611,1868.7171,1868717.0999
1,1898.5336,1868.8896,1868889.5999
1,1898.5566,1868.9126,1868912.5999
1,1898.6007,1868.9567,1868956.6999
1,1898.6225,1868.9785,1868978.4999
1,1898.9655,1869.3215,1869321.4999
1,1899.2965,1869.6525,1869652.4999
1,1899.9124,1870.2684,1870268.3999
1,1899.9583,1870.3143,1870314.2999
1,1900.0214,1870.3774,1870377.3999
1,1900.0353,1870.3913,1870391.2999
1,1900.0490,1870.4050,1870404.9999
1,1900.0600,1870.4160,1870415.9999
1,1900.0869,1870.4429,1870442.8999
1,1900.1007,1870.4567,1870456.6999
1,1900.1790,1870.5350,1870534.9999
1,1900.1995,1870.5555,1870555.4999
1,1900.4422,1870.7982,1870798.1999
1,1900.4714,1870.8274,1870827.3999
1,1900.5040,1870.8600,1870859.9999
1,1900.5797,1870.9357,1870935.6999
1,1900.6415,1870.9975,1870997.4999
1,1900.6623,1871.0183,1871018.2999
1,1900.7063,1871.0623,1871062.2999
1,1900.7335,1871.0895,1871089.4999
1,1900.7427,1871.0987,1871098.6999
1,1900.7991,1871.1551,1871155.0999
1,1900.8397,1871.1957,1871195.6999
1,1900.8715,1871.2275,1871227.4999
1,1900.9057,1871.2617,1871261.6999
1,1901.2458,1871.6018,1871601.7999
1,1901.6068,1871.9628,1871962.7999
1,1901.8964,1872.2524,1872252.3999
1,1901.8983,1872.2543,1872254.2999
1,1901.9015,1872.2575,1872257.4999
1,1901.9722,1872.3282,1872328.1999
1,1902.0541,1872.4101,1872410.0999
1,1902.1726,1872.5286,1872528.5999
1,1902.2143,1872.5703,1872570.2999
1,1902.3030,1872.6590,1872658.9999
1,1902.8490,1873.2050,1873204.9999
1,1903.1490,1873.5050,1873504.9999
1,1903.1827,1873.5387,1873538.6999
1,1903.3828,1873.7388,1873738.7999
1,1903.3993,1873.7553,1873755.2999
1,1903.5022,1873.8582,1873858.1999
1,1903.7372,1874.0932,1874093.1999
1,1903.7778,1874.1338,1874133.7999
1,1905.0146,1875.3706,1875370.5999
1,1905.4155,1875.7715,1875771.4999
1,1905.6184,1875.9744,1875974.3999
1,1905.7230,1876.0790,1876078.9999
1,1906.1529,1876.5089,1876508.8999
1,1906.1853,1876.5413,1876541.2999
1,1906.3373,1876.6933,1876693.2999
1,1906.3435,1876.6995,1876699.4999
1,1907.0215,1877.3775,1877377.4999
1,1907.1702,1877.5262,1877526.1999
1,1907.2718,1877.6278,1877627.7999
1,1907.3231,1877.6791,1877679.0999
1,1907.4462,1877.8022,1877802.1999
1,1907.5590,1877.9150,1877914.9999
1,1907.8248,1878.1808,1878180.7999
1,1907.8966,1878.2526,1878252.5999
1,1908.1852,1878.5412,1878541.1999
1,1908.2124,1878.5684,1878568.3999
1,1908.2609,1878.6169,1878616.8999
1,1908.3608,1878.7168,1878716.7999
1,1908.4407,1878.7967,1878796.6999
1,1908.4664,1878.8224,1878822.3999
1,1908.4897,1878.8457,1878845.6999
1,1908.6385,1878.9945,1878994.4999
1,1908.6544,1879.0104,1879010.3999
1,1908.7365,1879.0925,1879092.4999
1,1908.7674,1879.1234,1879123.3999
1,1908.8616,1879.2176,1879217.5999
1,1908.9813,1879.3373,1879337.2999
1,1909.0497,1879.4057,1879405.6999
1,1909.0889,1879.4449,1879444.8999
1,1909.3601,1879.7161,1879716.0999
1,1909.6814,1880.0374,1880037.3999
1,1909.6983,1880.0543,1880054.2999
1,1910.1460,1880.5020,1880501.9999
1,1910.2572,1880.6132,1880613.1999
1,1910.8351,1881.1911,1881191.0999
1,1911.5601,1881.9161,1881916.0999
1,1911.6151,1881.9711,1881971.0999
1,1911.8350,1882.1910,1882190.9999
1,1911.9214,1882.2774,1882277.3999
1,1912.1145,1882.4705,1882470.4999
1,1912.1428,1882.4988,1882498.7999
1,1912.1596,1882.5156,1882515.5999
1,1912.1771,1882.5331,1882533.0999
1,1912.2148,1882.5708,1882570.7999
1,1912.3496,1882.7056,1882705.5999
1,1912.4540,1882.8100,1882809.9999
1,1912.5482,1882.9042,1882904.1999
1,1912.5931,1882.9491,1882949.0999
1,1912.7503,1883.1063,1883106.2999
1,1912.7813,1883.1373,1883137.2999
1,1912.9170,1883.2730,1883272.9999
1,1912.9354,1883.2914,1883291.3999
1,1913.0922,1883.4482,1883448.1999
1,1913.1404,1883.4964,1883496.3999
1,1913.6757,1884.0317,1884031.6999
1,1913.9698,1884.3258,1884325.7999
1,1914.0162,1884.3722,1884372.1999
1,1914.0326,1884.3886,1884388.5999
1,1915.0126,1885.3686,1885368.5999
1,1915.1234,1885.4794,1885479.3999
1,1915.5414,1885.8974,1885897.3999
1,1915.7579,1886.1139,1886113.8999
1,1916.1280,1886.4840,1886483.9999
1,1916.1445,1886.5005,1886500.4999
1,1916.2547,1886.6107,1886610.6999
1,1916.2655,1886.6215,1886621.4999
1,1916.3972,1886.7532,1886753.1999
1,1916.5628,1886.9188,1886918.7999
1,1916.7219,1887.0779,1887077.8999
1,1916.8403,1887.1963,1887196.2999
1,1916.9788,1887.3348,1887334.7999
1,1917.0471,1887.4031,1887403.0999
1,1917.0515,1887.4075,1887407.4999
1,1917.0768,1887.4328,1887432.7999
1,1917.1343,1887.4903,1887490.2999
1,1917.1511,1887.5071,1887507.0999
1,1917.4516,1887.8076,1887807.5999
1,1917.6596,1888.0156,1888015.5999
1,1917.9454,1888.3014,1888301.3999
1,1918.0417,1888.3977,1888397.6999
1,1918.7607,1889.1167,1889116.6999
1,1918.9518,1889.3078,1889307.7999
1,1919.0061,1889.3621,1889362.0999
1,1919.0261,1889.3821,1889382.0999
1,1919.2843,1889.6403,1889640.2999
1,1919.3268,1889.6828,1889682.7999
1,1919.3631,1889.7191,1889719.0999
1,1919.4690,1889.8250,1889824.9999
1,1919.5141,1889.8701,1889870.0999
1,1919.6029,1889.9589,1889958.8999
1,1919.8416,1890.1976,1890197.5999
1,1919.8463,1890.2023,1890202.2999
1,1920.0692,1890.4252,1890425.1999
1,1920.0879,1890.4439,1890443.8999
1,1920.1378,1890.4938,1890493.7999
1,1920.3303,1890.6863,1890686.2999
1,1920.7178,1891.0738,1891073.7999
1,1920.7931,1891.1491,1891149.0999
1,1920.8731,1891.2291,1891229.0999
1,1920.8916,1891.2476,1891247.5999
1,1920.9146,1891.2706,1891270.5999
1,1920.9488,1891.3048,1891304.7999
1,1921.0299,1891.3859,1891385.8999
1,1921.0846,1891.4406,1891440.5999
1,1921.1989,1891.5549,1891554.8999
1,1921.7507,1892.1067,1892106.6999
1,1921.7834,1892.1394,1892139.3999
1,1921.8351,1892.1911,1892191.0999
1,1922.0199,1892.3759,1892375.8999
1,1922.1387,1892.4947,1892494.6999
1,1922.1908,1892.5468,1892546.7999
1,1922.9488,1893.3048,1893304.7999
1,1922.9662,1893.3222,1893322.1999
1,1923.0784,1893.4344,1893434.3999
1,1923.0900,1893.4460,1893445.9999
1,1923.2798,1893.6358,1893635.7999
1,1923.3444,1893.7004,1893700.3999
1,1923.4477,1893.8037,1893803.6999
1,1923.5934,1893.9494,1893949.3999
1,1923.6751,1894.0311,1894031.0999
1,1923.6791,1894.0351,1894035.0999
1,1923.8467,1894.2027,1894202.6999
1,1923.8786,1894.2346,1894234.5999
1,1924.3562,1894.7122,1894712.1999
1,1924.4110,1894.7670,1894766.9999
1,1924.7518,1895.1078,1895107.7999
1,1924.9465,1895.3025,1895302.4999
1,1924.9612,1895.3172,1895317.1999
1,1925.2609,1895.6169,1895616.8999
1,1925.4503,1895.8063,1895806.2999
1,1925.4531,1895.8091,1895809.0999
1,1925.6126,1895.9686,1895968.5999
1,1925.6856,1896.0416,1896041.5999
1,1925.7343,1896.0903,1896090.2999
1,1925.7984,1896.1544,1896154.3999
1,1925.9890,1896.3450,1896344.9999
1,1926.0859,1896.4419,1896441.8999
1,1926.0968,1896.4528,1896452.7999
1,1926.3031,1896.6591,1896659.0999
1,1926.3119,1896.6679,1896667.8999
1,1926.5144,1896.8704,1896870.3999
1,1926.8534,1897.2094,1897209.3999
1,1926.8755,1897.2315,1897231.4999
1,1926.9752,1897.3312,1897331.1999
1,1927.0529,1897.4089,1897408.8999
1,1927.2071,1897.5631,1897563.0999
1,1927.6059,1897.9619,1897961.8999
1,1927.7651,1898.1211,1898121.0999
1,1927.7935,1898.1495,1898149.4999
1,1927.8774,1898.2334,1898233.3999
1,1927.8924,1898.2484,1898248.3999
1,1927.9384,1898.2944,1898294.3999
1,1928.4828,1898.8388,1898838.7999
1,1928.5168,1898.8728,1898872.7999
1,1928.5483,1898.9043,1898904.2999
1,1929.0142,1899.3702,1899370.1999
1,1929.3063,1899.6623,1899662.2999
1,1929.3188,1899.6748,1899674.7999
1,1929.5550,1899.9110,1899910.9999
1,1929.7527,1900.1087,1900108.6999
1,1929.7559,1900.1119,1900111.8999
1,1930.0690,1900.4250,1900424.9999
1,1930.1586,1900.5146,1900514.5999
1,1930.3115,1900.6675,1900667.4999
1,1930.3171,1900.6731,1900673.0999
1,1930.5068,1900.8628,1900862.7999
1,1930.5519,1900.9079,1900907.8999
1,1930.6479,1901.0039,1901003.8999
1,1930.7049,1901.0609,1901060.8999
1,1930.7324,1901.0884,1901088.3999
1,1930.7475,1901.1035,1901103.4999
1,1930.7640,1901.1200,1901119.9999
1,1931.0110,1901.3670,1901366.9999
1,1931.0374,1901.3934,1901393.3999
1,1931.0402,1901.3962,1901396.1999
1,1931.1827,1901.5387,1901538.6999
1,1931.2242,1901.5802,1901580.1999
1,1931.2746,1901.6306,1901630.5999
1,1931.2908,1901.6468,1901646.7999
1,1931.3261,1901.6821,1901682.0999
1,1931.3558,1901.7118,1901711.7999
1,1931.4007,1901.7567,1901756.6999
1,1931.4255,1901.7815,1901781.4999
1,1931.5087,1901.8647,1901864.6999
1,1931.5235,1901.8795,1901879.4999
1,1931.5663,1901.9223,1901922.2999
1,1931.7037,1902.0597,1902059.6999
1,1931.7346,1902.0906,1902090.5999
1,1931.7558,1902.1118,1902111.7999
1,1931.8353,1902.1913,1902191.2999
1,1931.8675,1902.2235,1902223.4999
1,1931.8860,1902.2420,1902241.9999
1,1932.1069,1902.4629,1902462.8999
1,1932.1371,1902.4931,1902493.0999
1,1932.2965,1902.6525,1902652.4999
1,1932.2995,1902.6555,1902655.4999
1,1932.3093,1902.6653,1902665.2999
1,1932.5192,1902.8752,1902875.1999
1,1932.5529,1902.9089,1902908.8999
1,1932.6467,1903.0027,1903002.6999
1,1932.9420,1903.2980,1903297.9999
1,1932.9823,1903.3383,1903338.2999
1,1933.2207,1903.5767,1903576.6999
1,1933.2406,1903.5966,1903596.5999
1,1933.2498,1903.6058,1903605.7999
1,1933.2581,1903.6141,1903614.0999
1,1933.2682,1903.6242,1903624.1999
1,1933.3173,1903.6733,1903673.2999
1,1933.4137,1903.7697,1903769.6999
1,1933.5109,1903.8669,1903866.8999
1,1933.6981,1904.0541,1904054.0999
1,1933.9535,1904.3095,1904309.4999
1,1934.1309,1904.4869,1904486.8999
1,1934.1418,1904.4978,1904497.7999
1,1934.2737,1904.6297,1904629.6999
1,1934.2753,1904.6313,1904631.2999
1,1934.2804,1904.6364,1904636.3999
1,1934.3506,1904.7066,1904706.5999
1,1934.5655,1904.9215,1904921.4999
1,1934.6039,1904.9599,1904959.8999
1,1934.7320,1905.0880,1905087.9999
1,1935.0388,1905.3948,1905394.7999
1,1935.1803,1905.5363,1905536.2999
1,1935.1958,1905.5518,1905551.7999
1,1935.2678,1905.6238,1905623.7999
1,1935.5009,1905.8569,1905856.8999
1,1935.5034,1905.8594,1905859.3999
1,1935.5382,1905.8942,1905894.1999
1,1935.5791,1905.9351,1905935.0999
1,1935.5822,1905.9382,1905938.1999
1,1935.6472,1906.0032,1906003.1999
1,1935.6929,1906.0489,1906048.8999
1,1935.7139,1906.0699,1906069.8999
1,1935.7233,1906.0793,1906079.2999
1,1935.9012,1906.2572,1906257.1999
1,1936.2432,1906.5992,1906599.1999
1,1936.2867,1906.6427,1906642.6999
1,1936.6383,1906.9943,1906994.2999
1,1936.6423,1906.9983,1906998.2999
1,1936.6593,1907.0153,1907015.2999
1,1936.7823,1907.1383,1907138.2999
1,1936.7955,1907.1515,1907151.4999
1,1936.8248,1907.1808,1907180.7999
1,1936.8888,1907.2448,1907244.7999
1,1937.2358,1907.5918,1907591.7999
1,1937.2689,1907.6249,1907624.8999
1,1937.3489,1907.7049,1907704.8999
1,1937.3719,1907.7279,1907727.8999
1,1937.4008,1907.7568,1907756.7999
1,1937.4331,1907.7891,1907789.0999
1,1937.8353,1908.1913,1908191.2999
1,1938.1861,1908.5421,1908542.0999
1,1938.4228,1908.7788,1908778.7999
1,1938.4678,1908.8238,1908823.7999
1,1938.5772,1908.9332,1908933.1999
1,1938.7031,1909.0591,1909059.0999
1,1939.2336,1909.5896,1909589.5999
1,1939.7347,1910.0907,1910090.6999
1,1939.7760,1910.1320,1910131.9999
1,1939.9043,1910.2603,1910260.2999
1,1939.9472,1910.3032,1910303.1999
1,1940.2896,1910.6456,1910645.5999
1,1940.4198,1910.7758,1910775.7999
1,1940.4526,1910.8086,1910808.5999
1,1940.5563,1910.9123,1910912.2999
1,1940.6008,1910.9568,1910956.7999
1,1940.6095,1910.9655,1910965.4999
1,1940.6307,1910.9867,1910986.6999
1,1940.6901,1911.0461,1911046.0999
1,1940.6972,1911.0532,1911053.1999
1,1940.7100,1911.0660,1911065.9999
1,1940.9483,1911.3043,1911304.2999
1,1941.0698,1911.4258,1911425.7999
1,1941.1932,1911.5492,1911549.1999
1,1941.2600,1911.6160,1911615.9999
1,1941.2933,1911.6493,1911649.2999
1,1941.4583,1911.8143,1911814.2999
1,1941.4701,1911.8261,1911826.0999
1,1941.5178,1911.8738,1911873.7999
1,1941.8108,1912.1668,1912166.7999
1,1941.8348,1912.1908,1912190.7999
1,1942.8125,1913.1685,1913168.4999
1,1942.9569,1913.3129,1913312.8999
1,1943.1296,1913.4856,1913485.5999
1,1943.1776,1913.5336,1913533.5999
1,1943.4141,1913.7701,1913770.0999
1,1943.5809,1913.9369,1913936.8999
1,1943.5839,1913.9399,1913939.8999
1,1943.7786,1914.1346,1914134.5999
1,1943.8760,1914.2320,1914231.9999
1,1943.8957,1914.2517,1914251.6999
1,1944.1622,1914.5182,1914518.1999
1,1944.1717,1914.5277,1914527.6999
1,1944.1804,1914.5364,1914536.3999
1,1944.3617,1914.7177,1914717.6999
1,1944.4635,1914.8195,1914819.4999
1,1944.5542,1914.9102,1914910.1999
1,1944.6609,1915.0169,1915016.8999
1,1944.6755,1915.0315,1915031.4999
1,1944.7833,1915.1393,1915139.2999
1,1944.8593,1915.2153,1915215.2999
1,1945.1852,1915.5412,1915541.1999
1,1945.1958,1915.5518,1915551.7999
1,1945.1977,1915.5537,1915553.6999
1,1945.4400,1915.7960,1915795.9999
1,1945.4787,1915.8347,1915834.6999
1,1945.6237,1915.9797,1915979.6999
1,1945.7878,1916.1438,1916143.7999
1,1945.9293,1916.2853,1916285.2999
1,1945.9599,1916.3159,1916315.8999
1,1945.9998,1916.3558,1916355.7999
1,1946.0775,1916.4335,1916433.4999
1,1946.8981,1917.2541,1917254.0999
1,1946.9078,1917.2638,1917263.7999
1,1947.1941,1917.5501,1917550.0999
1,1947.2413,1917.5973,1917597.2999
1,1947.3218,1917.6778,1917677.7999
1,1947.6415,1917.9975,1917997.4999
1,1947.6519,1918.0079,1918007.8999
1,1947.7018,1918.0578,1918057.7999
1,1947.9440,1918.3000,1918299.9999
1,1948.0262,1918.3822,1918382.1999
1,1948.3289,1918.6849,1918684.8999
1,1948.6141,1918.9701,1918970.0999
1,1948.7807,1919.1367,1919136.6999
1,1948.9599,1919.3159,1919315.8999
1,1949.2631,1919.6191,1919619.0999
1,1949.3297,1919.6857,1919685.6999
1,1949.3516,1919.7076,1919707.5999
1,1949.4149,1919.7709,1919770.8999
1,1949.4769,1919.8329,1919832.8999
1,1949.5279,1919.8839,1919883.8999
1,1949.5530,1919.9090,1919908.9999
1,1949.5555,1919.9115,1919911.4999
1,1949.5734,1919.9294,1919929.3999
1,1949.6433,1919.9993,1919999.2999
1,1950.0933,1920.4493,1920449.2999
1,1950.2412,1920.5972,1920597.1999
1,1950.3596,1920.7156,1920715.5999
1,1950.4939,1920.8499,1920849.8999
1,1950.5851,1920.9411,1920941.0999
1,1950.8662,1921.2222,1921222.1999
1,1950.9129,1921.2689,1921268.8999
1,1951.0887,1921.4447,1921444.6999
1,1951.4473,1921.8033,1921803.2999
1,1951.7327,1922.0887,1922088.6999
1,1952.3533,1922.7093,1922709.2999
1,1952.7051,1923.0611,1923061.0999
1,1953.0053,1923.3613,1923361.2999
1,1953.0644,1923.4204,1923420.3999
1,1953.0713,1923.4273,1923427.2999
1,1953.1804,1923.5364,1923536.3999
1,1953.1907,1923.5467,1923546.6999
1,1953.2042,1923.5602,1923560.1999
1,1954.0133,1924.3693,1924369.2999
1,1954.2526,1924.6086,1924608.5999
1,1954.4252,1924.7812,1924781.1999
1,1954.7099,1925.0659,1925065.8999
1,1955.1857,1925.5417,1925541.6999
1,1955.2052,1925.5612,1925561.1999
1,1955.5174,1925.8734,1925873.3999
1,1955.5194,1925.8754,1925875.3999
1,1955.6964,1926.0524,1926052.3999
1,1955.7895,1926.1455,1926145.4999
1,1955.8010,1926.1570,1926156.9999
1,1955.9557,1926.3117,1926311.6999
1,1956.0496,1926.4056,1926405.5999
1,1956.0718,1926.4278,1926427.7999
1,1956.2334,1926.5894,1926589.3999
1,1956.6535,1927.0095,1927009.4999
1,1957.0119,1927.3679,1927367.8999
1,1957.3083,1927.6643,1927664.2999
1,1958.0180,1928.3740,1928373.9999
1,1958.0456,1928.4016,1928401.5999
1,1958.4964,1928.8524,1928852.3999
1,1959.1432,1929.4992,1929499.1999
1,1959.1512,1929.5072,1929507.1999
1,1959.2847,1929.6407,1929640.6999
1,1959.3237,1929.6797,1929679.6999
1,1959.9354,1930.2914,1930291.3999
1,1959.9528,1930.3088,1930308.7999
1,1960.0031,1930.3591,1930359.0999
1,1960.3032,1930.6592,1930659.1999
1,1960.9999,1931.3559,1931355.8999
1,1961.1861,1931.5421,1931542.0999
1,1961.2924,1931.6484,1931648.3999
1,1961.3986,1931.7546,1931754.5999
1,1961.6056,1931.9616,1931961.5999
1,1961.7681,1932.1241,1932124.0999
1,1962.9133,1933.2693,1933269.2999
1,1962.9638,1933.3198,1933319.7999
1,1963.0391,1933.3951,1933395.0999
1,1963.0425,1933.3985,1933398.4999
1,1963.0845,1933.4405,1933440.4999
1,1963.1009,1933.4569,1933456.8999
1,1963.1229,1933.4789,1933478.8999
1,1963.1263,1933.4823,1933482.2999
1,1963.2142,1933.5702,1933570.1999
1,1963.2334,1933.5894,1933589.3999
1,1963.2817,1933.6377,1933637.6999
1,1963.3046,1933.6606,1933660.5999
1,1963.3122,1933.6682,1933668.1999
1,1963.3867,1933.7427,1933742.6999
1,1963.3895,1933.7455,1933745.4999
1,1963.3952,1933.7512,1933751.1999
1,1963.4075,1933.7635,1933763.4999
1,1963.4206,1933.7766,1933776.5999
1,1963.4277,1933.7837,1933783.6999
1,1963.4867,1933.8427,1933842.6999
1,1963.6315,1933.9875,1933987.4999
1,1963.6354,1933.9914,1933991.3999
1,1963.6411,1933.9971,1933997.0999
1,1963.6821,1934.0381,1934038.0999
1,1963.7084,1934.0644,1934064.3999
1,1963.8953,1934.2513,1934251.2999
1,1963.9213,1934.2773,1934277.2999
1,1963.9404,1934.2964,1934296.3999
1,1963.9825,1934.3385,1934338.4999
1,1964.5105,1934.8665,1934866.4999
1,1964.5199,1934.8759,1934875.8999
1,1964.6114,1934.9674,1934967.3999
1,1964.6282,1934.9842,1934984.1999
1,1964.6809,1935.0369,1935036.8999
1,1965.2970,1935.6530,1935652.9999
1,1965.4512,1935.8072,1935807.1999
1,1965.4800,1935.8360,1935835.9999
1,1966.0074,1936.3634,1936363.3999
1,1966.1580,1936.5140,1936513.9999
1,1966.3426,1936.6986,1936698.5999
1,1966.3503,1936.7063,1936706.2999
1,1966.3752,1936.7312,1936731.1999
1,1966.4191,1936.7751,1936775.0999
1,1966.7923,1937.1483,1937148.2999
1,1966.7962,1937.1522,1937152.1999
1,1966.9581,1937.3141,1937314.0999
1,1966.9961,1937.3521,1937352.0999
1,1967.0771,1937.4331,1937433.0999
1,1967.0798,1937.4358,1937435.7999
1,1967.1077,1937.4637,1937463.6999
1,1967.1530,1937.5090,1937508.9999
1,1967.4642,1937.8202,1937820.1999
1,1968.3408,1938.6968,1938696.7999
1,1968.9497,1939.3057,1939305.6999
1,1969.1862,1939.5422,1939542.1999
1,1969.2519,1939.6079,1939607.8999
1,1969.2631,1939.6191,1939619.0999
1,1969.2751,1939.6311,1939631.0999
1,1969.3054,1939.6614,1939661.3999
1,1969.3209,1939.6769,1939676.8999
1,1969.3537,1939.7097,1939709.6999
1,1969.5783,1939.9343,1939934.2999
1,1969.6493,1940.0053,1940005.2999
1,1969.7481,1940.1041,1940104.0999
1,1969.7786,1940.1346,1940134.5999
1,1969.7999,1940.1559,1940155.8999
1,1969.9827,1940.3387,1940338.6999
1,1970.0561,1940.4121,1940412.0999
1,1970.1098,1940.4658,1940465.7999
1,1970.5780,1940.9340,1940933.9999
1,1970.8797,1941.2357,1941235.6999
1,1970.9054,1941.2614,1941261.3999
1,1971.0041,1941.3601,1941360.0999
1,1971.0264,1941.3824,1941382.3999
1,1971.0417,1941.3977,1941397.6999
1,1971.0481,1941.4041,1941404.0999
1,1971.4199,1941.7759,1941775.8999
1,1971.6725,1942.0285,1942028.4999
1,1971.7010,1942.0570,1942056.9999
1,1971.7174,1942.0734,1942073.3999
1,1971.7530,1942.1090,1942108.9999
1,1971.7852,1942.1412,1942141.1999
1,1971.8659,1942.2219,1942221.8999
1,1971.9330,1942.2890,1942288.9999
1,1972.1714,1942.5274,1942527.3999
1,1972.2180,1942.5740,1942573.9999
1,1972.2281,1942.5841,1942584.0999
1,1972.4073,1942.7633,1942763.2999
1,1972.5341,1942.8901,1942890.0999
1,1972.5364,1942.8924,1942892.3999
1,1972.7565,1943.1125,1943112.4999
1,1973.4745,1943.8305,1943830.4999
1,1973.9325,1944.2885,1944288.4999
1,1975.0333,1945.3893,1945389.2999
1,1975.1381,1945.4941,1945494.0999
1,1975.2358,1945.5918,1945591.7999
1,1976.0968,1946.4528,1946452.7999
1,1976.3382,1946.6942,1946694.1999
1,1976.9999,1947.3559,1947355.8999
1,1977.2551,1947.6111,1947611.0999
1,1977.2671,1947.6231,1947623.0999
1,1978.2286,1948.5846,1948584.5999
1,1978.2824,1948.6384,1948638.3999
1,1978.4238,1948.7798,1948779.7999
1,1978.4845,1948.8405,1948840.4999
1,1979.1764,1949.5324,1949532.3999
1,1979.4550,1949.8110,1949810.9999
1,1979.6505,1950.0065,1950006.4999
1,1979.7604,1950.1164,1950116.3999
1,1979.7888,1950.1448,1950144.7999
1,1979.8071,1950.1631,1950163.0999
1,1979.9165,1950.2725,1950272.4999
1,1980.1780,1950.5340,1950533.9999
1,1980.4850,1950.8410,1950840.9999
1,1980.9878,1951.3438,1951343.7999
1,1981.0820,1951.4380,1951437.9999
1,1981.1790,1951.5350,1951534.9999
1,1981.3623,1951.7183,1951718.2999
1,1982.3870,1952.7430,1952742.9999
1,1982.5961,1952.9521,1952952.0999
1,1982.6050,1952.9610,1952960.9999
1,1983.3793,1953.7353,1953735.2999
1,1983.5554,1953.9114,1953911.3999
1,1983.6619,1954.0179,1954017.8999
1,1983.8929,1954.2489,1954248.8999
1,1984.0123,1954.3683,1954368.2999
1,1984.1179,1954.4739,1954473.8999
1,1984.1236,1954.4796,1954479.5999
1,1984.8645,1955.2205,1955220.4999
1,1985.9661,1956.3221,1956322.0999
1,1986.0853,1956.4413,1956441.2999
1,1986.5880,1956.9440,1956943.9999
1,1986.6364,1956.9924,1956992.3999
1,1987.2115,1957.5675,1957567.4999
1,1988.4371,1958.7931,1958793.0999
1,1988.6373,1958.9933,1958993.2999
1,1988.7223,1959.0783,1959078.2999
1,1989.6844,1960.0404,1960040.3999
1,1990.1319,1960.4879,1960487.8999
1,1990.1608,1960.5168,1960516.7999
1,1990.1695,1960.5255,1960525.4999
1,1990.6973,1961.0533,1961053.2999
1,1991.2344,1961.5904,1961590.3999
1,1991.4195,1961.7755,1961775.4999
1,1991.4416,1961.7976,1961797.5999
1,1991.4546,1961.8106,1961810.5999
1,1991.4628,1961.8188,1961818.7999
1,1991.4796,1961.8356,1961835.5999
1,1992.6473,1963.0033,1963003.2999
1,1992.9882,1963.3442,1963344.1999
1,1993.2710,1963.6270,1963626.9999
1,1993.2948,1963.6508,1963650.7999
1,1993.3332,1963.6892,1963689.1999
1,1993.3890,1963.7450,1963744.9999
1,1993.4170,1963.7730,1963772.9999
1,1993.4337,1963.7897,1963789.6999
1,1994.5100,1964.8660,1964865.9999
1,1994.7592,1965.1152,1965115.1999
1,1995.1529,1965.5089,1965508.8999
1,1995.3258,1965.6818,1965681.7999
1,1995.4044,1965.7604,1965760.3999
1,1995.7733,1966.1293,1966129.2999
1,1995.8748,1966.2308,1966230.7999
1,1996.0047,1966.3607,1966360.6999
1,1996.1981,1966.5541,1966554.0999
1,1996.3717,1966.7277,1966727.6999
1,1996.6165,1966.9725,1966972.4999
1,1996.6889,1967.0449,1967044.8999
1,1996.9179,1967.2739,1967273.8999
1,1997.6151,1967.9711,1967971.0999
1,1998.0413,1968.3973,1968397.2999
1,1998.1403,1968.4963,1968496.2999
1,1998.4361,1968.7921,1968792.0999
1,1998.5429,1968.8989,1968898.8999
1,1998.5694,1968.9254,1968925.3999
1,1999.2758,1969.6318,1969631.7999
1,1999.4200,1969.7760,1969775.9999
1,1999.5485,1969.9045,1969904.4999
1,1999.8961,1970.2521,1970252.0999
1,2000.3015,1970.6575,1970657.4999
1,2000.4463,1970.8023,1970802.2999
1,2000.5896,1970.9456,1970945.5999
1,2000.6962,1971.0522,1971052.1999
1,2000.8475,1971.2035,1971203.4999
1,2001.2736,1971.6296,1971629.5999
1,2001.3014,1971.6574,1971657.3999
1,2001.5982,1971.9542,1971954.1999
1,2001.8227,1972.1787,1972178.6999
1,2001.8910,1972.2470,1972246.9999
1,2002.0279,1972.3839,1972383.8999
1,2002.3154,1972.6714,1972671.3999
1,2003.0544,1973.4104,1973410.3999
1,2003.3260,1973.6820,1973681.9999
1,2005.0495,1975.4055,1975405.4999
1,2005.0819,1975.4379,1975437.8999
1,2005.2422,1975.5982,1975598.1999
1,2005.8471,1976.2031,1976203.0999
1,2006.8262,1977.1822,1977182.1999
1,2007.3018,1977.6578,1977657.7999
1,2007.3355,1977.6915,1977691.4999
1,2007.3987,1977.7547,1977754.6999
1,2007.5728,1977.9288,1977928.7999
1,2007.5823,1977.9383,1977938.2999
1,2007.6611,1978.0171,1978017.0999
1,2007.8862,1978.2422,1978242.1999
1,2008.1377,1978.4937,1978493.6999
1,2008.4913,1978.8473,1978847.2999
1,2008.8726,1979.2286,1979228.5999
1,2008.9207,1979.2767,1979276.6999
1,2009.3914,1979.7474,1979747.3999
1,2009.6568,1980.0128,1980012.7999
1,2009.9023,1980.2583,1980258.2999
1,2010.0513,1980.4073,1980407.2999
1,2010.3669,1980.7229,1980722.8999
1,2010.3782,1980.7342,1980734.1999
1,2010.5261,1980.8821,1980882.0999
1,2010.7305,1981.0865,1981086.4999
1,2010.7803,1981.1363,1981136.2999
1,2010.8247,1981.1807,1981180.6999
1,2011.3573,1981.7133,1981713.2999
1,2011.6166,1981.9726,1981972.5999
1,2011.8942,1982.2502,1982250.1999
1,2011.9345,1982.2905,1982290.4999
1,2012.0595,1982.4155,1982415.4999
1,2012.1141,1982.4701,1982470.0999
1,2012.1482,1982.5042,1982504.1999
1,2012.3403,1982.6963,1982696.2999
1,2012.5450,1982.9010,1982900.9999
1,2012.5584,1982.9144,1982914.3999
1,2012.8687,1983.2247,1983224.6999
1,2013.0213,1983.3773,1983377.2999
1,2013.0914,1983.4474,1983447.3999
1,2013.5078,1983.8638,1983863.7999
1,2014.4844,1984.8404,1984840.3999
1,2014.7026,1985.0586,1985058.5999
1,2014.7284,1985.0844,1985084.3999
1,2014.7775,1985.1335,1985133.4999
1,2014.8528,1985.2088,1985208.7999
1,2014.8895,1985.2455,1985245.4999
1,2014.9449,1985.3009,1985300.8999
1,2015.6346,1985.9906,1985990.5999
1,2015.7029,1986.0589,1986058.8999
1,2016.3700,1986.7260,1986725.9999
1,2016.7831,1987.1391,1987139.0999
1,2016.9946,1987.3506,1987350.5999
1,2017.2615,1987.6175,1987617.4999
1,2017.2867,1987.6427,1987642.6999
1,2017.3145,1987.6705,1987670.4999
1,2017.4083,1987.7643,1987764.2999
1,2017.7512,1988.1072,1988107.1999
1,2017.7827,1988.1387,1988138.6999
1,2018.1592,1988.5152,1988515.1999
1,2018.3397,1988.6957,1988695.6999
1,2018.7752,1989.1312,1989131.1999
1,2019.0453,1989.4013,1989401.2999
1,2019.0488,1989.4048,1989404.7999
1,2019.4715,1989.8275,1989827.4999
1,2019.5915,1989.9475,1989947.4999
1,2019.6822,1990.0382,1990038.1999
1,2020.3044,1990.6604,1990660.3999
1,2020.3180,1990.6740,1990673.9999
1,2020.4281,1990.7841,1990784.0999
1,2020.4470,1990.8030,1990802.9999
1,2020.6322,1990.9882,1990988.1999
1,2020.6782,1991.0342,1991034.1999
1,2020.8129,1991.1689,1991168.8999
1,2020.9101,1991.2661,1991266.0999
1,2021.4045,1991.7605,1991760.4999
1,2021.5627,1991.9187,1991918.6999
1,2021.5788,1991.9348,1991934.7999
1,2021.9699,1992.3259,1992325.8999
1,2022.0960,1992.4520,1992451.9999
1,2022.1407,1992.4967,1992496.6999
1,2022.3427,1992.6987,1992698.6999
1,2022.5012,1992.8572,1992857.1999
1,2022.5970,1992.9530,1992952.9999
1,2022.7400,1993.0960,1993095.9999
1,2023.1045,1993.4605,1993460.4999
1,2023.9952,1994.3512,1994351.1999
1,2024.2657,1994.6217,1994621.6999
1,2024.3482,1994.7042,1994704.1999
1,2024.3505,1994.7065,1994706.4999
1,2024.5096,1994.8656,1994865.5999
1,2024.5466,1994.9026,1994902.5999
1,2024.7878,1995.1438,1995143.7999
1,2024.9386,1995.2946,1995294.5999
1,2025.4669,1995.8229,1995822.8999
1,2025.4793,1995.8353,1995835.2999
1,2025.7932,1996.1492,1996149.1999
1,2026.3734,1996.7294,1996729.3999
1,2026.3993,1996.7553,1996755.2999
1,2026.4662,1996.8222,1996822.1999
1,2026.6861,1997.0421,1997042.0999
1,2026.8559,1997.2119,1997211.8999
1,2026.9071,1997.2631,1997263.0999
1,2027.4902,1997.8462,1997846.1999
1,2027.6736,1998.0296,1998029.5999
1,2028.0066,1998.3626,1998362.5999
1,2028.2777,1998.6337,1998633.6999
1,2028.3082,1998.6642,1998664.1999
1,2029.4125,1999.7685,1999768.4999
1,2029.6052,1999.9612,1999961.1999
1,2029.6541,2000.0101,2000010.0999
1,2029.6994,2000.0554,2000055.3999
1,2029.7499,2000.1059,2000105.8999
1,2029.9041,2000.2601,2000260.0999
1,2030.0120,2000.3680,2000367.9999
1,2030.0621,2000.4181,2000418.0999
1,2030.4118,2000.7678,2000767.7999
1,2030.5330,2000.8890,2000888.9999
1,2031.1267,2001.4827,2001482.6999
1,2031.2332,2001.5892,2001589.1999
1,2031.6373,2001.9933,2001993.2999
1,2031.7363,2002.0923,2002092.2999
1,2032.0131,2002.3691,2002369.0999
1,2032.1731,2002.5291,2002529.0999
1,2032.5536,2002.9096,2002909.5999
1,2032.6314,2002.9874,2002987.3999
1,2032.8877,2003.2437,2003243.6999
1,2033.2414,2003.5974,2003597.3999
1,2033.2568,2003.6128,2003612.7999
1,2033.3204,2003.6764,2003676.3999
1,2033.3682,2003.7242,2003724.1999
1,2033.7761,2004.1321,2004132.0999
1,2033.9640,2004.3200,2004319.9999
1,2034.0304,2004.3864,2004386.3999
1,2034.1748,2004.5308,2004530.7999
1,2034.2521,2004.6081,2004608.0999
1,2034.2600,2004.6160,2004615.9999
1,2034.6034,2004.9594,2004959.3999
1,2034.9133,2005.2693,2005269.2999
1,2034.9359,2005.2919,2005291.8999
1,2035.2939,2005.6499,2005649.8999
1,2035.5041,2005.8601,2005860.0999
1,2035.7712,2006.1272,2006127.1999
1,2035.9600,2006.3160,2006315.9999
1,2036.1731,2006.5291,2006529.0999
1,2036.2021,2006.5581,2006558.0999
1,2036.3101,2006.6661,2006666.0999
1,2036.3307,2006.6867,2006686.6999
1,2036.5819,2006.9379,2006937.8999
1,2036.7870,2007.1430,2007142.9999
1,2036.8159,2007.1719,2007171.8999
1,2036.8457,2007.2017,2007201.6999
1,2037.1283,2007.4843,2007484.2999
1,2037.1513,2007.5073,2007507.2999
1,2037.1832,2007.5392,2007539.1999
1,2037.2496,2007.6056,2007605.5999
1,2037.5120,2007.8680,2007867.9999
1,2037.6768,2008.0328,2008032.7999
1,2037.7137,2008.0697,2008069.6999
1,2037.7369,2008.0929,2008092.8999
1,2037.7618,2008.1178,2008117.7999
1,2037.8492,2008.2052,2008205.1999
1,2037.9697,2008.3257,2008325.6999
1,2038.1269,2008.4829,2008482.8999
1,2038.2596,2008.6156,2008615.5999
1,2038.3747,2008.7307,2008730.6999
1,2038.8918,2009.2478,2009247.7999
1,2038.9612,2009.3172,2009317.1999
1,2039.1749,2009.5309,2009530.8999
1,2039.1890,2009.5450,2009544.9999
1,2039.2178,2009.5738,2009573.7999
1,2039.2342,2009.5902,2009590.1999
1,2039.3856,2009.7416,2009741.5999
1,2039.8149,2010.1709,2010170.8999
1,2039.9076,2010.2636,2010263.5999
1,2040.1459,2010.5019,2010501.8999
1,2040.1504,2010.5064,2010506.3999
1,2040.7471,2011.1031,2011103.0999
1,2040.7760,2011.1320,2011131.9999
1,2040.8613,2011.2173,2011217.2999
1,2041.1446,2011.5006,2011500.5999
1,2041.4051,2011.7611,2011761.0999
1,2041.4174,2011.7734,2011773.3999
1,2041.8909,2012.2469,2012246.8999
1,2041.9038,2012.2598,2012259.7999
1,2041.9699,2012.3259,2012325.8999
1,2042.0597,2012.4157,2012415.6999
1,2042.3625,2012.7185,2012718.4999
1,2042.8334,2013.1894,2013189.3999
1,2042.9707,2013.3267,2013326.6999
1,2043.1941,2013.5501,2013550.0999
1,2043.4651,2013.8211,2013821.0999
1,2043.4844,2013.8404,2013840.3999
1,2043.8550,2014.2110,2014210.9999
1,2044.0675,2014.4235,2014423.4999
1,2044.0843,2014.4403,2014440.2999
1,2044.1629,2014.5189,2014518.8999
1,2044.1832,2014.5392,2014539.1999
1,2044.9758,2015.3318,2015331.7999
1,2044.9921,2015.3481,2015348.0999
1,2044.9938,2015.3498,2015349.7999
1,2045.0024,2015.3584,2015358.3999
1,2045.0344,2015.3904,2015390.3999
1,2045.0751,2015.4311,2015431.0999
1,2045.2819,2015.6379,2015637.8999
1,2045.3306,2015.6866,2015686.5999
1,2045.8868,2016.2428,2016242.7999
1,2046.0962,2016.4522,2016452.1999
1,2046.3531,2016.7091,2016709.0999
1,2046.6291,2016.9851,2016985.0999
1,2046.8225,2017.1785,2017178.4999
1,2046.9468,2017.3028,2017302.7999
1,2046.9831,2017.3391,2017339.0999
1,2047.0120,2017.3680,2017367.9999
1,2047.1187,2017.4747,2017474.6999
1,2047.3214,2017.6774,2017677.3999
1,2047.4981,2017.8541,2017854.0999
1,2047.8406,2018.1966,2018196.5999
1,2047.9237,2018.2797,2018279.6999
1,2047.9571,2018.3131,2018313.0999
1,2048.0146,2018.3706,2018370.5999
1,2048.0619,2018.4179,2018417.8999
1,2048.4228,2018.7788,2018778.7999
1,2048.6705,2019.0265,2019026.4999
1,2048.6853,2019.0413,2019041.2999
1,2048.7599,2019.1159,2019115.8999
1,2048.8043,2019.1603,2019160.2999
1,2048.8705,2019.2265,2019226.4999
1,2049.2300,2019.5860,2019585.9999
1,2049.2639,2019.6199,2019619.8999
1,2049.5898,2019.9458,2019945.7999
1,2049.6518,2020.0078,2020007.7999
1,2049.8925,2020.2485,2020248.4999
1,2050.1371,2020.4931,2020493.0999
1,2050.1650,2020.5210,2020520.9999
1,2050.2732,2020.6292,2020629.1999
1,2050.3312,2020.6872,2020687.1999
1,2050.4011,2020.7571,2020757.0999
1,2050.6142,2020.9702,2020970.1999
1,2050.7806,2021.1366,2021136.5999
1,2050.8248,2021.1808,2021180.7999
1,2050.8983,2021.2543,2021254.2999
1,2051.0374,2021.3934,2021393.3999
1,2051.0599,2021.4159,2021415.8999
1,2051.8889,2022.2449,2022244.8999
1,2051.9781,2022.3341,2022334.0999
1,2051.9873,2022.3433,2022343.2999
1,2052.0053,2022.3613,2022361.2999
1,2052.2019,2022.5579,2022557.8999
1,2052.2586,2022.6146,2022614.5999
1,2052.2703,2022.6263,2022626.2999
1,2052.4226,2022.7786,2022778.5999
1,2052.4443,2022.8003,2022800.2999
1,2053.1435,2023.4995,2023499.4999
1,2053.3446,2023.7006,2023700.5999
1,2053.4558,2023.8118,2023811.7999
1,2053.7347,2024.0907,2024090.6999
1,2053.7950,2024.1510,2024150.9999
1,2054.1254,2024.4814,2024481.3999
1,2054.2092,2024.5652,2024565.1999
1,2054.3027,2024.6587,2024658.6999
1,2054.5418,2024.8978,2024897.7999
1,2054.8011,2025.1571,2025157.0999
1,2054.9102,2025.2662,2025266.1999
1,2055.1660,2025.5220,2025521.9999
1,2055.2213,2025.5773,2025577.2999
1,2055.5675,2025.9235,2025923.4999
1,2055.8318,2026.1878,2026187.7999
1,2055.9807,2026.3367,2026336.6999
1,2056.0347,2026.3907,2026390.6999
1,2056.1375,2026.4935,2026493.4999
1,2056.3814,2026.7374,2026737.3999
1,2056.4282,2026.7842,2026784.1999
1,2056.4834,2026.8394,2026839.3999
1,2056.5459,2026.9019,2026901.8999
1,2056.9693,2027.3253,2027325.2999
1,2057.0147,2027.3707,2027370.6999
1,2057.2177,2027.5737,2027573.6999
1,2057.4699,2027.8259,2027825.8999
1,2057.6347,2027.9907,2027990.6999
1,2057.6680,2028.0240,2028023.9999
1,2057.8447,2028.2007,2028200.6999
1,2057.9949,2028.3509,2028350.8999
1,2058.0229,2028.3789,2028378.8999
1,2058.0951,2028.4511,2028451.0999
1,2058.1208,2028.4768,2028476.7999
1,2058.2620,2028.6180,2028617.9999
1,2058.3331,2028.6891,2028689.0999
1,2058.6618,2029.0178,2029017.7999
1,2059.5976,2029.9536,2029953.5999
1,2059.8196,2030.1756,2030175.5999
1,2059.8827,2030.2387,2030238.6999
1,2060.0268,2030.3828,2030382.7999
1,2060.1001,2030.4561,2030456.0999
1,2060.2481,2030.6041,2030604.0999
1,2060.4739,2030.8299,2030829.8999
1,2060.5065,2030.8625,2030862.4999
1,2060.6315,2030.9875,2030987.4999
1,2060.8352,2031.1912,2031191.1999
1,2061.0208,2031.3768,2031376.7999
1,2061.2853,2031.6413,2031641.2999
1,2061.5835,2031.9395,2031939.4999
1,2061.7356,2032.0916,2032091.5999
1,2061.8016,2032.1576,2032157.5999
1,2061.8541,2032.2101,2032210.0999
1,2061.8626,2032.2186,2032218.5999
1,2061.9033,2032.2593,2032259.2999
1,2061.9493,2032.3053,2032305.2999
1,2062.2767,2032.6327,2032632.6999
1,2062.5819,2032.9379,2032937.8999
1,2062.6088,2032.9648,2032964.7999
1,2062.7348,2033.0908,2033090.7999
1,2062.7487,2033.1047,2033104.6999
1,2062.7558,2033.1118,2033111.7999
1,2062.9635,2033.3195,2033319.4999
1,2063.0309,2033.3869,2033386.8999
1,2063.4627,2033.8187,2033818.6999
1,2063.4909,2033.8469,2033846.8999
1,2063.8516,2034.2076,2034207.5999
1,2064.1135,2034.4695,2034469.4999
1,2064.2038,2034.5598,2034559.7999
1,2064.5043,2034.8603,2034860.2999
1,2065.0459,2035.4019,2035401.8999
1,2065.1206,2035.4766,2035476.5999
1,2065.2290,2035.5850,2035584.9999
1,2065.2586,2035.6146,2035614.5999
1,2065.5087,2035.8647,2035864.6999
1,2065.7418,2036.0978,2036097.7999
1,2065.9115,2036.2675,2036267.4999
1,2066.2762,2036.6322,2036632.1999
1,2066.4319,2036.7879,2036787.8999
1,2066.4467,2036.8027,2036802.6999
1,2066.5887,2036.9447,2036944.6999
1,2066.8188,2037.1748,2037174.7999
1,2067.0765,2037.4325,2037432.4999
1,2067.1286,2037.4846,2037484.5999
1,2067.4828,2037.8388,2037838.7999
1,2067.6208,2037.9768,2037976.7999
1,2067.6261,2037.9821,2037982.0999
1,2067.7723,2038.1283,2038128.2999
1,2067.7882,2038.1442,2038144.1999
1,2067.8018,2038.1578,2038157.7999
1,2067.8745,2038.2305,2038230.4999
1,2067.8912,2038.2472,2038247.1999
1,2067.9099,2038.2659,2038265.8999
1,2067.9853,2038.3413,2038341.2999
1,2067.9980,2038.3540,2038353.9999
1,2068.0056,2038.3616,2038361.5999
1,2068.2348,2038.5908,2038590.7999
1,2068.6510,2039.0070,2039006.9999
1,2069.4950,2039.8510,2039850.9999
1,2069.7254,2040.0814,2040081.3999
1,2069.8021,2040.1581,2040158.0999
1,2069.8158,2040.1718,2040171.7999
1,2069.9231,2040.2791,2040279.0999
1,2070.2682,2040.6242,2040624.1999
1,2070.4141,2040.7701,2040770.0999
1,2070.6928,2041.0488,2041048.7999
1,2070.8162,2041.1722,2041172.1999
1,2070.9357,2041.2917,2041291.6999
1,2071.0086,2041.3646,2041364.5999
1,2071.0475,2041.4035,2041403.4999
1,2071.5838,2041.9398,2041939.7999
1,2071.5915,2041.9475,2041947.4999
1,2071.7790,2042.1350,2042134.9999
1,2071.9715,2042.3275,2042327.4999
1,2071.9872,2042.3432,2042343.1999
1,2071.9915,2042.3475,2042347.4999
1,2072.1972,2042.5532,2042553.1999
1,2072.3256,2042.6816,2042681.5999
1,2072.4150,2042.7710,2042770.9999
1,2072.4610,2042.8170,2042816.9999
1,2072.5521,2042.9081,2042908.0999
1,2072.5657,2042.9217,2042921.6999
1,2072.7964,2043.1524,2043152.3999
1,2072.8391,2043.1951,2043195.0999
1,2072.8767,2043.2327,2043232.6999
1,2072.9154,2043.2714,2043271.3999
1,2072.9386,2043.2946,2043294.5999
1,2072.9996,2043.3556,2043355.5999
1,2073.0552,2043.4112,2043411.1999
1,2073.2819,2043.6379,2043637.8999
1,2073.3639,2043.7199,2043719.8999
1,2073.5086,2043.8646,2043864.5999
1,2073.6573,2044.0133,2044013.2999
1,2073.7894,2044.1454,2044145.3999
1,2073.8105,2044.1665,2044166.4999
1,2074.1315,2044.4875,2044487.4999
1,2074.1436,2044.4996,2044499.5999
1,2074.1536,2044.5096,2044509.5999
1,2074.1753,2044.5313,2044531.2999
1,2074.1929,2044.5489,2044548.8999
1,2074.2108,2044.5668,2044566.7999
1,2074.3261,2044.6821,2044682.0999
1,2074.3702,2044.7262,2044726.1999
1,2074.5319,2044.8879,2044887.8999
1,2074.6976,2045.0536,2045053.5999
1,2075.1459,2045.5019,2045501.8999
1,2075.4159,2045.7719,2045771.8999
1,2075.4693,2045.8253,2045825.2999
1,2075.5073,2045.8633,2045863.2999
1,2075.7645,2046.1205,2046120.4999
1,2075.8464,2046.2024,2046202.3999
1,2076.4031,2046.7591,2046759.0999
1,2076.6863,2047.0423,2047042.2999
1,2076.7348,2047.0908,2047090.7999
1,2076.7774,2047.1334,2047133.3999
1,2076.8002,2047.1562,2047156.1999
1,2077.2604,2047.6164,2047616.3999
1,2077.2649,2047.6209,2047620.8999
1,2077.5088,2047.8648,2047864.7999
1,2077.9538,2048.3098,2048309.7999
1,2078.0498,2048.4058,2048405.7999
1,2078.1366,2048.4926,2048492.5999
1,2078.8568,2049.2128,2049212.7999
1,2079.2579,2049.6139,2049613.8999
1,2079.2705,2049.6265,2049626.4999
1,2079.4236,2049.7796,2049779.5999
1,2079.5251,2049.8811,2049881.0999
1,2079.6664,2050.0224,2050022.3999
1,2079.7587,2050.1147,2050114.6999
1,2080.1322,2050.4882,2050488.1999
1,2080.1337,2050.4897,2050489.6999
1,2080.4917,2050.8477,2050847.6999
1,2080.5932,2050.9492,2050949.1999
1,2080.6104,2050.9664,2050966.3999
1,2080.9049,2051.2609,2051260.8999
1,2081.3154,2051.6714,2051671.3999
1,2081.3491,2051.7051,2051705.0999
1,2081.6119,2051.9679,2051967.8999
1,2081.7440,2052.1000,2052099.9999
1,2081.7669,2052.1229,2052122.8999
1,2082.1137,2052.4697,2052469.6999
1,2082.4288,2052.7848,2052784.7999
1,2082.4361,2052.7921,2052792.0999
1,2082.4406,2052.7966,2052796.5999
1,2082.4556,2052.8116,2052811.5999
1,2082.4677,2052.8237,2052823.6999
1,2082.4734,2052.8294,2052829.3999
1,2082.4790,2052.8350,2052834.9999
1,2082.4873,2052.8433,2052843.2999
1,2082.5014,2052.8574,2052857.3999
1,2082.5163,2052.8723,2052872.2999
1,2082.5406,2052.8966,2052896.5999
1,2082.5430,2052.8990,2052898.9999
1,2082.8170,2053.1730,2053172.9999
1,2083.2244,2053.5804,2053580.3999
1,2083.2389,2053.5949,2053594.8999
1,2083.2566,2053.6126,2053612.5999
1,2083.4962,2053.8522,2053852.1999
1,2083.8098,2054.1658,2054165.7999
1,2083.8482,2054.2042,2054204.1999
1,2083.8879,2054.2439,2054243.8999
1,2083.8980,2054.2540,2054253.9999
1,2084.3958,2054.7518,2054751.7999
1,2084.9147,2055.2707,2055270.6999
1,2085.5442,2055.9002,2055900.1999
1,2085.8106,2056.1666,2056166.5999
1,2086.1465,2056.5025,2056502.4999
1,2086.2968,2056.6528,2056652.7999
1,2086.6073,2056.9633,2056963.2999
1,2086.9396,2057.2956,2057295.5999
1,2087.1294,2057.4854,2057485.3999
1,2087.5218,2057.8778,2057877.7999
1,2087.6838,2058.0398,2058039.7999
1,2087.7738,2058.1298,2058129.7999
1,2087.9994,2058.3554,2058355.3999
1,2088.0320,2058.3880,2058387.9999
1,2088.0852,2058.4412,2058441.1999
1,2088.5331,2058.8891,2058889.0999
1,2088.5548,2058.9108,2058910.7999
1,2088.9922,2059.3482,2059348.1999
1,2090.2007,2060.5567,2060556.6999
1,2090.2633,2060.6193,2060619.2999
1,2090.2796,2060.6356,2060635.5999
1,2090.7537,2061.1097,2061109.6999
1,2090.8657,2061.2217,2061221.6999
1,2090.9235,2061.2795,2061279.4999
1,2091.5518,2061.9078,2061907.7999
1,2091.8482,2062.2042,2062204.1999
1,2092.0672,2062.4232,2062423.1999
1,2092.2830,2062.6390,2062638.9999
1,2092.3294,2062.6854,2062685.3999
1,2092.4425,2062.7985,2062798.4999
1,2092.5564,2062.9124,2062912.3999
1,2092.6058,2062.9618,2062961.7999
1,2092.9634,2063.3194,2063319.3999
1,2094.1876,2064.5436,2064543.5999
1,2094.3082,2064.6642,2064664.1999
1,2094.3153,2064.6713,2064671.2999
1,2094.3633,2064.7193,2064719.2999
1,2094.3755,2064.7315,2064731.4999
1,2094.4267,2064.7827,2064782.6999
1,2094.6716,2065.0276,2065027.5999
1,2095.0107,2065.3667,2065366.6999
1,2095.1804,2065.5364,2065536.3999
1,2095.6549,2066.0109,2066010.8999
1,2095.7736,2066.1296,2066129.5999
1,2095.7938,2066.1498,2066149.7999
1,2095.8853,2066.2413,2066241.2999
1,2096.0671,2066.4231,2066423.0999
1,2096.2681,2066.6241,2066624.0999
1,2096.2827,2066.6387,2066638.6999
1,2096.2937,2066.6497,2066649.6999
1,2096.3373,2066.6933,2066693.2999
1,2096.7147,2067.0707,2067070.6999
1,2096.7773,2067.1333,2067133.2999
1,2096.7799,2067.1359,2067135.8999
1,2097.0434,2067.3994,2067399.3999
1,2097.2204,2067.5764,2067576.3999
1,2097.4606,2067.8166,2067816.5999
1,2097.4985,2067.8545,2067854.4999
1,2097.5548,2067.9108,2067910.7999
1,2097.6325,2067.9885,2067988.4999
1,2098.2159,2068.5719,2068571.8999
1,2098.2300,2068.5860,2068585.9999
1,2098.3373,2068.6933,2068693.2999
1,2098.6758,2069.0318,2069031.7999
1,2098.9982,2069.3542,2069354.1999
1,2099.1620,2069.5180,2069517.9999
1,2099.2059,2069.5619,2069561.8999
1,2099.3105,2069.6665,2069666.4999
1,2099.4553,2069.8113,2069811.2999
1,2099.4628,2069.8188,2069818.7999
1,2100.3820,2070.7380,2070737.9999
1,2100.4155,2070.7715,2070771.4999
1,2100.5071,2070.8631,2070863.0999
1,2100.5784,2070.9344,2070934.3999
1,2100.5898,2070.9458,2070945.7999
1,2100.7858,2071.1418,2071141.7999
1,2101.0094,2071.3654,2071365.3999
1,2101.6114,2071.9674,2071967.3999
1,2101.7385,2072.0945,2072094.4999
1,2101.7408,2072.0968,2072096.7999
1,2101.7671,2072.1231,2072123.0999
1,2101.7817,2072.1377,2072137.6999
1,2102.0207,2072.3767,2072376.6999
1,2102.2071,2072.5631,2072563.0999
1,2102.5628,2072.9188,2072918.7999
1,2102.8945,2073.2505,2073250.4999
1,2102.9113,2073.2673,2073267.2999
1,2103.2938,2073.6498,2073649.7999
1,2103.4766,2073.8326,2073832.5999
1,2103.8742,2074.2302,2074230.1999
1,2103.9219,2074.2779,2074277.8999
1,2103.9517,2074.3077,2074307.6999
1,2104.2032,2074.5592,2074559.1999
1,2104.2552,2074.6112,2074611.1999
1,2104.2950,2074.6510,2074650.9999
1,2104.3215,2074.6775,2074677.4999
1,2104.4311,2074.7871,2074787.0999
1,2104.7833,2075.1393,2075139.2999
1,2104.8205,2075.1765,2075176.4999
1,2104.8704,2075.2264,2075226.3999
1,2105.2386,2075.5946,2075594.5999
1,2105.2660,2075.6220,2075621.9999
1,2105.2920,2075.6480,2075647.9999
1,2105.2967,2075.6527,2075652.6999
1,2105.3693,2075.7253,2075725.2999
1,2105.4472,2075.8032,2075803.1999
1,2105.5527,2075.9087,2075908.6999
1,2105.6289,2075.9849,2075984.8999
1,2106.2525,2076.6085,2076608.4999
1,2106.3509,2076.7069,2076706.8999
1,2106.4591,2076.8151,2076815.0999
1,2106.7095,2077.0655,2077065.4999
1,2106.8403,2077.1963,2077196.2999
1,2106.9073,2077.2633,2077263.2999
1,2106.9712,2077.3272,2077327.1999
1,2106.9967,2077.3527,2077352.6999
1,2107.2973,2077.6533,2077653.2999
1,2107.4361,2077.7921,2077792.0999
1,2107.5756,2077.9316,2077931.5999
1,2108.0785,2078.4345,2078434.4999
1,2108.6357,2078.9917,2078991.6999
1,2108.9093,2079.2653,2079265.2999
1,2108.9287,2079.2847,2079284.6999
1,2108.9441,2079.3001,2079300.0999
1,2109.0016,2079.3576,2079357.5999
1,2109.0676,2079.4236,2079423.5999
1,2109.0898,2079.4458,2079445.7999
1,2109.2342,2079.5902,2079590.1999
1,2109.3012,2079.6572,2079657.1999
1,2109.4419,2079.7979,2079797.8999
1,2109.6309,2079.9869,2079986.8999
1,2109.6446,2080.0006,2080000.5999
1,2109.7413,2080.0973,2080097.2999
1,2109.8468,2080.2028,2080202.7999
1,2110.0147,2080.3707,2080370.6999
1,2110.1442,2080.5002,2080500.1999
1,2110.2567,2080.6127,2080612.6999
1,2110.2890,2080.6450,2080644.9999
1,2110.8160,2081.1720,2081171.9999
1,2110.8849,2081.2409,2081240.8999
1,2110.9989,2081.3549,2081354.8999
1,2111.3461,2081.7021,2081702.0999
1,2111.4717,2081.8277,2081827.6999
1,2111.6377,2081.9937,2081993.6999
1,2111.8188,2082.1748,2082174.7999
1,2111.8544,2082.2104,2082210.3999
1,2112.0361,2082.3921,2082392.0999
1,2112.1932,2082.5492,2082549.1999
1,2112.2037,2082.5597,2082559.6999
1,2112.2383,2082.5943,2082594.2999
1,2112.3366,2082.6926,2082692.5999
1,2112.3567,2082.7127,2082712.6999
1,2112.4262,2082.7822,2082782.1999
1,2113.1171,2083.4731,2083473.0999
1,2113.1706,2083.5266,2083526.5999
1,2113.1935,2083.5495,2083549.4999
1,2113.2742,2083.6302,2083630.1999
1,2113.8177,2084.1737,2084173.6999
1,2113.8521,2084.2081,2084208.0999
1,2114.1330,2084.4890,2084488.9999
1,2114.3902,2084.7462,2084746.1999
1,2114.3927,2084.7487,2084748.6999
1,2114.7779,2085.1339,2085133.8999
1,2114.9076,2085.2636,2085263.5999
1,2115.1223,2085.4783,2085478.2999
1,2115.1571,2085.5131,2085513.0999
1,2115.2536,2085.6096,2085609.5999
1,2115.2952,2085.6512,2085651.1999
1,2115.7092,2086.0652,2086065.1999
1,2115.8957,2086.2517,2086251.6999
1,2116.0493,2086.4053,2086405.2999
1,2116.0650,2086.4210,2086420.9999
1,2116.4615,2086.8175,2086817.4999
1,2116.4904,2086.8464,2086846.3999
1,2116.9792,2087.3352,2087335.1999
1,2116.9919,2087.3479,2087347.8999
1,2117.4035,2087.7595,2087759.4999
1,2117.5087,2087.8647,2087864.6999
1,2117.7919,2088.1479,2088147.8999
1,2117.8373,2088.1933,2088193.2999
1,2117.8859,2088.2419,2088241.8999
1,2118.7163,2089.0723,2089072.2999
1,2119.1337,2089.4897,2089489.6999
1,2119.1531,2089.5091,2089509.0999
1,2119.2629,2089.6189,2089618.8999
1,2119.2744,2089.6304,2089630.3999
1,2119.4201,2089.7761,2089776.0999
1,2119.5559,2089.9119,2089911.8999
1,2119.7464,2090.1024,2090102.3999
1,2119.8616,2090.2176,2090217.5999
1,2120.0217,2090.3777,2090377.6999
1,2120.8354,2091.1914,2091191.3999
1,2120.8536,2091.2096,2091209.5999
1,2121.1420,2091.4980,2091497.9999
1,2121.1924,2091.5484,2091548.3999
1,2121.4366,2091.7926,2091792.5999
1,2121.7622,2092.1182,2092118.1999
1,2121.8305,2092.1865,2092186.4999
1,2122.2589,2092.6149,2092614.8999
1,2122.7550,2093.1110,2093110.9999
1,2123.2081,2093.5641,2093564.0999
1,2123.3074,2093.6634,2093663.3999
1,2123.3101,2093.6661,2093666.0999
1,2123.3346,2093.6906,2093690.5999
1,2123.8782,2094.2342,2094234.1999
1,2123.9964,2094.3524,2094352.3999
1,2124.8807,2095.2367,2095236.6999
1,2125.3509,2095.7069,2095706.8999
1,2125.9032,2096.2592,2096259.1999
1,2126.0259,2096.3819,2096381.8999
1,2126.1470,2096.5030,2096502.9999
1,2126.3298,2096.6858,2096685.7999
1,2126.3791,2096.7351,2096735.0999
1,2126.4656,2096.8216,2096821.5999
1,2126.6653,2097.0213,2097021.2999
1,2126.7323,2097.0883,2097088.2999
1,2126.7960,2097.1520,2097151.9999
1,2126.8289,2097.1849,2097184.8999
1,2126.9380,2097.2940,2097293.9999
1,2126.9528,2097.3088,2097308.7999
1,2127.0837,2097.4397,2097439.6999
1,2127.2807,2097.6367,2097636.6999
1,2127.6882,2098.0442,2098044.1999
1,2127.9236,2098.2796,2098279.5999
1,2128.1891,2098.5451,2098545.0999
1,2128.9680,2099.3240,2099323.9999
1,2129.0331,2099.3891,2099389.0999
1,2129.0385,2099.3945,2099394.4999
1,2129.2068,2099.5628,2099562.7999
1,2129.8592,2100.2152,2100215.1999
1,2130.0163,2100.3723,2100372.2999
1,2130.0631,2100.4191,2100419.0999
1,2130.4868,2100.8428,2100842.7999
1,2130.4937,2100.8497,2100849.6999
1,2130.7487,2101.1047,2101104.6999
1,2131.0203,2101.3763,2101376.2999
1,2131.2392,2101.5952,2101595.1999
1,2131.6977,2102.0537,2102053.6999
1,2132.5631,2102.9191,2102919.0999
1,2132.5742,2102.9302,2102930.1999
1,2132.8410,2103.1970,2103196.9999
1,2132.8643,2103.2203,2103220.2999
1,2133.0582,2103.4142,2103414.1999
1,2133.2888,2103.6448,2103644.7999
1,2133.3792,2103.7352,2103735.1999
1,2133.4343,2103.7903,2103790.2999
1,2133.4380,2103.7940,2103793.9999
1,2133.4481,2103.8041,2103804.0999
1,2133.5234,2103.8794,2103879.3999
1,2133.7719,2104.1279,2104127.8999
1,2133.8164,2104.1724,2104172.3999
1,2134.0983,2104.4543,2104454.2999
1,2134.1398,2104.4958,2104495.7999
1,2134.2029,2104.5589,2104558.8999
1,2134.4611,2104.8171,2104817.0999
1,2134.4757,2104.8317,2104831.6999
1,2135.3307,2105.6867,2105686.6999
1,2135.4613,2105.8173,2105817.2999
1,2135.6283,2105.9843,2105984.2999
1,2135.6446,2106.0006,2106000.5999
1,2135.6550,2106.0110,2106010.9999
1,2135.8697,2106.2257,2106225.6999
1,2135.9310,2106.2870,2106286.9999
1,2135.9363,2106.2923,2106292.2999
1,2135.9678,2106.3238,2106323.7999
1,2135.9783,2106.3343,2106334.2999
1,2136.1095,2106.4655,2106465.4999
1,2136.1419,2106.4979,2106497.8999
1,2136.1538,2106.5098,2106509.7999
1,2136.2215,2106.5775,2106577.4999
1,2136.3210,2106.6770,2106676.9999
1,2136.6446,2107.0006,2107000.5999
1,2136.7790,2107.1350,2107134.9999
1,2136.8378,2107.1938,2107193.7999
1,2136.8623,2107.2183,2107218.2999
1,2137.3067,2107.6627,2107662.6999
1,2137.3386,2107.6946,2107694.5999
1,2137.6367,2107.9927,2107992.6999
1,2137.6633,2108.0193,2108019.2999
1,2137.6970,2108.0530,2108052.9999
1,2137.7016,2108.0576,2108057.5999
1,2137.7121,2108.0681,2108068.0999
1,2137.7227,2108.0787,2108078.6999
1,2137.7268,2108.0828,2108082.7999
1,2137.7370,2108.0930,2108092.9999
1,2137.8614,2108.2174,2108217.3999
1,2137.9315,2108.2875,2108287.4999
1,2137.9363,2108.2923,2108292.2999
1,2137.9805,2108.3365,2108336.4999
1,2138.0223,2108.3783,2108378.2999
1,2138.1298,2108.4858,2108485.7999
1,2138.1425,2108.4985,2108498.4999
1,2138.2823,2108.6383,2108638.2999
1,2138.3922,2108.7482,2108748.1999
1,2138.7195,2109.0755,2109075.4999
1,2139.1155,2109.4715,2109471.4999
1,2139.2015,2109.5575,2109557.4999
1,2139.2393,2109.5953,2109595.2999
1,2139.3740,2109.7300,2109729.9999
1,2139.3967,2109.7527,2109752.6999
1,2139.4171,2109.7731,2109773.0999
1,2139.5167,2109.8727,2109872.6999
1,2139.5269,2109.8829,2109882.8999
1,2139.5303,2109.8863,2109886.2999
1,2139.5404,2109.8964,2109896.3999
1,2139.5636,2109.9196,2109919.5999
1,2139.6412,2109.9972,2109997.1999
1,2139.6619,2110.0179,2110017.8999
1,2139.6728,2110.0288,2110028.7999
1,2139.6987,2110.0547,2110054.6999
1,2139.7437,2110.0997,2110099.6999
1,2139.7747,2110.1307,2110130.6999
1,2139.8172,2110.1732,2110173.1999
1,2140.2693,2110.6253,2110625.2999
1,2140.3332,2110.6892,2110689.1999
1,2140.3443,2110.7003,2110700.2999
1,2140.7094,2111.0654,2111065.3999
1,2140.7205,2111.0765,2111076.4999
1,2141.1899,2111.5459,2111545.8999
1,2142.3535,2112.7095,2112709.4999
1,2142.4681,2112.8241,2112824.0999
1,2142.4827,2112.8387,2112838.6999
1,2142.8754,2113.2314,2113231.3999
1,2142.9931,2113.3491,2113349.0999
1,2143.0565,2113.4125,2113412.4999
1,2143.2039,2113.5599,2113559.8999
1,2143.4931,2113.8491,2113849.0999
1,2143.6750,2114.0310,2114030.9999
1,2143.9525,2114.3085,2114308.4999
1,2144.4258,2114.7818,2114781.7999
1,2144.4913,2114.8473,2114847.2999
1,2144.6528,2115.0088,2115008.7999
1,2144.7879,2115.1439,2115143.8999
1,2144.8513,2115.2073,2115207.2999
1,2144.9812,2115.3372,2115337.1999
1,2144.9959,2115.3519,2115351.8999
1,2144.9999,2115.3559,2115355.8999
1,2145.0141,2115.3701,2115370.0999
1,2145.0725,2115.4285,2115428.4999
1,2145.4168,2115.7728,2115772.7999
1,2145.6043,2115.9603,2115960.2999
1,2145.6568,2116.0128,2116012.7999
1,2145.7446,2116.1006,2116100.5999
1,2145.7716,2116.1276,2116127.5999
1,2145.9888,2116.3448,2116344.7999
1,2146.0519,2116.4079,2116407.8999
1,2146.1143,2116.4703,2116470.2999
1,2146.1360,2116.4920,2116491.9999
1,2146.3003,2116.6563,2116656.2999
1,2146.3368,2116.6928,2116692.7999
1,2146.3570,2116.7130,2116712.9999
1,2146.4565,2116.8125,2116812.4999
1,2146.4922,2116.8482,2116848.1999
1,2146.5201,2116.8761,2116876.0999
1,2146.5441,2116.9001,2116900.0999
1,2146.8030,2117.1590,2117158.9999
1,2146.9702,2117.3262,2117326.1999
1,2147.0420,2117.3980,2117397.9999
1,2147.2024,2117.5584,2117558.3999
1,2147.2685,2117.6245,2117624.4999
1,2147.4930,2117.8490,2117848.9999
1,2147.6982,2118.0542,2118054.1999
1,2147.8902,2118.2462,2118246.1999
1,2147.9739,2118.3299,2118329.8999
1,2148.6473,2119.0033,2119003.2999
1,2149.0561,2119.4121,2119412.0999
1,2149.2564,2119.6124,2119612.3999
1,2149.4594,2119.8154,2119815.3999
1,2149.7471,2120.1031,2120103.0999
1,2150.0347,2120.3907,2120390.6999
1,2150.2713,2120.6273,2120627.2999
1,2150.3228,2120.6788,2120678.7999
1,2150.3624,2120.7184,2120718.3999
1,2150.5978,2120.9538,2120953.7999
1,2150.7177,2121.0737,2121073.6999
1,2150.7379,2121.0939,2121093.8999
1,2150.7596,2121.1156,2121115.5999
1,2150.9829,2121.3389,2121338.8999
1,2150.9966,2121.3526,2121352.5999
1,2150.9996,2121.3556,2121355.5999
1,2151.0093,2121.3653,2121365.2999
1,2151.0186,2121.3746,2121374.5999
1,2151.0684,2121.4244,2121424.3999
1,2151.2517,2121.6077,2121607.6999
1,2151.2844,2121.6404,2121640.3999
1,2151.7898,2122.1458,2122145.7999
1,2152.4056,2122.7616,2122761.5999
1,2152.4511,2122.8071,2122807.0999
1,2152.5623,2122.9183,2122918.2999
1,2152.7733,2123.1293,2123129.2999
1,2152.7889,2123.1449,2123144.8999
1,2152.8483,2123.2043,2123204.2999
1,2153.1129,2123.4689,2123468.8999
1,2153.3517,2123.7077,2123707.6999
1,2153.8533,2124.2093,2124209.2999
1,2154.2508,2124.6068,2124606.7999
1,2154.2831,2124.6391,2124639.0999
1,2154.5301,2124.8861,2124886.0999
1,2154.5451,2124.9011,2124901.0999
1,2154.6452,2125.0012,2125001.1999
1,2154.7111,2125.0671,2125067.0999
1,2154.7527,2125.1087,2125108.6999
1,2154.8098,2125.1658,2125165.7999
1,2154.8639,2125.2199,2125219.8999
1,2155.0806,2125.4366,2125436.5999
1,2155.0973,2125.4533,2125453.2999
1,2155.3082,2125.6642,2125664.1999
1,2155.3243,2125.6803,2125680.2999
1,2155.3589,2125.7149,2125714.8999
1,2155.6389,2125.9949,2125994.8999
1,2155.6769,2126.0329,2126032.8999
1,2155.6788,2126.0348,2126034.7999
1,2155.6960,2126.0520,2126051.9999
1,2155.7058,2126.0618,2126061.7999
1,2155.7179,2126.0739,2126073.8999
1,2155.8320,2126.1880,2126187.9999
1,2155.8543,2126.2103,2126210.2999
1,2155.8702,2126.2262,2126226.1999
1,2155.9917,2126.3477,2126347.6999
1,2156.0104,2126.3664,2126366.3999
1,2156.1574,2126.5134,2126513.3999
1,2156.1799,2126.5359,2126535.8999
1,2156.1855,2126.5415,2126541.4999
1,2156.2800,2126.6360,2126635.9999
1,2156.2937,2126.6497,2126649.6999
1,2156.3358,2126.6918,2126691.7999
1,2156.4297,2126.7857,2126785.6999
1,2156.8916,2127.2476,2127247.5999
1,2157.0360,2127.3920,2127391.9999
1,2157.0725,2127.4285,2127428.4999
1,2157.1150,2127.4710,2127470.9999
1,2157.1657,2127.5217,2127521.6999
1,2157.1885,2127.5445,2127544.4999
1,2157.2252,2127.5812,2127581.1999
1,2157.5608,2127.9168,2127916.7999
1,2157.9013,2128.2573,2128257.2999
1,2158.4329,2128.7889,2128788.8999
1,2158.8820,2129.2380,2129237.9999
1,2158.9188,2129.2748,2129274.7999
1,2159.1386,2129.4946,2129494.5999
1,2159.3404,2129.6964,2129696.3999
1,2159.5400,2129.8960,2129895.9999
1,2159.5718,2129.9278,2129927.7999
1,2160.3104,2130.6664,2130666.3999
1,2160.5046,2130.8606,2130860.5999
1,2160.9315,2131.2875,2131287.4999
1,2160.9931,2131.3491,2131349.0999
1,2161.1235,2131.4795,2131479.4999
1,2161.2312,2131.5872,2131587.1999
1,2161.3044,2131.6604,2131660.3999
1,2161.4341,2131.7901,2131790.0999
1,2161.5068,2131.8628,2131862.7999
1,2161.6101,2131.9661,2131966.0999
1,2161.6515,2132.0075,2132007.4999
1,2161.6569,2132.0129,2132012.8999
1,2161.7888,2132.1448,2132144.7999
1,2161.8310,2132.1870,2132186.9999
1,2162.0954,2132.4514,2132451.3999
1,2162.2845,2132.6405,2132640.4999
1,2162.5778,2132.9338,2132933.7999
1,2162.8248,2133.1808,2133180.7999
1,2162.8904,2133.2464,2133246.3999
1,2162.9895,2133.3455,2133345.4999
1,2163.2635,2133.6195,2133619.4999
1,2163.4421,2133.7981,2133798.0999
1,2163.4627,2133.8187,2133818.6999
1,2164.0248,2134.3808,2134380.7999
1,2164.2025,2134.5585,2134558.4999
1,2164.3114,2134.6674,2134667.3999
1,2164.3426,2134.6986,2134698.5999
1,2164.4866,2134.8426,2134842.5999
1,2164.5518,2134.9078,2134907.7999
1,2164.7598,2135.1158,2135115.7999
1,2164.8693,2135.2253,2135225.2999
1,2164.9093,2135.2653,2135265.2999
1,2165.1853,2135.5413,2135541.2999
1,2165.2000,2135.5560,2135555.9999
1,2165.3593,2135.7153,2135715.2999
1,2165.6214,2135.9774,2135977.3999
1,2165.8630,2136.2190,2136218.9999
1,2165.9252,2136.2812,2136281.1999
1,2166.1339,2136.4899,2136489.8999
1,2166.6776,2137.0336,2137033.5999
1,2166.8857,2137.2417,2137241.6999
1,2167.1521,2137.5081,2137508.0999
1,2167.9718,2138.3278,2138327.7999
1,2168.1409,2138.4969,2138496.8999
1,2168.2437,2138.5997,2138599.6999
1,2168.2572,2138.6132,2138613.1999
1,2168.2751,2138.6311,2138631.0999
1,2168.3784,2138.7344,2138734.3999
1,2168.4439,2138.7999,2138799.8999
1,2168.4759,2138.8319,2138831.8999
1,2168.4778,2138.8338,2138833.7999
1,2168.4880,2138.8440,2138843.9999
1,2168.6267,2138.9827,2138982.6999
1,2168.9945,2139.3505,2139350.4999
1,2169.3012,2139.6572,2139657.1999
1,2169.3106,2139.6666,2139666.5999
1,2169.8418,2140.1978,2140197.7999
1,2170.0972,2140.4532,2140453.1999
1,2170.2118,2140.5678,2140567.7999
1,2170.8133,2141.1693,2141169.2999
1,2170.9796,2141.3356,2141335.5999
1,2171.3203,2141.6763,2141676.2999
1,2171.3433,2141.6993,2141699.2999
1,2172.0331,2142.3891,2142389.0999
1,2172.1303,2142.4863,2142486.2999
1,2172.3206,2142.6766,2142676.5999
1,2172.3793,2142.7353,2142735.2999
1,2172.4827,2142.8387,2142838.6999
1,2172.5198,2142.8758,2142875.7999
1,2172.8354,2143.1914,2143191.3999
1,2172.8651,2143.2211,2143221.0999
1,2172.8921,2143.2481,2143248.0999
1,2172.9069,2143.2629,2143262.8999
1,2172.9098,2143.2658,2143265.7999
1,2172.9314,2143.2874,2143287.3999
1,2172.9383,2143.2943,2143294.2999
1,2172.9564,2143.3124,2143312.3999
1,2173.2857,2143.6417,2143641.6999
1,2173.3223,2143.6783,2143678.2999
1,2173.8897,2144.2457,2144245.6999
1,2174.0575,2144.4135,2144413.4999
1,2174.2700,2144.6260,2144625.9999
1,2174.7276,2145.0836,2145083.5999
1,2175.2363,2145.5923,2145592.2999
1,2175.6694,2146.0254,2146025.3999
1,2176.0801,2146.4361,2146436.0999
1,2176.5041,2146.8601,2146860.0999
1,2176.5662,2146.9222,2146922.1999
1,2176.8517,2147.2077,2147207.6999
1,2177.0103,2147.3663,2147366.2999
1,2177.4030,2147.7590,2147758.9999
1,2177.4865,2147.8425,2147842.4999
1,2177.7680,2148.1240,2148123.9999
1,2177.9991,2148.3551,2148355.0999
1,2178.4850,2148.8410,2148840.9999
1,2178.5481,2148.9041,2148904.0999
1,2178.9243,2149.2803,2149280.2999
1,2178.9281,2149.2841,2149284.0999
1,2178.9681,2149.3241,2149324.0999
1,2179.1884,2149.5444,2149544.3999
1,2179.3013,2149.6573,2149657.2999
1,2179.3452,2149.7012,2149701.1999
1,2180.2496,2150.6056,2150605.5999
1,2180.3006,2150.6566,2150656.5999
1,2180.7713,2151.1273,2151127.2999
1,2181.5155,2151.8715,2151871.4999
1,2181.5285,2151.8845,2151884.4999
1,2181.5931,2151.9491,2151949.0999
1,2181.7023,2152.0583,2152058.2999
1,2181.8503,2152.2063,2152206.2999
1,2181.8633,2152.2193,2152219.2999
1,2181.8693,2152.2253,2152225.2999
1,2181.9169,2152.2729,2152272.8999
1,2182.3803,2152.7363,2152736.2999
1,2182.4757,2152.8317,2152831.6999
1,2182.8853,2153.2413,2153241.2999
1,2183.2361,2153.5921,2153592.0999
1,2183.2428,2153.5988,2153598.7999
1,2184.8133,2155.1693,2155169.2999
1,2185.5600,2155.9160,2155915.9999
1,2185.5796,2155.9356,2155935.5999
1,2185.6237,2155.9797,2155979.6999
1,2185.6798,2156.0358,2156035.7999
1,2185.9295,2156.2855,2156285.4999
1,2186.2570,2156.6130,2156612.9999
1,2186.3993,2156.7553,2156755.2999
1,2186.4198,2156.7758,2156775.7999
1,2186.4975,2156.8535,2156853.4999
1,2186.8450,2157.2010,2157200.9999
1,2187.2496,2157.6056,2157605.5999
1,2187.3079,2157.6639,2157663.8999
1,2188.0468,2158.4028,2158402.7999
1,2188.1966,2158.5526,2158552.5999
1,2188.2580,2158.6140,2158613.9999
1,2188.2686,2158.6246,2158624.5999
1,2188.2969,2158.6529,2158652.8999
1,2188.4577,2158.8137,2158813.6999
1,2188.5925,2158.9485,2158948.4999
1,2189.0376,2159.3936,2159393.5999
1,2189.0510,2159.4070,2159406.9999
1,2189.3499,2159.7059,2159705.8999
1,2189.3945,2159.7505,2159750.4999
1,2189.8406,2160.1966,2160196.5999
1,2190.5418,2160.8978,2160897.7999
1,2190.9967,2161.3527,2161352.6999
1,2191.0821,2161.4381,2161438.0999
1,2191.2182,2161.5742,2161574.1999
1,2191.2291,2161.5851,2161585.0999
1,2191.5128,2161.8688,2161868.7999
1,2191.5562,2161.9122,2161912.1999
1,2191.5766,2161.9326,2161932.5999
1,2192.7151,2163.0711,2163071.0999
1,2192.7259,2163.0819,2163081.8999
1,2192.8462,2163.2022,2163202.1999
1,2193.0381,2163.3941,2163394.0999
1,2193.1598,2163.5158,2163515.7999
1,2193.2002,2163.5562,2163556.1999
1,2193.2871,2163.6431,2163643.0999
1,2193.6642,2164.0202,2164020.1999
1,2193.8797,2164.2357,2164235.6999
1,2193.8829,2164.2389,2164238.8999
1,2193.9498,2164.3058,2164305.7999
1,2194.0847,2164.4407,2164440.6999
1,2194.2055,2164.5615,2164561.4999
1,2194.2617,2164.6177,2164617.6999
1,2194.3603,2164.7163,2164716.2999
1,2194.3804,2164.7364,2164736.3999
1,2194.4358,2164.7918,2164791.7999
1,2194.8857,2165.2417,2165241.6999
1,2194.9607,2165.3167,2165316.6999
1,2195.3875,2165.7435,2165743.4999
1,2195.4214,2165.7774,2165777.3999
1,2195.5716,2165.9276,2165927.5999
1,2195.6341,2165.9901,2165990.0999
1,2195.6581,2166.0141,2166014.0999
1,2196.0292,2166.3852,2166385.1999
1,2196.0634,2166.4194,2166419.3999
1,2196.2425,2166.5985,2166598.4999
1,2196.3479,2166.7039,2166703.8999
1,2196.7680,2167.1240,2167123.9999
1,2196.9393,2167.2953,2167295.2999
1,2197.3086,2167.6646,2167664.5999
1,2197.3770,2167.7330,2167732.9999
1,2197.4047,2167.7607,2167760.6999
1,2197.4638,2167.8198,2167819.7999
1,2197.4663,2167.8223,2167822.2999
1,2197.5769,2167.9329,2167932.8999
1,2198.1983,2168.5543,2168554.2999
1,2198.2160,2168.5720,2168571.9999
1,2198.2422,2168.5982,2168598.1999
1,2198.2725,2168.6285,2168628.4999
1,2198.2867,2168.6427,2168642.6999
1,2198.7440,2169.1000,2169099.9999
1,2198.7567,2169.1127,2169112.6999
1,2198.9186,2169.2746,2169274.5999
1,2198.9316,2169.2876,2169287.5999
1,2198.9844,2169.3404,2169340.3999
1,2199.0014,2169.3574,2169357.3999
1,2199.1068,2169.4628,2169462.7999
1,2199.1704,2169.5264,2169526.3999
1,2199.2629,2169.6189,2169618.8999
1,2199.4216,2169.7776,2169777.5999
1,2199.4354,2169.7914,2169791.3999
1,2199.9329,2170.2889,2170288.8999
1,2199.9824,2170.3384,2170338.3999
1,2200.0892,2170.4452,2170445.1999
1,2200.1472,2170.5032,2170503.1999
1,2200.3437,2170.6997,2170699.6999
1,2200.4106,2170.7666,2170766.5999
1,2200.7499,2171.1059,2171105.8999
1,2201.2764,2171.6324,2171632.3999
1,2201.3324,2171.6884,2171688.3999
1,2201.4291,2171.7851,2171785.0999
1,2201.4438,2171.7998,2171799.7999
1,2201.4608,2171.8168,2171816.7999
1,2201.6904,2172.0464,2172046.3999
1,2201.7328,2172.0888,2172088.7999
1,2201.7821,2172.1381,2172138.0999
1,2201.7970,2172.1530,2172152.9999
1,2202.1599,2172.5159,2172515.8999
1,2202.3256,2172.6816,2172681.5999
1,2202.8834,2173.2394,2173239.3999
1,2202.9021,2173.2581,2173258.0999
1,2203.0594,2173.4154,2173415.3999
1,2203.2778,2173.6338,2173633.7999
1,2204.2591,2174.6151,2174615.0999
1,2204.4029,2174.7589,2174758.8999
1,2204.5513,2174.9073,2174907.2999
1,2204.5531,2174.9091,2174909.0999
1,2204.7027,2175.0587,2175058.6999
1,2204.7717,2175.1277,2175127.6999
1,2204.8248,2175.1808,2175180.7999
1,2204.8722,2175.2282,2175228.1999
1,2204.9834,2175.3394,2175339.3999
1,2205.0167,2175.3727,2175372.6999
1,2205.2317,2175.5877,2175587.6999
1,2205.3431,2175.6991,2175699.0999
1,2205.3681,2175.7241,2175724.0999
1,2205.4391,2175.7951,2175795.0999
1,2205.5463,2175.9023,2175902.2999
1,2205.6976,2176.0536,2176053.5999
1,2205.7281,2176.0841,2176084.0999
1,2205.8227,2176.1787,2176178.6999
1,2205.9761,2176.3321,2176332.0999
1,2206.2089,2176.5649,2176564.8999
1,2206.7736,2177.1296,2177129.5999
1,2206.8126,2177.1686,2177168.5999
1,2206.9154,2177.2714,2177271.3999
1,2207.0481,2177.4041,2177404.0999
1,2207.3002,2177.6562,2177656.1999
1,2207.3655,2177.7215,2177721.4999
1,2207.4290,2177.7850,2177784.9999
1,2207.4716,2177.8276,2177827.5999
1,2207.4922,2177.8482,2177848.1999
1,2207.5531,2177.9091,2177909.0999
1,2207.7285,2178.0845,2178084.4999
1,2208.2356,2178.5916,2178591.5999
1,2208.3594,2178.7154,2178715.3999
1,2208.3787,2178.7347,2178734.6999
1,2208.4344,2178.7904,2178790.3999
1,2208.4467,2178.8027,2178802.6999
1,2208.4517,2178.8077,2178807.6999
1,2208.4760,2178.8320,2178831.9999
1,2208.7171,2179.0731,2179073.0999
1,2208.8324,2179.1884,2179188.3999
1,2208.9319,2179.2879,2179287.8999
1,2209.2779,2179.6339,2179633.8999
1,2209.5243,2179.8803,2179880.2999
1,2209.8098,2180.1658,2180165.7999
1,2209.8731,2180.2291,2180229.0999
1,2209.8813,2180.2373,2180237.2999
1,2209.9728,2180.3288,2180328.7999
1,2209.9970,2180.3530,2180352.9999
1,2210.0578,2180.4138,2180413.7999
1,2210.1206,2180.4766,2180476.5999
1,2210.1243,2180.4803,2180480.2999
1,2210.1520,2180.5080,2180507.9999
1,2210.2318,2180.5878,2180587.7999
1,2210.2584,2180.6144,2180614.3999
1,2210.2602,2180.6162,2180616.1999
1,2210.3114,2180.6674,2180667.3999
1,2210.5573,2180.9133,2180913.2999
1,2210.5600,2180.9160,2180915.9999
1,2210.8785,2181.2345,2181234.4999
1,2211.3603,2181.7163,2181716.2999
1,2211.3802,2181.7362,2181736.1999
1,2211.5471,2181.9031,2181903.0999
1,2211.7025,2182.0585,2182058.4999
1,2211.7410,2182.0970,2182096.9999
1,2211.7527,2182.1087,2182108.6999
1,2211.7829,2182.1389,2182138.8999
1,2212.1180,2182.4740,2182473.9999
1,2212.1602,2182.5162,2182516.1999
1,2212.3760,2182.7320,2182731.9999
1,2212.5262,2182.8822,2182882.1999
1,2213.3775,2183.7335,2183733.4999
1,2213.4018,2183.7578,2183757.7999
1,2213.4770,2183.8330,2183832.9999
1,2213.5832,2183.9392,2183939.1999
1,2213.6131,2183.9691,2183969.0999
1,2213.8827,2184.2387,2184238.6999
1,2214.0076,2184.3636,2184363.5999
1,2214.0115,2184.3675,2184367.4999
1,2214.1231,2184.4791,2184479.0999
1,2214.2745,2184.6305,2184630.4999
1,2214.4718,2184.8278,2184827.7999
1,2214.4856,2184.8416,2184841.5999
1,2214.6005,2184.9565,2184956.4999
1,2215.4438,2185.7998,2185799.7999
1,2215.7598,2186.1158,2186115.7999
1,2215.9773,2186.3333,2186333.2999
1,2215.9995,2186.3555,2186355.4999
1,2216.0560,2186.4120,2186411.9999
1,2216.1384,2186.4944,2186494.3999
1,2216.2105,2186.5665,2186566.4999
1,2216.3466,2186.7026,2186702.5999
1,2216.5214,2186.8774,2186877.3999
1,2216.5747,2186.9307,2186930.6999
1,2216.8064,2187.1624,2187162.3999
1,2216.8413,2187.1973,2187197.2999
1,2217.1661,2187.5221,2187522.0999
1,2217.2352,2187.5912,2187591.1999
1,2217.2464,2187.6024,2187602.3999
1,2217.4080,2187.7640,2187763.9999
1,2217.4183,2187.7743,2187774.2999
1,2217.4547,2187.8107,2187810.6999
1,2217.5770,2187.9330,2187932.9999
1,2217.7326,2188.0886,2188088.5999
1,2217.7637,2188.1197,2188119.6999
1,2218.2323,2188.5883,2188588.2999
1,2218.6264,2188.9824,2188982.3999
1,2218.6433,2188.9993,2188999.2999
1,2218.6731,2189.0291,2189029.0999
1,2218.7261,2189.0821,2189082.0999
1,2218.9610,2189.3170,2189316.9999
1,2219.3598,2189.7158,2189715.7999
1,2219.5335,2189.8895,2189889.4999
1,2220.6907,2191.0467,2191046.6999
1,2221.1832,2191.5392,2191539.1999
1,2221.5588,2191.9148,2191914.7999
1,2221.6277,2191.9837,2191983.6999
1,2221.6448,2192.0008,2192000.7999
1,2221.6513,2192.0073,2192007.2999
1,2221.6814,2192.0374,2192037.3999
1,2221.7575,2192.1135,2192113.4999
1,2221.8388,2192.1948,2192194.7999
1,2222.0242,2192.3802,2192380.1999
1,2222.0603,2192.4163,2192416.2999
1,2222.1609,2192.5169,2192516.8999
1,2222.2921,2192.6481,2192648.0999
1,2222.5973,2192.9533,2192953.2999
1,2223.0074,2193.3634,2193363.3999
1,2223.3900,2193.7460,2193745.9999
1,2223.4332,2193.7892,2193789.1999
1,2223.4640,2193.8200,2193819.9999
1,2223.7924,2194.1484,2194148.3999
1,2224.0709,2194.4269,2194426.8999
1,2224.0878,2194.4438,2194443.7999
1,2225.8088,2196.1648,2196164.7999
1,2226.0114,2196.3674,2196367.3999
1,2226.3217,2196.6777,2196677.6999
1,2226.5480,2196.9040,2196903.9999
1,2226.6857,2197.0417,2197041.6999
1,2227.2024,2197.5584,2197558.3999
1,2227.2808,2197.6368,2197636.7999
1,2227.3766,2197.7326,2197732.5999
1,2227.3842,2197.7402,2197740.1999
1,2227.4101,2197.7661,2197766.0999
1,2227.4725,2197.8285,2197828.4999
1,2227.5961,2197.9521,2197952.0999
1,2227.9530,2198.3090,2198308.9999
1,2228.8576,2199.2136,2199213.5999
1,2229.1962,2199.5522,2199552.1999
1,2229.2258,2199.5818,2199581.7999
1,2229.2778,2199.6338,2199633.7999
1,2229.2978,2199.6538,2199653.7999
1,2229.8349,2200.1909,2200190.8999
1,2229.8513,2200.2073,2200207.2999
1,2229.8819,2200.2379,2200237.8999
1,2230.0569,2200.4129,2200412.8999
1,2230.2673,2200.6233,2200623.2999
1,2230.2871,2200.6431,2200643.0999
1,2230.3328,2200.6888,2200688.7999
1,2230.3426,2200.6986,2200698.5999
1,2230.3810,2200.7370,2200736.9999
1,2230.6647,2201.0207,2201020.6999
1,2231.0039,2201.3599,2201359.8999
1,2231.0225,2201.3785,2201378.4999
1,2231.2374,2201.5934,2201593.3999
1,2231.2473,2201.6033,2201603.2999
1,2231.2607,2201.6167,2201616.6999
1,2231.2977,2201.6537,2201653.6999
1,2231.4951,2201.8511,2201851.0999
1,2231.5164,2201.8724,2201872.3999
1,2231.7983,2202.1543,2202154.2999
1,2231.8130,2202.1690,2202168.9999
1,2232.0176,2202.3736,2202373.5999
1,2232.0989,2202.4549,2202454.8999
1,2232.2193,2202.5753,2202575.2999
1,2232.5642,2202.9202,2202920.1999
1,2232.8070,2203.1630,2203162.9999
1,2232.8664,2203.2224,2203222.3999
1,2233.1048,2203.4608,2203460.7999
1,2233.1748,2203.5308,2203530.7999
1,2233.6167,2203.9727,2203972.6999
1,2233.8576,2204.2136,2204213.5999
1,2233.9770,2204.3330,2204332.9999
1,2233.9861,2204.3421,2204342.0999
1,2234.6384,2204.9944,2204994.3999
1,2234.7185,2205.0745,2205074.4999
1,2234.8334,2205.1894,2205189.3999
1,2234.8353,2205.1913,2205191.2999
1,2235.1090,2205.4650,2205464.9999
1,2235.1975,2205.5535,2205553.4999
1,2235.2275,2205.5835,2205583.4999
1,2235.3657,2205.7217,2205721.6999
1,2235.4552,2205.8112,2205811.1999
1,2235.5036,2205.8596,2205859.5999
1,2235.5583,2205.9143,2205914.2999
1,2235.7026,2206.0586,2206058.5999
1,2235.7845,2206.1405,2206140.4999
1,2236.4440,2206.8000,2206799.9999
1,2236.7933,2207.1493,2207149.2999
1,2237.0765,2207.4325,2207432.4999
1,2237.5024,2207.8584,2207858.3999
1,2237.8937,2208.2497,2208249.6999
1,2238.0692,2208.4252,2208425.1999
1,2238.1751,2208.5311,2208531.0999
1,2238.6035,2208.9595,2208959.4999
1,2238.7166,2209.0726,2209072.5999
1,2238.7660,2209.1220,2209121.9999
1,2238.8297,2209.1857,2209185.6999
1,2238.9205,2209.2765,2209276.4999
1,2238.9671,2209.3231,2209323.0999
1,2239.0010,2209.3570,2209356.9999
1,2239.0739,2209.4299,2209429.8999
1,2239.1269,2209.4829,2209482.8999
1,2239.8494,2210.2054,2210205.3999
1,2239.9166,2210.2726,2210272.5999
1,2239.9935,2210.3495,2210349.4999
1,2240.0687,2210.4247,2210424.6999
1,2240.4313,2210.7873,2210787.2999
1,2240.7342,2211.0902,2211090.1999
1,2241.0901,2211.4461,2211446.0999
1,2241.3365,2211.6925,2211692.4999
1,2242.0011,2212.3571,2212357.0999
1,2242.6757,2213.0317,2213031.6999
1,2242.6891,2213.0451,2213045.0999
1,2242.8230,2213.1790,2213178.9999
1,2243.5495,2213.9055,2213905.4999
1,2243.5723,2213.9283,2213928.2999
1,2243.8455,2214.2015,2214201.4999
1,2243.8717,2214.2277,2214227.6999
1,2244.0659,2214.4219,2214421.8999
1,2244.3001,2214.6561,2214656.0999
1,2244.3156,2214.6716,2214671.5999
1,2244.3986,2214.7546,2214754.5999
1,2244.7671,2215.1231,2215123.0999
1,2244.9745,2215.3305,2215330.4999
1,2244.9780,2215.3340,2215333.9999
1,2244.9811,2215.3371,2215337.0999
1,2245.0947,2215.4507,2215450.6999
1,2245.2123,2215.5683,2215568.2999
1,2245.3491,2215.7051,2215705.0999
1,2245.3691,2215.7251,2215725.0999
1,2245.3885,2215.7445,2215744.4999
1,2245.4425,2215.7985,2215798.4999
1,2246.0696,2216.4256,2216425.5999
1,2246.0994,2216.4554,2216455.3999
1,2246.1109,2216.4669,2216466.8999
1,2246.3293,2216.6853,2216685.2999
1,2246.3521,2216.7081,2216708.0999
1,2246.3640,2216.7200,2216719.9999
1,2246.5383,2216.8943,2216894.2999
1,2246.6008,2216.9568,2216956.7999
1,2246.7002,2217.0562,2217056.1999
1,2247.1478,2217.5038,2217503.7999
1,2247.1561,2217.5121,2217512.0999
1,2247.1777,2217.5337,2217533.6999
1,2247.2664,2217.6224,2217622.3999
1,2247.5376,2217.8936,2217893.5999
1,2247.5463,2217.9023,2217902.2999
1,2247.7184,2218.0744,2218074.3999
1,2247.7302,2218.0862,2218086.1999
1,2247.7414,2218.0974,2218097.3999
1,2247.8020,2218.1580,2218157.9999
1,2248.2823,2218.6383,2218638.2999
1,2248.4944,2218.8504,2218850.3999
1,2248.5990,2218.9550,2218954.9999
1,2248.7645,2219.1205,2219120.4999
1,2248.7832,2219.1392,2219139.1999
1,2248.9268,2219.2828,2219282.7999
1,2248.9744,2219.3304,2219330.3999
1,2249.2503,2219.6063,2219606.2999
1,2249.4568,2219.8128,2219812.7999
1,2249.9669,2220.3229,2220322.8999
1,2249.9928,2220.3488,2220348.7999
1,2250.1077,2220.4637,2220463.6999
1,2250.3318,2220.6878,2220687.7999
1,2250.5213,2220.8773,2220877.2999
1,2250.7568,2221.1128,2221112.7999
1,2250.7831,2221.1391,2221139.0999
1,2250.8523,2221.2083,2221208.2999
1,2250.9290,2221.2850,2221284.9999
1,2250.9779,2221.3339,2221333.8999
1,2251.2625,2221.6185,2221618.4999
1,2251.4326,2221.7886,2221788.5999
1,2251.4540,2221.8100,2221809.9999
1,2251.5969,2221.9529,2221952.8999
1,2251.6470,2222.0030,2222002.9999
1,2251.6810,2222.0370,2222036.9999
1,2251.7081,2222.0641,2222064.0999
1,2251.7802,2222.1362,2222136.1999
1,2252.1478,2222.5038,2222503.7999
1,2252.4246,2222.7806,2222780.5999
1,2252.5666,2222.9226,2222922.5999
1,2252.9279,2223.2839,2223283.8999
1,2253.3515,2223.7075,2223707.4999
1,2253.4705,2223.8265,2223826.4999
1,2253.5138,2223.8698,2223869.7999
1,2253.6256,2223.9816,2223981.5999
1,2253.7247,2224.0807,2224080.6999
1,2254.0550,2224.4110,2224410.9999
1,2254.0746,2224.4306,2224430.5999
1,2254.1110,2224.4670,2224466.9999
1,2254.1481,2224.5041,2224504.0999
1,2254.2219,2224.5779,2224577.8999
1,2254.3483,2224.7043,2224704.2999
1,2254.5360,2224.8920,2224891.9999
1,2254.6307,2224.9867,2224986.6999
1,2254.6494,2225.0054,2225005.3999
1,2254.7264,2225.0824,2225082.3999
1,2254.8380,2225.1940,2225193.9999
1,2254.8480,2225.2040,2225203.9999
1,2254.8567,2225.2127,2225212.6999
1,2254.8652,2225.2212,2225221.1999
1,2254.9892,2225.3452,2225345.1999
1,2255.0215,2225.3775,2225377.4999
1,2255.0813,2225.4373,2225437.2999
1,2255.1380,2225.4940,2225493.9999
1,2255.1458,2225.5018,2225501.7999
1,2255.1973,2225.5533,2225553.2999
1,2255.2152,2225.5712,2225571.1999
1,2255.2290,2225.5850,2225584.9999
1,2255.2803,2225.6363,2225636.2999
1,2255.3151,2225.6711,2225671.0999
1,2255.3233,2225.6793,2225679.2999
1,2255.3591,2225.7151,2225715.0999
1,2256.0115,2226.3675,2226367.4999
1,2256.0261,2226.3821,2226382.0999
1,2256.1166,2226.4726,2226472.5999
1,2256.1609,2226.5169,2226516.8999
1,2256.2151,2226.5711,2226571.0999
1,2257.6682,2228.0242,2228024.1999
1,2257.8336,2228.1896,2228189.5999
1,2257.9739,2228.3299,2228329.8999
1,2258.0573,2228.4133,2228413.2999
1,2258.0910,2228.4470,2228446.9999
1,2258.3053,2228.6613,2228661.2999
1,2258.3518,2228.7078,2228707.7999
1,2258.3695,2228.7255,2228725.4999
1,2258.4502,2228.8062,2228806.1999
1,2258.7412,2229.0972,2229097.1999
1,2258.8065,2229.1625,2229162.4999
1,2258.8243,2229.1803,2229180.2999
1,2259.0220,2229.3780,2229377.9999
1,2259.0250,2229.3810,2229380.9999
1,2259.0402,2229.3962,2229396.1999
1,2259.2195,2229.5755,2229575.4999
1,2259.8629,2230.2189,2230218.8999
1,2261.0638,2231.4198,2231419.7999
1,2261.0939,2231.4499,2231449.8999
1,2261.1033,2231.4593,2231459.2999
1,2261.5350,2231.8910,2231890.9999
1,2261.5446,2231.9006,2231900.5999
1,2261.6176,2231.9736,2231973.5999
1,2261.7010,2232.0570,2232056.9999
1,2261.7540,2232.1100,2232109.9999
1,2261.8868,2232.2428,2232242.7999
1,2262.1577,2232.5137,2232513.6999
1,2262.2472,2232.6032,2232603.1999
1,2262.3992,2232.7552,2232755.1999
1,2262.7215,2233.0775,2233077.4999
1,2262.7374,2233.0934,2233093.3999
1,2262.9487,2233.3047,2233304.6999
1,2263.1830,2233.5390,2233538.9999
1,2263.4356,2233.7916,2233791.5999
1,2263.5475,2233.9035,2233903.4999
1,2263.8147,2234.1707,2234170.6999
1,2264.0248,2234.3808,2234380.7999
1,2264.0736,2234.4296,2234429.5999
1,2264.0859,2234.4419,2234441.8999
1,2264.2007,2234.5567,2234556.6999
1,2264.3340,2234.6900,2234689.9999
1,2264.5057,2234.8617,2234861.6999
1,2264.5703,2234.9263,2234926.2999
1,2265.3148,2235.6708,2235670.7999
1,2265.4566,2235.8126,2235812.5999
1,2265.4809,2235.8369,2235836.8999
1,2265.5727,2235.9287,2235928.6999
1,2265.5960,2235.9520,2235951.9999
1,2265.6425,2235.9985,2235998.4999
1,2265.6956,2236.0516,2236051.5999
1,2265.9397,2236.2957,2236295.6999
1,2266.1028,2236.4588,2236458.7999
1,2266.1763,2236.5323,2236532.2999
1,2266.2305,2236.5865,2236586.4999
1,2266.6524,2237.0084,2237008.3999
1,2266.6963,2237.0523,2237052.2999
1,2267.3126,2237.6686,2237668.5999
1,2267.8369,2238.1929,2238192.8999
1,2268.2212,2238.5772,2238577.1999
1,2268.2747,2238.6307,2238630.6999
1,2268.3578,2238.7138,2238713.7999
1,2268.4454,2238.8014,2238801.3999
1,2268.7774,2239.1334,2239133.3999
1,2268.8456,2239.2016,2239201.5999
1,2268.8535,2239.2095,2239209.4999
1,2268.9163,2239.2723,2239272.2999
1,2268.9827,2239.3387,2239338.6999
1,2268.9972,2239.3532,2239353.1999
1,2269.1170,2239.4730,2239472.9999
1,2269.1526,2239.5086,2239508.5999
1,2269.3930,2239.7490,2239748.9999
1,2269.5517,2239.9077,2239907.6999
1,2269.6118,2239.9678,2239967.7999
1,2269.6955,2240.0515,2240051.4999
1,2269.7439,2240.0999,2240099.8999
1,2269.9342,2240.2902,2240290.1999
1,2269.9375,2240.2935,2240293.4999
1,2270.0096,2240.3656,2240365.5999
1,2270.0792,2240.4352,2240435.1999
1,2270.2403,2240.5963,2240596.2999
1,2270.2847,2240.6407,2240640.6999
1,2270.8304,2241.1864,2241186.3999
1,2271.0274,2241.3834,2241383.3999
1,2271.1677,2241.5237,2241523.6999
1,2271.5710,2241.9270,2241926.9999
1,2271.5854,2241.9414,2241941.3999
1,2271.6222,2241.9782,2241978.1999
1,2271.6607,2242.0167,2242016.6999
1,2271.7352,2242.0912,2242091.1999
1,2271.8661,2242.2221,2242222.0999
1,2271.9232,2242.2792,2242279.1999
1,2271.9723,2242.3283,2242328.2999
1,2272.0603,2242.4163,2242416.2999
1,2272.5906,2242.9466,2242946.5999
1,2272.7558,2243.1118,2243111.7999
1,2272.9264,2243.2824,2243282.3999
1,2272.9973,2243.3533,2243353.2999
1,2273.1591,2243.5151,2243515.0999
1,2273.5702,2243.9262,2243926.1999
1,2273.6579,2244.0139,2244013.8999
1,2274.2887,2244.6447,2244644.6999
1,2274.2982,2244.6542,2244654.1999
1,2274.6701,2245.0261,2245026.0999
1,2275.1918,2245.5478,2245547.7999
1,2275.5695,2245.9255,2245925.4999
1,2275.8162,2246.1722,2246172.1999
1,2275.8372,2246.1932,2246193.1999
1,2275.8643,2246.2203,2246220.2999
1,2275.9375,2246.2935,2246293.4999
1,2276.2306,2246.5866,2246586.5999
1,2276.2731,2246.6291,2246629.0999
1,2276.3344,2246.6904,2246690.3999
1,2276.4527,2246.8087,2246808.6999
1,2276.5570,2246.9130,2246912.9999
1,2276.5678,2246.9238,2246923.7999
1,2276.7711,2247.1271,2247127.0999
1,2277.4594,2247.8154,2247815.3999
1,2277.5118,2247.8678,2247867.7999
1,2277.5147,2247.8707,2247870.6999
1,2277.7693,2248.1253,2248125.2999
1,2277.7804,2248.1364,2248136.3999
1,2277.7955,2248.1515,2248151.4999
1,2278.1775,2248.5335,2248533.4999
1,2278.6665,2249.0225,2249022.4999
1,2278.8875,2249.2435,2249243.4999
1,2279.1669,2249.5229,2249522.8999
1,2279.2580,2249.6140,2249613.9999
1,2279.3365,2249.6925,2249692.4999
1,2279.4479,2249.8039,2249803.8999
1,2279.6531,2250.0091,2250009.0999
1,2279.8807,2250.2367,2250236.6999
1,2279.8835,2250.2395,2250239.4999
1,2279.9606,2250.3166,2250316.5999
1,2279.9761,2250.3321,2250332.0999
1,2279.9920,2250.3480,2250347.9999
1,2280.1621,2250.5181,2250518.0999
1,2280.2438,2250.5998,2250599.7999
1,2280.3809,2250.7369,2250736.8999
1,2280.6468,2251.0028,2251002.7999
1,2280.7551,2251.1111,2251111.0999
1,2280.7818,2251.1378,2251137.7999
1,2280.7899,2251.1459,2251145.8999
1,2280.8134,2251.1694,2251169.3999
1,2281.3708,2251.7268,2251726.7999
1,2281.4136,2251.7696,2251769.5999
1,2281.4616,2251.8176,2251817.5999
1,2281.4933,2251.8493,2251849.2999
1,2281.7005,2252.0565,2252056.4999
1,2281.8332,2252.1892,2252189.1999
1,2281.8399,2252.1959,2252195.8999
1,2281.8681,2252.2241,2252224.0999
1,2281.9843,2252.3403,2252340.2999
1,2282.1520,2252.5080,2252507.9999
1,2282.2922,2252.6482,2252648.1999
1,2282.4689,2252.8249,2252824.8999
1,2282.9128,2253.2688,2253268.7999
1,2282.9468,2253.3028,2253302.7999
1,2283.0714,2253.4274,2253427.3999
1,2283.1613,2253.5173,2253517.2999
1,2283.2316,2253.5876,2253587.5999
1,2283.2453,2253.6013,2253601.2999
1,2283.3169,2253.6729,2253672.8999
1,2283.3915,2253.7475,2253747.4999
1,2283.4678,2253.8238,2253823.7999
1,2283.7337,2254.0897,2254089.6999
1,2284.1628,2254.5188,2254518.7999
1,2284.4205,2254.7765,2254776.4999
1,2284.7138,2255.0698,2255069.7999
1,2284.7679,2255.1239,2255123.8999
1,2284.8953,2255.2513,2255251.2999
1,2284.8996,2255.2556,2255255.5999
1,2285.3836,2255.7396,2255739.5999
1,2285.6159,2255.9719,2255971.8999
1,2285.6181,2255.9741,2255974.0999
1,2285.7419,2256.0979,2256097.8999
1,2285.9724,2256.3284,2256328.3999
1,2286.0723,2256.4283,2256428.2999
1,2286.2263,2256.5823,2256582.2999
1,2286.2371,2256.5931,2256593.0999
1,2286.2454,2256.6014,2256601.3999
1,2286.5136,2256.8696,2256869.5999
1,2286.7840,2257.1400,2257139.9999
1,2286.8616,2257.2176,2257217.5999
1,2287.0814,2257.4374,2257437.3999
1,2287.0953,2257.4513,2257451.2999
1,2287.5788,2257.9348,2257934.7999
1,2287.7221,2258.0781,2258078.0999
1,2287.7822,2258.1382,2258138.1999
1,2288.0178,2258.3738,2258373.7999
1,2288.5005,2258.8565,2258856.4999
1,2288.6158,2258.9718,2258971.7999
1,2288.7549,2259.1109,2259110.8999
1,2288.7754,2259.1314,2259131.3999
1,2289.0481,2259.4041,2259404.0999
1,2289.1759,2259.5319,2259531.8999
1,2289.1875,2259.5435,2259543.4999
1,2289.3324,2259.6884,2259688.3999
1,2289.3627,2259.7187,2259718.6999
1,2289.6093,2259.9653,2259965.2999
1,2290.1655,2260.5215,2260521.4999
1,2290.2618,2260.6178,2260617.7999
1,2290.3311,2260.6871,2260687.0999
1,2290.5095,2260.8655,2260865.4999
1,2290.5119,2260.8679,2260867.8999
1,2290.5465,2260.9025,2260902.4999
1,2290.5690,2260.9250,2260924.9999
1,2291.0710,2261.4270,2261426.9999
1,2291.5617,2261.9177,2261917.6999
1,2291.8446,2262.2006,2262200.5999
1,2292.0090,2262.3650,2262364.9999
1,2292.3325,2262.6885,2262688.4999
1,2292.6165,2262.9725,2262972.4999
1,2292.7114,2263.0674,2263067.3999
1,2292.8827,2263.2387,2263238.6999
1,2293.0224,2263.3784,2263378.3999
1,2293.0456,2263.4016,2263401.5999
1,2293.0564,2263.4124,2263412.3999
1,2293.0605,2263.4165,2263416.4999
1,2293.0817,2263.4377,2263437.6999
1,2293.2329,2263.5889,2263588.8999
1,2293.3711,2263.7271,2263727.0999
1,2293.4105,2263.7665,2263766.4999
1,2293.4388,2263.7948,2263794.7999
1,2293.4503,2263.8063,2263806.2999
1,2293.5564,2263.9124,2263912.3999
1,2293.5678,2263.9238,2263923.7999
1,2293.6314,2263.9874,2263987.3999
1,2294.4949,2264.8509,2264850.8999
1,2294.6604,2265.0164,2265016.3999
1,2294.9345,2265.2905,2265290.4999
1,2295.1293,2265.4853,2265485.2999
1,2295.3450,2265.7010,2265700.9999
1,2295.4502,2265.8062,2265806.1999
1,2295.6521,2266.0081,2266008.0999
1,2295.7246,2266.0806,2266080.5999
1,2295.7481,2266.1041,2266104.0999
1,2295.7994,2266.1554,2266155.3999
1,2296.0560,2266.4120,2266411.9999
1,2296.2920,2266.6480,2266647.9999
1,2296.5333,2266.8893,2266889.2999
1,2296.6258,2266.9818,2266981.7999
1,2296.7905,2267.1465,2267146.4999
1,2296.8384,2267.1944,2267194.3999
1,2297.0907,2267.4467,2267446.6999
1,2297.1207,2267.4767,2267476.6999
1,2297.5086,2267.8646,2267864.5999
1,2297.5238,2267.8798,2267879.7999
1,2297.7762,2268.1322,2268132.1999
1,2297.8327,2268.1887,2268188.6999
1,2297.9739,2268.3299,2268329.8999
1,2298.2351,2268.5911,2268591.0999
1,2298.2471,2268.6031,2268603.0999
1,2298.2713,2268.6273,2268627.2999
1,2298.7572,2269.1132,2269113.1999
1,2298.7593,2269.1153,2269115.2999
1,2299.1870,2269.5430,2269542.9999
1,2299.2755,2269.6315,2269631.4999
1,2299.2976,2269.6536,2269653.5999
1,2299.3188,2269.6748,2269674.7999
1,2299.3557,2269.7117,2269711.6999
1,2299.4973,2269.8533,2269853.2999
1,2299.5688,2269.9248,2269924.7999
1,2299.6391,2269.9951,2269995.0999
1,2299.6582,2270.0142,2270014.1999
1,2299.6783,2270.0343,2270034.2999
1,2299.7325,2270.0885,2270088.4999
1,2299.7492,2270.1052,2270105.1999
1,2299.9082,2270.2642,2270264.1999
1,2299.9207,2270.2767,2270276.6999
1,2299.9276,2270.2836,2270283.5999
1,2299.9621,2270.3181,2270318.0999
1,2300.2758,2270.6318,2270631.7999
1,2300.2941,2270.6501,2270650.0999
1,2300.3421,2270.6981,2270698.0999
1,2300.3682,2270.7242,2270724.1999
1,2300.4780,2270.8340,2270833.9999
1,2300.5585,2270.9145,2270914.4999
1,2300.6559,2271.0119,2271011.8999
1,2300.6660,2271.0220,2271021.9999
1,2300.6693,2271.0253,2271025.2999
1,2300.6788,2271.0348,2271034.7999
1,2300.7042,2271.0602,2271060.1999
1,2300.7230,2271.0790,2271078.9999
1,2300.8354,2271.1914,2271191.3999
1,2300.8622,2271.2182,2271218.1999
1,2300.8665,2271.2225,2271222.4999
1,2300.8930,2271.2490,2271248.9999
1,2301.9179,2272.2739,2272273.8999
1,2301.9898,2272.3458,2272345.7999
1,2302.0147,2272.3707,2272370.6999
1,2302.0271,2272.3831,2272383.0999
1,2302.1598,2272.5158,2272515.7999
1,2302.2487,2272.6047,2272604.6999
1,2302.4339,2272.7899,2272789.8999
1,2302.5153,2272.8713,2272871.2999
1,2302.7131,2273.0691,2273069.0999
1,2302.8518,2273.2078,2273207.7999
1,2303.2541,2273.6101,2273610.0999
1,2303.3964,2273.7524,2273752.3999
1,2303.6236,2273.9796,2273979.5999
1,2303.7717,2274.1277,2274127.6999
1,2303.7869,2274.1429,2274142.8999
1,2303.9348,2274.2908,2274290.7999
1,2303.9672,2274.3232,2274323.1999
1,2303.9828,2274.3388,2274338.7999
1,2304.3779,2274.7339,2274733.8999
1,2304.9899,2275.3459,2275345.8999
1,2305.1136,2275.4696,2275469.5999
1,2305.3424,2275.6984,2275698.3999
1,2305.3447,2275.7007,2275700.6999
1,2305.5217,2275.8777,2275877.6999
1,2305.8996,2276.2556,2276255.5999
1,2306.4589,2276.8149,2276814.8999
1,2306.5698,2276.9258,2276925.7999
1,2307.2160,2277.5720,2277571.9999
1,2307.3885,2277.7445,2277744.4999
1,2307.5608,2277.9168,2277916.7999
1,2308.2326,2278.5886,2278588.5999
1,2308.4541,2278.8101,2278810.0999
1,2308.6048,2278.9608,2278960.7999
1,2308.7108,2279.0668,2279066.7999
1,2308.9223,2279.2783,2279278.2999
1,2308.9702,2279.3262,2279326.1999
1,2309.6159,2279.9719,2279971.8999
1,2309.6517,2280.0077,2280007.6999
1,2309.6631,2280.0191,2280019.0999
1,2310.0343,2280.3903,2280390.2999
1,2310.5413,2280.8973,2280897.2999
1,2310.7895,2281.1455,2281145.4999
1,2310.9014,2281.2574,2281257.3999
1,2311.3655,2281.7215,2281721.4999
1,2311.6059,2281.9619,2281961.8999
1,2312.5495,2282.9055,2282905.4999
1,2312.7875,2283.1435,2283143.4999
1,2312.9136,2283.2696,2283269.5999
1,2313.1899,2283.5459,2283545.8999
1,2313.4499,2283.8059,2283805.8999
1,2313.4897,2283.8457,2283845.6999
1,2313.6737,2284.0297,2284029.6999
1,2313.8698,2284.2258,2284225.7999
1,2313.8904,2284.2464,2284246.3999
1,2313.9544,2284.3104,2284310.3999
1,2314.1709,2284.5269,2284526.8999
1,2314.2650,2284.6210,2284620.9999
1,2314.3226,2284.6786,2284678.5999
1,2314.3311,2284.6871,2284687.0999
1,2314.5400,2284.8960,2284895.9999
1,2314.5538,2284.9098,2284909.7999
1,2314.5621,2284.9181,2284918.0999
1,2314.6105,2284.9665,2284966.4999
1,2314.6645,2285.0205,2285020.4999
1,2314.6795,2285.0355,2285035.4999
1,2314.7323,2285.0883,2285088.2999
1,2314.7661,2285.1221,2285122.0999
1,2314.7819,2285.1379,2285137.8999
1,2314.8207,2285.1767,2285176.6999
1,2315.4687,2285.8247,2285824.6999
1,2315.4747,2285.8307,2285830.6999
1,2315.6246,2285.9806,2285980.5999
1,2316.0628,2286.4188,2286418.7999
1,2316.1781,2286.5341,2286534.0999
1,2316.3754,2286.7314,2286731.3999
1,2316.5236,2286.8796,2286879.5999
1,2316.5979,2286.9539,2286953.8999
1,2316.8878,2287.2438,2287243.7999
1,2316.9110,2287.2670,2287266.9999
1,2316.9305,2287.2865,2287286.4999
1,2316.9893,2287.3453,2287345.2999
1,2317.0587,2287.4147,2287414.6999
1,2317.1985,2287.5545,2287554.4999
1,2317.2176,2287.5736,2287573.5999
1,2317.2652,2287.6212,2287621.1999
1,2317.2700,2287.6260,2287625.9999
1,2317.4319,2287.7879,2287787.8999
1,2317.6967,2288.0527,2288052.6999
1,2317.7220,2288.0780,2288077.9999
1,2318.1112,2288.4672,2288467.1999
1,2318.1416,2288.4976,2288497.5999
1,2318.2144,2288.5704,2288570.3999
1,2318.3863,2288.7423,2288742.2999
1,2318.7354,2289.0914,2289091.3999
1,2318.8815,2289.2375,2289237.4999
1,2318.9794,2289.3354,2289335.3999
1,2319.1768,2289.5328,2289532.7999
1,2319.7127,2290.0687,2290068.6999
1,2319.7518,2290.1078,2290107.7999
1,2319.9406,2290.2966,2290296.5999
1,2320.1219,2290.4779,2290477.8999
1,2320.1933,2290.5493,2290549.2999
1,2320.3564,2290.7124,2290712.3999
1,2320.8117,2291.1677,2291167.6999
1,2320.8658,2291.2218,2291221.7999
1,2321.0875,2291.4435,2291443.4999
1,2321.3461,2291.7021,2291702.0999
1,2321.3844,2291.7404,2291740.3999
1,2321.5197,2291.8757,2291875.6999
1,2321.5215,2291.8775,2291877.4999
1,2321.6132,2291.9692,2291969.1999
1,2321.8972,2292.2532,2292253.1999
1,2322.0311,2292.3871,2292387.0999
1,2322.0449,2292.4009,2292400.8999
1,2322.1031,2292.4591,2292459.0999
1,2322.1479,2292.5039,2292503.8999
1,2322.4123,2292.7683,2292768.2999
1,2322.4415,2292.7975,2292797.4999
1,2322.5471,2292.9031,2292903.0999
1,2322.5774,2292.9334,2292933.3999
1,2322.5893,2292.9453,2292945.2999
1,2322.5924,2292.9484,2292948.3999
1,2322.6064,2292.9624,2292962.3999
1,2322.6161,2292.9721,2292972.0999
1,2322.6374,2292.9934,2292993.3999
1,2322.7557,2293.1117,2293111.6999
1,2323.2031,2293.5591,2293559.0999
1,2323.7047,2294.0607,2294060.6999
1,2323.7785,2294.1345,2294134.4999
1,2323.8888,2294.2448,2294244.7999
1,2323.9719,2294.3279,2294327.8999
1,2324.1754,2294.5314,2294531.3999
1,2324.3539,2294.7099,2294709.8999
1,2324.7725,2295.1285,2295128.4999
1,2325.0258,2295.3818,2295381.7999
1,2325.3410,2295.6970,2295696.9999
1,2325.4562,2295.8122,2295812.1999
1,2325.4851,2295.8411,2295841.0999
1,2325.5045,2295.8605,2295860.4999
1,2325.5662,2295.9222,2295922.1999
1,2325.9449,2296.3009,2296300.8999
1,2325.9697,2296.3257,2296325.6999
1,2326.2496,2296.6056,2296605.5999
1,2326.2594,2296.6154,2296615.3999
1,2326.2672,2296.6232,2296623.1999
1,2326.6477,2297.0037,2297003.6999
1,2326.7850,2297.1410,2297140.9999
1,2327.6394,2297.9954,2297995.3999
1,2327.7482,2298.1042,2298104.1999
1,2327.7823,2298.1383,2298138.2999
1,2327.8133,2298.1693,2298169.2999
1,2327.8405,2298.1965,2298196.4999
1,2327.8840,2298.2400,2298239.9999
1,2328.0203,2298.3763,2298376.2999
1,2328.2118,2298.5678,2298567.7999
1,2328.2220,2298.5780,2298577.9999
1,2328.3742,2298.7302,2298730.1999
1,2328.3790,2298.7350,2298734.9999
1,2328.3881,2298.7441,2298744.0999
1,2328.5906,2298.9466,2298946.5999
1,2328.6152,2298.9712,2298971.1999
1,2328.9338,2299.2898,2299289.7999
1,2329.3968,2299.7528,2299752.7999
1,2329.6964,2300.0524,2300052.3999
1,2329.9345,2300.2905,2300290.4999
1,2329.9513,2300.3073,2300307.2999
1,2329.9570,2300.3130,2300312.9999
1,2330.2848,2300.6408,2300640.7999
1,2331.6259,2301.9819,2301981.8999
1,2331.9051,2302.2611,2302261.0999
1,2332.0915,2302.4475,2302447.4999
1,2332.3358,2302.6918,2302691.7999
1,2333.2499,2303.6059,2303605.8999
1,2333.9807,2304.3367,2304336.6999
1,2334.1595,2304.5155,2304515.4999
1,2334.1616,2304.5176,2304517.5999
1,2334.2335,2304.5895,2304589.4999
1,2334.4072,2304.7632,2304763.1999
1,2334.9902,2305.3462,2305346.1999
1,2335.0506,2305.4066,2305406.5999
1,2335.4181,2305.7741,2305774.0999
1,2335.6635,2306.0195,2306019.4999
1,2336.0525,2306.4085,2306408.4999
1,2336.8784,2307.2344,2307234.3999
1,2337.0568,2307.4128,2307412.7999
1,2338.8266,2309.1826,2309182.5999
1,2338.9972,2309.3532,2309353.1999
1,2339.0077,2309.3637,2309363.6999
1,2339.2472,2309.6032,2309603.1999
1,2339.3669,2309.7229,2309722.8999
1,2339.6946,2310.0506,2310050.5999
1,2339.9287,2310.2847,2310284.6999
1,2340.1309,2310.4869,2310486.8999
1,2340.5390,2310.8950,2310894.9999
1,2340.8544,2311.2104,2311210.3999
1,2340.8729,2311.2289,2311228.8999
1,2340.9640,2311.3200,2311319.9999
1,2340.9876,2311.3436,2311343.5999
1,2341.1206,2311.4766,2311476.5999
1,2341.2362,2311.5922,2311592.1999
1,2341.3270,2311.6830,2311682.9999
1,2341.3491,2311.7051,2311705.0999
1,2341.3871,2311.7431,2311743.0999
1,2341.4646,2311.8206,2311820.5999
1,2341.4732,2311.8292,2311829.1999
1,2341.5028,2311.8588,2311858.7999
1,2341.9099,2312.2659,2312265.8999
1,2342.2336,2312.5896,2312589.5999
1,2342.6988,2313.0548,2313054.7999
1,2342.8512,2313.2072,2313207.1999
1,2342.8587,2313.2147,2313214.6999
1,2343.0652,2313.4212,2313421.1999
1,2343.3498,2313.7058,2313705.7999
1,2343.5803,2313.9363,2313936.2999
1,2343.8615,2314.2175,2314217.4999
1,2344.2729,2314.6289,2314628.8999
1,2344.3398,2314.6958,2314695.7999
1,2345.2453,2315.6013,2315601.2999
1,2345.5863,2315.9423,2315942.2999
1,2346.0707,2316.4267,2316426.6999
1,2346.1144,2316.4704,2316470.3999
1,2346.3159,2316.6719,2316671.8999
1,2346.7549,2317.1109,2317110.8999
1,2347.0745,2317.4305,2317430.4999
1,2347.2983,2317.6543,2317654.2999
1,2348.1607,2318.5167,2318516.6999
1,2348.1857,2318.5417,2318541.6999
1,2348.3400,2318.6960,2318695.9999
1,2348.4378,2318.7938,2318793.7999
1,2348.6932,2319.0492,2319049.1999
1,2348.8163,2319.1723,2319172.2999
1,2348.9263,2319.2823,2319282.2999
1,2349.9829,2320.3389,2320338.8999
1,2350.0879,2320.4439,2320443.8999
1,2350.1150,2320.4710,2320470.9999
1,2350.1803,2320.5363,2320536.2999
1,2350.9364,2321.2924,2321292.3999
1,2351.4238,2321.7798,2321779.7999
1,2351.5316,2321.8876,2321887.5999
1,2351.7277,2322.0837,2322083.6999
1,2352.0340,2322.3900,2322389.9999
1,2352.0891,2322.4451,2322445.0999
1,2352.4296,2322.7856,2322785.5999
1,2352.7332,2323.0892,2323089.1999
1,2352.8688,2323.2248,2323224.7999
1,2353.0823,2323.4383,2323438.2999
1,2353.1996,2323.5556,2323555.5999
1,2353.2818,2323.6378,2323637.7999
1,2353.7308,2324.0868,2324086.7999
1,2354.0968,2324.4528,2324452.7999
1,2354.2401,2324.5961,2324596.0999
1,2354.2988,2324.6548,2324654.7999
1,2354.4779,2324.8339,2324833.8999
1,2354.9543,2325.3103,2325310.2999
1,2354.9826,2325.3386,2325338.5999
1,2354.9987,2325.3547,2325354.6999
1,2355.1983,2325.5543,2325554.2999
1,2355.2215,2325.5775,2325577.4999
1,2355.2492,2325.6052,2325605.1999
1,2355.2670,2325.6230,2325622.9999
1,2355.2693,2325.6253,2325625.2999
1,2355.7457,2326.1017,2326101.6999
1,2355.7805,2326.1365,2326136.4999
1,2356.3875,2326.7435,2326743.4999
1,2356.6765,2327.0325,2327032.4999
1,2356.6930,2327.0490,2327048.9999
1,2357.5643,2327.9203,2327920.2999
1,2357.9224,2328.2784,2328278.3999
1,2358.3746,2328.7306,2328730.5999
1,2358.4646,2328.8206,2328820.5999
1,2358.5571,2328.9131,2328913.0999
1,2358.5773,2328.9333,2328933.2999
1,2358.7717,2329.1277,2329127.6999
1,2358.8076,2329.1636,2329163.5999
1,2358.8822,2329.2382,2329238.1999
1,2358.9154,2329.2714,2329271.3999
1,2359.6218,2329.9778,2329977.7999
1,2359.7475,2330.1035,2330103.4999
1,2359.7612,2330.1172,2330117.1999
1,2359.8384,2330.1944,2330194.3999
1,2359.8970,2330.2530,2330252.9999
1,2360.2813,2330.6373,2330637.2999
1,2361.4165,2331.7725,2331772.4999
1,2361.8837,2332.2397,2332239.6999
1,2361.9509,2332.3069,2332306.8999
1,2361.9561,2332.3121,2332312.0999
1,2361.9699,2332.3259,2332325.8999
1,2362.2262,2332.5822,2332582.1999
1,2362.3591,2332.7151,2332715.0999
1,2362.3883,2332.7443,2332744.2999
1,2362.4075,2332.7635,2332763.4999
1,2362.9808,2333.3368,2333336.7999
1,2363.1256,2333.4816,2333481.5999
1,2363.1717,2333.5277,2333527.6999
1,2365.0011,2335.3571,2335357.0999
1,2365.0295,2335.3855,2335385.4999
1,2365.0905,2335.4465,2335446.4999
1,2365.5203,2335.8763,2335876.2999
1,2366.4345,2336.7905,2336790.4999
1,2366.4844,2336.8404,2336840.3999
1,2366.4972,2336.8532,2336853.1999
1,2366.5462,2336.9022,2336902.1999
1,2366.5815,2336.9375,2336937.4999
1,2366.6054,2336.9614,2336961.3999
1,2366.6193,2336.9753,2336975.2999
1,2366.6398,2336.9958,2336995.7999
1,2366.7710,2337.1270,2337126.9999
1,2366.7899,2337.1459,2337145.8999
1,2367.5954,2337.9514,2337951.3999
1,2367.8247,2338.1807,2338180.6999
1,2368.0970,2338.4530,2338452.9999
1,2368.1592,2338.5152,2338515.1999
1,2368.4297,2338.7857,2338785.6999
1,2368.5221,2338.8781,2338878.0999
1,2368.5981,2338.9541,2338954.0999
1,2368.7162,2339.0722,2339072.1999
1,2368.8703,2339.2263,2339226.2999
1,2368.9455,2339.3015,2339301.4999
1,2369.1642,2339.5202,2339520.1999
1,2369.2701,2339.6261,2339626.0999
1,2369.3439,2339.6999,2339699.8999
1,2369.4177,2339.7737,2339773.6999
1,2369.4508,2339.8068,2339806.7999
1,2369.6213,2339.9773,2339977.2999
1,2369.6720,2340.0280,2340027.9999
1,2369.6758,2340.0318,2340031.7999
1,2369.8356,2340.1916,2340191.5999
1,2370.0384,2340.3944,2340394.3999
1,2370.2482,2340.6042,2340604.1999
1,2370.4750,2340.8310,2340830.9999
1,2370.4819,2340.8379,2340837.8999
1,2370.8122,2341.1682,2341168.1999
1,2370.8665,2341.2225,2341222.4999
1,2370.9041,2341.2601,2341260.0999
1,2371.1229,2341.4789,2341478.8999
1,2371.1641,2341.5201,2341520.0999
1,2371.3482,2341.7042,2341704.1999
1,2371.3509,2341.7069,2341706.8999
1,2371.3666,2341.7226,2341722.5999
1,2371.3776,2341.7336,2341733.5999
1,2371.3838,2341.7398,2341739.7999
1,2371.7438,2342.0998,2342099.7999
1,2371.8505,2342.2065,2342206.4999
1,2372.1497,2342.5057,2342505.6999
1,2372.6234,2342.9794,2342979.3999
1,2372.6605,2343.0165,2343016.4999
1,2372.7176,2343.0736,2343073.5999
1,2373.0427,2343.3987,2343398.6999
1,2373.0942,2343.4502,2343450.1999
1,2373.1863,2343.5423,2343542.2999
1,2373.3158,2343.6718,2343671.7999
1,2373.5629,2343.9189,2343918.8999
1,2373.6427,2343.9987,2343998.6999
1,2373.7134,2344.0694,2344069.3999
1,2373.8041,2344.1601,2344160.0999
1,2374.0378,2344.3938,2344393.7999
1,2374.0557,2344.4117,2344411.6999
1,2374.1628,2344.5188,2344518.7999
1,2374.3306,2344.6866,2344686.5999
1,2375.0082,2345.3642,2345364.1999
1,2375.0694,2345.4254,2345425.3999
1,2375.2232,2345.5792,2345579.1999
1,2375.2617,2345.6177,2345617.6999
1,2375.2750,2345.6310,2345630.9999
1,2375.3532,2345.7092,2345709.1999
1,2375.5987,2345.9547,2345954.6999
1,2375.6085,2345.9645,2345964.4999
1,2375.6485,2346.0045,2346004.4999
1,2375.6511,2346.0071,2346007.0999
1,2375.7171,2346.0731,2346073.0999
1,2375.7809,2346.1369,2346136.8999
1,2375.8957,2346.2517,2346251.6999
1,2375.9237,2346.2797,2346279.6999
1,2376.4354,2346.7914,2346791.3999
1,2376.4708,2346.8268,2346826.7999
1,2376.5816,2346.9376,2346937.5999
1,2376.7895,2347.1455,2347145.4999
1,2377.5425,2347.8985,2347898.4999
1,2377.6296,2347.9856,2347985.5999
1,2377.6434,2347.9994,2347999.3999
1,2377.6551,2348.0111,2348011.0999
1,2377.8545,2348.2105,2348210.4999
1,2377.8830,2348.2390,2348238.9999
1,2377.9309,2348.2869,2348286.8999
1,2378.0569,2348.4129,2348412.8999
1,2378.3641,2348.7201,2348720.0999
1,2378.5033,2348.8593,2348859.2999
1,2379.4551,2349.8111,2349811.0999
1,2379.4784,2349.8344,2349834.3999
1,2379.5131,2349.8691,2349869.0999
1,2379.5805,2349.9365,2349936.4999
1,2379.6311,2349.9871,2349987.0999
1,2379.6765,2350.0325,2350032.4999
1,2379.7508,2350.1068,2350106.7999
1,2379.8079,2350.1639,2350163.8999
1,2379.9010,2350.2570,2350256.9999
1,2379.9396,2350.2956,2350295.5999
1,2380.0437,2350.3997,2350399.6999
1,2380.1543,2350.5103,2350510.2999
1,2380.2196,2350.5756,2350575.5999
1,2380.7210,2351.0770,2351076.9999
1,2380.7320,2351.0880,2351087.9999
1,2380.8656,2351.2216,2351221.5999
1,2380.9362,2351.2922,2351292.1999
1,2381.1506,2351.5066,2351506.5999
1,2381.4059,2351.7619,2351761.8999
1,2382.4506,2352.8066,2352806.5999
1,2382.7091,2353.0651,2353065.0999
1,2382.9333,2353.2893,2353289.2999
1,2382.9675,2353.3235,2353323.4999
1,2383.0002,2353.3562,2353356.1999
1,2383.2053,2353.5613,2353561.2999
1,2383.3008,2353.6568,2353656.7999
1,2383.3680,2353.7240,2353723.9999
1,2383.3941,2353.7501,2353750.0999
1,2383.5919,2353.9479,2353947.8999
1,2383.9591,2354.3151,2354315.0999
1,2384.3078,2354.6638,2354663.7999
1,2384.4181,2354.7741,2354774.0999
1,2384.4279,2354.7839,2354783.8999
1,2384.4525,2354.8085,2354808.4999
1,2384.4629,2354.8189,2354818.8999
1,2384.5980,2354.9540,2354953.9999
1,2384.7144,2355.0704,2355070.3999
1,2384.9167,2355.2727,2355272.6999
1,2385.1108,2355.4668,2355466.7999
1,2385.1163,2355.4723,2355472.2999
1,2385.2694,2355.6254,2355625.3999
1,2385.3372,2355.6932,2355693.1999
1,2385.4050,2355.7610,2355760.9999
1,2385.6825,2356.0385,2356038.4999
1,2385.7015,2356.0575,2356057.4999
1,2385.7359,2356.0919,2356091.8999
1,2385.7992,2356.1552,2356155.1999
1,2385.8252,2356.1812,2356181.1999
1,2385.8328,2356.1888,2356188.7999
1,2385.8957,2356.2517,2356251.6999
1,2385.9566,2356.3126,2356312.5999
1,2386.1766,2356.5326,2356532.5999
1,2386.3067,2356.6627,2356662.6999
1,2386.3815,2356.7375,2356737.4999
1,2386.4170,2356.7730,2356772.9999
1,2386.4772,2356.8332,2356833.1999
1,2386.5770,2356.9330,2356932.9999
1,2386.5935,2356.9495,2356949.4999
1,2386.6264,2356.9824,2356982.3999
1,2386.6473,2357.0033,2357003.2999
1,2386.7600,2357.1160,2357115.9999
1,2386.8171,2357.1731,2357173.0999
1,2386.9454,2357.3014,2357301.3999
1,2387.0879,2357.4439,2357443.8999
1,2387.0896,2357.4456,2357445.5999
1,2387.1246,2357.4806,2357480.5999
1,2387.2918,2357.6478,2357647.7999
1,2387.3149,2357.6709,2357670.8999
1,2387.3643,2357.7203,2357720.2999
1,2387.4276,2357.7836,2357783.5999
1,2387.4306,2357.7866,2357786.5999
1,2387.4328,2357.7888,2357788.7999
1,2387.6312,2357.9872,2357987.1999
1,2387.8027,2358.1587,2358158.6999
1,2387.9312,2358.2872,2358287.1999
1,2387.9438,2358.2998,2358299.7999
1,2388.0464,2358.4024,2358402.3999
1,2388.2280,2358.5840,2358583.9999
1,2388.3336,2358.6896,2358689.5999
1,2388.7097,2359.0657,2359065.6999
1,2389.1284,2359.4844,2359484.3999
1,2389.3262,2359.6822,2359682.1999
1,2389.6259,2359.9819,2359981.8999
1,2389.8799,2360.2359,2360235.8999
1,2389.9797,2360.3357,2360335.6999
1,2389.9831,2360.3391,2360339.0999
1,2390.1187,2360.4747,2360474.6999
1,2390.4221,2360.7781,2360778.0999
1,2390.7448,2361.1008,2361100.7999
1,2390.7783,2361.1343,2361134.2999
1,2390.8321,2361.1881,2361188.0999
1,2390.9981,2361.3541,2361354.0999
1,2391.0254,2361.3814,2361381.3999
1,2391.1999,2361.5559,2361555.8999
1,2391.3606,2361.7166,2361716.5999
1,2391.6052,2361.9612,2361961.1999
1,2391.7106,2362.0666,2362066.5999
1,2391.7142,2362.0702,2362070.1999
1,2391.8002,2362.1562,2362156.1999
1,2391.8050,2362.1610,2362160.9999
1,2391.9250,2362.2810,2362280.9999
1,2392.0513,2362.4073,2362407.2999
1,2392.5278,2362.8838,2362883.7999
1,2392.8443,2363.2003,2363200.2999
1,2393.0355,2363.3915,2363391.4999
1,2393.0985,2363.4545,2363454.4999
1,2393.7520,2364.1080,2364107.9999
1,2393.8683,2364.2243,2364224.2999
1,2393.8746,2364.2306,2364230.5999
1,2394.3484,2364.7044,2364704.3999
1,2394.4671,2364.8231,2364823.0999
1,2394.5152,2364.8712,2364871.1999
1,2394.6129,2364.9689,2364968.8999
1,2395.2477,2365.6037,2365603.6999
1,2395.7204,2366.0764,2366076.3999
1,2395.7375,2366.0935,2366093.4999
1,2395.8011,2366.1571,2366157.0999
1,2395.8186,2366.1746,2366174.5999
1,2396.0600,2366.4160,2366415.9999
1,2397.2436,2367.5996,2367599.5999
1,2397.5623,2367.9183,2367918.2999
1,2397.5899,2367.9459,2367945.8999
1,2397.7982,2368.1542,2368154.1999
1,2397.8301,2368.1861,2368186.0999
1,2397.8836,2368.2396,2368239.5999
1,2397.9571,2368.3131,2368313.0999
1,2397.9674,2368.3234,2368323.3999
1,2398.0067,2368.3627,2368362.6999
1,2398.0337,2368.3897,2368389.6999
1,2398.0994,2368.4554,2368455.3999
1,2398.6065,2368.9625,2368962.4999
1,2399.7544,2370.1104,2370110.3999
1,2399.7991,2370.1551,2370155.0999
1,2399.9723,2370.3283,2370328.2999
1,2399.9873,2370.3433,2370343.2999
1,2400.6876,2371.0436,2371043.5999
1,2400.7548,2371.1108,2371110.7999
1,2400.9770,2371.3330,2371332.9999
1,2401.2390,2371.5950,2371594.9999
1,2401.4519,2371.8079,2371807.8999
1,2401.4874,2371.8434,2371843.3999
1,2401.6983,2372.0543,2372054.2999
1,2401.7159,2372.0719,2372071.8999
1,2401.7761,2372.1321,2372132.0999
1,2401.7776,2372.1336,2372133.5999
1,2401.8341,2372.1901,2372190.0999
1,2401.9595,2372.3155,2372315.4999
1,2402.0109,2372.3669,2372366.8999
1,2402.2178,2372.5738,2372573.7999
1,2402.3028,2372.6588,2372658.7999
1,2402.3553,2372.7113,2372711.2999
1,2402.4355,2372.7915,2372791.4999
1,2402.5649,2372.9209,2372920.8999
1,2402.5908,2372.9468,2372946.7999
1,2402.6424,2372.9984,2372998.3999
1,2403.0469,2373.4029,2373402.8999
1,2403.3605,2373.7165,2373716.4999
1,2403.5541,2373.9101,2373910.0999
1,2403.6203,2373.9763,2373976.2999
1,2403.6594,2374.0154,2374015.3999
1,2403.7056,2374.0616,2374061.5999
1,2403.7087,2374.0647,2374064.6999
1,2403.8015,2374.1575,2374157.4999
1,2403.8457,2374.2017,2374201.6999
1,2403.9212,2374.2772,2374277.1999
1,2403.9648,2374.3208,2374320.7999
1,2403.9820,2374.3380,2374337.9999
1,2404.0502,2374.4062,2374406.1999
1,2404.0547,2374.4107,2374410.6999
1,2404.0620,2374.4180,2374417.9999
1,2404.1051,2374.4611,2374461.0999
1,2404.1405,2374.4965,2374496.4999
1,2404.2033,2374.5593,2374559.2999
1,2404.2210,2374.5770,2374576.9999
1,2404.2422,2374.5982,2374598.1999
1,2404.2577,2374.6137,2374613.6999
1,2404.2724,2374.6284,2374628.3999
1,2404.4203,2374.7763,2374776.2999
1,2404.5369,2374.8929,2374892.8999
1,2404.5440,2374.9000,2374899.9999
1,2404.5524,2374.9084,2374908.3999
1,2404.7044,2375.0604,2375060.3999
1,2404.7063,2375.0623,2375062.2999
1,2404.7337,2375.0897,2375089.6999
1,2404.7516,2375.1076,2375107.5999
1,2404.7658,2375.1218,2375121.7999
1,2404.8115,2375.1675,2375167.4999
1,2404.8436,2375.1996,2375199.5999
1,2404.9003,2375.2563,2375256.2999
1,2404.9283,2375.2843,2375284.2999
1,2405.2946,2375.6506,2375650.5999
1,2405.3692,2375.7252,2375725.1999
1,2405.3930,2375.7490,2375748.9999
1,2405.4658,2375.8218,2375821.7999
1,2405.4990,2375.8550,2375854.9999
1,2405.5895,2375.9455,2375945.4999
1,2405.7270,2376.0830,2376082.9999
1,2405.7474,2376.1034,2376103.3999
1,2405.7651,2376.1211,2376121.0999
1,2406.1852,2376.5412,2376541.1999
1,2406.1968,2376.5528,2376552.7999
1,2406.3136,2376.6696,2376669.5999
1,2406.4355,2376.7915,2376791.4999
1,2406.6333,2376.9893,2376989.2999
1,2406.6536,2377.0096,2377009.5999
1,2406.6817,2377.0377,2377037.6999
1,2406.6882,2377.0442,2377044.1999
1,2406.7065,2377.0625,2377062.4999
1,2406.8360,2377.1920,2377191.9999
1,2406.8473,2377.2033,2377203.2999
1,2406.9208,2377.2768,2377276.7999
1,2406.9909,2377.3469,2377346.8999
1,2407.4499,2377.8059,2377805.8999
1,2407.5935,2377.9495,2377949.4999
1,2407.7020,2378.0580,2378057.9999
1,2407.7964,2378.1524,2378152.3999
1,2407.9520,2378.3080,2378307.9999
1,2408.0470,2378.4030,2378402.9999
1,2408.0603,2378.4163,2378416.2999
1,2408.3092,2378.6652,2378665.1999
1,2408.3880,2378.7440,2378743.9999
1,2408.8903,2379.2463,2379246.2999
1,2409.0368,2379.3928,2379392.7999
1,2409.1133,2379.4693,2379469.2999
1,2409.5310,2379.8870,2379886.9999
1,2410.2471,2380.6031,2380603.0999
1,2410.2497,2380.6057,2380605.6999
1,2410.4171,2380.7731,2380773.0999
1,2410.4576,2380.8136,2380813.5999
1,2410.5829,2380.9389,2380938.8999
1,2410.8229,2381.1789,2381178.8999
1,2411.6111,2381.9671,2381967.0999
1,2411.8370,2382.1930,2382192.9999
1,2411.9349,2382.2909,2382290.8999
1,2411.9579,2382.3139,2382313.8999
1,2412.1065,2382.4625,2382462.4999
1,2412.1844,2382.5404,2382540.3999
1,2412.5944,2382.9504,2382950.3999
1,2412.6104,2382.9664,2382966.3999
1,2412.6520,2383.0080,2383007.9999
1,2412.7672,2383.1232,2383123.1999
1,2413.2922,2383.6482,2383648.1999
1,2413.2946,2383.6506,2383650.5999
1,2413.3442,2383.7002,2383700.1999
1,2413.3810,2383.7370,2383736.9999
1,2413.3918,2383.7478,2383747.7999
1,2413.5341,2383.8901,2383890.0999
1,2413.7050,2384.0610,2384060.9999
1,2413.7222,2384.0782,2384078.1999
1,2413.7431,2384.0991,2384099.0999
1,2413.7547,2384.1107,2384110.6999
1,2413.7764,2384.1324,2384132.3999
1,2413.8224,2384.1784,2384178.3999
1,2413.8373,2384.1933,2384193.2999
1,2413.8488,2384.2048,2384204.7999
1,2414.0675,2384.4235,2384423.4999
1,2414.6595,2385.0155,2385015.4999
1,2414.7775,2385.1335,2385133.4999
1,2414.7899,2385.1459,2385145.8999
1,2414.8053,2385.1613,2385161.2999
1,2414.8262,2385.1822,2385182.1999
1,2414.8805,2385.2365,2385236.4999
1,2414.9463,2385.3023,2385302.2999
1,2415.0473,2385.4033,2385403.2999
1,2415.0632,2385.4192,2385419.1999
1,2415.0713,2385.4273,2385427.2999
1,2415.1064,2385.4624,2385462.3999
1,2415.1672,2385.5232,2385523.1999
1,2415.3132,2385.6692,2385669.1999
1,2415.3248,2385.6808,2385680.7999
1,2415.3426,2385.6986,2385698.5999
1,2415.3607,2385.7167,2385716.6999
1,2415.6889,2386.0449,2386044.8999
1,2415.7833,2386.1393,2386139.2999
1,2415.8492,2386.2052,2386205.1999
1,2415.8688,2386.2248,2386224.7999
1,2416.2992,2386.6552,2386655.1999
1,2416.3102,2386.6662,2386666.1999
1,2416.3713,2386.7273,2386727.2999
1,2416.4092,2386.7652,2386765.1999
1,2416.4678,2386.8238,2386823.7999
1,2416.4978,2386.8538,2386853.7999
1,2416.8802,2387.2362,2387236.1999
1,2417.0454,2387.4014,2387401.3999
1,2417.0517,2387.4077,2387407.6999
1,2417.0652,2387.4212,2387421.1999
1,2417.1571,2387.5131,2387513.0999
1,2417.1850,2387.5410,2387540.9999
1,2417.2758,2387.6318,2387631.7999
1,2417.8584,2388.2144,2388214.3999
1,2417.8791,2388.2351,2388235.0999
1,2418.1795,2388.5355,2388535.4999
1,2418.1949,2388.5509,2388550.8999
1,2418.2078,2388.5638,2388563.7999
1,2418.3479,2388.7039,2388703.8999
1,2418.3624,2388.7184,2388718.3999
1,2418.5563,2388.9123,2388912.2999
1,2418.5731,2388.9291,2388929.0999
1,2418.6494,2389.0054,2389005.3999
1,2418.7557,2389.1117,2389111.6999
1,2418.7885,2389.1445,2389144.4999
1,2418.9275,2389.2835,2389283.4999
1,2419.5517,2389.9077,2389907.6999
1,2419.5555,2389.9115,2389911.4999
1,2419.6073,2389.9633,2389963.2999
1,2419.7698,2390.1258,2390125.7999
1,2420.0112,2390.3672,2390367.1999
1,2420.3053,2390.6613,2390661.2999
1,2420.4197,2390.7757,2390775.6999
1,2420.4970,2390.8530,2390852.9999
1,2420.5422,2390.8982,2390898.1999
1,2420.5675,2390.9235,2390923.4999
1,2420.5698,2390.9258,2390925.7999
1,2420.5851,2390.9411,2390941.0999
1,2421.4490,2391.8050,2391804.9999
1,2422.0182,2392.3742,2392374.1999
1,2422.2806,2392.6366,2392636.5999
1,2422.6823,2393.0383,2393038.2999
1,2422.9300,2393.2860,2393285.9999
1,2423.1045,2393.4605,2393460.4999
1,2423.1684,2393.5244,2393524.3999
1,2423.2590,2393.6150,2393614.9999
1,2423.6769,2394.0329,2394032.8999
1,2423.9102,2394.2662,2394266.1999
1,2424.2841,2394.6401,2394640.0999
1,2424.4563,2394.8123,2394812.2999
1,2424.5868,2394.9428,2394942.7999
1,2424.6172,2394.9732,2394973.1999
1,2424.6648,2395.0208,2395020.7999
1,2424.7328,2395.0888,2395088.7999
1,2424.7518,2395.1078,2395107.7999
1,2425.0449,2395.4009,2395400.8999
1,2425.1024,2395.4584,2395458.3999
1,2425.2390,2395.5950,2395594.9999
1,2425.3475,2395.7035,2395703.4999
1,2425.3599,2395.7159,2395715.8999
1,2425.3839,2395.7399,2395739.8999
1,2425.3938,2395.7498,2395749.7999
1,2425.4584,2395.8144,2395814.3999
1,2426.2451,2396.6011,2396601.0999
1,2426.8017,2397.1577,2397157.6999
1,2426.8199,2397.1759,2397175.8999
1,2427.0435,2397.3995,2397399.4999
1,2427.1267,2397.4827,2397482.6999
1,2427.9039,2398.2599,2398259.8999
1,2427.9480,2398.3040,2398303.9999
1,2427.9698,2398.3258,2398325.7999
1,2428.2285,2398.5845,2398584.4999
1,2428.7412,2399.0972,2399097.1999
1,2428.8032,2399.1592,2399159.1999
1,2428.8313,2399.1873,2399187.2999
1,2428.8465,2399.2025,2399202.4999
1,2428.8981,2399.2541,2399254.0999
1,2429.0607,2399.4167,2399416.6999
1,2429.1058,2399.4618,2399461.7999
1,2429.1213,2399.4773,2399477.2999
1,2429.1723,2399.5283,2399528.2999
1,2429.2132,2399.5692,2399569.1999
1,2430.0787,2400.4347,2400434.6999
1,2430.1780,2400.5340,2400533.9999
1,2430.2103,2400.5663,2400566.2999
1,2430.5191,2400.8751,2400875.0999
1,2430.6906,2401.0466,2401046.5999
1,2430.9329,2401.2889,2401288.8999
1,2431.0159,2401.3719,2401371.8999
1,2431.0949,2401.4509,2401450.8999
1,2431.1058,2401.4618,2401461.7999
1,2431.1819,2401.5379,2401537.8999
1,2431.1912,2401.5472,2401547.1999
1,2431.3836,2401.7396,2401739.5999
1,2431.4044,2401.7604,2401760.3999
1,2431.7161,2402.0721,2402072.0999
1,2431.8406,2402.1966,2402196.5999
1,2432.1042,2402.4602,2402460.1999
1,2432.2085,2402.5645,2402564.4999
1,2432.6803,2403.0363,2403036.2999
1,2432.7136,2403.0696,2403069.5999
1,2432.8320,2403.1880,2403187.9999
1,2433.2342,2403.5902,2403590.1999
1,2433.2443,2403.6003,2403600.2999
1,2433.2628,2403.6188,2403618.7999
1,2433.5082,2403.8642,2403864.1999
1,2433.6516,2404.0076,2404007.5999
1,2434.2390,2404.5950,2404594.9999
1,2434.3211,2404.6771,2404677.0999
1,2434.3298,2404.6858,2404685.7999
1,2434.3516,2404.7076,2404707.5999
1,2434.3797,2404.7357,2404735.6999
1,2435.5895,2405.9455,2405945.4999
1,2435.7987,2406.1547,2406154.6999
1,2435.9630,2406.3190,2406318.9999
1,2435.9841,2406.3401,2406340.0999
1,2436.2269,2406.5829,2406582.8999
1,2436.5316,2406.8876,2406887.5999
1,2436.5779,2406.9339,2406933.8999
1,2436.5818,2406.9378,2406937.7999
1,2436.5960,2406.9520,2406951.9999
1,2437.2775,2407.6335,2407633.4999
1,2437.3001,2407.6561,2407656.0999
1,2437.4295,2407.7855,2407785.4999
1,2437.4637,2407.8197,2407819.6999
1,2437.8856,2408.2416,2408241.5999
1,2437.8886,2408.2446,2408244.5999
1,2438.1100,2408.4660,2408465.9999
1,2438.1379,2408.4939,2408493.8999
1,2438.1514,2408.5074,2408507.3999
1,2438.1556,2408.5116,2408511.5999
1,2438.1947,2408.5507,2408550.6999
1,2438.2543,2408.6103,2408610.2999
1,2438.3401,2408.6961,2408696.0999
1,2438.3829,2408.7389,2408738.8999
1,2438.4208,2408.7768,2408776.7999
1,2439.1665,2409.5225,2409522.4999
1,2439.4139,2409.7699,2409769.8999
1,2439.6844,2410.0404,2410040.3999
1,2439.7290,2410.0850,2410084.9999
1,2439.8403,2410.1963,2410196.2999
1,2439.8690,2410.2250,2410224.9999
1,2440.4583,2410.8143,2410814.2999
1,2440.5293,2410.8853,2410885.2999
1,2440.8018,2411.1578,2411157.7999
1,2440.9004,2411.2564,2411256.3999
1,2440.9100,2411.2660,2411265.9999
1,2441.0727,2411.4287,2411428.6999
1,2441.4297,2411.7857,2411785.6999
1,2441.5798,2411.9358,2411935.7999
1,2441.6620,2412.0180,2412017.9999
1,2441.7016,2412.0576,2412057.5999
1,2441.7830,2412.1390,2412138.9999
1,2442.1270,2412.4830,2412482.9999
1,2442.2071,2412.5631,2412563.0999
1,2442.2792,2412.6352,2412635.1999
1,2442.4361,2412.7921,2412792.0999
1,2442.4935,2412.8495,2412849.4999
1,2442.6008,2412.9568,2412956.7999
1,2442.8603,2413.2163,2413216.2999
1,2442.8731,2413.2291,2413229.0999
1,2442.8905,2413.2465,2413246.4999
1,2442.9851,2413.3411,2413341.0999
1,2442.9951,2413.3511,2413351.0999
1,2443.1119,2413.4679,2413467.8999
1,2443.1154,2413.4714,2413471.3999
1,2443.3191,2413.6751,2413675.0999
1,2443.4769,2413.8329,2413832.8999
1,2443.4839,2413.8399,2413839.8999
1,2443.5963,2413.9523,2413952.2999
1,2443.7696,2414.1256,2414125.5999
1,2444.4897,2414.8457,2414845.6999
1,2444.5081,2414.8641,2414864.0999
1,2444.5748,2414.9308,2414930.7999
1,2444.6900,2415.0460,2415045.9999
1,2444.7298,2415.0858,2415085.7999
1,2444.7756,2415.1316,2415131.5999
1,2444.8764,2415.2324,2415232.3999
1,2445.0650,2415.4210,2415420.9999
1,2445.1879,2415.5439,2415543.8999
1,2445.3858,2415.7418,2415741.7999
1,2445.4102,2415.7662,2415766.1999
1,2445.4219,2415.7779,2415777.8999
1,2445.4679,2415.8239,2415823.8999
1,2445.6751,2416.0311,2416031.0999
1,2445.7713,2416.1273,2416127.2999
1,2446.0619,2416.4179,2416417.8999
1,2446.0842,2416.4402,2416440.1999
1,2446.2568,2416.6128,2416612.7999
1,2446.5415,2416.8975,2416897.4999
1,2446.6653,2417.0213,2417021.2999
1,2446.7885,2417.1445,2417144.4999
1,2446.9957,2417.3517,2417351.6999
1,2447.0412,2417.3972,2417397.1999
1,2447.0637,2417.4197,2417419.6999
1,2447.1248,2417.4808,2417480.7999
1,2447.2759,2417.6319,2417631.8999
1,2447.2945,2417.6505,2417650.4999
1,2447.6815,2418.0375,2418037.4999
1,2447.6893,2418.0453,2418045.2999
1,2447.7602,2418.1162,2418116.1999
1,2447.8221,2418.1781,2418178.0999
1,2447.8710,2418.2270,2418226.9999
1,2447.9102,2418.2662,2418266.1999
1,2447.9933,2418.3493,2418349.2999
1,2448.0033,2418.3593,2418359.2999
1,2448.0379,2418.3939,2418393.8999
1,2448.1414,2418.4974,2418497.3999
1,2448.5462,2418.9022,2418902.1999
1,2448.5498,2418.9058,2418905.7999
1,2448.5529,2418.9089,2418908.8999
1,2448.5650,2418.9210,2418920.9999
1,2448.7150,2419.0710,2419070.9999
1,2448.7884,2419.1444,2419144.3999
1,2449.0948,2419.4508,2419450.7999
1,2449.1079,2419.4639,2419463.8999
1,2449.1140,2419.4700,2419469.9999
1,2449.1650,2419.5210,2419520.9999
1,2449.4758,2419.8318,2419831.7999
1,2449.4782,2419.8342,2419834.1999
1,2449.5823,2419.9383,2419938.2999
1,2449.7263,2420.0823,2420082.2999
1,2449.9143,2420.2703,2420270.2999
1,2449.9539,2420.3099,2420309.8999
1,2452.1682,2422.5242,2422524.1999
1,2452.1926,2422.5486,2422548.5999
1,2452.1951,2422.5511,2422551.0999
1,2452.3935,2422.7495,2422749.4999
1,2452.5595,2422.9155,2422915.4999
1,2453.0782,2423.4342,2423434.1999
1,2453.6172,2423.9732,2423973.1999
1,2453.6973,2424.0533,2424053.2999
1,2453.7154,2424.0714,2424071.3999
1,2453.7532,2424.1092,2424109.1999
1,2453.8065,2424.1625,2424162.4999
1,2453.8898,2424.2458,2424245.7999
1,2453.9795,2424.3355,2424335.4999
1,2453.9990,2424.3550,2424354.9999
1,2454.2837,2424.6397,2424639.6999
1,2454.3251,2424.6811,2424681.0999
1,2454.3845,2424.7405,2424740.4999
1,2454.4838,2424.8398,2424839.7999
1,2454.5442,2424.9002,2424900.1999
1,2455.5710,2425.9270,2425926.9999
1,2455.5831,2425.9391,2425939.0999
1,2455.6362,2425.9922,2425992.1999
1,2455.6752,2426.0312,2426031.1999
1,2455.8490,2426.2050,2426204.9999
1,2456.0083,2426.3643,2426364.2999
1,2456.0145,2426.3705,2426370.4999
1,2456.0319,2426.3879,2426387.8999
1,2456.1798,2426.5358,2426535.7999
1,2456.3555,2426.7115,2426711.4999
1,2456.4013,2426.7573,2426757.2999
1,2456.4042,2426.7602,2426760.1999
1,2456.4270,2426.7830,2426782.9999
1,2456.5285,2426.8845,2426884.4999
1,2456.8533,2427.2093,2427209.2999
1,2457.2472,2427.6032,2427603.1999
1,2457.5418,2427.8978,2427897.7999
1,2457.6250,2427.9810,2427980.9999
1,2457.6481,2428.0041,2428004.0999
1,2457.6884,2428.0444,2428044.3999
1,2457.7196,2428.0756,2428075.5999
1,2457.8498,2428.2058,2428205.7999
1,2458.0583,2428.4143,2428414.2999
1,2458.1509,2428.5069,2428506.8999
1,2458.3301,2428.6861,2428686.0999
1,2458.5307,2428.8867,2428886.6999
1,2459.2636,2429.6196,2429619.5999
1,2459.5652,2429.9212,2429921.1999
1,2459.5724,2429.9284,2429928.3999
1,2459.7109,2430.0669,2430066.8999
1,2459.7427,2430.0987,2430098.6999
1,2459.8139,2430.1699,2430169.8999
1,2460.1481,2430.5041,2430504.0999
1,2460.1779,2430.5339,2430533.8999
1,2460.1951,2430.5511,2430551.0999
1,2460.4429,2430.7989,2430798.8999
1,2460.5963,2430.9523,2430952.2999
1,2460.7354,2431.0914,2431091.3999
1,2460.9383,2431.2943,2431294.2999
1,2461.0652,2431.4212,2431421.1999
1,2461.1950,2431.5510,2431550.9999
1,2461.6763,2432.0323,2432032.2999
1,2461.7128,2432.0688,2432068.7999
1,2461.7488,2432.1048,2432104.7999
1,2461.8284,2432.1844,2432184.3999
1,2461.9423,2432.2983,2432298.2999
1,2462.8465,2433.2025,2433202.4999
1,2463.1897,2433.5457,2433545.6999
1,2463.1966,2433.5526,2433552.5999
1,2463.2882,2433.6442,2433644.1999
1,2463.3364,2433.6924,2433692.3999
1,2463.3595,2433.7155,2433715.4999
1,2463.3995,2433.7555,2433755.4999
1,2463.6397,2433.9957,2433995.6999
1,2463.8126,2434.1686,2434168.5999
1,2463.9011,2434.2571,2434257.0999
1,2463.9848,2434.3408,2434340.7999
1,2463.9959,2434.3519,2434351.8999
1,2464.0450,2434.4010,2434400.9999
1,2464.2761,2434.6321,2434632.0999
1,2464.7119,2435.0679,2435067.8999
1,2464.7594,2435.1154,2435115.3999
1,2464.7698,2435.1258,2435125.7999
1,2464.7775,2435.1335,2435133.4999
1,2465.2675,2435.6235,2435623.4999
1,2465.2913,2435.6473,2435647.2999
1,2465.4234,2435.7794,2435779.3999
1,2465.5597,2435.9157,2435915.6999
1,2465.6153,2435.9713,2435971.2999
1,2465.6569,2436.0129,2436012.8999
1,2466.9105,2437.2665,2437266.4999
1,2466.9667,2437.3227,2437322.6999
1,2467.0483,2437.4043,2437404.2999
1,2467.2551,2437.6111,2437611.0999
1,2467.5349,2437.8909,2437890.8999
1,2468.0457,2438.4017,2438401.6999
1,2468.1160,2438.4720,2438471.9999
1,2468.2206,2438.5766,2438576.5999
1,2468.5588,2438.9148,2438914.7999
1,2468.9231,2439.2791,2439279.0999
1,2468.9480,2439.3040,2439303.9999
1,2469.0036,2439.3596,2439359.5999
1,2469.0492,2439.4052,2439405.1999
1,2469.1174,2439.4734,2439473.3999
1,2469.5461,2439.9021,2439902.0999
1,2469.5821,2439.9381,2439938.0999
1,2469.8745,2440.2305,2440230.4999
1,2470.0646,2440.4206,2440420.5999
1,2470.0722,2440.4282,2440428.1999
1,2470.2565,2440.6125,2440612.4999
1,2470.3349,2440.6909,2440690.8999
1,2470.3528,2440.7088,2440708.7999
1,2470.8419,2441.1979,2441197.8999
1,2471.0611,2441.4171,2441417.0999
1,2471.0640,2441.4200,2441419.9999
1,2471.3042,2441.6602,2441660.1999
1,2471.8127,2442.1687,2442168.6999
1,2471.8701,2442.2261,2442226.0999
1,2471.9199,2442.2759,2442275.8999
1,2472.2088,2442.5648,2442564.7999
1,2473.2503,2443.6063,2443606.2999
1,2473.4163,2443.7723,2443772.2999
1,2473.4262,2443.7822,2443782.1999
1,2473.4286,2443.7846,2443784.5999
1,2474.1824,2444.5384,2444538.3999
1,2474.2616,2444.6176,2444617.5999
1,2474.8765,2445.2325,2445232.4999
1,2474.8835,2445.2395,2445239.4999
1,2474.8951,2445.2511,2445251.0999
1,2474.9124,2445.2684,2445268.3999
1,2474.9297,2445.2857,2445285.6999
1,2474.9355,2445.2915,2445291.4999
1,2476.6085,2446.9645,2446964.4999
1,2476.6744,2447.0304,2447030.3999
1,2477.3602,2447.7162,2447716.1999
1,2477.4728,2447.8288,2447828.7999
1,2477.7076,2448.0636,2448063.5999
1,2477.7944,2448.1504,2448150.3999
1,2477.9507,2448.3067,2448306.6999
1,2478.1337,2448.4897,2448489.6999
1,2478.4952,2448.8512,2448851.1999
1,2478.5353,2448.8913,2448891.2999
1,2478.9730,2449.3290,2449328.9999
1,2478.9833,2449.3393,2449339.2999
1,2479.8817,2450.2377,2450237.6999
1,2480.1583,2450.5143,2450514.2999
1,2480.2115,2450.5675,2450567.4999
1,2480.3029,2450.6589,2450658.8999
1,2480.7711,2451.1271,2451127.0999
1,2481.2795,2451.6355,2451635.4999
1,2481.3188,2451.6748,2451674.7999
1,2481.3278,2451.6838,2451683.7999
1,2481.3446,2451.7006,2451700.5999
1,2481.3882,2451.7442,2451744.1999
1,2481.4319,2451.7879,2451787.8999
1,2481.4498,2451.8058,2451805.7999
1,2481.6847,2452.0407,2452040.6999
1,2481.7344,2452.0904,2452090.3999
1,2481.8038,2452.1598,2452159.7999
1,2481.8512,2452.2072,2452207.1999
1,2481.9347,2452.2907,2452290.6999
1,2482.1589,2452.5149,2452514.8999
1,2482.2160,2452.5720,2452571.9999
1,2482.4165,2452.7725,2452772.4999
1,2482.9468,2453.3028,2453302.7999
1,2482.9770,2453.3330,2453332.9999
1,2483.1137,2453.4697,2453469.6999
1,2483.1378,2453.4938,2453493.7999
1,2483.7195,2454.0755,2454075.4999
1,2483.7945,2454.1505,2454150.4999
1,2483.8890,2454.2450,2454244.9999
1,2483.9073,2454.2633,2454263.2999
1,2483.9104,2454.2664,2454266.3999
1,2483.9169,2454.2729,2454272.8999
1,2483.9898,2454.3458,2454345.7999
1,2484.0799,2454.4359,2454435.8999
1,2484.1128,2454.4688,2454468.7999
1,2484.3717,2454.7277,2454727.6999
1,2484.5263,2454.8823,2454882.2999
1,2485.4150,2455.7710,2455770.9999
1,2485.4918,2455.8478,2455847.7999
1,2485.6871,2456.0431,2456043.0999
1,2485.9198,2456.2758,2456275.7999
1,2485.9243,2456.2803,2456280.2999
1,2486.0398,2456.3958,2456395.7999
1,2486.0560,2456.4120,2456411.9999
1,2486.1611,2456.5171,2456517.0999
1,2486.3729,2456.7289,2456728.8999
1,2486.4071,2456.7631,2456763.0999
1,2486.4778,2456.8338,2456833.7999
1,2487.0248,2457.3808,2457380.7999
1,2487.0289,2457.3849,2457384.8999
1,2487.2032,2457.5592,2457559.1999
1,2487.2494,2457.6054,2457605.3999
1,2487.6824,2458.0384,2458038.3999
1,2487.9667,2458.3227,2458322.6999
1,2488.2744,2458.6304,2458630.3999
1,2488.4237,2458.7797,2458779.6999
1,2488.4362,2458.7922,2458792.1999
1,2489.2297,2459.5857,2459585.6999
1,2489.3512,2459.7072,2459707.1999
1,2489.4919,2459.8479,2459847.8999
1,2489.5393,2459.8953,2459895.2999
1,2489.5538,2459.9098,2459909.7999
1,2489.6228,2459.9788,2459978.7999
1,2489.6931,2460.0491,2460049.0999
1,2489.7318,2460.0878,2460087.7999
1,2489.8276,2460.1836,2460183.5999
1,2489.9872,2460.3432,2460343.1999
1,2490.3544,2460.7104,2460710.3999
1,2490.3754,2460.7314,2460731.3999
1,2490.3877,2460.7437,2460743.6999
1,2490.5272,2460.8832,2460883.1999
1,2490.5392,2460.8952,2460895.1999
1,2490.6519,2461.0079,2461007.8999
1,2490.6746,2461.0306,2461030.5999
1,2490.7128,2461.0688,2461068.7999
1,2490.8132,2461.1692,2461169.1999
1,2490.8857,2461.2417,2461241.6999
1,2491.2312,2461.5872,2461587.1999
1,2491.3245,2461.6805,2461680.4999
1,2491.3591,2461.7151,2461715.0999
1,2491.6064,2461.9624,2461962.3999
1,2492.0233,2462.3793,2462379.2999
1,2492.4157,2462.7717,2462771.6999
1,2492.5768,2462.9328,2462932.7999
1,2492.5917,2462.9477,2462947.6999
1,2492.9842,2463.3402,2463340.1999
1,2493.3204,2463.6764,2463676.3999
1,2493.3267,2463.6827,2463682.6999
1,2493.4250,2463.7810,2463780.9999
1,2493.5583,2463.9143,2463914.2999
1,2493.7088,2464.0648,2464064.7999
1,2493.7542,2464.1102,2464110.1999
1,2493.8824,2464.2384,2464238.3999
1,2493.9033,2464.2593,2464259.2999
1,2493.9362,2464.2922,2464292.1999
1,2494.1844,2464.5404,2464540.3999
1,2494.2060,2464.5620,2464561.9999
1,2494.2229,2464.5789,2464578.8999
1,2494.4453,2464.8013,2464801.2999
1,2494.4661,2464.8221,2464822.0999
1,2494.5650,2464.9210,2464920.9999
1,2494.5842,2464.9402,2464940.1999
1,2494.7335,2465.0895,2465089.4999
1,2494.7441,2465.1001,2465100.0999
1,2494.8093,2465.1653,2465165.2999
1,2495.0569,2465.4129,2465412.8999
1,2495.2343,2465.5903,2465590.2999
1,2495.4303,2465.7863,2465786.2999
1,2495.4487,2465.8047,2465804.6999
1,2496.6277,2466.9837,2466983.6999
1,2497.5904,2467.9464,2467946.3999
1,2498.1304,2468.4864,2468486.3999
1,2498.1921,2468.5481,2468548.0999
1,2498.3065,2468.6625,2468662.4999
1,2498.4867,2468.8427,2468842.6999
1,2498.5808,2468.9368,2468936.7999
1,2498.6336,2468.9896,2468989.5999
1,2499.0343,2469.3903,2469390.2999
1,2499.0798,2469.4358,2469435.7999
1,2499.4696,2469.8256,2469825.5999
1,2499.6808,2470.0368,2470036.7999
1,2499.7374,2470.0934,2470093.3999
1,2500.1668,2470.5228,2470522.7999
1,2500.1801,2470.5361,2470536.0999
1,2500.3927,2470.7487,2470748.6999
1,2500.4575,2470.8135,2470813.4999
1,2500.6211,2470.9771,2470977.0999
1,2500.9991,2471.3551,2471355.0999
1,2501.6065,2471.9625,2471962.4999
1,2501.6649,2472.0209,2472020.8999
1,2501.7933,2472.1493,2472149.2999
1,2501.8697,2472.2257,2472225.6999
1,2501.9317,2472.2877,2472287.6999
1,2501.9379,2472.2939,2472293.8999
1,2501.9766,2472.3326,2472332.5999
1,2502.2007,2472.5567,2472556.6999
1,2502.2162,2472.5722,2472572.1999
1,2502.3434,2472.6994,2472699.3999
1,2502.4901,2472.8461,2472846.0999
1,2502.4997,2472.8557,2472855.6999
1,2502.6863,2473.0423,2473042.2999
1,2502.8849,2473.2409,2473240.8999
1,2502.9315,2473.2875,2473287.4999
1,2502.9824,2473.3384,2473338.3999
1,2503.0583,2473.4143,2473414.2999
1,2503.0728,2473.4288,2473428.7999
1,2503.1573,2473.5133,2473513.2999
1,2503.3643,2473.7203,2473720.2999
1,2503.5455,2473.9015,2473901.4999
1,2503.6846,2474.0406,2474040.5999
1,2503.8722,2474.2282,2474228.1999
1,2504.1195,2474.4755,2474475.4999
1,2504.5777,2474.9337,2474933.6999
1,2504.6034,2474.9594,2474959.3999
1,2504.8709,2475.2269,2475226.8999
1,2504.9714,2475.3274,2475327.3999
1,2505.4597,2475.8157,2475815.6999
1,2505.6789,2476.0349,2476034.8999
1,2505.8563,2476.2123,2476212.2999
1,2505.9060,2476.2620,2476261.9999
1,2506.0457,2476.4017,2476401.6999
1,2506.0531,2476.4091,2476409.0999
1,2506.1058,2476.4618,2476461.7999
1,2506.2831,2476.6391,2476639.0999
1,2506.2859,2476.6419,2476641.8999
1,2506.5036,2476.8596,2476859.5999
