units,spikeTimeRawS,movieAlignedTimeS,movieAlignedTimeMs
1,29.6538,0.0098,9.7999
1,29.7004,0.0564,56.3999
1,29.8729,0.2289,228.8999
1,29.9052,0.2612,261.1999
1,29.9271,0.2831,283.0999
1,29.9632,0.3192,319.1999
1,30.1452,0.5012,501.1999
1,30.3006,0.6566,656.5999
1,30.3286,0.6846,684.5999
1,30.9326,1.2886,1288.5999
1,30.9417,1.2977,1297.6999
1,30.9848,1.3408,1340.7999
1,31.0867,1.4427,1442.6999
1,31.3031,1.6591,1659.0999
1,31.3890,1.7450,1744.9999
1,31.3978,1.7538,1753.7999
1,31.4478,1.8038,1803.7999
1,31.6382,1.9942,1994.1999
1,31.7725,2.1285,2128.4999
1,31.8337,2.1897,2189.6999
1,32.2937,2.6497,2649.6999
1,32.4215,2.7775,2777.4999
1,32.5795,2.9355,2935.4999
1,32.6453,3.0013,3001.2999
1,32.7197,3.0757,3075.6999
1,32.7364,3.0924,3092.3999
1,32.9936,3.3496,3349.5999
1,33.0085,3.3645,3364.4999
1,33.0227,3.3787,3378.6999
1,33.1074,3.4634,3463.3999
1,33.2238,3.5798,3579.7999
1,33.5171,3.8731,3873.0999
1,33.5628,3.9188,3918.7999
1,33.6049,3.9609,3960.8999
1,33.6708,4.0268,4026.7999
1,33.7254,4.0814,4081.3999
1,33.7497,4.1057,4105.6999
1,33.7714,4.1274,4127.3999
1,33.7793,4.1353,4135.2999
1,33.8163,4.1723,4172.2999
1,33.9900,4.3460,4345.9999
1,34.1349,4.4909,4490.8999
1,34.1809,4.5369,4536.8999
1,34.1987,4.5547,4554.6999
1,34.3194,4.6754,4675.3999
1,34.3417,4.6977,4697.6999
1,34.4847,4.8407,4840.6999
1,34.7085,5.0645,5064.4999
1,34.7392,5.0952,5095.1999
1,34.7521,5.1081,5108.0999
1,34.7720,5.1280,5127.9999
1,34.8030,5.1590,5158.9999
1,34.9791,5.3351,5335.0999
1,35.1044,5.4604,5460.3999
1,35.1384,5.4944,5494.3999
1,35.1890,5.5450,5544.9999
1,35.2164,5.5724,5572.3999
1,35.3899,5.7459,5745.8999
1,35.4399,5.7959,5795.8999
1,35.5158,5.8718,5871.7999
1,35.5496,5.9056,5905.5999
1,35.5814,5.9374,5937.3999
1,35.9541,6.3101,6310.0999
1,35.9946,6.3506,6350.5999
1,36.0343,6.3903,6390.2999
1,36.1775,6.5335,6533.4999
1,36.2310,6.5870,6586.9999
1,36.2630,6.6190,6618.9999
1,36.6098,6.9658,6965.7999
1,36.8883,7.2443,7244.2999
1,36.9460,7.3020,7301.9999
1,36.9755,7.3315,7331.4999
1,36.9874,7.3434,7343.3999
1,36.9940,7.3500,7349.9999
1,37.0938,7.4498,7449.7999
1,37.1783,7.5343,7534.2999
1,37.2092,7.5652,7565.1999
1,37.3367,7.6927,7692.6999
1,37.4505,7.8065,7806.4999
1,37.4909,7.8469,7846.8999
1,37.7561,8.1121,8112.0999
1,37.8309,8.1869,8186.8999
1,37.8854,8.2414,8241.3999
1,37.9123,8.2683,8268.2999
1,38.0127,8.3687,8368.6999
1,38.1544,8.5104,8510.3999
1,38.1760,8.5320,8531.9999
1,38.3723,8.7283,8728.2999
1,38.5404,8.8964,8896.3999
1,38.6460,9.0020,9001.9999
1,38.6499,9.0059,9005.8999
1,38.9415,9.2975,9297.4999
1,39.1888,9.5448,9544.7999
1,39.3615,9.7175,9717.4999
1,39.3805,9.7365,9736.4999
1,39.4139,9.7699,9769.8999
1,39.4709,9.8269,9826.8999
1,39.5272,9.8832,9883.1999
1,39.5540,9.9100,9909.9999
1,39.7860,10.1420,10141.9999
1,39.8068,10.1628,10162.7999
1,39.8597,10.2157,10215.6999
1,39.8920,10.2480,10247.9999
1,39.9720,10.3280,10327.9999
1,39.9938,10.3498,10349.7999
1,40.0006,10.3566,10356.5999
1,40.1363,10.4923,10492.2999
1,40.1815,10.5375,10537.4999
1,40.4135,10.7695,10769.4999
1,40.7158,11.0718,11071.7999
1,40.8668,11.2228,11222.7999
1,40.9185,11.2745,11274.4999
1,41.1287,11.4847,11484.6999
1,41.2949,11.6509,11650.8999
1,41.3070,11.6630,11662.9999
1,41.3295,11.6855,11685.4999
1,41.3369,11.6929,11692.8999
1,41.3602,11.7162,11716.1999
1,41.5271,11.8831,11883.0999
1,41.5386,11.8946,11894.5999
1,41.5980,11.9540,11953.9999
1,41.9402,12.2962,12296.1999
1,41.9996,12.3556,12355.5999
1,42.0284,12.3844,12384.3999
1,42.1974,12.5534,12553.3999
1,42.2578,12.6138,12613.7999
1,42.3892,12.7452,12745.1999
1,42.4366,12.7926,12792.5999
1,42.6601,13.0161,13016.0999
1,42.6869,13.0429,13042.8999
1,42.7184,13.0744,13074.3999
1,42.7576,13.1136,13113.5999
1,42.9586,13.3146,13314.5999
1,43.0626,13.4186,13418.5999
1,43.1647,13.5207,13520.6999
1,43.3598,13.7158,13715.7999
1,43.3970,13.7530,13752.9999
1,43.5506,13.9066,13906.5999
1,43.5670,13.9230,13922.9999
1,43.5982,13.9542,13954.1999
1,43.7854,14.1414,14141.3999
1,43.8443,14.2003,14200.2999
1,44.0348,14.3908,14390.7999
1,44.0972,14.4532,14453.1999
1,44.2032,14.5592,14559.1999
1,44.3014,14.6574,14657.3999
1,44.3194,14.6754,14675.3999
1,44.3345,14.6905,14690.4999
1,44.3679,14.7239,14723.8999
1,44.3985,14.7545,14754.4999
1,44.4266,14.7826,14782.5999
1,44.4532,14.8092,14809.1999
1,44.4757,14.8317,14831.6999
1,44.5145,14.8705,14870.4999
1,44.5479,14.9039,14903.8999
1,44.5587,14.9147,14914.6999
1,44.6562,15.0122,15012.1999
1,44.6710,15.0270,15026.9999
1,44.7530,15.1090,15108.9999
1,44.8669,15.2229,15222.8999
1,44.9268,15.2828,15282.7999
1,45.2368,15.5928,15592.7999
1,45.3155,15.6715,15671.4999
1,45.4201,15.7761,15776.0999
1,45.4539,15.8099,15809.8999
1,45.4815,15.8375,15837.4999
1,45.5606,15.9166,15916.5999
1,45.8478,16.2038,16203.7999
1,45.9019,16.2579,16257.8999
1,45.9982,16.3542,16354.1999
1,46.0236,16.3796,16379.5999
1,46.0834,16.4394,16439.3999
1,46.1187,16.4747,16474.6999
1,46.1563,16.5123,16512.2999
1,46.1642,16.5202,16520.1999
1,46.2249,16.5809,16580.8999
1,46.3569,16.7129,16712.8999
1,46.4500,16.8060,16805.9999
1,46.5554,16.9114,16911.3999
1,46.7532,17.1092,17109.1999
1,46.9714,17.3274,17327.3999
1,47.0210,17.3770,17376.9999
1,47.0424,17.3984,17398.3999
1,47.2017,17.5577,17557.6999
1,47.2371,17.5931,17593.0999
1,47.5454,17.9014,17901.3999
1,47.6541,18.0101,18010.0999
1,47.6716,18.0276,18027.5999
1,47.7104,18.0664,18066.3999
1,47.7210,18.0770,18076.9999
1,47.7268,18.0828,18082.7999
1,47.7460,18.1020,18101.9999
1,47.7722,18.1282,18128.1999
1,48.0765,18.4325,18432.4999
1,48.2303,18.5863,18586.2999
1,48.2864,18.6424,18642.3999
1,48.3701,18.7261,18726.0999
1,48.4276,18.7836,18783.5999
1,48.6222,18.9782,18978.1999
1,48.6567,19.0127,19012.6999
1,48.7261,19.0821,19082.0999
1,48.7681,19.1241,19124.0999
1,48.8007,19.1567,19156.6999
1,48.9868,19.3428,19342.7999
1,49.0097,19.3657,19365.6999
1,49.0281,19.3841,19384.0999
1,49.2383,19.5943,19594.2999
1,49.3907,19.7467,19746.6999
1,49.4049,19.7609,19760.8999
1,49.4432,19.7992,19799.1999
1,49.6494,20.0054,20005.3999
1,49.8541,20.2101,20210.0999
1,50.2338,20.5898,20589.7999
1,50.3218,20.6778,20677.7999
1,50.3867,20.7427,20742.6999
1,50.4686,20.8246,20824.5999
1,50.5187,20.8747,20874.6999
1,50.8783,21.2343,21234.2999
1,51.0649,21.4209,21420.8999
1,51.2789,21.6349,21634.8999
1,51.4409,21.7969,21796.8999
1,51.4917,21.8477,21847.6999
1,51.5398,21.8958,21895.7999
1,51.6053,21.9613,21961.2999
1,51.6187,21.9747,21974.6999
1,51.6257,21.9817,21981.6999
1,51.6556,22.0116,22011.5999
1,51.8027,22.1587,22158.6999
1,52.0037,22.3597,22359.6999
1,52.0146,22.3706,22370.5999
1,52.0331,22.3891,22389.0999
1,52.0880,22.4440,22443.9999
1,52.1061,22.4621,22462.0999
1,52.1359,22.4919,22491.8999
1,52.1615,22.5175,22517.4999
1,52.3072,22.6632,22663.1999
1,52.5239,22.8799,22879.8999
1,52.5963,22.9523,22952.2999
1,52.6788,23.0348,23034.7999
1,52.7317,23.0877,23087.6999
1,52.8334,23.1894,23189.3999
1,52.9505,23.3065,23306.4999
1,53.0233,23.3793,23379.2999
1,53.0664,23.4224,23422.3999
1,53.1225,23.4785,23478.4999
1,53.1363,23.4923,23492.2999
1,53.1709,23.5269,23526.8999
1,53.1952,23.5512,23551.1999
1,53.4216,23.7776,23777.5999
1,53.5719,23.9279,23927.8999
1,53.6370,23.9930,23992.9999
1,53.6679,24.0239,24023.8999
1,53.6933,24.0493,24049.2999
1,53.8329,24.1889,24188.8999
1,53.8513,24.2073,24207.2999
1,53.8667,24.2227,24222.6999
1,54.0026,24.3586,24358.5999
1,54.0406,24.3966,24396.5999
1,54.0702,24.4262,24426.1999
1,54.1455,24.5015,24501.4999
1,54.1568,24.5128,24512.7999
1,54.1626,24.5186,24518.5999
1,54.1697,24.5257,24525.6999
1,54.1942,24.5502,24550.1999
1,54.4468,24.8028,24802.7999
1,54.5483,24.9043,24904.2999
1,54.5717,24.9277,24927.6999
1,54.5829,24.9389,24938.8999
1,54.5965,24.9525,24952.4999
1,54.8155,25.1715,25171.4999
1,54.9814,25.3374,25337.3999
1,55.0192,25.3752,25375.1999
1,55.0369,25.3929,25392.8999
1,55.0467,25.4027,25402.6999
1,55.0794,25.4354,25435.3999
1,55.2959,25.6519,25651.8999
1,55.5208,25.8768,25876.7999
1,55.6377,25.9937,25993.6999
1,55.6863,26.0423,26042.2999
1,55.7652,26.1212,26121.1999
1,56.0925,26.4485,26448.4999
1,56.1198,26.4758,26475.7999
1,56.1975,26.5535,26553.4999
1,56.2105,26.5665,26566.4999
1,56.2594,26.6154,26615.3999
1,56.2726,26.6286,26628.5999
1,56.4871,26.8431,26843.0999
1,56.5072,26.8632,26863.1999
1,56.5520,26.9080,26907.9999
1,56.5759,26.9319,26931.8999
1,56.6297,26.9857,26985.6999
1,56.8033,27.1593,27159.2999
1,56.9006,27.2566,27256.5999
1,56.9348,27.2908,27290.7999
1,56.9945,27.3505,27350.4999
1,57.0057,27.3617,27361.6999
1,57.5236,27.8796,27879.5999
1,57.7745,28.1305,28130.4999
1,57.9152,28.2712,28271.1999
1,58.0160,28.3720,28371.9999
1,58.0444,28.4004,28400.3999
1,58.0924,28.4484,28448.3999
1,58.1384,28.4944,28494.3999
1,58.1517,28.5077,28507.6999
1,58.1702,28.5262,28526.1999
1,58.1935,28.5495,28549.4999
1,58.3825,28.7385,28738.4999
1,58.3937,28.7497,28749.6999
1,58.4034,28.7594,28759.3999
1,58.5656,28.9216,28921.5999
1,58.6015,28.9575,28957.4999
1,58.6337,28.9897,28989.6999
1,58.7675,29.1235,29123.4999
1,58.8122,29.1682,29168.1999
1,58.8367,29.1927,29192.6999
1,59.1078,29.4638,29463.7999
1,59.2009,29.5569,29556.8999
1,59.2536,29.6096,29609.5999
1,59.4739,29.8299,29829.8999
1,59.5124,29.8684,29868.3999
1,59.5957,29.9517,29951.6999
1,59.6099,29.9659,29965.8999
1,59.6266,29.9826,29982.5999
1,59.6281,29.9841,29984.0999
1,59.6476,30.0036,30003.5999
1,59.6909,30.0469,30046.8999
1,59.9167,30.2727,30272.6999
1,60.0809,30.4369,30436.8999
1,60.1404,30.4964,30496.3999
1,60.1735,30.5295,30529.4999
1,60.2674,30.6234,30623.3999
1,60.3302,30.6862,30686.1999
1,60.3499,30.7059,30705.8999
1,60.3761,30.7321,30732.0999
1,60.4804,30.8364,30836.3999
1,60.6068,30.9628,30962.7999
1,60.6491,31.0051,31005.0999
1,60.6940,31.0500,31049.9999
1,60.8272,31.1832,31183.1999
1,60.8799,31.2359,31235.8999
1,60.9254,31.2814,31281.3999
1,60.9802,31.3362,31336.1999
1,60.9928,31.3488,31348.7999
1,61.0112,31.3672,31367.1999
1,61.0164,31.3724,31372.3999
1,61.0525,31.4085,31408.4999
1,61.2628,31.6188,31618.7999
1,61.2791,31.6351,31635.0999
1,61.4801,31.8361,31836.0999
1,61.5167,31.8727,31872.6999
1,61.5991,31.9551,31955.0999
1,61.6367,31.9927,31992.6999
1,61.6583,32.0143,32014.2999
1,61.8064,32.1624,32162.3999
1,61.8221,32.1781,32178.0999
1,61.8344,32.1904,32190.3999
1,61.8616,32.2176,32217.5999
1,61.8714,32.2274,32227.3999
1,62.0559,32.4119,32411.8999
1,62.0803,32.4363,32436.2999
1,62.5425,32.8985,32898.4999
1,62.6883,33.0443,33044.2999
1,62.7363,33.0923,33092.2999
1,62.8788,33.2348,33234.7999
1,62.9709,33.3269,33326.8999
1,63.0207,33.3767,33376.6999
1,63.3177,33.6737,33673.6999
1,63.3665,33.7225,33722.4999
1,63.4687,33.8247,33824.6999
1,63.5187,33.8747,33874.6999
1,63.5488,33.9048,33904.7999
1,63.7198,34.0758,34075.7999
1,63.8193,34.1753,34175.2999
1,63.9307,34.2867,34286.6999
1,64.0468,34.4028,34402.7999
1,64.0689,34.4249,34424.8999
1,64.1226,34.4786,34478.5999
1,64.2966,34.6526,34652.5999
1,64.5760,34.9320,34931.9999
1,64.6204,34.9764,34976.3999
1,64.6667,35.0227,35022.6999
1,64.6827,35.0387,35038.6999
1,64.7133,35.0693,35069.2999
1,64.7369,35.0929,35092.8999
1,64.7769,35.1329,35132.8999
1,64.8061,35.1621,35162.0999
1,64.9698,35.3258,35325.7999
1,65.0134,35.3694,35369.3999
1,65.1797,35.5357,35535.6999
1,65.2183,35.5743,35574.2999
1,65.3615,35.7175,35717.4999
1,65.3751,35.7311,35731.0999
1,65.5851,35.9411,35941.0999
1,65.6775,36.0335,36033.4999
1,65.7249,36.0809,36080.8999
1,65.7463,36.1023,36102.2999
1,65.8311,36.1871,36187.0999
1,65.9131,36.2691,36269.0999
1,66.0060,36.3620,36361.9999
1,66.0553,36.4113,36411.2999
1,66.1133,36.4693,36469.2999
1,66.3126,36.6686,36668.5999
1,66.4776,36.8336,36833.5999
1,66.5223,36.8783,36878.2999
1,66.5524,36.9084,36908.3999
1,66.6085,36.9645,36964.4999
1,66.7634,37.1194,37119.3999
1,66.7788,37.1348,37134.7999
1,66.9134,37.2694,37269.3999
1,66.9690,37.3250,37324.9999
1,67.1479,37.5039,37503.8999
1,67.2238,37.5798,37579.7999
1,67.4071,37.7631,37763.0999
1,67.5599,37.9159,37915.8999
1,67.5955,37.9515,37951.4999
1,67.6183,37.9743,37974.2999
1,67.6401,37.9961,37996.0999
1,67.9633,38.3193,38319.2999
1,68.0965,38.4525,38452.4999
1,68.1203,38.4763,38476.2999
1,68.2528,38.6088,38608.7999
1,68.2963,38.6523,38652.2999
1,68.4349,38.7909,38790.8999
1,68.4797,38.8357,38835.6999
1,68.5968,38.9528,38952.7999
1,68.6421,38.9981,38998.0999
1,68.9038,39.2598,39259.7999
1,68.9736,39.3296,39329.5999
1,69.0384,39.3944,39394.3999
1,69.0859,39.4419,39441.8999
1,69.1419,39.4979,39497.8999
1,69.1829,39.5389,39538.8999
1,69.2041,39.5601,39560.0999
1,69.2354,39.5914,39591.3999
1,69.3762,39.7322,39732.1999
1,69.3997,39.7557,39755.6999
1,69.4279,39.7839,39783.8999
1,69.4985,39.8545,39854.4999
1,69.8523,40.2083,40208.2999
1,69.9739,40.3299,40329.8999
1,70.1175,40.4735,40473.4999
1,70.1368,40.4928,40492.7999
1,70.1764,40.5324,40532.3999
1,70.1974,40.5534,40553.3999
1,70.2133,40.5693,40569.2999
1,70.2432,40.5992,40599.1999
1,70.4030,40.7590,40758.9999
1,70.4329,40.7889,40788.8999
1,70.4614,40.8174,40817.3999
1,70.6518,41.0078,41007.7999
1,70.7098,41.0658,41065.7999
1,70.8538,41.2098,41209.7999
1,70.9920,41.3480,41347.9999
1,71.0207,41.3767,41376.6999
1,71.1173,41.4733,41473.2999
1,71.2481,41.6041,41604.0999
1,71.4079,41.7639,41763.8999
1,71.4211,41.7771,41777.0999
1,71.4774,41.8334,41833.3999
1,71.5132,41.8692,41869.1999
1,71.5218,41.8778,41877.7999
1,71.5610,41.9170,41916.9999
1,71.6771,42.0331,42033.0999
1,71.6875,42.0435,42043.4999
1,71.7184,42.0744,42074.3999
1,72.0681,42.4241,42424.0999
1,72.1293,42.4853,42485.2999
1,72.2284,42.5844,42584.3999
1,72.3014,42.6574,42657.3999
1,72.4799,42.8359,42835.8999
1,72.6010,42.9570,42956.9999
1,72.6998,43.0558,43055.7999
1,72.7258,43.0818,43081.7999
1,72.7987,43.1547,43154.6999
1,72.8128,43.1688,43168.7999
1,72.9281,43.2841,43284.0999
1,73.0435,43.3995,43399.4999
1,73.0904,43.4464,43446.3999
1,73.1039,43.4599,43459.8999
1,73.1548,43.5108,43510.7999
1,73.3510,43.7070,43706.9999
1,73.5669,43.9229,43922.8999
1,73.8264,44.1824,44182.3999
1,73.8360,44.1920,44191.9999
1,73.8441,44.2001,44200.0999
1,73.8539,44.2099,44209.8999
1,74.1568,44.5128,44512.7999
1,74.2694,44.6254,44625.3999
1,74.2855,44.6415,44641.4999
1,74.5255,44.8815,44881.4999
1,74.6128,44.9688,44968.7999
1,74.6208,44.9768,44976.7999
1,74.6592,45.0152,45015.1999
1,74.6854,45.0414,45041.3999
1,74.8237,45.1797,45179.6999
1,74.8841,45.2401,45240.0999
1,75.0148,45.3708,45370.7999
1,75.0311,45.3871,45387.0999
1,75.4236,45.7796,45779.5999
1,75.4518,45.8078,45807.7999
1,75.4847,45.8407,45840.6999
1,75.5114,45.8674,45867.3999
1,75.9291,46.2851,46285.0999
1,75.9801,46.3361,46336.0999
1,76.1017,46.4577,46457.6999
1,76.1851,46.5411,46541.0999
1,76.3646,46.7206,46720.5999
1,76.4560,46.8120,46811.9999
1,76.6959,47.0519,47051.8999
1,76.8455,47.2015,47201.4999
1,76.9538,47.3098,47309.7999
1,77.1225,47.4785,47478.4999
1,77.1721,47.5281,47528.0999
1,77.2102,47.5662,47566.1999
1,77.4224,47.7784,47778.3999
1,77.4657,47.8217,47821.6999
1,77.5975,47.9535,47953.4999
1,77.8455,48.2015,48201.4999
1,78.0431,48.3991,48399.0999
1,78.2208,48.5768,48576.7999
1,78.2597,48.6157,48615.6999
1,78.2748,48.6308,48630.7999
1,78.2841,48.6401,48640.0999
1,78.4585,48.8145,48814.4999
1,78.4755,48.8315,48831.4999
1,78.5907,48.9467,48946.6999
1,78.6249,48.9809,48980.8999
1,78.6498,49.0058,49005.7999
1,78.6827,49.0387,49038.6999
1,78.7934,49.1494,49149.3999
1,78.8479,49.2039,49203.8999
1,79.0857,49.4417,49441.6999
1,79.1066,49.4626,49462.5999
1,79.1145,49.4705,49470.4999
1,79.1480,49.5040,49503.9999
1,79.4584,49.8144,49814.3999
1,79.5294,49.8854,49885.3999
1,79.5682,49.9242,49924.1999
1,79.7126,50.0686,50068.5999
1,79.7397,50.0957,50095.6999
1,79.9068,50.2628,50262.7999
1,80.1018,50.4578,50457.7999
1,80.1815,50.5375,50537.4999
1,80.2350,50.5910,50590.9999
1,80.2700,50.6260,50625.9999
1,80.4935,50.8495,50849.4999
1,80.5836,50.9396,50939.5999
1,80.6428,50.9988,50998.7999
1,80.6697,51.0257,51025.6999
1,80.7404,51.0964,51096.3999
1,80.7640,51.1200,51119.9999
1,80.8011,51.1571,51157.0999
1,81.2376,51.5936,51593.5999
1,81.3545,51.7105,51710.4999
1,81.3946,51.7506,51750.5999
1,81.4297,51.7857,51785.6999
1,81.4819,51.8379,51837.8999
1,81.6272,51.9832,51983.1999
1,81.6818,52.0378,52037.7999
1,81.7743,52.1303,52130.2999
1,82.1308,52.4868,52486.7999
1,82.3299,52.6859,52685.8999
1,82.4432,52.7992,52799.1999
1,82.4645,52.8205,52820.4999
1,82.5125,52.8685,52868.4999
1,82.6808,53.0368,53036.7999
1,82.7074,53.0634,53063.3999
1,82.8709,53.2269,53226.8999
1,82.8858,53.2418,53241.7999
1,82.9101,53.2661,53266.0999
1,82.9136,53.2696,53269.5999
1,82.9163,53.2723,53272.2999
1,82.9266,53.2826,53282.5999
1,83.3293,53.6853,53685.2999
1,83.3917,53.7477,53747.6999
1,83.6504,54.0064,54006.3999
1,83.7415,54.0975,54097.4999
1,83.7655,54.1215,54121.4999
1,83.9303,54.2863,54286.2999
1,83.9673,54.3233,54323.2999
1,84.1448,54.5008,54500.7999
1,84.2035,54.5595,54559.4999
1,84.3405,54.6965,54696.4999
1,84.5111,54.8671,54867.0999
1,84.5396,54.8956,54895.5999
1,84.5745,54.9305,54930.4999
1,84.5884,54.9444,54944.3999
1,84.6025,54.9585,54958.4999
1,84.7704,55.1264,55126.3999
1,84.9503,55.3063,55306.2999
1,84.9884,55.3444,55344.3999
1,85.0280,55.3840,55383.9999
1,85.0635,55.4195,55419.4999
1,85.1092,55.4652,55465.1999
1,85.1293,55.4853,55485.2999
1,85.5922,55.9482,55948.1999
1,85.6783,56.0343,56034.2999
1,85.7628,56.1188,56118.7999
1,85.9083,56.2643,56264.2999
1,85.9401,56.2961,56296.0999
1,85.9769,56.3329,56332.8999
1,86.1288,56.4848,56484.7999
1,86.4479,56.8039,56803.8999
1,86.4677,56.8237,56823.6999
1,86.5059,56.8619,56861.8999
1,86.5296,56.8856,56885.5999
1,86.6808,57.0368,57036.7999
1,86.8027,57.1587,57158.6999
1,86.9934,57.3494,57349.3999
1,87.0049,57.3609,57360.8999
1,87.0230,57.3790,57378.9999
1,87.0378,57.3938,57393.7999
1,87.0631,57.4191,57419.0999
1,87.2578,57.6138,57613.7999
1,87.3969,57.7529,57752.8999
1,87.5623,57.9183,57918.2999
1,87.8415,58.1975,58197.4999
1,87.8568,58.2128,58212.7999
1,87.8881,58.2441,58244.0999
1,88.4768,58.8328,58832.7999
1,88.6023,58.9583,58958.2999
1,88.6988,59.0548,59054.7999
1,88.7193,59.0753,59075.2999
1,88.7795,59.1355,59135.4999
1,88.8371,59.1931,59193.0999
1,89.1605,59.5165,59516.4999
1,89.4416,59.7976,59797.5999
1,89.6843,60.0403,60040.2999
1,89.7473,60.1033,60103.2999
1,89.8136,60.1696,60169.5999
1,89.9680,60.3240,60323.9999
1,90.0596,60.4156,60415.5999
1,90.3808,60.7368,60736.7999
1,90.5436,60.8996,60899.5999
1,90.6167,60.9727,60972.6999
1,90.6742,61.0302,61030.1999
1,90.6997,61.0557,61055.6999
1,90.7118,61.0678,61067.7999
1,90.7627,61.1187,61118.6999
1,90.7982,61.1542,61154.1999
1,90.9399,61.2959,61295.8999
1,91.3416,61.6976,61697.5999
1,91.3610,61.7170,61716.9999
1,91.3776,61.7336,61733.5999
1,91.4602,61.8162,61816.1999
1,91.5734,61.9294,61929.3999
1,91.5897,61.9457,61945.6999
1,91.7358,62.0918,62091.7999
1,91.8286,62.1846,62184.5999
1,92.0606,62.4166,62416.5999
1,92.1658,62.5218,62521.7999
1,92.2057,62.5617,62561.6999
1,92.2211,62.5771,62577.0999
1,92.2729,62.6289,62628.8999
1,92.4862,62.8422,62842.1999
1,93.0132,63.3692,63369.1999
1,93.1691,63.5251,63525.0999
1,93.2969,63.6529,63652.8999
1,93.3716,63.7276,63727.5999
1,93.5198,63.8758,63875.7999
1,93.5723,63.9283,63928.2999
1,93.8824,64.2384,64238.3999
1,94.0436,64.3996,64399.5999
1,94.1338,64.4898,64489.7999
1,94.2934,64.6494,64649.3999
1,94.3838,64.7398,64739.7999
1,94.4559,64.8119,64811.8999
1,94.5121,64.8681,64868.0999
1,94.5548,64.9108,64910.7999
1,94.7091,65.0651,65065.0999
1,94.8733,65.2293,65229.2999
1,95.0485,65.4045,65404.4999
1,95.2271,65.5831,65583.0999
1,95.2424,65.5984,65598.3999
1,95.2619,65.6179,65617.8999
1,95.2876,65.6436,65643.5999
1,95.4516,65.8076,65807.5999
1,95.5071,65.8631,65863.0999
1,95.7253,66.0813,66081.2999
1,95.8897,66.2457,66245.6999
1,95.9050,66.2610,66260.9999
1,95.9321,66.2881,66288.0999
1,95.9533,66.3093,66309.2999
1,95.9793,66.3353,66335.2999
1,95.9974,66.3534,66353.3999
1,96.0478,66.4038,66403.7999
1,96.2316,66.5876,66587.5999
1,96.3232,66.6792,66679.1999
1,96.3954,66.7514,66751.3999
1,96.6502,67.0062,67006.1999
1,96.7009,67.0569,67056.8999
1,96.8038,67.1598,67159.7999
1,96.8194,67.1754,67175.3999
1,96.8408,67.1968,67196.7999
1,96.8614,67.2174,67217.3999
1,96.8645,67.2205,67220.4999
1,96.8826,67.2386,67238.5999
1,97.2183,67.5743,67574.2999
1,97.2499,67.6059,67605.8999
1,97.2648,67.6208,67620.7999
1,97.2879,67.6439,67643.8999
1,97.2996,67.6556,67655.5999
1,97.3109,67.6669,67666.8999
1,97.5329,67.8889,67888.8999
1,97.5879,67.9439,67943.8999
1,97.7576,68.1136,68113.5999
1,97.8500,68.2060,68205.9999
1,97.9517,68.3077,68307.6999
1,97.9794,68.3354,68335.3999
1,98.0153,68.3713,68371.2999
1,98.1796,68.5356,68535.5999
1,98.3087,68.6647,68664.6999
1,98.3352,68.6912,68691.1999
1,98.3396,68.6956,68695.5999
1,98.3501,68.7061,68706.0999
1,98.6076,68.9636,68963.5999
1,98.6346,68.9906,68990.5999
1,98.6920,69.0480,69047.9999
1,98.8999,69.2559,69255.8999
1,99.0044,69.3604,69360.3999
1,99.0809,69.4369,69436.8999
1,99.2674,69.6234,69623.3999
1,99.3586,69.7146,69714.5999
1,99.4441,69.8001,69800.0999
1,99.5624,69.9184,69918.3999
1,99.5846,69.9406,69940.5999
1,99.6615,70.0175,70017.4999
1,99.7909,70.1469,70146.8999
1,100.0082,70.3642,70364.1999
1,100.0618,70.4178,70417.7999
1,100.0806,70.4366,70436.5999
1,100.0961,70.4521,70452.0999
1,100.1034,70.4594,70459.3999
1,100.1646,70.5206,70520.5999
1,100.4181,70.7741,70774.0999
1,100.8325,71.1885,71188.4999
1,100.8585,71.2145,71214.4999
1,100.8700,71.2260,71225.9999
1,100.8857,71.2417,71241.6999
1,100.9922,71.3482,71348.1999
1,101.0059,71.3619,71361.8999
1,101.2384,71.5944,71594.3999
1,101.3221,71.6781,71678.0999
1,101.6577,72.0137,72013.6999
1,101.6750,72.0310,72030.9999
1,101.6866,72.0426,72042.5999
1,101.7071,72.0631,72063.0999
1,101.7207,72.0767,72076.6999
1,101.7325,72.0885,72088.4999
1,101.9049,72.2609,72260.8999
1,101.9318,72.2878,72287.7999
1,101.9428,72.2988,72298.7999
1,102.2076,72.5636,72563.5999
1,102.3340,72.6900,72689.9999
1,102.3517,72.7077,72707.6999
1,102.3608,72.7168,72716.7999
1,102.4052,72.7612,72761.1999
1,102.6212,72.9772,72977.1999
1,102.6496,73.0056,73005.5999
1,102.8421,73.1981,73198.0999
1,102.8845,73.2405,73240.4999
1,103.0343,73.3903,73390.2999
1,103.0504,73.4064,73406.3999
1,103.2265,73.5825,73582.4999
1,103.4822,73.8382,73838.1999
1,103.5282,73.8842,73884.1999
1,103.5831,73.9391,73939.0999
1,103.6439,73.9999,73999.8999
1,103.6596,74.0156,74015.5999
1,103.6620,74.0180,74017.9999
1,103.8484,74.2044,74204.3999
1,103.8701,74.2261,74226.0999
1,103.8901,74.2461,74246.0999
1,104.1120,74.4680,74467.9999
1,104.1158,74.4718,74471.7999
1,104.3303,74.6863,74686.2999
1,104.4449,74.8009,74800.8999
1,104.4854,74.8414,74841.3999
1,104.5134,74.8694,74869.3999
1,104.5594,74.9154,74915.3999
1,104.6377,74.9937,74993.6999
1,104.8466,75.2026,75202.5999
1,105.0671,75.4231,75423.0999
1,105.0967,75.4527,75452.6999
1,105.1097,75.4657,75465.6999
1,105.1195,75.4755,75475.4999
1,105.1568,75.5128,75512.7999
1,105.2508,75.6068,75606.7999
1,105.5059,75.8619,75861.8999
1,105.7191,76.0751,76075.0999
1,105.8633,76.2193,76219.2999
1,105.8902,76.2462,76246.1999
1,106.0601,76.4161,76416.0999
1,106.0748,76.4308,76430.7999
1,106.1072,76.4632,76463.1999
1,106.1515,76.5075,76507.4999
1,106.1983,76.5543,76554.2999
1,106.3519,76.7079,76707.8999
1,106.3635,76.7195,76719.4999
1,106.4767,76.8327,76832.6999
1,106.6802,77.0362,77036.1999
1,106.7645,77.1205,77120.4999
1,106.9736,77.3296,77329.5999
1,106.9943,77.3503,77350.2999
1,107.0214,77.3774,77377.3999
1,107.0536,77.4096,77409.5999
1,107.1130,77.4690,77468.9999
1,107.1687,77.5247,77524.6999
1,107.4514,77.8074,77807.3999
1,107.5092,77.8652,77865.1999
1,107.6527,78.0087,78008.6999
1,107.7537,78.1097,78109.6999
1,108.3239,78.6799,78679.8999
1,108.3935,78.7495,78749.4999
1,108.5201,78.8761,78876.0999
1,108.6338,78.9898,78989.7999
1,108.8370,79.1930,79192.9999
1,108.8708,79.2268,79226.7999
1,109.1052,79.4612,79461.1999
1,109.2287,79.5847,79584.6999
1,109.2660,79.6220,79621.9999
1,109.4023,79.7583,79758.2999
1,109.4273,79.7833,79783.2999
1,109.4657,79.8217,79821.6999
1,109.4850,79.8410,79840.9999
1,109.6790,80.0350,80034.9999
1,109.7139,80.0699,80069.8999
1,109.7690,80.1250,80124.9999
1,109.7729,80.1289,80128.8999
1,110.0492,80.4052,80405.1999
1,110.0752,80.4312,80431.1999
1,110.0920,80.4480,80447.9999
1,110.0977,80.4537,80453.6999
1,110.1182,80.4742,80474.1999
1,110.1341,80.4901,80490.0999
1,110.3630,80.7190,80718.9999
1,110.4166,80.7726,80772.5999
1,110.5371,80.8931,80893.0999
1,110.7680,81.1240,81123.9999
1,110.9036,81.2596,81259.5999
1,110.9182,81.2742,81274.1999
1,110.9291,81.2851,81285.0999
1,110.9354,81.2914,81291.3999
1,110.9544,81.3104,81310.3999
1,111.0864,81.4424,81442.3999
1,111.2200,81.5760,81575.9999
1,111.2596,81.6156,81615.5999
1,111.3274,81.6834,81683.3999
1,111.4550,81.8110,81810.9999
1,111.5626,81.9186,81918.5999
1,111.7064,82.0624,82062.3999
1,111.7590,82.1150,82114.9999
1,111.8110,82.1670,82166.9999
1,111.8243,82.1803,82180.2999
1,111.8594,82.2154,82215.3999
1,112.0346,82.3906,82390.5999
1,112.0497,82.4057,82405.6999
1,112.0979,82.4539,82453.8999
1,112.4260,82.7820,82781.9999
1,112.4789,82.8349,82834.8999
1,112.6474,83.0034,83003.3999
1,112.6788,83.0348,83034.7999
1,112.7502,83.1062,83106.1999
1,112.7689,83.1249,83124.8999
1,112.8159,83.1719,83171.8999
1,112.8357,83.1917,83191.6999
1,112.9063,83.2623,83262.2999
1,113.0425,83.3985,83398.4999
1,113.0620,83.4180,83417.9999
1,113.1005,83.4565,83456.4999
1,113.2861,83.6421,83642.0999
1,113.5597,83.9157,83915.6999
1,113.5952,83.9512,83951.1999
1,113.6187,83.9747,83974.6999
1,113.9106,84.2666,84266.5999
1,114.1348,84.4908,84490.7999
1,114.3463,84.7023,84702.2999
1,114.4456,84.8016,84801.5999
1,114.7233,85.0793,85079.2999
1,114.8411,85.1971,85197.0999
1,114.9030,85.2590,85258.9999
1,115.2144,85.5704,85570.3999
1,115.3743,85.7303,85730.2999
1,115.4203,85.7763,85776.2999
1,115.4411,85.7971,85797.0999
1,115.4834,85.8394,85839.3999
1,115.5138,85.8698,85869.7999
1,115.5427,85.8987,85898.6999
1,115.5940,85.9500,85949.9999
1,115.6095,85.9655,85965.4999
1,115.6777,86.0337,86033.6999
1,115.7115,86.0675,86067.4999
1,116.0030,86.3590,86358.9999
1,116.1543,86.5103,86510.2999
1,116.1800,86.5360,86535.9999
1,116.2368,86.5928,86592.7999
1,116.2782,86.6342,86634.1999
1,116.5253,86.8813,86881.2999
1,116.5858,86.9418,86941.7999
1,116.6472,87.0032,87003.1999
1,116.6646,87.0206,87020.5999
1,116.6883,87.0443,87044.2999
1,116.8855,87.2415,87241.4999
1,116.9056,87.2616,87261.5999
1,117.0820,87.4380,87437.9999
1,117.1133,87.4693,87469.2999
1,117.3013,87.6573,87657.2999
1,117.3412,87.6972,87697.1999
1,117.5597,87.9157,87915.6999
1,117.6377,87.9937,87993.6999
1,117.9180,88.2740,88273.9999
1,117.9327,88.2887,88288.6999
1,117.9511,88.3071,88307.0999
1,117.9990,88.3550,88354.9999
1,118.3818,88.7378,88737.7999
1,118.4477,88.8037,88803.6999
1,118.4940,88.8500,88849.9999
1,118.5360,88.8920,88891.9999
1,118.5535,88.9095,88909.4999
1,118.5593,88.9153,88915.2999
1,118.5646,88.9206,88920.5999
1,118.5918,88.9478,88947.7999
1,118.6128,88.9688,88968.7999
1,118.8056,89.1616,89161.5999
1,118.9606,89.3166,89316.5999
1,119.0271,89.3831,89383.0999
1,119.1084,89.4644,89464.3999
1,119.1278,89.4838,89483.7999
1,119.1532,89.5092,89509.1999
1,119.3774,89.7334,89733.3999
1,119.6968,90.0528,90052.7999
1,119.7227,90.0787,90078.6999
1,119.7272,90.0832,90083.1999
1,119.7340,90.0900,90089.9999
1,119.7517,90.1077,90107.6999
1,119.9750,90.3310,90330.9999
1,120.0483,90.4043,90404.2999
1,120.1756,90.5316,90531.5999
1,120.2240,90.5800,90579.9999
1,120.2553,90.6113,90611.2999
1,120.6167,90.9727,90972.6999
1,120.7428,91.0988,91098.7999
1,120.7515,91.1075,91107.4999
1,120.8476,91.2036,91203.5999
1,120.9383,91.2943,91294.2999
1,120.9866,91.3426,91342.5999
1,121.0136,91.3696,91369.5999
1,121.3741,91.7301,91730.0999
1,121.4687,91.8247,91824.6999
1,121.6634,92.0194,92019.3999
1,121.9160,92.2720,92271.9999
1,121.9643,92.3203,92320.2999
1,121.9960,92.3520,92351.9999
1,122.0336,92.3896,92389.5999
1,122.1865,92.5425,92542.4999
1,122.2048,92.5608,92560.7999
1,122.3531,92.7091,92709.0999
1,122.4381,92.7941,92794.0999
1,122.5398,92.8958,92895.7999
1,122.6364,92.9924,92992.3999
1,123.0060,93.3620,93361.9999
1,123.0580,93.4140,93413.9999
1,123.2206,93.5766,93576.5999
1,123.2710,93.6270,93626.9999
1,123.4207,93.7767,93776.6999
1,123.5431,93.8991,93899.0999
1,123.5947,93.9507,93950.6999
1,123.6599,94.0159,94015.8999
1,123.7063,94.0623,94062.2999
1,123.7344,94.0904,94090.3999
1,123.9635,94.3195,94319.4999
1,123.9946,94.3506,94350.5999
1,124.0012,94.3572,94357.1999
1,124.0120,94.3680,94367.9999
1,124.2903,94.6463,94646.2999
1,124.3623,94.7183,94718.2999
1,124.4279,94.7839,94783.8999
1,124.5070,94.8630,94862.9999
1,124.6198,94.9758,94975.7999
1,124.6611,95.0171,95017.0999
1,124.6831,95.0391,95039.0999
1,124.7289,95.0849,95084.8999
1,124.8387,95.1947,95194.6999
1,124.8606,95.2166,95216.5999
1,124.9560,95.3120,95311.9999
1,125.0005,95.3565,95356.4999
1,125.0431,95.3991,95399.0999
1,125.0980,95.4540,95453.9999
1,125.1301,95.4861,95486.0999
1,125.1472,95.5032,95503.1999
1,125.1519,95.5079,95507.8999
1,125.1737,95.5297,95529.6999
1,125.3877,95.7437,95743.6999
1,125.6342,95.9902,95990.1999
1,125.7894,96.1454,96145.3999
1,126.1934,96.5494,96549.3999
1,126.2947,96.6507,96650.6999
1,126.4935,96.8495,96849.4999
1,126.5534,96.9094,96909.3999
1,126.6542,97.0102,97010.1999
1,126.7239,97.0799,97079.8999
1,127.0504,97.4064,97406.3999
1,127.1559,97.5119,97511.8999
1,127.2064,97.5624,97562.3999
1,127.2636,97.6196,97619.5999
1,127.2879,97.6439,97643.8999
1,127.3185,97.6745,97674.4999
1,127.3470,97.7030,97702.9999
1,127.4945,97.8505,97850.4999
1,127.5677,97.9237,97923.6999
1,127.6123,97.9683,97968.2999
1,127.6369,97.9929,97992.8999
1,127.9984,98.3544,98354.3999
1,128.1638,98.5198,98519.7999
1,128.2613,98.6173,98617.2999
1,128.5361,98.8921,98892.0999
1,128.6797,99.0357,99035.6999
1,128.7273,99.0833,99083.2999
1,128.7764,99.1324,99132.3999
1,128.9418,99.2978,99297.7999
1,128.9753,99.3313,99331.2999
1,129.0700,99.4260,99425.9999
1,129.0885,99.4445,99444.4999
1,129.1101,99.4661,99466.0999
1,129.1163,99.4723,99472.2999
1,129.1289,99.4849,99484.8999
1,129.3089,99.6649,99664.8999
1,129.3580,99.7140,99713.9999
1,129.7931,100.1491,100149.0999
1,129.8115,100.1675,100167.4999
1,129.9471,100.3031,100303.0999
1,130.0143,100.3703,100370.2999
1,130.0793,100.4353,100435.2999
1,130.1255,100.4815,100481.4999
1,130.1599,100.5159,100515.8999
1,130.1933,100.5493,100549.2999
1,130.2433,100.5993,100599.2999
1,130.4019,100.7579,100757.8999
1,130.5271,100.8831,100883.0999
1,130.7275,101.0835,101083.4999
1,130.8376,101.1936,101193.5999
1,130.8818,101.2378,101237.7999
1,131.0267,101.3827,101382.6999
1,131.1216,101.4776,101477.5999
1,131.2559,101.6119,101611.8999
1,131.3247,101.6807,101680.6999
1,131.4018,101.7578,101757.7999
1,131.4380,101.7940,101793.9999
1,131.6506,102.0066,102006.5999
1,131.7858,102.1418,102141.7999
1,132.0733,102.4293,102429.2999
1,132.0768,102.4328,102432.7999
1,132.0818,102.4378,102437.7999
1,132.0841,102.4401,102440.0999
1,132.0867,102.4427,102442.6999
1,132.0976,102.4536,102453.5999
1,132.4082,102.7642,102764.1999
1,132.4216,102.7776,102777.5999
1,132.4732,102.8292,102829.1999
1,132.4993,102.8553,102855.2999
1,132.5375,102.8935,102893.4999
1,132.5687,102.9247,102924.6999
1,132.7823,103.1383,103138.2999
1,132.9101,103.2661,103266.0999
1,132.9445,103.3005,103300.4999
1,133.4276,103.7836,103783.5999
1,133.4372,103.7932,103793.1999
1,133.5166,103.8726,103872.5999
1,133.6272,103.9832,103983.1999
1,133.8614,104.2174,104217.3999
1,133.9777,104.3337,104333.6999
1,134.1183,104.4743,104474.2999
1,134.3244,104.6804,104680.3999
1,134.3419,104.6979,104697.8999
1,134.3590,104.7150,104714.9999
1,134.3664,104.7224,104722.3999
1,134.3734,104.7294,104729.3999
1,134.3986,104.7546,104754.5999
1,134.6101,104.9661,104966.0999
1,134.7694,105.1254,105125.3999
1,134.8113,105.1673,105167.2999
1,134.9624,105.3184,105318.3999
1,135.0435,105.3995,105399.4999
1,135.1827,105.5387,105538.6999
1,135.5295,105.8855,105885.4999
1,135.5729,105.9289,105928.8999
1,135.5926,105.9486,105948.5999
1,135.7388,106.0948,106094.7999
1,135.7699,106.1259,106125.8999
1,135.8292,106.1852,106185.1999
1,136.0214,106.3774,106377.3999
1,136.0461,106.4021,106402.0999
1,136.0610,106.4170,106416.9999
1,136.4097,106.7657,106765.6999
1,136.5262,106.8822,106882.1999
1,136.5615,106.9175,106917.4999
1,136.7227,107.0787,107078.6999
1,136.7708,107.1268,107126.7999
1,136.7868,107.1428,107142.7999
1,137.1346,107.4906,107490.5999
1,137.3473,107.7033,107703.2999
1,137.4732,107.8292,107829.1999
1,137.5218,107.8778,107877.7999
1,137.5439,107.8999,107899.8999
1,137.7816,108.1376,108137.5999
1,137.9878,108.3438,108343.7999
1,138.0022,108.3582,108358.1999
1,138.0495,108.4055,108405.4999
1,138.1878,108.5438,108543.7999
1,138.2068,108.5628,108562.7999
1,138.2542,108.6102,108610.1999
1,138.2812,108.6372,108637.1999
1,138.4327,108.7887,108788.6999
1,138.4449,108.8009,108800.8999
1,138.5953,108.9513,108951.2999
1,138.6797,109.0357,109035.6999
1,138.8383,109.1943,109194.2999
1,139.0273,109.3833,109383.2999
1,139.1778,109.5338,109533.7999
1,139.3283,109.6843,109684.2999
1,139.3395,109.6955,109695.4999
1,139.3463,109.7023,109702.2999
1,139.3546,109.7106,109710.5999
1,139.4045,109.7605,109760.4999
1,139.5749,109.9309,109930.8999
1,139.7175,110.0735,110073.4999
1,139.7359,110.0919,110091.8999
1,139.7430,110.0990,110098.9999
1,139.7714,110.1274,110127.3999
1,139.9152,110.2712,110271.1999
1,139.9390,110.2950,110294.9999
1,139.9471,110.3031,110303.0999
1,139.9538,110.3098,110309.7999
1,139.9779,110.3339,110333.8999
1,140.0009,110.3569,110356.8999
1,140.2943,110.6503,110650.2999
1,140.3842,110.7402,110740.1999
1,140.4148,110.7708,110770.7999
1,140.4335,110.7895,110789.4999
1,140.4803,110.8363,110836.2999
1,140.8068,111.1628,111162.7999
1,140.8293,111.1853,111185.2999
1,140.9238,111.2798,111279.7999
1,140.9542,111.3102,111310.1999
1,141.2395,111.5955,111595.4999
1,141.2663,111.6223,111622.2999
1,141.2782,111.6342,111634.1999
1,141.2814,111.6374,111637.3999
1,141.3142,111.6702,111670.1999
1,141.3242,111.6802,111680.1999
1,141.3282,111.6842,111684.1999
1,141.5474,111.9034,111903.3999
1,141.6667,112.0227,112022.6999
1,141.7133,112.0693,112069.2999
1,141.7288,112.0848,112084.7999
1,141.7858,112.1418,112141.7999
1,142.0369,112.3929,112392.8999
1,142.0931,112.4491,112449.0999
1,142.1072,112.4632,112463.1999
1,142.1204,112.4764,112476.3999
1,142.1689,112.5249,112524.8999
1,142.1830,112.5390,112538.9999
1,142.2451,112.6011,112601.0999
1,142.2699,112.6259,112625.8999
1,142.3230,112.6790,112678.9999
1,142.3915,112.7475,112747.4999
1,142.4808,112.8368,112836.7999
1,142.7637,113.1197,113119.6999
1,142.8272,113.1832,113183.1999
1,142.8871,113.2431,113243.0999
1,143.0586,113.4146,113414.5999
1,143.0823,113.4383,113438.2999
1,143.1824,113.5384,113538.3999
1,143.1940,113.5500,113549.9999
1,143.2050,113.5610,113560.9999
1,143.2218,113.5778,113577.7999
1,143.2571,113.6131,113613.0999
1,143.8078,114.1638,114163.7999
1,143.8241,114.1801,114180.0999
1,143.9509,114.3069,114306.8999
1,143.9692,114.3252,114325.1999
1,143.9962,114.3522,114352.1999
1,144.2245,114.5805,114580.4999
1,144.2848,114.6408,114640.7999
1,144.3979,114.7539,114753.8999
1,144.4174,114.7734,114773.3999
1,144.5333,114.8893,114889.2999
1,144.5455,114.9015,114901.4999
1,144.5861,114.9421,114942.0999
1,144.8404,115.1964,115196.3999
1,144.9860,115.3420,115341.9999
1,145.0413,115.3973,115397.2999
1,145.0517,115.4077,115407.6999
1,145.0828,115.4388,115438.7999
1,145.1153,115.4713,115471.2999
1,145.2987,115.6547,115654.6999
1,145.5129,115.8689,115868.8999
1,145.5315,115.8875,115887.4999
1,145.5416,115.8976,115897.5999
1,145.5781,115.9341,115934.0999
1,145.7213,116.0773,116077.2999
1,145.7347,116.0907,116090.6999
1,145.7571,116.1131,116113.0999
1,145.7741,116.1301,116130.0999
1,145.8431,116.1991,116199.0999
1,145.8545,116.2105,116210.4999
1,145.8851,116.2411,116241.0999
1,145.8956,116.2516,116251.5999
1,145.9615,116.3175,116317.4999
1,145.9897,116.3457,116345.6999
1,146.0202,116.3762,116376.1999
1,146.0255,116.3815,116381.4999
1,146.0328,116.3888,116388.7999
1,146.0504,116.4064,116406.3999
1,146.1462,116.5022,116502.1999
1,146.1553,116.5113,116511.2999
1,146.1739,116.5299,116529.8999
1,146.3179,116.6739,116673.8999
1,146.3402,116.6962,116696.1999
1,146.3922,116.7482,116748.1999
1,146.4119,116.7679,116767.8999
1,146.6518,117.0078,117007.7999
1,146.9439,117.2999,117299.8999
1,146.9588,117.3148,117314.7999
1,146.9904,117.3464,117346.3999
1,147.0225,117.3785,117378.4999
1,147.0648,117.4208,117420.7999
1,147.1111,117.4671,117467.0999
1,147.1290,117.4850,117484.9999
1,147.1633,117.5193,117519.2999
1,147.1718,117.5278,117527.7999
1,147.2641,117.6201,117620.0999
1,147.3774,117.7334,117733.3999
1,147.4085,117.7645,117764.4999
1,147.5494,117.9054,117905.3999
1,147.5664,117.9224,117922.3999
1,147.5798,117.9358,117935.7999
1,147.5961,117.9521,117952.0999
1,147.8224,118.1784,118178.3999
1,147.9065,118.2625,118262.4999
1,147.9679,118.3239,118323.8999
1,147.9845,118.3405,118340.4999
1,148.0138,118.3698,118369.7999
1,148.0513,118.4073,118407.2999
1,148.2573,118.6133,118613.2999
1,148.3040,118.6600,118659.9999
1,148.5389,118.8949,118894.8999
1,148.7813,119.1373,119137.2999
1,148.8135,119.1695,119169.4999
1,148.8358,119.1918,119191.7999
1,148.8492,119.2052,119205.1999
1,148.8773,119.2333,119233.2999
1,148.8959,119.2519,119251.8999
1,149.0743,119.4303,119430.2999
1,149.1087,119.4647,119464.6999
1,149.2879,119.6439,119643.8999
1,149.4633,119.8193,119819.2999
1,149.4850,119.8410,119840.9999
1,149.5290,119.8850,119884.9999
1,149.7257,120.0817,120081.6999
1,149.7457,120.1017,120101.6999
1,149.8520,120.2080,120207.9999
1,149.8817,120.2377,120237.6999
1,149.9013,120.2573,120257.2999
1,149.9240,120.2800,120279.9999
1,150.0338,120.3898,120389.7999
1,150.1109,120.4669,120466.8999
1,150.3216,120.6776,120677.5999
1,150.6999,121.0559,121055.8999
1,150.7550,121.1110,121110.9999
1,150.7663,121.1223,121122.2999
1,150.7852,121.1412,121141.1999
1,150.8038,121.1598,121159.7999
1,150.8154,121.1714,121171.3999
1,151.0754,121.4314,121431.3999
1,151.3372,121.6932,121693.1999
1,151.3643,121.7203,121720.2999
1,151.3904,121.7464,121746.3999
1,151.4844,121.8404,121840.3999
1,151.5025,121.8585,121858.4999
1,151.5290,121.8850,121884.9999
1,151.5598,121.9158,121915.7999
1,151.7348,122.0908,122090.7999
1,151.7753,122.1313,122131.2999
1,151.9553,122.3113,122311.2999
1,152.1567,122.5127,122512.6999
1,152.1685,122.5245,122524.4999
1,152.1804,122.5364,122536.3999
1,152.3005,122.6565,122656.4999
1,152.3281,122.6841,122684.0999
1,152.3808,122.7368,122736.7999
1,152.5072,122.8632,122863.1999
1,152.5293,122.8853,122885.2999
1,152.5575,122.9135,122913.4999
1,152.7596,123.1156,123115.5999
1,152.7788,123.1348,123134.7999
1,152.7876,123.1436,123143.5999
1,153.0745,123.4305,123430.4999
1,153.0970,123.4530,123452.9999
1,153.2053,123.5613,123561.2999
1,153.2287,123.5847,123584.6999
1,153.5248,123.8808,123880.7999
1,153.5671,123.9231,123923.0999
1,153.7322,124.0882,124088.1999
1,153.7863,124.1423,124142.2999
1,154.1382,124.4942,124494.1999
1,154.1434,124.4994,124499.3999
1,154.1474,124.5034,124503.3999
1,154.1573,124.5133,124513.2999
1,154.1683,124.5243,124524.2999
1,154.1748,124.5308,124530.7999
1,154.1903,124.5463,124546.2999
1,154.4735,124.8295,124829.4999
1,154.4937,124.8497,124849.6999
1,154.7475,125.1035,125103.4999
1,154.7597,125.1157,125115.6999
1,154.7997,125.1557,125155.6999
1,154.9146,125.2706,125270.5999
1,154.9248,125.2808,125280.7999
1,154.9310,125.2870,125286.9999
1,155.1925,125.5485,125548.4999
1,155.2097,125.5657,125565.6999
1,155.6056,125.9616,125961.5999
1,155.6272,125.9832,125983.1999
1,155.7362,126.0922,126092.1999
1,155.7945,126.1505,126150.4999
1,155.8563,126.2123,126212.2999
1,156.0233,126.3793,126379.2999
1,156.0686,126.4246,126424.5999
1,156.2103,126.5663,126566.2999
1,156.2438,126.5998,126599.7999
1,156.2663,126.6223,126622.2999
1,156.2807,126.6367,126636.6999
1,156.5011,126.8571,126857.0999
1,156.5542,126.9102,126910.1999
1,156.5613,126.9173,126917.2999
1,156.5766,126.9326,126932.5999
1,156.5939,126.9499,126949.8999
1,156.6001,126.9561,126956.0999
1,156.8026,127.1586,127158.5999
1,156.8724,127.2284,127228.3999
1,156.9279,127.2839,127283.8999
1,157.1865,127.5425,127542.4999
1,157.3261,127.6821,127682.0999
1,157.4758,127.8318,127831.7999
1,157.5017,127.8577,127857.6999
1,157.5909,127.9469,127946.8999
1,157.7220,128.0780,128077.9999
1,157.7561,128.1121,128112.0999
1,157.7658,128.1218,128121.7999
1,157.8415,128.1975,128197.4999
1,157.8609,128.2169,128216.8999
1,157.8658,128.2218,128221.7999
1,158.3305,128.6865,128686.4999
1,158.4204,128.7764,128776.3999
1,158.5635,128.9195,128919.4999
1,158.5917,128.9477,128947.6999
1,158.5991,128.9551,128955.0999
1,158.8242,129.1802,129180.1999
1,158.8307,129.1867,129186.6999
1,158.8533,129.2093,129209.2999
1,158.8642,129.2202,129220.1999
1,158.8908,129.2468,129246.7999
1,158.9133,129.2693,129269.2999
1,159.0771,129.4331,129433.0999
1,159.0952,129.4512,129451.1999
1,159.1507,129.5067,129506.6999
1,159.1978,129.5538,129553.7999
1,159.2392,129.5952,129595.1999
1,159.3531,129.7091,129709.0999
1,159.3624,129.7184,129718.3999
1,159.3842,129.7402,129740.1999
1,159.5590,129.9150,129914.9999
1,159.5836,129.9396,129939.5999
1,159.8065,130.1625,130162.4999
1,159.9488,130.3048,130304.7999
1,160.1924,130.5484,130548.3999
1,160.2013,130.5573,130557.2999
1,160.2321,130.5881,130588.0999
1,160.2851,130.6411,130641.0999
1,160.3106,130.6666,130666.5999
1,160.3313,130.6873,130687.2999
1,160.3669,130.7229,130722.8999
1,160.8658,131.2218,131221.7999
1,161.0971,131.4531,131453.0999
1,161.1339,131.4899,131489.8999
1,161.2184,131.5744,131574.3999
1,161.2409,131.5969,131596.8999
1,161.2664,131.6224,131622.3999
1,161.2869,131.6429,131642.8999
1,161.3010,131.6570,131656.9999
1,161.3074,131.6634,131663.3999
1,161.3189,131.6749,131674.8999
1,161.3331,131.6891,131689.0999
1,161.5319,131.8879,131887.8999
1,161.6658,132.0218,132021.7999
1,161.9296,132.2856,132285.5999
1,162.0732,132.4292,132429.1999
1,162.2634,132.6194,132619.3999
1,162.2889,132.6449,132644.8999
1,162.3072,132.6632,132663.1999
1,162.4731,132.8291,132829.0999
1,162.5114,132.8674,132867.3999
1,162.9147,133.2707,133270.6999
1,163.1688,133.5248,133524.7999
1,163.2102,133.5662,133566.1999
1,163.2863,133.6423,133642.2999
1,163.4662,133.8222,133822.1999
1,163.5280,133.8840,133883.9999
1,163.5854,133.9414,133941.3999
1,163.6894,134.0454,134045.3999
1,163.7782,134.1342,134134.1999
1,163.8165,134.1725,134172.4999
1,164.0677,134.4237,134423.6999
1,164.2322,134.5882,134588.1999
1,164.2851,134.6411,134641.0999
1,164.3166,134.6726,134672.5999
1,164.5057,134.8617,134861.6999
1,164.7819,135.1379,135137.8999
1,164.8246,135.1806,135180.5999
1,164.8691,135.2251,135225.0999
1,164.9383,135.2943,135294.2999
1,164.9568,135.3128,135312.7999
1,165.1672,135.5232,135523.1999
1,165.2012,135.5572,135557.1999
1,165.2975,135.6535,135653.4999
1,165.3658,135.7218,135721.7999
1,165.4205,135.7765,135776.4999
1,165.6833,136.0393,136039.2999
1,165.7865,136.1425,136142.4999
1,166.0082,136.3642,136364.1999
1,166.0478,136.4038,136403.7999
1,166.0712,136.4272,136427.1999
1,166.1408,136.4968,136496.7999
1,166.3028,136.6588,136658.7999
1,166.3092,136.6652,136665.1999
1,166.3454,136.7014,136701.3999
1,166.3661,136.7221,136722.0999
1,166.3712,136.7272,136727.1999
1,166.5572,136.9132,136913.1999
1,166.7584,137.1144,137114.3999
1,166.8557,137.2117,137211.6999
1,166.9380,137.2940,137293.9999
1,167.0826,137.4386,137438.5999
1,167.1337,137.4897,137489.6999
1,167.2293,137.5853,137585.2999
1,167.2619,137.6179,137617.8999
1,167.3953,137.7513,137751.2999
1,167.3976,137.7536,137753.5999
1,167.4155,137.7715,137771.4999
1,167.8100,138.1660,138165.9999
1,167.8512,138.2072,138207.1999
1,167.8927,138.2487,138248.6999
1,167.9190,138.2750,138274.9999
1,167.9272,138.2832,138283.1999
1,167.9583,138.3143,138314.2999
1,168.0171,138.3731,138373.0999
1,168.1329,138.4889,138488.8999
1,168.4871,138.8431,138843.0999
1,168.5732,138.9292,138929.1999
1,168.6237,138.9797,138979.6999
1,168.6426,138.9986,138998.5999
1,168.6741,139.0301,139030.0999
1,168.8760,139.2320,139231.9999
1,168.8968,139.2528,139252.7999
1,169.0175,139.3735,139373.4999
1,169.1142,139.4702,139470.1999
1,169.2917,139.6477,139647.6999
1,169.3255,139.6815,139681.4999
1,169.4273,139.7833,139783.2999
1,169.4448,139.8008,139800.7999
1,169.5259,139.8819,139881.8999
1,169.6210,139.9770,139976.9999
1,169.7842,140.1402,140140.1999
1,170.0062,140.3622,140362.1999
1,170.0283,140.3843,140384.2999
1,170.0797,140.4357,140435.6999
1,170.2361,140.5921,140592.0999
1,170.4105,140.7665,140766.4999
1,170.4396,140.7956,140795.5999
1,170.6764,141.0324,141032.3999
1,170.7877,141.1437,141143.6999
1,170.8287,141.1847,141184.6999
1,170.8948,141.2508,141250.7999
1,171.0725,141.4285,141428.4999
1,171.2016,141.5576,141557.5999
1,171.4034,141.7594,141759.3999
1,171.4603,141.8163,141816.2999
1,171.7148,142.0708,142070.7999
1,171.7823,142.1383,142138.2999
1,171.8866,142.2426,142242.5999
1,172.0210,142.3770,142376.9999
1,172.0703,142.4263,142426.2999
1,172.1152,142.4712,142471.1999
1,172.2662,142.6222,142622.1999
1,172.6814,143.0374,143037.3999
1,172.9259,143.2819,143281.8999
1,172.9477,143.3037,143303.6999
1,172.9713,143.3273,143327.2999
1,173.0692,143.4252,143425.1999
1,173.1206,143.4766,143476.5999
1,173.1878,143.5438,143543.7999
1,173.2489,143.6049,143604.8999
1,173.3457,143.7017,143701.6999
1,173.6899,144.0459,144045.8999
1,173.7307,144.0867,144086.6999
1,173.9606,144.3166,144316.5999
1,174.0175,144.3735,144373.4999
1,174.2231,144.5791,144579.0999
1,174.2996,144.6556,144655.5999
1,174.3693,144.7253,144725.2999
1,174.4093,144.7653,144765.2999
1,174.4926,144.8486,144848.5999
1,174.5471,144.9031,144903.0999
1,174.5711,144.9271,144927.0999
1,174.5787,144.9347,144934.6999
1,174.6294,144.9854,144985.3999
1,174.6872,145.0432,145043.1999
1,174.8155,145.1715,145171.4999
1,174.8228,145.1788,145178.7999
1,174.9977,145.3537,145353.6999
1,175.5455,145.9015,145901.4999
1,175.6918,146.0478,146047.7999
1,175.7641,146.1201,146120.0999
1,175.8980,146.2540,146253.9999
1,175.9066,146.2626,146262.5999
1,175.9484,146.3044,146304.3999
1,176.2392,146.5952,146595.1999
1,176.3338,146.6898,146689.7999
1,176.3835,146.7395,146739.4999
1,176.4788,146.8348,146834.7999
1,176.5329,146.8889,146888.8999
1,176.5788,146.9348,146934.7999
1,176.6347,146.9907,146990.6999
1,176.7583,147.1143,147114.2999
1,176.9161,147.2721,147272.0999
1,176.9546,147.3106,147310.5999
1,177.1612,147.5172,147517.1999
1,177.3110,147.6670,147666.9999
1,177.5705,147.9265,147926.4999
1,177.5836,147.9396,147939.5999
1,177.6107,147.9667,147966.6999
1,177.7605,148.1165,148116.4999
1,177.8253,148.1813,148181.2999
1,178.1253,148.4813,148481.2999
1,178.1586,148.5146,148514.5999
1,178.1885,148.5445,148544.4999
1,178.2280,148.5840,148583.9999
1,178.4160,148.7720,148771.9999
1,178.4407,148.7967,148796.6999
1,178.6481,149.0041,149004.0999
1,178.7669,149.1229,149122.8999
1,179.0699,149.4259,149425.8999
1,179.1800,149.5360,149535.9999
1,179.2578,149.6138,149613.7999
1,179.3477,149.7037,149703.6999
1,179.4389,149.7949,149794.8999
1,179.4741,149.8301,149830.0999
1,179.6351,149.9911,149991.0999
1,179.6686,150.0246,150024.5999
1,179.7072,150.0632,150063.1999
1,179.7374,150.0934,150093.3999
1,179.7509,150.1069,150106.8999
1,180.0655,150.4215,150421.4999
1,180.1370,150.4930,150492.9999
1,180.1629,150.5189,150518.8999
1,180.2508,150.6068,150606.7999
1,180.5206,150.8766,150876.5999
1,180.5485,150.9045,150904.4999
1,180.5674,150.9234,150923.3999
1,180.5786,150.9346,150934.5999
1,180.6725,151.0285,151028.4999
1,180.8040,151.1600,151159.9999
1,180.8634,151.2194,151219.3999
1,180.9496,151.3056,151305.5999
1,181.1901,151.5461,151546.0999
1,181.3002,151.6562,151656.1999
1,181.3795,151.7355,151735.4999
1,181.3954,151.7514,151751.3999
1,181.4143,151.7703,151770.2999
1,181.6412,151.9972,151997.1999
1,181.6652,152.0212,152021.1999
1,181.7660,152.1220,152121.9999
1,181.7768,152.1328,152132.7999
1,181.7914,152.1474,152147.3999
1,182.1228,152.4788,152478.7999
1,182.1594,152.5154,152515.3999
1,182.1693,152.5253,152525.2999
1,182.1886,152.5446,152544.5999
1,182.2217,152.5777,152577.6999
1,182.2429,152.5989,152598.8999
1,182.3117,152.6677,152667.6999
1,182.3425,152.6985,152698.4999
1,182.3814,152.7374,152737.3999
1,182.6434,152.9994,152999.3999
1,182.7111,153.0671,153067.0999
1,182.9133,153.2693,153269.2999
1,183.0311,153.3871,153387.0999
1,183.0491,153.4051,153405.0999
1,183.0835,153.4395,153439.4999
1,183.2909,153.6469,153646.8999
1,183.3122,153.6682,153668.1999
1,183.3394,153.6954,153695.3999
1,183.6594,154.0154,154015.3999
1,183.7010,154.0570,154056.9999
1,183.7260,154.0820,154081.9999
1,183.7394,154.0954,154095.3999
1,183.7598,154.1158,154115.7999
1,183.8911,154.2471,154247.0999
1,183.9179,154.2739,154273.8999
1,184.0458,154.4018,154401.7999
1,184.0868,154.4428,154442.7999
1,184.1161,154.4721,154472.0999
1,184.1654,154.5214,154521.3999
1,184.1900,154.5460,154545.9999
1,184.2047,154.5607,154560.6999
1,184.2250,154.5810,154580.9999
1,184.2406,154.5966,154596.5999
1,184.2904,154.6464,154646.3999
1,184.5153,154.8713,154871.2999
1,184.6573,155.0133,155013.2999
1,184.7229,155.0789,155078.8999
1,184.8125,155.1685,155168.4999
1,184.8989,155.2549,155254.8999
1,185.1166,155.4726,155472.5999
1,185.1542,155.5102,155510.1999
1,185.2228,155.5788,155578.7999
1,185.2625,155.6185,155618.4999
1,185.4894,155.8454,155845.3999
1,185.5083,155.8643,155864.2999
1,185.5375,155.8935,155893.4999
1,185.5737,155.9297,155929.6999
1,185.5942,155.9502,155950.1999
1,185.6116,155.9676,155967.5999
1,185.6218,155.9778,155977.7999
1,185.8131,156.1691,156169.0999
1,185.8437,156.1997,156199.6999
1,185.8665,156.2225,156222.4999
1,185.8794,156.2354,156235.3999
1,185.9149,156.2709,156270.8999
1,186.1053,156.4613,156461.2999
1,186.1314,156.4874,156487.3999
1,186.2181,156.5741,156574.0999
1,186.2715,156.6275,156627.4999
1,186.2817,156.6377,156637.6999
1,186.2953,156.6513,156651.2999
1,186.3533,156.7093,156709.2999
1,186.4564,156.8124,156812.3999
1,186.6798,157.0358,157035.7999
1,186.9223,157.2783,157278.2999
1,186.9304,157.2864,157286.3999
1,186.9376,157.2936,157293.5999
1,186.9478,157.3038,157303.7999
1,186.9793,157.3353,157335.2999
1,187.3005,157.6565,157656.4999
1,187.3873,157.7433,157743.2999
1,187.4011,157.7571,157757.0999
1,187.7216,158.0776,158077.5999
1,187.7567,158.1127,158112.6999
1,187.9360,158.2920,158291.9999
1,188.0208,158.3768,158376.7999
1,188.1508,158.5068,158506.7999
1,188.1989,158.5549,158554.8999
1,188.4964,158.8524,158852.3999
1,188.5357,158.8917,158891.6999
1,188.5519,158.9079,158907.8999
1,188.5635,158.9195,158919.4999
1,188.5753,158.9313,158931.2999
1,188.5943,158.9503,158950.2999
1,188.6282,158.9842,158984.1999
1,188.7396,159.0956,159095.5999
1,188.7565,159.1125,159112.4999
1,188.7764,159.1324,159132.3999
1,188.7880,159.1440,159143.9999
1,188.8258,159.1818,159181.7999
1,188.8562,159.2122,159212.1999
1,189.0744,159.4304,159430.3999
1,189.1720,159.5280,159527.9999
1,189.2384,159.5944,159594.3999
1,189.2541,159.6101,159610.0999
1,189.3124,159.6684,159668.3999
1,189.4066,159.7626,159762.5999
1,189.4410,159.7970,159796.9999
1,189.5895,159.9455,159945.4999
1,189.6298,159.9858,159985.7999
1,189.8515,160.2075,160207.4999
1,189.8697,160.2257,160225.6999
1,189.9383,160.2943,160294.2999
1,189.9763,160.3323,160332.2999
1,190.1973,160.5533,160553.2999
1,190.3985,160.7545,160754.4999
1,190.6745,161.0305,161030.4999
1,190.8888,161.2448,161244.7999
1,190.9144,161.2704,161270.3999
1,190.9245,161.2805,161280.4999
1,190.9350,161.2910,161290.9999
1,191.0829,161.4389,161438.8999
1,191.3742,161.7302,161730.1999
1,191.4288,161.7848,161784.7999
1,191.4398,161.7958,161795.7999
1,191.4515,161.8075,161807.4999
1,191.5005,161.8565,161856.4999
1,191.6208,161.9768,161976.7999
1,191.6305,161.9865,161986.4999
1,191.6445,162.0005,162000.4999
1,191.7174,162.0734,162073.3999
1,191.8916,162.2476,162247.5999
1,192.2324,162.5884,162588.3999
1,192.2751,162.6311,162631.0999
1,192.3607,162.7167,162716.6999
1,192.4431,162.7991,162799.0999
1,192.4680,162.8240,162823.9999
1,192.4847,162.8407,162840.6999
1,192.4960,162.8520,162851.9999
1,192.5041,162.8601,162860.0999
1,192.5167,162.8727,162872.6999
1,192.5221,162.8781,162878.0999
1,192.7213,163.0773,163077.2999
1,192.7508,163.1068,163106.7999
1,192.8935,163.2495,163249.4999
1,192.9407,163.2967,163296.6999
1,192.9672,163.3232,163323.1999
1,192.9735,163.3295,163329.4999
1,193.0178,163.3738,163373.7999
1,193.0336,163.3896,163389.5999
1,193.0620,163.4180,163417.9999
1,193.1096,163.4656,163465.5999
1,193.1795,163.5355,163535.4999
1,193.4648,163.8208,163820.7999
1,193.5170,163.8730,163872.9999
1,193.5426,163.8986,163898.5999
1,193.5477,163.9037,163903.6999
1,193.7467,164.1027,164102.6999
1,193.7635,164.1195,164119.4999
1,193.8188,164.1748,164174.7999
1,193.8292,164.1852,164185.1999
1,193.8814,164.2374,164237.3999
1,193.9620,164.3180,164317.9999
1,193.9824,164.3384,164338.3999
1,194.0043,164.3603,164360.2999
1,194.1277,164.4837,164483.6999
1,194.3245,164.6805,164680.4999
1,194.4270,164.7830,164782.9999
1,194.4838,164.8398,164839.7999
1,194.4987,164.8547,164854.6999
1,194.8746,165.2306,165230.5999
1,194.8830,165.2390,165238.9999
1,195.0106,165.3666,165366.5999
1,195.0467,165.4027,165402.6999
1,195.1380,165.4940,165493.9999
1,195.2616,165.6176,165617.5999
1,195.3274,165.6834,165683.3999
1,195.3430,165.6990,165698.9999
1,195.3560,165.7120,165711.9999
1,195.3904,165.7464,165746.3999
1,195.5297,165.8857,165885.6999
1,195.5514,165.9074,165907.3999
1,195.6188,165.9748,165974.7999
1,195.6684,166.0244,166024.3999
1,195.7976,166.1536,166153.5999
1,196.0485,166.4045,166404.4999
1,196.2178,166.5738,166573.7999
1,196.2813,166.6373,166637.2999
1,196.3285,166.6845,166684.4999
1,196.4216,166.7776,166777.5999
1,196.4511,166.8071,166807.0999
1,196.4869,166.8429,166842.8999
1,196.5130,166.8690,166868.9999
1,196.5575,166.9135,166913.4999
1,196.5964,166.9524,166952.3999
1,196.6298,166.9858,166985.7999
1,196.7572,167.1132,167113.1999
1,196.9428,167.2988,167298.7999
1,197.1527,167.5087,167508.6999
1,197.2277,167.5837,167583.6999
1,197.3427,167.6987,167698.6999
1,197.5380,167.8940,167893.9999
1,197.5976,167.9536,167953.5999
1,197.6160,167.9720,167971.9999
1,197.6698,168.0258,168025.7999
1,197.6911,168.0471,168047.0999
1,197.8669,168.2229,168222.8999
1,198.1057,168.4617,168461.6999
1,198.2131,168.5691,168569.0999
1,198.2245,168.5805,168580.4999
1,198.2372,168.5932,168593.1999
1,198.2570,168.6130,168612.9999
1,198.2715,168.6275,168627.4999
1,198.2791,168.6351,168635.0999
1,198.2923,168.6483,168648.2999
1,198.3133,168.6693,168669.2999
1,198.4864,168.8424,168842.3999
1,198.5061,168.8621,168862.0999
1,198.5629,168.9189,168918.8999
1,198.7819,169.1379,169137.8999
1,198.8122,169.1682,169168.1999
1,198.8511,169.2071,169207.0999
1,198.9605,169.3165,169316.4999
1,199.1498,169.5058,169505.7999
1,199.1808,169.5368,169536.7999
1,199.2101,169.5661,169566.0999
1,199.2221,169.5781,169578.0999
1,199.2302,169.5862,169586.1999
1,199.2544,169.6104,169610.3999
1,199.2813,169.6373,169637.2999
1,199.5176,169.8736,169873.5999
1,199.5457,169.9017,169901.6999
1,199.5830,169.9390,169938.9999
1,199.8150,170.1710,170170.9999
1,199.8290,170.1850,170184.9999
1,199.8335,170.1895,170189.4999
1,199.8422,170.1982,170198.1999
1,199.8478,170.2038,170203.7999
1,199.8581,170.2141,170214.0999
1,200.1063,170.4623,170462.2999
1,200.1261,170.4821,170482.0999
1,200.2671,170.6231,170623.0999
1,200.3365,170.6925,170692.4999
1,200.3746,170.7306,170730.5999
1,200.4523,170.8083,170808.2999
1,200.4633,170.8193,170819.2999
1,200.4755,170.8315,170831.4999
1,200.4845,170.8405,170840.4999
1,200.6976,171.0536,171053.5999
1,200.8657,171.2217,171221.6999
1,200.9230,171.2790,171278.9999
1,200.9378,171.2938,171293.7999
1,200.9456,171.3016,171301.5999
1,200.9620,171.3180,171317.9999
1,201.0194,171.3754,171375.3999
1,201.0634,171.4194,171419.3999
1,201.1783,171.5343,171534.2999
1,201.2755,171.6315,171631.4999
1,201.3053,171.6613,171661.2999
1,201.3204,171.6764,171676.3999
1,201.5326,171.8886,171888.5999
1,201.5499,171.9059,171905.8999
1,201.5604,171.9164,171916.3999
1,201.5723,171.9283,171928.2999
1,201.5789,171.9349,171934.8999
1,201.7970,172.1530,172152.9999
1,202.0519,172.4079,172407.8999
1,202.0984,172.4544,172454.3999
1,202.1235,172.4795,172479.4999
1,202.1465,172.5025,172502.4999
1,202.1710,172.5270,172526.9999
1,202.1940,172.5500,172549.9999
1,202.2151,172.5711,172571.0999
1,202.2908,172.6468,172646.7999
1,202.3086,172.6646,172664.5999
1,202.6131,172.9691,172969.0999
1,202.7084,173.0644,173064.3999
1,202.8341,173.1901,173190.0999
1,202.9354,173.2914,173291.3999
1,203.3063,173.6623,173662.2999
1,203.3849,173.7409,173740.8999
1,203.4771,173.8331,173833.0999
1,203.5604,173.9164,173916.3999
1,203.7058,174.0618,174061.7999
1,203.7303,174.0863,174086.2999
1,203.8664,174.2224,174222.3999
1,203.9200,174.2760,174275.9999
1,203.9575,174.3135,174313.4999
1,203.9841,174.3401,174340.0999
1,204.0617,174.4177,174417.6999
1,204.2509,174.6069,174606.8999
1,204.2708,174.6268,174626.7999
1,204.2895,174.6455,174645.4999
1,204.3097,174.6657,174665.6999
1,204.4369,174.7929,174792.8999
1,204.4509,174.8069,174806.8999
1,204.4768,174.8328,174832.7999
1,204.8571,175.2131,175213.0999
1,204.9041,175.2601,175260.0999
1,204.9259,175.2819,175281.8999
1,205.0726,175.4286,175428.5999
1,205.3844,175.7404,175740.3999
1,205.4185,175.7745,175774.4999
1,205.4250,175.7810,175780.9999
1,205.4598,175.8158,175815.7999
1,205.8079,176.1639,176163.8999
1,206.1739,176.5299,176529.8999
1,206.3399,176.6959,176695.8999
1,206.3799,176.7359,176735.8999
1,206.6642,177.0202,177020.1999
1,206.8679,177.2239,177223.8999
1,206.9517,177.3077,177307.6999
1,207.0015,177.3575,177357.4999
1,207.0344,177.3904,177390.3999
1,207.0940,177.4500,177449.9999
1,207.2254,177.5814,177581.3999
1,207.2366,177.5926,177592.5999
1,207.2482,177.6042,177604.1999
1,207.4065,177.7625,177762.4999
1,207.6864,178.0424,178042.3999
1,207.7445,178.1005,178100.4999
1,207.7857,178.1417,178141.6999
1,207.8201,178.1761,178176.0999
1,208.0165,178.3725,178372.4999
1,208.4529,178.8089,178808.8999
1,208.6227,178.9787,178978.6999
1,208.6853,179.0413,179041.2999
1,208.8359,179.1919,179191.8999
1,208.8929,179.2489,179248.8999
1,209.2419,179.5979,179597.8999
1,209.3399,179.6959,179695.8999
1,209.5457,179.9017,179901.6999
1,209.6900,180.0460,180045.9999
1,209.7131,180.0691,180069.0999
1,209.7348,180.0908,180090.7999
1,209.9869,180.3429,180342.8999
1,210.1757,180.5317,180531.6999
1,210.1920,180.5480,180547.9999
1,210.4930,180.8490,180848.9999
1,210.6042,180.9602,180960.1999
1,210.7942,181.1502,181150.1999
1,210.9195,181.2755,181275.4999
1,210.9862,181.3422,181342.1999
1,211.0836,181.4396,181439.5999
1,211.1844,181.5404,181540.3999
1,211.1941,181.5501,181550.0999
1,211.1965,181.5525,181552.4999
1,211.2317,181.5877,181587.6999
1,211.2671,181.6231,181623.0999
1,211.4726,181.8286,181828.5999
1,211.5119,181.8679,181867.8999
1,211.5311,181.8871,181887.0999
1,211.8225,182.1785,182178.4999
1,211.8782,182.2342,182234.1999
1,211.9181,182.2741,182274.0999
1,212.2565,182.6125,182612.4999
1,212.3138,182.6698,182669.7999
1,212.3358,182.6918,182691.7999
1,212.3962,182.7522,182752.1999
1,212.6529,183.0089,183008.8999
1,212.6869,183.0429,183042.8999
1,212.8557,183.2117,183211.6999
1,212.9010,183.2570,183256.9999
1,212.9291,183.2851,183285.0999
1,212.9475,183.3035,183303.4999
1,212.9835,183.3395,183339.4999
1,213.0546,183.4106,183410.5999
1,213.3471,183.7031,183703.0999
1,213.3914,183.7474,183747.3999
1,213.4196,183.7756,183775.5999
1,213.4444,183.8004,183800.3999
1,213.4539,183.8099,183809.8999
1,213.4809,183.8369,183836.8999
1,213.4880,183.8440,183843.9999
1,213.4996,183.8556,183855.5999
1,213.6612,184.0172,184017.1999
1,213.8413,184.1973,184197.2999
1,213.9089,184.2649,184264.8999
1,214.0144,184.3704,184370.3999
1,214.3087,184.6647,184664.6999
1,214.4516,184.8076,184807.5999
1,214.4926,184.8486,184848.5999
1,214.7028,185.0588,185058.7999
1,214.7942,185.1502,185150.1999
1,214.9594,185.3154,185315.3999
1,215.1649,185.5209,185520.8999
1,215.3296,185.6856,185685.5999
1,215.3605,185.7165,185716.4999
1,215.5759,185.9319,185931.8999
1,215.5983,185.9543,185954.2999
1,215.6376,185.9936,185993.5999
1,215.6788,186.0348,186034.7999
1,215.7153,186.0713,186071.2999
1,215.7204,186.0764,186076.3999
1,215.7660,186.1220,186121.9999
1,215.8688,186.2248,186224.7999
1,215.8922,186.2482,186248.1999
1,215.9346,186.2906,186290.5999
1,216.1000,186.4560,186455.9999
1,216.1201,186.4761,186476.0999
1,216.1279,186.4839,186483.8999
1,216.1532,186.5092,186509.1999
1,216.1584,186.5144,186514.3999
1,216.1954,186.5514,186551.3999
1,216.3157,186.6717,186671.6999
1,216.3559,186.7119,186711.8999
1,216.3721,186.7281,186728.0999
1,216.5481,186.9041,186904.0999
1,216.6339,186.9899,186989.8999
1,216.6683,187.0243,187024.2999
1,216.7030,187.0590,187058.9999
1,216.8061,187.1621,187162.0999
1,216.9421,187.2981,187298.0999
1,216.9713,187.3273,187327.2999
1,217.0374,187.3934,187393.3999
1,217.0423,187.3983,187398.2999
1,217.1264,187.4824,187482.3999
1,217.1607,187.5167,187516.6999
1,217.2508,187.6068,187606.7999
1,217.4517,187.8077,187807.6999
1,217.5409,187.8969,187896.8999
1,217.5891,187.9451,187945.0999
1,217.6071,187.9631,187963.0999
1,217.6563,188.0123,188012.2999
1,217.7059,188.0619,188061.8999
1,217.8055,188.1615,188161.4999
1,217.9115,188.2675,188267.4999
1,217.9501,188.3061,188306.0999
1,217.9642,188.3202,188320.1999
1,218.1216,188.4776,188477.5999
1,218.2771,188.6331,188633.0999
1,218.3697,188.7257,188725.6999
1,218.4322,188.7882,188788.1999
1,218.5529,188.9089,188908.8999
1,218.6211,188.9771,188977.0999
1,218.7772,189.1332,189133.1999
1,218.8321,189.1881,189188.0999
1,218.8585,189.2145,189214.4999
1,218.8904,189.2464,189246.3999
1,219.1588,189.5148,189514.7999
1,219.3461,189.7021,189702.0999
1,219.4258,189.7818,189781.7999
1,219.4670,189.8230,189822.9999
1,219.5417,189.8977,189897.6999
1,219.7444,190.1004,190100.3999
1,219.7687,190.1247,190124.6999
1,220.0092,190.3652,190365.1999
1,220.0430,190.3990,190398.9999
1,220.1835,190.5395,190539.4999
1,220.3519,190.7079,190707.8999
1,220.4917,190.8477,190847.6999
1,220.8051,191.1611,191161.0999
1,220.9282,191.2842,191284.1999
1,220.9683,191.3243,191324.2999
1,220.9767,191.3327,191332.6999
1,220.9971,191.3531,191353.0999
1,221.1765,191.5325,191532.4999
1,221.2145,191.5705,191570.4999
1,221.2583,191.6143,191614.2999
1,221.3815,191.7375,191737.4999
1,221.4184,191.7744,191774.3999
1,221.5298,191.8858,191885.7999
1,221.5993,191.9553,191955.2999
1,221.6187,191.9747,191974.6999
1,221.6384,191.9944,191994.3999
1,221.6563,192.0123,192012.2999
1,221.7546,192.1106,192110.5999
1,221.7993,192.1553,192155.2999
1,221.9447,192.3007,192300.6999
1,222.0044,192.3604,192360.3999
1,222.0186,192.3746,192374.5999
1,222.0502,192.4062,192406.1999
1,222.1329,192.4889,192488.8999
1,222.3501,192.7061,192706.0999
1,222.4684,192.8244,192824.3999
1,222.4790,192.8350,192834.9999
1,222.4859,192.8419,192841.8999
1,222.5052,192.8612,192861.1999
1,222.5110,192.8670,192866.9999
1,222.5218,192.8778,192877.7999
1,222.5365,192.8925,192892.4999
1,222.5608,192.9168,192916.7999
1,222.7344,193.0904,193090.3999
1,222.7615,193.1175,193117.4999
1,222.9457,193.3017,193301.6999
1,222.9895,193.3455,193345.4999
1,223.0074,193.3634,193363.3999
1,223.1441,193.5001,193500.0999
1,223.2167,193.5727,193572.6999
1,223.2278,193.5838,193583.7999
1,223.2440,193.6000,193599.9999
1,223.4283,193.7843,193784.2999
1,223.6593,194.0153,194015.2999
1,223.7973,194.1533,194153.2999
1,223.8393,194.1953,194195.2999
1,223.9236,194.2796,194279.5999
1,224.0504,194.4064,194406.3999
1,224.1502,194.5062,194506.1999
1,224.1725,194.5285,194528.4999
1,224.3105,194.6665,194666.4999
1,224.4163,194.7723,194772.2999
1,224.6863,195.0423,195042.2999
1,224.8672,195.2232,195223.1999
1,225.1228,195.4788,195478.7999
1,225.2529,195.6089,195608.8999
1,225.3558,195.7118,195711.7999
1,225.4153,195.7713,195771.2999
1,225.6351,195.9911,195991.0999
1,225.8073,196.1633,196163.2999
1,225.9534,196.3094,196309.3999
1,225.9753,196.3313,196331.2999
1,225.9945,196.3505,196350.4999
1,226.0183,196.3743,196374.2999
1,226.0300,196.3860,196385.9999
1,226.2337,196.5897,196589.6999
1,226.5874,196.9434,196943.3999
1,226.6138,196.9698,196969.7999
1,226.6467,197.0027,197002.6999
1,226.6600,197.0160,197015.9999
1,226.7085,197.0645,197064.4999
1,226.7307,197.0867,197086.6999
1,226.7575,197.1135,197113.4999
1,226.7990,197.1550,197154.9999
1,226.9219,197.2779,197277.8999
1,226.9970,197.3530,197352.9999
1,227.0182,197.3742,197374.1999
1,227.0416,197.3976,197397.5999
1,227.0655,197.4215,197421.4999
1,227.3035,197.6595,197659.4999
1,227.3885,197.7445,197744.4999
1,227.4203,197.7763,197776.2999
1,227.4381,197.7941,197794.0999
1,227.4714,197.8274,197827.3999
1,227.6471,198.0031,198003.0999
1,227.6875,198.0435,198043.4999
1,227.7505,198.1065,198106.4999
1,227.8282,198.1842,198184.1999
1,227.8598,198.2158,198215.7999
1,227.8841,198.2401,198240.0999
1,228.0168,198.3728,198372.7999
1,228.2010,198.5570,198556.9999
1,228.3587,198.7147,198714.6999
1,228.5020,198.8580,198857.9999
1,228.7427,199.0987,199098.6999
1,228.8030,199.1590,199158.9999
1,228.8665,199.2225,199222.4999
1,229.1599,199.5159,199515.8999
1,229.2523,199.6083,199608.2999
1,229.2791,199.6351,199635.0999
1,229.4253,199.7813,199781.2999
1,229.7113,200.0673,200067.2999
1,229.7381,200.0941,200094.0999
1,229.7641,200.1201,200120.0999
1,229.7763,200.1323,200132.2999
1,229.7899,200.1459,200145.8999
1,229.8340,200.1900,200189.9999
1,229.8580,200.2140,200213.9999
1,229.8737,200.2297,200229.6999
1,229.9450,200.3010,200300.9999
1,230.1108,200.4668,200466.7999
1,230.2723,200.6283,200628.2999
1,230.3117,200.6677,200667.6999
1,230.4933,200.8493,200849.2999
1,230.5848,200.9408,200940.7999
1,230.6758,201.0318,201031.7999
1,230.7713,201.1273,201127.2999
1,230.8421,201.1981,201198.0999
1,230.9801,201.3361,201336.0999
1,231.0137,201.3697,201369.6999
1,231.0578,201.4138,201413.7999
1,231.2203,201.5763,201576.2999
1,231.3975,201.7535,201753.4999
1,231.5308,201.8868,201886.7999
1,231.5629,201.9189,201918.8999
1,231.7284,202.0844,202084.3999
1,231.8153,202.1713,202171.2999
1,231.8469,202.2029,202202.8999
1,231.8660,202.2220,202221.9999
1,231.8944,202.2504,202250.3999
1,231.9289,202.2849,202284.8999
1,232.1906,202.5466,202546.5999
1,232.2625,202.6185,202618.4999
1,232.3478,202.7038,202703.7999
1,232.5456,202.9016,202901.5999
1,232.6106,202.9666,202966.5999
1,232.7440,203.1000,203099.9999
1,232.9831,203.3391,203339.0999
1,233.0346,203.3906,203390.5999
1,233.0902,203.4462,203446.1999
1,233.1405,203.4965,203496.4999
1,233.2075,203.5635,203563.4999
1,233.3035,203.6595,203659.4999
1,233.3203,203.6763,203676.2999
1,233.3618,203.7178,203717.7999
1,233.5691,203.9251,203925.0999
1,233.7191,204.0751,204075.0999
1,233.7382,204.0942,204094.1999
1,233.8045,204.1605,204160.4999
1,233.9308,204.2868,204286.7999
1,233.9426,204.2986,204298.5999
1,234.0282,204.3842,204384.1999
1,234.0454,204.4014,204401.3999
1,234.1146,204.4706,204470.5999
1,234.2244,204.5804,204580.3999
1,234.4755,204.8315,204831.4999
1,234.5288,204.8848,204884.7999
1,234.6109,204.9669,204966.8999
1,234.6249,204.9809,204980.8999
1,234.7972,205.1532,205153.1999
1,234.8292,205.1852,205185.1999
1,234.8891,205.2451,205245.0999
1,234.9664,205.3224,205322.3999
1,235.2427,205.5987,205598.6999
1,235.2873,205.6433,205643.2999
1,235.3600,205.7160,205715.9999
1,235.3719,205.7279,205727.8999
1,235.4489,205.8049,205804.8999
1,235.5038,205.8598,205859.7999
1,235.6441,206.0001,206000.0999
1,235.9148,206.2708,206270.7999
1,235.9421,206.2981,206298.0999
1,236.1138,206.4698,206469.7999
1,236.1462,206.5022,206502.1999
1,236.3562,206.7122,206712.1999
1,236.3853,206.7413,206741.2999
1,236.4499,206.8059,206805.8999
1,236.5996,206.9556,206955.5999
1,236.6588,207.0148,207014.7999
1,236.7477,207.1037,207103.6999
1,236.8169,207.1729,207172.8999
1,236.8461,207.2021,207202.0999
1,236.8717,207.2277,207227.6999
1,237.1102,207.4662,207466.1999
1,237.1630,207.5190,207518.9999
1,237.1916,207.5476,207547.5999
1,237.3032,207.6592,207659.1999
1,237.3388,207.6948,207694.7999
1,237.3665,207.7225,207722.4999
1,237.4207,207.7767,207776.6999
1,237.4498,207.8058,207805.7999
1,237.4721,207.8281,207828.0999
1,237.4932,207.8492,207849.1999
1,237.5295,207.8855,207885.4999
1,237.6193,207.9753,207975.2999
1,237.7100,208.0660,208065.9999
1,237.7289,208.0849,208084.8999
1,237.7452,208.1012,208101.1999
1,237.7846,208.1406,208140.5999
1,237.8071,208.1631,208163.0999
1,237.8231,208.1791,208179.0999
1,238.0923,208.4483,208448.2999
1,238.3869,208.7429,208742.8999
1,238.4881,208.8441,208844.0999
1,238.6482,209.0042,209004.1999
1,238.7441,209.1001,209100.0999
1,239.0390,209.3950,209394.9999
1,239.2843,209.6403,209640.2999
1,239.3536,209.7096,209709.5999
1,239.4938,209.8498,209849.7999
1,239.7421,210.0981,210098.0999
1,239.8933,210.2493,210249.2999
1,239.9322,210.2882,210288.1999
1,239.9490,210.3050,210304.9999
1,239.9599,210.3159,210315.8999
1,240.0304,210.3864,210386.3999
1,240.0652,210.4212,210421.1999
1,240.0937,210.4497,210449.6999
1,240.1117,210.4677,210467.6999
1,240.1227,210.4787,210478.6999
1,240.2180,210.5740,210573.9999
1,240.3762,210.7322,210732.1999
1,240.3974,210.7534,210753.3999
1,240.4090,210.7650,210764.9999
1,240.7730,211.1290,211128.9999
1,240.9030,211.2590,211258.9999
1,240.9370,211.2930,211292.9999
1,241.0172,211.3732,211373.1999
1,241.0476,211.4036,211403.5999
1,241.1188,211.4748,211474.7999
1,241.1687,211.5247,211524.6999
1,241.1992,211.5552,211555.1999
1,241.3511,211.7071,211707.0999
1,241.3696,211.7256,211725.5999
1,241.5989,211.9549,211954.8999
1,241.8510,212.2070,212206.9999
1,241.8983,212.2543,212254.2999
1,241.9701,212.3261,212326.0999
1,242.0108,212.3668,212366.7999
1,242.1815,212.5375,212537.4999
1,242.1932,212.5492,212549.1999
1,242.3875,212.7435,212743.4999
1,242.5132,212.8692,212869.1999
1,242.5959,212.9519,212951.8999
1,242.7152,213.0712,213071.1999
1,242.8189,213.1749,213174.8999
1,242.8547,213.2107,213210.6999
1,242.9841,213.3401,213340.0999
1,243.0122,213.3682,213368.1999
1,243.0445,213.4005,213400.4999
1,243.1543,213.5103,213510.2999
1,243.2293,213.5853,213585.2999
1,243.4271,213.7831,213783.0999
1,243.4976,213.8536,213853.5999
1,243.5178,213.8738,213873.7999
1,243.8247,214.1807,214180.6999
1,243.8674,214.2234,214223.3999
1,243.8904,214.2464,214246.3999
1,244.1067,214.4627,214462.6999
1,244.4944,214.8504,214850.3999
1,244.5772,214.9332,214933.1999
1,244.6248,214.9808,214980.7999
1,244.7570,215.1130,215112.9999
1,244.8723,215.2283,215228.2999
1,245.1160,215.4720,215471.9999
1,245.1671,215.5231,215523.0999
1,245.4541,215.8101,215810.0999
1,245.5628,215.9188,215918.7999
1,245.6999,216.0559,216055.8999
1,245.7556,216.1116,216111.5999
1,245.7919,216.1479,216147.8999
1,245.7996,216.1556,216155.5999
1,245.8340,216.1900,216189.9999
1,245.8788,216.2348,216234.7999
1,245.9309,216.2869,216286.8999
1,245.9433,216.2993,216299.2999
1,245.9600,216.3160,216315.9999
1,246.4334,216.7894,216789.3999
1,246.4596,216.8156,216815.5999
1,246.4923,216.8483,216848.2999
1,246.5388,216.8948,216894.7999
1,246.5905,216.9465,216946.4999
1,246.6179,216.9739,216973.8999
1,246.6505,217.0065,217006.4999
1,246.7291,217.0851,217085.0999
1,246.9414,217.2974,217297.3999
1,247.1711,217.5271,217527.0999
1,247.2495,217.6055,217605.4999
1,247.4510,217.8070,217806.9999
1,247.6151,217.9711,217971.0999
1,247.6748,218.0308,218030.7999
1,247.8451,218.2011,218201.0999
1,248.0106,218.3666,218366.5999
1,248.1747,218.5307,218530.6999
1,248.1881,218.5441,218544.0999
1,248.2013,218.5573,218557.2999
1,248.2169,218.5729,218572.8999
1,248.2268,218.5828,218582.7999
1,248.2420,218.5980,218597.9999
1,248.2647,218.6207,218620.6999
1,248.6487,219.0047,219004.6999
1,248.6963,219.0523,219052.2999
1,248.8455,219.2015,219201.4999
1,248.8643,219.2203,219220.2999
1,248.8728,219.2288,219228.7999
1,249.2252,219.5812,219581.1999
1,249.2598,219.6158,219615.7999
1,249.2954,219.6514,219651.3999
1,249.3075,219.6635,219663.4999
1,249.3735,219.7295,219729.4999
1,249.4071,219.7631,219763.0999
1,249.4282,219.7842,219784.1999
1,249.4456,219.8016,219801.5999
1,249.4709,219.8269,219826.8999
1,249.4848,219.8408,219840.7999
1,249.6052,219.9612,219961.1999
1,249.7005,220.0565,220056.4999
1,249.7078,220.0638,220063.7999
1,249.7127,220.0687,220068.6999
1,249.7520,220.1080,220107.9999
1,249.8662,220.2222,220222.1999
1,249.8756,220.2316,220231.5999
1,249.9040,220.2600,220259.9999
1,250.0539,220.4099,220409.8999
1,250.2846,220.6406,220640.5999
1,250.3306,220.6866,220686.5999
1,250.4360,220.7920,220791.9999
1,250.4680,220.8240,220823.9999
1,250.5235,220.8795,220879.4999
1,250.5364,220.8924,220892.3999
1,250.6332,220.9892,220989.1999
1,250.6693,221.0253,221025.2999
1,250.6970,221.0530,221052.9999
1,250.9763,221.3323,221332.2999
1,251.0060,221.3620,221361.9999
1,251.1416,221.4976,221497.5999
1,251.1785,221.5345,221534.4999
1,251.4335,221.7895,221789.4999
1,251.6637,222.0197,222019.6999
1,251.7166,222.0726,222072.5999
1,251.7666,222.1226,222122.5999
1,251.8537,222.2097,222209.6999
1,251.8734,222.2294,222229.3999
1,251.9435,222.2995,222299.4999
1,252.0793,222.4353,222435.2999
1,252.2341,222.5901,222590.0999
1,252.4393,222.7953,222795.2999
1,252.4641,222.8201,222820.0999
1,252.6015,222.9575,222957.4999
1,252.6575,223.0135,223013.4999
1,252.8591,223.2151,223215.0999
1,252.9015,223.2575,223257.4999
1,252.9164,223.2724,223272.3999
1,252.9531,223.3091,223309.0999
1,253.1146,223.4706,223470.5999
1,253.2131,223.5691,223569.0999
1,253.2345,223.5905,223590.4999
1,253.2557,223.6117,223611.6999
1,253.3660,223.7220,223721.9999
1,253.4181,223.7741,223774.0999
1,253.5174,223.8734,223873.3999
1,253.7260,224.0820,224081.9999
1,253.8375,224.1935,224193.4999
1,253.8663,224.2223,224222.2999
1,253.8874,224.2434,224243.3999
1,253.9394,224.2954,224295.3999
1,253.9929,224.3489,224348.8999
1,254.0099,224.3659,224365.8999
1,254.2786,224.6346,224634.5999
1,254.4093,224.7653,224765.2999
1,254.4596,224.8156,224815.5999
1,254.6363,224.9923,224992.2999
1,254.6601,225.0161,225016.0999
1,254.6768,225.0328,225032.7999
1,254.8901,225.2461,225246.0999
1,255.0393,225.3953,225395.2999
1,255.0894,225.4454,225445.3999
1,255.1439,225.4999,225499.8999
1,255.2727,225.6287,225628.6999
1,255.3492,225.7052,225705.1999
1,255.3786,225.7346,225734.5999
1,255.3816,225.7376,225737.5999
1,255.5238,225.8798,225879.7999
1,255.5648,225.9208,225920.7999
1,255.6594,226.0154,226015.3999
1,255.6881,226.0441,226044.0999
1,255.8067,226.1627,226162.6999
1,255.9856,226.3416,226341.5999
1,256.1205,226.4765,226476.4999
1,256.2003,226.5563,226556.2999
1,256.2392,226.5952,226595.1999
1,256.3472,226.7032,226703.1999
1,256.4249,226.7809,226780.8999
1,256.5983,226.9543,226954.2999
1,256.8085,227.1645,227164.4999
1,256.8710,227.2270,227226.9999
1,256.9662,227.3222,227322.1999
1,256.9856,227.3416,227341.5999
1,256.9938,227.3498,227349.7999
1,257.0341,227.3901,227390.0999
1,257.1980,227.5540,227553.9999
1,257.4240,227.7800,227779.9999
1,257.5515,227.9075,227907.4999
1,257.5863,227.9423,227942.2999
1,257.6109,227.9669,227966.8999
1,257.6188,227.9748,227974.7999
1,257.6417,227.9977,227997.6999
1,257.6664,228.0224,228022.3999
1,257.7001,228.0561,228056.0999
1,258.2519,228.6079,228607.8999
1,258.3053,228.6613,228661.2999
1,258.4118,228.7678,228767.7999
1,258.5271,228.8831,228883.0999
1,258.5538,228.9098,228909.7999
1,258.6574,229.0134,229013.3999
1,258.7676,229.1236,229123.5999
1,258.8391,229.1951,229195.0999
1,258.9263,229.2823,229282.2999
1,258.9443,229.3003,229300.2999
1,259.0217,229.3777,229377.6999
1,259.0379,229.3939,229393.8999
1,259.1677,229.5237,229523.6999
1,259.2492,229.6052,229605.1999
1,259.3140,229.6700,229669.9999
1,259.3373,229.6933,229693.2999
1,259.3553,229.7113,229711.2999
1,259.3832,229.7392,229739.1999
1,259.4398,229.7958,229795.7999
1,259.7104,230.0664,230066.3999
1,259.9454,230.3014,230301.3999
1,260.1028,230.4588,230458.7999
1,260.1755,230.5315,230531.4999
1,260.2927,230.6487,230648.6999
1,260.3010,230.6570,230656.9999
1,260.5915,230.9475,230947.4999
1,260.6259,230.9819,230981.8999
1,260.8129,231.1689,231168.8999
1,260.9882,231.3442,231344.1999
1,261.2080,231.5640,231563.9999
1,261.2387,231.5947,231594.6999
1,261.2673,231.6233,231623.2999
1,261.5554,231.9114,231911.3999
1,261.6422,231.9982,231998.1999
1,261.6775,232.0335,232033.4999
1,261.8178,232.1738,232173.7999
1,261.8657,232.2217,232221.6999
1,261.9080,232.2640,232263.9999
1,262.0530,232.4090,232408.9999
1,262.2948,232.6508,232650.7999
1,262.4870,232.8430,232842.9999
1,262.5540,232.9100,232909.9999
1,262.5966,232.9526,232952.5999
1,262.6396,232.9956,232995.5999
1,262.7014,233.0574,233057.3999
1,262.7925,233.1485,233148.4999
1,262.8301,233.1861,233186.0999
1,262.9292,233.2852,233285.1999
1,263.1057,233.4617,233461.6999
1,263.2350,233.5910,233590.9999
1,263.2517,233.6077,233607.6999
1,263.3276,233.6836,233683.5999
1,263.3499,233.7059,233705.8999
1,263.3911,233.7471,233747.0999
1,263.4781,233.8341,233834.0999
1,263.5255,233.8815,233881.4999
1,263.6031,233.9591,233959.0999
1,263.6870,234.0430,234042.9999
1,263.7038,234.0598,234059.7999
1,263.7337,234.0897,234089.6999
1,263.8714,234.2274,234227.3999
1,264.2182,234.5742,234574.1999
1,264.4141,234.7701,234770.0999
1,264.7279,235.0839,235083.8999
1,264.9477,235.3037,235303.6999
1,265.1629,235.5189,235518.8999
1,265.1782,235.5342,235534.1999
1,265.1902,235.5462,235546.1999
1,265.3340,235.6900,235689.9999
1,265.3799,235.7359,235735.8999
1,265.4460,235.8020,235801.9999
1,265.4717,235.8277,235827.6999
1,265.5027,235.8587,235858.6999
1,265.5155,235.8715,235871.4999
1,265.6744,236.0304,236030.3999
1,265.7277,236.0837,236083.6999
1,265.7621,236.1181,236118.0999
1,265.7981,236.1541,236154.0999
1,265.9302,236.2862,236286.1999
1,265.9703,236.3263,236326.2999
1,266.3107,236.6667,236666.6999
1,266.3840,236.7400,236739.9999
1,266.4351,236.7911,236791.0999
1,266.6149,236.9709,236970.8999
1,266.6484,237.0044,237004.3999
1,266.7511,237.1071,237107.0999
1,267.0433,237.3993,237399.2999
1,267.0798,237.4358,237435.7999
1,267.1457,237.5017,237501.6999
1,267.4238,237.7798,237779.7999
1,267.4521,237.8081,237808.0999
1,267.4849,237.8409,237840.8999
1,267.5397,237.8957,237895.6999
1,267.8928,238.2488,238248.7999
1,267.9259,238.2819,238281.8999
1,267.9409,238.2969,238296.8999
1,267.9600,238.3160,238315.9999
1,267.9857,238.3417,238341.6999
1,268.1700,238.5260,238525.9999
1,268.1990,238.5550,238554.9999
1,268.2294,238.5854,238585.3999
1,268.4618,238.8178,238817.7999
1,268.5453,238.9013,238901.2999
1,268.5754,238.9314,238931.3999
1,268.5985,238.9545,238954.4999
1,268.6285,238.9845,238984.4999
1,268.6575,239.0135,239013.4999
1,268.8902,239.2462,239246.1999
1,268.9109,239.2669,239266.8999
1,269.0287,239.3847,239384.6999
1,269.0613,239.4173,239417.2999
1,269.0984,239.4544,239454.3999
1,269.3164,239.6724,239672.3999
1,269.4923,239.8483,239848.2999
1,269.5372,239.8932,239893.1999
1,269.6284,239.9844,239984.3999
1,269.6314,239.9874,239987.3999
1,269.6367,239.9927,239992.6999
1,269.6670,240.0230,240022.9999
1,270.0842,240.4402,240440.1999
1,270.1822,240.5382,240538.1999
1,270.2242,240.5802,240580.1999
1,270.2961,240.6521,240652.0999
1,270.4953,240.8513,240851.2999
1,270.5878,240.9438,240943.7999
1,270.7500,241.1060,241105.9999
1,270.9012,241.2572,241257.1999
1,270.9871,241.3431,241343.0999
1,271.0998,241.4558,241455.7999
1,271.1442,241.5002,241500.1999
1,271.1927,241.5487,241548.6999
1,271.4531,241.8091,241809.0999
1,271.5230,241.8790,241878.9999
1,271.6414,241.9974,241997.3999
1,271.6613,242.0173,242017.2999
1,271.6780,242.0340,242033.9999
1,271.7730,242.1290,242128.9999
1,271.7882,242.1442,242144.1999
1,271.8285,242.1845,242184.4999
1,271.9527,242.3087,242308.6999
1,271.9803,242.3363,242336.2999
1,272.1474,242.5034,242503.3999
1,272.5615,242.9175,242917.4999
1,272.6808,243.0368,243036.7999
1,272.7131,243.0691,243069.0999
1,272.7636,243.1196,243119.5999
1,272.8433,243.1993,243199.2999
1,273.0249,243.3809,243380.8999
1,273.0510,243.4070,243406.9999
1,273.1268,243.4828,243482.7999
1,273.1766,243.5326,243532.5999
1,273.1877,243.5437,243543.6999
1,273.2034,243.5594,243559.3999
1,273.4614,243.8174,243817.3999
1,273.6759,244.0319,244031.8999
1,273.6966,244.0526,244052.5999
1,273.7573,244.1133,244113.2999
1,274.0355,244.3915,244391.4999
1,274.1036,244.4596,244459.5999
1,274.2095,244.5655,244565.4999
1,274.2463,244.6023,244602.2999
1,274.5145,244.8705,244870.4999
1,274.8643,245.2203,245220.2999
1,274.9960,245.3520,245351.9999
1,275.0244,245.3804,245380.3999
1,275.2497,245.6057,245605.6999
1,275.3544,245.7104,245710.3999
1,275.3843,245.7403,245740.2999
1,275.4357,245.7917,245791.6999
1,275.4712,245.8272,245827.1999
1,275.5532,245.9092,245909.1999
1,275.5831,245.9391,245939.0999
1,275.6251,245.9811,245981.0999
1,275.7292,246.0852,246085.1999
1,275.8818,246.2378,246237.7999
1,275.9091,246.2651,246265.0999
1,275.9673,246.3233,246323.2999
1,276.0505,246.4065,246406.4999
1,276.0895,246.4455,246445.4999
1,276.2718,246.6278,246627.7999
1,276.3112,246.6672,246667.1999
1,276.3728,246.7288,246728.7999
1,276.4504,246.8064,246806.3999
1,276.6734,247.0294,247029.3999
1,276.7780,247.1340,247133.9999
1,276.8100,247.1660,247165.9999
1,276.9122,247.2682,247268.1999
1,276.9657,247.3217,247321.6999
1,277.0587,247.4147,247414.6999
1,277.1015,247.4575,247457.4999
1,277.1169,247.4729,247472.8999
1,277.1342,247.4902,247490.1999
1,277.2303,247.5863,247586.2999
1,277.2905,247.6465,247646.4999
1,277.4901,247.8461,247846.0999
1,277.5069,247.8629,247862.8999
1,277.5170,247.8730,247872.9999
1,277.5356,247.8916,247891.5999
1,277.5430,247.8990,247898.9999
1,277.7245,248.0805,248080.4999
1,277.9108,248.2668,248266.7999
1,278.0703,248.4263,248426.2999
1,278.1642,248.5202,248520.1999
1,278.3105,248.6665,248666.4999
1,278.3772,248.7332,248733.1999
1,278.4431,248.7991,248799.0999
1,278.4801,248.8361,248836.0999
1,278.6776,249.0336,249033.5999
1,278.8334,249.1894,249189.3999
1,278.8690,249.2250,249224.9999
1,278.9242,249.2802,249280.1999
1,278.9387,249.2947,249294.6999
1,279.2683,249.6243,249624.2999
1,279.4663,249.8223,249822.2999
1,279.5336,249.8896,249889.5999
1,279.5733,249.9293,249929.2999
1,279.6836,250.0396,250039.5999
1,279.8791,250.2351,250235.0999
1,279.9609,250.3169,250316.8999
1,279.9821,250.3381,250338.0999
1,280.1113,250.4673,250467.2999
1,280.3849,250.7409,250740.8999
1,280.4289,250.7849,250784.8999
1,280.6643,251.0203,251020.2999
1,280.8094,251.1654,251165.3999
1,280.8528,251.2088,251208.7999
1,280.9119,251.2679,251267.8999
1,280.9996,251.3556,251355.5999
1,281.0327,251.3887,251388.6999
1,281.1601,251.5161,251516.0999
1,281.3807,251.7367,251736.6999
1,281.4224,251.7784,251778.3999
1,281.5317,251.8877,251887.6999
1,281.6176,251.9736,251973.5999
1,281.7229,252.0789,252078.8999
1,281.7429,252.0989,252098.8999
1,281.8275,252.1835,252183.4999
1,281.9102,252.2662,252266.1999
1,281.9448,252.3008,252300.7999
1,281.9789,252.3349,252334.8999
1,282.3155,252.6715,252671.4999
1,282.3597,252.7157,252715.6999
1,282.4503,252.8063,252806.2999
1,282.4881,252.8441,252844.0999
1,282.6600,253.0160,253015.9999
1,282.6770,253.0330,253032.9999
1,282.6969,253.0529,253052.8999
1,282.8406,253.1966,253196.5999
1,282.8746,253.2306,253230.5999
1,282.9604,253.3164,253316.3999
1,283.2056,253.5616,253561.5999
1,283.2905,253.6465,253646.4999
1,283.3254,253.6814,253681.3999
1,283.3578,253.7138,253713.7999
1,283.3695,253.7255,253725.4999
1,283.4125,253.7685,253768.4999
1,283.5646,253.9206,253920.5999
1,283.5869,253.9429,253942.8999
1,283.6083,253.9643,253964.2999
1,283.6318,253.9878,253987.7999
1,283.6592,254.0152,254015.1999
1,283.6774,254.0334,254033.3999
1,283.8643,254.2203,254220.2999
1,283.8945,254.2505,254250.4999
1,283.9074,254.2634,254263.3999
1,283.9735,254.3295,254329.4999
1,284.0829,254.4389,254438.8999
1,284.2373,254.5933,254593.2999
1,284.2600,254.6160,254615.9999
1,284.2705,254.6265,254626.4999
1,284.3857,254.7417,254741.6999
1,284.4328,254.7888,254788.7999
1,284.4553,254.8113,254811.2999
1,284.7590,255.1150,255114.9999
1,284.9685,255.3245,255324.4999
1,285.0071,255.3631,255363.0999
1,285.0335,255.3895,255389.4999
1,285.0537,255.4097,255409.6999
1,285.0752,255.4312,255431.1999
1,285.0920,255.4480,255447.9999
1,285.1239,255.4799,255479.8999
1,285.1553,255.5113,255511.2999
1,285.2420,255.5980,255597.9999
1,285.2510,255.6070,255606.9999
1,285.3334,255.6894,255689.3999
1,285.6362,255.9922,255992.1999
1,285.6604,256.0164,256016.3999
1,285.8993,256.2553,256255.2999
1,285.9797,256.3357,256335.6999
1,285.9997,256.3557,256355.6999
1,286.0324,256.3884,256388.3999
1,286.0803,256.4363,256436.2999
1,286.1681,256.5241,256524.0999
1,286.8742,257.2302,257230.1999
1,286.9221,257.2781,257278.0999
1,286.9641,257.3201,257320.0999
1,287.0440,257.4000,257399.9999
1,287.0958,257.4518,257451.7999
1,287.1137,257.4697,257469.6999
1,287.1849,257.5409,257540.8999
1,287.4427,257.7987,257798.6999
1,287.4917,257.8477,257847.6999
1,287.5272,257.8832,257883.1999
1,287.7295,258.0855,258085.4999
1,287.7404,258.0964,258096.3999
1,287.7692,258.1252,258125.1999
1,288.0248,258.3808,258380.7999
1,288.1230,258.4790,258478.9999
1,288.2496,258.6056,258605.5999
1,288.5335,258.8895,258889.4999
1,288.5787,258.9347,258934.6999
1,288.7530,259.1090,259108.9999
1,288.7664,259.1224,259122.3999
1,288.8794,259.2354,259235.3999
1,288.8878,259.2438,259243.7999
1,288.8934,259.2494,259249.3999
1,288.9148,259.2708,259270.7999
1,288.9951,259.3511,259351.0999
1,289.0101,259.3661,259366.0999
1,289.3373,259.6933,259693.2999
1,289.3786,259.7346,259734.5999
1,289.4142,259.7702,259770.1999
1,289.5245,259.8805,259880.4999
1,289.5854,259.9414,259941.3999
1,289.6119,259.9679,259967.8999
1,289.7493,260.1053,260105.2999
1,289.7843,260.1403,260140.2999
1,290.0055,260.3615,260361.4999
1,290.0440,260.4000,260399.9999
1,290.0505,260.4065,260406.4999
1,290.0914,260.4474,260447.3999
1,290.1431,260.4991,260499.0999
1,290.5222,260.8782,260878.1999
1,290.6040,260.9600,260959.9999
1,290.7683,261.1243,261124.2999
1,290.8031,261.1591,261159.0999
1,290.9861,261.3421,261342.0999
1,291.2517,261.6077,261607.6999
1,291.2818,261.6378,261637.7999
1,291.3984,261.7544,261754.3999
1,291.5151,261.8711,261871.0999
1,291.5841,261.9401,261940.0999
1,291.6125,261.9685,261968.4999
1,291.6770,262.0330,262032.9999
1,292.0185,262.3745,262374.4999
1,292.0485,262.4045,262404.4999
1,292.1404,262.4964,262496.3999
1,292.1921,262.5481,262548.0999
1,292.2459,262.6019,262601.8999
1,292.2496,262.6056,262605.5999
1,292.2756,262.6316,262631.5999
1,292.4415,262.7975,262797.4999
1,292.5866,262.9426,262942.5999
1,292.9134,263.2694,263269.3999
1,292.9775,263.3335,263333.4999
1,293.0337,263.3897,263389.6999
1,293.0845,263.4405,263440.4999
1,293.1441,263.5001,263500.0999
1,293.1768,263.5328,263532.7999
1,293.1963,263.5523,263552.2999
1,293.2405,263.5965,263596.4999
1,293.3685,263.7245,263724.4999
1,293.6329,263.9889,263988.8999
1,293.6714,264.0274,264027.3999
1,293.8182,264.1742,264174.1999
1,294.0098,264.3658,264365.7999
1,294.1092,264.4652,264465.1999
1,294.3724,264.7284,264728.3999
1,294.5886,264.9446,264944.5999
1,294.6354,264.9914,264991.3999
1,294.7407,265.0967,265096.6999
1,294.7593,265.1153,265115.2999
1,294.7680,265.1240,265123.9999
1,295.0518,265.4078,265407.7999
1,295.0790,265.4350,265434.9999
1,295.2060,265.5620,265561.9999
1,295.2593,265.6153,265615.2999
1,295.3211,265.6771,265677.0999
1,295.4972,265.8532,265853.1999
1,295.5069,265.8629,265862.8999
1,295.5174,265.8734,265873.3999
1,295.5588,265.9148,265914.7999
1,295.5691,265.9251,265925.0999
1,295.7928,266.1488,266148.7999
1,295.8320,266.1880,266187.9999
1,296.1031,266.4591,266459.0999
1,296.1603,266.5163,266516.2999
1,296.2494,266.6054,266605.3999
1,296.3209,266.6769,266676.8999
1,296.3387,266.6947,266694.6999
1,296.5306,266.8866,266886.5999
1,296.6571,267.0131,267013.0999
1,296.7623,267.1183,267118.2999
1,296.7873,267.1433,267143.2999
1,296.8068,267.1628,267162.7999
1,296.8543,267.2103,267210.2999
1,296.9300,267.2860,267285.9999
1,297.1571,267.5131,267513.0999
1,297.1670,267.5230,267522.9999
1,297.1900,267.5460,267545.9999
1,297.2432,267.5992,267599.1999
1,297.2715,267.6275,267627.4999
1,297.2757,267.6317,267631.6999
1,297.4336,267.7896,267789.5999
1,297.4711,267.8271,267827.0999
1,297.5036,267.8596,267859.5999
1,297.7182,268.0742,268074.1999
1,297.9012,268.2572,268257.1999
1,297.9093,268.2653,268265.2999
1,297.9351,268.2911,268291.0999
1,297.9627,268.3187,268318.6999
1,298.0005,268.3565,268356.4999
1,298.0283,268.3843,268384.2999
1,298.0730,268.4290,268428.9999
1,298.0987,268.4547,268454.6999
1,298.1181,268.4741,268474.0999
1,298.1473,268.5033,268503.2999
1,298.1789,268.5349,268534.8999
1,298.4040,268.7600,268759.9999
1,298.5621,268.9181,268918.0999
1,298.7733,269.1293,269129.2999
1,298.8452,269.2012,269201.1999
1,299.0340,269.3900,269389.9999
1,299.0683,269.4243,269424.2999
1,299.3665,269.7225,269722.4999
1,299.4020,269.7580,269757.9999
1,299.4331,269.7891,269789.0999
1,299.4626,269.8186,269818.5999
1,299.5080,269.8640,269863.9999
1,299.5340,269.8900,269889.9999
1,299.5802,269.9362,269936.1999
1,299.6064,269.9624,269962.3999
1,299.6822,270.0382,270038.1999
1,299.8903,270.2463,270246.2999
1,299.9133,270.2693,270269.2999
1,299.9395,270.2955,270295.4999
1,299.9860,270.3420,270341.9999
1,300.0805,270.4365,270436.4999
1,300.1676,270.5236,270523.5999
1,300.2450,270.6010,270600.9999
1,300.2658,270.6218,270621.7999
1,300.3099,270.6659,270665.8999
1,300.3587,270.7147,270714.6999
1,300.4295,270.7855,270785.4999
1,300.4375,270.7935,270793.4999
1,300.4860,270.8420,270841.9999
1,300.5556,270.9116,270911.5999
1,300.6082,270.9642,270964.1999
1,300.6219,270.9779,270977.8999
1,300.6516,271.0076,271007.5999
1,300.6862,271.0422,271042.1999
1,300.7641,271.1201,271120.0999
1,301.0210,271.3770,271376.9999
1,301.0414,271.3974,271397.3999
1,301.0516,271.4076,271407.5999
1,301.0684,271.4244,271424.3999
1,301.0823,271.4383,271438.2999
1,301.0853,271.4413,271441.2999
1,301.2761,271.6321,271632.0999
1,301.2876,271.6436,271643.5999
1,301.3137,271.6697,271669.6999
1,301.4786,271.8346,271834.5999
1,301.6932,272.0492,272049.1999
1,301.7122,272.0682,272068.1999
1,301.7301,272.0861,272086.0999
1,301.7449,272.1009,272100.8999
1,301.7888,272.1448,272144.7999
1,301.9023,272.2583,272258.2999
1,301.9240,272.2800,272279.9999
1,301.9405,272.2965,272296.4999
1,301.9577,272.3137,272313.6999
1,301.9998,272.3558,272355.7999
1,302.1555,272.5115,272511.4999
1,302.1711,272.5271,272527.0999
1,302.5140,272.8700,272869.9999
1,302.5187,272.8747,272874.6999
1,302.5308,272.8868,272886.7999
1,302.5464,272.9024,272902.3999
1,302.6843,273.0403,273040.2999
1,302.7056,273.0616,273061.5999
1,302.7162,273.0722,273072.1999
1,302.7350,273.0910,273090.9999
1,302.8571,273.2131,273213.0999
1,302.9813,273.3373,273337.2999
1,302.9921,273.3481,273348.0999
1,303.1290,273.4850,273484.9999
1,303.3892,273.7452,273745.1999
1,303.4577,273.8137,273813.6999
1,303.4990,273.8550,273854.9999
1,303.5136,273.8696,273869.5999
1,303.5196,273.8756,273875.5999
1,303.6937,274.0497,274049.6999
1,303.7106,274.0666,274066.5999
1,303.7342,274.0902,274090.1999
1,303.7461,274.1021,274102.0999
1,303.7576,274.1136,274113.5999
1,303.7677,274.1237,274123.6999
1,304.0454,274.4014,274401.3999
1,304.2932,274.6492,274649.1999
1,304.3233,274.6793,274679.2999
1,304.3408,274.6968,274696.7999
1,304.4644,274.8204,274820.3999
1,304.4989,274.8549,274854.8999
1,304.6726,275.0286,275028.5999
1,304.9909,275.3469,275346.8999
1,305.1030,275.4590,275458.9999
1,305.1518,275.5078,275507.7999
1,305.1687,275.5247,275524.6999
1,305.1793,275.5353,275535.2999
1,305.1890,275.5450,275544.9999
1,305.4390,275.7950,275794.9999
1,305.4770,275.8330,275832.9999
1,305.5626,275.9186,275918.5999
1,305.5661,275.9221,275922.0999
1,305.5753,275.9313,275931.2999
1,305.8391,276.1951,276195.0999
1,305.8810,276.2370,276236.9999
1,305.9468,276.3028,276302.7999
1,305.9778,276.3338,276333.7999
1,306.1481,276.5041,276504.0999
1,306.1631,276.5191,276519.0999
1,306.1766,276.5326,276532.5999
1,306.2077,276.5637,276563.6999
1,306.2310,276.5870,276586.9999
1,306.3227,276.6787,276678.6999
1,306.4135,276.7695,276769.4999
1,306.4418,276.7978,276797.7999
1,306.4630,276.8190,276818.9999
1,306.8303,277.1863,277186.2999
1,307.0745,277.4305,277430.4999
1,307.1466,277.5026,277502.5999
1,307.2464,277.6024,277602.3999
1,307.2540,277.6100,277609.9999
1,307.3277,277.6837,277683.6999
1,307.4058,277.7618,277761.7999
1,307.4745,277.8305,277830.4999
1,307.7734,278.1294,278129.3999
1,307.9698,278.3258,278325.7999
1,307.9751,278.3311,278331.0999
1,307.9835,278.3395,278339.4999
1,307.9936,278.3496,278349.5999
1,308.1431,278.4991,278499.0999
1,308.1614,278.5174,278517.3999
1,308.2019,278.5579,278557.8999
1,308.2255,278.5815,278581.4999
1,308.2802,278.6362,278636.1999
1,308.3965,278.7525,278752.4999
1,308.4416,278.7976,278797.5999
1,308.6306,278.9866,278986.5999
1,308.6520,279.0080,279007.9999
1,308.6794,279.0354,279035.3999
1,308.6861,279.0421,279042.0999
1,308.9499,279.3059,279305.8999
1,308.9887,279.3447,279344.6999
1,308.9949,279.3509,279350.8999
1,309.0462,279.4022,279402.1999
1,309.0621,279.4181,279418.0999
1,309.0826,279.4386,279438.5999
1,309.0882,279.4442,279444.1999
1,309.1189,279.4749,279474.8999
1,309.2819,279.6379,279637.8999
1,309.3127,279.6687,279668.6999
1,309.5152,279.8712,279871.1999
1,309.5514,279.9074,279907.3999
1,309.6318,279.9878,279987.7999
1,309.7058,280.0618,280061.7999
1,309.7298,280.0858,280085.7999
1,309.7514,280.1074,280107.3999
1,309.9304,280.2864,280286.3999
1,309.9427,280.2987,280298.6999
1,309.9502,280.3062,280306.1999
1,309.9586,280.3146,280314.5999
1,309.9708,280.3268,280326.7999
1,310.3062,280.6622,280662.1999
1,310.3143,280.6703,280670.2999
1,310.3175,280.6735,280673.4999
1,310.3380,280.6940,280693.9999
1,310.6421,280.9981,280998.0999
1,310.6897,281.0457,281045.6999
1,310.7096,281.0656,281065.5999
1,310.7627,281.1187,281118.6999
1,310.8085,281.1645,281164.4999
1,310.8666,281.2226,281222.5999
1,310.8923,281.2483,281248.2999
1,310.9000,281.2560,281255.9999
1,311.0781,281.4341,281434.0999
1,311.0941,281.4501,281450.0999
1,311.4358,281.7918,281791.7999
1,311.5063,281.8623,281862.2999
1,311.5504,281.9064,281906.3999
1,311.5592,281.9152,281915.1999
1,311.5720,281.9280,281927.9999
1,311.5980,281.9540,281953.9999
1,311.7694,282.1254,282125.3999
1,311.8293,282.1853,282185.2999
1,311.8866,282.2426,282242.5999
1,311.9131,282.2691,282269.0999
1,312.0853,282.4413,282441.2999
1,312.0971,282.4531,282453.0999
1,312.1452,282.5012,282501.1999
1,312.2044,282.5604,282560.3999
1,312.2430,282.5990,282598.9999
1,312.2542,282.6102,282610.1999
1,312.2682,282.6242,282624.1999
1,312.2748,282.6308,282630.7999
1,312.2803,282.6363,282636.2999
1,312.2962,282.6522,282652.1999
1,312.4800,282.8360,282835.9999
1,312.5017,282.8577,282857.6999
1,312.5111,282.8671,282867.0999
1,312.8153,283.1713,283171.2999
1,312.8227,283.1787,283178.6999
1,312.8347,283.1907,283190.6999
1,312.8483,283.2043,283204.2999
1,312.8522,283.2082,283208.1999
1,312.8686,283.2246,283224.5999
1,312.8786,283.2346,283234.5999
1,313.0330,283.3890,283388.9999
1,313.0466,283.4026,283402.5999
1,313.0719,283.4279,283427.8999
1,313.0952,283.4512,283451.1999
1,313.3727,283.7287,283728.6999
1,313.3796,283.7356,283735.5999
1,313.5934,283.9494,283949.3999
1,313.6238,283.9798,283979.7999
1,313.6818,284.0378,284037.7999
1,313.6984,284.0544,284054.3999
1,313.7719,284.1279,284127.8999
1,313.8161,284.1721,284172.0999
1,313.8236,284.1796,284179.5999
1,313.8403,284.1963,284196.2999
1,313.8598,284.2158,284215.7999
1,314.0072,284.3632,284363.1999
1,314.0221,284.3781,284378.0999
1,314.4754,284.8314,284831.3999
1,314.4868,284.8428,284842.7999
1,314.5197,284.8757,284875.6999
1,314.5283,284.8843,284884.2999
1,314.5446,284.9006,284900.5999
1,314.6961,285.0521,285052.0999
1,314.7206,285.0766,285076.5999
1,314.7555,285.1115,285111.4999
1,315.0943,285.4503,285450.2999
1,315.1120,285.4680,285467.9999
1,315.1534,285.5094,285509.3999
1,315.1712,285.5272,285527.1999
1,315.2622,285.6182,285618.1999
1,315.7015,286.0575,286057.4999
1,315.7694,286.1254,286125.3999
1,315.9345,286.2905,286290.4999
1,316.1578,286.5138,286513.7999
1,316.1826,286.5386,286538.5999
1,316.2661,286.6221,286622.0999
1,316.3544,286.7104,286710.3999
1,316.6198,286.9758,286975.7999
1,316.6657,287.0217,287021.6999
1,316.7382,287.0942,287094.1999
1,316.7488,287.1048,287104.7999
1,316.7820,287.1380,287137.9999
1,317.0622,287.4182,287418.1999
1,317.1624,287.5184,287518.3999
1,317.2056,287.5616,287561.5999
1,317.2383,287.5943,287594.2999
1,317.4842,287.8402,287840.1999
1,317.5461,287.9021,287902.0999
1,317.6568,288.0128,288012.7999
1,317.7712,288.1272,288127.1999
1,317.8098,288.1658,288165.7999
1,317.8854,288.2414,288241.3999
1,317.9996,288.3556,288355.5999
1,318.0559,288.4119,288411.8999
1,318.1120,288.4680,288467.9999
1,318.1247,288.4807,288480.6999
1,318.1440,288.5000,288499.9999
1,318.3850,288.7410,288740.9999
1,318.4892,288.8452,288845.1999
1,318.5136,288.8696,288869.5999
1,318.5223,288.8783,288878.2999
1,318.5671,288.9231,288923.0999
1,318.5811,288.9371,288937.0999
1,318.6166,288.9726,288972.5999
1,318.6550,289.0110,289010.9999
1,318.6698,289.0258,289025.7999
1,318.8679,289.2239,289223.8999
1,319.0393,289.3953,289395.2999
1,319.0733,289.4293,289429.2999
1,319.1496,289.5056,289505.5999
1,319.3860,289.7420,289741.9999
1,319.3989,289.7549,289754.8999
1,319.4145,289.7705,289770.4999
1,319.4379,289.7939,289793.8999
1,319.4617,289.8177,289817.6999
1,319.4709,289.8269,289826.8999
1,319.6675,290.0235,290023.4999
1,319.9075,290.2635,290263.4999
1,320.0369,290.3929,290392.8999
1,320.0923,290.4483,290448.2999
1,320.2111,290.5671,290567.0999
1,320.2542,290.6102,290610.1999
1,320.3151,290.6711,290671.0999
1,320.6525,291.0085,291008.4999
1,320.7212,291.0772,291077.1999
1,320.7794,291.1354,291135.3999
1,320.9219,291.2779,291277.8999
1,321.0779,291.4339,291433.8999
1,321.1185,291.4745,291474.4999
1,321.1581,291.5141,291514.0999
1,321.1871,291.5431,291543.0999
1,321.2046,291.5606,291560.5999
1,321.2718,291.6278,291627.7999
1,321.2967,291.6527,291652.6999
1,321.5277,291.8837,291883.6999
1,321.5547,291.9107,291910.6999
1,321.6654,292.0214,292021.3999
1,321.8675,292.2235,292223.4999
1,321.9537,292.3097,292309.6999
1,322.0888,292.4448,292444.7999
1,322.1498,292.5058,292505.7999
1,322.1819,292.5379,292537.8999
1,322.2191,292.5751,292575.0999
1,322.3354,292.6914,292691.3999
1,322.4358,292.7918,292791.7999
1,322.6629,293.0189,293018.8999
1,322.7419,293.0979,293097.8999
1,322.8935,293.2495,293249.4999
1,322.9595,293.3155,293315.4999
1,322.9758,293.3318,293331.7999
1,323.1144,293.4704,293470.3999
1,323.4330,293.7890,293788.9999
1,323.5007,293.8567,293856.6999
1,323.5230,293.8790,293878.9999
1,323.7011,294.0571,294057.0999
1,323.7547,294.1107,294110.6999
1,323.8018,294.1578,294157.7999
1,323.9770,294.3330,294332.9999
1,324.0007,294.3567,294356.6999
1,324.2563,294.6123,294612.2999
1,324.3509,294.7069,294706.8999
1,324.3765,294.7325,294732.4999
1,324.4319,294.7879,294787.8999
1,324.6442,295.0002,295000.1999
1,324.7103,295.0663,295066.2999
1,324.7643,295.1203,295120.2999
1,325.0442,295.4002,295400.1999
1,325.5183,295.8743,295874.2999
1,325.5917,295.9477,295947.6999
1,325.6147,295.9707,295970.6999
1,325.6452,296.0012,296001.1999
1,325.6825,296.0385,296038.4999
1,325.9057,296.2617,296261.6999
1,326.0771,296.4331,296433.0999
1,326.1291,296.4851,296485.0999
1,326.3002,296.6562,296656.1999
1,326.3755,296.7315,296731.4999
1,326.4105,296.7665,296766.4999
1,326.4831,296.8391,296839.0999
1,326.5075,296.8635,296863.4999
1,326.7920,297.1480,297147.9999
1,326.8296,297.1856,297185.5999
1,326.8737,297.2297,297229.6999
1,326.9668,297.3228,297322.7999
1,326.9830,297.3390,297338.9999
1,327.2111,297.5671,297567.0999
1,327.2637,297.6197,297619.6999
1,327.2835,297.6395,297639.4999
1,327.2956,297.6516,297651.5999
1,327.2993,297.6553,297655.2999
1,327.3151,297.6711,297671.0999
1,327.5440,297.9000,297899.9999
1,327.9656,298.3216,298321.5999
1,328.0417,298.3977,298397.6999
1,328.1265,298.4825,298482.4999
1,328.5355,298.8915,298891.4999
1,328.6174,298.9734,298973.3999
1,328.6989,299.0549,299054.8999
1,328.7746,299.1306,299130.5999
1,328.7976,299.1536,299153.5999
1,328.9368,299.2928,299292.7999
1,329.0295,299.3855,299385.4999
1,329.0535,299.4095,299409.4999
1,329.0976,299.4536,299453.5999
1,329.1165,299.4725,299472.4999
1,329.1446,299.5006,299500.5999
1,329.1522,299.5082,299508.1999
1,329.1698,299.5258,299525.7999
1,329.1858,299.5418,299541.7999
1,329.2021,299.5581,299558.0999
1,329.4828,299.8388,299838.7999
1,329.5152,299.8712,299871.1999
1,329.5303,299.8863,299886.2999
1,329.5450,299.9010,299900.9999
1,329.5663,299.9223,299922.2999
1,329.6005,299.9565,299956.4999
1,329.6500,300.0060,300005.9999
1,329.7883,300.1443,300144.2999
1,329.8238,300.1798,300179.7999
1,329.8381,300.1941,300194.0999
1,329.8572,300.2132,300213.1999
1,329.9023,300.2583,300258.2999
1,329.9080,300.2640,300263.9999
1,329.9135,300.2695,300269.4999
1,329.9252,300.2812,300281.1999
1,329.9512,300.3072,300307.1999
1,329.9584,300.3144,300314.3999
1,330.1052,300.4612,300461.1999
1,330.1143,300.4703,300470.2999
1,330.1240,300.4800,300479.9999
1,330.1382,300.4942,300494.1999
1,330.1416,300.4976,300497.5999
1,330.1513,300.5073,300507.2999
1,330.3599,300.7159,300715.8999
1,330.3972,300.7532,300753.1999
1,330.5680,300.9240,300923.9999
1,330.6001,300.9561,300956.0999
1,330.6214,300.9774,300977.3999
1,330.6339,300.9899,300989.8999
1,330.6545,301.0105,301010.4999
1,330.6681,301.0241,301024.0999
1,330.7050,301.0610,301060.9999
1,330.7133,301.0693,301069.2999
1,330.7444,301.1004,301100.3999
1,330.8488,301.2048,301204.7999
1,330.8634,301.2194,301219.3999
1,330.9836,301.3396,301339.5999
1,331.0473,301.4033,301403.2999
1,331.0583,301.4143,301414.2999
1,331.0831,301.4391,301439.0999
1,331.1012,301.4572,301457.1999
1,331.2046,301.5606,301560.5999
1,331.2202,301.5762,301576.1999
1,331.4106,301.7666,301766.5999
1,331.6365,301.9925,301992.4999
1,331.6737,302.0297,302029.6999
1,331.6884,302.0444,302044.3999
1,331.6993,302.0553,302055.2999
1,331.7168,302.0728,302072.7999
1,331.7965,302.1525,302152.4999
1,331.8472,302.2032,302203.1999
1,331.8841,302.2401,302240.0999
1,331.9891,302.3451,302345.0999
1,332.2579,302.6139,302613.8999
1,332.3320,302.6880,302687.9999
1,332.3845,302.7405,302740.4999
1,332.5936,302.9496,302949.5999
1,332.6667,303.0227,303022.6999
1,332.7930,303.1490,303148.9999
1,332.8389,303.1949,303194.8999
1,332.8792,303.2352,303235.1999
1,333.0438,303.3998,303399.7999
1,333.0700,303.4260,303425.9999
1,333.1028,303.4588,303458.7999
1,333.1172,303.4732,303473.1999
1,333.3358,303.6918,303691.7999
1,333.3520,303.7080,303707.9999
1,333.6370,303.9930,303992.9999
1,333.7107,304.0667,304066.6999
1,333.7309,304.0869,304086.8999
1,333.8158,304.1718,304171.7999
1,333.9888,304.3448,304344.7999
1,334.0079,304.3639,304363.8999
1,334.0430,304.3990,304398.9999
1,334.0758,304.4318,304431.7999
1,334.0903,304.4463,304446.2999
1,334.1431,304.4991,304499.0999
1,334.4045,304.7605,304760.4999
1,334.4694,304.8254,304825.3999
1,334.4985,304.8545,304854.4999
1,334.6366,304.9926,304992.5999
1,334.6562,305.0122,305012.1999
1,334.7096,305.0656,305065.5999
1,334.8140,305.1700,305169.9999
1,334.9326,305.2886,305288.5999
1,335.0631,305.4191,305419.0999
1,335.1059,305.4619,305461.8999
1,335.1527,305.5087,305508.6999
1,335.2416,305.5976,305597.5999
1,335.4358,305.7918,305791.7999
1,335.7355,306.0915,306091.4999
1,335.8681,306.2241,306224.0999
1,335.8915,306.2475,306247.4999
1,335.9075,306.2635,306263.4999
1,335.9357,306.2917,306291.6999
1,335.9496,306.3056,306305.5999
1,336.1376,306.4936,306493.5999
1,336.1816,306.5376,306537.5999
1,336.4194,306.7754,306775.3999
1,336.4694,306.8254,306825.3999
1,336.5066,306.8626,306862.5999
1,336.7621,307.1181,307118.0999
1,336.8131,307.1691,307169.0999
1,336.8472,307.2032,307203.1999
1,336.9127,307.2687,307268.6999
1,336.9771,307.3331,307333.0999
1,337.0140,307.3700,307369.9999
1,337.0634,307.4194,307419.3999
1,337.1006,307.4566,307456.5999
1,337.3686,307.7246,307724.5999
1,337.4086,307.7646,307764.5999
1,337.4512,307.8072,307807.1999
1,337.5945,307.9505,307950.4999
1,337.7344,308.0904,308090.3999
1,337.9778,308.3338,308333.7999
1,338.1535,308.5095,308509.4999
1,338.2030,308.5590,308558.9999
1,338.2776,308.6336,308633.5999
1,338.5661,308.9221,308922.0999
1,338.6793,309.0353,309035.2999
1,338.7551,309.1111,309111.0999
1,338.8746,309.2306,309230.5999
1,338.9016,309.2576,309257.5999
1,339.0274,309.3834,309383.3999
1,339.0408,309.3968,309396.7999
1,339.1035,309.4595,309459.4999
1,339.1167,309.4727,309472.6999
1,339.1513,309.5073,309507.2999
1,339.3241,309.6801,309680.0999
1,339.5246,309.8806,309880.5999
1,339.6379,309.9939,309993.8999
1,339.9450,310.3010,310300.9999
1,340.0447,310.4007,310400.6999
1,340.1291,310.4851,310485.0999
1,340.2475,310.6035,310603.4999
1,340.2800,310.6360,310635.9999
1,340.4200,310.7760,310775.9999
1,340.4351,310.7911,310791.0999
1,340.4415,310.7975,310797.4999
1,340.4497,310.8057,310805.6999
1,340.4743,310.8303,310830.2999
1,340.7720,311.1280,311127.9999
1,340.7956,311.1516,311151.5999
1,340.8552,311.2112,311211.1999
1,340.8829,311.2389,311238.8999
1,340.9326,311.2886,311288.5999
1,341.0286,311.3846,311384.5999
1,341.0974,311.4534,311453.3999
1,341.3967,311.7527,311752.6999
1,341.6316,311.9876,311987.5999
1,341.6576,312.0136,312013.5999
1,341.7496,312.1056,312105.5999
1,341.7923,312.1483,312148.2999
1,341.8639,312.2199,312219.8999
1,341.9985,312.3545,312354.4999
1,342.0147,312.3707,312370.6999
1,342.1717,312.5277,312527.6999
1,342.1928,312.5488,312548.7999
1,342.3303,312.6863,312686.2999
1,342.3675,312.7235,312723.4999
1,342.4006,312.7566,312756.5999
1,342.5947,312.9507,312950.6999
1,342.6216,312.9776,312977.5999
1,342.6340,312.9900,312989.9999
1,342.6574,313.0134,313013.3999
1,342.8490,313.2050,313204.9999
1,342.8875,313.2435,313243.4999
1,343.0477,313.4037,313403.6999
1,343.3231,313.6791,313679.0999
1,343.6399,313.9959,313995.8999
1,343.7105,314.0665,314066.4999
1,343.8190,314.1750,314174.9999
1,343.9970,314.3530,314352.9999
1,344.0189,314.3749,314374.8999
1,344.1908,314.5468,314546.7999
1,344.2908,314.6468,314646.7999
1,344.3051,314.6611,314661.0999
1,344.3205,314.6765,314676.4999
1,344.3274,314.6834,314683.3999
1,344.4310,314.7870,314786.9999
1,344.8383,315.1943,315194.2999
1,344.9624,315.3184,315318.3999
1,345.0073,315.3633,315363.2999
1,345.0576,315.4136,315413.5999
1,345.1067,315.4627,315462.6999
1,345.2120,315.5680,315567.9999
1,345.3862,315.7422,315742.1999
1,345.3920,315.7480,315747.9999
1,345.4208,315.7768,315776.7999
1,345.7381,316.0941,316094.0999
1,345.8652,316.2212,316221.1999
1,345.9347,316.2907,316290.6999
1,346.0701,316.4261,316426.0999
1,346.0999,316.4559,316455.8999
1,346.2645,316.6205,316620.4999
1,346.5502,316.9062,316906.1999
1,346.5945,316.9505,316950.4999
1,346.6420,316.9980,316997.9999
1,346.6656,317.0216,317021.5999
1,346.7029,317.0589,317058.8999
1,346.8164,317.1724,317172.3999
1,346.8359,317.1919,317191.8999
1,347.1844,317.5404,317540.3999
1,347.2786,317.6346,317634.5999
1,347.3350,317.6910,317690.9999
1,347.4089,317.7649,317764.8999
1,347.4879,317.8439,317843.8999
1,347.5058,317.8618,317861.7999
1,347.5565,317.9125,317912.4999
1,347.5915,317.9475,317947.4999
1,347.6239,317.9799,317979.8999
1,347.6408,317.9968,317996.7999
1,347.6684,318.0244,318024.3999
1,347.6930,318.0490,318048.9999
1,347.7287,318.0847,318084.6999
1,347.7454,318.1014,318101.3999
1,348.1585,318.5145,318514.4999
1,348.2020,318.5580,318557.9999
1,348.4527,318.8087,318808.6999
1,348.5077,318.8637,318863.6999
1,348.7280,319.0840,319083.9999
1,348.8459,319.2019,319201.8999
1,348.9486,319.3046,319304.5999
1,348.9765,319.3325,319332.4999
1,349.0881,319.4441,319444.0999
1,349.1223,319.4783,319478.2999
1,349.2683,319.6243,319624.2999
1,349.2878,319.6438,319643.7999
1,349.5207,319.8767,319876.6999
1,349.5626,319.9186,319918.5999
1,349.5997,319.9557,319955.6999
1,349.8331,320.1891,320189.0999
1,349.8404,320.1964,320196.3999
1,349.9130,320.2690,320268.9999
1,350.1446,320.5006,320500.5999
1,350.2016,320.5576,320557.5999
1,350.2573,320.6133,320613.2999
1,350.2976,320.6536,320653.5999
1,350.3758,320.7318,320731.7999
1,350.7632,321.1192,321119.1999
1,350.7821,321.1381,321138.0999
1,351.0962,321.4522,321452.1999
1,351.1343,321.4903,321490.2999
1,351.1834,321.5394,321539.3999
1,351.4420,321.7980,321797.9999
1,351.4653,321.8213,321821.2999
1,351.4789,321.8349,321834.8999
1,351.5493,321.9053,321905.2999
1,351.6227,321.9787,321978.6999
1,351.8105,322.1665,322166.4999
1,351.9446,322.3006,322300.5999
1,352.5159,322.8719,322871.8999
1,352.6181,322.9741,322974.0999
1,352.7229,323.0789,323078.8999
1,352.7478,323.1038,323103.7999
1,352.7693,323.1253,323125.2999
1,352.8090,323.1650,323164.9999
1,352.9355,323.2915,323291.4999
1,353.1535,323.5095,323509.4999
1,353.2019,323.5579,323557.8999
1,353.4269,323.7829,323782.8999
1,353.4805,323.8365,323836.4999
1,353.5712,323.9272,323927.1999
1,353.6066,323.9626,323962.5999
1,353.6261,323.9821,323982.0999
1,353.7229,324.0789,324078.8999
1,353.7348,324.0908,324090.7999
1,353.7455,324.1015,324101.4999
1,353.7657,324.1217,324121.6999
1,353.7838,324.1398,324139.7999
1,353.7987,324.1547,324154.6999
1,353.8092,324.1652,324165.1999
1,353.9531,324.3091,324309.0999
1,354.1342,324.4902,324490.1999
1,354.1943,324.5503,324550.2999
1,354.2961,324.6521,324652.0999
1,354.4836,324.8396,324839.5999
1,354.5334,324.8894,324889.3999
1,354.6053,324.9613,324961.2999
1,354.6774,325.0334,325033.3999
1,354.7088,325.0648,325064.7999
1,354.7704,325.1264,325126.3999
1,354.9923,325.3483,325348.2999
1,355.0559,325.4119,325411.8999
1,355.1039,325.4599,325459.8999
1,355.1856,325.5416,325541.5999
1,355.2158,325.5718,325571.7999
1,355.4359,325.7919,325791.8999
1,355.4737,325.8297,325829.6999
1,355.5047,325.8607,325860.6999
1,355.6523,326.0083,326008.2999
1,355.7091,326.0651,326065.0999
1,355.9920,326.3480,326347.9999
1,356.2307,326.5867,326586.6999
1,356.2723,326.6283,326628.2999
1,356.3176,326.6736,326673.5999
1,356.3720,326.7280,326727.9999
1,356.4163,326.7723,326772.2999
1,356.4807,326.8367,326836.6999
1,356.5781,326.9341,326934.0999
1,356.5960,326.9520,326951.9999
1,356.6098,326.9658,326965.7999
1,356.6387,326.9947,326994.6999
1,356.6483,327.0043,327004.2999
1,356.8139,327.1699,327169.8999
1,356.8489,327.2049,327204.8999
1,357.0405,327.3965,327396.4999
1,357.2733,327.6293,327629.2999
1,357.4068,327.7628,327762.7999
1,357.4442,327.8002,327800.1999
1,357.5153,327.8713,327871.2999
1,357.5977,327.9537,327953.6999
1,357.7068,328.0628,328062.7999
1,357.7266,328.0826,328082.5999
1,357.7352,328.0912,328091.1999
1,358.0069,328.3629,328362.8999
1,358.0625,328.4185,328418.4999
1,358.0899,328.4459,328445.8999
1,358.1402,328.4962,328496.1999
1,358.2491,328.6051,328605.0999
1,358.4023,328.7583,328758.2999
1,358.5353,328.8913,328891.2999
1,358.5543,328.9103,328910.2999
1,358.6155,328.9715,328971.4999
1,358.6446,329.0006,329000.5999
1,358.6984,329.0544,329054.3999
1,358.7015,329.0575,329057.4999
1,358.8295,329.1855,329185.4999
1,358.9720,329.3280,329327.9999
1,359.0082,329.3642,329364.1999
1,359.0629,329.4189,329418.8999
1,359.3507,329.7067,329706.6999
1,359.4051,329.7611,329761.0999
1,359.4234,329.7794,329779.3999
1,359.4424,329.7984,329798.3999
1,359.4812,329.8372,329837.1999
1,359.6666,330.0226,330022.5999
1,359.8201,330.1761,330176.0999
1,359.9839,330.3399,330339.8999
1,360.0731,330.4291,330429.0999
1,360.0844,330.4404,330440.3999
1,360.3508,330.7068,330706.7999
1,360.5433,330.8993,330899.2999
1,360.6493,331.0053,331005.2999
1,360.7058,331.0618,331061.7999
1,360.7682,331.1242,331124.1999
1,360.8016,331.1576,331157.5999
1,360.8614,331.2174,331217.3999
1,360.9174,331.2734,331273.3999
1,360.9731,331.3291,331329.0999
1,360.9947,331.3507,331350.6999
1,361.1081,331.4641,331464.0999
1,361.3905,331.7465,331746.4999
1,361.4215,331.7775,331777.4999
1,361.4290,331.7850,331784.9999
1,361.4445,331.8005,331800.4999
1,361.5400,331.8960,331895.9999
1,361.8136,332.1696,332169.5999
1,361.8455,332.2015,332201.4999
1,362.0858,332.4418,332441.7999
1,362.2100,332.5660,332565.9999
1,362.5752,332.9312,332931.1999
1,362.6371,332.9931,332993.0999
1,362.8414,333.1974,333197.3999
1,362.9817,333.3377,333337.6999
1,363.0187,333.3747,333374.6999
1,363.0298,333.3858,333385.7999
1,363.1235,333.4795,333479.4999
1,363.1283,333.4843,333484.2999
1,363.1721,333.5281,333528.0999
1,363.1930,333.5490,333548.9999
1,363.3719,333.7279,333727.8999
1,363.4129,333.7689,333768.8999
1,363.4478,333.8038,333803.7999
1,363.4674,333.8234,333823.3999
1,363.6680,334.0240,334023.9999
1,363.7430,334.0990,334098.9999
1,363.8072,334.1632,334163.1999
1,363.8374,334.1934,334193.3999
1,363.9103,334.2663,334266.2999
1,364.2087,334.5647,334564.6999
1,364.2689,334.6249,334624.8999
1,364.3922,334.7482,334748.1999
1,364.4373,334.7933,334793.2999
1,364.5089,334.8649,334864.8999
1,364.5267,334.8827,334882.6999
1,364.7363,335.0923,335092.2999
1,364.8099,335.1659,335165.8999
1,364.8861,335.2421,335242.0999
1,365.1544,335.5104,335510.3999
1,365.1912,335.5472,335547.1999
1,365.2167,335.5727,335572.6999
1,365.2432,335.5992,335599.1999
1,365.3689,335.7249,335724.8999
1,365.4619,335.8179,335817.8999
1,365.4824,335.8384,335838.3999
1,365.5124,335.8684,335868.3999
1,365.5494,335.9054,335905.3999
1,365.8168,336.1728,336172.7999
1,365.8444,336.2004,336200.3999
1,365.8994,336.2554,336255.3999
1,365.9881,336.3441,336344.0999
1,366.0647,336.4207,336420.6999
1,366.0922,336.4482,336448.1999
1,366.3546,336.7106,336710.5999
1,366.4922,336.8482,336848.1999
1,366.5542,336.9102,336910.1999
1,366.5646,336.9206,336920.5999
1,366.5807,336.9367,336936.6999
1,366.6328,336.9888,336988.7999
1,366.6981,337.0541,337054.0999
1,366.9687,337.3247,337324.6999
1,367.0874,337.4434,337443.3999
1,367.1798,337.5358,337535.7999
1,367.5007,337.8567,337856.6999
1,367.5657,337.9217,337921.6999
1,367.6058,337.9618,337961.7999
1,367.6807,338.0367,338036.6999
1,367.7501,338.1061,338106.0999
1,367.8071,338.1631,338163.0999
1,367.9663,338.3223,338322.2999
1,368.0267,338.3827,338382.6999
1,368.0616,338.4176,338417.5999
1,368.0870,338.4430,338442.9999
1,368.1293,338.4853,338485.2999
1,368.1456,338.5016,338501.5999
1,368.2183,338.5743,338574.2999
1,368.2698,338.6258,338625.7999
1,368.3456,338.7016,338701.5999
1,368.3887,338.7447,338744.6999
1,368.4102,338.7662,338766.1999
1,368.4629,338.8189,338818.8999
1,368.4919,338.8479,338847.8999
1,368.5043,338.8603,338860.2999
1,368.6420,338.9980,338997.9999
1,368.7583,339.1143,339114.2999
1,368.9017,339.2577,339257.6999
1,368.9449,339.3009,339300.8999
1,369.0478,339.4038,339403.7999
1,369.2422,339.5982,339598.1999
1,369.3046,339.6606,339660.5999
1,369.3197,339.6757,339675.6999
1,369.3504,339.7064,339706.3999
1,369.7912,340.1472,340147.1999
1,369.9221,340.2781,340278.0999
1,370.1185,340.4745,340474.4999
1,370.1822,340.5382,340538.1999
1,370.3208,340.6768,340676.7999
1,370.3369,340.6929,340692.8999
1,370.3544,340.7104,340710.3999
1,370.3738,340.7298,340729.7999
1,370.5533,340.9093,340909.2999
1,370.5829,340.9389,340938.8999
1,370.7659,341.1219,341121.8999
1,370.7828,341.1388,341138.7999
1,370.8682,341.2242,341224.1999
1,370.9161,341.2721,341272.0999
1,370.9476,341.3036,341303.5999
1,370.9684,341.3244,341324.3999
1,371.0007,341.3567,341356.6999
1,371.1770,341.5330,341532.9999
1,371.1928,341.5488,341548.7999
1,371.2181,341.5741,341574.0999
1,371.2557,341.6117,341611.6999
1,371.2978,341.6538,341653.7999
1,371.3731,341.7291,341729.0999
1,371.4277,341.7837,341783.6999
1,371.7575,342.1135,342113.4999
1,371.9421,342.2981,342298.0999
1,372.2009,342.5569,342556.8999
1,372.2832,342.6392,342639.1999
1,372.3057,342.6617,342661.6999
1,372.3293,342.6853,342685.2999
1,372.4363,342.7923,342792.2999
1,372.4874,342.8434,342843.3999
1,372.4976,342.8536,342853.5999
1,372.5081,342.8641,342864.0999
1,372.5154,342.8714,342871.3999
1,372.5578,342.9138,342913.7999
1,372.7754,343.1314,343131.3999
1,372.9174,343.2734,343273.3999
1,373.2028,343.5588,343558.7999
1,373.2572,343.6132,343613.1999
1,373.2930,343.6490,343648.9999
1,373.3233,343.6793,343679.2999
1,373.3514,343.7074,343707.3999
1,373.4738,343.8298,343829.7999
1,373.6584,344.0144,344014.3999
1,373.7115,344.0675,344067.4999
1,373.7619,344.1179,344117.8999
1,374.0289,344.3849,344384.8999
1,374.0666,344.4226,344422.5999
1,374.0840,344.4400,344439.9999
1,374.3412,344.6972,344697.1999
1,374.4059,344.7619,344761.8999
1,374.4513,344.8073,344807.2999
1,374.5175,344.8735,344873.4999
1,374.5425,344.8985,344898.4999
1,374.5721,344.9281,344928.0999
1,374.6041,344.9601,344960.0999
1,374.8519,345.2079,345207.8999
1,374.9347,345.2907,345290.6999
1,375.1478,345.5038,345503.7999
1,375.1676,345.5236,345523.5999
1,375.2044,345.5604,345560.3999
1,375.2418,345.5978,345597.7999
1,375.2702,345.6262,345626.1999
1,375.3382,345.6942,345694.1999
1,375.3491,345.7051,345705.0999
1,375.3769,345.7329,345732.8999
1,375.4809,345.8369,345836.8999
1,375.5693,345.9253,345925.2999
1,375.6985,346.0545,346054.4999
1,375.9736,346.3296,346329.5999
1,376.0358,346.3918,346391.7999
1,376.1121,346.4681,346468.0999
1,376.2876,346.6436,346643.5999
1,376.3108,346.6668,346666.7999
1,376.5146,346.8706,346870.5999
1,376.6728,347.0288,347028.7999
1,376.7395,347.0955,347095.4999
1,376.7730,347.1290,347128.9999
1,376.8220,347.1780,347177.9999
1,376.9640,347.3200,347319.9999
1,377.0411,347.3971,347397.0999
1,377.0912,347.4472,347447.1999
1,377.4776,347.8336,347833.5999
1,377.5647,347.9207,347920.6999
1,377.5948,347.9508,347950.7999
1,377.7003,348.0563,348056.2999
1,377.8690,348.2250,348224.9999
1,377.8807,348.2367,348236.6999
1,377.8897,348.2457,348245.6999
1,377.9103,348.2663,348266.2999
1,377.9154,348.2714,348271.3999
1,377.9351,348.2911,348291.0999
1,377.9818,348.3378,348337.7999
1,378.1158,348.4718,348471.7999
1,378.1348,348.4908,348490.7999
1,378.3274,348.6834,348683.3999
1,378.3513,348.7073,348707.2999
1,378.6666,349.0226,349022.5999
1,378.8179,349.1739,349173.8999
1,378.8930,349.2490,349248.9999
1,378.9572,349.3132,349313.1999
1,379.0042,349.3602,349360.1999
1,379.0326,349.3886,349388.5999
1,379.0752,349.4312,349431.1999
1,379.0944,349.4504,349450.3999
1,379.0992,349.4552,349455.1999
1,379.1037,349.4597,349459.6999
1,379.1107,349.4667,349466.6999
1,379.1174,349.4734,349473.3999
1,379.3198,349.6758,349675.7999
1,379.4939,349.8499,349849.8999
1,379.6646,350.0206,350020.5999
1,379.7716,350.1276,350127.5999
1,379.8062,350.1622,350162.1999
1,379.8393,350.1953,350195.2999
1,380.0002,350.3562,350356.1999
1,380.1518,350.5078,350507.7999
1,380.3486,350.7046,350704.5999
1,380.5501,350.9061,350906.0999
1,380.5802,350.9362,350936.1999
1,380.6168,350.9728,350972.7999
1,380.6571,351.0131,351013.0999
1,380.7069,351.0629,351062.8999
1,380.8225,351.1785,351178.4999
1,380.9098,351.2658,351265.7999
1,380.9446,351.3006,351300.5999
1,380.9823,351.3383,351338.2999
1,381.0120,351.3680,351367.9999
1,381.1454,351.5014,351501.3999
1,381.2853,351.6413,351641.2999
1,381.4453,351.8013,351801.2999
1,381.7669,352.1229,352122.8999
1,381.8218,352.1778,352177.7999
1,381.8335,352.1895,352189.4999
1,381.9811,352.3371,352337.0999
1,382.1097,352.4657,352465.6999
1,382.1260,352.4820,352481.9999
1,382.1563,352.5123,352512.2999
1,382.2665,352.6225,352622.4999
1,382.3016,352.6576,352657.5999
1,382.3726,352.7286,352728.5999
1,382.8487,353.2047,353204.6999
1,382.8839,353.2399,353239.8999
1,382.9085,353.2645,353264.4999
1,382.9721,353.3281,353328.0999
1,383.0745,353.4305,353430.4999
1,383.2552,353.6112,353611.1999
1,383.3471,353.7031,353703.0999
1,383.4346,353.7906,353790.5999
1,383.4855,353.8415,353841.4999
1,383.5484,353.9044,353904.3999
1,383.8348,354.1908,354190.7999
1,383.8885,354.2445,354244.4999
1,383.9068,354.2628,354262.7999
1,383.9103,354.2663,354266.2999
1,383.9338,354.2898,354289.7999
1,383.9678,354.3238,354323.7999
1,384.0660,354.4220,354421.9999
1,384.1303,354.4863,354486.2999
1,384.1715,354.5275,354527.4999
1,384.4385,354.7945,354794.4999
1,384.6293,354.9853,354985.2999
1,384.6760,355.0320,355031.9999
1,384.7200,355.0760,355075.9999
1,384.8580,355.2140,355213.9999
1,384.8852,355.2412,355241.1999
1,384.9038,355.2598,355259.7999
1,384.9182,355.2742,355274.1999
1,384.9250,355.2810,355280.9999
1,385.1074,355.4634,355463.3999
1,385.2051,355.5611,355561.0999
1,385.4885,355.8445,355844.4999
1,385.5363,355.8923,355892.2999
1,385.5563,355.9123,355912.2999
1,385.5720,355.9280,355927.9999
1,385.5854,355.9414,355941.3999
1,385.6172,355.9732,355973.1999
1,385.6523,356.0083,356008.2999
1,385.7104,356.0664,356066.3999
1,386.0103,356.3663,356366.2999
1,386.2695,356.6255,356625.4999
1,386.3271,356.6831,356683.0999
1,386.4574,356.8134,356813.3999
1,386.5231,356.8791,356879.0999
1,386.6455,357.0015,357001.4999
1,386.7297,357.0857,357085.6999
1,386.8556,357.2116,357211.5999
1,387.2097,357.5657,357565.6999
1,387.2691,357.6251,357625.0999
1,387.3353,357.6913,357691.2999
1,387.4254,357.7814,357781.3999
1,387.4589,357.8149,357814.8999
1,387.4878,357.8438,357843.7999
1,387.7256,358.0816,358081.5999
1,387.8007,358.1567,358156.6999
1,387.8296,358.1856,358185.5999
1,387.8938,358.2498,358249.7999
1,387.9150,358.2710,358270.9999
1,387.9467,358.3027,358302.6999
1,388.0187,358.3747,358374.6999
1,388.0912,358.4472,358447.1999
1,388.1420,358.4980,358497.9999
1,388.1630,358.5190,358518.9999
1,388.4264,358.7824,358782.3999
1,388.4333,358.7893,358789.2999
1,388.4878,358.8438,358843.7999
1,388.5213,358.8773,358877.2999
1,388.5522,358.9082,358908.1999
1,388.5796,358.9356,358935.5999
1,388.7548,359.1108,359110.7999
1,389.1552,359.5112,359511.1999
1,389.2205,359.5765,359576.4999
1,389.2685,359.6245,359624.4999
1,389.3314,359.6874,359687.3999
1,389.4856,359.8416,359841.5999
1,389.6881,360.0441,360044.0999
1,389.7302,360.0862,360086.1999
1,389.9708,360.3268,360326.7999
1,390.2701,360.6261,360626.0999
1,390.2943,360.6503,360650.2999
1,390.4856,360.8416,360841.5999
1,390.6170,360.9730,360972.9999
1,390.6360,360.9920,360991.9999
1,390.6682,361.0242,361024.1999
1,390.7837,361.1397,361139.6999
1,390.8396,361.1956,361195.5999
1,391.0464,361.4024,361402.3999
1,391.0635,361.4195,361419.4999
1,391.1693,361.5253,361525.2999
1,391.2055,361.5615,361561.4999
1,391.2803,361.6363,361636.2999
1,391.3892,361.7452,361745.1999
1,391.4512,361.8072,361807.1999
1,391.4857,361.8417,361841.6999
1,391.5758,361.9318,361931.7999
1,391.8062,362.1622,362162.1999
1,391.8589,362.2149,362214.8999
1,391.8934,362.2494,362249.3999
1,392.0758,362.4318,362431.7999
1,392.1664,362.5224,362522.3999
1,392.1842,362.5402,362540.1999
1,392.2009,362.5569,362556.8999
1,392.3949,362.7509,362750.8999
1,392.4749,362.8309,362830.8999
1,392.5595,362.9155,362915.4999
1,392.7012,363.0572,363057.1999
1,392.8017,363.1577,363157.6999
1,393.1065,363.4625,363462.4999
1,393.2127,363.5687,363568.6999
1,393.3409,363.6969,363696.8999
1,393.3666,363.7226,363722.5999
1,393.6088,363.9648,363964.7999
1,393.6665,364.0225,364022.4999
1,393.7437,364.0997,364099.6999
1,393.8878,364.2438,364243.7999
1,393.9420,364.2980,364297.9999
1,393.9737,364.3297,364329.6999
1,393.9931,364.3491,364349.0999
1,394.0235,364.3795,364379.4999
1,394.0373,364.3933,364393.2999
1,394.3850,364.7410,364740.9999
1,394.6079,364.9639,364963.8999
1,394.7696,365.1256,365125.5999
1,394.8005,365.1565,365156.4999
1,394.8261,365.1821,365182.0999
1,395.0717,365.4277,365427.6999
1,395.2521,365.6081,365608.0999
1,395.3521,365.7081,365708.0999
1,395.3757,365.7317,365731.6999
1,395.3975,365.7535,365753.4999
1,395.4473,365.8033,365803.2999
1,395.4854,365.8414,365841.3999
1,395.5439,365.8999,365899.8999
1,395.6705,366.0265,366026.4999
1,395.7063,366.0623,366062.2999
1,395.7321,366.0881,366088.0999
1,396.0161,366.3721,366372.0999
1,396.1187,366.4747,366474.6999
1,396.1318,366.4878,366487.7999
1,396.1361,366.4921,366492.0999
1,396.1559,366.5119,366511.8999
1,396.2951,366.6511,366651.0999
1,396.3509,366.7069,366706.8999
1,396.4131,366.7691,366769.0999
1,396.5522,366.9082,366908.1999
1,396.5732,366.9292,366929.1999
1,396.6046,366.9606,366960.5999
1,396.6213,366.9773,366977.2999
1,396.6416,366.9976,366997.5999
1,396.7432,367.0992,367099.1999
1,396.7859,367.1419,367141.8999
1,396.9557,367.3117,367311.6999
1,397.0202,367.3762,367376.1999
1,397.0388,367.3948,367394.7999
1,397.2370,367.5930,367592.9999
1,397.4592,367.8152,367815.1999
1,397.4822,367.8382,367838.1999
1,397.6573,368.0133,368013.2999
1,397.6820,368.0380,368037.9999
1,397.8072,368.1632,368163.1999
1,398.0194,368.3754,368375.3999
1,398.1695,368.5255,368525.4999
1,398.2052,368.5612,368561.1999
1,398.6145,368.9705,368970.4999
1,398.6672,369.0232,369023.1999
1,398.9581,369.3141,369314.0999
1,399.0560,369.4120,369411.9999
1,399.0837,369.4397,369439.6999
1,399.1712,369.5272,369527.1999
1,399.2461,369.6021,369602.0999
1,399.3214,369.6774,369677.3999
1,399.3521,369.7081,369708.0999
1,399.4699,369.8259,369825.8999
1,399.5597,369.9157,369915.6999
1,399.5775,369.9335,369933.4999
1,399.8238,370.1798,370179.7999
1,399.8665,370.2225,370222.4999
1,400.1147,370.4707,370470.6999
1,400.1858,370.5418,370541.7999
1,400.2471,370.6031,370603.0999
1,400.2713,370.6273,370627.2999
1,400.4322,370.7882,370788.1999
1,400.4436,370.7996,370799.5999
1,400.5830,370.9390,370938.9999
1,400.6120,370.9680,370967.9999
1,400.9272,371.2832,371283.1999
1,400.9637,371.3197,371319.6999
1,401.0398,371.3958,371395.7999
1,401.2699,371.6259,371625.8999
1,401.4034,371.7594,371759.3999
1,401.4450,371.8010,371800.9999
1,401.4846,371.8406,371840.5999
1,401.6982,372.0542,372054.1999
1,401.7259,372.0819,372081.8999
1,401.8942,372.2502,372250.1999
1,402.1372,372.4932,372493.1999
1,402.4771,372.8331,372833.0999
1,402.6325,372.9885,372988.4999
1,402.8048,373.1608,373160.7999
1,402.8855,373.2415,373241.4999
1,402.9269,373.2829,373282.8999
1,402.9684,373.3244,373324.3999
1,403.0452,373.4012,373401.1999
1,403.3550,373.7110,373710.9999
1,403.4257,373.7817,373781.6999
1,403.4952,373.8512,373851.1999
1,403.5190,373.8750,373874.9999
1,403.6439,373.9999,373999.8999
1,403.7213,374.0773,374077.2999
1,403.9025,374.2585,374258.4999
1,403.9635,374.3195,374319.4999
1,404.0612,374.4172,374417.1999
1,404.0811,374.4371,374437.0999
1,404.0918,374.4478,374447.7999
1,404.1443,374.5003,374500.2999
1,404.2061,374.5621,374562.0999
1,404.2167,374.5727,374572.6999
1,404.2302,374.5862,374586.1999
1,404.4388,374.7948,374794.7999
1,404.4718,374.8278,374827.7999
1,404.5035,374.8595,374859.4999
1,404.5376,374.8936,374893.5999
1,404.6156,374.9716,374971.5999
1,404.9075,375.2635,375263.4999
1,404.9749,375.3309,375330.8999
1,405.0567,375.4127,375412.6999
1,405.0655,375.4215,375421.4999
1,405.2429,375.5989,375598.8999
1,405.2946,375.6506,375650.5999
1,405.3162,375.6722,375672.1999
1,405.4752,375.8312,375831.1999
1,405.4927,375.8487,375848.6999
1,405.5671,375.9231,375923.0999
1,405.7370,376.0930,376092.9999
1,405.8953,376.2513,376251.2999
1,406.1906,376.5466,376546.5999
1,406.2631,376.6191,376619.0999
1,406.2751,376.6311,376631.0999
1,406.3126,376.6686,376668.5999
1,406.4199,376.7759,376775.8999
1,406.5473,376.9033,376903.2999
1,406.5715,376.9275,376927.4999
1,406.6438,376.9998,376999.7999
1,406.7318,377.0878,377087.7999
1,406.9483,377.3043,377304.2999
1,406.9996,377.3556,377355.5999
1,407.1221,377.4781,377478.0999
1,407.1433,377.4993,377499.2999
1,407.1587,377.5147,377514.6999
1,407.1988,377.5548,377554.7999
1,407.3722,377.7282,377728.1999
1,407.5949,377.9509,377950.8999
1,407.7563,378.1123,378112.2999
1,408.0037,378.3597,378359.6999
1,408.2663,378.6223,378622.2999
1,408.3144,378.6704,378670.3999
1,408.3294,378.6854,378685.3999
1,408.3584,378.7144,378714.3999
1,408.3873,378.7433,378743.2999
1,408.4141,378.7701,378770.0999
1,408.5883,378.9443,378944.2999
1,408.9658,379.3218,379321.7999
1,409.1173,379.4733,379473.2999
1,409.1369,379.4929,379492.8999
1,409.2597,379.6157,379615.6999
1,409.2761,379.6321,379632.0999
1,409.4469,379.8029,379802.8999
1,409.6081,379.9641,379964.0999
1,409.6444,380.0004,380000.3999
1,409.7184,380.0744,380074.3999
1,409.8520,380.2080,380207.9999
1,409.9311,380.2871,380287.0999
1,410.1477,380.5037,380503.6999
1,410.1711,380.5271,380527.0999
1,410.2037,380.5597,380559.6999
1,410.2219,380.5779,380577.8999
1,410.2456,380.6016,380601.5999
1,410.2695,380.6255,380625.4999
1,410.4341,380.7901,380790.0999
1,410.4617,380.8177,380817.6999
1,410.4748,380.8308,380830.7999
1,410.6700,381.0260,381025.9999
1,410.7477,381.1037,381103.6999
1,410.9026,381.2586,381258.5999
1,410.9652,381.3212,381321.1999
1,411.0344,381.3904,381390.3999
1,411.0970,381.4530,381452.9999
1,411.1189,381.4749,381474.8999
1,411.1484,381.5044,381504.3999
1,411.2135,381.5695,381569.4999
1,411.2209,381.5769,381576.8999
1,411.2585,381.6145,381614.4999
1,411.3884,381.7444,381744.3999
1,411.4019,381.7579,381757.8999
1,411.4164,381.7724,381772.3999
1,411.4383,381.7943,381794.2999
1,411.4556,381.8116,381811.5999
1,411.5760,381.9320,381931.9999
1,411.8440,382.2000,382199.9999
1,411.9261,382.2821,382282.0999
1,411.9968,382.3528,382352.7999
1,412.1527,382.5087,382508.6999
1,412.1810,382.5370,382536.9999
1,412.1884,382.5444,382544.3999
1,412.2043,382.5603,382560.2999
1,412.2471,382.6031,382603.0999
1,412.3826,382.7386,382738.5999
1,412.5489,382.9049,382904.8999
1,412.6075,382.9635,382963.4999
1,412.6311,382.9871,382987.0999
1,412.6617,383.0177,383017.6999
1,412.7914,383.1474,383147.3999
1,412.8087,383.1647,383164.6999
1,412.8235,383.1795,383179.4999
1,412.8362,383.1922,383192.1999
1,413.0335,383.3895,383389.4999
1,413.0544,383.4104,383410.3999
1,413.1739,383.5299,383529.8999
1,413.2108,383.5668,383566.7999
1,413.2437,383.5997,383599.6999
1,413.2661,383.6221,383622.0999
1,413.5780,383.9340,383933.9999
1,413.6790,384.0350,384034.9999
1,413.7157,384.0717,384071.6999
1,413.7407,384.0967,384096.6999
1,413.7754,384.1314,384131.3999
1,413.8086,384.1646,384164.5999
1,413.8337,384.1897,384189.6999
1,413.9968,384.3528,384352.7999
1,414.0224,384.3784,384378.3999
1,414.0296,384.3856,384385.5999
1,414.1710,384.5270,384526.9999
1,414.1961,384.5521,384552.0999
1,414.3868,384.7428,384742.7999
1,414.4174,384.7734,384773.3999
1,414.7530,385.1090,385108.9999
1,414.7966,385.1526,385152.5999
1,414.9210,385.2770,385276.9999
1,414.9500,385.3060,385305.9999
1,414.9954,385.3514,385351.3999
1,415.2421,385.5981,385598.0999
1,415.2636,385.6196,385619.5999
1,415.3667,385.7227,385722.6999
1,415.3831,385.7391,385739.0999
1,415.4299,385.7859,385785.8999
1,415.4428,385.7988,385798.7999
1,415.8025,386.1585,386158.4999
1,415.8497,386.2057,386205.6999
1,415.9204,386.2764,386276.3999
1,416.3017,386.6577,386657.6999
1,416.4756,386.8316,386831.5999
1,416.6721,387.0281,387028.0999
1,416.6897,387.0457,387045.6999
1,416.7414,387.0974,387097.3999
1,416.8277,387.1837,387183.6999
1,417.0059,387.3619,387361.8999
1,417.0973,387.4533,387453.2999
1,417.2196,387.5756,387575.5999
1,417.3009,387.6569,387656.8999
1,417.3526,387.7086,387708.5999
1,417.5121,387.8681,387868.0999
1,417.6701,388.0261,388026.0999
1,417.8731,388.2291,388229.0999
1,418.0172,388.3732,388373.1999
1,418.0219,388.3779,388377.8999
1,418.0460,388.4020,388401.9999
1,418.0644,388.4204,388420.3999
1,418.2307,388.5867,388586.6999
1,418.2392,388.5952,388595.1999
1,418.2573,388.6133,388613.2999
1,418.3165,388.6725,388672.4999
1,418.3406,388.6966,388696.5999
1,418.3695,388.7255,388725.4999
1,418.3889,388.7449,388744.8999
1,418.6406,388.9966,388996.5999
1,419.0029,389.3589,389358.8999
1,419.1655,389.5215,389521.4999
1,419.3380,389.6940,389693.9999
1,419.4156,389.7716,389771.5999
1,419.4902,389.8462,389846.1999
1,419.5282,389.8842,389884.1999
1,419.5360,389.8920,389891.9999
1,419.5912,389.9472,389947.1999
1,419.7549,390.1109,390110.8999
1,419.8237,390.1797,390179.6999
1,419.8320,390.1880,390187.9999
1,419.8403,390.1963,390196.2999
1,420.0280,390.3840,390383.9999
1,420.0468,390.4028,390402.7999
1,420.0767,390.4327,390432.6999
1,420.2434,390.5994,390599.3999
1,420.2627,390.6187,390618.6999
1,420.2875,390.6435,390643.4999
1,420.3294,390.6854,390685.3999
1,420.4800,390.8360,390835.9999
1,420.6636,391.0196,391019.5999
1,420.8533,391.2093,391209.2999
1,421.2482,391.6042,391604.1999
1,421.3684,391.7244,391724.3999
1,421.3900,391.7460,391745.9999
1,421.4547,391.8107,391810.6999
1,421.5416,391.8976,391897.5999
1,421.7080,392.0640,392063.9999
1,421.7360,392.0920,392091.9999
1,421.8884,392.2444,392244.3999
1,422.0641,392.4201,392420.0999
1,422.1402,392.4962,392496.1999
1,422.1487,392.5047,392504.6999
1,422.1758,392.5318,392531.7999
1,422.1917,392.5477,392547.6999
1,422.3470,392.7030,392702.9999
1,422.5750,392.9310,392930.9999
1,422.6634,393.0194,393019.3999
1,422.7122,393.0682,393068.1999
1,422.7940,393.1500,393149.9999
1,422.8457,393.2017,393201.6999
1,422.9303,393.2863,393286.2999
1,423.0929,393.4489,393448.8999
1,423.1697,393.5257,393525.6999
1,423.3465,393.7025,393702.4999
1,423.4190,393.7750,393774.9999
1,423.4844,393.8404,393840.3999
1,423.6273,393.9833,393983.2999
1,423.6673,394.0233,394023.2999
1,423.7600,394.1160,394115.9999
1,423.7977,394.1537,394153.6999
1,423.8235,394.1795,394179.4999
1,423.8625,394.2185,394218.4999
1,423.8820,394.2380,394237.9999
1,423.8871,394.2431,394243.0999
1,424.0100,394.3660,394365.9999
1,424.0472,394.4032,394403.1999
1,424.1342,394.4902,394490.1999
1,424.2790,394.6350,394634.9999
1,424.2984,394.6544,394654.3999
1,424.3759,394.7319,394731.8999
1,424.6474,395.0034,395003.3999
1,424.7833,395.1393,395139.2999
1,424.9546,395.3106,395310.5999
1,424.9734,395.3294,395329.3999
1,425.0169,395.3729,395372.8999
1,425.0644,395.4204,395420.3999
1,425.0752,395.4312,395431.1999
1,425.0851,395.4411,395441.0999
1,425.2001,395.5561,395556.0999
1,425.3475,395.7035,395703.4999
1,425.4225,395.7785,395778.4999
1,425.5281,395.8841,395884.0999
1,425.5440,395.9000,395899.9999
1,425.6969,396.0529,396052.8999
1,425.7130,396.0690,396068.9999
1,425.7368,396.0928,396092.7999
1,425.8417,396.1977,396197.6999
1,425.8612,396.2172,396217.1999
1,425.8942,396.2502,396250.1999
1,425.9117,396.2677,396267.6999
1,425.9287,396.2847,396284.6999
1,425.9564,396.3124,396312.3999
1,425.9741,396.3301,396330.0999
1,425.9902,396.3462,396346.1999
1,426.1901,396.5461,396546.0999
1,426.2249,396.5809,396580.8999
1,426.2352,396.5912,396591.1999
1,426.2471,396.6031,396603.0999
1,426.2507,396.6067,396606.6999
1,426.4582,396.8142,396814.1999
1,426.8729,397.2289,397228.8999
1,426.9405,397.2965,397296.4999
1,426.9535,397.3095,397309.4999
1,426.9739,397.3299,397329.8999
1,427.1518,397.5078,397507.7999
1,427.5449,397.9009,397900.8999
1,427.6406,397.9966,397996.5999
1,427.8209,398.1769,398176.8999
1,427.8722,398.2282,398228.1999
1,427.9293,398.2853,398285.2999
1,428.0756,398.4316,398431.5999
1,428.2118,398.5678,398567.7999
1,428.2519,398.6079,398607.8999
1,428.2663,398.6223,398622.2999
1,428.2733,398.6293,398629.2999
1,428.2864,398.6424,398642.3999
1,428.4606,398.8166,398816.5999
1,428.5186,398.8746,398874.5999
1,428.6512,399.0072,399007.1999
1,428.7091,399.0651,399065.0999
1,428.7472,399.1032,399103.1999
1,428.7927,399.1487,399148.6999
1,428.8300,399.1860,399185.9999
1,428.8515,399.2075,399207.4999
1,428.8946,399.2506,399250.5999
1,428.9168,399.2728,399272.7999
1,428.9377,399.2937,399293.6999
1,429.1600,399.5160,399515.9999
1,429.3955,399.7515,399751.4999
1,429.4630,399.8190,399818.9999
1,429.5899,399.9459,399945.8999
1,429.6424,399.9984,399998.3999
1,429.7127,400.0687,400068.6999
1,429.8447,400.2007,400200.6999
1,429.8850,400.2410,400240.9999
1,429.9876,400.3436,400343.5999
1,430.0966,400.4526,400452.5999
1,430.3132,400.6692,400669.1999
1,430.3438,400.6998,400699.7999
1,430.4696,400.8256,400825.5999
1,430.5505,400.9065,400906.4999
1,430.6320,400.9880,400987.9999
1,430.8674,401.2234,401223.3999
1,430.9033,401.2593,401259.2999
1,430.9445,401.3005,401300.4999
1,431.0833,401.4393,401439.2999
1,431.1550,401.5110,401510.9999
1,431.2013,401.5573,401557.2999
1,431.3918,401.7478,401747.7999
1,431.4618,401.8178,401817.7999
1,431.4957,401.8517,401851.6999
1,431.5877,401.9437,401943.6999
1,431.6261,401.9821,401982.0999
1,431.7531,402.1091,402109.0999
1,431.8593,402.2153,402215.2999
1,431.8840,402.2400,402239.9999
1,432.2797,402.6357,402635.6999
1,432.4082,402.7642,402764.1999
1,432.4388,402.7948,402794.7999
1,432.5661,402.9221,402922.0999
1,432.5872,402.9432,402943.1999
1,432.6229,402.9789,402978.8999
1,432.6557,403.0117,403011.6999
1,432.7915,403.1475,403147.4999
1,432.8109,403.1669,403166.8999
1,432.8219,403.1779,403177.8999
1,432.8511,403.2071,403207.0999
1,432.9134,403.2694,403269.3999
1,432.9552,403.3112,403311.1999
1,432.9685,403.3245,403324.4999
1,433.0019,403.3579,403357.8999
1,433.0244,403.3804,403380.3999
1,433.1588,403.5148,403514.7999
1,433.1730,403.5290,403528.9999
1,433.1880,403.5440,403543.9999
1,433.1980,403.5540,403553.9999
1,433.4388,403.7948,403794.7999
1,433.5052,403.8612,403861.1999
1,433.5800,403.9360,403935.9999
1,433.7143,404.0703,404070.2999
1,433.9927,404.3487,404348.6999
1,434.0335,404.3895,404389.4999
1,434.1689,404.5249,404524.8999
1,434.1919,404.5479,404547.8999
1,434.2061,404.5621,404562.0999
1,434.2512,404.6072,404607.1999
1,434.3066,404.6626,404662.5999
1,434.5241,404.8801,404880.0999
1,434.5456,404.9016,404901.5999
1,434.5748,404.9308,404930.7999
1,434.7462,405.1022,405102.1999
1,434.7610,405.1170,405116.9999
1,434.9990,405.3550,405354.9999
1,435.2243,405.5803,405580.2999
1,435.2479,405.6039,405603.8999
1,435.3174,405.6734,405673.3999
1,435.5455,405.9015,405901.4999
1,435.5775,405.9335,405933.4999
1,435.7084,406.0644,406064.3999
1,435.7912,406.1472,406147.1999
1,435.8342,406.1902,406190.1999
1,435.9058,406.2618,406261.7999
1,436.0839,406.4399,406439.8999
1,436.1599,406.5159,406515.8999
1,436.2182,406.5742,406574.1999
1,436.3998,406.7558,406755.7999
1,436.4452,406.8012,406801.1999
1,436.4745,406.8305,406830.4999
1,436.6429,406.9989,406998.8999
1,436.6875,407.0435,407043.4999
1,436.8480,407.2040,407203.9999
1,436.8799,407.2359,407235.8999
1,437.0469,407.4029,407402.8999
1,437.0976,407.4536,407453.5999
1,437.3860,407.7420,407741.9999
1,437.5401,407.8961,407896.0999
1,437.6261,407.9821,407982.0999
1,437.6749,408.0309,408030.8999
1,437.9286,408.2846,408284.5999
1,438.1130,408.4690,408468.9999
1,438.2716,408.6276,408627.5999
1,438.3299,408.6859,408685.8999
1,438.3593,408.7153,408715.2999
1,438.7003,409.0563,409056.2999
1,438.8641,409.2201,409220.0999
1,439.0091,409.3651,409365.0999
1,439.1148,409.4708,409470.7999
1,439.1620,409.5180,409517.9999
1,439.3393,409.6953,409695.2999
1,439.3516,409.7076,409707.5999
1,439.3619,409.7179,409717.8999
1,439.5891,409.9451,409945.0999
1,439.6112,409.9672,409967.1999
1,439.6813,410.0373,410037.2999
1,439.7579,410.1139,410113.8999
1,439.9131,410.2691,410269.0999
1,439.9351,410.2911,410291.0999
1,439.9635,410.3195,410319.4999
1,440.1083,410.4643,410464.2999
1,440.1368,410.4928,410492.7999
1,440.2139,410.5699,410569.8999
1,440.3115,410.6675,410667.4999
1,440.3649,410.7209,410720.8999
1,440.6661,411.0221,411022.0999
1,440.7420,411.0980,411097.9999
1,440.7682,411.1242,411124.1999
1,440.7995,411.1555,411155.4999
1,440.8404,411.1964,411196.3999
1,440.8905,411.2465,411246.4999
1,440.9328,411.2888,411288.7999
1,440.9879,411.3439,411343.8999
1,441.1123,411.4683,411468.2999
1,441.1494,411.5054,411505.3999
1,441.1939,411.5499,411549.8999
1,441.3228,411.6788,411678.7999
1,441.6066,411.9626,411962.5999
1,441.6399,411.9959,411995.8999
1,441.8621,412.2181,412218.0999
1,441.9069,412.2629,412262.8999
1,442.0187,412.3747,412374.6999
1,442.0412,412.3972,412397.1999
1,442.1272,412.4832,412483.1999
1,442.1697,412.5257,412525.6999
1,442.2093,412.5653,412565.2999
1,442.2398,412.5958,412595.7999
1,442.2865,412.6425,412642.4999
1,442.3493,412.7053,412705.2999
1,442.5232,412.8792,412879.1999
1,442.7030,413.0590,413058.9999
1,442.7413,413.0973,413097.2999
1,442.7638,413.1198,413119.7999
1,442.7918,413.1478,413147.7999
1,442.7975,413.1535,413153.4999
1,442.8296,413.1856,413185.5999
1,442.9056,413.2616,413261.5999
1,442.9089,413.2649,413264.8999
1,442.9532,413.3092,413309.1999
1,442.9777,413.3337,413333.6999
1,442.9864,413.3424,413342.3999
1,443.2528,413.6088,413608.7999
1,443.2769,413.6329,413632.8999
1,443.3395,413.6955,413695.4999
1,443.4584,413.8144,413814.3999
1,443.5920,413.9480,413947.9999
1,443.6264,413.9824,413982.3999
1,443.6814,414.0374,414037.3999
1,443.8259,414.1819,414181.8999
1,443.8539,414.2099,414209.8999
1,443.8909,414.2469,414246.8999
1,443.9174,414.2734,414273.3999
1,443.9410,414.2970,414296.9999
1,444.0066,414.3626,414362.5999
1,444.0615,414.4175,414417.4999
1,444.3646,414.7206,414720.5999
1,444.7422,415.0982,415098.1999
1,444.7661,415.1221,415122.0999
1,444.8254,415.1814,415181.3999
1,444.9408,415.2968,415296.7999
1,445.1052,415.4612,415461.1999
1,445.2942,415.6502,415650.1999
1,445.3112,415.6672,415667.1999
1,445.3659,415.7219,415721.8999
1,445.4357,415.7917,415791.6999
1,445.4547,415.8107,415810.6999
1,445.5449,415.9009,415900.8999
1,445.7695,416.1255,416125.4999
1,445.8188,416.1748,416174.7999
1,445.8256,416.1816,416181.5999
1,445.9272,416.2832,416283.1999
1,445.9635,416.3195,416319.4999
1,446.1447,416.5007,416500.6999
1,446.1775,416.5335,416533.4999
1,446.2389,416.5949,416594.8999
1,446.2617,416.6177,416617.6999
1,446.2813,416.6373,416637.2999
1,446.6893,417.0453,417045.2999
1,446.7455,417.1015,417101.4999
1,446.7542,417.1102,417110.1999
1,446.8927,417.2487,417248.6999
1,446.9094,417.2654,417265.3999
1,447.0919,417.4479,417447.8999
1,447.2676,417.6236,417623.5999
1,447.2884,417.6444,417644.3999
1,447.3075,417.6635,417663.4999
1,447.5520,417.9080,417907.9999
1,447.6128,417.9688,417968.7999
1,447.6736,418.0296,418029.5999
1,447.7131,418.0691,418069.0999
1,447.7655,418.1215,418121.4999
1,447.8684,418.2244,418224.3999
1,447.8925,418.2485,418248.4999
1,447.9168,418.2728,418272.7999
1,447.9271,418.2831,418283.0999
1,448.0000,418.3560,418355.9999
1,448.0391,418.3951,418395.0999
1,448.1686,418.5246,418524.5999
1,448.1818,418.5378,418537.7999
1,448.1912,418.5472,418547.1999
1,448.2502,418.6062,418606.1999
1,448.3546,418.7106,418710.5999
1,448.3831,418.7391,418739.0999
1,448.4040,418.7600,418759.9999
1,448.4566,418.8126,418812.5999
1,448.5454,418.9014,418901.3999
1,448.6046,418.9606,418960.5999
1,448.9966,419.3526,419352.5999
1,449.0236,419.3796,419379.5999
1,449.2320,419.5880,419587.9999
1,449.4834,419.8394,419839.3999
1,449.4957,419.8517,419851.6999
1,449.5018,419.8578,419857.7999
1,449.5104,419.8664,419866.3999
1,449.5194,419.8754,419875.3999
1,449.7127,420.0687,420068.6999
1,449.7263,420.0823,420082.2999
1,449.7541,420.1101,420110.0999
1,449.9840,420.3400,420339.9999
1,450.0804,420.4364,420436.3999
1,450.1479,420.5039,420503.8999
1,450.1778,420.5338,420533.7999
1,450.2119,420.5679,420567.8999
1,450.2578,420.6138,420613.7999
1,450.2845,420.6405,420640.4999
1,450.2967,420.6527,420652.6999
1,450.4555,420.8115,420811.4999
1,450.4732,420.8292,420829.1999
1,450.6240,420.9800,420979.9999
1,450.6379,420.9939,420993.8999
1,450.6886,421.0446,421044.5999
1,450.8056,421.1616,421161.5999
1,450.8771,421.2331,421233.0999
1,450.9290,421.2850,421284.9999
1,451.0423,421.3983,421398.2999
1,451.3793,421.7353,421735.2999
1,451.3992,421.7552,421755.1999
1,451.4201,421.7761,421776.0999
1,451.4358,421.7918,421791.7999
1,451.6954,422.0514,422051.3999
1,451.7924,422.1484,422148.3999
1,451.8573,422.2133,422213.2999
1,451.9069,422.2629,422262.8999
1,451.9393,422.2953,422295.2999
1,452.0812,422.4372,422437.1999
1,452.2017,422.5577,422557.6999
1,452.3202,422.6762,422676.1999
1,452.3303,422.6863,422686.2999
1,452.3744,422.7304,422730.3999
1,452.3919,422.7479,422747.8999
1,452.4827,422.8387,422838.6999
1,452.5951,422.9511,422951.0999
1,452.6038,422.9598,422959.7999
1,452.7630,423.1190,423118.9999
1,452.8247,423.1807,423180.6999
1,452.9983,423.3543,423354.2999
1,453.0329,423.3889,423388.8999
1,453.1489,423.5049,423504.8999
1,453.1631,423.5191,423519.0999
1,453.1853,423.5413,423541.2999
1,453.3260,423.6820,423681.9999
1,453.3881,423.7441,423744.0999
1,453.4260,423.7820,423781.9999
1,453.4515,423.8075,423807.4999
1,453.4822,423.8382,423838.1999
1,453.4947,423.8507,423850.6999
1,453.5047,423.8607,423860.6999
1,453.9030,424.2590,424258.9999
1,454.0516,424.4076,424407.5999
1,454.0870,424.4430,424442.9999
1,454.1188,424.4748,424474.7999
1,454.1332,424.4892,424489.1999
1,454.1588,424.5148,424514.7999
1,454.1652,424.5212,424521.1999
1,454.1845,424.5405,424540.4999
1,454.3346,424.6906,424690.5999
1,454.3501,424.7061,424706.0999
1,454.5493,424.9053,424905.2999
1,454.5650,424.9210,424920.9999
1,454.5853,424.9413,424941.2999
1,454.6035,424.9595,424959.4999
1,454.8565,425.2125,425212.4999
1,455.1404,425.4964,425496.3999
1,455.2628,425.6188,425618.7999
1,455.3045,425.6605,425660.4999
1,455.3369,425.6929,425692.8999
1,455.3897,425.7457,425745.6999
1,455.8827,426.2387,426238.6999
1,455.9389,426.2949,426294.8999
1,455.9845,426.3405,426340.4999
1,456.0246,426.3806,426380.5999
1,456.0486,426.4046,426404.5999
1,456.1194,426.4754,426475.3999
1,456.1860,426.5420,426541.9999
1,456.4066,426.7626,426762.5999
1,456.4633,426.8193,426819.2999
1,456.4789,426.8349,426834.8999
1,456.5370,426.8930,426892.9999
1,456.5675,426.9235,426923.4999
1,456.7824,427.1384,427138.3999
1,456.9698,427.3258,427325.7999
1,456.9733,427.3293,427329.2999
1,457.0483,427.4043,427404.2999
1,457.1362,427.4922,427492.1999
1,457.2063,427.5623,427562.2999
1,457.3293,427.6853,427685.2999
1,457.3540,427.7100,427709.9999
1,457.3677,427.7237,427723.6999
1,457.6318,427.9878,427987.7999
1,457.7017,428.0577,428057.6999
1,457.7331,428.0891,428089.0999
1,458.0231,428.3791,428379.0999
1,458.1568,428.5128,428512.7999
1,458.1844,428.5404,428540.3999
1,458.2168,428.5728,428572.7999
1,458.3750,428.7310,428730.9999
1,458.4052,428.7612,428761.1999
1,458.4644,428.8204,428820.3999
1,458.5537,428.9097,428909.6999
1,458.8247,429.1807,429180.6999
1,458.8833,429.2393,429239.2999
1,458.9624,429.3184,429318.3999
1,458.9839,429.3399,429339.8999
1,459.0088,429.3648,429364.7999
1,459.0277,429.3837,429383.6999
1,459.2026,429.5586,429558.5999
1,459.2405,429.5965,429596.4999
1,459.4259,429.7819,429781.8999
1,459.4712,429.8272,429827.1999
1,459.4906,429.8466,429846.5999
1,459.5224,429.8784,429878.3999
1,459.5602,429.9162,429916.1999
1,459.6317,429.9877,429987.6999
1,459.8277,430.1837,430183.6999
1,459.8934,430.2494,430249.3999
1,459.9565,430.3125,430312.4999
1,459.9814,430.3374,430337.3999
1,460.1678,430.5238,430523.7999
1,460.1921,430.5481,430548.0999
1,460.2131,430.5691,430569.0999
1,460.2714,430.6274,430627.3999
1,460.4270,430.7830,430782.9999
1,460.4769,430.8329,430832.8999
1,460.6315,430.9875,430987.4999
1,460.6673,431.0233,431023.2999
1,460.7523,431.1083,431108.2999
1,460.7587,431.1147,431114.6999
1,460.7878,431.1438,431143.7999
1,460.8539,431.2099,431209.8999
1,461.1247,431.4807,431480.6999
1,461.1268,431.4828,431482.7999
1,461.2651,431.6211,431621.0999
1,461.2716,431.6276,431627.5999
1,461.4036,431.7596,431759.5999
1,461.4688,431.8248,431824.7999
1,461.5202,431.8762,431876.1999
1,461.6212,431.9772,431977.1999
1,461.6858,432.0418,432041.7999
1,461.6962,432.0522,432052.1999
1,461.8140,432.1700,432169.9999
1,461.9974,432.3534,432353.3999
1,462.0801,432.4361,432436.0999
1,462.1259,432.4819,432481.8999
1,462.2750,432.6310,432630.9999
1,462.3713,432.7273,432727.2999
1,462.5268,432.8828,432882.7999
1,462.7898,433.1458,433145.7999
1,462.8339,433.1899,433189.8999
1,462.9083,433.2643,433264.2999
1,462.9492,433.3052,433305.1999
1,463.0794,433.4354,433435.3999
1,463.1250,433.4810,433480.9999
1,463.1639,433.5199,433519.8999
1,463.1918,433.5478,433547.7999
1,463.2521,433.6081,433608.0999
1,463.3141,433.6701,433670.0999
1,463.3240,433.6800,433679.9999
1,463.3407,433.6967,433696.6999
1,463.3835,433.7395,433739.4999
1,463.4627,433.8187,433818.6999
1,463.6272,433.9832,433983.1999
1,463.8459,434.2019,434201.8999
1,464.0131,434.3691,434369.0999
1,464.0358,434.3918,434391.7999
1,464.0611,434.4171,434417.0999
1,464.3099,434.6659,434665.8999
1,464.5238,434.8798,434879.7999
1,464.5848,434.9408,434940.7999
1,464.6153,434.9713,434971.2999
1,464.6407,434.9967,434996.6999
1,464.9047,435.2607,435260.6999
1,464.9423,435.2983,435298.2999
1,465.0218,435.3778,435377.7999
1,465.0422,435.3982,435398.1999
1,465.0815,435.4375,435437.4999
1,465.1093,435.4653,435465.2999
1,465.2249,435.5809,435580.8999
1,465.4415,435.7975,435797.4999
1,465.4447,435.8007,435800.6999
1,465.8462,436.2022,436202.1999
1,466.0176,436.3736,436373.5999
1,466.1403,436.4963,436496.2999
1,466.1705,436.5265,436526.4999
1,466.2136,436.5696,436569.5999
1,466.2382,436.5942,436594.1999
1,466.2770,436.6330,436632.9999
1,466.3066,436.6626,436662.5999
1,466.3333,436.6893,436689.2999
1,466.6690,437.0250,437024.9999
1,466.7569,437.1129,437112.8999
1,466.7968,437.1528,437152.7999
1,466.9241,437.2801,437280.0999
1,467.1392,437.4952,437495.1999
1,467.1698,437.5258,437525.7999
1,467.2158,437.5718,437571.7999
1,467.2640,437.6200,437619.9999
1,467.2978,437.6538,437653.7999
1,467.3372,437.6932,437693.1999
1,467.3804,437.7364,437736.3999
1,467.4516,437.8076,437807.5999
1,467.6075,437.9635,437963.4999
1,467.6595,438.0155,438015.4999
1,467.7651,438.1211,438121.0999
1,467.7940,438.1500,438149.9999
1,468.0026,438.3586,438358.5999
1,468.0155,438.3715,438371.4999
1,468.0303,438.3863,438386.2999
1,468.0725,438.4285,438428.4999
1,468.1200,438.4760,438475.9999
1,468.3971,438.7531,438753.0999
1,468.4138,438.7698,438769.7999
1,468.4505,438.8065,438806.4999
1,468.4945,438.8505,438850.4999
1,468.5049,438.8609,438860.8999
1,468.5378,438.8938,438893.7999
1,468.5664,438.9224,438922.3999
1,468.7431,439.0991,439099.0999
1,468.7992,439.1552,439155.1999
1,468.9172,439.2732,439273.1999
1,469.0032,439.3592,439359.1999
1,469.1152,439.4712,439471.1999
1,469.1510,439.5070,439506.9999
1,469.2361,439.5921,439592.0999
1,469.2434,439.5994,439599.3999
1,469.3147,439.6707,439670.6999
1,469.4039,439.7599,439759.8999
1,469.7301,440.0861,440086.0999
1,469.8925,440.2485,440248.4999
1,469.9160,440.2720,440271.9999
1,470.2846,440.6406,440640.5999
1,470.3839,440.7399,440739.8999
1,470.4912,440.8472,440847.1999
1,470.5596,440.9156,440915.5999
1,470.6009,440.9569,440956.8999
1,470.7904,441.1464,441146.3999
1,470.8857,441.2417,441241.6999
1,471.0325,441.3885,441388.4999
1,471.3267,441.6827,441682.6999
1,471.4091,441.7651,441765.0999
1,471.4361,441.7921,441792.0999
1,471.4490,441.8050,441804.9999
1,471.5104,441.8664,441866.3999
1,471.5480,441.9040,441903.9999
1,471.5704,441.9264,441926.3999
1,471.5892,441.9452,441945.1999
1,471.6059,441.9619,441961.8999
1,471.7492,442.1052,442105.1999
1,471.7777,442.1337,442133.6999
1,472.0105,442.3665,442366.4999
1,472.0229,442.3789,442378.8999
1,472.0587,442.4147,442414.6999
1,472.0907,442.4467,442446.6999
1,472.2308,442.5868,442586.7999
1,472.2887,442.6447,442644.6999
1,472.4347,442.7907,442790.6999
1,472.4771,442.8331,442833.0999
1,472.5157,442.8717,442871.6999
1,472.5423,442.8983,442898.2999
1,472.5567,442.9127,442912.6999
1,472.5948,442.9508,442950.7999
1,472.7882,443.1442,443144.1999
1,473.0184,443.3744,443374.3999
1,473.1095,443.4655,443465.4999
1,473.1264,443.4824,443482.3999
1,473.1606,443.5166,443516.5999
1,473.1807,443.5367,443536.6999
1,473.2065,443.5625,443562.4999
1,473.2370,443.5930,443592.9999
1,473.5448,443.9008,443900.7999
1,473.5984,443.9544,443954.3999
1,473.8845,444.2405,444240.4999
1,473.9061,444.2621,444262.0999
1,474.0411,444.3971,444397.0999
1,474.1083,444.4643,444464.2999
1,474.1174,444.4734,444473.3999
1,474.1382,444.4942,444494.1999
1,474.1648,444.5208,444520.7999
1,474.1779,444.5339,444533.8999
1,474.3855,444.7415,444741.4999
1,474.5287,444.8847,444884.6999
1,474.7449,445.1009,445100.8999
1,474.8260,445.1820,445181.9999
1,474.8796,445.2356,445235.5999
1,475.0418,445.3978,445397.7999
1,475.1371,445.4931,445493.0999
1,475.3989,445.7549,445754.8999
1,475.7630,446.1190,446118.9999
1,476.0105,446.3665,446366.4999
1,476.0414,446.3974,446397.3999
1,476.1117,446.4677,446467.6999
1,476.1348,446.4908,446490.7999
1,476.1997,446.5557,446555.6999
1,476.2312,446.5872,446587.1999
1,476.5348,446.8908,446890.7999
1,476.7712,447.1272,447127.1999
1,476.7794,447.1354,447135.3999
1,476.8584,447.2144,447214.3999
1,476.9463,447.3023,447302.2999
1,477.0132,447.3692,447369.1999
1,477.2990,447.6550,447654.9999
1,477.3266,447.6826,447682.5999
1,477.3397,447.6957,447695.6999
1,477.5301,447.8861,447886.0999
1,477.5692,447.9252,447925.1999
1,477.5900,447.9460,447945.9999
1,477.7542,448.1102,448110.1999
1,477.7797,448.1357,448135.6999
1,478.0469,448.4029,448402.8999
1,478.4015,448.7575,448757.4999
1,478.4346,448.7906,448790.5999
1,478.4827,448.8387,448838.6999
1,478.5939,448.9499,448949.8999
1,478.8554,449.2114,449211.3999
1,479.0659,449.4219,449421.8999
1,479.1074,449.4634,449463.3999
1,479.1744,449.5304,449530.3999
1,479.2868,449.6428,449642.7999
1,479.3306,449.6866,449686.5999
1,479.3529,449.7089,449708.8999
1,479.5148,449.8708,449870.7999
1,479.6871,450.0431,450043.0999
1,479.7269,450.0829,450082.8999
1,479.7672,450.1232,450123.1999
1,479.8556,450.2116,450211.5999
1,479.8848,450.2408,450240.7999
1,479.9197,450.2757,450275.6999
1,479.9344,450.2904,450290.3999
1,480.1200,450.4760,450475.9999
1,480.1352,450.4912,450491.1999
1,480.1578,450.5138,450513.7999
1,480.1643,450.5203,450520.2999
1,480.1810,450.5370,450536.9999
1,480.2002,450.5562,450556.1999
1,480.2107,450.5667,450566.6999
1,480.2323,450.5883,450588.2999
1,480.3733,450.7293,450729.2999
1,480.6217,450.9777,450977.6999
1,480.6471,451.0031,451003.0999
1,480.7154,451.0714,451071.3999
1,480.7720,451.1280,451127.9999
1,481.1021,451.4581,451458.0999
1,481.2528,451.6088,451608.7999
1,481.2983,451.6543,451654.2999
1,481.3597,451.7157,451715.6999
1,481.5594,451.9154,451915.3999
1,481.7644,452.1204,452120.3999
1,481.7898,452.1458,452145.7999
1,481.8112,452.1672,452167.1999
1,481.9427,452.2987,452298.6999
1,481.9530,452.3090,452308.9999
1,481.9886,452.3446,452344.5999
1,482.1086,452.4646,452464.5999
1,482.2319,452.5879,452587.8999
1,482.3831,452.7391,452739.0999
1,482.6424,452.9984,452998.3999
1,482.6711,453.0271,453027.0999
1,482.8507,453.2067,453206.6999
1,482.9801,453.3361,453336.0999
1,483.2923,453.6483,453648.2999
1,483.3102,453.6662,453666.1999
1,483.3564,453.7124,453712.3999
1,483.4254,453.7814,453781.3999
1,483.4759,453.8319,453831.8999
1,483.5208,453.8768,453876.7999
1,483.6846,454.0406,454040.5999
1,483.8115,454.1675,454167.4999
1,483.8807,454.2367,454236.6999
1,483.9324,454.2884,454288.3999
1,483.9696,454.3256,454325.5999
1,484.0111,454.3671,454367.0999
1,484.0452,454.4012,454401.1999
1,484.0588,454.4148,454414.7999
1,484.0769,454.4329,454432.8999
1,484.1012,454.4572,454457.1999
1,484.1696,454.5256,454525.5999
1,484.2716,454.6276,454627.5999
1,484.3064,454.6624,454662.3999
1,484.3431,454.6991,454699.0999
1,484.4392,454.7952,454795.1999
1,484.5064,454.8624,454862.3999
1,484.6651,455.0211,455021.0999
1,484.9144,455.2704,455270.3999
1,484.9509,455.3069,455306.8999
1,485.1603,455.5163,455516.2999
1,485.2341,455.5901,455590.0999
1,485.2879,455.6439,455643.8999
1,485.3055,455.6615,455661.4999
1,485.3186,455.6746,455674.5999
1,485.3396,455.6956,455695.5999
1,485.7099,456.0659,456065.8999
1,486.0347,456.3907,456390.6999
1,486.1189,456.4749,456474.8999
1,486.1464,456.5024,456502.3999
1,486.4881,456.8441,456844.0999
1,486.4989,456.8549,456854.8999
1,486.6568,457.0128,457012.7999
1,486.6773,457.0333,457033.2999
1,486.7145,457.0705,457070.4999
1,486.7502,457.1062,457106.1999
1,486.7966,457.1526,457152.5999
1,486.8171,457.1731,457173.0999
1,486.8227,457.1787,457178.6999
1,486.8437,457.1997,457199.6999
1,486.8551,457.2111,457211.0999
1,487.0808,457.4368,457436.7999
1,487.0921,457.4481,457448.0999
1,487.2095,457.5655,457565.4999
1,487.2586,457.6146,457614.5999
1,487.2641,457.6201,457620.0999
1,487.3058,457.6618,457661.7999
1,487.4232,457.7792,457779.1999
1,487.4946,457.8506,457850.5999
1,487.6037,457.9597,457959.6999
1,487.6177,457.9737,457973.6999
1,487.6404,457.9964,457996.3999
1,487.6657,458.0217,458021.6999
1,487.7053,458.0613,458061.2999
1,487.8103,458.1663,458166.2999
1,487.8496,458.2056,458205.5999
1,487.9600,458.3160,458315.9999
1,488.1603,458.5163,458516.2999
1,488.2169,458.5729,458572.8999
1,488.3676,458.7236,458723.5999
1,488.6577,459.0137,459013.6999
1,488.7137,459.0697,459069.6999
1,488.8686,459.2246,459224.5999
1,488.9334,459.2894,459289.3999
1,489.0504,459.4064,459406.3999
1,489.0783,459.4343,459434.2999
1,489.0901,459.4461,459446.0999
1,489.1127,459.4687,459468.6999
1,489.1171,459.4731,459473.0999
1,489.1266,459.4826,459482.5999
1,489.5249,459.8809,459880.8999
1,489.6361,459.9921,459992.0999
1,489.7366,460.0926,460092.5999
1,489.9226,460.2786,460278.5999
1,490.0324,460.3884,460388.3999
1,490.0930,460.4490,460448.9999
1,490.1403,460.4963,460496.2999
1,490.1934,460.5494,460549.3999
1,490.3134,460.6694,460669.3999
1,490.3821,460.7381,460738.0999
1,490.6439,460.9999,460999.8999
1,490.9755,461.3315,461331.4999
1,491.0453,461.4013,461401.2999
1,491.3714,461.7274,461727.3999
1,491.4496,461.8056,461805.5999
1,491.4785,461.8345,461834.4999
1,491.6136,461.9696,461969.5999
1,491.6838,462.0398,462039.7999
1,491.8428,462.1988,462198.7999
1,491.8799,462.2359,462235.8999
1,492.0081,462.3641,462364.0999
1,492.0552,462.4112,462411.1999
1,492.2081,462.5641,462564.0999
1,492.2337,462.5897,462589.6999
1,492.2647,462.6207,462620.6999
1,492.2854,462.6414,462641.3999
1,492.4341,462.7901,462790.0999
1,492.5102,462.8662,462866.1999
1,492.6173,462.9733,462973.2999
1,492.6564,463.0124,463012.3999
1,492.6991,463.0551,463055.0999
1,492.8721,463.2281,463228.0999
1,492.8949,463.2509,463250.8999
1,492.9059,463.2619,463261.8999
1,492.9280,463.2840,463283.9999
1,493.0787,463.4347,463434.6999
1,493.1011,463.4571,463457.0999
1,493.1253,463.4813,463481.2999
1,493.3424,463.6984,463698.3999
1,493.5353,463.8913,463891.2999
1,493.5752,463.9312,463931.1999
1,493.5816,463.9376,463937.5999
1,493.6964,464.0524,464052.3999
1,493.7465,464.1025,464102.4999
1,493.8050,464.1610,464160.9999
1,494.2033,464.5593,464559.2999
1,494.2401,464.5961,464596.0999
1,494.2519,464.6079,464607.8999
1,494.2676,464.6236,464623.5999
1,494.2824,464.6384,464638.3999
1,494.3191,464.6751,464675.0999
1,494.3573,464.7133,464713.2999
1,494.5985,464.9545,464954.4999
1,494.7819,465.1379,465137.8999
1,494.8391,465.1951,465195.0999
1,494.8976,465.2536,465253.5999
1,494.9184,465.2744,465274.3999
1,494.9299,465.2859,465285.8999
1,494.9579,465.3139,465313.8999
1,494.9661,465.3221,465322.0999
1,494.9702,465.3262,465326.1999
1,495.1989,465.5549,465554.8999
1,495.2525,465.6085,465608.4999
1,495.6016,465.9576,465957.5999
1,495.6437,465.9997,465999.6999
1,495.6546,466.0106,466010.5999
1,495.6654,466.0214,466021.3999
1,495.8986,466.2546,466254.5999
1,496.1705,466.5265,466526.4999
1,496.4613,466.8173,466817.2999
1,496.4915,466.8475,466847.4999
1,496.6266,466.9826,466982.5999
1,496.6609,467.0169,467016.8999
1,496.7009,467.0569,467056.8999
1,496.9001,467.2561,467256.0999
1,496.9816,467.3376,467337.5999
1,497.0081,467.3641,467364.0999
1,497.1465,467.5025,467502.4999
1,497.2200,467.5760,467575.9999
1,497.2258,467.5818,467581.7999
1,497.3012,467.6572,467657.1999
1,497.6485,468.0045,468004.4999
1,497.6721,468.0281,468028.0999
1,497.7102,468.0662,468066.1999
1,497.9003,468.2563,468256.2999
1,498.0116,468.3676,468367.5999
1,498.0935,468.4495,468449.4999
1,498.1032,468.4592,468459.1999
1,498.1418,468.4978,468497.7999
1,498.4309,468.7869,468786.8999
1,498.7374,469.0934,469093.3999
1,498.9049,469.2609,469260.8999
1,498.9925,469.3485,469348.4999
1,499.0070,469.3630,469362.9999
1,499.0383,469.3943,469394.2999
1,499.0702,469.4262,469426.1999
1,499.1365,469.4925,469492.4999
1,499.1538,469.5098,469509.7999
1,499.2988,469.6548,469654.7999
1,499.3372,469.6932,469693.1999
1,499.3837,469.7397,469739.6999
1,499.5356,469.8916,469891.5999
1,499.6043,469.9603,469960.2999
1,499.7072,470.0632,470063.1999
1,499.9834,470.3394,470339.3999
1,500.0851,470.4411,470441.0999
1,500.1790,470.5350,470534.9999
1,500.3492,470.7052,470705.1999
1,500.4175,470.7735,470773.4999
1,500.6268,470.9828,470982.7999
1,500.6747,471.0307,471030.6999
1,500.8475,471.2035,471203.4999
1,500.8662,471.2222,471222.1999
1,501.0837,471.4397,471439.6999
1,501.1164,471.4724,471472.3999
1,501.1372,471.4932,471493.1999
1,501.1730,471.5290,471528.9999
1,501.3732,471.7292,471729.1999
1,501.4320,471.7880,471787.9999
1,501.4530,471.8090,471808.9999
1,501.4711,471.8271,471827.0999
1,501.5084,471.8644,471864.3999
1,501.6490,472.0050,472004.9999
1,502.0200,472.3760,472375.9999
1,502.2155,472.5715,472571.4999
1,502.4230,472.7790,472778.9999
1,502.4618,472.8178,472817.7999
1,502.6550,473.0110,473010.9999
1,502.6732,473.0292,473029.1999
1,502.7044,473.0604,473060.3999
1,502.8823,473.2383,473238.2999
1,502.9985,473.3545,473354.4999
1,503.1604,473.5164,473516.3999
1,503.1996,473.5556,473555.5999
1,503.2559,473.6119,473611.8999
1,503.4692,473.8252,473825.1999
1,503.6399,473.9959,473995.8999
1,503.7502,474.1062,474106.1999
1,503.8499,474.2059,474205.8999
1,503.8970,474.2530,474252.9999
1,504.0312,474.3872,474387.1999
1,504.0505,474.4065,474406.4999
1,504.0881,474.4441,474444.0999
1,504.1180,474.4740,474473.9999
1,504.1389,474.4949,474494.8999
1,504.1910,474.5470,474546.9999
1,504.2311,474.5871,474587.0999
1,504.4885,474.8445,474844.4999
1,504.5408,474.8968,474896.7999
1,504.6998,475.0558,475055.7999
1,504.7165,475.0725,475072.4999
1,504.7721,475.1281,475128.0999
1,505.0233,475.3793,475379.2999
1,505.1607,475.5167,475516.6999
1,505.1946,475.5506,475550.5999
1,505.2523,475.6083,475608.2999
1,505.2631,475.6191,475619.0999
1,505.2735,475.6295,475629.4999
1,505.3000,475.6560,475655.9999
1,505.5049,475.8609,475860.8999
1,505.5494,475.9054,475905.3999
1,505.6605,476.0165,476016.4999
1,505.6686,476.0246,476024.5999
1,505.6828,476.0388,476038.7999
1,505.8478,476.2038,476203.7999
1,505.8824,476.2384,476238.3999
1,505.9046,476.2606,476260.5999
1,506.1606,476.5166,476516.5999
1,506.3369,476.6929,476692.8999
1,506.3694,476.7254,476725.3999
1,506.4226,476.7786,476778.5999
1,506.4749,476.8309,476830.8999
1,506.4938,476.8498,476849.7999
1,506.5578,476.9138,476913.7999
1,506.6052,476.9612,476961.1999
1,506.7640,477.1200,477119.9999
1,506.8065,477.1625,477162.4999
1,506.8556,477.2116,477211.5999
1,506.9311,477.2871,477287.0999
1,506.9948,477.3508,477350.7999
1,507.0217,477.3777,477377.6999
1,507.0310,477.3870,477386.9999
1,507.0738,477.4298,477429.7999
1,507.2027,477.5587,477558.6999
1,507.3124,477.6684,477668.3999
1,507.5106,477.8666,477866.5999
1,507.5823,477.9383,477938.2999
1,507.5940,477.9500,477949.9999
1,507.6199,477.9759,477975.8999
1,507.6224,477.9784,477978.3999
1,507.6430,477.9990,477998.9999
1,507.6556,478.0116,478011.5999
1,507.7757,478.1317,478131.6999
1,508.0636,478.4196,478419.5999
1,508.3088,478.6648,478664.7999
1,508.3561,478.7121,478712.0999
1,508.4049,478.7609,478760.8999
1,508.7004,479.0564,479056.3999
1,508.8664,479.2224,479222.3999
1,508.9592,479.3152,479315.1999
1,509.0541,479.4101,479410.0999
1,509.0927,479.4487,479448.6999
1,509.2021,479.5581,479558.0999
1,509.3508,479.7068,479706.7999
1,509.4453,479.8013,479801.2999
1,509.4585,479.8145,479814.4999
1,509.4779,479.8339,479833.8999
1,509.8024,480.1584,480158.3999
1,509.9015,480.2575,480257.4999
1,510.1348,480.4908,480490.7999
1,510.1816,480.5376,480537.5999
1,510.2058,480.5618,480561.7999
1,510.2475,480.6035,480603.4999
1,510.2898,480.6458,480645.7999
1,510.3229,480.6789,480678.8999
1,510.3352,480.6912,480691.1999
1,510.4550,480.8110,480810.9999
1,510.4849,480.8409,480840.8999
1,510.7190,481.0750,481074.9999
1,510.8087,481.1647,481164.6999
1,510.8861,481.2421,481242.0999
1,510.9189,481.2749,481274.8999
1,510.9871,481.3431,481343.0999
1,511.2577,481.6137,481613.6999
1,511.3122,481.6682,481668.1999
1,511.4361,481.7921,481792.0999
1,511.4666,481.8226,481822.5999
1,511.4973,481.8533,481853.2999
1,511.5300,481.8860,481885.9999
1,511.5499,481.9059,481905.8999
1,511.9473,482.3033,482303.2999
1,511.9577,482.3137,482313.6999
1,511.9855,482.3415,482341.4999
1,512.1866,482.5426,482542.5999
1,512.2102,482.5662,482566.1999
1,512.3618,482.7178,482717.7999
1,512.5404,482.8964,482896.3999
1,512.6583,483.0143,483014.2999
1,512.6699,483.0259,483025.8999
1,512.6919,483.0479,483047.8999
1,512.9640,483.3200,483319.9999
1,513.1495,483.5055,483505.4999
1,513.1615,483.5175,483517.4999
1,513.1807,483.5367,483536.6999
1,513.2249,483.5809,483580.8999
1,513.2760,483.6320,483631.9999
1,513.3933,483.7493,483749.2999
1,513.4480,483.8040,483803.9999
1,513.8410,484.1970,484196.9999
1,513.9213,484.2773,484277.2999
1,514.0782,484.4342,484434.1999
1,514.1076,484.4636,484463.5999
1,514.1398,484.4958,484495.7999
1,514.1582,484.5142,484514.1999
1,514.1689,484.5249,484524.8999
1,514.5313,484.8873,484887.2999
1,514.5985,484.9545,484954.4999
1,514.6013,484.9573,484957.2999
1,514.6272,484.9832,484983.1999
1,514.8563,485.2123,485212.2999
1,514.8762,485.2322,485232.1999
1,514.9967,485.3527,485352.6999
1,515.1582,485.5142,485514.1999
1,515.1859,485.5419,485541.8999
1,515.3262,485.6822,485682.1999
1,515.3978,485.7538,485753.7999
1,515.7134,486.0694,486069.3999
1,515.7551,486.1111,486111.0999
1,515.8360,486.1920,486191.9999
1,515.9068,486.2628,486262.7999
1,515.9094,486.2654,486265.3999
1,516.0129,486.3689,486368.8999
1,516.1597,486.5157,486515.6999
1,516.1683,486.5243,486524.2999
1,516.2025,486.5585,486558.4999
1,516.3001,486.6561,486656.0999
1,516.5451,486.9011,486901.0999
1,516.5772,486.9332,486933.1999
1,516.6133,486.9693,486969.2999
1,516.9245,487.2805,487280.4999
1,517.0136,487.3696,487369.5999
1,517.0980,487.4540,487453.9999
1,517.1633,487.5193,487519.2999
1,517.1730,487.5290,487528.9999
1,517.2102,487.5662,487566.1999
1,517.2756,487.6316,487631.5999
1,517.5656,487.9216,487921.5999
1,517.7169,488.0729,488072.8999
1,517.7418,488.0978,488097.7999
1,517.8895,488.2455,488245.4999
1,517.9448,488.3008,488300.7999
1,518.0711,488.4271,488427.0999
1,518.1053,488.4613,488461.2999
1,518.1910,488.5470,488546.9999
1,518.2316,488.5876,488587.5999
1,518.3879,488.7439,488743.8999
1,518.4229,488.7789,488778.8999
1,518.4615,488.8175,488817.4999
1,518.5429,488.8989,488898.8999
1,518.5747,488.9307,488930.6999
1,518.6393,488.9953,488995.2999
1,518.6769,489.0329,489032.8999
1,518.7975,489.1535,489153.4999
1,518.8221,489.1781,489178.0999
1,518.8480,489.2040,489203.9999
1,518.8834,489.2394,489239.3999
1,519.1521,489.5081,489508.0999
1,519.2694,489.6254,489625.3999
1,519.4517,489.8077,489807.6999
1,519.4863,489.8423,489842.2999
1,519.5030,489.8590,489858.9999
1,519.5290,489.8850,489884.9999
1,519.5629,489.9189,489918.8999
1,519.6461,490.0021,490002.0999
1,519.8373,490.1933,490193.2999
1,519.8749,490.2309,490230.8999
1,519.9134,490.2694,490269.3999
1,519.9543,490.3103,490310.2999
1,519.9796,490.3356,490335.5999
1,520.0689,490.4249,490424.8999
1,520.0846,490.4406,490440.5999
1,520.1312,490.4872,490487.1999
1,520.2790,490.6350,490634.9999
1,520.4195,490.7755,490775.4999
1,520.8196,491.1756,491175.5999
1,520.8428,491.1988,491198.7999
1,520.9950,491.3510,491350.9999
1,521.0994,491.4554,491455.3999
1,521.1591,491.5151,491515.0999
1,521.2642,491.6202,491620.1999
1,521.2866,491.6426,491642.5999
1,521.3968,491.7528,491752.7999
1,521.4389,491.7949,491794.8999
1,521.6859,492.0419,492041.8999
1,521.7308,492.0868,492086.7999
1,521.9097,492.2657,492265.6999
1,521.9355,492.2915,492291.4999
1,521.9941,492.3501,492350.0999
1,522.0074,492.3634,492363.3999
1,522.0530,492.4090,492408.9999
1,522.0994,492.4554,492455.3999
1,522.1145,492.4705,492470.4999
1,522.2059,492.5619,492561.8999
1,522.2959,492.6519,492651.8999
1,522.5961,492.9521,492952.0999
1,522.6609,493.0169,493016.8999
1,522.7086,493.0646,493064.5999
1,522.7424,493.0984,493098.3999
1,522.8011,493.1571,493157.0999
1,522.8310,493.1870,493186.9999
1,522.8936,493.2496,493249.5999
1,523.1048,493.4608,493460.7999
1,523.1946,493.5506,493550.5999
1,523.2503,493.6063,493606.2999
1,523.2894,493.6454,493645.3999
1,523.5044,493.8604,493860.3999
1,523.6403,493.9963,493996.2999
1,523.7212,494.0772,494077.1999
1,523.9687,494.3247,494324.6999
1,523.9943,494.3503,494350.2999
1,524.6630,495.0190,495018.9999
1,524.6913,495.0473,495047.2999
1,524.8132,495.1692,495169.1999
1,524.9879,495.3439,495343.8999
1,525.0253,495.3813,495381.2999
1,525.2062,495.5622,495562.1999
1,525.2304,495.5864,495586.3999
1,525.2454,495.6014,495601.3999
1,525.3879,495.7439,495743.8999
1,525.4244,495.7804,495780.3999
1,525.4914,495.8474,495847.3999
1,525.5084,495.8644,495864.3999
1,525.5326,495.8886,495888.5999
1,525.5512,495.9072,495907.1999
1,525.5994,495.9554,495955.3999
1,525.7778,496.1338,496133.7999
1,525.9056,496.2616,496261.5999
1,526.0116,496.3676,496367.5999
1,526.3292,496.6852,496685.1999
1,526.3593,496.7153,496715.2999
1,526.3755,496.7315,496731.4999
1,526.4689,496.8249,496824.8999
1,526.6666,497.0226,497022.5999
1,526.8359,497.1919,497191.8999
1,526.8498,497.2058,497205.7999
1,526.8831,497.2391,497239.0999
1,527.1064,497.4624,497462.3999
1,527.1427,497.4987,497498.6999
1,527.2082,497.5642,497564.1999
1,527.2255,497.5815,497581.4999
1,527.2443,497.6003,497600.2999
1,527.2873,497.6433,497643.2999
1,527.5218,497.8778,497877.7999
1,527.5311,497.8871,497887.0999
1,527.5459,497.9019,497901.8999
1,527.5744,497.9304,497930.3999
1,527.6134,497.9694,497969.3999
1,527.6230,497.9790,497978.9999
1,527.6332,497.9892,497989.1999
1,527.8394,498.1954,498195.3999
1,527.9872,498.3432,498343.1999
1,528.0053,498.3613,498361.2999
1,528.0378,498.3938,498393.7999
1,528.2504,498.6064,498606.3999
1,528.3344,498.6904,498690.3999
1,528.3637,498.7197,498719.6999
1,528.3973,498.7533,498753.2999
1,528.4160,498.7720,498771.9999
1,528.4362,498.7922,498792.1999
1,528.4841,498.8401,498840.0999
1,528.5043,498.8603,498860.2999
1,528.6056,498.9616,498961.5999
1,528.6298,498.9858,498985.7999
1,528.7246,499.0806,499080.5999
1,528.7538,499.1098,499109.7999
1,528.7634,499.1194,499119.3999
1,528.7833,499.1393,499139.2999
1,528.8184,499.1744,499174.3999
1,528.8359,499.1919,499191.8999
1,529.0150,499.3710,499370.9999
1,529.0833,499.4393,499439.2999
1,529.1114,499.4674,499467.3999
1,529.2179,499.5739,499573.8999
1,529.2376,499.5936,499593.5999
1,529.2495,499.6055,499605.4999
1,529.2616,499.6176,499617.5999
1,529.6195,499.9755,499975.4999
1,529.6599,500.0159,500015.8999
1,529.8062,500.1622,500162.1999
1,529.9352,500.2912,500291.1999
1,529.9986,500.3546,500354.5999
1,530.0323,500.3883,500388.2999
1,530.0586,500.4146,500414.5999
1,530.0937,500.4497,500449.6999
1,530.1480,500.5040,500503.9999
1,530.3212,500.6772,500677.1999
1,530.6141,500.9701,500970.0999
1,530.9076,501.2636,501263.5999
1,530.9468,501.3028,501302.7999
1,531.0011,501.3571,501357.0999
1,531.0783,501.4343,501434.2999
1,531.1008,501.4568,501456.7999
1,531.3048,501.6608,501660.7999
1,531.5384,501.8944,501894.3999
1,531.5827,501.9387,501938.6999
1,531.6242,501.9802,501980.1999
1,531.6682,502.0242,502024.1999
1,531.6842,502.0402,502040.1999
1,531.7021,502.0581,502058.0999
1,531.7362,502.0922,502092.1999
1,531.7582,502.1142,502114.1999
1,531.7628,502.1188,502118.7999
1,531.9048,502.2608,502260.7999
1,532.0176,502.3736,502373.5999
1,532.2272,502.5832,502583.1999
1,532.2642,502.6202,502620.1999
1,532.2823,502.6383,502638.2999
1,532.2971,502.6531,502653.0999
1,532.3170,502.6730,502672.9999
1,532.4169,502.7729,502772.8999
1,532.4452,502.8012,502801.1999
1,532.4778,502.8338,502833.7999
1,532.7033,503.0593,503059.2999
1,532.7545,503.1105,503110.4999
1,532.9259,503.2819,503281.8999
1,532.9805,503.3365,503336.4999
1,533.0830,503.4390,503438.9999
1,533.1323,503.4883,503488.2999
1,533.2462,503.6022,503602.1999
1,533.4339,503.7899,503789.8999
1,533.5486,503.9046,503904.5999
1,533.6778,504.0338,504033.7999
1,533.7627,504.1187,504118.6999
1,533.8380,504.1940,504193.9999
1,533.8618,504.2178,504217.7999
1,533.9544,504.3104,504310.3999
1,534.0613,504.4173,504417.2999
1,534.0820,504.4380,504437.9999
1,534.1160,504.4720,504471.9999
1,534.1333,504.4893,504489.2999
1,534.4028,504.7588,504758.7999
1,534.6942,505.0502,505050.1999
1,534.7284,505.0844,505084.3999
1,534.7418,505.0978,505097.7999
1,534.7523,505.1083,505108.2999
1,535.1926,505.5486,505548.5999
1,535.2410,505.5970,505596.9999
1,535.2695,505.6255,505625.4999
1,535.3262,505.6822,505682.1999
1,535.3566,505.7126,505712.5999
1,535.3859,505.7419,505741.8999
1,535.4236,505.7796,505779.5999
1,535.6241,505.9801,505980.0999
1,535.6403,505.9963,505996.2999
1,535.8571,506.2131,506213.0999
1,535.9456,506.3016,506301.5999
1,536.0482,506.4042,506404.1999
1,536.2170,506.5730,506572.9999
1,536.3011,506.6571,506657.0999
1,536.3984,506.7544,506754.3999
1,536.4187,506.7747,506774.6999
1,536.4367,506.7927,506792.6999
1,536.6180,506.9740,506973.9999
1,536.6408,506.9968,506996.7999
1,536.6580,507.0140,507013.9999
1,536.9056,507.2616,507261.5999
1,536.9659,507.3219,507321.8999
1,537.0585,507.4145,507414.4999
1,537.1328,507.4888,507488.7999
1,537.1606,507.5166,507516.5999
1,537.1766,507.5326,507532.5999
1,537.2063,507.5623,507562.2999
1,537.2783,507.6343,507634.2999
1,537.3035,507.6595,507659.4999
1,537.3240,507.6800,507679.9999
1,537.3424,507.6984,507698.3999
1,537.3552,507.7112,507711.1999
1,537.3647,507.7207,507720.6999
1,537.3800,507.7360,507735.9999
1,537.4079,507.7639,507763.8999
1,537.4214,507.7774,507777.3999
1,537.7160,508.0720,508071.9999
1,537.7642,508.1202,508120.1999
1,537.7933,508.1493,508149.2999
1,537.9105,508.2665,508266.4999
1,537.9299,508.2859,508285.8999
1,538.2610,508.6170,508616.9999
1,538.3009,508.6569,508656.8999
1,538.4152,508.7712,508771.1999
1,538.6341,508.9901,508990.0999
1,538.9061,509.2621,509262.0999
1,538.9427,509.2987,509298.6999
1,538.9647,509.3207,509320.6999
1,539.1256,509.4816,509481.5999
1,539.1668,509.5228,509522.7999
1,539.2034,509.5594,509559.3999
1,539.2278,509.5838,509583.7999
1,539.2393,509.5953,509595.2999
1,539.2688,509.6248,509624.7999
1,539.3393,509.6953,509695.2999
1,539.4063,509.7623,509762.2999
1,539.5146,509.8706,509870.5999
1,539.5497,509.9057,509905.6999
1,539.5825,509.9385,509938.4999
1,539.6894,510.0454,510045.3999
1,539.7461,510.1021,510102.0999
1,539.7608,510.1168,510116.7999
1,540.0762,510.4322,510432.1999
1,540.2166,510.5726,510572.5999
1,540.2934,510.6494,510649.3999
1,540.3167,510.6727,510672.6999
1,540.3251,510.6811,510681.0999
1,540.3495,510.7055,510705.4999
1,540.4824,510.8384,510838.3999
1,540.5016,510.8576,510857.5999
1,540.7678,511.1238,511123.7999
1,540.8186,511.1746,511174.5999
1,540.8512,511.2072,511207.1999
1,540.8649,511.2209,511220.8999
1,540.8860,511.2420,511241.9999
1,540.9241,511.2801,511280.0999
1,541.1157,511.4717,511471.6999
1,541.3636,511.7196,511719.5999
1,541.4702,511.8262,511826.1999
1,541.4950,511.8510,511850.9999
1,541.5985,511.9545,511954.4999
1,541.6373,511.9933,511993.2999
1,541.6669,512.0229,512022.8999
1,541.7090,512.0650,512064.9999
1,541.9968,512.3528,512352.7999
1,542.0651,512.4211,512421.0999
1,542.1012,512.4572,512457.1999
1,542.1364,512.4924,512492.3999
1,542.2960,512.6520,512651.9999
1,542.6562,513.0122,513012.1999
1,542.7360,513.0920,513091.9999
1,542.7799,513.1359,513135.8999
1,542.8180,513.1740,513173.9999
1,542.8449,513.2009,513200.8999
1,542.8504,513.2064,513206.3999
1,542.8739,513.2299,513229.8999
1,543.0022,513.3582,513358.1999
1,543.0490,513.4050,513404.9999
1,543.1878,513.5438,513543.7999
1,543.2062,513.5622,513562.1999
1,543.2488,513.6048,513604.7999
1,543.3279,513.6839,513683.8999
1,543.3643,513.7203,513720.2999
1,543.4624,513.8184,513818.3999
1,543.5651,513.9211,513921.0999
1,543.6576,514.0136,514013.5999
1,543.7442,514.1002,514100.1999
1,544.0612,514.4172,514417.1999
1,544.1147,514.4707,514470.6999
1,544.1506,514.5066,514506.5999
1,544.2636,514.6196,514619.5999
1,544.5941,514.9501,514950.0999
1,544.6583,515.0143,515014.2999
1,544.7643,515.1203,515120.2999
1,544.8080,515.1640,515163.9999
1,544.9353,515.2913,515291.2999
1,545.0266,515.3826,515382.5999
1,545.2005,515.5565,515556.4999
1,545.2285,515.5845,515584.4999
1,545.2691,515.6251,515625.0999
1,545.3365,515.6925,515692.4999
1,545.4223,515.7783,515778.2999
1,545.4712,515.8272,515827.1999
1,545.6019,515.9579,515957.8999
1,545.7892,516.1452,516145.1999
1,545.8285,516.1845,516184.4999
1,545.8351,516.1911,516191.0999
1,545.8477,516.2037,516203.6999
1,545.8570,516.2130,516212.9999
1,545.8796,516.2356,516235.5999
1,545.9084,516.2644,516264.3999
1,546.1287,516.4847,516484.6999
1,546.1557,516.5117,516511.6999
1,546.2443,516.6003,516600.2999
1,546.2593,516.6153,516615.2999
1,546.2724,516.6284,516628.3999
1,546.2894,516.6454,516645.3999
1,546.3076,516.6636,516663.5999
1,546.3281,516.6841,516684.0999
1,546.3461,516.7021,516702.0999
1,546.4765,516.8325,516832.4999
1,546.5671,516.9231,516923.0999
1,546.7668,517.1228,517122.7999
1,546.7994,517.1554,517155.3999
1,546.8168,517.1728,517172.7999
1,546.8457,517.2017,517201.6999
1,546.8952,517.2512,517251.1999
1,547.1774,517.5334,517533.3999
1,547.2447,517.6007,517600.6999
1,547.2610,517.6170,517616.9999
1,547.2732,517.6292,517629.1999
1,547.5028,517.8588,517858.7999
1,547.5225,517.8785,517878.4999
1,547.5664,517.9224,517922.3999
1,547.7103,518.0663,518066.2999
1,547.7323,518.0883,518088.2999
1,547.8167,518.1727,518172.6999
1,548.1010,518.4570,518456.9999
1,548.1628,518.5188,518518.7999
1,548.1955,518.5515,518551.4999
1,548.4224,518.7784,518778.3999
1,548.5989,518.9549,518954.8999
1,548.6497,519.0057,519005.6999
1,548.6745,519.0305,519030.4999
1,548.9252,519.2812,519281.1999
1,548.9927,519.3487,519348.6999
1,549.0373,519.3933,519393.2999
1,549.4193,519.7753,519775.2999
1,549.4907,519.8467,519846.6999
1,549.7577,520.1137,520113.6999
1,549.7906,520.1466,520146.5999
1,550.1034,520.4594,520459.3999
1,550.1590,520.5150,520514.9999
1,550.5581,520.9141,520914.0999
1,550.7106,521.0666,521066.5999
1,550.8487,521.2047,521204.6999
1,550.8731,521.2291,521229.0999
1,551.2105,521.5665,521566.4999
1,551.3137,521.6697,521669.6999
1,551.3606,521.7166,521716.5999
1,551.4998,521.8558,521855.7999
1,551.5660,521.9220,521921.9999
1,551.5949,521.9509,521950.8999
1,551.7317,522.0877,522087.6999
1,551.8185,522.1745,522174.4999
1,551.9258,522.2818,522281.7999
1,552.0886,522.4446,522444.5999
1,552.1139,522.4699,522469.8999
1,552.1643,522.5203,522520.2999
1,552.3401,522.6961,522696.0999
1,552.3703,522.7263,522726.2999
1,552.3834,522.7394,522739.3999
1,552.3888,522.7448,522744.7999
1,552.4227,522.7787,522778.6999
1,552.5567,522.9127,522912.6999
1,552.5938,522.9498,522949.7999
1,552.6310,522.9870,522986.9999
1,552.6658,523.0218,523021.7999
1,552.8060,523.1620,523161.9999
1,552.8282,523.1842,523184.1999
1,552.9442,523.3002,523300.1999
1,552.9687,523.3247,523324.6999
1,552.9980,523.3540,523353.9999
1,553.0349,523.3909,523390.8999
1,553.2745,523.6305,523630.4999
1,553.4532,523.8092,523809.1999
1,553.7334,524.0894,524089.3999
1,553.7399,524.0959,524095.8999
1,553.8122,524.1682,524168.1999
1,553.8929,524.2489,524248.8999
1,554.0612,524.4172,524417.1999
1,554.1519,524.5079,524507.8999
1,554.3311,524.6871,524687.0999
1,554.3563,524.7123,524712.2999
1,554.5148,524.8708,524870.7999
1,554.5785,524.9345,524934.4999
1,554.6355,524.9915,524991.4999
1,554.6669,525.0229,525022.8999
1,554.6958,525.0518,525051.7999
1,554.6991,525.0551,525055.0999
1,554.7274,525.0834,525083.3999
1,554.7447,525.1007,525100.6999
1,554.8225,525.1785,525178.4999
1,555.0826,525.4386,525438.5999
1,555.1556,525.5116,525511.5999
1,555.2943,525.6503,525650.2999
1,555.5792,525.9352,525935.1999
1,555.6767,526.0327,526032.6999
1,555.6979,526.0539,526053.8999
1,555.7188,526.0748,526074.7999
1,555.7267,526.0827,526082.6999
1,556.0785,526.4345,526434.4999
1,556.1784,526.5344,526534.3999
1,556.2848,526.6408,526640.7999
1,556.3352,526.6912,526691.1999
1,556.5337,526.8897,526889.6999
1,556.8148,527.1708,527170.7999
1,556.9023,527.2583,527258.2999
1,556.9169,527.2729,527272.8999
1,556.9717,527.3277,527327.6999
1,557.0471,527.4031,527403.0999
1,557.1872,527.5432,527543.1999
1,557.3404,527.6964,527696.3999
1,557.3426,527.6986,527698.5999
1,557.4662,527.8222,527822.1999
1,557.4765,527.8325,527832.4999
1,557.4902,527.8462,527846.1999
1,557.8550,528.2110,528210.9999
1,557.9416,528.2976,528297.5999
1,558.0308,528.3868,528386.7999
1,558.1578,528.5138,528513.7999
1,558.2059,528.5619,528561.8999
1,558.2236,528.5796,528579.5999
1,558.3749,528.7309,528730.8999
1,558.3961,528.7521,528752.0999
1,558.6170,528.9730,528972.9999
1,558.6398,528.9958,528995.7999
1,558.6811,529.0371,529037.0999
1,558.8385,529.1945,529194.4999
1,559.0320,529.3880,529387.9999
1,559.0733,529.4293,529429.2999
1,559.1040,529.4600,529459.9999
1,559.3265,529.6825,529682.4999
1,559.3352,529.6912,529691.1999
1,559.3788,529.7348,529734.7999
1,559.5247,529.8807,529880.6999
1,559.5406,529.8966,529896.5999
1,559.5661,529.9221,529922.0999
1,559.6712,530.0272,530027.1999
1,559.7424,530.0984,530098.3999
1,559.7632,530.1192,530119.1999
1,559.8176,530.1736,530173.5999
1,559.8853,530.2413,530241.2999
1,559.9337,530.2897,530289.6999
1,559.9639,530.3199,530319.8999
1,560.1235,530.4795,530479.4999
1,560.1491,530.5051,530505.0999
1,560.2312,530.5872,530587.1999
1,560.3728,530.7288,530728.7999
1,560.3946,530.7506,530750.5999
1,560.4091,530.7651,530765.0999
1,560.4308,530.7868,530786.7999
1,560.5596,530.9156,530915.5999
1,560.8577,531.2137,531213.6999
1,561.0428,531.3988,531398.7999
1,561.0553,531.4113,531411.2999
1,561.0901,531.4461,531446.0999
1,561.3295,531.6855,531685.4999
1,561.3791,531.7351,531735.0999
1,561.3917,531.7477,531747.6999
1,561.4162,531.7722,531772.1999
1,561.5850,531.9410,531940.9999
1,561.6532,532.0092,532009.1999
1,561.7419,532.0979,532097.8999
1,561.8534,532.2094,532209.3999
1,562.1232,532.4792,532479.1999
1,562.1903,532.5463,532546.2999
1,562.2131,532.5691,532569.0999
1,562.3512,532.7072,532707.1999
1,562.5161,532.8721,532872.0999
1,562.5428,532.8988,532898.7999
1,562.5482,532.9042,532904.1999
1,562.5556,532.9116,532911.5999
1,562.5590,532.9150,532914.9999
1,562.6036,532.9596,532959.5999
1,562.8178,533.1738,533173.7999
1,562.8876,533.2436,533243.5999
1,563.2760,533.6320,533631.9999
1,563.3298,533.6858,533685.7999
1,563.4869,533.8429,533842.8999
1,563.5504,533.9064,533906.3999
1,563.5696,533.9256,533925.5999
1,563.6509,534.0069,534006.8999
1,563.8329,534.1889,534188.8999
1,563.9871,534.3431,534343.0999
1,564.2056,534.5616,534561.5999
1,564.2222,534.5782,534578.1999
1,564.3028,534.6588,534658.7999
1,564.3555,534.7115,534711.4999
1,564.3724,534.7284,534728.3999
1,564.5039,534.8599,534859.8999
1,564.5431,534.8991,534899.0999
1,564.9131,535.2691,535269.0999
1,565.0266,535.3826,535382.5999
1,565.1910,535.5470,535546.9999
1,565.2260,535.5820,535581.9999
1,565.3492,535.7052,535705.1999
1,565.4152,535.7712,535771.1999
1,565.4715,535.8275,535827.4999
1,565.4825,535.8385,535838.4999
1,565.5020,535.8580,535857.9999
1,565.6658,536.0218,536021.7999
1,565.7064,536.0624,536062.3999
1,565.8163,536.1723,536172.2999
1,565.8809,536.2369,536236.8999
1,565.9418,536.2978,536297.7999
1,565.9711,536.3271,536327.0999
1,566.1326,536.4886,536488.5999
1,566.3505,536.7065,536706.4999
1,566.4004,536.7564,536756.3999
1,566.4281,536.7841,536784.0999
1,566.4858,536.8418,536841.7999
1,566.5848,536.9408,536940.7999
1,566.6335,536.9895,536989.4999
1,566.8742,537.2302,537230.1999
1,566.9543,537.3103,537310.2999
1,567.0256,537.3816,537381.5999
1,567.0456,537.4016,537401.5999
1,567.2231,537.5791,537579.0999
1,567.2346,537.5906,537590.5999
1,567.3420,537.6980,537697.9999
1,567.3777,537.7337,537733.6999
1,567.4400,537.7960,537795.9999
1,567.5649,537.9209,537920.8999
1,567.5826,537.9386,537938.5999
1,567.6630,538.0190,538018.9999
1,567.6728,538.0288,538028.7999
1,567.7236,538.0796,538079.5999
1,567.8758,538.2318,538231.7999
1,567.9923,538.3483,538348.2999
1,568.1643,538.5203,538520.2999
1,568.2591,538.6151,538615.0999
1,568.2937,538.6497,538649.6999
1,568.3352,538.6912,538691.1999
1,568.6632,539.0192,539019.1999
1,568.6916,539.0476,539047.5999
1,568.7329,539.0889,539088.8999
1,568.7579,539.1139,539113.8999
1,568.7811,539.1371,539137.0999
1,568.9712,539.3272,539327.1999
1,568.9858,539.3418,539341.7999
1,569.0408,539.3968,539396.7999
1,569.0521,539.4081,539408.0999
1,569.0646,539.4206,539420.5999
1,569.1414,539.4974,539497.3999
1,569.1432,539.4992,539499.1999
1,569.1793,539.5353,539535.2999
1,569.1955,539.5515,539551.4999
1,569.3290,539.6850,539684.9999
1,569.3933,539.7493,539749.2999
1,569.4334,539.7894,539789.3999
1,569.5158,539.8718,539871.7999
1,569.5271,539.8831,539883.0999
1,569.5403,539.8963,539896.2999
1,569.7100,540.0660,540065.9999
1,569.7366,540.0926,540092.5999
1,569.8930,540.2490,540248.9999
1,570.1129,540.4689,540468.8999
1,570.1454,540.5014,540501.3999
1,570.1908,540.5468,540546.7999
1,570.2437,540.5997,540599.6999
1,570.4183,540.7743,540774.2999
1,570.4505,540.8065,540806.4999
1,570.5756,540.9316,540931.5999
1,570.6753,541.0313,541031.2999
1,570.7211,541.0771,541077.0999
1,570.8781,541.2341,541234.0999
1,570.9306,541.2866,541286.5999
1,571.0221,541.3781,541378.0999
1,571.0724,541.4284,541428.3999
1,571.0848,541.4408,541440.7999
1,571.1194,541.4754,541475.3999
1,571.1805,541.5365,541536.4999
1,571.2963,541.6523,541652.2999
1,571.3119,541.6679,541667.8999
1,571.4971,541.8531,541853.0999
1,571.5338,541.8898,541889.7999
1,571.6850,542.0410,542040.9999
1,571.7212,542.0772,542077.1999
1,571.9870,542.3430,542342.9999
1,572.0474,542.4034,542403.3999
1,572.0742,542.4302,542430.1999
1,572.1961,542.5521,542552.0999
1,572.1989,542.5549,542554.8999
1,572.3187,542.6747,542674.6999
1,572.4153,542.7713,542771.2999
1,572.6293,542.9853,542985.2999
1,572.8266,543.1826,543182.5999
1,572.9178,543.2738,543273.7999
1,573.0650,543.4210,543420.9999
1,573.2424,543.5984,543598.3999
1,573.2660,543.6220,543621.9999
1,573.3096,543.6656,543665.5999
1,573.4262,543.7822,543782.1999
1,573.6801,544.0361,544036.0999
1,573.7079,544.0639,544063.8999
1,573.7638,544.1198,544119.7999
1,573.9111,544.2671,544267.0999
1,574.2422,544.5982,544598.1999
1,574.3671,544.7231,544723.0999
1,574.3885,544.7445,544744.4999
1,574.4133,544.7693,544769.2999
1,574.6016,544.9576,544957.5999
1,574.7676,545.1236,545123.5999
1,574.8028,545.1588,545158.7999
1,574.8192,545.1752,545175.1999
1,574.8801,545.2361,545236.0999
1,574.9901,545.3461,545346.0999
1,575.0058,545.3618,545361.7999
1,575.2091,545.5651,545565.0999
1,575.2805,545.6365,545636.4999
1,575.3389,545.6949,545694.8999
1,575.6576,546.0136,546013.5999
1,575.7318,546.0878,546087.7999
1,575.7585,546.1145,546114.4999
1,575.7854,546.1414,546141.3999
1,575.7920,546.1480,546147.9999
1,575.8037,546.1597,546159.6999
1,575.8124,546.1684,546168.3999
1,575.8286,546.1846,546184.5999
1,575.8379,546.1939,546193.8999
1,575.8601,546.2161,546216.0999
1,575.8817,546.2377,546237.6999
1,575.8849,546.2409,546240.8999
1,576.0619,546.4179,546417.8999
1,576.0779,546.4339,546433.8999
1,576.2720,546.6280,546627.9999
1,576.3051,546.6611,546661.0999
1,576.4065,546.7625,546762.4999
1,576.6297,546.9857,546985.6999
1,576.6917,547.0477,547047.6999
1,576.7352,547.0912,547091.1999
1,576.9136,547.2696,547269.5999
1,577.0625,547.4185,547418.4999
1,577.1292,547.4852,547485.1999
1,577.2848,547.6408,547640.7999
1,577.3499,547.7059,547705.8999
1,577.3575,547.7135,547713.4999
1,577.3769,547.7329,547732.8999
1,577.4942,547.8502,547850.1999
1,577.5208,547.8768,547876.7999
1,577.5701,547.9261,547926.0999
1,577.6757,548.0317,548031.6999
1,577.7006,548.0566,548056.5999
1,577.7040,548.0600,548059.9999
1,578.0178,548.3738,548373.7999
1,578.1374,548.4934,548493.3999
1,578.1686,548.5246,548524.5999
1,578.1990,548.5550,548554.9999
1,578.2341,548.5901,548590.0999
1,578.3540,548.7100,548709.9999
1,578.4398,548.7958,548795.7999
1,578.4617,548.8177,548817.6999
1,578.5207,548.8767,548876.6999
1,578.5758,548.9318,548931.7999
1,578.6225,548.9785,548978.4999
1,578.6881,549.0441,549044.0999
1,578.7721,549.1281,549128.0999
1,578.9531,549.3091,549309.0999
1,579.0515,549.4075,549407.4999
1,579.0700,549.4260,549425.9999
1,579.2922,549.6482,549648.1999
1,579.3254,549.6814,549681.3999
1,579.3590,549.7150,549714.9999
1,579.5698,549.9258,549925.7999
1,579.6048,549.9608,549960.7999
1,579.6770,550.0330,550032.9999
1,579.7634,550.1194,550119.3999
1,579.7756,550.1316,550131.5999
1,579.7872,550.1432,550143.1999
1,579.8049,550.1609,550160.8999
1,580.0444,550.4004,550400.3999
1,580.0745,550.4305,550430.4999
1,580.1290,550.4850,550484.9999
1,580.2813,550.6373,550637.2999
1,580.3354,550.6914,550691.3999
1,580.5390,550.8950,550894.9999
1,580.6990,551.0550,551054.9999
1,580.9207,551.2767,551276.6999
1,580.9599,551.3159,551315.8999
1,581.2066,551.5626,551562.5999
1,581.3800,551.7360,551735.9999
1,581.3977,551.7537,551753.6999
1,581.4465,551.8025,551802.4999
1,581.4711,551.8271,551827.0999
1,581.5187,551.8747,551874.6999
1,581.6060,551.9620,551961.9999
1,581.6472,552.0032,552003.1999
1,581.7237,552.0797,552079.6999
1,581.8232,552.1792,552179.1999
1,581.8892,552.2452,552245.1999
1,582.1898,552.5458,552545.7999
1,582.2560,552.6120,552611.9999
1,582.3180,552.6740,552673.9999
1,582.3236,552.6796,552679.5999
1,582.3786,552.7346,552734.5999
1,582.4164,552.7724,552772.3999
1,582.4452,552.8012,552801.1999
1,582.5564,552.9124,552912.3999
1,582.6942,553.0502,553050.1999
1,582.7259,553.0819,553081.8999
1,582.9099,553.2659,553265.8999
1,582.9319,553.2879,553287.8999
1,583.0445,553.4005,553400.4999
1,583.2216,553.5776,553577.5999
1,583.2442,553.6002,553600.1999
1,583.2969,553.6529,553652.8999
1,583.3789,553.7349,553734.8999
1,583.5916,553.9476,553947.5999
1,583.6405,553.9965,553996.4999
1,584.0378,554.3938,554393.7999
1,584.1008,554.4568,554456.7999
1,584.1186,554.4746,554474.5999
1,584.1582,554.5142,554514.1999
1,584.3140,554.6700,554669.9999
1,584.3386,554.6946,554694.5999
1,584.3780,554.7340,554733.9999
1,584.3970,554.7530,554752.9999
1,584.4238,554.7798,554779.7999
1,584.6028,554.9588,554958.7999
1,584.6101,554.9661,554966.0999
1,584.6378,554.9938,554993.7999
1,584.8481,555.2041,555204.0999
1,584.9420,555.2980,555297.9999
1,584.9797,555.3357,555335.6999
1,585.0902,555.4462,555446.1999
1,585.1709,555.5269,555526.8999
1,585.2349,555.5909,555590.8999
1,585.4515,555.8075,555807.4999
1,585.5250,555.8810,555880.9999
1,585.5426,555.8986,555898.5999
1,585.7169,556.0729,556072.8999
1,585.8505,556.2065,556206.4999
1,585.9767,556.3327,556332.6999
1,586.1152,556.4712,556471.1999
1,586.4305,556.7865,556786.4999
1,586.4709,556.8269,556826.8999
1,586.5304,556.8864,556886.3999
1,586.7077,557.0637,557063.6999
1,586.7598,557.1158,557115.7999
1,586.9312,557.2872,557287.1999
1,587.0008,557.3568,557356.7999
1,587.2232,557.5792,557579.1999
1,587.2486,557.6046,557604.5999
1,587.2609,557.6169,557616.8999
1,587.2835,557.6395,557639.4999
1,587.2947,557.6507,557650.6999
1,587.4192,557.7752,557775.1999
1,587.4842,557.8402,557840.1999
1,587.5066,557.8626,557862.5999
1,587.5181,557.8741,557874.0999
1,587.5734,557.9294,557929.3999
1,587.6090,557.9650,557964.9999
1,587.6183,557.9743,557974.2999
1,587.6519,558.0079,558007.8999
1,587.6583,558.0143,558014.2999
1,587.8944,558.2504,558250.3999
1,587.9860,558.3420,558341.9999
1,588.1700,558.5260,558525.9999
1,588.2884,558.6444,558644.3999
1,588.3347,558.6907,558690.6999
1,588.3691,558.7251,558725.0999
1,588.4044,558.7604,558760.3999
1,588.5023,558.8583,558858.2999
1,588.5540,558.9100,558909.9999
1,588.5792,558.9352,558935.1999
1,588.5951,558.9511,558951.0999
1,588.7594,559.1154,559115.3999
1,588.8546,559.2106,559210.5999
1,588.9270,559.2830,559282.9999
1,589.1652,559.5212,559521.1999
1,589.2065,559.5625,559562.4999
1,589.2187,559.5747,559574.6999
1,589.2506,559.6066,559606.5999
1,589.4071,559.7631,559763.0999
1,589.4333,559.7893,559789.2999
1,589.5547,559.9107,559910.6999
1,589.5756,559.9316,559931.5999
1,589.6199,559.9759,559975.8999
1,589.6409,559.9969,559996.8999
1,589.6659,560.0219,560021.8999
1,590.1129,560.4689,560468.8999
1,590.1539,560.5099,560509.8999
1,590.2325,560.5885,560588.4999
1,590.4816,560.8376,560837.5999
1,590.5118,560.8678,560867.7999
1,590.5351,560.8911,560891.0999
1,590.7119,561.0679,561067.8999
1,590.7347,561.0907,561090.6999
1,590.7537,561.1097,561109.6999
1,590.8770,561.2330,561232.9999
1,590.9195,561.2755,561275.4999
1,590.9310,561.2870,561286.9999
1,590.9624,561.3184,561318.3999
1,590.9770,561.3330,561332.9999
1,591.1707,561.5267,561526.6999
1,591.1975,561.5535,561553.4999
1,591.6146,561.9706,561970.5999
1,591.7096,562.0656,562065.5999
1,591.7664,562.1224,562122.3999
1,591.8579,562.2139,562213.8999
1,592.0558,562.4118,562411.7999
1,592.1398,562.4958,562495.7999
1,592.3207,562.6767,562676.6999
1,592.3379,562.6939,562693.8999
1,592.3924,562.7484,562748.3999
1,592.5301,562.8861,562886.0999
1,592.5620,562.9180,562917.9999
1,592.5896,562.9456,562945.5999
1,592.6314,562.9874,562987.3999
1,592.6981,563.0541,563054.0999
1,592.7172,563.0732,563073.1999
1,592.7300,563.0860,563085.9999
1,592.7478,563.1038,563103.7999
1,592.7825,563.1385,563138.4999
1,592.9953,563.3513,563351.2999
1,593.0097,563.3657,563365.6999
1,593.0355,563.3915,563391.4999
1,593.2508,563.6068,563606.7999
1,593.3823,563.7383,563738.2999
1,593.6563,564.0123,564012.2999
1,593.8283,564.1843,564184.2999
1,593.8877,564.2437,564243.6999
1,594.0284,564.3844,564384.3999
1,594.0586,564.4146,564414.5999
1,594.0924,564.4484,564448.3999
1,594.2782,564.6342,564634.1999
1,594.3424,564.6984,564698.3999
1,594.6034,564.9594,564959.3999
1,594.6120,564.9680,564967.9999
1,594.9538,565.3098,565309.7999
1,595.0048,565.3608,565360.7999
1,595.0764,565.4324,565432.3999
1,595.1054,565.4614,565461.3999
1,595.1245,565.4805,565480.4999
1,595.1619,565.5179,565517.8999
1,595.2018,565.5578,565557.7999
1,595.3856,565.7416,565741.5999
1,595.4068,565.7628,565762.7999
1,595.4195,565.7755,565775.4999
1,595.4420,565.7980,565797.9999
1,595.4926,565.8486,565848.5999
1,595.6140,565.9700,565969.9999
1,595.6628,566.0188,566018.7999
1,596.0087,566.3647,566364.6999
1,596.2926,566.6486,566648.5999
1,596.4082,566.7642,566764.1999
1,596.4297,566.7857,566785.6999
1,596.4591,566.8151,566815.0999
1,596.6143,566.9703,566970.2999
1,596.8794,567.2354,567235.3999
1,597.2349,567.5909,567590.8999
1,597.3568,567.7128,567712.7999
1,597.3788,567.7348,567734.7999
1,597.4180,567.7740,567773.9999
1,597.4408,567.7968,567796.7999
1,597.4651,567.8211,567821.0999
1,597.4683,567.8243,567824.2999
1,597.4899,567.8459,567845.8999
1,597.6502,568.0062,568006.1999
1,597.6899,568.0459,568045.8999
1,597.8926,568.2486,568248.5999
1,598.0178,568.3738,568373.7999
1,598.2241,568.5801,568580.0999
1,598.2574,568.6134,568613.3999
1,598.2984,568.6544,568654.3999
1,598.3602,568.7162,568716.1999
1,598.4735,568.8295,568829.4999
1,598.5251,568.8811,568881.0999
1,598.8959,569.2519,569251.8999
1,598.9321,569.2881,569288.0999
1,598.9722,569.3282,569328.1999
1,599.0701,569.4261,569426.0999
1,599.1112,569.4672,569467.1999
1,599.3799,569.7359,569735.8999
1,599.4149,569.7709,569770.8999
1,599.6324,569.9884,569988.3999
1,599.6469,570.0029,570002.8999
1,599.6589,570.0149,570014.8999
1,599.8866,570.2426,570242.5999
1,599.9035,570.2595,570259.4999
1,600.0830,570.4390,570438.9999
1,600.2609,570.6169,570616.8999
1,600.5575,570.9135,570913.4999
1,600.7289,571.0849,571084.8999
1,600.8741,571.2301,571230.0999
1,601.1429,571.4989,571498.8999
1,601.1967,571.5527,571552.6999
1,601.3090,571.6650,571664.9999
1,601.5077,571.8637,571863.6999
1,601.6477,572.0037,572003.6999
1,601.6865,572.0425,572042.4999
1,601.7292,572.0852,572085.1999
1,601.7699,572.1259,572125.8999
1,601.9084,572.2644,572264.3999
1,601.9407,572.2967,572296.6999
1,601.9677,572.3237,572323.6999
1,602.3631,572.7191,572719.0999
1,602.5289,572.8849,572884.8999
1,602.5517,572.9077,572907.6999
1,602.5975,572.9535,572953.4999
1,602.7210,573.0770,573076.9999
1,602.7501,573.1061,573106.0999
1,602.7993,573.1553,573155.2999
1,602.9384,573.2944,573294.3999
1,602.9819,573.3379,573337.8999
1,603.0396,573.3956,573395.5999
1,603.0758,573.4318,573431.7999
1,603.0789,573.4349,573434.8999
1,603.1164,573.4724,573472.3999
1,603.1546,573.5106,573510.5999
1,603.1651,573.5211,573521.0999
1,603.4015,573.7575,573757.4999
1,603.4320,573.7880,573787.9999
1,603.4639,573.8199,573819.8999
1,603.4805,573.8365,573836.4999
1,603.6215,573.9775,573977.4999
1,603.9313,574.2873,574287.2999
1,604.0722,574.4282,574428.1999
1,604.0833,574.4393,574439.2999
1,604.0967,574.4527,574452.6999
1,604.1132,574.4692,574469.1999
1,604.1399,574.4959,574495.8999
1,604.1579,574.5139,574513.8999
1,604.1685,574.5245,574524.4999
1,604.3720,574.7280,574727.9999
1,604.4010,574.7570,574756.9999
1,604.4684,574.8244,574824.3999
1,604.5234,574.8794,574879.3999
1,604.5549,574.9109,574910.8999
1,604.5864,574.9424,574942.3999
1,604.6044,574.9604,574960.3999
1,604.7689,575.1249,575124.8999
1,604.8109,575.1669,575166.8999
1,605.1254,575.4814,575481.3999
1,605.4702,575.8262,575826.1999
1,605.5559,575.9119,575911.8999
1,605.5930,575.9490,575948.9999
1,605.6085,575.9645,575964.4999
1,605.7810,576.1370,576136.9999
1,605.8482,576.2042,576204.1999
1,606.3143,576.6703,576670.2999
1,606.3683,576.7243,576724.2999
1,606.3838,576.7398,576739.7999
1,606.5410,576.8970,576896.9999
1,606.5437,576.8997,576899.6999
1,606.5810,576.9370,576936.9999
1,606.6588,577.0148,577014.7999
1,606.9240,577.2800,577279.9999
1,607.0543,577.4103,577410.2999
1,607.0832,577.4392,577439.1999
1,607.1188,577.4748,577474.7999
1,607.2241,577.5801,577580.0999
1,607.2857,577.6417,577641.6999
1,607.5148,577.8708,577870.7999
1,607.6238,577.9798,577979.7999
1,607.6533,578.0093,578009.2999
1,607.8716,578.2276,578227.5999
1,607.9505,578.3065,578306.4999
1,607.9917,578.3477,578347.6999
1,608.0726,578.4286,578428.5999
1,608.1911,578.5471,578547.0999
1,608.3749,578.7309,578730.8999
1,608.4357,578.7917,578791.6999
1,608.4860,578.8420,578841.9999
1,608.6361,578.9921,578992.0999
1,608.6679,579.0239,579023.8999
1,608.7258,579.0818,579081.7999
1,608.7894,579.1454,579145.3999
1,609.0230,579.3790,579378.9999
1,609.0631,579.4191,579419.0999
1,609.1672,579.5232,579523.1999
1,609.2686,579.6246,579624.5999
1,609.3038,579.6598,579659.7999
1,609.3197,579.6757,579675.6999
1,609.3341,579.6901,579690.0999
1,609.4936,579.8496,579849.5999
1,609.5109,579.8669,579866.8999
1,609.5368,579.8928,579892.7999
1,609.5471,579.9031,579903.0999
1,609.5733,579.9293,579929.2999
1,609.8044,580.1604,580160.3999
1,609.8313,580.1873,580187.2999
1,609.8805,580.2365,580236.4999
1,609.9424,580.2984,580298.3999
1,609.9928,580.3488,580348.7999
1,610.0117,580.3677,580367.6999
1,610.0469,580.4029,580402.8999
1,610.0708,580.4268,580426.7999
1,610.2075,580.5635,580563.4999
1,610.3713,580.7273,580727.2999
1,610.4134,580.7694,580769.3999
1,610.4922,580.8482,580848.1999
1,610.5432,580.8992,580899.1999
1,610.5574,580.9134,580913.3999
1,610.5871,580.9431,580943.0999
1,610.7430,581.0990,581098.9999
1,610.7587,581.1147,581114.6999
1,610.9145,581.2705,581270.4999
1,610.9205,581.2765,581276.4999
1,610.9315,581.2875,581287.4999
1,610.9912,581.3472,581347.1999
1,611.1228,581.4788,581478.7999
1,611.2733,581.6293,581629.2999
1,611.3103,581.6663,581666.2999
1,611.3265,581.6825,581682.4999
1,611.5494,581.9054,581905.3999
1,611.6083,581.9643,581964.2999
1,611.6435,581.9995,581999.4999
1,611.6897,582.0457,582045.6999
1,611.7068,582.0628,582062.7999
1,611.7152,582.0712,582071.1999
1,611.7258,582.0818,582081.7999
1,611.9821,582.3381,582338.0999
1,612.0214,582.3774,582377.3999
1,612.1956,582.5516,582551.5999
1,612.2547,582.6107,582610.6999
1,612.3265,582.6825,582682.4999
1,612.3584,582.7144,582714.3999
1,612.4434,582.7994,582799.3999
1,612.7823,583.1383,583138.2999
1,612.9018,583.2578,583257.7999
1,612.9273,583.2833,583283.2999
1,612.9524,583.3084,583308.3999
1,613.0338,583.3898,583389.7999
1,613.2845,583.6405,583640.4999
1,613.3083,583.6643,583664.2999
1,613.4652,583.8212,583821.1999
1,613.6083,583.9643,583964.2999
1,613.6657,584.0217,584021.6999
1,613.6957,584.0517,584051.6999
1,613.7216,584.0776,584077.5999
1,613.8139,584.1699,584169.8999
1,613.8634,584.2194,584219.3999
1,613.8855,584.2415,584241.4999
1,614.1451,584.5011,584501.0999
1,614.2307,584.5867,584586.6999
1,614.2503,584.6063,584606.2999
1,614.2560,584.6120,584611.9999
1,614.4785,584.8345,584834.4999
1,614.5880,584.9440,584943.9999
1,614.6105,584.9665,584966.4999
1,614.6373,584.9933,584993.2999
1,614.7923,585.1483,585148.2999
1,615.0515,585.4075,585407.4999
1,615.1340,585.4900,585489.9999
1,615.2532,585.6092,585609.1999
1,615.3520,585.7080,585707.9999
1,615.4294,585.7854,585785.3999
1,615.4634,585.8194,585819.3999
1,615.4797,585.8357,585835.6999
1,615.7606,586.1166,586116.5999
1,615.8590,586.2150,586214.9999
1,615.9673,586.3233,586323.2999
1,615.9753,586.3313,586331.2999
1,615.9813,586.3373,586337.2999
1,616.0013,586.3573,586357.2999
1,616.2639,586.6199,586619.8999
1,616.3729,586.7289,586728.8999
1,616.4061,586.7621,586762.0999
1,616.4628,586.8188,586818.7999
1,616.7622,587.1182,587118.1999
1,616.8558,587.2118,587211.7999
1,616.9554,587.3114,587311.3999
1,617.0265,587.3825,587382.4999
1,617.2788,587.6348,587634.7999
1,617.3559,587.7119,587711.8999
1,617.5184,587.8744,587874.3999
1,617.8284,588.1844,588184.3999
1,617.8916,588.2476,588247.5999
1,617.9026,588.2586,588258.5999
1,617.9399,588.2959,588295.8999
1,617.9623,588.3183,588318.2999
1,617.9903,588.3463,588346.2999
1,618.0213,588.3773,588377.2999
1,618.2588,588.6148,588614.7999
1,618.3881,588.7441,588744.0999
1,618.3983,588.7543,588754.2999
1,618.4163,588.7723,588772.2999
1,618.4234,588.7794,588779.3999
1,618.4374,588.7934,588793.3999
1,618.4627,588.8187,588818.6999
1,618.5837,588.9397,588939.6999
1,618.6472,589.0032,589003.1999
1,618.9978,589.3538,589353.7999
1,619.1988,589.5548,589554.7999
1,619.3034,589.6594,589659.3999
1,619.3285,589.6845,589684.4999
1,619.5009,589.8569,589856.8999
1,619.5107,589.8667,589866.6999
1,619.5166,589.8726,589872.5999
1,619.5384,589.8944,589894.3999
1,619.6852,590.0412,590041.1999
1,619.7335,590.0895,590089.4999
1,619.7725,590.1285,590128.4999
1,619.8690,590.2250,590224.9999
1,620.2211,590.5771,590577.0999
1,620.5633,590.9193,590919.2999
1,621.0145,591.3705,591370.4999
1,621.1269,591.4829,591482.8999
1,621.2064,591.5624,591562.3999
1,621.2493,591.6053,591605.2999
1,621.5164,591.8724,591872.3999
1,621.6862,592.0422,592042.1999
1,621.7151,592.0711,592071.0999
1,621.7703,592.1263,592126.2999
1,621.8684,592.2244,592224.3999
1,622.0549,592.4109,592410.8999
1,622.1010,592.4570,592456.9999
1,622.2540,592.6100,592609.9999
1,622.5264,592.8824,592882.3999
1,622.6151,592.9711,592971.0999
1,622.6705,593.0265,593026.4999
1,622.6904,593.0464,593046.3999
1,622.8738,593.2298,593229.7999
1,623.1219,593.4779,593477.8999
1,623.2563,593.6123,593612.2999
1,623.2832,593.6392,593639.1999
1,623.2982,593.6542,593654.1999
1,623.3342,593.6902,593690.1999
1,623.5047,593.8607,593860.6999
1,623.5561,593.9121,593912.0999
1,623.5876,593.9436,593943.5999
1,623.8869,594.2429,594242.8999
1,623.9582,594.3142,594314.1999
1,624.0886,594.4446,594444.5999
1,624.1137,594.4697,594469.6999
1,624.3494,594.7054,594705.3999
1,624.5654,594.9214,594921.3999
1,624.5967,594.9527,594952.6999
1,624.6432,594.9992,594999.1999
1,624.6612,595.0172,595017.1999
1,624.7386,595.0946,595094.5999
1,624.9583,595.3143,595314.2999
1,624.9763,595.3323,595332.2999
1,625.1030,595.4590,595458.9999
1,625.3598,595.7158,595715.7999
1,625.5963,595.9523,595952.2999
1,625.6249,595.9809,595980.8999
1,625.6529,596.0089,596008.8999
1,625.7023,596.0583,596058.2999
1,625.7598,596.1158,596115.7999
1,625.7837,596.1397,596139.6999
1,625.8674,596.2234,596223.3999
1,626.0225,596.3785,596378.4999
1,626.0307,596.3867,596386.6999
1,626.0550,596.4110,596410.9999
1,626.3340,596.6900,596689.9999
1,626.3914,596.7474,596747.3999
1,626.4602,596.8162,596816.1999
1,626.7062,597.0622,597062.1999
1,626.8388,597.1948,597194.7999
1,626.9782,597.3342,597334.1999
1,627.0103,597.3663,597366.2999
1,627.0525,597.4085,597408.4999
1,627.1116,597.4676,597467.5999
1,627.2640,597.6200,597619.9999
1,627.3350,597.6910,597690.9999
1,627.4172,597.7732,597773.1999
1,627.6032,597.9592,597959.1999
1,627.6258,597.9818,597981.7999
1,627.9277,598.2837,598283.6999
1,627.9547,598.3107,598310.6999
1,628.0393,598.3953,598395.2999
1,628.0606,598.4166,598416.5999
1,628.0729,598.4289,598428.8999
1,628.1009,598.4569,598456.8999
1,628.2869,598.6429,598642.8999
1,628.2960,598.6520,598651.9999
1,628.3074,598.6634,598663.3999
1,628.3254,598.6814,598681.3999
1,628.3316,598.6876,598687.5999
1,628.6228,598.9788,598978.7999
1,628.6502,599.0062,599006.1999
1,629.2326,599.5886,599588.5999
1,629.2554,599.6114,599611.3999
1,629.2656,599.6216,599621.5999
1,629.3876,599.7436,599743.5999
1,629.4022,599.7582,599758.1999
1,629.4424,599.7984,599798.3999
1,629.4664,599.8224,599822.3999
1,629.4772,599.8332,599833.1999
1,629.7618,600.1178,600117.7999
1,629.9475,600.3035,600303.4999
1,629.9651,600.3211,600321.0999
1,630.0005,600.3565,600356.4999
1,630.0366,600.3926,600392.5999
1,630.0610,600.4170,600416.9999
1,630.2660,600.6220,600621.9999
1,630.3166,600.6726,600672.5999
1,630.3829,600.7389,600738.8999
1,630.4127,600.7687,600768.6999
1,630.6504,601.0064,601006.3999
1,630.6907,601.0467,601046.6999
1,630.7461,601.1021,601102.0999
1,630.7894,601.1454,601145.3999
1,630.7965,601.1525,601152.4999
1,630.9197,601.2757,601275.6999
1,630.9458,601.3018,601301.7999
1,631.2656,601.6216,601621.5999
1,631.3206,601.6766,601676.5999
1,631.4188,601.7748,601774.7999
1,631.4904,601.8464,601846.3999
1,631.5336,601.8896,601889.5999
1,631.5595,601.9155,601915.4999
1,631.6237,601.9797,601979.6999
1,631.8142,602.1702,602170.1999
1,631.8346,602.1906,602190.5999
1,631.9986,602.3546,602354.5999
1,632.0755,602.4315,602431.4999
1,632.1029,602.4589,602458.8999
1,632.1281,602.4841,602484.0999
1,632.1495,602.5055,602505.4999
1,632.1557,602.5117,602511.6999
1,632.2041,602.5601,602560.0999
1,632.2492,602.6052,602605.1999
1,632.2599,602.6159,602615.8999
1,632.2917,602.6477,602647.6999
1,632.4443,602.8003,602800.2999
1,632.4699,602.8259,602825.8999
1,632.5223,602.8783,602878.2999
1,632.8765,603.2325,603232.4999
1,633.0187,603.3747,603374.6999
1,633.0823,603.4383,603438.2999
1,633.1156,603.4716,603471.5999
1,633.1227,603.4787,603478.6999
1,633.2647,603.6207,603620.6999
1,633.2927,603.6487,603648.6999
1,633.3239,603.6799,603679.8999
1,633.3526,603.7086,603708.5999
1,633.3692,603.7252,603725.1999
1,633.5177,603.8737,603873.6999
1,633.7777,604.1337,604133.6999
1,633.8037,604.1597,604159.6999
1,633.8342,604.1902,604190.1999
1,634.0464,604.4024,604402.3999
1,634.0884,604.4444,604444.3999
1,634.2324,604.5884,604588.3999
1,634.2498,604.6058,604605.7999
1,634.3016,604.6576,604657.5999
1,634.3336,604.6896,604689.5999
1,634.3982,604.7542,604754.1999
1,634.4769,604.8329,604832.8999
1,634.5053,604.8613,604861.2999
1,634.5643,604.9203,604920.2999
1,634.6042,604.9602,604960.1999
1,634.7192,605.0752,605075.1999
1,634.8435,605.1995,605199.4999
1,634.8919,605.2479,605247.8999
1,635.0908,605.4468,605446.7999
1,635.2948,605.6508,605650.7999
1,635.3286,605.6846,605684.5999
1,635.6849,606.0409,606040.8999
1,635.8707,606.2267,606226.6999
1,635.9028,606.2588,606258.7999
1,635.9496,606.3056,606305.5999
1,636.0026,606.3586,606358.5999
1,636.0782,606.4342,606434.1999
1,636.1192,606.4752,606475.1999
1,636.1742,606.5302,606530.1999
1,636.2004,606.5564,606556.3999
1,636.2216,606.5776,606577.5999
1,636.4310,606.7870,606786.9999
1,636.4373,606.7933,606793.2999
1,636.4424,606.7984,606798.3999
1,636.4484,606.8044,606804.3999
1,636.4582,606.8142,606814.1999
1,636.4680,606.8240,606823.9999
1,636.7509,607.1069,607106.8999
1,636.7713,607.1273,607127.2999
1,636.8428,607.1988,607198.7999
1,636.9003,607.2563,607256.2999
1,636.9427,607.2987,607298.6999
1,636.9593,607.3153,607315.2999
1,636.9926,607.3486,607348.5999
1,637.0739,607.4299,607429.8999
1,637.2131,607.5691,607569.0999
1,637.2956,607.6516,607651.5999
1,637.4023,607.7583,607758.2999
1,637.4312,607.7872,607787.1999
1,637.5220,607.8780,607877.9999
1,637.5374,607.8934,607893.3999
1,637.6172,607.9732,607973.1999
1,637.8109,608.1669,608166.8999
1,637.8237,608.1797,608179.6999
1,637.8289,608.1849,608184.8999
1,637.8364,608.1924,608192.3999
1,637.8769,608.2329,608232.8999
1,637.9860,608.3420,608341.9999
1,638.0087,608.3647,608364.6999
1,638.0977,608.4537,608453.6999
1,638.1191,608.4751,608475.0999
1,638.1491,608.5051,608505.0999
1,638.1541,608.5101,608510.0999
1,638.1617,608.5177,608517.6999
1,638.2242,608.5802,608580.1999
1,638.2297,608.5857,608585.6999
1,638.2458,608.6018,608601.7999
1,638.2880,608.6440,608643.9999
1,638.4019,608.7579,608757.8999
1,638.4114,608.7674,608767.3999
1,638.4243,608.7803,608780.2999
1,638.4425,608.7985,608798.4999
1,638.5550,608.9110,608910.9999
1,638.5708,608.9268,608926.7999
1,638.6148,608.9708,608970.7999
1,638.8096,609.1656,609165.5999
1,638.8327,609.1887,609188.6999
1,638.8414,609.1974,609197.3999
1,638.9520,609.3080,609307.9999
1,639.0561,609.4121,609412.0999
1,639.2569,609.6129,609612.8999
1,639.3269,609.6829,609682.8999
1,639.5730,609.9290,609928.9999
1,639.7752,610.1312,610131.1999
1,639.8037,610.1597,610159.6999
1,639.8812,610.2372,610237.1999
1,640.1483,610.5043,610504.2999
1,640.2075,610.5635,610563.4999
1,640.2931,610.6491,610649.0999
1,640.3950,610.7510,610750.9999
1,640.5156,610.8716,610871.5999
1,640.5470,610.9030,610902.9999
1,640.5949,610.9509,610950.8999
1,640.6326,610.9886,610988.5999
1,640.7730,611.1290,611128.9999
1,640.8665,611.2225,611222.4999
1,640.9118,611.2678,611267.7999
1,641.0365,611.3925,611392.4999
1,641.2749,611.6309,611630.8999
1,641.5005,611.8565,611856.4999
1,641.6488,612.0048,612004.7999
1,641.6863,612.0423,612042.2999
1,641.7056,612.0616,612061.5999
1,641.7151,612.0711,612071.0999
1,641.7329,612.0889,612088.8999
1,641.7506,612.1066,612106.5999
1,642.0280,612.3840,612383.9999
1,642.0546,612.4106,612410.5999
1,642.0919,612.4479,612447.8999
1,642.1464,612.5024,612502.3999
1,642.2021,612.5581,612558.0999
1,642.2649,612.6209,612620.8999
1,642.2789,612.6349,612634.8999
1,642.3051,612.6611,612661.0999
1,642.5365,612.8925,612892.4999
1,642.6451,613.0011,613001.0999
1,642.6790,613.0350,613034.9999
1,642.8026,613.1586,613158.5999
1,643.0286,613.3846,613384.5999
1,643.0510,613.4070,613406.9999
1,643.0899,613.4459,613445.8999
1,643.1237,613.4797,613479.6999
1,643.2013,613.5573,613557.2999
1,643.2531,613.6091,613609.0999
1,643.4336,613.7896,613789.5999
1,643.5078,613.8638,613863.7999
1,643.5592,613.9152,613915.1999
1,643.8542,614.2102,614210.1999
1,643.8946,614.2506,614250.5999
1,644.0788,614.4348,614434.7999
1,644.1451,614.5011,614501.0999
1,644.1598,614.5158,614515.7999
1,644.1965,614.5525,614552.4999
1,644.2962,614.6522,614652.1999
1,644.3401,614.6961,614696.0999
1,644.3605,614.7165,614716.4999
1,644.3878,614.7438,614743.7999
1,644.6593,615.0153,615015.2999
1,644.8620,615.2180,615217.9999
1,645.0938,615.4498,615449.7999
1,645.1151,615.4711,615471.0999
1,645.3275,615.6835,615683.4999
1,645.4665,615.8225,615822.4999
1,645.5251,615.8811,615881.0999
1,645.5745,615.9305,615930.4999
1,645.5925,615.9485,615948.4999
1,645.9249,616.2809,616280.8999
1,646.2621,616.6181,616618.0999
1,646.2888,616.6448,616644.7999
1,646.3003,616.6563,616656.2999
1,646.3455,616.7015,616701.4999
1,646.4887,616.8447,616844.6999
1,646.5717,616.9277,616927.6999
1,646.7095,617.0655,617065.4999
1,647.0024,617.3584,617358.3999
1,647.2888,617.6448,617644.7999
1,647.3797,617.7357,617735.6999
1,647.4047,617.7607,617760.6999
1,647.4959,617.8519,617851.8999
1,647.5588,617.9148,617914.7999
1,647.6292,617.9852,617985.1999
1,647.7356,618.0916,618091.5999
1,647.9971,618.3531,618353.0999
1,648.0476,618.4036,618403.5999
1,648.0787,618.4347,618434.6999
1,648.2849,618.6409,618640.8999
1,648.3087,618.6647,618664.6999
1,648.3517,618.7077,618707.6999
1,648.4034,618.7594,618759.3999
1,648.4843,618.8403,618840.2999
1,648.6847,619.0407,619040.6999
1,648.6907,619.0467,619046.6999
1,648.7006,619.0566,619056.5999
1,648.7656,619.1216,619121.5999
1,648.7929,619.1489,619148.8999
1,648.8048,619.1608,619160.7999
1,649.1457,619.5017,619501.6999
1,649.3751,619.7311,619731.0999
1,649.4019,619.7579,619757.8999
1,649.4534,619.8094,619809.3999
1,649.6918,620.0478,620047.7999
1,649.8281,620.1841,620184.0999
1,649.8626,620.2186,620218.5999
1,650.0138,620.3698,620369.7999
1,650.0546,620.4106,620410.5999
1,650.0780,620.4340,620433.9999
1,650.2829,620.6389,620638.8999
1,650.3209,620.6769,620676.8999
1,650.4930,620.8490,620848.9999
1,650.5117,620.8677,620867.6999
1,650.5455,620.9015,620901.4999
1,650.5758,620.9318,620931.7999
1,650.5910,620.9470,620946.9999
1,650.7306,621.0866,621086.5999
1,650.7403,621.0963,621096.2999
1,650.7675,621.1235,621123.4999
1,651.0871,621.4431,621443.0999
1,651.2162,621.5722,621572.1999
1,651.3038,621.6598,621659.7999
1,651.3556,621.7116,621711.5999
1,651.3789,621.7349,621734.8999
1,651.3920,621.7480,621747.9999
1,651.4130,621.7690,621768.9999
1,651.4359,621.7919,621791.8999
1,651.6361,621.9921,621992.0999
1,651.6727,622.0287,622028.6999
1,651.6903,622.0463,622046.2999
1,651.8117,622.1677,622167.6999
1,651.8242,622.1802,622180.1999
1,652.3058,622.6618,622661.7999
1,652.4771,622.8331,622833.0999
1,652.6104,622.9664,622966.3999
1,652.6955,623.0515,623051.4999
1,652.8163,623.1723,623172.2999
1,652.8893,623.2453,623245.2999
1,652.9047,623.2607,623260.6999
1,652.9181,623.2741,623274.0999
1,653.0234,623.3794,623379.3999
1,653.0561,623.4121,623412.0999
1,653.0697,623.4257,623425.6999
1,653.0912,623.4472,623447.1999
1,653.4488,623.8048,623804.7999
1,653.5053,623.8613,623861.2999
1,653.6155,623.9715,623971.4999
1,653.6762,624.0322,624032.1999
1,653.8815,624.2375,624237.4999
1,654.1306,624.4866,624486.5999
1,654.3329,624.6889,624688.8999
1,654.3715,624.7275,624727.4999
1,654.4351,624.7911,624791.0999
1,655.0749,625.4309,625430.8999
1,655.1007,625.4567,625456.6999
1,655.1456,625.5016,625501.5999
1,655.1920,625.5480,625547.9999
1,655.4424,625.7984,625798.3999
1,655.5017,625.8577,625857.6999
1,655.5301,625.8861,625886.0999
1,655.5640,625.9200,625919.9999
1,655.6836,626.0396,626039.5999
1,655.9529,626.3089,626308.8999
1,655.9801,626.3361,626336.0999
1,656.0850,626.4410,626440.9999
1,656.6099,626.9659,626965.8999
1,657.0044,627.3604,627360.3999
1,657.0609,627.4169,627416.8999
1,657.1020,627.4580,627457.9999
1,657.4308,627.7868,627786.7999
1,657.4935,627.8495,627849.4999
1,657.5324,627.8884,627888.3999
1,657.7092,628.0652,628065.1999
1,657.7865,628.1425,628142.4999
1,657.9183,628.2743,628274.2999
1,657.9497,628.3057,628305.6999
1,658.0128,628.3688,628368.7999
1,658.1254,628.4814,628481.3999
1,658.4195,628.7755,628775.4999
1,658.4770,628.8330,628832.9999
1,658.5321,628.8881,628888.0999
1,658.5719,628.9279,628927.8999
1,658.5880,628.9440,628943.9999
1,658.6082,628.9642,628964.1999
1,658.6584,629.0144,629014.3999
1,658.7842,629.1402,629140.1999
1,658.8941,629.2501,629250.0999
1,659.1230,629.4790,629478.9999
1,659.1420,629.4980,629497.9999
1,659.1824,629.5384,629538.3999
1,659.2836,629.6396,629639.5999
1,659.5573,629.9133,629913.2999
1,659.5991,629.9551,629955.0999
1,659.6617,630.0177,630017.6999
1,659.6938,630.0498,630049.7999
1,659.7023,630.0583,630058.2999
1,659.7459,630.1019,630101.8999
1,659.9482,630.3042,630304.1999
1,660.0185,630.3745,630374.4999
1,660.1053,630.4613,630461.2999
1,660.1956,630.5516,630551.5999
1,660.4269,630.7829,630782.8999
1,660.4952,630.8512,630851.1999
1,660.5734,630.9294,630929.3999
1,660.5906,630.9466,630946.5999
1,660.6101,630.9661,630966.0999
1,660.6251,630.9811,630981.0999
1,660.6660,631.0220,631021.9999
1,660.7038,631.0598,631059.7999
1,660.8251,631.1811,631181.0999
1,660.9899,631.3459,631345.8999
1,661.0129,631.3689,631368.8999
1,661.0720,631.4280,631427.9999
1,661.4387,631.7947,631794.6999
1,661.4878,631.8438,631843.7999
1,661.5810,631.9370,631936.9999
1,661.6109,631.9669,631966.8999
1,661.6362,631.9922,631992.1999
1,661.6933,632.0493,632049.2999
1,661.7263,632.0823,632082.2999
1,661.9704,632.3264,632326.3999
1,662.0643,632.4203,632420.2999
1,662.0857,632.4417,632441.6999
1,662.1350,632.4910,632490.9999
1,662.2231,632.5791,632579.0999
1,662.2756,632.6316,632631.5999
1,662.3021,632.6581,632658.0999
1,662.4632,632.8192,632819.1999
1,662.8040,633.1600,633159.9999
1,662.8573,633.2133,633213.2999
1,662.9017,633.2577,633257.6999
1,663.1220,633.4780,633477.9999
1,663.1649,633.5209,633520.8999
1,663.5491,633.9051,633905.0999
1,663.6086,633.9646,633964.5999
1,663.6495,634.0055,634005.4999
1,663.7160,634.0720,634071.9999
1,663.8454,634.2014,634201.3999
1,663.8653,634.2213,634221.2999
1,663.8755,634.2315,634231.4999
1,663.9121,634.2681,634268.0999
1,664.0863,634.4423,634442.2999
1,664.0992,634.4552,634455.1999
1,664.1098,634.4658,634465.7999
1,664.1369,634.4929,634492.8999
1,664.2631,634.6191,634619.0999
1,664.4637,634.8197,634819.6999
1,664.5369,634.8929,634892.8999
1,664.8493,635.2053,635205.2999
1,664.8675,635.2235,635223.4999
1,664.8728,635.2288,635228.7999
1,664.8835,635.2395,635239.4999
1,665.1324,635.4884,635488.3999
1,665.1750,635.5310,635530.9999
1,665.4850,635.8410,635840.9999
1,665.5821,635.9381,635938.0999
1,665.6015,635.9575,635957.4999
1,665.6735,636.0295,636029.4999
1,665.8423,636.1983,636198.2999
1,665.9080,636.2640,636263.9999
1,665.9802,636.3362,636336.1999
1,666.0444,636.4004,636400.3999
1,666.0492,636.4052,636405.1999
1,666.0647,636.4207,636420.6999
1,666.1283,636.4843,636484.2999
1,666.1469,636.5029,636502.8999
1,666.3387,636.6947,636694.6999
1,666.3839,636.7399,636739.8999
1,666.4261,636.7821,636782.0999
1,666.5626,636.9186,636918.5999
1,666.6427,636.9987,636998.6999
1,666.7848,637.1408,637140.7999
1,666.8233,637.1793,637179.2999
1,666.9750,637.3310,637330.9999
1,667.4092,637.7652,637765.1999
1,667.5210,637.8770,637876.9999
1,667.5644,637.9204,637920.3999
1,667.6460,638.0020,638001.9999
1,667.6840,638.0400,638039.9999
1,667.7647,638.1207,638120.6999
1,667.9226,638.2786,638278.5999
1,668.1159,638.4719,638471.8999
1,668.1404,638.4964,638496.3999
1,668.2345,638.5905,638590.4999
1,668.2556,638.6116,638611.5999
1,668.2844,638.6404,638640.3999
1,668.3006,638.6566,638656.5999
1,668.3442,638.7002,638700.1999
1,668.3754,638.7314,638731.3999
1,668.3888,638.7448,638744.7999
1,668.3938,638.7498,638749.7999
1,668.4023,638.7583,638758.2999
1,668.6260,638.9820,638981.9999
1,668.6411,638.9971,638997.0999
1,668.7788,639.1348,639134.7999
1,668.8261,639.1821,639182.0999
1,668.8931,639.2491,639249.0999
1,669.0178,639.3738,639373.7999
1,669.4767,639.8327,639832.6999
1,669.5349,639.8909,639890.8999
1,669.5735,639.9295,639929.4999
1,669.6669,640.0229,640022.8999
1,669.7120,640.0680,640067.9999
1,669.7545,640.1105,640110.4999
1,669.8739,640.2299,640229.8999
1,670.2007,640.5567,640556.6999
1,670.2322,640.5882,640588.1999
1,670.2490,640.6050,640604.9999
1,670.3676,640.7236,640723.5999
1,670.6349,640.9909,640990.8999
1,670.6525,641.0085,641008.4999
1,670.7045,641.0605,641060.4999
1,670.8516,641.2076,641207.5999
1,670.9168,641.2728,641272.7999
1,671.3024,641.6584,641658.3999
1,671.4260,641.7820,641781.9999
1,671.4455,641.8015,641801.4999
1,671.4639,641.8199,641819.8999
1,671.5206,641.8766,641876.5999
1,671.6800,642.0360,642035.9999
1,671.6893,642.0453,642045.2999
1,671.7855,642.1415,642141.4999
1,671.8248,642.1808,642180.7999
1,671.8735,642.2295,642229.4999
1,672.1027,642.4587,642458.6999
1,672.1598,642.5158,642515.7999
1,672.1962,642.5522,642552.1999
1,672.2860,642.6420,642641.9999
1,672.5482,642.9042,642904.1999
1,672.7876,643.1436,643143.5999
1,672.8654,643.2214,643221.3999
1,672.9109,643.2669,643266.8999
1,672.9657,643.3217,643321.6999
1,673.0802,643.4362,643436.1999
1,673.1063,643.4623,643462.2999
1,673.1739,643.5299,643529.8999
1,673.2364,643.5924,643592.3999
1,673.2619,643.6179,643617.8999
1,673.4193,643.7753,643775.2999
1,673.4445,643.8005,643800.4999
1,673.7333,644.0893,644089.2999
1,673.7487,644.1047,644104.6999
1,673.7681,644.1241,644124.0999
1,673.8536,644.2096,644209.5999
1,673.8645,644.2205,644220.4999
1,673.9216,644.2776,644277.5999
1,674.0068,644.3628,644362.7999
1,674.1514,644.5074,644507.3999
1,674.1899,644.5459,644545.8999
1,674.4737,644.8297,644829.6999
1,674.5796,644.9356,644935.5999
1,674.6128,644.9688,644968.7999
1,674.7588,645.1148,645114.7999
1,674.8178,645.1738,645173.7999
1,674.9283,645.2843,645284.2999
1,674.9492,645.3052,645305.1999
1,674.9775,645.3335,645333.4999
1,674.9865,645.3425,645342.4999
1,675.1307,645.4867,645486.6999
1,675.2997,645.6557,645655.6999
1,675.3200,645.6760,645675.9999
1,675.3379,645.6939,645693.8999
1,675.4429,645.7989,645798.8999
1,675.4944,645.8504,645850.3999
1,675.5098,645.8658,645865.7999
1,675.5444,645.9004,645900.3999
1,675.6918,646.0478,646047.7999
1,675.8252,646.1812,646181.1999
1,675.8669,646.2229,646222.8999
1,675.8894,646.2454,646245.3999
1,675.9618,646.3178,646317.7999
1,676.2626,646.6186,646618.5999
1,676.3024,646.6584,646658.3999
1,676.3843,646.7403,646740.2999
1,676.4170,646.7730,646772.9999
1,676.4532,646.8092,646809.1999
1,676.4911,646.8471,646847.0999
1,676.8434,647.1994,647199.3999
1,676.9228,647.2788,647278.7999
1,677.0147,647.3707,647370.6999
1,677.2859,647.6419,647641.8999
1,677.5416,647.8976,647897.5999
1,677.6224,647.9784,647978.3999
1,677.7825,648.1385,648138.4999
1,677.8842,648.2402,648240.1999
1,677.9551,648.3111,648311.0999
1,678.2274,648.5834,648583.3999
1,678.4422,648.7982,648798.1999
1,678.8943,649.2503,649250.2999
1,678.9801,649.3361,649336.0999
1,679.0649,649.4209,649420.8999
1,679.1098,649.4658,649465.7999
1,679.1917,649.5477,649547.6999
1,679.2736,649.6296,649629.5999
1,679.3361,649.6921,649692.0999
1,679.3850,649.7410,649740.9999
1,679.5064,649.8624,649862.3999
1,679.6571,650.0131,650013.0999
1,679.7864,650.1424,650142.3999
1,679.8205,650.1765,650176.4999
1,679.8583,650.2143,650214.2999
1,679.8835,650.2395,650239.4999
1,679.9356,650.2916,650291.5999
1,679.9522,650.3082,650308.1999
1,679.9694,650.3254,650325.3999
1,679.9811,650.3371,650337.0999
1,679.9904,650.3464,650346.3999
1,680.2106,650.5666,650566.5999
1,680.3963,650.7523,650752.2999
1,680.4598,650.8158,650815.7999
1,680.5015,650.8575,650857.4999
1,680.6342,650.9902,650990.1999
1,680.8308,651.1868,651186.7999
1,680.8743,651.2303,651230.2999
1,680.9923,651.3483,651348.2999
1,681.0148,651.3708,651370.7999
1,681.0802,651.4362,651436.1999
1,681.0832,651.4392,651439.1999
1,681.0948,651.4508,651450.7999
1,681.1211,651.4771,651477.0999
1,681.4867,651.8427,651842.6999
1,681.6387,651.9947,651994.6999
1,681.7086,652.0646,652064.5999
1,682.0163,652.3723,652372.2999
1,682.0876,652.4436,652443.5999
1,682.2031,652.5591,652559.0999
1,682.3515,652.7075,652707.4999
1,682.3729,652.7289,652728.8999
1,682.4931,652.8491,652849.0999
1,682.5307,652.8867,652886.6999
1,682.5665,652.9225,652922.4999
1,682.5746,652.9306,652930.5999
1,682.6034,652.9594,652959.3999
1,682.6195,652.9755,652975.4999
1,682.7355,653.0915,653091.4999
1,683.1451,653.5011,653501.0999
1,683.2340,653.5900,653589.9999
1,683.3795,653.7355,653735.4999
1,683.5069,653.8629,653862.8999
1,683.7438,654.0998,654099.7999
1,683.7842,654.1402,654140.1999
1,683.8137,654.1697,654169.6999
1,684.1262,654.4822,654482.1999
1,684.1454,654.5014,654501.3999
1,684.3155,654.6715,654671.4999
1,684.3694,654.7254,654725.3999
1,684.4773,654.8333,654833.2999
1,684.4875,654.8435,654843.4999
1,684.5365,654.8925,654892.4999
1,684.6311,654.9871,654987.0999
1,684.7412,655.0972,655097.1999
1,684.9520,655.3080,655307.9999
1,685.0133,655.3693,655369.2999
1,685.0463,655.4023,655402.2999
1,685.0567,655.4127,655412.6999
1,685.0649,655.4209,655420.8999
1,685.0684,655.4244,655424.3999
1,685.0749,655.4309,655430.8999
1,685.0878,655.4438,655443.7999
1,685.1242,655.4802,655480.1999
1,685.3108,655.6668,655666.7999
1,685.3277,655.6837,655683.6999
1,685.3552,655.7112,655711.1999
1,685.5373,655.8933,655893.2999
1,685.5971,655.9531,655953.0999
1,685.6371,655.9931,655993.0999
1,685.7070,656.0630,656062.9999
1,685.7166,656.0726,656072.5999
1,685.9802,656.3362,656336.1999
1,686.0209,656.3769,656376.8999
1,686.0310,656.3870,656386.9999
1,686.0500,656.4060,656405.9999
1,686.0609,656.4169,656416.8999
1,686.3277,656.6837,656683.6999
1,686.4062,656.7622,656762.1999
1,686.4394,656.7954,656795.3999
1,686.4799,656.8359,656835.8999
1,686.5064,656.8624,656862.3999
1,686.6276,656.9836,656983.5999
1,686.6617,657.0177,657017.6999
1,686.7407,657.0967,657096.6999
1,686.7724,657.1284,657128.3999
1,686.9507,657.3067,657306.6999
1,686.9573,657.3133,657313.2999
1,686.9794,657.3354,657335.3999
1,687.3500,657.7060,657705.9999
1,687.3755,657.7315,657731.4999
1,687.3865,657.7425,657742.4999
1,687.4133,657.7693,657769.2999
1,687.4433,657.7993,657799.2999
1,687.4489,657.8049,657804.8999
1,687.6559,658.0119,658011.8999
1,687.7792,658.1352,658135.1999
1,687.8599,658.2159,658215.8999
1,687.9200,658.2760,658275.9999
1,687.9588,658.3148,658314.7999
1,687.9896,658.3456,658345.5999
1,688.0007,658.3567,658356.6999
1,688.0071,658.3631,658363.0999
1,688.2509,658.6069,658606.8999
1,688.2628,658.6188,658618.7999
1,688.4197,658.7757,658775.6999
1,688.4704,658.8264,658826.3999
1,688.6655,659.0215,659021.4999
1,688.8025,659.1585,659158.4999
1,688.8377,659.1937,659193.6999
1,688.8648,659.2208,659220.7999
1,689.0510,659.4070,659406.9999
1,689.3260,659.6820,659681.9999
1,689.4678,659.8238,659823.7999
1,689.5738,659.9298,659929.7999
1,689.6303,659.9863,659986.2999
1,689.6993,660.0553,660055.2999
1,689.7226,660.0786,660078.5999
1,689.7402,660.0962,660096.1999
1,690.0290,660.3850,660384.9999
1,690.1155,660.4715,660471.4999
1,690.1724,660.5284,660528.3999
1,690.1954,660.5514,660551.3999
1,690.2321,660.5881,660588.0999
1,690.2687,660.6247,660624.6999
1,690.3832,660.7392,660739.1999
1,690.7245,661.0805,661080.4999
1,690.8052,661.1612,661161.1999
1,690.9493,661.3053,661305.2999
1,691.1413,661.4973,661497.2999
1,691.2038,661.5598,661559.7999
1,691.2378,661.5938,661593.7999
1,691.2621,661.6181,661618.0999
1,691.3160,661.6720,661671.9999
1,691.4883,661.8443,661844.2999
1,691.6036,661.9596,661959.5999
1,691.6462,662.0022,662002.1999
1,691.8343,662.1903,662190.2999
1,691.8696,662.2256,662225.5999
1,692.0506,662.4066,662406.5999
1,692.0872,662.4432,662443.1999
1,692.1025,662.4585,662458.4999
1,692.1352,662.4912,662491.1999
1,692.3384,662.6944,662694.3999
1,692.4103,662.7663,662766.2999
1,692.5939,662.9499,662949.8999
1,692.7392,663.0952,663095.1999
1,692.8466,663.2026,663202.5999
1,692.8694,663.2254,663225.3999
1,693.0056,663.3616,663361.5999
1,693.0315,663.3875,663387.4999
1,693.1371,663.4931,663493.0999
1,693.1608,663.5168,663516.7999
1,693.1913,663.5473,663547.2999
1,693.2791,663.6351,663635.0999
1,693.3729,663.7289,663728.8999
1,693.5303,663.8863,663886.2999
1,693.6597,664.0157,664015.6999
1,693.9451,664.3011,664301.0999
1,693.9903,664.3463,664346.2999
1,694.0050,664.3610,664360.9999
1,694.0245,664.3805,664380.4999
1,694.0458,664.4018,664401.7999
1,694.0535,664.4095,664409.4999
1,694.1149,664.4709,664470.8999
1,694.2141,664.5701,664570.0999
1,694.2331,664.5891,664589.0999
1,694.2544,664.6104,664610.3999
1,694.4791,664.8351,664835.0999
1,694.7110,665.0670,665066.9999
1,694.8964,665.2524,665252.3999
1,694.9210,665.2770,665276.9999
1,695.0784,665.4344,665434.3999
1,695.1061,665.4621,665462.0999
1,695.1156,665.4716,665471.5999
1,695.1628,665.5188,665518.7999
1,695.1911,665.5471,665547.0999
1,695.6460,666.0020,666001.9999
1,695.6708,666.0268,666026.7999
1,695.6805,666.0365,666036.4999
1,695.6973,666.0533,666053.2999
1,695.7275,666.0835,666083.4999
1,695.8979,666.2539,666253.8999
1,696.1151,666.4711,666471.0999
1,696.1674,666.5234,666523.3999
1,696.1798,666.5358,666535.7999
1,696.2047,666.5607,666560.6999
1,696.2588,666.6148,666614.7999
1,696.4123,666.7683,666768.2999
1,696.5456,666.9016,666901.5999
1,696.5556,666.9116,666911.5999
1,696.5788,666.9348,666934.7999
1,696.5921,666.9481,666948.0999
1,696.6145,666.9705,666970.4999
1,696.6918,667.0478,667047.7999
1,696.7222,667.0782,667078.1999
1,696.7342,667.0902,667090.1999
1,696.7440,667.1000,667099.9999
1,696.7527,667.1087,667108.6999
1,696.7927,667.1487,667148.6999
1,696.8028,667.1588,667158.7999
1,696.8115,667.1675,667167.4999
1,696.8138,667.1698,667169.7999
1,697.0595,667.4155,667415.4999
1,697.0783,667.4343,667434.2999
1,697.1130,667.4690,667468.9999
1,697.1349,667.4909,667490.8999
1,697.1456,667.5016,667501.5999
1,697.1619,667.5179,667517.8999
1,697.1756,667.5316,667531.5999
1,697.3738,667.7298,667729.7999
1,697.3988,667.7548,667754.7999
1,697.5494,667.9054,667905.3999
1,697.5688,667.9248,667924.7999
1,697.6283,667.9843,667984.2999
1,697.7042,668.0602,668060.1999
1,697.7140,668.0700,668069.9999
1,697.7208,668.0768,668076.7999
1,697.7400,668.0960,668095.9999
1,697.7973,668.1533,668153.2999
1,697.8073,668.1633,668163.2999
1,697.9075,668.2635,668263.4999
1,697.9192,668.2752,668275.1999
1,697.9350,668.2910,668290.9999
1,697.9503,668.3063,668306.2999
1,697.9802,668.3362,668336.1999
1,698.4785,668.8345,668834.4999
1,698.4941,668.8501,668850.0999
1,698.5367,668.8927,668892.6999
1,698.5761,668.9321,668932.0999
1,698.7290,669.0850,669084.9999
1,698.7760,669.1320,669131.9999
1,698.7979,669.1539,669153.8999
1,698.8059,669.1619,669161.8999
1,699.0262,669.3822,669382.1999
1,699.0497,669.4057,669405.6999
1,699.2003,669.5563,669556.2999
1,699.2471,669.6031,669603.0999
1,699.4022,669.7582,669758.1999
1,699.4198,669.7758,669775.7999
1,699.4464,669.8024,669802.3999
1,699.4758,669.8318,669831.7999
1,699.6043,669.9603,669960.2999
1,699.6131,669.9691,669969.0999
1,699.6878,670.0438,670043.7999
1,699.7366,670.0926,670092.5999
1,699.8168,670.1728,670172.7999
1,699.9607,670.3167,670316.6999
1,699.9954,670.3514,670351.3999
1,700.0088,670.3648,670364.7999
1,700.0269,670.3829,670382.8999
1,700.1957,670.5517,670551.6999
1,700.3792,670.7352,670735.1999
1,700.4536,670.8096,670809.5999
1,700.5432,670.8992,670899.1999
1,700.5836,670.9396,670939.5999
1,700.7585,671.1145,671114.4999
1,700.7896,671.1456,671145.5999
1,701.0882,671.4442,671444.1999
1,701.2061,671.5621,671562.0999
1,701.2524,671.6084,671608.3999
1,701.3844,671.7404,671740.3999
1,701.4097,671.7657,671765.6999
1,701.4846,671.8406,671840.5999
1,701.5796,671.9356,671935.5999
1,701.6026,671.9586,671958.5999
1,701.6382,671.9942,671994.1999
1,701.6568,672.0128,672012.7999
1,701.6775,672.0335,672033.4999
1,701.6898,672.0458,672045.7999
1,701.7086,672.0646,672064.5999
1,701.9083,672.2643,672264.2999
1,701.9222,672.2782,672278.1999
1,702.2910,672.6470,672646.9999
1,702.4414,672.7974,672797.3999
1,702.6700,673.0260,673025.9999
1,702.7917,673.1477,673147.6999
1,702.9470,673.3030,673302.9999
1,703.0177,673.3737,673373.6999
1,703.0547,673.4107,673410.6999
1,703.0617,673.4177,673417.6999
1,703.0697,673.4257,673425.6999
1,703.2399,673.5959,673595.8999
1,703.2495,673.6055,673605.4999
1,703.2614,673.6174,673617.3999
1,703.2669,673.6229,673622.8999
1,703.4719,673.8279,673827.8999
1,703.5962,673.9522,673952.1999
1,703.6169,673.9729,673972.8999
1,703.6389,673.9949,673994.8999
1,703.7196,674.0756,674075.5999
1,703.7392,674.0952,674095.1999
1,703.7609,674.1169,674116.8999
1,703.8572,674.2132,674213.1999
1,703.8861,674.2421,674242.0999
1,703.9059,674.2619,674261.8999
1,703.9300,674.2860,674285.9999
1,704.0380,674.3940,674393.9999
1,704.0539,674.4099,674409.8999
1,704.3067,674.6627,674662.6999
1,704.3450,674.7010,674700.9999
1,704.3831,674.7391,674739.0999
1,704.4076,674.7636,674763.5999
1,704.4281,674.7841,674784.0999
1,704.5826,674.9386,674938.5999
1,704.9342,675.2902,675290.1999
1,704.9796,675.3356,675335.5999
1,705.0041,675.3601,675360.0999
1,705.0161,675.3721,675372.0999
1,705.0331,675.3891,675389.0999
1,705.0424,675.3984,675398.3999
1,705.0543,675.4103,675410.2999
1,705.0608,675.4168,675416.7999
1,705.1843,675.5403,675540.2999
1,705.3643,675.7203,675720.2999
1,705.3894,675.7454,675745.3999
1,705.4000,675.7560,675755.9999
1,705.5187,675.8747,675874.6999
1,705.9178,676.2738,676273.7999
1,705.9277,676.2837,676283.6999
1,706.0978,676.4538,676453.7999
1,706.1862,676.5422,676542.1999
1,706.2652,676.6212,676621.1999
1,706.3491,676.7051,676705.0999
1,706.4960,676.8520,676851.9999
1,706.5161,676.8721,676872.0999
1,706.5292,676.8852,676885.1999
1,706.6737,677.0297,677029.6999
1,706.7001,677.0561,677056.0999
1,706.9202,677.2762,677276.1999
1,706.9459,677.3019,677301.8999
1,707.1067,677.4627,677462.6999
1,707.2535,677.6095,677609.4999
1,707.3653,677.7213,677721.2999
1,707.4102,677.7662,677766.1999
1,707.4566,677.8126,677812.5999
1,707.6731,678.0291,678029.0999
1,707.7179,678.0739,678073.8999
1,707.7701,678.1261,678126.0999
1,707.8763,678.2323,678232.2999
1,708.0278,678.3838,678383.7999
1,708.0997,678.4557,678455.6999
1,708.1242,678.4802,678480.1999
1,708.2110,678.5670,678566.9999
1,708.3621,678.7181,678718.0999
1,708.3842,678.7402,678740.1999
1,708.7707,679.1267,679126.6999
1,708.7907,679.1467,679146.6999
1,708.9428,679.2988,679298.7999
1,709.0220,679.3780,679377.9999
1,709.1603,679.5163,679516.2999
1,709.1795,679.5355,679535.4999
1,709.2609,679.6169,679616.8999
1,709.2792,679.6352,679635.1999
1,709.3175,679.6735,679673.4999
1,709.4019,679.7579,679757.8999
1,709.6803,680.0363,680036.2999
1,709.7918,680.1478,680147.7999
1,709.8535,680.2095,680209.4999
1,710.0599,680.4159,680415.8999
1,710.1008,680.4568,680456.7999
1,710.1333,680.4893,680489.2999
1,710.2847,680.6407,680640.6999
1,710.3931,680.7491,680749.0999
1,710.4972,680.8532,680853.1999
1,710.5192,680.8752,680875.1999
1,710.5324,680.8884,680888.3999
1,710.5563,680.9123,680912.2999
1,710.5740,680.9300,680929.9999
1,710.5895,680.9455,680945.4999
1,710.7833,681.1393,681139.2999
1,710.9991,681.3551,681355.0999
1,711.0847,681.4407,681440.6999
1,711.2118,681.5678,681567.7999
1,711.3181,681.6741,681674.0999
1,711.5430,681.8990,681898.9999
1,711.5653,681.9213,681921.2999
1,711.6205,681.9765,681976.4999
1,711.6357,681.9917,681991.6999
1,711.6374,681.9934,681993.3999
1,711.7433,682.0993,682099.2999
1,711.8485,682.2045,682204.4999
1,712.1352,682.4912,682491.1999
1,712.2928,682.6488,682648.7999
1,712.3056,682.6616,682661.5999
1,712.3213,682.6773,682677.2999
1,712.3571,682.7131,682713.0999
1,712.4200,682.7760,682775.9999
1,712.4527,682.8087,682808.6999
1,712.5077,682.8637,682863.6999
1,712.6706,683.0266,683026.5999
1,712.6957,683.0517,683051.6999
1,712.7827,683.1387,683138.6999
1,712.9372,683.2932,683293.1999
1,713.0497,683.4057,683405.6999
1,713.0709,683.4269,683426.8999
1,713.1870,683.5430,683542.9999
1,713.2111,683.5671,683567.0999
1,713.2910,683.6470,683646.9999
1,713.7099,684.0659,684065.8999
1,713.8870,684.2430,684242.9999
1,714.0217,684.3777,684377.6999
1,714.0445,684.4005,684400.4999
1,714.0680,684.4240,684423.9999
1,714.1689,684.5249,684524.8999
1,714.1898,684.5458,684545.7999
1,714.3495,684.7055,684705.4999
1,714.3752,684.7312,684731.1999
1,714.4025,684.7585,684758.4999
1,714.4418,684.7978,684797.7999
1,714.4619,684.8179,684817.8999
1,714.4867,684.8427,684842.6999
1,714.6677,685.0237,685023.6999
1,714.7174,685.0734,685073.3999
1,714.7850,685.1410,685140.9999
1,714.9771,685.3331,685333.0999
1,715.0049,685.3609,685360.8999
1,715.0184,685.3744,685374.3999
1,715.0474,685.4034,685403.3999
1,715.0742,685.4302,685430.1999
1,715.3368,685.6928,685692.7999
1,715.3528,685.7088,685708.7999
1,715.3606,685.7166,685716.5999
1,715.3907,685.7467,685746.6999
1,715.4131,685.7691,685769.0999
1,715.4698,685.8258,685825.7999
1,715.5076,685.8636,685863.5999
1,715.6158,685.9718,685971.7999
1,715.6461,686.0021,686002.0999
1,715.6773,686.0333,686033.2999
1,715.7216,686.0776,686077.5999
1,715.7785,686.1345,686134.4999
1,715.8096,686.1656,686165.5999
1,716.0143,686.3703,686370.2999
1,716.1798,686.5358,686535.7999
1,716.2606,686.6166,686616.5999
1,716.3288,686.6848,686684.7999
1,716.3508,686.7068,686706.7999
1,716.3748,686.7308,686730.7999
1,716.4315,686.7875,686787.4999
1,716.7080,687.0640,687063.9999
1,716.9044,687.2604,687260.3999
1,716.9431,687.2991,687299.0999
1,717.0192,687.3752,687375.1999
1,717.0540,687.4100,687409.9999
1,717.1219,687.4779,687477.8999
1,717.1683,687.5243,687524.2999
1,717.1901,687.5461,687546.0999
1,717.2911,687.6471,687647.0999
1,717.3978,687.7538,687753.7999
1,717.4085,687.7645,687764.4999
1,717.4466,687.8026,687802.5999
1,717.4907,687.8467,687846.6999
1,717.5489,687.9049,687904.8999
1,717.5922,687.9482,687948.1999
1,717.6418,687.9978,687997.7999
1,717.7638,688.1198,688119.7999
1,717.7821,688.1381,688138.0999
1,717.9402,688.2962,688296.1999
1,718.1261,688.4821,688482.0999
1,718.1385,688.4945,688494.4999
1,718.3396,688.6956,688695.5999
1,718.3679,688.7239,688723.8999
1,718.4360,688.7920,688791.9999
1,718.7170,689.0730,689072.9999
1,718.9212,689.2772,689277.1999
1,718.9909,689.3469,689346.8999
1,719.0214,689.3774,689377.3999
1,719.1506,689.5066,689506.5999
1,719.2337,689.5897,689589.6999
1,719.2788,689.6348,689634.7999
1,719.3141,689.6701,689670.0999
1,719.8138,690.1698,690169.7999
1,719.9126,690.2686,690268.5999
1,719.9355,690.2915,690291.4999
1,720.0509,690.4069,690406.8999
1,720.1956,690.5516,690551.5999
1,720.2243,690.5803,690580.2999
1,720.3397,690.6957,690695.6999
1,720.4314,690.7874,690787.3999
1,720.4761,690.8321,690832.0999
1,720.5418,690.8978,690897.7999
1,720.7402,691.0962,691096.1999
1,720.7574,691.1134,691113.3999
1,720.9348,691.2908,691290.7999
1,720.9579,691.3139,691313.8999
1,721.0713,691.4273,691427.2999
1,721.3033,691.6593,691659.2999
1,721.3906,691.7466,691746.5999
1,721.4961,691.8521,691852.0999
1,721.7538,692.1098,692109.7999
1,721.9909,692.3469,692346.8999
1,722.0759,692.4319,692431.8999
1,722.1438,692.4998,692499.7999
1,722.1714,692.5274,692527.3999
1,722.3612,692.7172,692717.1999
1,722.4081,692.7641,692764.0999
1,722.5631,692.9191,692919.0999
1,722.6583,693.0143,693014.2999
1,722.7994,693.1554,693155.3999
1,722.8277,693.1837,693183.6999
1,722.9070,693.2630,693262.9999
1,722.9976,693.3536,693353.5999
1,723.0958,693.4518,693451.7999
1,723.1284,693.4844,693484.3999
1,723.1629,693.5189,693518.8999
1,723.1864,693.5424,693542.3999
1,723.1936,693.5496,693549.5999
1,723.2051,693.5611,693561.0999
1,723.4166,693.7726,693772.5999
1,723.7492,694.1052,694105.1999
1,723.8088,694.1648,694164.7999
1,724.0746,694.4306,694430.5999
1,724.1856,694.5416,694541.5999
1,724.2577,694.6137,694613.6999
1,724.3504,694.7064,694706.3999
1,724.3750,694.7310,694730.9999
1,724.3827,694.7387,694738.6999
1,724.3896,694.7456,694745.5999
1,724.6006,694.9566,694956.5999
1,724.7346,695.0906,695090.5999
1,724.8180,695.1740,695173.9999
1,724.9011,695.2571,695257.0999
1,724.9354,695.2914,695291.3999
1,724.9786,695.3346,695334.5999
1,724.9916,695.3476,695347.5999
1,725.0317,695.3877,695387.6999
1,725.2542,695.6102,695610.1999
1,725.2928,695.6488,695648.7999
1,725.4173,695.7733,695773.2999
1,725.4336,695.7896,695789.5999
1,725.4449,695.8009,695800.8999
1,725.6267,695.9827,695982.6999
1,725.6689,696.0249,696024.8999
1,725.9947,696.3507,696350.6999
1,726.0787,696.4347,696434.6999
1,726.0914,696.4474,696447.3999
1,726.1387,696.4947,696494.6999
1,726.1761,696.5321,696532.0999
1,726.2061,696.5621,696562.0999
1,726.2212,696.5772,696577.1999
1,726.2503,696.6063,696606.2999
1,726.3136,696.6696,696669.5999
1,726.5197,696.8757,696875.6999
1,726.5295,696.8855,696885.4999
1,726.7676,697.1236,697123.5999
1,726.9696,697.3256,697325.5999
1,727.0149,697.3709,697370.8999
1,727.0910,697.4470,697446.9999
1,727.3236,697.6796,697679.5999
1,727.4606,697.8166,697816.5999
1,727.8623,698.2183,698218.2999
1,727.8816,698.2376,698237.5999
1,728.0477,698.4037,698403.6999
1,728.1470,698.5030,698502.9999
1,728.1645,698.5205,698520.4999
1,728.1875,698.5435,698543.4999
1,728.2662,698.6222,698622.1999
1,728.3146,698.6706,698670.5999
1,728.3271,698.6831,698683.0999
1,728.3547,698.7107,698710.6999
1,728.3711,698.7271,698727.0999
1,728.3928,698.7488,698748.7999
1,728.4017,698.7577,698757.6999
1,728.4131,698.7691,698769.0999
1,728.4302,698.7862,698786.1999
1,728.4563,698.8123,698812.2999
1,728.6876,699.0436,699043.5999
1,728.9977,699.3537,699353.6999
1,729.0315,699.3875,699387.4999
1,729.0471,699.4031,699403.0999
1,729.1392,699.4952,699495.1999
1,729.2195,699.5755,699575.4999
1,729.5172,699.8732,699873.1999
1,729.8157,700.1717,700171.6999
1,729.8827,700.2387,700238.6999
1,729.9234,700.2794,700279.3999
1,729.9760,700.3320,700331.9999
1,730.2205,700.5765,700576.4999
1,730.3200,700.6760,700675.9999
1,730.3804,700.7364,700736.3999
1,730.5209,700.8769,700876.8999
1,730.7657,701.1217,701121.6999
1,730.8176,701.1736,701173.5999
1,730.8540,701.2100,701209.9999
1,731.0039,701.3599,701359.8999
1,731.0232,701.3792,701379.1999
1,731.0820,701.4380,701437.9999
1,731.2588,701.6148,701614.7999
1,731.3902,701.7462,701746.1999
1,731.5994,701.9554,701955.3999
1,731.7026,702.0586,702058.5999
1,731.7564,702.1124,702112.3999
1,731.8762,702.2322,702232.1999
1,731.9649,702.3209,702320.8999
1,732.0020,702.3580,702357.9999
1,732.2354,702.5914,702591.3999
1,732.2421,702.5981,702598.0999
1,732.2493,702.6053,702605.2999
1,732.2595,702.6155,702615.4999
1,732.4837,702.8397,702839.6999
1,732.5130,702.8690,702868.9999
1,732.7850,703.1410,703140.9999
1,732.8170,703.1730,703172.9999
1,732.8954,703.2514,703251.3999
1,732.9600,703.3160,703315.9999
1,733.1363,703.4923,703492.2999
1,733.1482,703.5042,703504.1999
1,733.2002,703.5562,703556.1999
1,733.2411,703.5971,703597.0999
1,733.4179,703.7739,703773.8999
1,733.5702,703.9262,703926.1999
1,733.5984,703.9544,703954.3999
1,733.7581,704.1141,704114.0999
1,733.7730,704.1290,704128.9999
1,733.8079,704.1639,704163.8999
1,733.9480,704.3040,704303.9999
1,734.1394,704.4954,704495.3999
1,734.1733,704.5293,704529.2999
1,734.1963,704.5523,704552.2999
1,734.4261,704.7821,704782.0999
1,735.0012,705.3572,705357.1999
1,735.0347,705.3907,705390.6999
1,735.0799,705.4359,705435.8999
1,735.2381,705.5941,705594.0999
1,735.3119,705.6679,705667.8999
1,735.3928,705.7488,705748.7999
1,735.4266,705.7826,705782.5999
1,735.4714,705.8274,705827.3999
1,735.4968,705.8528,705852.7999
1,735.5344,705.8904,705890.3999
1,735.5717,705.9277,705927.6999
1,735.8390,706.1950,706194.9999
1,736.0072,706.3632,706363.1999
1,736.0567,706.4127,706412.6999
1,736.0666,706.4226,706422.5999
1,736.1092,706.4652,706465.1999
1,736.2183,706.5743,706574.2999
1,736.4553,706.8113,706811.2999
1,736.5348,706.8908,706890.7999
1,736.7345,707.0905,707090.4999
1,736.8633,707.2193,707219.2999
1,736.8834,707.2394,707239.3999
1,736.9184,707.2744,707274.3999
1,737.0910,707.4470,707446.9999
1,737.1614,707.5174,707517.3999
1,737.3240,707.6800,707679.9999
1,737.4924,707.8484,707848.3999
1,737.5131,707.8691,707869.0999
1,737.5361,707.8921,707892.0999
1,737.5831,707.9391,707939.0999
1,737.7759,708.1319,708131.8999
1,738.1879,708.5439,708543.8999
1,738.2302,708.5862,708586.1999
1,738.3391,708.6951,708695.0999
1,738.4221,708.7781,708778.0999
1,738.4464,708.8024,708802.3999
1,738.4910,708.8470,708846.9999
1,738.6034,708.9594,708959.3999
1,738.6103,708.9663,708966.2999
1,738.6225,708.9785,708978.4999
1,738.6498,709.0058,709005.7999
1,738.6699,709.0259,709025.8999
1,738.8877,709.2437,709243.6999
1,738.9073,709.2633,709263.2999
1,738.9310,709.2870,709286.9999
1,739.1334,709.4894,709489.3999
1,739.1849,709.5409,709540.8999
1,739.2784,709.6344,709634.3999
1,739.2847,709.6407,709640.6999
1,739.3118,709.6678,709667.7999
1,739.5500,709.9060,709905.9999
1,739.6589,710.0149,710014.8999
1,739.6979,710.0539,710053.8999
1,739.7874,710.1434,710143.3999
1,739.8553,710.2113,710211.2999
1,739.8614,710.2174,710217.3999
1,739.9048,710.2608,710260.7999
1,740.2249,710.5809,710580.8999
1,740.2325,710.5885,710588.4999
1,740.2563,710.6123,710612.2999
1,740.3102,710.6662,710666.1999
1,740.3468,710.7028,710702.7999
1,740.4025,710.7585,710758.4999
1,740.4306,710.7866,710786.5999
1,740.8779,711.2339,711233.8999
1,740.9013,711.2573,711257.2999
1,740.9830,711.3390,711338.9999
1,741.1931,711.5491,711549.0999
1,741.2321,711.5881,711588.0999
1,741.3739,711.7299,711729.8999
1,741.5078,711.8638,711863.7999
1,741.9169,712.2729,712272.8999
1,742.0584,712.4144,712414.3999
1,742.0797,712.4357,712435.6999
1,742.1211,712.4771,712477.0999
1,742.1370,712.4930,712492.9999
1,742.3381,712.6941,712694.0999
1,742.3491,712.7051,712705.0999
1,742.3808,712.7368,712736.7999
1,742.6712,713.0272,713027.1999
1,742.7101,713.0661,713066.0999
1,742.7253,713.0813,713081.2999
1,742.7994,713.1554,713155.3999
1,742.8185,713.1745,713174.4999
1,742.9603,713.3163,713316.2999
1,742.9971,713.3531,713353.0999
1,743.0142,713.3702,713370.1999
1,743.0482,713.4042,713404.1999
1,743.0724,713.4284,713428.3999
1,743.0925,713.4485,713448.4999
1,743.0994,713.4554,713455.3999
1,743.4232,713.7792,713779.1999
1,743.5129,713.8689,713868.8999
1,743.6146,713.9706,713970.5999
1,743.6716,714.0276,714027.5999
1,743.6992,714.0552,714055.1999
1,743.7136,714.0696,714069.5999
1,743.7259,714.0819,714081.8999
1,743.7681,714.1241,714124.0999
1,743.9594,714.3154,714315.3999
1,744.3026,714.6586,714658.5999
1,744.3518,714.7078,714707.7999
1,744.5980,714.9540,714953.9999
1,744.6580,715.0140,715013.9999
1,744.7511,715.1071,715107.0999
1,744.7656,715.1216,715121.5999
1,744.7864,715.1424,715142.3999
1,744.8385,715.1945,715194.4999
1,745.0239,715.3799,715379.8999
1,745.0375,715.3935,715393.4999
1,745.1098,715.4658,715465.7999
1,745.1525,715.5085,715508.4999
1,745.2098,715.5658,715565.7999
1,745.4430,715.7990,715798.9999
1,745.4732,715.8292,715829.1999
1,745.5501,715.9061,715906.0999
1,745.6568,716.0128,716012.7999
1,745.8286,716.1846,716184.5999
1,745.8650,716.2210,716220.9999
1,745.9330,716.2890,716288.9999
1,745.9810,716.3370,716336.9999
1,746.0372,716.3932,716393.1999
1,746.3347,716.6907,716690.6999
1,746.3823,716.7383,716738.2999
1,746.5085,716.8645,716864.4999
1,746.5262,716.8822,716882.1999
1,746.6585,717.0145,717014.4999
1,746.6910,717.0470,717046.9999
1,746.7378,717.0938,717093.7999
1,746.7953,717.1513,717151.2999
1,746.9836,717.3396,717339.5999
1,747.0643,717.4203,717420.2999
1,747.2444,717.6004,717600.3999
1,747.2837,717.6397,717639.6999
1,747.3739,717.7299,717729.8999
1,747.4053,717.7613,717761.2999
1,747.4396,717.7956,717795.5999
1,747.6282,717.9842,717984.1999
1,747.7184,718.0744,718074.3999
1,747.7685,718.1245,718124.4999
1,747.8741,718.2301,718230.0999
1,747.9389,718.2949,718294.8999
1,748.0813,718.4373,718437.2999
1,748.1481,718.5041,718504.0999
1,748.2163,718.5723,718572.2999
1,748.2291,718.5851,718585.0999
1,748.2740,718.6300,718629.9999
1,748.2891,718.6451,718645.0999
1,748.3439,718.6999,718699.8999
1,748.3834,718.7394,718739.3999
1,748.4381,718.7941,718794.0999
1,748.4896,718.8456,718845.5999
1,748.5595,718.9155,718915.4999
1,748.5971,718.9531,718953.0999
1,748.6091,718.9651,718965.0999
1,748.6242,718.9802,718980.1999
1,748.8919,719.2479,719247.8999
1,749.0862,719.4422,719442.1999
1,749.1184,719.4744,719474.3999
1,749.1948,719.5508,719550.7999
1,749.4815,719.8375,719837.4999
1,749.4884,719.8444,719844.3999
1,749.4954,719.8514,719851.3999
1,749.5068,719.8628,719862.7999
1,749.5171,719.8731,719873.0999
1,749.5309,719.8869,719886.8999
1,749.7447,720.1007,720100.6999
1,749.7520,720.1080,720107.9999
1,749.9780,720.3340,720333.9999
1,750.0537,720.4097,720409.6999
1,750.3124,720.6684,720668.3999
1,750.3525,720.7085,720708.4999
1,750.3869,720.7429,720742.8999
1,750.5107,720.8667,720866.6999
1,750.7174,721.0734,721073.3999
1,750.8324,721.1884,721188.3999
1,750.8643,721.2203,721220.2999
1,751.0329,721.3889,721388.8999
1,751.0514,721.4074,721407.3999
1,751.3758,721.7318,721731.7999
1,751.4259,721.7819,721781.8999
1,751.5031,721.8591,721859.0999
1,751.8207,722.1767,722176.6999
1,751.9662,722.3222,722322.1999
1,752.0067,722.3627,722362.6999
1,752.0342,722.3902,722390.1999
1,752.2013,722.5573,722557.2999
1,752.3548,722.7108,722710.7999
1,752.3720,722.7280,722727.9999
1,752.4083,722.7643,722764.2999
1,752.6380,722.9940,722993.9999
1,752.6658,723.0218,723021.7999
1,752.7348,723.0908,723090.7999
1,752.8351,723.1911,723191.0999
1,752.8636,723.2196,723219.5999
1,752.9068,723.2628,723262.7999
1,752.9309,723.2869,723286.8999
1,753.0338,723.3898,723389.7999
1,753.0989,723.4549,723454.8999
1,753.3341,723.6901,723690.0999
1,753.3634,723.7194,723719.3999
1,753.4394,723.7954,723795.3999
1,753.5579,723.9139,723913.8999
1,753.6586,724.0146,724014.5999
1,753.8959,724.2519,724251.8999
1,753.9789,724.3349,724334.8999
1,754.0109,724.3669,724366.8999
1,754.0428,724.3988,724398.7999
1,754.1808,724.5368,724536.7999
1,754.2119,724.5679,724567.8999
1,754.2488,724.6048,724604.7999
1,754.2656,724.6216,724621.5999
1,754.2923,724.6483,724648.2999
1,754.4379,724.7939,724793.8999
1,754.5837,724.9397,724939.6999
1,754.6092,724.9652,724965.1999
1,754.6310,724.9870,724986.9999
1,754.8665,725.2225,725222.4999
1,754.8912,725.2472,725247.1999
1,755.0043,725.3603,725360.2999
1,755.1959,725.5519,725551.8999
1,755.3586,725.7146,725714.5999
1,755.5850,725.9410,725940.9999
1,755.6102,725.9662,725966.1999
1,755.6433,725.9993,725999.2999
1,755.8508,726.2068,726206.7999
1,755.8770,726.2330,726232.9999
1,756.0938,726.4498,726449.7999
1,756.2067,726.5627,726562.6999
1,756.2364,726.5924,726592.3999
1,756.2796,726.6356,726635.5999
1,756.3068,726.6628,726662.7999
1,756.3689,726.7249,726724.8999
1,757.1555,727.5115,727511.4999
1,757.1748,727.5308,727530.7999
1,757.3625,727.7185,727718.4999
1,757.3974,727.7534,727753.3999
1,757.4376,727.7936,727793.5999
1,757.7206,728.0766,728076.5999
1,757.7519,728.1079,728107.8999
1,758.0137,728.3697,728369.6999
1,758.1339,728.4899,728489.8999
1,758.2234,728.5794,728579.3999
1,758.2656,728.6216,728621.5999
1,758.2869,728.6429,728642.8999
1,758.4211,728.7771,728777.0999
1,758.4669,728.8229,728822.8999
1,758.5163,728.8723,728872.2999
1,758.6316,728.9876,728987.5999
1,758.6694,729.0254,729025.3999
1,758.7016,729.0576,729057.5999
1,758.8021,729.1581,729158.0999
1,759.0667,729.4227,729422.6999
1,759.0758,729.4318,729431.7999
1,759.4839,729.8399,729839.8999
1,759.5098,729.8658,729865.7999
1,759.5631,729.9191,729919.0999
1,759.8949,730.2509,730250.8999
1,760.0134,730.3694,730369.3999
1,760.1719,730.5279,730527.8999
1,760.2517,730.6077,730607.6999
1,760.2992,730.6552,730655.1999
1,760.3642,730.7202,730720.1999
1,760.4650,730.8210,730820.9999
1,760.4951,730.8511,730851.0999
1,760.5290,730.8850,730884.9999
1,760.6756,731.0316,731031.5999
1,760.8016,731.1576,731157.5999
1,760.9253,731.2813,731281.2999
1,761.0345,731.3905,731390.4999
1,761.1138,731.4698,731469.7999
1,761.4215,731.7775,731777.4999
1,761.4480,731.8040,731803.9999
1,761.5480,731.9040,731903.9999
1,761.8114,732.1674,732167.3999
1,761.8334,732.1894,732189.3999
1,761.8443,732.2003,732200.2999
1,761.8539,732.2099,732209.8999
1,761.8737,732.2297,732229.6999
1,761.8994,732.2554,732255.3999
1,762.0888,732.4448,732444.7999
1,762.2573,732.6133,732613.2999
1,762.2869,732.6429,732642.8999
1,762.5449,732.9009,732900.8999
1,762.8584,733.2144,733214.3999
1,762.9403,733.2963,733296.2999
1,762.9850,733.3410,733340.9999
1,763.0815,733.4375,733437.4999
1,763.2352,733.5912,733591.1999
1,763.4336,733.7896,733789.5999
1,763.4925,733.8485,733848.4999
1,763.5481,733.9041,733904.0999
1,763.7929,734.1489,734148.8999
1,763.8220,734.1780,734177.9999
1,763.8826,734.2386,734238.5999
1,763.9244,734.2804,734280.3999
1,764.0361,734.3921,734392.0999
1,764.0613,734.4173,734417.2999
1,764.5312,734.8872,734887.1999
1,764.6234,734.9794,734979.3999
1,764.6684,735.0244,735024.3999
1,764.6835,735.0395,735039.4999
1,764.7052,735.0612,735061.1999
1,764.8070,735.1630,735162.9999
1,764.9536,735.3096,735309.5999
1,764.9648,735.3208,735320.7999
1,765.0208,735.3768,735376.7999
1,765.0488,735.4048,735404.7999
1,765.1138,735.4698,735469.7999
1,765.3333,735.6893,735689.2999
1,765.4396,735.7956,735795.5999
1,765.4853,735.8413,735841.2999
1,765.5045,735.8605,735860.4999
1,765.5263,735.8823,735882.2999
1,765.5719,735.9279,735927.8999
1,765.6690,736.0250,736024.9999
1,765.6796,736.0356,736035.5999
1,765.7138,736.0698,736069.7999
1,765.7489,736.1049,736104.8999
1,765.7694,736.1254,736125.3999
1,765.8224,736.1784,736178.3999
1,765.8508,736.2068,736206.7999
1,765.8831,736.2391,736239.0999
1,766.0714,736.4274,736427.3999
1,766.0963,736.4523,736452.2999
1,766.1124,736.4684,736468.3999
1,766.1219,736.4779,736477.8999
1,766.1578,736.5138,736513.7999
1,766.4840,736.8400,736839.9999
1,766.6355,736.9915,736991.4999
1,766.7495,737.1055,737105.4999
1,766.7888,737.1448,737144.7999
1,766.8461,737.2021,737202.0999
1,766.9830,737.3390,737338.9999
1,767.0792,737.4352,737435.1999
1,767.5310,737.8870,737886.9999
1,767.5760,737.9320,737931.9999
1,767.6653,738.0213,738021.2999
1,768.0055,738.3615,738361.4999
1,768.2367,738.5927,738592.6999
1,768.3300,738.6860,738685.9999
1,768.3765,738.7325,738732.4999
1,768.4505,738.8065,738806.4999
1,768.4644,738.8204,738820.3999
1,768.4970,738.8530,738852.9999
1,768.9742,739.3302,739330.1999
1,769.0078,739.3638,739363.7999
1,769.0186,739.3746,739374.5999
1,769.0501,739.4061,739406.0999
1,769.1225,739.4785,739478.4999
1,769.1574,739.5134,739513.3999
1,769.2248,739.5808,739580.7999
1,769.3114,739.6674,739667.3999
1,769.7991,740.1551,740155.0999
1,769.8365,740.1925,740192.4999
1,769.8627,740.2187,740218.6999
1,770.1597,740.5157,740515.6999
1,770.1992,740.5552,740555.1999
1,770.2420,740.5980,740597.9999
1,770.2697,740.6257,740625.6999
1,770.3078,740.6638,740663.7999
1,770.4447,740.8007,740800.6999
1,770.6382,740.9942,740994.1999
1,770.8073,741.1633,741163.2999
1,770.8239,741.1799,741179.8999
1,770.8777,741.2337,741233.6999
1,771.0273,741.3833,741383.2999
1,771.1954,741.5514,741551.3999
1,771.3079,741.6639,741663.8999
1,771.3261,741.6821,741682.0999
1,771.3921,741.7481,741748.0999
1,771.4746,741.8306,741830.5999
1,771.7473,742.1033,742103.2999
1,771.8726,742.2286,742228.5999
1,772.0166,742.3726,742372.5999
1,772.0891,742.4451,742445.0999
1,772.2807,742.6367,742636.6999
1,772.3252,742.6812,742681.1999
1,772.5922,742.9482,742948.1999
1,772.6001,742.9561,742956.0999
1,772.6095,742.9655,742965.4999
1,772.6132,742.9692,742969.1999
1,772.9083,743.2643,743264.2999
1,773.1105,743.4665,743466.4999
1,773.1567,743.5127,743512.6999
1,773.2008,743.5568,743556.7999
1,773.2624,743.6184,743618.3999
1,773.3480,743.7040,743703.9999
1,773.4276,743.7836,743783.5999
1,773.5310,743.8870,743886.9999
1,773.7240,744.0800,744079.9999
1,773.8469,744.2029,744202.8999
1,773.8666,744.2226,744222.5999
1,774.0378,744.3938,744393.7999
1,774.0583,744.4143,744414.2999
1,774.1212,744.4772,744477.1999
1,774.2368,744.5928,744592.7999
1,774.2926,744.6486,744648.5999
1,774.3393,744.6953,744695.2999
1,774.5883,744.9443,744944.2999
1,774.6244,744.9804,744980.3999
1,774.6593,745.0153,745015.2999
1,774.7212,745.0772,745077.1999
1,774.8223,745.1783,745178.2999
1,774.8620,745.2180,745217.9999
1,774.9221,745.2781,745278.0999
1,775.1048,745.4608,745460.7999
1,775.2993,745.6553,745655.2999
1,775.3801,745.7361,745736.0999
1,775.4942,745.8502,745850.1999
1,775.5177,745.8737,745873.6999
1,775.6188,745.9748,745974.7999
1,775.7963,746.1523,746152.2999
1,775.9117,746.2677,746267.6999
1,775.9986,746.3546,746354.5999
1,776.0692,746.4252,746425.1999
1,776.2835,746.6395,746639.4999
1,776.3834,746.7394,746739.3999
1,776.3926,746.7486,746748.5999
1,776.4048,746.7608,746760.7999
1,776.4177,746.7737,746773.6999
1,776.7426,747.0986,747098.5999
1,777.0230,747.3790,747378.9999
1,777.0516,747.4076,747407.5999
1,777.2256,747.5816,747581.5999
1,777.2347,747.5907,747590.6999
1,777.2605,747.6165,747616.4999
1,777.3937,747.7497,747749.6999
1,777.4103,747.7663,747766.2999
1,777.4711,747.8271,747827.0999
1,777.4943,747.8503,747850.2999
1,777.6370,747.9930,747992.9999
1,777.9667,748.3227,748322.6999
1,778.0092,748.3652,748365.1999
1,778.2179,748.5739,748573.8999
1,778.3227,748.6787,748678.6999
1,778.3760,748.7320,748731.9999
1,778.5107,748.8667,748866.6999
1,778.5496,748.9056,748905.5999
1,778.6093,748.9653,748965.2999
1,778.6700,749.0260,749025.9999
1,778.7137,749.0697,749069.6999
1,778.7803,749.1363,749136.2999
1,779.0205,749.3765,749376.4999
1,779.1378,749.4938,749493.7999
1,779.1870,749.5430,749542.9999
1,779.2031,749.5591,749559.0999
1,779.4604,749.8164,749816.3999
1,779.6707,750.0267,750026.6999
1,779.6965,750.0525,750052.4999
1,779.7962,750.1522,750152.1999
1,779.8780,750.2340,750233.9999
1,779.8955,750.2515,750251.4999
1,779.9720,750.3280,750327.9999
1,780.0250,750.3810,750380.9999
1,780.2456,750.6016,750601.5999
1,780.3795,750.7355,750735.4999
1,780.3967,750.7527,750752.6999
1,780.4723,750.8283,750828.2999
1,780.4953,750.8513,750851.2999
1,780.6561,751.0121,751012.0999
1,780.7151,751.0711,751071.0999
1,781.0598,751.4158,751415.7999
1,781.1286,751.4846,751484.5999
1,781.1932,751.5492,751549.1999
1,781.2442,751.6002,751600.1999
1,781.3355,751.6915,751691.4999
1,781.4213,751.7773,751777.2999
1,781.4898,751.8458,751845.7999
1,781.4984,751.8544,751854.3999
1,781.8693,752.2253,752225.2999
1,781.9088,752.2648,752264.7999
1,781.9533,752.3093,752309.2999
1,782.0444,752.4004,752400.3999
1,782.0775,752.4335,752433.4999
1,782.0902,752.4462,752446.1999
1,782.1262,752.4822,752482.1999
1,782.1369,752.4929,752492.8999
1,782.1788,752.5348,752534.7999
1,782.4121,752.7681,752768.0999
1,782.7159,753.0719,753071.8999
1,782.7691,753.1251,753125.0999
1,782.9758,753.3318,753331.7999
1,783.0240,753.3800,753379.9999
1,783.0569,753.4129,753412.8999
1,783.1263,753.4823,753482.2999
1,783.1529,753.5089,753508.8999
1,783.1711,753.5271,753527.0999
1,783.2182,753.5742,753574.1999
1,783.2441,753.6001,753600.0999
1,783.7254,754.0814,754081.3999
1,783.8764,754.2324,754232.3999
1,783.9911,754.3471,754347.0999
1,784.0115,754.3675,754367.4999
1,784.2621,754.6181,754618.0999
1,784.2965,754.6525,754652.4999
1,784.4596,754.8156,754815.5999
1,784.4919,754.8479,754847.8999
1,784.6435,754.9995,754999.4999
1,784.9327,755.2887,755288.6999
1,784.9757,755.3317,755331.6999
1,785.0724,755.4284,755428.3999
1,785.2558,755.6118,755611.7999
1,785.4974,755.8534,755853.3999
1,785.5176,755.8736,755873.5999
1,785.5770,755.9330,755932.9999
1,785.6381,755.9941,755994.0999
1,785.9164,756.2724,756272.3999
1,786.0790,756.4350,756434.9999
1,786.1272,756.4832,756483.1999
1,786.2700,756.6260,756625.9999
1,786.3055,756.6615,756661.4999
1,786.3619,756.7179,756717.8999
1,786.5281,756.8841,756884.0999
1,786.5502,756.9062,756906.1999
1,786.6557,757.0117,757011.6999
1,786.8255,757.1815,757181.4999
1,786.9012,757.2572,757257.1999
1,787.0147,757.3707,757370.6999
1,787.0940,757.4500,757449.9999
1,787.1788,757.5348,757534.7999
1,787.2527,757.6087,757608.6999
1,787.3700,757.7260,757725.9999
1,787.5350,757.8910,757890.9999
1,787.5674,757.9234,757923.3999
1,787.8721,758.2281,758228.0999
1,787.9522,758.3082,758308.1999
1,787.9957,758.3517,758351.6999
1,788.2563,758.6123,758612.2999
1,788.2900,758.6460,758645.9999
1,788.3096,758.6656,758665.5999
1,788.4131,758.7691,758769.0999
1,788.4340,758.7900,758789.9999
1,788.6364,758.9924,758992.3999
1,788.7092,759.0652,759065.1999
1,788.7862,759.1422,759142.1999
1,788.8156,759.1716,759171.5999
1,788.8692,759.2252,759225.1999
1,789.0102,759.3662,759366.1999
1,789.4238,759.7798,759779.7999
1,789.4562,759.8122,759812.1999
1,789.4939,759.8499,759849.8999
1,789.5346,759.8906,759890.5999
1,789.5662,759.9222,759922.1999
1,789.8512,760.2072,760207.1999
1,789.9208,760.2768,760276.7999
1,789.9383,760.2943,760294.2999
1,789.9656,760.3216,760321.5999
1,789.9845,760.3405,760340.4999
1,790.0073,760.3633,760363.2999
1,790.0291,760.3851,760385.0999
1,790.0666,760.4226,760422.5999
1,790.0764,760.4324,760432.3999
1,790.1185,760.4745,760474.4999
1,790.2372,760.5932,760593.1999
1,790.4083,760.7643,760764.2999
1,790.4838,760.8398,760839.7999
1,790.7246,761.0806,761080.5999
1,790.7995,761.1555,761155.4999
1,790.9382,761.2942,761294.1999
1,791.1932,761.5492,761549.1999
1,791.2741,761.6301,761630.0999
1,791.5308,761.8868,761886.7999
1,791.6490,762.0050,762004.9999
1,791.9112,762.2672,762267.1999
1,792.0594,762.4154,762415.3999
1,792.1137,762.4697,762469.6999
1,792.1289,762.4849,762484.8999
1,792.4038,762.7598,762759.7999
1,792.4265,762.7825,762782.4999
1,792.4373,762.7933,762793.2999
1,792.4674,762.8234,762823.3999
1,792.4913,762.8473,762847.2999
1,792.6225,762.9785,762978.4999
1,792.6452,763.0012,763001.1999
1,792.6534,763.0094,763009.3999
1,792.6658,763.0218,763021.7999
1,792.7747,763.1307,763130.6999
1,792.7926,763.1486,763148.5999
1,792.8166,763.1726,763172.5999
1,792.8824,763.2384,763238.3999
1,793.2505,763.6065,763606.4999
1,793.2970,763.6530,763652.9999
1,793.3726,763.7286,763728.5999
1,793.5711,763.9271,763927.0999
1,793.7428,764.0988,764098.7999
1,793.9223,764.2783,764278.2999
1,793.9651,764.3211,764321.0999
1,793.9748,764.3308,764330.7999
1,794.0197,764.3757,764375.6999
1,794.0493,764.4053,764405.2999
1,794.0683,764.4243,764424.2999
1,794.0722,764.4282,764428.1999
1,794.0988,764.4548,764454.7999
1,794.3258,764.6818,764681.7999
1,794.3586,764.7146,764714.5999
1,794.7108,765.0668,765066.7999
1,794.8088,765.1648,765164.7999
1,794.8427,765.1987,765198.6999
1,794.8665,765.2225,765222.4999
1,794.8889,765.2449,765244.8999
1,795.0642,765.4202,765420.1999
1,795.1880,765.5440,765543.9999
1,795.2636,765.6196,765619.5999
1,795.3446,765.7006,765700.5999
1,795.4234,765.7794,765779.3999
1,795.5350,765.8910,765890.9999
1,795.5898,765.9458,765945.7999
1,795.6341,765.9901,765990.0999
1,795.8298,766.1858,766185.7999
1,795.8907,766.2467,766246.6999
1,795.9225,766.2785,766278.4999
1,796.3094,766.6654,766665.3999
1,796.4051,766.7611,766761.0999
1,796.5460,766.9020,766901.9999
1,796.6039,766.9599,766959.8999
1,796.7707,767.1267,767126.6999
1,796.8372,767.1932,767193.1999
1,796.8592,767.2152,767215.1999
1,796.8660,767.2220,767221.9999
1,796.8995,767.2555,767255.4999
1,796.9802,767.3362,767336.1999
1,796.9951,767.3511,767351.0999
1,797.0420,767.3980,767397.9999
1,797.1057,767.4617,767461.6999
1,797.1235,767.4795,767479.4999
1,797.3813,767.7373,767737.2999
1,797.4119,767.7679,767767.8999
1,797.5638,767.9198,767919.7999
1,797.6106,767.9666,767966.5999
1,797.6596,768.0156,768015.5999
1,797.8742,768.2302,768230.1999
1,797.9333,768.2893,768289.2999
1,798.1719,768.5279,768527.8999
1,798.2488,768.6048,768604.7999
1,798.2596,768.6156,768615.5999
1,798.4494,768.8054,768805.3999
1,798.5648,768.9208,768920.7999
1,798.5798,768.9358,768935.7999
1,798.8192,769.1752,769175.1999
1,799.0113,769.3673,769367.2999
1,799.1382,769.4942,769494.1999
1,799.1898,769.5458,769545.7999
1,799.2436,769.5996,769599.5999
1,799.3060,769.6620,769661.9999
1,799.3419,769.6979,769697.8999
1,799.5416,769.8976,769897.5999
1,799.5508,769.9068,769906.7999
1,799.6796,770.0356,770035.5999
1,799.6913,770.0473,770047.2999
1,799.7222,770.0782,770078.1999
1,799.8351,770.1911,770191.0999
1,799.8844,770.2404,770240.3999
1,799.8976,770.2536,770253.5999
1,799.9352,770.2912,770291.1999
1,800.0733,770.4293,770429.2999
1,800.0916,770.4476,770447.5999
1,800.1372,770.4932,770493.1999
1,800.1604,770.5164,770516.3999
1,800.1757,770.5317,770531.6999
1,800.2896,770.6456,770645.5999
1,800.3820,770.7380,770737.9999
1,800.5524,770.9084,770908.3999
1,800.6091,770.9651,770965.0999
1,800.7051,771.0611,771061.0999
1,800.7375,771.0935,771093.4999
1,800.8628,771.2188,771218.7999
1,800.8851,771.2411,771241.0999
1,800.8946,771.2506,771250.5999
1,800.9291,771.2851,771285.0999
1,800.9833,771.3393,771339.2999
1,801.0246,771.3806,771380.5999
1,801.0821,771.4381,771438.0999
1,801.0923,771.4483,771448.2999
1,801.1638,771.5198,771519.7999
1,801.2155,771.5715,771571.4999
1,801.2361,771.5921,771592.0999
1,801.3516,771.7076,771707.5999
1,801.6050,771.9610,771960.9999
1,801.6869,772.0429,772042.8999
1,801.8433,772.1993,772199.2999
1,801.9006,772.2566,772256.5999
1,802.0719,772.4279,772427.8999
1,802.1024,772.4584,772458.3999
1,802.1063,772.4623,772462.2999
1,802.2588,772.6148,772614.7999
1,802.3668,772.7228,772722.7999
1,802.4085,772.7645,772764.4999
1,802.4131,772.7691,772769.0999
1,802.4501,772.8061,772806.0999
1,802.4688,772.8248,772824.7999
1,802.6272,772.9832,772983.1999
1,802.6551,773.0111,773011.0999
1,802.7909,773.1469,773146.8999
1,802.7956,773.1516,773151.5999
1,802.8162,773.1722,773172.1999
1,802.8412,773.1972,773197.1999
1,803.0837,773.4397,773439.6999
1,803.2074,773.5634,773563.3999
1,803.2416,773.5976,773597.5999
1,803.2605,773.6165,773616.4999
1,803.2811,773.6371,773637.0999
1,803.3153,773.6713,773671.2999
1,803.3272,773.6832,773683.1999
1,803.6220,773.9780,773977.9999
1,803.7240,774.0800,774079.9999
1,803.7777,774.1337,774133.6999
1,804.0076,774.3636,774363.5999
1,804.0674,774.4234,774423.3999
1,804.1389,774.4949,774494.8999
1,804.2091,774.5651,774565.0999
1,804.2513,774.6073,774607.2999
1,804.3291,774.6851,774685.0999
1,804.3669,774.7229,774722.8999
1,804.4044,774.7604,774760.3999
1,804.5704,774.9264,774926.3999
1,804.5987,774.9547,774954.6999
1,804.6260,774.9820,774981.9999
1,804.6458,775.0018,775001.7999
1,804.7964,775.1524,775152.3999
1,804.8677,775.2237,775223.6999
1,804.9100,775.2660,775265.9999
1,804.9179,775.2739,775273.8999
1,804.9528,775.3088,775308.7999
1,805.0033,775.3593,775359.2999
1,805.0480,775.4040,775403.9999
1,805.1296,775.4856,775485.5999
1,805.1557,775.5117,775511.6999
1,805.5937,775.9497,775949.6999
1,805.6544,776.0104,776010.3999
1,805.6921,776.0481,776048.0999
1,805.7824,776.1384,776138.3999
1,805.9724,776.3284,776328.3999
1,806.2643,776.6203,776620.2999
1,806.3386,776.6946,776694.5999
1,806.3500,776.7060,776705.9999
1,806.4099,776.7659,776765.8999
1,806.4259,776.7819,776781.8999
1,806.4406,776.7966,776796.5999
1,806.4562,776.8122,776812.1999
1,806.4614,776.8174,776817.3999
1,806.7357,777.0917,777091.6999
1,806.9880,777.3440,777343.9999
1,807.2569,777.6129,777612.8999
1,807.2697,777.6257,777625.6999
1,807.2747,777.6307,777630.6999
1,807.3127,777.6687,777668.6999
1,807.3333,777.6893,777689.2999
1,807.3563,777.7123,777712.2999
1,807.3732,777.7292,777729.1999
1,807.4347,777.7907,777790.6999
1,807.6830,778.0390,778038.9999
1,807.8555,778.2115,778211.4999
1,807.8960,778.2520,778251.9999
1,807.9272,778.2832,778283.1999
1,808.1229,778.4789,778478.8999
1,808.1945,778.5505,778550.4999
1,808.2360,778.5920,778591.9999
1,808.2990,778.6550,778654.9999
1,808.3730,778.7290,778728.9999
1,808.5282,778.8842,778884.1999
1,808.5924,778.9484,778948.3999
1,808.6264,778.9824,778982.3999
1,808.6717,779.0277,779027.6999
1,808.8495,779.2055,779205.4999
1,808.8984,779.2544,779254.3999
1,809.0671,779.4231,779423.0999
1,809.0965,779.4525,779452.4999
1,809.4793,779.8353,779835.2999
1,809.5571,779.9131,779913.0999
1,809.6127,779.9687,779968.6999
1,809.8425,780.1985,780198.4999
1,809.8557,780.2117,780211.6999
1,809.8827,780.2387,780238.6999
1,810.0583,780.4143,780414.2999
1,810.0787,780.4347,780434.6999
1,810.1110,780.4670,780466.9999
1,810.1927,780.5487,780548.6999
1,810.2514,780.6074,780607.3999
1,810.2973,780.6533,780653.2999
1,810.3305,780.6865,780686.4999
1,810.3475,780.7035,780703.4999
1,810.3610,780.7170,780716.9999
1,810.7472,781.1032,781103.1999
1,810.8249,781.1809,781180.8999
1,810.9004,781.2564,781256.3999
1,810.9614,781.3174,781317.3999
1,811.0774,781.4334,781433.3999
1,811.2056,781.5616,781561.5999
1,811.3172,781.6732,781673.1999
1,811.4474,781.8034,781803.3999
1,811.4774,781.8334,781833.3999
1,811.6461,782.0021,782002.0999
1,811.8816,782.2376,782237.5999
1,811.9077,782.2637,782263.6999
1,811.9236,782.2796,782279.5999
1,812.0905,782.4465,782446.4999
1,812.1261,782.4821,782482.0999
1,812.1770,782.5330,782532.9999
1,812.2010,782.5570,782556.9999
1,812.2231,782.5791,782579.0999
1,812.2706,782.6266,782626.5999
1,812.2845,782.6405,782640.4999
1,812.3100,782.6660,782665.9999
1,812.3370,782.6930,782692.9999
1,812.3875,782.7435,782743.4999
1,812.7029,783.0589,783058.8999
1,813.0097,783.3657,783365.6999
1,813.1667,783.5227,783522.6999
1,813.2333,783.5893,783589.2999
1,813.2979,783.6539,783653.8999
1,813.3906,783.7466,783746.5999
1,813.4209,783.7769,783776.8999
1,813.4634,783.8194,783819.3999
1,813.5659,783.9219,783921.8999
1,813.6358,783.9918,783991.7999
1,813.9000,784.2560,784255.9999
1,814.0310,784.3870,784386.9999
1,814.0382,784.3942,784394.1999
1,814.1170,784.4730,784472.9999
1,814.1657,784.5217,784521.6999
1,814.1889,784.5449,784544.8999
1,814.2214,784.5774,784577.3999
1,814.2651,784.6211,784621.0999
1,814.2920,784.6480,784647.9999
1,814.3419,784.6979,784697.8999
1,814.3762,784.7322,784732.1999
1,814.4125,784.7685,784768.4999
1,814.7675,785.1235,785123.4999
1,814.8161,785.1721,785172.0999
1,815.0039,785.3599,785359.8999
1,815.0871,785.4431,785443.0999
1,815.2110,785.5670,785566.9999
1,815.2988,785.6548,785654.7999
1,815.5042,785.8602,785860.1999
1,815.6420,785.9980,785997.9999
1,815.7823,786.1383,786138.2999
1,816.3451,786.7011,786701.0999
1,816.3605,786.7165,786716.4999
1,816.4454,786.8014,786801.3999
1,816.4876,786.8436,786843.5999
1,816.8038,787.1598,787159.7999
1,816.8080,787.1640,787163.9999
1,816.8315,787.1875,787187.4999
1,817.1008,787.4568,787456.7999
1,817.1293,787.4853,787485.2999
1,817.2093,787.5653,787565.2999
1,817.3380,787.6940,787693.9999
1,817.4137,787.7697,787769.6999
1,817.4416,787.7976,787797.5999
1,817.6002,787.9562,787956.1999
1,817.6216,787.9776,787977.5999
1,817.9026,788.2586,788258.5999
1,817.9355,788.2915,788291.4999
1,817.9493,788.3053,788305.2999
1,818.1646,788.5206,788520.5999
1,818.2682,788.6242,788624.1999
1,818.3085,788.6645,788664.4999
1,818.3451,788.7011,788701.0999
1,818.4952,788.8512,788851.1999
1,818.6324,788.9884,788988.3999
1,818.6565,789.0125,789012.4999
1,818.7646,789.1206,789120.5999
1,818.9354,789.2914,789291.3999
1,819.2034,789.5594,789559.3999
1,819.2823,789.6383,789638.2999
1,819.4069,789.7629,789762.8999
1,819.4499,789.8059,789805.8999
1,819.4784,789.8344,789834.3999
1,819.5048,789.8608,789860.7999
1,819.5420,789.8980,789897.9999
1,819.7571,790.1131,790113.0999
1,819.8134,790.1694,790169.3999
1,819.9189,790.2749,790274.8999
1,819.9747,790.3307,790330.6999
1,820.0113,790.3673,790367.2999
1,820.0373,790.3933,790393.2999
1,820.1151,790.4711,790471.0999
1,820.1640,790.5200,790519.9999
1,820.2543,790.6103,790610.2999
1,820.5867,790.9427,790942.6999
1,820.9864,791.3424,791342.3999
1,820.9959,791.3519,791351.8999
1,821.2390,791.5950,791594.9999
1,821.2932,791.6492,791649.1999
1,821.3010,791.6570,791656.9999
1,821.3098,791.6658,791665.7999
1,821.4320,791.7880,791787.9999
1,821.5458,791.9018,791901.7999
1,821.5946,791.9506,791950.5999
1,821.6075,791.9635,791963.4999
1,821.6220,791.9780,791977.9999
1,821.7004,792.0564,792056.3999
1,821.8335,792.1895,792189.4999
1,821.8972,792.2532,792253.1999
1,821.9196,792.2756,792275.5999
1,822.0121,792.3681,792368.0999
1,822.0968,792.4528,792452.7999
1,822.2295,792.5855,792585.4999
1,822.2611,792.6171,792617.0999
1,822.3779,792.7339,792733.8999
1,822.4671,792.8231,792823.0999
1,822.5230,792.8790,792878.9999
1,822.6102,792.9662,792966.1999
1,822.8809,793.2369,793236.8999
1,822.9425,793.2985,793298.4999
1,823.0014,793.3574,793357.3999
1,823.3901,793.7461,793746.0999
1,823.4300,793.7860,793785.9999
1,823.5740,793.9300,793929.9999
1,823.8265,794.1825,794182.4999
1,824.0155,794.3715,794371.4999
1,824.0512,794.4072,794407.1999
1,824.0607,794.4167,794416.6999
1,824.2925,794.6485,794648.4999
1,824.3629,794.7189,794718.8999
1,824.4010,794.7570,794756.9999
1,824.4492,794.8052,794805.1999
1,824.6063,794.9623,794962.2999
1,824.8363,795.1923,795192.2999
1,824.9749,795.3309,795330.8999
1,825.1691,795.5251,795525.0999
1,825.2223,795.5783,795578.2999
1,825.3371,795.6931,795693.0999
1,825.3772,795.7332,795733.1999
1,825.6632,796.0192,796019.1999
1,825.7440,796.1000,796099.9999
1,825.8341,796.1901,796190.0999
1,825.9154,796.2714,796271.3999
1,826.0375,796.3935,796393.4999
1,826.0801,796.4361,796436.0999
1,826.1127,796.4687,796468.6999
1,826.1516,796.5076,796507.5999
1,826.3110,796.6670,796666.9999
1,826.3352,796.6912,796691.1999
1,826.5269,796.8829,796882.8999
1,826.5693,796.9253,796925.2999
1,826.6575,797.0135,797013.4999
1,826.8980,797.2540,797253.9999
1,826.9314,797.2874,797287.3999
1,826.9490,797.3050,797304.9999
1,827.0724,797.4284,797428.3999
1,827.1021,797.4581,797458.0999
1,827.3169,797.6729,797672.8999
1,827.3610,797.7170,797716.9999
1,827.4796,797.8356,797835.5999
1,827.6409,797.9969,797996.8999
1,827.6923,798.0483,798048.2999
1,827.8748,798.2308,798230.7999
1,828.0582,798.4142,798414.1999
1,828.1166,798.4726,798472.5999
1,828.2483,798.6043,798604.2999
1,828.4534,798.8094,798809.3999
1,828.4744,798.8304,798830.3999
1,828.5230,798.8790,798878.9999
1,828.6629,799.0189,799018.8999
1,828.6790,799.0350,799034.9999
1,828.8816,799.2376,799237.5999
1,829.0401,799.3961,799396.0999
1,829.0594,799.4154,799415.3999
1,829.0822,799.4382,799438.1999
1,829.1588,799.5148,799514.7999
1,829.2909,799.6469,799646.8999
1,829.4273,799.7833,799783.2999
1,829.5671,799.9231,799923.0999
1,829.5869,799.9429,799942.8999
1,829.7252,800.0812,800081.1999
1,829.7295,800.0855,800085.4999
1,829.7642,800.1202,800120.1999
1,829.7734,800.1294,800129.3999
1,829.8189,800.1749,800174.8999
1,829.9423,800.2983,800298.2999
1,829.9649,800.3209,800320.8999
1,829.9837,800.3397,800339.6999
1,829.9926,800.3486,800348.5999
1,830.0375,800.3935,800393.4999
1,830.2432,800.5992,800599.1999
1,830.3418,800.6978,800697.7999
1,830.3789,800.7349,800734.8999
1,830.4324,800.7884,800788.3999
1,830.4923,800.8483,800848.2999
1,830.5195,800.8755,800875.4999
1,830.5832,800.9392,800939.1999
1,830.7297,801.0857,801085.6999
1,830.7874,801.1434,801143.3999
1,830.8178,801.1738,801173.7999
1,830.8645,801.2205,801220.4999
1,830.8886,801.2446,801244.5999
1,830.9355,801.2915,801291.4999
1,830.9624,801.3184,801318.3999
1,831.2091,801.5651,801565.0999
1,831.2910,801.6470,801646.9999
1,831.3776,801.7336,801733.5999
1,831.4009,801.7569,801756.8999
1,831.5500,801.9060,801905.9999
1,831.5990,801.9550,801954.9999
1,831.6117,801.9677,801967.6999
1,831.6406,801.9966,801996.5999
1,831.6578,802.0138,802013.7999
1,831.8013,802.1573,802157.2999
1,831.8191,802.1751,802175.0999
1,831.8300,802.1860,802185.9999
1,831.8525,802.2085,802208.4999
1,832.0720,802.4280,802427.9999
1,832.1626,802.5186,802518.5999
1,832.2145,802.5705,802570.4999
1,832.2478,802.6038,802603.7999
1,832.3946,802.7506,802750.5999
1,832.6051,802.9611,802961.0999
1,832.6392,802.9952,802995.1999
1,832.6752,803.0312,803031.1999
1,832.7103,803.0663,803066.2999
1,832.8672,803.2232,803223.1999
1,832.8993,803.2553,803255.2999
1,832.9534,803.3094,803309.3999
1,833.0353,803.3913,803391.2999
1,833.1249,803.4809,803480.8999
1,833.4744,803.8304,803830.3999
1,833.5188,803.8748,803874.7999
1,833.5271,803.8831,803883.0999
1,833.5846,803.9406,803940.5999
1,833.7224,804.0784,804078.3999
1,833.7735,804.1295,804129.4999
1,833.9338,804.2898,804289.7999
1,834.0733,804.4293,804429.2999
1,834.1581,804.5141,804514.0999
1,834.2051,804.5611,804561.0999
1,834.3099,804.6659,804665.8999
1,834.4104,804.7664,804766.3999
1,834.4524,804.8084,804808.3999
1,834.7017,805.0577,805057.6999
1,834.7759,805.1319,805131.8999
1,834.8074,805.1634,805163.3999
1,834.8391,805.1951,805195.0999
1,834.9410,805.2970,805296.9999
1,834.9667,805.3227,805322.6999
1,835.0327,805.3887,805388.6999
1,835.0732,805.4292,805429.1999
1,835.1468,805.5028,805502.7999
1,835.2027,805.5587,805558.6999
1,835.4509,805.8069,805806.8999
1,835.5371,805.8931,805893.0999
1,835.7034,806.0594,806059.3999
1,835.8017,806.1577,806157.6999
1,836.0197,806.3757,806375.6999
1,836.0898,806.4458,806445.7999
1,836.1342,806.4902,806490.1999
1,836.1709,806.5269,806526.8999
1,836.2110,806.5670,806566.9999
1,836.2736,806.6296,806629.5999
1,836.3749,806.7309,806730.8999
1,836.4683,806.8243,806824.2999
1,836.4971,806.8531,806853.0999
1,836.5072,806.8632,806863.1999
1,836.5232,806.8792,806879.1999
1,836.5880,806.9440,806943.9999
1,836.6234,806.9794,806979.3999
1,836.6595,807.0155,807015.4999
1,836.7871,807.1431,807143.0999
1,837.2670,807.6230,807622.9999
1,837.3839,807.7399,807739.8999
1,837.4432,807.7992,807799.1999
1,837.5305,807.8865,807886.4999
1,837.5795,807.9355,807935.4999
1,837.5989,807.9549,807954.8999
1,837.7898,808.1458,808145.7999
1,837.8025,808.1585,808158.4999
1,837.8295,808.1855,808185.4999
1,837.8590,808.2150,808214.9999
1,838.0357,808.3917,808391.6999
1,838.2185,808.5745,808574.4999
1,838.2662,808.6222,808622.1999
1,838.2903,808.6463,808646.2999
1,838.3606,808.7166,808716.5999
1,838.3935,808.7495,808749.4999
1,838.4173,808.7733,808773.2999
1,838.4341,808.7901,808790.0999
1,838.4978,808.8538,808853.7999
1,838.7623,809.1183,809118.2999
1,838.8068,809.1628,809162.7999
1,839.0084,809.3644,809364.3999
1,839.0524,809.4084,809408.3999
1,839.1060,809.4620,809461.9999
1,839.1205,809.4765,809476.4999
1,839.1442,809.5002,809500.1999
1,839.1651,809.5211,809521.0999
1,839.1743,809.5303,809530.2999
1,839.1971,809.5531,809553.0999
1,839.4288,809.7848,809784.7999
1,839.5539,809.9099,809909.8999
1,839.6670,810.0230,810022.9999
1,839.7831,810.1391,810139.0999
1,839.8037,810.1597,810159.6999
1,839.9930,810.3490,810348.9999
1,840.2462,810.6022,810602.1999
1,840.2773,810.6333,810633.2999
1,840.4188,810.7748,810774.7999
1,840.5738,810.9298,810929.7999
1,840.5947,810.9507,810950.6999
1,840.6422,810.9982,810998.1999
1,840.6723,811.0283,811028.2999
1,840.7193,811.0753,811075.2999
1,840.8656,811.2216,811221.5999
1,840.9763,811.3323,811332.2999
1,841.0905,811.4465,811446.4999
1,841.1166,811.4726,811472.5999
1,841.1517,811.5077,811507.6999
1,841.2427,811.5987,811598.6999
1,841.4831,811.8391,811839.0999
1,841.7003,812.0563,812056.2999
1,841.7191,812.0751,812075.0999
1,841.7276,812.0836,812083.5999
1,841.7704,812.1264,812126.3999
1,841.8920,812.2480,812247.9999
1,842.2567,812.6127,812612.6999
1,842.2882,812.6442,812644.1999
1,842.3645,812.7205,812720.4999
1,842.5480,812.9040,812903.9999
1,842.7645,813.1205,813120.4999
1,842.8538,813.2098,813209.7999
1,842.9311,813.2871,813287.0999
1,843.0539,813.4099,813409.8999
1,843.1971,813.5531,813553.0999
1,843.2702,813.6262,813626.1999
1,843.3411,813.6971,813697.0999
1,843.4429,813.7989,813798.8999
1,843.5411,813.8971,813897.0999
1,843.7452,814.1012,814101.1999
1,843.8442,814.2002,814200.1999
1,843.8556,814.2116,814211.5999
1,843.8806,814.2366,814236.5999
1,843.9627,814.3187,814318.6999
1,844.0233,814.3793,814379.2999
1,844.0496,814.4056,814405.5999
1,844.2326,814.5886,814588.5999
1,844.2536,814.6096,814609.5999
1,844.3279,814.6839,814683.8999
1,844.4866,814.8426,814842.5999
1,844.6137,814.9697,814969.6999
1,844.7793,815.1353,815135.2999
1,844.8269,815.1829,815182.8999
1,844.8973,815.2533,815253.2999
1,844.9152,815.2712,815271.1999
1,844.9783,815.3343,815334.2999
1,845.3650,815.7210,815720.9999
1,845.3909,815.7469,815746.8999
1,845.4227,815.7787,815778.6999
1,845.4508,815.8068,815806.7999
1,845.6930,816.0490,816048.9999
1,845.7814,816.1374,816137.3999
1,846.0009,816.3569,816356.8999
1,846.0221,816.3781,816378.0999
1,846.0449,816.4009,816400.8999
1,846.0840,816.4400,816439.9999
1,846.1077,816.4637,816463.6999
1,846.4048,816.7608,816760.7999
1,846.4711,816.8271,816827.0999
1,846.5531,816.9091,816909.0999
1,846.7201,817.0761,817076.0999
1,846.8861,817.2421,817242.0999
1,846.9072,817.2632,817263.1999
1,846.9518,817.3078,817307.7999
1,847.1161,817.4721,817472.0999
1,847.1528,817.5088,817508.7999
1,847.2934,817.6494,817649.3999
1,847.3294,817.6854,817685.3999
1,847.3855,817.7415,817741.4999
1,847.5967,817.9527,817952.6999
1,847.7251,818.0811,818081.0999
1,847.7835,818.1395,818139.4999
1,847.8041,818.1601,818160.0999
1,848.1716,818.5276,818527.5999
1,848.1968,818.5528,818552.7999
1,848.4242,818.7802,818780.1999
1,848.5111,818.8671,818867.0999
1,848.5936,818.9496,818949.5999
1,848.6456,819.0016,819001.5999
1,848.9199,819.2759,819275.8999
1,848.9460,819.3020,819301.9999
1,849.0668,819.4228,819422.7999
1,849.2272,819.5832,819583.1999
1,849.3171,819.6731,819673.0999
1,849.4165,819.7725,819772.4999
1,849.4673,819.8233,819823.2999
1,849.5440,819.9000,819899.9999
1,849.5790,819.9350,819934.9999
1,849.6342,819.9902,819990.1999
1,849.7683,820.1243,820124.2999
1,849.8151,820.1711,820171.0999
1,849.8200,820.1760,820175.9999
1,849.8700,820.2260,820225.9999
1,849.9182,820.2742,820274.1999
1,849.9680,820.3240,820323.9999
1,849.9902,820.3462,820346.1999
1,850.0374,820.3934,820393.3999
1,850.1149,820.4709,820470.8999
1,850.1393,820.4953,820495.2999
1,850.2695,820.6255,820625.4999
1,850.3310,820.6870,820686.9999
1,850.7848,821.1408,821140.7999
1,850.9232,821.2792,821279.1999
1,850.9998,821.3558,821355.7999
1,851.1495,821.5055,821505.4999
1,851.1971,821.5531,821553.0999
1,851.2159,821.5719,821571.8999
1,851.2364,821.5924,821592.3999
1,851.2562,821.6122,821612.1999
1,851.3412,821.6972,821697.1999
1,851.3904,821.7464,821746.3999
1,851.6250,821.9810,821980.9999
1,851.7046,822.0606,822060.5999
1,851.7572,822.1132,822113.1999
1,851.7773,822.1333,822133.2999
1,851.8492,822.2052,822205.1999
1,851.9878,822.3438,822343.7999
1,852.0510,822.4070,822406.9999
1,852.2034,822.5594,822559.3999
1,852.2884,822.6444,822644.3999
1,852.6180,822.9740,822973.9999
1,852.6793,823.0353,823035.2999
1,852.8964,823.2524,823252.3999
1,852.9361,823.2921,823292.0999
1,852.9900,823.3460,823345.9999
1,853.0449,823.4009,823400.8999
1,853.2685,823.6245,823624.4999
1,853.4890,823.8450,823844.9999
1,853.5831,823.9391,823939.0999
1,853.7758,824.1318,824131.7999
1,853.8162,824.1722,824172.1999
1,853.9198,824.2758,824275.7999
1,854.0745,824.4305,824430.4999
1,854.1370,824.4930,824492.9999
1,854.1854,824.5414,824541.3999
1,854.3866,824.7426,824742.5999
1,854.4072,824.7632,824763.1999
1,854.5468,824.9028,824902.7999
1,854.6411,824.9971,824997.0999
1,854.9752,825.3312,825331.1999
1,855.0891,825.4451,825445.0999
1,855.2835,825.6395,825639.4999
1,855.3899,825.7459,825745.8999
1,855.4313,825.7873,825787.2999
1,855.5167,825.8727,825872.6999
1,855.5632,825.9192,825919.1999
1,855.6130,825.9690,825968.9999
1,855.7443,826.1003,826100.2999
1,855.7806,826.1366,826136.5999
1,855.8505,826.2065,826206.4999
1,855.8863,826.2423,826242.2999
1,855.9349,826.2909,826290.8999
1,856.0104,826.3664,826366.3999
1,856.2115,826.5675,826567.4999
1,856.2327,826.5887,826588.6999
1,856.2670,826.6230,826622.9999
1,856.3265,826.6825,826682.4999
1,856.3928,826.7488,826748.7999
1,856.5228,826.8788,826878.7999
1,856.5759,826.9319,826931.8999
1,856.6878,827.0438,827043.7999
1,856.8889,827.2449,827244.8999
1,856.9982,827.3542,827354.1999
1,857.0361,827.3921,827392.0999
1,857.1601,827.5161,827516.0999
1,857.3725,827.7285,827728.4999
1,857.5919,827.9479,827947.8999
1,857.7571,828.1131,828113.0999
1,857.8885,828.2445,828244.4999
1,857.9889,828.3449,828344.8999
1,858.0181,828.3741,828374.0999
1,858.0523,828.4083,828408.2999
1,858.2154,828.5714,828571.3999
1,858.2676,828.6236,828623.5999
1,858.3115,828.6675,828667.4999
1,858.4149,828.7709,828770.8999
1,858.4514,828.8074,828807.3999
1,858.4807,828.8367,828836.6999
1,858.6381,828.9941,828994.0999
1,858.6477,829.0037,829003.6999
1,858.9208,829.2768,829276.7999
1,859.1815,829.5375,829537.4999
1,859.2147,829.5707,829570.6999
1,859.2399,829.5959,829595.8999
1,859.2699,829.6259,829625.8999
1,859.2859,829.6419,829641.8999
1,859.2996,829.6556,829655.5999
1,859.4792,829.8352,829835.1999
1,859.5025,829.8585,829858.4999
1,859.5291,829.8851,829885.0999
1,859.7367,830.0927,830092.6999
1,859.9652,830.3212,830321.1999
1,859.9778,830.3338,830333.7999
1,859.9874,830.3434,830343.3999
1,860.0185,830.3745,830374.4999
1,860.4837,830.8397,830839.6999
1,860.5708,830.9268,830926.7999
1,860.6961,831.0521,831052.0999
1,860.7178,831.0738,831073.7999
1,860.9220,831.2780,831277.9999
1,861.0224,831.3784,831378.3999
1,861.3860,831.7420,831741.9999
1,861.4613,831.8173,831817.2999
1,861.5451,831.9011,831901.0999
1,861.5980,831.9540,831953.9999
1,861.7393,832.0953,832095.2999
1,861.7600,832.1160,832115.9999
1,861.7810,832.1370,832136.9999
1,861.9332,832.2892,832289.1999
1,861.9565,832.3125,832312.4999
1,862.0996,832.4556,832455.5999
1,862.2677,832.6237,832623.6999
1,862.2841,832.6401,832640.0999
1,862.2927,832.6487,832648.6999
1,862.2993,832.6553,832655.2999
1,862.3069,832.6629,832662.8999
1,862.3110,832.6670,832666.9999
1,862.3197,832.6757,832675.6999
1,862.5431,832.8991,832899.0999
1,862.5572,832.9132,832913.1999
1,862.5818,832.9378,832937.7999
1,862.8062,833.1622,833162.1999
1,862.9122,833.2682,833268.1999
1,862.9819,833.3379,833337.8999
1,863.0481,833.4041,833404.0999
1,863.2223,833.5783,833578.2999
1,863.2471,833.6031,833603.0999
1,863.4285,833.7845,833784.4999
1,863.4422,833.7982,833798.1999
1,863.5472,833.9032,833903.1999
1,863.5733,833.9293,833929.2999
1,863.6688,834.0248,834024.7999
1,863.8782,834.2342,834234.1999
1,863.8996,834.2556,834255.5999
1,864.0774,834.4334,834433.3999
1,864.1824,834.5384,834538.3999
1,864.3004,834.6564,834656.3999
1,864.4124,834.7684,834768.3999
1,864.4470,834.8030,834802.9999
1,864.4791,834.8351,834835.0999
1,864.5352,834.8912,834891.1999
1,864.6540,835.0100,835009.9999
1,864.6793,835.0353,835035.2999
1,864.6972,835.0532,835053.1999
1,865.0874,835.4434,835443.3999
1,865.1042,835.4602,835460.1999
1,865.2783,835.6343,835634.2999
1,865.3042,835.6602,835660.1999
1,865.3426,835.6986,835698.5999
1,865.3893,835.7453,835745.2999
1,865.4235,835.7795,835779.4999
1,865.6286,835.9846,835984.5999
1,865.9566,836.3126,836312.5999
1,865.9947,836.3507,836350.6999
1,866.0228,836.3788,836378.7999
1,866.0638,836.4198,836419.7999
1,866.0923,836.4483,836448.2999
1,866.1027,836.4587,836458.6999
1,866.1806,836.5366,836536.5999
1,866.3013,836.6573,836657.2999
1,866.4076,836.7636,836763.5999
1,866.4260,836.7820,836781.9999
1,866.4796,836.8356,836835.5999
1,866.6498,837.0058,837005.7999
1,866.6785,837.0345,837034.4999
1,866.7005,837.0565,837056.4999
1,866.8645,837.2205,837220.4999
1,866.9294,837.2854,837285.3999
1,867.0937,837.4497,837449.6999
1,867.1882,837.5442,837544.1999
1,867.4707,837.8267,837826.6999
1,867.5834,837.9394,837939.3999
1,867.6010,837.9570,837956.9999
1,867.6267,837.9827,837982.6999
1,867.7368,838.0928,838092.7999
1,867.7703,838.1263,838126.2999
1,867.7978,838.1538,838153.7999
1,867.9001,838.2561,838256.0999
1,868.0989,838.4549,838454.8999
1,868.1500,838.5060,838505.9999
1,868.2767,838.6327,838632.6999
1,868.4725,838.8285,838828.4999
1,868.6346,838.9906,838990.5999
1,868.6608,839.0168,839016.7999
1,868.9443,839.3003,839300.2999
1,869.1854,839.5414,839541.3999
1,869.2495,839.6055,839605.4999
1,869.2865,839.6425,839642.4999
1,869.3260,839.6820,839681.9999
1,869.3380,839.6940,839693.9999
1,869.5555,839.9115,839911.4999
1,869.6970,840.0530,840052.9999
1,869.7506,840.1066,840106.5999
1,869.7934,840.1494,840149.3999
1,870.0163,840.3723,840372.2999
1,870.1967,840.5527,840552.6999
1,870.2339,840.5899,840589.8999
1,870.3525,840.7085,840708.4999
1,870.4102,840.7662,840766.1999
1,870.4976,840.8536,840853.5999
1,870.5427,840.8987,840898.6999
1,870.6106,840.9666,840966.5999
1,870.6854,841.0414,841041.3999
1,870.8625,841.2185,841218.4999
1,870.8799,841.2359,841235.8999
1,871.2326,841.5886,841588.5999
1,871.2951,841.6511,841651.0999
1,871.3949,841.7509,841750.8999
1,871.4388,841.7948,841794.7999
1,871.4663,841.8223,841822.2999
1,871.5073,841.8633,841863.2999
1,871.7739,842.1299,842129.8999
1,871.9121,842.2681,842268.0999
1,871.9366,842.2926,842292.5999
1,871.9628,842.3188,842318.7999
1,872.0384,842.3944,842394.3999
1,872.0834,842.4394,842439.3999
1,872.1031,842.4591,842459.0999
1,872.1400,842.4960,842495.9999
1,872.3252,842.6812,842681.1999
1,872.4719,842.8279,842827.8999
1,872.5505,842.9065,842906.4999
1,872.5919,842.9479,842947.8999
1,872.5987,842.9547,842954.6999
1,872.6293,842.9853,842985.2999
1,872.8242,843.1802,843180.1999
1,872.8963,843.2523,843252.2999
1,873.0444,843.4004,843400.3999
1,873.0894,843.4454,843445.3999
1,873.2637,843.6197,843619.6999
1,873.5471,843.9031,843903.0999
1,873.5787,843.9347,843934.6999
1,873.6240,843.9800,843979.9999
1,873.8204,844.1764,844176.3999
1,873.9377,844.2937,844293.6999
1,873.9925,844.3485,844348.4999
1,874.0864,844.4424,844442.3999
1,874.1201,844.4761,844476.0999
1,874.4175,844.7735,844773.4999
1,874.7501,845.1061,845106.0999
1,874.7602,845.1162,845116.1999
1,874.7681,845.1241,845124.0999
1,874.7747,845.1307,845130.6999
1,874.7886,845.1446,845144.5999
1,874.8440,845.2000,845199.9999
1,875.0314,845.3874,845387.3999
1,875.0639,845.4199,845419.8999
1,875.3306,845.6866,845686.5999
1,875.4333,845.7893,845789.2999
1,875.5044,845.8604,845860.3999
1,875.6483,846.0043,846004.2999
1,875.6641,846.0201,846020.0999
1,875.6721,846.0281,846028.0999
1,875.6775,846.0335,846033.4999
1,875.6899,846.0459,846045.8999
1,875.7030,846.0590,846058.9999
1,875.9571,846.3131,846313.0999
1,876.1148,846.4708,846470.7999
1,876.4506,846.8066,846806.5999
1,876.6388,846.9948,846994.7999
1,876.6667,847.0227,847022.6999
1,876.8408,847.1968,847196.7999
1,876.8972,847.2532,847253.1999
1,876.9687,847.3247,847324.6999
1,877.0204,847.3764,847376.3999
1,877.1848,847.5408,847540.7999
1,877.2236,847.5796,847579.5999
1,877.3408,847.6968,847696.7999
1,877.3956,847.7516,847751.5999
1,877.5797,847.9357,847935.6999
1,877.9530,848.3090,848308.9999
1,878.0103,848.3663,848366.2999
1,878.0372,848.3932,848393.1999
1,878.0821,848.4381,848438.0999
1,878.2611,848.6171,848617.0999
1,878.3459,848.7019,848701.8999
1,878.4565,848.8125,848812.4999
1,878.4876,848.8436,848843.5999
1,878.5148,848.8708,848870.7999
1,878.5821,848.9381,848938.0999
1,878.6238,848.9798,848979.7999
1,878.7711,849.1271,849127.0999
1,878.9504,849.3064,849306.3999
1,879.2591,849.6151,849615.0999
1,879.2946,849.6506,849650.5999
1,879.7701,850.1261,850126.0999
1,879.8238,850.1798,850179.7999
1,879.8350,850.1910,850190.9999
1,879.9664,850.3224,850322.3999
1,879.9885,850.3445,850344.4999
1,880.0573,850.4133,850413.2999
1,880.1042,850.4602,850460.1999
1,880.2438,850.5998,850599.7999
1,880.2721,850.6281,850628.0999
1,880.4425,850.7985,850798.4999
1,880.7729,851.1289,851128.8999
1,880.8887,851.2447,851244.6999
1,880.9314,851.2874,851287.3999
1,880.9990,851.3550,851354.9999
1,881.2455,851.6015,851601.4999
1,881.3944,851.7504,851750.3999
1,881.4497,851.8057,851805.6999
1,881.6558,852.0118,852011.7999
1,881.6660,852.0220,852021.9999
1,881.7030,852.0590,852058.9999
1,881.8679,852.2239,852223.8999
1,881.9307,852.2867,852286.6999
1,882.0006,852.3566,852356.5999
1,882.0323,852.3883,852388.2999
1,882.1096,852.4656,852465.5999
1,882.3651,852.7211,852721.0999
1,882.5147,852.8707,852870.6999
1,882.5561,852.9121,852912.0999
1,882.6858,853.0418,853041.7999
1,882.7086,853.0646,853064.5999
1,882.7273,853.0833,853083.2999
1,883.1371,853.4931,853493.0999
1,883.1863,853.5423,853542.2999
1,883.2159,853.5719,853571.8999
1,883.2797,853.6357,853635.6999
1,883.4652,853.8212,853821.1999
1,883.6991,854.0551,854055.0999
1,883.8378,854.1938,854193.7999
1,883.9795,854.3355,854335.4999
1,884.0260,854.3820,854381.9999
1,884.0684,854.4244,854424.3999
1,884.0851,854.4411,854441.0999
1,884.2072,854.5632,854563.1999
1,884.6364,854.9924,854992.3999
1,884.6766,855.0326,855032.5999
1,884.6901,855.0461,855046.0999
1,884.7396,855.0956,855095.5999
1,884.7950,855.1510,855150.9999
1,885.0421,855.3981,855398.0999
1,885.0765,855.4325,855432.4999
1,885.1141,855.4701,855470.0999
1,885.1175,855.4735,855473.4999
1,885.3612,855.7172,855717.1999
1,885.6344,855.9904,855990.3999
1,885.6761,856.0321,856032.0999
1,885.7797,856.1357,856135.6999
1,886.3188,856.6748,856674.7999
1,886.3445,856.7005,856700.4999
1,886.4443,856.8003,856800.2999
1,886.6407,856.9967,856996.6999
1,886.8086,857.1646,857164.5999
1,886.8249,857.1809,857180.8999
1,886.8510,857.2070,857206.9999
1,887.0976,857.4536,857453.5999
1,887.1421,857.4981,857498.0999
1,887.2058,857.5618,857561.7999
1,887.2499,857.6059,857605.8999
1,887.2801,857.6361,857636.0999
1,887.3023,857.6583,857658.2999
1,887.3772,857.7332,857733.1999
1,887.5075,857.8635,857863.4999
1,887.5189,857.8749,857874.8999
1,887.5360,857.8920,857891.9999
1,887.5551,857.9111,857911.0999
1,887.5841,857.9401,857940.0999
1,887.7530,858.1090,858108.9999
1,887.7706,858.1266,858126.5999
1,887.9546,858.3106,858310.5999
1,888.0147,858.3707,858370.6999
1,888.0907,858.4467,858446.6999
1,888.1743,858.5303,858530.2999
1,888.1998,858.5558,858555.7999
1,888.2112,858.5672,858567.1999
1,888.2297,858.5857,858585.6999
1,888.5150,858.8710,858870.9999
1,888.6608,859.0168,859016.7999
1,888.7831,859.1391,859139.0999
1,888.8245,859.1805,859180.4999
1,888.8782,859.2342,859234.1999
1,888.9409,859.2969,859296.8999
1,889.0635,859.4195,859419.4999
1,889.2090,859.5650,859564.9999
1,889.2424,859.5984,859598.3999
1,889.2653,859.6213,859621.2999
1,889.3233,859.6793,859679.2999
1,889.5046,859.8606,859860.5999
1,889.6668,860.0228,860022.7999
1,889.8584,860.2144,860214.3999
1,889.8828,860.2388,860238.7999
1,890.0186,860.3746,860374.5999
1,890.0441,860.4001,860400.0999
1,890.2907,860.6467,860646.6999
1,890.3079,860.6639,860663.8999
1,890.4140,860.7700,860769.9999
1,890.4463,860.8023,860802.2999
1,890.7481,861.1041,861104.0999
1,890.9276,861.2836,861283.5999
1,891.0157,861.3717,861371.6999
1,891.0395,861.3955,861395.4999
1,891.0575,861.4135,861413.4999
1,891.1019,861.4579,861457.8999
1,891.2957,861.6517,861651.6999
1,891.3874,861.7434,861743.3999
1,891.7938,862.1498,862149.7999
1,891.9372,862.2932,862293.1999
1,892.0111,862.3671,862367.0999
1,892.1240,862.4800,862479.9999
1,892.1679,862.5239,862523.8999
1,892.1936,862.5496,862549.5999
1,892.3144,862.6704,862670.3999
1,892.3982,862.7542,862754.1999
1,892.4178,862.7738,862773.7999
1,892.5181,862.8741,862874.0999
1,892.6013,862.9573,862957.2999
1,893.0795,863.4355,863435.4999
1,893.1786,863.5346,863534.5999
1,893.3200,863.6760,863675.9999
1,893.4604,863.8164,863816.3999
1,893.6605,864.0165,864016.4999
1,893.6689,864.0249,864024.8999
1,893.8677,864.2237,864223.6999
1,893.8896,864.2456,864245.5999
1,893.9006,864.2566,864256.5999
1,893.9217,864.2777,864277.6999
1,893.9582,864.3142,864314.1999
1,894.0054,864.3614,864361.3999
1,894.0567,864.4127,864412.6999
1,894.2215,864.5775,864577.4999
1,894.2557,864.6117,864611.6999
1,894.2862,864.6422,864642.1999
1,894.3645,864.7205,864720.4999
1,894.4879,864.8439,864843.8999
1,894.6148,864.9708,864970.7999
1,894.6329,864.9889,864988.8999
1,894.6580,865.0140,865013.9999
1,894.6945,865.0505,865050.4999
1,894.7170,865.0730,865072.9999
1,894.8990,865.2550,865254.9999
1,894.9105,865.2665,865266.4999
1,894.9355,865.2915,865291.4999
1,894.9625,865.3185,865318.4999
1,895.1062,865.4622,865462.1999
1,895.3062,865.6622,865662.1999
1,895.3197,865.6757,865675.6999
1,895.3874,865.7434,865743.3999
1,895.4082,865.7642,865764.1999
1,895.5556,865.9116,865911.5999
1,895.7223,866.0783,866078.2999
1,895.7305,866.0865,866086.4999
1,895.7560,866.1120,866111.9999
1,895.7690,866.1250,866124.9999
1,895.9840,866.3400,866339.9999
1,896.0346,866.3906,866390.5999
1,896.2798,866.6358,866635.7999
1,896.3643,866.7203,866720.2999
1,896.4559,866.8119,866811.8999
1,896.5775,866.9335,866933.4999
1,896.6024,866.9584,866958.3999
1,896.6959,867.0519,867051.8999
1,896.7561,867.1121,867112.0999
1,896.7821,867.1381,867138.0999
1,896.7869,867.1429,867142.8999
1,896.8731,867.2291,867229.0999
1,896.9836,867.3396,867339.5999
1,897.1256,867.4816,867481.5999
1,897.3288,867.6848,867684.7999
1,897.4640,867.8200,867819.9999
1,897.5256,867.8816,867881.5999
1,897.5662,867.9222,867922.1999
1,897.5920,867.9480,867947.9999
1,897.8167,868.1727,868172.6999
1,897.9077,868.2637,868263.6999
1,897.9861,868.3421,868342.0999
1,898.0800,868.4360,868435.9999
1,898.1220,868.4780,868477.9999
1,898.2809,868.6369,868636.8999
1,898.3015,868.6575,868657.4999
1,898.3719,868.7279,868727.8999
1,898.3838,868.7398,868739.7999
1,898.4100,868.7660,868765.9999
1,898.5828,868.9388,868938.7999
1,898.6582,869.0142,869014.1999
1,898.7253,869.0813,869081.2999
1,898.7458,869.1018,869101.7999
1,898.7620,869.1180,869117.9999
1,898.7773,869.1333,869133.2999
1,898.8232,869.1792,869179.1999
1,898.8868,869.2428,869242.7999
1,899.0120,869.3680,869367.9999
1,899.3010,869.6570,869656.9999
1,899.3712,869.7272,869727.1999
1,899.4312,869.7872,869787.1999
1,899.4977,869.8537,869853.6999
1,899.6145,869.9705,869970.4999
1,899.6559,870.0119,870011.8999
1,899.6986,870.0546,870054.5999
1,899.7167,870.0727,870072.6999
1,899.7271,870.0831,870083.0999
1,899.9476,870.3036,870303.5999
1,900.0077,870.3637,870363.6999
1,900.0757,870.4317,870431.6999
1,900.1210,870.4770,870476.9999
1,900.1509,870.5069,870506.8999
1,900.2017,870.5577,870557.6999
1,900.5570,870.9130,870912.9999
1,900.6513,871.0073,871007.2999
1,900.7246,871.0806,871080.5999
1,900.8363,871.1923,871192.2999
1,900.8848,871.2408,871240.7999
1,901.2209,871.5769,871576.8999
1,901.3798,871.7358,871735.7999
1,901.4325,871.7885,871788.4999
1,901.4705,871.8265,871826.4999
1,901.5014,871.8574,871857.3999
1,901.6086,871.9646,871964.5999
1,901.6211,871.9771,871977.0999
1,901.6489,872.0049,872004.8999
1,901.9653,872.3213,872321.2999
1,902.0709,872.4269,872426.8999
1,902.1242,872.4802,872480.1999
1,902.2833,872.6393,872639.2999
1,902.6984,873.0544,873054.3999
1,902.8242,873.1802,873180.1999
1,903.1252,873.4812,873481.1999
1,903.2018,873.5578,873557.7999
1,903.2626,873.6186,873618.5999
1,903.2827,873.6387,873638.6999
1,903.4070,873.7630,873762.9999
1,903.5270,873.8830,873882.9999
1,903.6978,874.0538,874053.7999
1,903.8653,874.2213,874221.2999
1,903.9159,874.2719,874271.8999
1,903.9407,874.2967,874296.6999
1,903.9837,874.3397,874339.6999
1,903.9992,874.3552,874355.1999
1,904.2533,874.6093,874609.2999
1,904.4514,874.8074,874807.3999
1,904.6041,874.9601,874960.0999
1,904.7808,875.1368,875136.7999
1,905.0570,875.4130,875412.9999
1,905.0716,875.4276,875427.5999
1,905.2255,875.5815,875581.4999
1,905.2412,875.5972,875597.1999
1,905.2835,875.6395,875639.4999
1,905.3186,875.6746,875674.5999
1,905.4747,875.8307,875830.6999
1,905.6583,876.0143,876014.2999
1,905.6739,876.0299,876029.8999
1,905.6940,876.0500,876049.9999
1,905.7226,876.0786,876078.5999
1,905.7674,876.1234,876123.3999
1,905.9614,876.3174,876317.3999
1,906.1390,876.4950,876494.9999
1,906.1771,876.5331,876533.0999
1,906.2815,876.6375,876637.4999
1,906.4047,876.7607,876760.6999
1,906.4726,876.8286,876828.5999
1,906.5951,876.9511,876951.0999
1,906.6524,877.0084,877008.3999
1,906.7130,877.0690,877068.9999
1,906.7553,877.1113,877111.2999
1,906.8159,877.1719,877171.8999
1,906.9001,877.2561,877256.0999
1,907.0916,877.4476,877447.5999
1,907.3062,877.6622,877662.1999
1,907.3285,877.6845,877684.4999
1,907.3581,877.7141,877714.0999
1,907.5683,877.9243,877924.2999
1,907.6095,877.9655,877965.4999
1,907.7185,878.0745,878074.4999
1,907.7584,878.1144,878114.3999
1,907.7911,878.1471,878147.0999
1,907.9510,878.3070,878306.9999
1,907.9719,878.3279,878327.8999
1,908.0965,878.4525,878452.4999
1,908.1939,878.5499,878549.8999
1,908.2294,878.5854,878585.3999
1,908.2379,878.5939,878593.8999
1,908.5612,878.9172,878917.1999
1,908.6596,879.0156,879015.5999
1,908.6904,879.0464,879046.3999
1,908.8182,879.1742,879174.1999
1,908.9696,879.3256,879325.5999
1,909.0069,879.3629,879362.8999
1,909.2371,879.5931,879593.0999
1,909.2901,879.6461,879646.0999
1,909.3245,879.6805,879680.4999
1,909.3986,879.7546,879754.5999
1,909.6301,879.9861,879986.0999
1,909.6982,880.0542,880054.1999
1,909.8460,880.2020,880201.9999
1,909.9386,880.2946,880294.5999
1,910.0627,880.4187,880418.6999
1,910.0829,880.4389,880438.8999
1,910.1899,880.5459,880545.8999
1,910.2571,880.6131,880613.0999
1,910.2738,880.6298,880629.7999
1,910.4423,880.7983,880798.2999
1,910.4761,880.8321,880832.0999
1,910.6720,881.0280,881027.9999
1,910.9043,881.2603,881260.2999
1,910.9407,881.2967,881296.6999
1,911.0704,881.4264,881426.3999
1,911.1930,881.5490,881548.9999
1,911.2113,881.5673,881567.2999
1,911.2314,881.5874,881587.3999
1,911.2885,881.6445,881644.4999
1,911.5689,881.9249,881924.8999
1,911.6366,881.9926,881992.5999
1,911.7670,882.1230,882122.9999
1,911.9000,882.2560,882255.9999
1,911.9639,882.3199,882319.8999
1,912.0068,882.3628,882362.7999
1,912.0370,882.3930,882392.9999
1,912.1015,882.4575,882457.4999
1,912.1895,882.5455,882545.4999
1,912.2064,882.5624,882562.3999
1,912.2160,882.5720,882571.9999
1,912.2220,882.5780,882577.9999
1,912.2313,882.5873,882587.2999
1,912.2474,882.6034,882603.3999
1,912.2549,882.6109,882610.8999
1,912.2648,882.6208,882620.7999
1,912.4994,882.8554,882855.3999
1,912.8700,883.2260,883225.9999
1,912.9261,883.2821,883282.0999
1,912.9795,883.3355,883335.4999
1,913.0208,883.3768,883376.7999
1,913.0991,883.4551,883455.0999
1,913.1314,883.4874,883487.3999
1,913.3318,883.6878,883687.7999
1,913.3541,883.7101,883710.0999
1,913.4576,883.8136,883813.5999
1,913.5044,883.8604,883860.3999
1,913.7499,884.1059,884105.8999
1,913.7655,884.1215,884121.4999
1,913.9484,884.3044,884304.3999
1,913.9877,884.3437,884343.6999
1,914.1780,884.5340,884533.9999
1,914.1885,884.5445,884544.4999
1,914.2561,884.6121,884612.0999
1,914.4849,884.8409,884840.8999
1,914.5408,884.8968,884896.7999
1,914.6050,884.9610,884960.9999
1,914.8316,885.1876,885187.5999
1,914.8550,885.2110,885210.9999
1,914.9187,885.2747,885274.6999
1,914.9509,885.3069,885306.8999
1,915.2035,885.5595,885559.4999
1,915.2400,885.5960,885595.9999
1,915.4524,885.8084,885808.3999
1,915.5606,885.9166,885916.5999
1,915.6094,885.9654,885965.3999
1,915.6678,886.0238,886023.7999
1,915.6787,886.0347,886034.6999
1,915.8669,886.2229,886222.8999
1,915.9133,886.2693,886269.2999
1,916.1554,886.5114,886511.3999
1,916.2644,886.6204,886620.3999
1,916.3148,886.6708,886670.7999
1,916.5316,886.8876,886887.5999
1,916.5654,886.9214,886921.3999
1,916.6294,886.9854,886985.3999
1,916.6572,887.0132,887013.1999
1,916.6961,887.0521,887052.0999
1,916.7108,887.0668,887066.7999
1,916.7988,887.1548,887154.7999
1,916.8279,887.1839,887183.8999
1,916.8564,887.2124,887212.3999
1,916.8634,887.2194,887219.3999
1,916.8973,887.2533,887253.2999
1,916.9065,887.2625,887262.4999
1,916.9278,887.2838,887283.7999
1,916.9559,887.3119,887311.8999
1,917.0722,887.4282,887428.1999
1,917.4233,887.7793,887779.2999
1,917.5767,887.9327,887932.6999
1,917.6144,887.9704,887970.3999
1,917.6489,888.0049,888004.8999
1,917.7253,888.0813,888081.2999
1,917.9367,888.2927,888292.6999
1,918.1174,888.4734,888473.3999
1,918.2635,888.6195,888619.4999
1,918.3100,888.6660,888665.9999
1,918.3236,888.6796,888679.5999
1,918.5642,888.9202,888920.1999
1,918.7043,889.0603,889060.2999
1,918.7405,889.0965,889096.4999
1,919.0199,889.3759,889375.8999
1,919.0304,889.3864,889386.3999
1,919.1147,889.4707,889470.6999
1,919.1528,889.5088,889508.7999
1,919.2538,889.6098,889609.7999
1,919.3818,889.7378,889737.7999
1,919.4940,889.8500,889849.9999
1,919.5515,889.9075,889907.4999
1,919.5901,889.9461,889946.0999
1,919.8449,890.2009,890200.8999
1,919.9643,890.3203,890320.2999
1,920.0353,890.3913,890391.2999
1,920.0818,890.4378,890437.7999
1,920.0952,890.4512,890451.1999
1,920.1084,890.4644,890464.3999
1,920.1323,890.4883,890488.2999
1,920.1443,890.5003,890500.2999
1,920.1557,890.5117,890511.6999
1,920.3953,890.7513,890751.2999
1,920.4912,890.8472,890847.1999
1,920.5911,890.9471,890947.0999
1,920.6192,890.9752,890975.1999
1,920.6485,891.0045,891004.4999
1,920.8739,891.2299,891229.8999
1,920.9078,891.2638,891263.7999
1,920.9226,891.2786,891278.5999
1,920.9391,891.2951,891295.0999
1,920.9537,891.3097,891309.6999
1,921.0394,891.3954,891395.3999
1,921.3279,891.6839,891683.8999
1,921.5939,891.9499,891949.8999
1,921.7259,892.0819,892081.8999
1,921.8673,892.2233,892223.2999
1,921.9268,892.2828,892282.7999
1,922.0308,892.3868,892386.7999
1,922.0544,892.4104,892410.3999
1,922.0753,892.4313,892431.2999
1,922.1736,892.5296,892529.5999
1,922.2004,892.5564,892556.3999
1,922.2657,892.6217,892621.6999
1,922.3026,892.6586,892658.5999
1,922.3969,892.7529,892752.8999
1,922.4735,892.8295,892829.4999
1,922.4891,892.8451,892845.0999
1,922.5019,892.8579,892857.8999
1,922.8324,893.1884,893188.3999
1,922.8850,893.2410,893240.9999
1,923.1140,893.4700,893469.9999
1,923.2877,893.6437,893643.6999
1,923.3448,893.7008,893700.7999
1,923.3648,893.7208,893720.7999
1,923.4504,893.8064,893806.3999
1,923.4844,893.8404,893840.3999
1,923.6051,893.9611,893961.0999
1,923.8881,894.2441,894244.0999
1,923.9678,894.3238,894323.7999
1,923.9858,894.3418,894341.7999
1,924.0258,894.3818,894381.7999
1,924.1013,894.4573,894457.2999
1,924.1193,894.4753,894475.2999
1,924.1303,894.4863,894486.2999
1,924.1410,894.4970,894496.9999
1,924.1517,894.5077,894507.6999
1,924.1613,894.5173,894517.2999
1,924.3492,894.7052,894705.1999
1,924.5198,894.8758,894875.7999
1,924.5624,894.9184,894918.3999
1,924.6913,895.0473,895047.2999
1,924.7303,895.0863,895086.2999
1,924.7359,895.0919,895091.8999
1,924.7676,895.1236,895123.5999
1,924.8225,895.1785,895178.4999
1,924.8565,895.2125,895212.4999
1,925.1114,895.4674,895467.3999
1,925.1831,895.5391,895539.0999
1,925.2268,895.5828,895582.7999
1,925.4231,895.7791,895779.0999
1,925.4682,895.8242,895824.1999
1,925.4907,895.8467,895846.6999
1,925.5349,895.8909,895890.8999
1,925.6138,895.9698,895969.7999
1,925.7792,896.1352,896135.1999
1,925.8027,896.1587,896158.6999
1,925.8383,896.1943,896194.2999
1,926.0257,896.3817,896381.6999
1,926.0643,896.4203,896420.2999
1,926.1382,896.4942,896494.1999
1,926.2400,896.5960,896595.9999
1,926.2832,896.6392,896639.1999
1,926.3788,896.7348,896734.7999
1,926.4348,896.7908,896790.7999
1,926.5925,896.9485,896948.4999
1,926.6298,896.9858,896985.7999
1,926.6915,897.0475,897047.4999
1,926.7390,897.0950,897094.9999
1,926.7476,897.1036,897103.5999
1,926.7749,897.1309,897130.8999
1,926.8461,897.2021,897202.0999
1,926.8811,897.2371,897237.0999
1,926.9398,897.2958,897295.7999
1,927.0866,897.4426,897442.5999
1,927.1154,897.4714,897471.3999
1,927.3409,897.6969,897696.8999
1,927.3744,897.7304,897730.3999
1,927.4260,897.7820,897781.9999
1,927.4640,897.8200,897819.9999
1,927.5123,897.8683,897868.2999
1,927.5349,897.8909,897890.8999
1,927.5646,897.9206,897920.5999
1,927.5737,897.9297,897929.6999
1,927.5795,897.9355,897935.4999
1,927.6163,897.9723,897972.2999
1,927.8036,898.1596,898159.5999
1,927.9083,898.2643,898264.2999
1,928.1323,898.4883,898488.2999
1,928.1377,898.4937,898493.6999
1,928.1464,898.5024,898502.3999
1,928.1496,898.5056,898505.5999
1,928.1734,898.5294,898529.3999
1,928.4131,898.7691,898769.0999
1,928.4701,898.8261,898826.0999
1,928.4883,898.8443,898844.2999
1,928.5229,898.8789,898878.8999
1,928.5386,898.8946,898894.5999
1,928.5858,898.9418,898941.7999
1,928.7921,899.1481,899148.0999
1,928.8186,899.1746,899174.5999
1,928.9367,899.2927,899292.6999
1,928.9576,899.3136,899313.5999
1,928.9734,899.3294,899329.3999
1,928.9929,899.3489,899348.8999
1,929.0066,899.3626,899362.5999
1,929.0782,899.4342,899434.1999
1,929.3245,899.6805,899680.4999
1,929.3915,899.7475,899747.4999
1,929.6744,900.0304,900030.3999
1,929.7956,900.1516,900151.5999
1,929.8259,900.1819,900181.8999
1,930.0782,900.4342,900434.1999
1,930.1787,900.5347,900534.6999
1,930.2059,900.5619,900561.8999
1,930.2085,900.5645,900564.4999
1,930.5344,900.8904,900890.3999
1,930.6547,901.0107,901010.6999
1,930.6626,901.0186,901018.5999
1,930.6854,901.0414,901041.3999
1,930.9433,901.2993,901299.2999
1,930.9839,901.3399,901339.8999
1,931.0541,901.4101,901410.0999
1,931.0800,901.4360,901435.9999
1,931.1823,901.5383,901538.2999
1,931.3677,901.7237,901723.6999
1,931.4863,901.8423,901842.2999
1,931.5902,901.9462,901946.1999
1,931.7424,902.0984,902098.3999
1,931.7643,902.1203,902120.2999
1,931.9445,902.3005,902300.4999
1,932.0424,902.3984,902398.3999
1,932.0553,902.4113,902411.2999
1,932.0948,902.4508,902450.7999
1,932.2465,902.6025,902602.4999
1,932.2743,902.6303,902630.2999
1,932.2957,902.6517,902651.6999
1,932.3098,902.6658,902665.7999
1,932.3240,902.6800,902679.9999
1,932.5140,902.8700,902869.9999
1,932.5408,902.8968,902896.7999
1,932.6097,902.9657,902965.6999
1,932.9008,903.2568,903256.7999
1,932.9270,903.2830,903282.9999
1,932.9736,903.3296,903329.5999
1,933.0125,903.3685,903368.4999
1,933.0358,903.3918,903391.7999
1,933.0386,903.3946,903394.5999
1,933.4660,903.8220,903821.9999
1,933.4924,903.8484,903848.3999
1,933.5522,903.9082,903908.1999
1,933.6011,903.9571,903957.0999
1,933.6717,904.0277,904027.6999
1,933.7802,904.1362,904136.1999
1,934.1846,904.5406,904540.5999
1,934.2189,904.5749,904574.8999
1,934.2670,904.6230,904622.9999
1,934.3358,904.6918,904691.7999
1,934.3812,904.7372,904737.1999
1,934.6985,905.0545,905054.4999
1,934.7501,905.1061,905106.0999
1,934.9552,905.3112,905311.1999
1,935.1382,905.4942,905494.1999
1,935.3124,905.6684,905668.3999
1,935.3657,905.7217,905721.6999
1,935.4483,905.8043,905804.2999
1,935.4802,905.8362,905836.1999
1,935.6312,905.9872,905987.1999
1,935.6471,906.0031,906003.0999
1,935.8090,906.1650,906164.9999
1,935.8419,906.1979,906197.8999
1,935.8537,906.2097,906209.6999
1,936.0097,906.3657,906365.6999
1,936.0307,906.3867,906386.6999
1,936.1322,906.4882,906488.1999
1,936.3400,906.6960,906695.9999
1,936.4372,906.7932,906793.1999
1,936.5005,906.8565,906856.4999
1,936.5348,906.8908,906890.7999
1,936.5426,906.8986,906898.5999
1,936.5489,906.9049,906904.8999
1,936.5533,906.9093,906909.2999
1,936.6783,907.0343,907034.2999
1,936.7479,907.1039,907103.8999
1,936.8280,907.1840,907183.9999
1,936.8992,907.2552,907255.1999
1,937.1492,907.5052,907505.1999
1,937.1731,907.5291,907529.0999
1,937.1959,907.5519,907551.8999
1,937.2298,907.5858,907585.7999
1,937.5130,907.8690,907868.9999
1,937.6558,908.0118,908011.7999
1,937.6802,908.0362,908036.1999
1,937.6933,908.0493,908049.2999
1,937.7279,908.0839,908083.8999
1,937.7355,908.0915,908091.4999
1,937.7672,908.1232,908123.1999
1,937.9526,908.3086,908308.5999
1,938.1837,908.5397,908539.6999
1,938.3747,908.7307,908730.6999
1,938.4957,908.8517,908851.6999
1,938.5235,908.8795,908879.4999
1,938.5995,908.9555,908955.4999
1,938.7384,909.0944,909094.3999
1,938.7941,909.1501,909150.0999
1,938.8573,909.2133,909213.2999
1,939.2005,909.5565,909556.4999
1,939.2299,909.5859,909585.8999
1,939.2333,909.5893,909589.2999
1,939.4810,909.8370,909836.9999
1,939.4983,909.8543,909854.2999
1,939.5361,909.8921,909892.0999
1,939.7586,910.1146,910114.5999
1,939.7862,910.1422,910142.1999
1,939.8554,910.2114,910211.3999
1,940.1037,910.4597,910459.6999
1,940.1219,910.4779,910477.8999
1,940.1278,910.4838,910483.7999
1,940.1673,910.5233,910523.2999
1,940.2121,910.5681,910568.0999
1,940.5464,910.9024,910902.3999
1,940.5602,910.9162,910916.1999
1,941.0662,911.4222,911422.1999
1,941.0838,911.4398,911439.7999
1,941.0992,911.4552,911455.1999
1,941.2818,911.6378,911637.7999
1,941.2961,911.6521,911652.0999
1,941.3067,911.6627,911662.6999
1,941.3345,911.6905,911690.4999
1,941.3817,911.7377,911737.6999
1,941.5508,911.9068,911906.7999
1,941.7321,912.0881,912088.0999
1,941.7994,912.1554,912155.3999
1,941.8941,912.2501,912250.0999
1,941.9440,912.3000,912299.9999
1,942.1234,912.4794,912479.3999
1,942.1726,912.5286,912528.5999
1,942.3244,912.6804,912680.3999
1,942.4422,912.7982,912798.1999
1,942.5390,912.8950,912894.9999
1,942.5636,912.9196,912919.5999
1,942.6738,913.0298,913029.7999
1,942.8517,913.2077,913207.6999
1,943.2051,913.5611,913561.0999
1,943.3421,913.6981,913698.0999
1,943.3918,913.7478,913747.7999
1,943.4103,913.7663,913766.2999
1,943.6864,914.0424,914042.3999
1,943.7316,914.0876,914087.5999
1,943.7723,914.1283,914128.2999
1,943.9595,914.3155,914315.4999
1,943.9754,914.3314,914331.3999
1,944.1555,914.5115,914511.4999
1,944.1822,914.5382,914538.1999
1,944.2966,914.6526,914652.5999
1,944.3628,914.7188,914718.7999
1,944.5247,914.8807,914880.6999
1,944.7064,915.0624,915062.3999
1,944.9841,915.3401,915340.0999
1,945.0864,915.4424,915442.3999
1,945.1280,915.4840,915483.9999
1,945.5364,915.8924,915892.3999
1,945.6165,915.9725,915972.4999
1,945.6843,916.0403,916040.2999
1,945.7159,916.0719,916071.8999
1,945.8075,916.1635,916163.4999
1,945.8534,916.2094,916209.3999
1,945.8723,916.2283,916228.2999
1,945.9132,916.2692,916269.1999
1,945.9394,916.2954,916295.3999
1,946.0653,916.4213,916421.2999
1,946.0882,916.4442,916444.1999
1,946.0977,916.4537,916453.6999
1,946.2636,916.6196,916619.5999
1,946.3086,916.6646,916664.5999
1,946.5550,916.9110,916910.9999
1,946.6368,916.9928,916992.7999
1,946.6777,917.0337,917033.6999
1,946.7719,917.1279,917127.8999
1,946.7945,917.1505,917150.4999
1,946.8074,917.1634,917163.3999
1,946.8641,917.2201,917220.0999
1,946.8842,917.2402,917240.1999
1,946.8972,917.2532,917253.1999
1,947.2911,917.6471,917647.0999
1,947.3147,917.6707,917670.6999
1,947.3429,917.6989,917698.8999
1,947.5912,917.9472,917947.1999
1,947.7500,918.1060,918105.9999
1,947.7884,918.1444,918144.3999
1,947.8070,918.1630,918162.9999
1,947.9871,918.3431,918343.0999
1,948.0059,918.3619,918361.8999
1,948.0337,918.3897,918389.6999
1,948.0662,918.4222,918422.1999
1,948.0823,918.4383,918438.2999
1,948.1756,918.5316,918531.5999
1,948.2028,918.5588,918558.7999
1,948.5003,918.8563,918856.2999
1,948.5569,918.9129,918912.8999
1,948.5707,918.9267,918926.6999
1,948.5912,918.9472,918947.1999
1,948.6097,918.9657,918965.6999
1,948.6159,918.9719,918971.8999
1,948.6210,918.9770,918976.9999
1,948.6612,919.0172,919017.1999
1,948.7862,919.1422,919142.1999
1,948.8041,919.1601,919160.0999
1,948.9074,919.2634,919263.3999
1,949.1813,919.5373,919537.2999
1,949.5407,919.8967,919896.6999
1,949.6856,920.0416,920041.5999
1,949.7261,920.0821,920082.0999
1,949.7807,920.1367,920136.6999
1,949.8206,920.1766,920176.5999
1,949.9757,920.3317,920331.6999
1,950.0746,920.4306,920430.5999
1,950.3134,920.6694,920669.3999
1,950.5362,920.8922,920892.1999
1,950.6227,920.9787,920978.6999
1,950.6582,921.0142,921014.1999
1,950.6893,921.0453,921045.2999
1,950.7157,921.0717,921071.6999
1,950.9488,921.3048,921304.7999
1,950.9594,921.3154,921315.3999
1,950.9676,921.3236,921323.5999
1,950.9763,921.3323,921332.2999
1,950.9981,921.3541,921354.0999
1,951.2357,921.5917,921591.6999
1,951.2550,921.6110,921610.9999
1,951.3194,921.6754,921675.3999
1,951.3939,921.7499,921749.8999
1,951.5855,921.9415,921941.4999
1,951.6252,921.9812,921981.1999
1,951.6553,922.0113,922011.2999
1,951.6941,922.0501,922050.0999
1,951.8026,922.1586,922158.5999
1,951.8175,922.1735,922173.4999
1,951.8817,922.2377,922237.6999
1,952.0553,922.4113,922411.2999
1,952.0856,922.4416,922441.5999
1,952.1419,922.4979,922497.8999
1,952.2611,922.6171,922617.0999
1,952.4415,922.7975,922797.4999
1,952.4961,922.8521,922852.0999
1,952.5188,922.8748,922874.7999
1,952.8561,923.2121,923212.0999
1,953.0977,923.4537,923453.6999
1,953.1124,923.4684,923468.3999
1,953.2589,923.6149,923614.8999
1,953.3257,923.6817,923681.6999
1,953.3494,923.7054,923705.3999
1,953.5233,923.8793,923879.2999
1,953.5698,923.9258,923925.7999
1,953.6185,923.9745,923974.4999
1,953.7204,924.0764,924076.3999
1,953.7422,924.0982,924098.1999
1,953.8671,924.2231,924223.0999
1,954.0946,924.4506,924450.5999
1,954.1753,924.5313,924531.2999
1,954.2738,924.6298,924629.7999
1,954.2881,924.6441,924644.0999
1,954.3088,924.6648,924664.7999
1,954.5009,924.8569,924856.8999
1,954.5091,924.8651,924865.0999
1,954.5361,924.8921,924892.0999
1,954.6847,925.0407,925040.6999
1,954.8450,925.2010,925200.9999
1,954.8891,925.2451,925245.0999
1,954.9061,925.2621,925262.0999
1,954.9552,925.3112,925311.1999
1,954.9966,925.3526,925352.5999
1,955.0126,925.3686,925368.5999
1,955.0286,925.3846,925384.5999
1,955.2439,925.5999,925599.8999
1,955.2911,925.6471,925647.0999
1,955.3977,925.7537,925753.6999
1,955.4112,925.7672,925767.1999
1,955.4313,925.7873,925787.2999
1,955.4481,925.8041,925804.0999
1,955.4782,925.8342,925834.1999
1,955.6870,926.0430,926042.9999
1,955.7552,926.1112,926111.1999
1,955.7706,926.1266,926126.5999
1,955.7878,926.1438,926143.7999
1,955.8021,926.1581,926158.0999
1,956.0338,926.3898,926389.7999
1,956.0616,926.4176,926417.5999
1,956.0683,926.4243,926424.2999
1,956.1631,926.5191,926519.0999
1,956.2268,926.5828,926582.7999
1,956.3736,926.7296,926729.5999
1,956.4201,926.7761,926776.0999
1,956.6794,927.0354,927035.3999
1,956.8544,927.2104,927210.3999
1,956.8879,927.2439,927243.8999
1,957.0284,927.3844,927384.3999
1,957.1613,927.5173,927517.2999
1,957.2810,927.6370,927636.9999
1,957.3323,927.6883,927688.2999
1,957.3716,927.7276,927727.5999
1,957.4196,927.7756,927775.5999
1,957.4394,927.7954,927795.3999
1,957.6325,927.9885,927988.4999
1,957.7098,928.0658,928065.7999
1,957.9504,928.3064,928306.3999
1,958.1681,928.5241,928524.0999
1,958.3437,928.6997,928699.6999
1,958.3979,928.7539,928753.8999
1,958.5232,928.8792,928879.1999
1,958.5558,928.9118,928911.7999
1,958.7208,929.0768,929076.7999
1,958.9927,929.3487,929348.6999
1,959.2556,929.6116,929611.5999
1,959.3154,929.6714,929671.3999
1,959.4746,929.8306,929830.5999
1,959.6155,929.9715,929971.4999
1,959.6770,930.0330,930032.9999
1,959.7221,930.0781,930078.0999
1,959.9702,930.3262,930326.1999
1,960.0333,930.3893,930389.2999
1,960.1136,930.4696,930469.5999
1,960.1497,930.5057,930505.6999
1,960.2018,930.5578,930557.7999
1,960.2707,930.6267,930626.6999
1,960.3667,930.7227,930722.6999
1,960.4423,930.7983,930798.2999
1,960.4643,930.8203,930820.2999
1,960.5447,930.9007,930900.6999
1,960.5594,930.9154,930915.3999
1,960.5871,930.9431,930943.0999
1,960.6172,930.9732,930973.1999
1,960.6516,931.0076,931007.5999
1,960.7819,931.1379,931137.8999
1,960.8052,931.1612,931161.1999
1,960.8347,931.1907,931190.6999
1,960.8502,931.2062,931206.1999
1,960.8746,931.2306,931230.5999
1,960.9072,931.2632,931263.1999
1,961.1859,931.5419,931541.8999
1,961.2127,931.5687,931568.6999
1,961.2703,931.6263,931626.2999
1,961.3763,931.7323,931732.2999
1,961.4816,931.8376,931837.5999
1,961.5921,931.9481,931948.0999
1,961.6720,932.0280,932027.9999
1,961.7202,932.0762,932076.1999
1,961.7516,932.1076,932107.5999
1,961.7841,932.1401,932140.0999
1,962.0245,932.3805,932380.4999
1,962.1708,932.5268,932526.7999
1,962.2352,932.5912,932591.1999
1,962.2740,932.6300,932629.9999
1,962.2996,932.6556,932655.5999
1,962.3438,932.6998,932699.7999
1,962.3920,932.7480,932747.9999
1,962.4469,932.8029,932802.8999
1,962.6002,932.9562,932956.1999
1,962.6279,932.9839,932983.8999
1,962.6347,932.9907,932990.6999
1,962.6445,933.0005,933000.4999
1,962.6585,933.0145,933014.4999
1,962.6956,933.0516,933051.5999
1,962.8990,933.2550,933254.9999
1,962.9373,933.2933,933293.2999
1,963.0099,933.3659,933365.8999
1,963.0529,933.4089,933408.8999
1,963.1676,933.5236,933523.5999
1,963.2843,933.6403,933640.2999
1,963.4674,933.8234,933823.3999
1,963.6775,934.0335,934033.4999
1,963.8385,934.1945,934194.4999
1,963.9059,934.2619,934261.8999
1,964.0184,934.3744,934374.3999
1,964.0478,934.4038,934403.7999
1,964.2247,934.5807,934580.6999
1,964.2518,934.6078,934607.7999
1,964.2774,934.6334,934633.3999
1,964.3934,934.7494,934749.3999
1,964.4097,934.7657,934765.6999
1,964.4290,934.7850,934784.9999
1,964.8791,935.2351,935235.0999
1,964.8862,935.2422,935242.1999
1,964.9208,935.2768,935276.7999
1,965.0609,935.4169,935416.8999
1,965.2145,935.5705,935570.4999
1,965.2875,935.6435,935643.4999
1,965.3229,935.6789,935678.8999
1,965.4688,935.8248,935824.7999
1,965.6316,935.9876,935987.5999
1,965.8104,936.1664,936166.3999
1,965.8533,936.2093,936209.2999
1,965.8862,936.2422,936242.1999
1,965.9224,936.2784,936278.3999
1,966.0772,936.4332,936433.1999
1,966.1086,936.4646,936464.5999
1,966.2149,936.5709,936570.8999
1,966.2445,936.6005,936600.4999
1,966.2517,936.6077,936607.6999
1,966.2604,936.6164,936616.3999
1,966.2961,936.6521,936652.0999
1,966.3033,936.6593,936659.2999
1,966.4514,936.8074,936807.3999
1,966.7001,937.0561,937056.0999
1,966.8807,937.2367,937236.6999
1,966.9112,937.2672,937267.1999
1,966.9502,937.3062,937306.1999
1,967.0150,937.3710,937370.9999
1,967.0570,937.4130,937412.9999
1,967.0723,937.4283,937428.2999
1,967.0814,937.4374,937437.3999
1,967.1024,937.4584,937458.3999
1,967.3298,937.6858,937685.7999
1,967.3572,937.7132,937713.1999
1,967.3964,937.7524,937752.3999
1,967.4835,937.8395,937839.4999
1,967.5620,937.9180,937917.9999
1,967.6136,937.9696,937969.5999
1,967.6631,938.0191,938019.0999
1,967.8150,938.1710,938170.9999
1,967.8390,938.1950,938194.9999
1,967.8965,938.2525,938252.4999
1,967.9047,938.2607,938260.6999
1,967.9144,938.2704,938270.3999
1,967.9248,938.2808,938280.7999
1,968.1548,938.5108,938510.7999
1,968.1788,938.5348,938534.7999
1,968.2215,938.5775,938577.4999
1,968.2391,938.5951,938595.0999
1,968.2508,938.6068,938606.7999
1,968.2668,938.6228,938622.7999
1,968.2787,938.6347,938634.6999
1,968.2926,938.6486,938648.5999
1,968.3055,938.6615,938661.4999
1,968.4062,938.7622,938762.1999
1,968.4417,938.7977,938797.6999
1,968.6091,938.9651,938965.0999
1,968.6421,938.9981,938998.0999
1,968.9250,939.2810,939280.9999
1,969.0653,939.4213,939421.2999
1,969.1664,939.5224,939522.3999
1,969.2024,939.5584,939558.3999
1,969.2472,939.6032,939603.1999
1,969.2632,939.6192,939619.1999
1,969.2897,939.6457,939645.6999
1,969.3059,939.6619,939661.8999
1,969.5107,939.8667,939866.6999
1,969.6297,939.9857,939985.6999
1,969.6541,940.0101,940010.0999
1,969.6741,940.0301,940030.0999
1,969.7028,940.0588,940058.7999
1,969.7404,940.0964,940096.3999
1,969.9447,940.3007,940300.6999
1,970.0422,940.3982,940398.1999
1,970.0754,940.4314,940431.3999
1,970.1154,940.4714,940471.3999
1,970.3697,940.7257,940725.6999
1,970.4362,940.7922,940792.1999
1,970.5293,940.8853,940885.2999
1,970.6159,940.9719,940971.8999
1,970.6465,941.0025,941002.4999
1,970.6925,941.0485,941048.4999
1,970.8779,941.2339,941233.8999
1,970.9035,941.2595,941259.4999
1,971.0624,941.4184,941418.3999
1,971.3724,941.7284,941728.3999
1,971.4660,941.8220,941821.9999
1,971.5945,941.9505,941950.4999
1,971.6553,942.0113,942011.2999
1,971.7959,942.1519,942151.8999
1,971.8936,942.2496,942249.5999
1,971.9161,942.2721,942272.0999
1,971.9492,942.3052,942305.1999
1,972.1936,942.5496,942549.5999
1,972.2609,942.6169,942616.8999
1,972.3682,942.7242,942724.1999
1,972.3760,942.7320,942731.9999
1,972.5322,942.8882,942888.1999
1,972.6674,943.0234,943023.3999
1,972.7214,943.0774,943077.3999
1,972.7510,943.1070,943106.9999
1,972.7694,943.1254,943125.3999
1,972.7864,943.1424,943142.3999
1,972.7948,943.1508,943150.7999
1,972.8669,943.2229,943222.8999
1,972.8774,943.2334,943233.3999
1,972.8990,943.2550,943254.9999
1,972.9436,943.2996,943299.5999
1,973.1389,943.4949,943494.8999
1,973.2981,943.6541,943654.0999
1,973.3688,943.7248,943724.7999
1,973.4224,943.7784,943778.3999
1,973.5290,943.8850,943884.9999
1,973.7608,944.1168,944116.7999
1,973.8635,944.2195,944219.4999
1,973.9148,944.2708,944270.7999
1,974.0523,944.4083,944408.2999
1,974.3436,944.6996,944699.5999
1,974.4429,944.7989,944798.8999
1,974.4689,944.8249,944824.8999
1,974.5688,944.9248,944924.7999
1,974.7181,945.0741,945074.0999
1,974.9431,945.2991,945299.0999
1,974.9729,945.3289,945328.8999
1,975.2791,945.6351,945635.0999
1,975.3677,945.7237,945723.6999
1,975.4344,945.7904,945790.3999
1,975.4705,945.8265,945826.4999
1,975.7351,946.0911,946091.0999
1,975.9245,946.2805,946280.4999
1,975.9495,946.3055,946305.4999
1,975.9684,946.3244,946324.3999
1,976.0346,946.3906,946390.5999
1,976.3237,946.6797,946679.6999
1,976.4026,946.7586,946758.5999
1,976.5874,946.9434,946943.3999
1,976.6228,946.9788,946978.7999
1,976.7420,947.0980,947097.9999
1,976.9251,947.2811,947281.0999
1,977.0141,947.3701,947370.0999
1,977.0551,947.4111,947411.0999
1,977.1399,947.4959,947495.8999
1,977.4691,947.8251,947825.0999
1,977.6282,947.9842,947984.1999
1,977.6420,947.9980,947997.9999
1,977.6667,948.0227,948022.6999
1,977.7241,948.0801,948080.0999
1,977.7262,948.0822,948082.1999
1,977.7461,948.1021,948102.0999
1,977.8277,948.1837,948183.6999
1,977.8516,948.2076,948207.5999
1,977.9328,948.2888,948288.7999
1,978.2310,948.5870,948586.9999
1,978.2770,948.6330,948632.9999
1,978.3632,948.7192,948719.1999
1,978.4549,948.8109,948810.8999
1,978.4920,948.8480,948847.9999
1,978.5268,948.8828,948882.7999
1,979.1050,949.4610,949460.9999
1,979.2754,949.6314,949631.3999
1,979.3159,949.6719,949671.8999
1,979.4593,949.8153,949815.2999
1,979.6804,950.0364,950036.3999
1,979.7168,950.0728,950072.7999
1,979.7862,950.1422,950142.1999
1,979.8724,950.2284,950228.3999
1,979.9987,950.3547,950354.6999
1,980.0136,950.3696,950369.5999
1,980.0274,950.3834,950383.3999
1,980.1695,950.5255,950525.4999
1,980.2009,950.5569,950556.8999
1,980.3799,950.7359,950735.8999
1,980.4130,950.7690,950768.9999
1,980.4936,950.8496,950849.5999
1,980.5509,950.9069,950906.8999
1,980.5850,950.9410,950940.9999
1,980.6919,951.0479,951047.8999
1,980.7612,951.1172,951117.1999
1,980.8184,951.1744,951174.3999
1,980.8849,951.2409,951240.8999
1,980.9454,951.3014,951301.3999
1,981.0272,951.3832,951383.1999
1,981.0495,951.4055,951405.4999
1,981.1890,951.5450,951544.9999
1,981.3281,951.6841,951684.0999
1,981.3694,951.7254,951725.3999
1,981.4095,951.7655,951765.4999
1,981.4403,951.7963,951796.2999
1,981.4573,951.8133,951813.2999
1,981.4753,951.8313,951831.2999
1,981.7650,952.1210,952120.9999
1,981.8719,952.2279,952227.8999
1,981.9189,952.2749,952274.8999
1,982.0775,952.4335,952433.4999
1,982.1632,952.5192,952519.1999
1,982.1730,952.5290,952528.9999
1,982.2594,952.6154,952615.3999
1,982.2957,952.6517,952651.6999
1,982.4801,952.8361,952836.0999
1,982.5783,952.9343,952934.2999
1,982.6023,952.9583,952958.2999
1,982.6483,953.0043,953004.2999
1,982.7840,953.1400,953139.9999
1,982.8209,953.1769,953176.8999
1,983.1278,953.4838,953483.7999
1,983.1622,953.5182,953518.1999
1,983.2429,953.5989,953598.8999
1,983.3656,953.7216,953721.5999
1,983.3795,953.7355,953735.4999
1,983.4041,953.7601,953760.0999
1,983.5459,953.9019,953901.8999
1,983.5637,953.9197,953919.6999
1,983.5732,953.9292,953929.1999
1,983.7580,954.1140,954113.9999
1,983.7813,954.1373,954137.2999
1,983.8025,954.1585,954158.4999
1,983.9591,954.3151,954315.0999
1,983.9900,954.3460,954345.9999
1,984.0236,954.3796,954379.5999
1,984.2481,954.6041,954604.0999
1,984.2889,954.6449,954644.8999
1,984.4116,954.7676,954767.5999
1,984.4389,954.7949,954794.8999
1,984.4682,954.8242,954824.1999
1,984.5450,954.9010,954900.9999
1,984.6049,954.9609,954960.8999
1,984.6817,955.0377,955037.6999
1,984.8593,955.2153,955215.2999
1,984.8681,955.2241,955224.0999
1,984.9332,955.2892,955289.1999
1,984.9613,955.3173,955317.2999
1,984.9636,955.3196,955319.5999
1,985.1616,955.5176,955517.5999
1,985.3281,955.6841,955684.0999
1,985.5623,955.9183,955918.2999
1,985.6283,955.9843,955984.2999
1,985.6797,956.0357,956035.6999
1,986.0147,956.3707,956370.6999
1,986.0563,956.4123,956412.2999
1,986.0844,956.4404,956440.3999
1,986.4224,956.7784,956778.3999
1,986.4742,956.8302,956830.1999
1,986.4992,956.8552,956855.1999
1,986.8789,957.2349,957234.8999
1,987.0118,957.3678,957367.7999
1,987.0344,957.3904,957390.3999
1,987.0740,957.4300,957429.9999
1,987.2030,957.5590,957558.9999
1,987.2525,957.6085,957608.4999
1,987.3256,957.6816,957681.5999
1,987.4173,957.7733,957773.2999
1,987.7413,958.0973,958097.2999
1,987.7838,958.1398,958139.7999
1,987.8276,958.1836,958183.5999
1,987.8847,958.2407,958240.6999
1,987.9854,958.3414,958341.3999
1,988.0162,958.3722,958372.1999
1,988.0347,958.3907,958390.6999
1,988.2220,958.5780,958577.9999
1,988.2416,958.5976,958597.5999
1,988.4453,958.8013,958801.2999
1,988.5084,958.8644,958864.3999
1,988.5469,958.9029,958902.8999
1,988.5649,958.9209,958920.8999
1,988.6078,958.9638,958963.7999
1,988.6373,958.9933,958993.2999
1,988.6886,959.0446,959044.5999
1,988.9075,959.2635,959263.4999
1,988.9275,959.2835,959283.4999
1,988.9521,959.3081,959308.0999
1,989.4506,959.8066,959806.5999
1,989.5395,959.8955,959895.4999
1,989.5804,959.9364,959936.3999
1,989.6253,959.9813,959981.2999
1,989.6404,959.9964,959996.3999
1,989.6894,960.0454,960045.3999
1,989.9585,960.3145,960314.4999
1,990.0910,960.4470,960446.9999
1,990.1028,960.4588,960458.7999
1,990.2379,960.5939,960593.8999
1,990.2945,960.6505,960650.4999
1,990.3407,960.6967,960696.6999
1,990.4721,960.8281,960828.0999
1,990.7214,961.0774,961077.3999
1,990.8520,961.2080,961207.9999
1,990.8966,961.2526,961252.5999
1,990.9310,961.2870,961286.9999
1,990.9601,961.3161,961316.0999
1,990.9812,961.3372,961337.1999
1,991.0444,961.4004,961400.3999
1,991.0915,961.4475,961447.4999
1,991.1094,961.4654,961465.3999
1,991.3440,961.7000,961699.9999
1,991.3538,961.7098,961709.7999
1,991.3902,961.7462,961746.1999
1,991.6537,962.0097,962009.6999
1,991.7033,962.0593,962059.2999
1,991.7492,962.1052,962105.1999
1,991.7868,962.1428,962142.7999
1,991.8111,962.1671,962167.0999
1,991.8272,962.1832,962183.1999
1,991.9033,962.2593,962259.2999
1,991.9709,962.3269,962326.8999
1,991.9925,962.3485,962348.4999
1,992.0848,962.4408,962440.7999
1,992.1953,962.5513,962551.2999
1,992.3878,962.7438,962743.7999
1,992.4394,962.7954,962795.3999
1,992.4749,962.8309,962830.8999
1,992.5612,962.9172,962917.1999
1,992.6631,963.0191,963019.0999
1,992.7107,963.0667,963066.6999
1,992.7640,963.1200,963119.9999
1,993.0247,963.3807,963380.6999
1,993.0511,963.4071,963407.0999
1,993.0702,963.4262,963426.1999
1,993.1900,963.5460,963545.9999
1,993.2199,963.5759,963575.8999
1,993.2604,963.6164,963616.3999
1,993.3215,963.6775,963677.4999
1,993.4248,963.7808,963780.7999
1,993.5154,963.8714,963871.3999
1,993.6042,963.9602,963960.1999
1,993.6529,964.0089,964008.8999
1,993.6777,964.0337,964033.6999
1,993.7183,964.0743,964074.2999
1,993.7894,964.1454,964145.3999
1,993.9550,964.3110,964310.9999
1,993.9874,964.3434,964343.3999
1,994.1177,964.4737,964473.6999
1,994.2705,964.6265,964626.4999
1,994.3020,964.6580,964657.9999
1,994.4452,964.8012,964801.1999
1,994.6528,965.0088,965008.7999
1,994.6805,965.0365,965036.4999
1,994.7429,965.0989,965098.8999
1,994.7694,965.1254,965125.3999
1,994.7953,965.1513,965151.2999
1,994.8224,965.1784,965178.3999
1,995.0845,965.4405,965440.4999
1,995.2379,965.5939,965593.8999
1,995.3875,965.7435,965743.4999
1,995.4165,965.7725,965772.4999
1,995.4445,965.8005,965800.4999
1,995.4867,965.8427,965842.6999
1,995.6256,965.9816,965981.5999
1,995.7233,966.0793,966079.2999
1,995.7384,966.0944,966094.3999
1,995.7587,966.1147,966114.6999
1,995.7791,966.1351,966135.0999
1,995.7922,966.1482,966148.1999
1,995.8169,966.1729,966172.8999
1,996.1777,966.5337,966533.6999
1,996.2448,966.6008,966600.7999
1,996.2790,966.6350,966634.9999
1,996.3026,966.6586,966658.5999
1,996.3343,966.6903,966690.2999
1,996.3511,966.7071,966707.0999
1,996.8123,967.1683,967168.2999
1,997.0075,967.3635,967363.4999
1,997.0308,967.3868,967386.7999
1,997.1443,967.5003,967500.2999
1,997.2060,967.5620,967561.9999
1,997.2673,967.6233,967623.2999
1,997.2807,967.6367,967636.6999
1,997.3046,967.6606,967660.5999
1,997.3375,967.6935,967693.4999
1,997.3518,967.7078,967707.7999
1,997.4236,967.7796,967779.5999
1,997.4813,967.8373,967837.2999
1,997.8639,968.2199,968219.8999
1,997.9187,968.2747,968274.6999
1,997.9586,968.3146,968314.5999
1,997.9923,968.3483,968348.2999
1,998.0723,968.4283,968428.2999
1,998.3606,968.7166,968716.5999
1,998.4295,968.7855,968785.4999
1,998.4342,968.7902,968790.1999
1,998.5992,968.9552,968955.1999
1,998.7116,969.0676,969067.5999
1,998.9477,969.3037,969303.6999
1,998.9694,969.3254,969325.3999
1,998.9975,969.3535,969353.4999
1,999.0536,969.4096,969409.5999
1,999.1879,969.5439,969543.8999
1,999.2267,969.5827,969582.6999
1,999.4048,969.7608,969760.7999
1,999.4368,969.7928,969792.7999
1,999.5357,969.8917,969891.6999
1,999.6668,970.0228,970022.7999
1,999.8025,970.1585,970158.4999
1,1000.0453,970.4013,970401.2999
1,1000.0724,970.4284,970428.3999
1,1000.0877,970.4437,970443.6999
1,1000.2923,970.6483,970648.2999
1,1000.4311,970.7871,970787.0999
1,1000.4929,970.8489,970848.8999
1,1000.6808,971.0368,971036.7999
1,1000.7773,971.1333,971133.2999
1,1000.9485,971.3045,971304.4999
1,1001.1050,971.4610,971460.9999
1,1001.1575,971.5135,971513.4999
1,1001.2485,971.6045,971604.4999
1,1001.6309,971.9869,971986.8999
1,1001.7501,972.1061,972106.0999
1,1001.8498,972.2058,972205.7999
1,1001.8619,972.2179,972217.8999
1,1001.8864,972.2424,972242.3999
1,1001.9002,972.2562,972256.1999
1,1002.1533,972.5093,972509.2999
1,1002.2792,972.6352,972635.1999
1,1002.3014,972.6574,972657.3999
1,1002.3750,972.7310,972730.9999
1,1002.6708,973.0268,973026.7999
1,1002.8961,973.2521,973252.0999
1,1003.0401,973.3961,973396.0999
1,1003.0654,973.4214,973421.3999
1,1003.2156,973.5716,973571.5999
1,1003.4577,973.8137,973813.6999
1,1003.5656,973.9216,973921.5999
1,1003.8655,974.2215,974221.4999
1,1003.9698,974.3258,974325.7999
1,1004.0288,974.3848,974384.7999
1,1004.1033,974.4593,974459.2999
1,1004.1632,974.5192,974519.1999
1,1004.4908,974.8468,974846.7999
1,1004.5375,974.8935,974893.4999
1,1004.5978,974.9538,974953.7999
1,1004.6848,975.0408,975040.7999
1,1004.7832,975.1392,975139.1999
1,1004.8131,975.1691,975169.0999
1,1004.8594,975.2154,975215.3999
1,1005.0948,975.4508,975450.7999
1,1005.2050,975.5610,975560.9999
1,1005.2169,975.5729,975572.8999
1,1005.2978,975.6538,975653.7999
1,1005.5346,975.8906,975890.5999
1,1005.5378,975.8938,975893.7999
1,1005.6210,975.9770,975976.9999
1,1005.6568,976.0128,976012.7999
1,1005.7271,976.0831,976083.0999
1,1005.7408,976.0968,976096.7999
1,1005.8741,976.2301,976230.0999
1,1005.8951,976.2511,976251.0999
1,1005.9125,976.2685,976268.4999
1,1005.9251,976.2811,976281.0999
1,1005.9416,976.2976,976297.5999
1,1005.9500,976.3060,976305.9999
1,1006.2040,976.5600,976559.9999
1,1006.2406,976.5966,976596.5999
1,1006.3725,976.7285,976728.4999
1,1006.6353,976.9913,976991.2999
1,1006.8195,977.1755,977175.4999
1,1006.9292,977.2852,977285.1999
1,1007.0285,977.3845,977384.4999
1,1007.0650,977.4210,977420.9999
1,1007.2326,977.5886,977588.5999
1,1007.2745,977.6305,977630.4999
1,1007.3389,977.6949,977694.8999
1,1007.5567,977.9127,977912.6999
1,1007.5732,977.9292,977929.1999
1,1007.6372,977.9932,977993.1999
1,1007.6450,978.0010,978000.9999
1,1007.6641,978.0201,978020.0999
1,1007.9488,978.3048,978304.7999
1,1007.9968,978.3528,978352.7999
1,1008.0825,978.4385,978438.4999
1,1008.2765,978.6325,978632.4999
1,1008.6283,978.9843,978984.2999
1,1008.6843,979.0403,979040.2999
1,1008.7923,979.1483,979148.2999
1,1008.8381,979.1941,979194.0999
1,1009.0870,979.4430,979442.9999
1,1009.1193,979.4753,979475.2999
1,1009.1422,979.4982,979498.1999
1,1009.2023,979.5583,979558.2999
1,1009.3172,979.6732,979673.1999
1,1009.3608,979.7168,979716.7999
1,1009.4048,979.7608,979760.7999
1,1009.6207,979.9767,979976.6999
1,1009.7095,980.0655,980065.4999
1,1009.7163,980.0723,980072.2999
1,1009.9053,980.2613,980261.2999
1,1010.0568,980.4128,980412.7999
1,1010.0997,980.4557,980455.6999
1,1010.2419,980.5979,980597.8999
1,1010.3266,980.6826,980682.5999
1,1010.4382,980.7942,980794.1999
1,1010.4525,980.8085,980808.4999
1,1010.4938,980.8498,980849.7999
1,1010.6084,980.9644,980964.3999
1,1010.6823,981.0383,981038.2999
1,1010.7073,981.0633,981063.2999
1,1010.7621,981.1181,981118.0999
1,1010.8565,981.2125,981212.4999
1,1010.8965,981.2525,981252.4999
1,1010.9181,981.2741,981274.0999
1,1010.9856,981.3416,981341.5999
1,1011.0419,981.3979,981397.8999
1,1011.0837,981.4397,981439.6999
1,1011.1561,981.5121,981512.0999
1,1011.2315,981.5875,981587.4999
1,1011.3493,981.7053,981705.2999
1,1011.7454,982.1014,982101.3999
1,1011.7845,982.1405,982140.4999
1,1011.8200,982.1760,982175.9999
1,1012.1040,982.4600,982459.9999
1,1012.1731,982.5291,982529.0999
1,1012.3140,982.6700,982669.9999
1,1012.3413,982.6973,982697.2999
1,1012.3602,982.7162,982716.1999
1,1012.3902,982.7462,982746.1999
1,1012.5935,982.9495,982949.4999
1,1012.6716,983.0276,983027.5999
1,1012.7734,983.1294,983129.3999
1,1012.8135,983.1695,983169.4999
1,1012.9693,983.3253,983325.2999
1,1013.1305,983.4865,983486.4999
1,1013.1928,983.5488,983548.7999
1,1013.2176,983.5736,983573.5999
1,1013.2659,983.6219,983621.8999
1,1013.2851,983.6411,983641.0999
1,1013.3240,983.6800,983679.9999
1,1013.3940,983.7500,983749.9999
1,1013.4445,983.8005,983800.4999
1,1013.7959,984.1519,984151.8999
1,1013.8881,984.2441,984244.0999
1,1013.9432,984.2992,984299.1999
1,1013.9610,984.3170,984316.9999
1,1014.1449,984.5009,984500.8999
1,1014.3180,984.6740,984673.9999
1,1014.3786,984.7346,984734.5999
1,1014.4205,984.7765,984776.4999
1,1014.7041,985.0601,985060.0999
1,1014.7565,985.1125,985112.4999
1,1014.8379,985.1939,985193.8999
1,1014.9606,985.3166,985316.5999
1,1014.9785,985.3345,985334.4999
1,1015.0123,985.3683,985368.2999
1,1015.0598,985.4158,985415.7999
1,1015.2976,985.6536,985653.5999
1,1015.3347,985.6907,985690.6999
1,1015.3729,985.7289,985728.8999
1,1015.4102,985.7662,985766.1999
1,1015.4237,985.7797,985779.6999
1,1015.4884,985.8444,985844.3999
1,1015.7202,986.0762,986076.1999
1,1015.9022,986.2582,986258.1999
1,1015.9410,986.2970,986296.9999
1,1015.9912,986.3472,986347.1999
1,1016.0246,986.3806,986380.5999
1,1016.0520,986.4080,986407.9999
1,1016.1346,986.4906,986490.5999
1,1016.4844,986.8404,986840.3999
1,1016.5159,986.8719,986871.8999
1,1016.5580,986.9140,986913.9999
1,1016.6558,987.0118,987011.7999
1,1016.7182,987.0742,987074.1999
1,1016.7632,987.1192,987119.1999
1,1016.8411,987.1971,987197.0999
1,1016.8586,987.2146,987214.5999
1,1016.9165,987.2725,987272.4999
1,1017.2812,987.6372,987637.1999
1,1017.4382,987.7942,987794.1999
1,1017.4782,987.8342,987834.1999
1,1017.5736,987.9296,987929.5999
1,1017.7327,988.0887,988088.6999
1,1017.7750,988.1310,988130.9999
1,1017.8925,988.2485,988248.4999
1,1017.9329,988.2889,988288.8999
1,1017.9977,988.3537,988353.6999
1,1018.0913,988.4473,988447.2999
1,1018.1717,988.5277,988527.6999
1,1018.3817,988.7377,988737.6999
1,1018.5693,988.9253,988925.2999
1,1018.6698,989.0258,989025.7999
1,1018.7270,989.0830,989082.9999
1,1018.7358,989.0918,989091.7999
1,1018.8261,989.1821,989182.0999
1,1018.8701,989.2261,989226.0999
1,1018.8854,989.2414,989241.3999
1,1018.9064,989.2624,989262.3999
1,1018.9243,989.2803,989280.2999
1,1018.9461,989.3021,989302.0999
1,1019.0860,989.4420,989441.9999
1,1019.2572,989.6132,989613.1999
1,1019.2790,989.6350,989634.9999
1,1019.3987,989.7547,989754.6999
1,1019.4211,989.7771,989777.0999
1,1019.4512,989.8072,989807.1999
1,1019.6051,989.9611,989961.0999
1,1019.6762,990.0322,990032.1999
1,1019.9170,990.2730,990272.9999
1,1019.9527,990.3087,990308.6999
1,1020.0032,990.3592,990359.1999
1,1020.1982,990.5542,990554.1999
1,1020.4375,990.7935,990793.4999
1,1020.8325,991.1885,991188.4999
1,1021.0504,991.4064,991406.3999
1,1021.1314,991.4874,991487.3999
1,1021.1877,991.5437,991543.6999
1,1021.2616,991.6176,991617.5999
1,1021.2785,991.6345,991634.4999
1,1021.3035,991.6595,991659.4999
1,1021.3445,991.7005,991700.4999
1,1021.3623,991.7183,991718.2999
1,1021.3922,991.7482,991748.1999
1,1021.6242,991.9802,991980.1999
1,1021.7035,992.0595,992059.4999
1,1021.7670,992.1230,992122.9999
1,1021.7821,992.1381,992138.0999
1,1021.8454,992.2014,992201.3999
1,1021.8579,992.2139,992213.8999
1,1022.0388,992.3948,992394.7999
1,1022.0497,992.4057,992405.6999
1,1022.1663,992.5223,992522.2999
1,1022.2910,992.6470,992646.9999
1,1022.5081,992.8641,992864.0999
1,1022.7937,993.1497,993149.6999
1,1022.8381,993.1941,993194.0999
1,1022.9608,993.3168,993316.7999
1,1023.0204,993.3764,993376.3999
1,1023.1013,993.4573,993457.2999
1,1023.2722,993.6282,993628.1999
1,1023.3810,993.7370,993736.9999
1,1023.5798,993.9358,993935.7999
1,1023.6633,994.0193,994019.2999
1,1023.6948,994.0508,994050.7999
1,1023.7946,994.1506,994150.5999
1,1023.8103,994.1663,994166.2999
1,1023.8706,994.2266,994226.5999
1,1023.9903,994.3463,994346.2999
1,1024.1154,994.4714,994471.3999
1,1024.3638,994.7198,994719.7999
1,1024.4099,994.7659,994765.8999
1,1024.4634,994.8194,994819.3999
1,1024.6829,995.0389,995038.8999
1,1024.7278,995.0838,995083.7999
1,1024.7653,995.1213,995121.2999
1,1024.7837,995.1397,995139.6999
1,1024.8214,995.1774,995177.3999
1,1024.9540,995.3100,995309.9999
1,1024.9651,995.3211,995321.0999
1,1024.9868,995.3428,995342.7999
1,1025.0699,995.4259,995425.8999
1,1025.0808,995.4368,995436.7999
1,1025.3863,995.7423,995742.2999
1,1025.4059,995.7619,995761.8999
1,1025.7366,996.0926,996092.5999
1,1025.8044,996.1604,996160.3999
1,1025.9015,996.2575,996257.4999
1,1025.9527,996.3087,996308.6999
1,1026.2408,996.5968,996596.7999
1,1026.3942,996.7502,996750.1999
1,1026.4472,996.8032,996803.1999
1,1026.4633,996.8193,996819.2999
1,1026.4891,996.8451,996845.0999
1,1026.5349,996.8909,996890.8999
1,1026.6118,996.9678,996967.7999
1,1026.6315,996.9875,996987.4999
1,1026.6629,997.0189,997018.8999
1,1026.8456,997.2016,997201.5999
1,1026.8546,997.2106,997210.5999
1,1026.8967,997.2527,997252.6999
1,1027.0941,997.4501,997450.0999
1,1027.2359,997.5919,997591.8999
1,1027.2617,997.6177,997617.6999
1,1027.3608,997.7168,997716.7999
1,1027.3974,997.7534,997753.3999
1,1027.4474,997.8034,997803.3999
1,1027.7095,998.0655,998065.4999
1,1027.7815,998.1375,998137.4999
1,1027.9711,998.3271,998327.0999
1,1028.1911,998.5471,998547.0999
1,1028.3789,998.7349,998734.8999
1,1028.4467,998.8027,998802.6999
1,1028.4684,998.8244,998824.3999
1,1028.4851,998.8411,998841.0999
1,1028.4917,998.8477,998847.6999
1,1028.5060,998.8620,998861.9999
1,1028.5427,998.8987,998898.6999
1,1028.7725,999.1285,999128.4999
1,1028.9429,999.2989,999298.8999
1,1028.9816,999.3376,999337.5999
1,1029.1781,999.5341,999534.0999
1,1029.2004,999.5564,999556.3999
1,1029.3545,999.7105,999710.4999
1,1029.4318,999.7878,999787.7999
1,1029.4504,999.8064,999806.3999
1,1029.5283,999.8843,999884.2999
1,1029.5752,999.9312,999931.1999
1,1029.6101,999.9661,999966.0999
1,1029.8282,1000.1842,1000184.1999
1,1030.1343,1000.4903,1000490.2999
1,1030.1611,1000.5171,1000517.0999
1,1030.2853,1000.6413,1000641.2999
1,1030.3008,1000.6568,1000656.7999
1,1030.3226,1000.6786,1000678.5999
1,1030.3406,1000.6966,1000696.5999
1,1030.5128,1000.8688,1000868.7999
1,1030.5856,1000.9416,1000941.5999
1,1030.6991,1001.0551,1001055.0999
1,1030.8163,1001.1723,1001172.2999
1,1031.0474,1001.4034,1001403.3999
1,1031.0507,1001.4067,1001406.6999
1,1031.0875,1001.4435,1001443.4999
1,1031.1142,1001.4702,1001470.1999
1,1031.1637,1001.5197,1001519.6999
1,1031.2629,1001.6189,1001618.8999
1,1031.5421,1001.8981,1001898.0999
1,1031.5717,1001.9277,1001927.6999
1,1031.6694,1002.0254,1002025.3999
1,1031.8683,1002.2243,1002224.2999
1,1031.9384,1002.2944,1002294.3999
1,1032.1362,1002.4922,1002492.1999
1,1032.2860,1002.6420,1002641.9999
1,1032.3026,1002.6586,1002658.5999
1,1032.3301,1002.6861,1002686.0999
1,1032.3688,1002.7248,1002724.7999
1,1032.4022,1002.7582,1002758.1999
1,1032.4596,1002.8156,1002815.5999
1,1032.4673,1002.8233,1002823.2999
1,1032.5544,1002.9104,1002910.3999
1,1032.7044,1003.0604,1003060.3999
1,1032.7606,1003.1166,1003116.5999
1,1032.7829,1003.1389,1003138.8999
1,1033.0243,1003.3803,1003380.2999
1,1033.2110,1003.5670,1003566.9999
1,1033.2244,1003.5804,1003580.3999
1,1033.2494,1003.6054,1003605.3999
1,1033.2729,1003.6289,1003628.8999
1,1033.3720,1003.7280,1003727.9999
1,1033.4113,1003.7673,1003767.2999
1,1033.4831,1003.8391,1003839.0999
1,1033.5404,1003.8964,1003896.3999
1,1033.5974,1003.9534,1003953.3999
1,1033.6196,1003.9756,1003975.5999
1,1033.6539,1004.0099,1004009.8999
1,1033.9967,1004.3527,1004352.6999
1,1034.0376,1004.3936,1004393.5999
1,1034.1658,1004.5218,1004521.7999
1,1034.2850,1004.6410,1004640.9999
1,1034.3742,1004.7302,1004730.1999
1,1034.4180,1004.7740,1004773.9999
1,1034.4263,1004.7823,1004782.2999
1,1034.4396,1004.7956,1004795.5999
1,1034.4696,1004.8256,1004825.5999
1,1034.4971,1004.8531,1004853.0999
1,1034.5106,1004.8666,1004866.5999
1,1034.6362,1004.9922,1004992.1999
1,1034.7199,1005.0759,1005075.8999
1,1034.7491,1005.1051,1005105.0999
1,1034.8050,1005.1610,1005160.9999
1,1034.8552,1005.2112,1005211.1999
1,1035.0181,1005.3741,1005374.0999
1,1035.0531,1005.4091,1005409.0999
1,1035.1103,1005.4663,1005466.2999
1,1035.3031,1005.6591,1005659.0999
1,1035.3308,1005.6868,1005686.7999
1,1035.5361,1005.8921,1005892.0999
1,1035.7279,1006.0839,1006083.8999
1,1035.7468,1006.1028,1006102.7999
1,1035.7756,1006.1316,1006131.5999
1,1035.8586,1006.2146,1006214.5999
1,1035.8833,1006.2393,1006239.2999
1,1035.9265,1006.2825,1006282.4999
1,1035.9356,1006.2916,1006291.5999
1,1035.9745,1006.3305,1006330.4999
1,1036.1017,1006.4577,1006457.6999
1,1036.3568,1006.7128,1006712.7999
1,1036.3845,1006.7405,1006740.4999
1,1036.6986,1007.0546,1007054.5999
1,1036.8551,1007.2111,1007211.0999
1,1037.3391,1007.6951,1007695.0999
1,1037.4109,1007.7669,1007766.8999
1,1037.4707,1007.8267,1007826.6999
1,1037.4872,1007.8432,1007843.1999
1,1037.5162,1007.8722,1007872.1999
1,1037.6750,1008.0310,1008030.9999
1,1037.6980,1008.0540,1008053.9999
1,1037.8034,1008.1594,1008159.3999
1,1037.8717,1008.2277,1008227.6999
1,1037.9209,1008.2769,1008276.8999
1,1038.2071,1008.5631,1008563.0999
1,1038.2405,1008.5965,1008596.4999
1,1038.2961,1008.6521,1008652.0999
1,1038.3691,1008.7251,1008725.0999
1,1038.3913,1008.7473,1008747.2999
1,1038.4616,1008.8176,1008817.5999
1,1038.4848,1008.8408,1008840.7999
1,1038.5451,1008.9011,1008901.0999
1,1038.7797,1009.1357,1009135.6999
1,1038.8929,1009.2489,1009248.8999
1,1039.0531,1009.4091,1009409.0999
1,1039.2744,1009.6304,1009630.3999
1,1039.4369,1009.7929,1009792.8999
1,1039.4671,1009.8231,1009823.0999
1,1039.5711,1009.9271,1009927.0999
1,1039.6637,1010.0197,1010019.6999
1,1039.8007,1010.1567,1010156.6999
1,1040.2263,1010.5823,1010582.2999
1,1040.3111,1010.6671,1010667.0999
1,1040.3343,1010.6903,1010690.2999
1,1040.3466,1010.7026,1010702.5999
1,1040.3773,1010.7333,1010733.2999
1,1040.4318,1010.7878,1010787.7999
1,1040.6041,1010.9601,1010960.0999
1,1040.6319,1010.9879,1010987.8999
1,1040.6814,1011.0374,1011037.3999
1,1040.8428,1011.1988,1011198.7999
1,1041.0176,1011.3736,1011373.5999
1,1041.0323,1011.3883,1011388.2999
1,1041.1645,1011.5205,1011520.4999
1,1041.2853,1011.6413,1011641.2999
1,1041.3507,1011.7067,1011706.6999
1,1041.4475,1011.8035,1011803.4999
1,1041.4752,1011.8312,1011831.1999
1,1041.4914,1011.8474,1011847.3999
1,1041.5495,1011.9055,1011905.4999
1,1041.5970,1011.9530,1011952.9999
1,1041.7494,1012.1054,1012105.3999
1,1041.8434,1012.1994,1012199.3999
1,1041.9566,1012.3126,1012312.5999
1,1041.9923,1012.3483,1012348.2999
1,1042.0398,1012.3958,1012395.7999
1,1042.0610,1012.4170,1012416.9999
1,1042.1050,1012.4610,1012460.9999
1,1042.3517,1012.7077,1012707.6999
1,1042.4007,1012.7567,1012756.6999
1,1042.4471,1012.8031,1012803.0999
1,1042.4625,1012.8185,1012818.4999
1,1042.4709,1012.8269,1012826.8999
1,1042.5391,1012.8951,1012895.0999
1,1042.6807,1013.0367,1013036.6999
1,1042.7815,1013.1375,1013137.4999
1,1042.7901,1013.1461,1013146.0999
1,1042.7980,1013.1540,1013153.9999
1,1042.8119,1013.1679,1013167.8999
1,1042.8501,1013.2061,1013206.0999
1,1043.0803,1013.4363,1013436.2999
1,1043.1078,1013.4638,1013463.7999
1,1043.1805,1013.5365,1013536.4999
1,1043.1969,1013.5529,1013552.8999
1,1043.2441,1013.6001,1013600.0999
1,1043.2582,1013.6142,1013614.1999
1,1043.2647,1013.6207,1013620.6999
1,1043.2758,1013.6318,1013631.7999
1,1043.2838,1013.6398,1013639.7999
1,1043.3282,1013.6842,1013684.1999
1,1043.5111,1013.8671,1013867.0999
1,1043.6115,1013.9675,1013967.4999
1,1043.6253,1013.9813,1013981.2999
1,1043.6453,1014.0013,1014001.2999
1,1043.6765,1014.0325,1014032.4999
1,1043.6983,1014.0543,1014054.2999
1,1043.8823,1014.2383,1014238.2999
1,1043.9397,1014.2957,1014295.6999
1,1044.1100,1014.4660,1014465.9999
1,1044.1255,1014.4815,1014481.4999
1,1044.1678,1014.5238,1014523.7999
1,1044.2213,1014.5773,1014577.2999
1,1044.2755,1014.6315,1014631.4999
1,1044.5326,1014.8886,1014888.5999
1,1044.6029,1014.9589,1014958.8999
1,1044.7290,1015.0850,1015084.9999
1,1044.9017,1015.2577,1015257.6999
1,1044.9290,1015.2850,1015284.9999
1,1045.1181,1015.4741,1015474.0999
1,1045.1652,1015.5212,1015521.1999
1,1045.3330,1015.6890,1015688.9999
1,1045.3746,1015.7306,1015730.5999
1,1045.5158,1015.8718,1015871.7999
1,1045.5854,1015.9414,1015941.3999
1,1045.6193,1015.9753,1015975.2999
1,1045.6635,1016.0195,1016019.4999
1,1045.6832,1016.0392,1016039.1999
1,1045.9072,1016.2632,1016263.1999
1,1045.9662,1016.3222,1016322.1999
1,1046.0668,1016.4228,1016422.7999
1,1046.1309,1016.4869,1016486.8999
1,1046.1565,1016.5125,1016512.4999
1,1046.1769,1016.5329,1016532.8999
1,1046.2128,1016.5688,1016568.7999
1,1046.2345,1016.5905,1016590.4999
1,1046.2891,1016.6451,1016645.0999
1,1046.3043,1016.6603,1016660.2999
1,1046.4497,1016.8057,1016805.6999
1,1046.5042,1016.8602,1016860.1999
1,1046.5788,1016.9348,1016934.7999
1,1046.6246,1016.9806,1016980.5999
1,1046.6407,1016.9967,1016996.6999
1,1046.6722,1017.0282,1017028.1999
1,1046.8963,1017.2523,1017252.2999
1,1046.9190,1017.2750,1017274.9999
1,1046.9796,1017.3356,1017335.5999
1,1047.0440,1017.4000,1017399.9999
1,1047.0683,1017.4243,1017424.2999
1,1047.1010,1017.4570,1017456.9999
1,1047.1408,1017.4968,1017496.7999
1,1047.1592,1017.5152,1017515.1999
1,1047.5213,1017.8773,1017877.2999
1,1047.6650,1018.0210,1018020.9999
1,1047.7138,1018.0698,1018069.7999
1,1047.7483,1018.1043,1018104.2999
1,1047.9056,1018.2616,1018261.5999
1,1048.0882,1018.4442,1018444.1999
1,1048.1187,1018.4747,1018474.6999
1,1048.1579,1018.5139,1018513.8999
1,1048.2747,1018.6307,1018630.6999
1,1048.2914,1018.6474,1018647.3999
1,1048.4912,1018.8472,1018847.1999
1,1048.5414,1018.8974,1018897.3999
1,1048.6019,1018.9579,1018957.8999
1,1048.6718,1019.0278,1019027.7999
1,1048.7524,1019.1084,1019108.3999
1,1048.7752,1019.1312,1019131.1999
1,1048.9053,1019.2613,1019261.2999
1,1049.0462,1019.4022,1019402.1999
1,1049.1313,1019.4873,1019487.2999
1,1049.3010,1019.6570,1019656.9999
1,1049.4193,1019.7753,1019775.2999
1,1049.4620,1019.8180,1019817.9999
1,1049.5033,1019.8593,1019859.2999
1,1049.5215,1019.8775,1019877.4999
1,1049.5808,1019.9368,1019936.7999
1,1049.6054,1019.9614,1019961.3999
1,1049.6274,1019.9834,1019983.3999
1,1049.6506,1020.0066,1020006.5999
1,1049.8813,1020.2373,1020237.2999
1,1049.8989,1020.2549,1020254.8999
1,1049.9144,1020.2704,1020270.3999
1,1050.0481,1020.4041,1020404.0999
1,1050.0734,1020.4294,1020429.3999
1,1050.1048,1020.4608,1020460.7999
1,1050.1306,1020.4866,1020486.5999
1,1050.3660,1020.7220,1020721.9999
1,1050.4883,1020.8443,1020844.2999
1,1050.5348,1020.8908,1020890.7999
1,1050.5641,1020.9201,1020920.0999
1,1050.7328,1021.0888,1021088.7999
1,1050.8873,1021.2433,1021243.2999
1,1050.9096,1021.2656,1021265.5999
1,1050.9318,1021.2878,1021287.7999
1,1051.1565,1021.5125,1021512.4999
1,1051.2333,1021.5893,1021589.2999
1,1051.3134,1021.6694,1021669.3999
1,1051.4861,1021.8421,1021842.0999
1,1051.5523,1021.9083,1021908.2999
1,1051.6750,1022.0310,1022030.9999
1,1051.9841,1022.3401,1022340.0999
1,1052.0549,1022.4109,1022410.8999
1,1052.2547,1022.6107,1022610.6999
1,1052.3311,1022.6871,1022687.0999
1,1052.4432,1022.7992,1022799.1999
1,1052.5123,1022.8683,1022868.2999
1,1052.5462,1022.9022,1022902.1999
1,1052.5645,1022.9205,1022920.4999
1,1052.6130,1022.9690,1022968.9999
1,1052.8790,1023.2350,1023234.9999
1,1052.8976,1023.2536,1023253.5999
1,1052.9313,1023.2873,1023287.2999
1,1052.9444,1023.3004,1023300.3999
1,1053.2969,1023.6529,1023652.8999
1,1053.3595,1023.7155,1023715.4999
1,1053.5049,1023.8609,1023860.8999
1,1053.5952,1023.9512,1023951.1999
1,1053.8806,1024.2366,1024236.5999
1,1053.9899,1024.3459,1024345.8999
1,1054.0448,1024.4008,1024400.7999
1,1054.1456,1024.5016,1024501.5999
1,1054.2171,1024.5731,1024573.0999
1,1054.4053,1024.7613,1024761.2999
1,1054.4155,1024.7715,1024771.4999
1,1054.4434,1024.7994,1024799.3999
1,1054.4795,1024.8355,1024835.4999
1,1054.6674,1025.0234,1025023.3999
1,1054.6780,1025.0340,1025033.9999
1,1054.6950,1025.0510,1025050.9999
1,1054.9096,1025.2656,1025265.5999
1,1054.9242,1025.2802,1025280.1999
1,1054.9434,1025.2994,1025299.3999
1,1054.9792,1025.3352,1025335.1999
1,1055.1712,1025.5272,1025527.1999
1,1055.4138,1025.7698,1025769.7999
1,1055.6389,1025.9949,1025994.8999
1,1055.6865,1026.0425,1026042.4999
1,1055.8424,1026.1984,1026198.3999
1,1056.1374,1026.4934,1026493.3999
1,1056.1518,1026.5078,1026507.7999
1,1056.1645,1026.5205,1026520.4999
1,1056.3061,1026.6621,1026662.0999
1,1056.3274,1026.6834,1026683.3999
1,1056.3363,1026.6923,1026692.2999
1,1056.3526,1026.7086,1026708.5999
1,1056.3840,1026.7400,1026739.9999
1,1056.6179,1026.9739,1026973.8999
1,1056.6285,1026.9845,1026984.4999
1,1056.9145,1027.2705,1027270.4999
1,1056.9792,1027.3352,1027335.1999
1,1057.1084,1027.4644,1027464.3999
1,1057.2958,1027.6518,1027651.7999
1,1057.4611,1027.8171,1027817.0999
1,1057.4859,1027.8419,1027841.8999
1,1057.5337,1027.8897,1027889.6999
1,1057.5510,1027.9070,1027906.9999
1,1057.5586,1027.9146,1027914.5999
1,1057.5661,1027.9221,1027922.0999
1,1057.8441,1028.2001,1028200.0999
1,1057.8766,1028.2326,1028232.5999
1,1058.2490,1028.6050,1028604.9999
1,1058.5865,1028.9425,1028942.4999
1,1058.6840,1029.0400,1029039.9999
1,1058.7026,1029.0586,1029058.5999
1,1058.7704,1029.1264,1029126.3999
1,1058.9712,1029.3272,1029327.1999
1,1059.0552,1029.4112,1029411.1999
1,1059.2000,1029.5560,1029555.9999
1,1059.2643,1029.6203,1029620.2999
1,1059.4846,1029.8406,1029840.5999
1,1059.5402,1029.8962,1029896.1999
1,1059.5547,1029.9107,1029910.6999
1,1059.5753,1029.9313,1029931.2999
1,1059.8360,1030.1920,1030191.9999
1,1060.0291,1030.3851,1030385.0999
1,1060.0791,1030.4351,1030435.0999
1,1060.1763,1030.5323,1030532.2999
1,1060.3028,1030.6588,1030658.7999
1,1060.4751,1030.8311,1030831.0999
1,1060.5859,1030.9419,1030941.8999
1,1060.6760,1031.0320,1031031.9999
1,1060.9176,1031.2736,1031273.5999
1,1061.0899,1031.4459,1031445.8999
1,1061.1270,1031.4830,1031482.9999
1,1061.1414,1031.4974,1031497.3999
1,1061.3785,1031.7345,1031734.4999
1,1061.4497,1031.8057,1031805.6999
1,1061.4748,1031.8308,1031830.7999
1,1061.5019,1031.8579,1031857.8999
1,1061.5125,1031.8685,1031868.4999
1,1061.5369,1031.8929,1031892.8999
1,1061.6136,1031.9696,1031969.5999
1,1061.6992,1032.0552,1032055.1999
1,1061.8511,1032.2071,1032207.0999
1,1061.9294,1032.2854,1032285.3999
1,1061.9747,1032.3307,1032330.6999
1,1062.0854,1032.4414,1032441.3999
1,1062.0940,1032.4500,1032449.9999
1,1062.1057,1032.4617,1032461.6999
1,1062.3210,1032.6770,1032676.9999
1,1062.4771,1032.8331,1032833.0999
1,1062.5129,1032.8689,1032868.8999
1,1062.5206,1032.8766,1032876.5999
1,1062.5499,1032.9059,1032905.8999
1,1062.7263,1033.0823,1033082.2999
1,1062.7324,1033.0884,1033088.3999
1,1062.7496,1033.1056,1033105.5999
1,1062.7538,1033.1098,1033109.7999
1,1062.7619,1033.1179,1033117.8999
1,1062.7749,1033.1309,1033130.8999
1,1063.0163,1033.3723,1033372.2999
1,1063.1376,1033.4936,1033493.5999
1,1063.2475,1033.6035,1033603.4999
1,1063.2739,1033.6299,1033629.8999
1,1063.2901,1033.6461,1033646.0999
1,1063.3614,1033.7174,1033717.3999
1,1063.3961,1033.7521,1033752.0999
1,1063.4181,1033.7741,1033774.0999
1,1063.5015,1033.8575,1033857.4999
1,1063.6088,1033.9648,1033964.7999
1,1063.7609,1034.1169,1034116.8999
1,1063.7898,1034.1458,1034145.7999
1,1063.8133,1034.1693,1034169.2999
1,1063.8345,1034.1905,1034190.4999
1,1063.8754,1034.2314,1034231.3999
1,1063.9175,1034.2735,1034273.4999
1,1064.1170,1034.4730,1034472.9999
1,1064.1346,1034.4906,1034490.5999
1,1064.2293,1034.5853,1034585.2999
1,1064.2493,1034.6053,1034605.2999
1,1064.2556,1034.6116,1034611.5999
1,1064.5264,1034.8824,1034882.3999
1,1064.6365,1034.9925,1034992.4999
1,1064.6906,1035.0466,1035046.5999
1,1064.7350,1035.0910,1035090.9999
1,1064.7848,1035.1408,1035140.7999
1,1065.0292,1035.3852,1035385.1999
1,1065.0500,1035.4060,1035405.9999
1,1065.1216,1035.4776,1035477.5999
1,1065.1508,1035.5068,1035506.7999
1,1065.2121,1035.5681,1035568.0999
1,1065.3116,1035.6676,1035667.5999
1,1065.3510,1035.7070,1035706.9999
1,1065.5712,1035.9272,1035927.1999
1,1065.6366,1035.9926,1035992.5999
1,1065.6720,1036.0280,1036027.9999
1,1065.8328,1036.1888,1036188.7999
1,1065.8474,1036.2034,1036203.3999
1,1066.1119,1036.4679,1036467.8999
1,1066.4778,1036.8338,1036833.7999
1,1066.5117,1036.8677,1036867.6999
1,1066.5310,1036.8870,1036886.9999
1,1066.6218,1036.9778,1036977.7999
1,1066.6711,1037.0271,1037027.0999
1,1066.6981,1037.0541,1037054.0999
1,1066.7314,1037.0874,1037087.3999
1,1066.8920,1037.2480,1037247.9999
1,1066.9384,1037.2944,1037294.3999
1,1067.1284,1037.4844,1037484.3999
1,1067.2271,1037.5831,1037583.0999
1,1067.2586,1037.6146,1037614.5999
1,1067.3414,1037.6974,1037697.3999
1,1067.4486,1037.8046,1037804.5999
1,1067.6368,1037.9928,1037992.7999
1,1067.6953,1038.0513,1038051.2999
1,1067.7236,1038.0796,1038079.5999
1,1067.7547,1038.1107,1038110.6999
1,1067.8311,1038.1871,1038187.0999
1,1068.0436,1038.3996,1038399.5999
1,1068.0681,1038.4241,1038424.0999
1,1068.1053,1038.4613,1038461.2999
1,1068.1354,1038.4914,1038491.3999
1,1068.1846,1038.5406,1038540.5999
1,1068.2931,1038.6491,1038649.0999
1,1068.3229,1038.6789,1038678.8999
1,1068.3342,1038.6902,1038690.1999
1,1068.3481,1038.7041,1038704.0999
1,1068.3570,1038.7130,1038712.9999
1,1068.3622,1038.7182,1038718.1999
1,1068.4919,1038.8479,1038847.8999
1,1068.7117,1039.0677,1039067.6999
1,1068.8469,1039.2029,1039202.8999
1,1069.1283,1039.4843,1039484.2999
1,1069.1870,1039.5430,1039542.9999
1,1069.2430,1039.5990,1039598.9999
1,1069.2721,1039.6281,1039628.0999
1,1069.4450,1039.8010,1039800.9999
1,1069.5739,1039.9299,1039929.8999
1,1069.6694,1040.0254,1040025.3999
1,1069.8601,1040.2161,1040216.0999
1,1069.8822,1040.2382,1040238.1999
1,1069.8999,1040.2559,1040255.8999
1,1069.9656,1040.3216,1040321.5999
1,1069.9930,1040.3490,1040348.9999
1,1070.0157,1040.3717,1040371.6999
1,1070.0666,1040.4226,1040422.5999
1,1070.1658,1040.5218,1040521.7999
1,1070.3779,1040.7339,1040733.8999
1,1070.3936,1040.7496,1040749.5999
1,1070.4147,1040.7707,1040770.6999
1,1070.4367,1040.7927,1040792.6999
1,1070.4993,1040.8553,1040855.2999
1,1070.5272,1040.8832,1040883.1999
1,1070.6024,1040.9584,1040958.3999
1,1070.7320,1041.0880,1041087.9999
1,1070.7804,1041.1364,1041136.3999
1,1070.8455,1041.2015,1041201.4999
1,1070.8633,1041.2193,1041219.2999
1,1070.8780,1041.2340,1041233.9999
1,1070.9089,1041.2649,1041264.8999
1,1070.9766,1041.3326,1041332.5999
1,1071.0089,1041.3649,1041364.8999
1,1071.0376,1041.3936,1041393.5999
1,1071.0802,1041.4362,1041436.1999
1,1071.1221,1041.4781,1041478.0999
1,1071.4187,1041.7747,1041774.6999
1,1071.4502,1041.8062,1041806.1999
1,1071.5182,1041.8742,1041874.1999
1,1071.5773,1041.9333,1041933.2999
1,1071.6005,1041.9565,1041956.4999
1,1071.6306,1041.9866,1041986.5999
1,1071.6609,1042.0169,1042016.8999
1,1071.6959,1042.0519,1042051.8999
1,1071.7592,1042.1152,1042115.1999
1,1071.8038,1042.1598,1042159.7999
1,1071.8259,1042.1819,1042181.8999
1,1071.9837,1042.3397,1042339.6999
1,1072.0355,1042.3915,1042391.4999
1,1072.0554,1042.4114,1042411.3999
1,1072.0973,1042.4533,1042453.2999
1,1072.1396,1042.4956,1042495.5999
1,1072.1605,1042.5165,1042516.4999
1,1072.2189,1042.5749,1042574.8999
1,1072.2596,1042.6156,1042615.5999
1,1072.6178,1042.9738,1042973.7999
1,1072.6883,1043.0443,1043044.2999
1,1072.8134,1043.1694,1043169.3999
1,1072.8693,1043.2253,1043225.2999
1,1072.8863,1043.2423,1043242.2999
1,1072.9885,1043.3445,1043344.4999
1,1073.0724,1043.4284,1043428.3999
1,1073.0961,1043.4521,1043452.0999
1,1073.1209,1043.4769,1043476.8999
1,1073.1608,1043.5168,1043516.7999
1,1073.2213,1043.5773,1043577.2999
1,1073.2437,1043.5997,1043599.6999
1,1073.2545,1043.6105,1043610.4999
1,1073.5443,1043.9003,1043900.2999
1,1073.6214,1043.9774,1043977.3999
1,1073.7007,1044.0567,1044056.6999
1,1073.7616,1044.1176,1044117.5999
1,1073.8404,1044.1964,1044196.3999
1,1073.8648,1044.2208,1044220.7999
1,1073.8710,1044.2270,1044226.9999
1,1073.9074,1044.2634,1044263.3999
1,1073.9266,1044.2826,1044282.5999
1,1073.9468,1044.3028,1044302.7999
1,1073.9546,1044.3106,1044310.5999
1,1074.0839,1044.4399,1044439.8999
1,1074.1499,1044.5059,1044505.8999
1,1074.3125,1044.6685,1044668.4999
1,1074.3635,1044.7195,1044719.4999
1,1074.4113,1044.7673,1044767.2999
1,1074.4291,1044.7851,1044785.0999
1,1074.6070,1044.9630,1044962.9999
1,1074.7766,1045.1326,1045132.5999
1,1074.9206,1045.2766,1045276.5999
1,1074.9612,1045.3172,1045317.1999
1,1075.0447,1045.4007,1045400.6999
1,1075.0922,1045.4482,1045448.1999
1,1075.1908,1045.5468,1045546.7999
1,1075.2429,1045.5989,1045598.8999
1,1075.2795,1045.6355,1045635.4999
1,1075.3148,1045.6708,1045670.7999
1,1075.3219,1045.6779,1045677.8999
1,1075.3374,1045.6934,1045693.3999
1,1075.5853,1045.9413,1045941.2999
1,1075.6099,1045.9659,1045965.8999
1,1075.6370,1045.9930,1045992.9999
1,1075.6711,1046.0271,1046027.0999
1,1075.9069,1046.2629,1046262.8999
1,1076.3023,1046.6583,1046658.2999
1,1076.3519,1046.7079,1046707.8999
1,1076.4088,1046.7648,1046764.7999
1,1076.4526,1046.8086,1046808.5999
1,1076.4772,1046.8332,1046833.1999
1,1076.4980,1046.8540,1046853.9999
1,1076.5050,1046.8610,1046860.9999
1,1076.5186,1046.8746,1046874.5999
1,1076.5312,1046.8872,1046887.1999
1,1076.5535,1046.9095,1046909.4999
1,1076.5717,1046.9277,1046927.6999
1,1076.7359,1047.0919,1047091.8999
1,1076.7503,1047.1063,1047106.2999
1,1076.8305,1047.1865,1047186.4999
1,1076.9693,1047.3253,1047325.2999
1,1077.0027,1047.3587,1047358.6999
1,1077.0574,1047.4134,1047413.3999
1,1077.0926,1047.4486,1047448.5999
1,1077.1764,1047.5324,1047532.3999
1,1077.2009,1047.5569,1047556.8999
1,1077.2104,1047.5664,1047566.3999
1,1077.2551,1047.6111,1047611.0999
1,1077.5246,1047.8806,1047880.5999
1,1077.6122,1047.9682,1047968.1999
1,1077.6568,1048.0128,1048012.7999
1,1077.6736,1048.0296,1048029.5999
1,1077.7435,1048.0995,1048099.4999
1,1077.9281,1048.2841,1048284.0999
1,1077.9397,1048.2957,1048295.6999
1,1078.0996,1048.4556,1048455.5999
1,1078.1160,1048.4720,1048471.9999
1,1078.1292,1048.4852,1048485.1999
1,1078.1947,1048.5507,1048550.6999
1,1078.2622,1048.6182,1048618.1999
1,1078.3290,1048.6850,1048684.9999
1,1078.3596,1048.7156,1048715.5999
1,1078.3792,1048.7352,1048735.1999
1,1078.5161,1048.8721,1048872.0999
1,1078.5256,1048.8816,1048881.5999
1,1078.7352,1049.0912,1049091.1999
1,1078.7508,1049.1068,1049106.7999
1,1078.7604,1049.1164,1049116.3999
1,1078.8038,1049.1598,1049159.7999
1,1078.9558,1049.3118,1049311.7999
1,1079.0477,1049.4037,1049403.6999
1,1079.0998,1049.4558,1049455.7999
1,1079.1322,1049.4882,1049488.1999
1,1079.2796,1049.6356,1049635.5999
1,1079.3179,1049.6739,1049673.8999
1,1079.3242,1049.6802,1049680.1999
1,1079.3549,1049.7109,1049710.8999
1,1079.5478,1049.9038,1049903.7999
1,1079.5611,1049.9171,1049917.0999
1,1079.5797,1049.9357,1049935.6999
1,1079.6218,1049.9778,1049977.7999
1,1079.6325,1049.9885,1049988.4999
1,1079.7063,1050.0623,1050062.2999
1,1079.7774,1050.1334,1050133.3999
1,1079.9535,1050.3095,1050309.4999
1,1079.9680,1050.3240,1050323.9999
1,1079.9985,1050.3545,1050354.4999
1,1080.0066,1050.3626,1050362.5999
1,1080.0281,1050.3841,1050384.0999
1,1080.0410,1050.3970,1050396.9999
1,1080.0708,1050.4268,1050426.7999
1,1080.1985,1050.5545,1050554.4999
1,1080.2311,1050.5871,1050587.0999
1,1080.3410,1050.6970,1050696.9999
1,1080.3614,1050.7174,1050717.3999
1,1080.4717,1050.8277,1050827.6999
1,1080.5772,1050.9332,1050933.1999
1,1080.6654,1051.0214,1051021.3999
1,1080.6969,1051.0529,1051052.8999
1,1081.0843,1051.4403,1051440.2999
1,1081.1348,1051.4908,1051490.7999
1,1081.1621,1051.5181,1051518.0999
1,1081.2284,1051.5844,1051584.3999
1,1081.3389,1051.6949,1051694.8999
1,1081.3729,1051.7289,1051728.8999
1,1081.3958,1051.7518,1051751.7999
1,1081.4323,1051.7883,1051788.2999
1,1081.5862,1051.9422,1051942.1999
1,1081.6819,1052.0379,1052037.8999
1,1081.6930,1052.0490,1052048.9999
1,1081.7319,1052.0879,1052087.8999
1,1081.8385,1052.1945,1052194.4999
1,1081.8848,1052.2408,1052240.7999
1,1082.0556,1052.4116,1052411.5999
1,1082.0939,1052.4499,1052449.8999
1,1082.1659,1052.5219,1052521.8999
1,1082.2787,1052.6347,1052634.6999
1,1082.3368,1052.6928,1052692.7999
1,1082.3922,1052.7482,1052748.1999
1,1082.8157,1053.1717,1053171.6999
1,1082.8516,1053.2076,1053207.5999
1,1082.8545,1053.2105,1053210.4999
1,1082.8938,1053.2498,1053249.7999
1,1082.9988,1053.3548,1053354.7999
1,1083.0407,1053.3967,1053396.6999
1,1083.2948,1053.6508,1053650.7999
1,1083.3583,1053.7143,1053714.2999
1,1083.3723,1053.7283,1053728.2999
1,1083.3904,1053.7464,1053746.3999
1,1083.5955,1053.9515,1053951.4999
1,1083.6263,1053.9823,1053982.2999
1,1083.6662,1054.0222,1054022.1999
1,1083.8736,1054.2296,1054229.5999
1,1084.0070,1054.3630,1054362.9999
1,1084.0457,1054.4017,1054401.6999
1,1084.1717,1054.5277,1054527.6999
1,1084.1936,1054.5496,1054549.5999
1,1084.2105,1054.5665,1054566.4999
1,1084.2266,1054.5826,1054582.5999
1,1084.2593,1054.6153,1054615.2999
1,1084.5146,1054.8706,1054870.5999
1,1084.9125,1055.2685,1055268.4999
1,1085.0882,1055.4442,1055444.1999
1,1085.1400,1055.4960,1055495.9999
1,1085.2264,1055.5824,1055582.3999
1,1085.3581,1055.7141,1055714.0999
1,1085.5849,1055.9409,1055940.8999
1,1085.6105,1055.9665,1055966.4999
1,1085.6336,1055.9896,1055989.5999
1,1085.8886,1056.2446,1056244.5999
1,1085.9810,1056.3370,1056336.9999
1,1086.0450,1056.4010,1056400.9999
1,1086.1224,1056.4784,1056478.3999
1,1086.1464,1056.5024,1056502.3999
1,1086.1646,1056.5206,1056520.5999
1,1086.1735,1056.5295,1056529.4999
1,1086.1973,1056.5533,1056553.2999
1,1086.4191,1056.7751,1056775.0999
1,1086.5399,1056.8959,1056895.8999
1,1086.5600,1056.9160,1056915.9999
1,1086.6783,1057.0343,1057034.2999
1,1086.6947,1057.0507,1057050.6999
1,1086.7596,1057.1156,1057115.5999
1,1086.9188,1057.2748,1057274.7999
1,1086.9522,1057.3082,1057308.1999
1,1087.0200,1057.3760,1057375.9999
1,1087.0463,1057.4023,1057402.2999
1,1087.0901,1057.4461,1057446.0999
1,1087.0934,1057.4494,1057449.3999
1,1087.1375,1057.4935,1057493.4999
1,1087.1712,1057.5272,1057527.1999
1,1087.3606,1057.7166,1057716.5999
1,1087.3908,1057.7468,1057746.7999
1,1087.5066,1057.8626,1057862.5999
1,1087.5817,1057.9377,1057937.6999
1,1087.7773,1058.1333,1058133.2999
1,1087.9310,1058.2870,1058286.9999
1,1087.9785,1058.3345,1058334.4999
1,1088.0333,1058.3893,1058389.2999
1,1088.4445,1058.8005,1058800.4999
1,1088.5413,1058.8973,1058897.2999
1,1088.5533,1058.9093,1058909.2999
1,1088.7124,1059.0684,1059068.3999
1,1088.7744,1059.1304,1059130.3999
1,1088.8545,1059.2105,1059210.4999
1,1089.1654,1059.5214,1059521.3999
1,1089.2298,1059.5858,1059585.7999
1,1089.2398,1059.5958,1059595.7999
1,1089.2594,1059.6154,1059615.3999
1,1089.2796,1059.6356,1059635.5999
1,1089.3007,1059.6567,1059656.6999
1,1089.4924,1059.8484,1059848.3999
1,1089.5728,1059.9288,1059928.7999
1,1089.6860,1060.0420,1060041.9999
1,1089.7122,1060.0682,1060068.1999
1,1089.8763,1060.2323,1060232.2999
1,1089.9250,1060.2810,1060280.9999
1,1089.9540,1060.3100,1060309.9999
1,1090.0160,1060.3720,1060371.9999
1,1090.1246,1060.4806,1060480.5999
1,1090.2889,1060.6449,1060644.8999
1,1090.3312,1060.6872,1060687.1999
1,1090.4391,1060.7951,1060795.0999
1,1090.5835,1060.9395,1060939.4999
1,1090.6433,1060.9993,1060999.2999
1,1090.6700,1061.0260,1061025.9999
1,1090.7917,1061.1477,1061147.6999
1,1090.8147,1061.1707,1061170.6999
1,1090.9952,1061.3512,1061351.1999
1,1091.0631,1061.4191,1061419.0999
1,1091.2145,1061.5705,1061570.4999
1,1091.2589,1061.6149,1061614.8999
1,1091.2960,1061.6520,1061651.9999
1,1091.3044,1061.6604,1061660.3999
1,1091.3340,1061.6900,1061689.9999
1,1091.4156,1061.7716,1061771.5999
1,1091.4216,1061.7776,1061777.5999
1,1091.6503,1062.0063,1062006.2999
1,1091.7982,1062.1542,1062154.1999
1,1091.8023,1062.1583,1062158.2999
1,1091.8298,1062.1858,1062185.7999
1,1091.8534,1062.2094,1062209.3999
1,1091.9462,1062.3022,1062302.1999
1,1091.9637,1062.3197,1062319.6999
1,1092.0465,1062.4025,1062402.4999
1,1092.0885,1062.4445,1062444.4999
1,1092.1495,1062.5055,1062505.4999
1,1092.3545,1062.7105,1062710.4999
1,1092.3904,1062.7464,1062746.3999
1,1092.4043,1062.7603,1062760.2999
1,1092.6268,1062.9828,1062982.7999
1,1092.7444,1063.1004,1063100.3999
1,1092.7934,1063.1494,1063149.3999
1,1092.8125,1063.1685,1063168.4999
1,1093.0607,1063.4167,1063416.6999
1,1093.2050,1063.5610,1063560.9999
1,1093.2167,1063.5727,1063572.6999
1,1093.2515,1063.6075,1063607.4999
1,1093.5059,1063.8619,1063861.8999
1,1093.6168,1063.9728,1063972.7999
1,1093.6441,1064.0001,1064000.0999
1,1093.6646,1064.0206,1064020.5999
1,1093.6963,1064.0523,1064052.2999
1,1093.7116,1064.0676,1064067.5999
1,1093.7216,1064.0776,1064077.5999
1,1093.9525,1064.3085,1064308.4999
1,1093.9972,1064.3532,1064353.1999
1,1094.1024,1064.4584,1064458.3999
1,1094.1530,1064.5090,1064508.9999
1,1094.3854,1064.7414,1064741.3999
1,1094.4772,1064.8332,1064833.1999
1,1094.7639,1065.1199,1065119.8999
1,1095.0267,1065.3827,1065382.6999
1,1095.1684,1065.5244,1065524.3999
1,1095.3711,1065.7271,1065727.0999
1,1095.4488,1065.8048,1065804.7999
1,1095.6060,1065.9620,1065961.9999
1,1095.6368,1065.9928,1065992.7999
1,1095.7395,1066.0955,1066095.4999
1,1095.8143,1066.1703,1066170.2999
1,1095.9229,1066.2789,1066278.8999
1,1096.1205,1066.4765,1066476.4999
1,1096.2345,1066.5905,1066590.4999
1,1096.3707,1066.7267,1066726.6999
1,1096.3931,1066.7491,1066749.0999
1,1096.4287,1066.7847,1066784.6999
1,1096.5474,1066.9034,1066903.3999
1,1096.5913,1066.9473,1066947.2999
1,1096.6781,1067.0341,1067034.0999
1,1096.7044,1067.0604,1067060.3999
1,1096.7151,1067.0711,1067071.0999
1,1096.7264,1067.0824,1067082.3999
1,1096.7470,1067.1030,1067102.9999
1,1096.8786,1067.2346,1067234.5999
1,1096.8996,1067.2556,1067255.5999
1,1096.9544,1067.3104,1067310.3999
1,1096.9837,1067.3397,1067339.6999
1,1097.0047,1067.3607,1067360.6999
1,1097.0277,1067.3837,1067383.6999
1,1097.0390,1067.3950,1067394.9999
1,1097.0510,1067.4070,1067406.9999
1,1097.0606,1067.4166,1067416.5999
1,1097.0699,1067.4259,1067425.8999
1,1097.0856,1067.4416,1067441.5999
1,1097.0890,1067.4450,1067444.9999
1,1097.0949,1067.4509,1067450.8999
1,1097.1042,1067.4602,1067460.1999
1,1097.1127,1067.4687,1067468.6999
1,1097.1593,1067.5153,1067515.2999
1,1097.2120,1067.5680,1067567.9999
1,1097.2475,1067.6035,1067603.4999
1,1097.3059,1067.6619,1067661.8999
1,1097.5745,1067.9305,1067930.4999
1,1097.7183,1068.0743,1068074.2999
1,1097.7688,1068.1248,1068124.7999
1,1097.8596,1068.2156,1068215.5999
1,1097.9534,1068.3094,1068309.3999
1,1098.1565,1068.5125,1068512.4999
1,1098.2264,1068.5824,1068582.3999
1,1098.2584,1068.6144,1068614.3999
1,1098.2719,1068.6279,1068627.8999
1,1098.2993,1068.6553,1068655.2999
1,1098.3306,1068.6866,1068686.5999
1,1098.3530,1068.7090,1068708.9999
1,1098.5647,1068.9207,1068920.6999
1,1098.5868,1068.9428,1068942.7999
1,1098.6373,1068.9933,1068993.2999
1,1098.6475,1069.0035,1069003.4999
1,1098.6944,1069.0504,1069050.3999
1,1098.7067,1069.0627,1069062.6999
1,1098.7324,1069.0884,1069088.3999
1,1098.9461,1069.3021,1069302.0999
1,1099.1003,1069.4563,1069456.2999
1,1099.1481,1069.5041,1069504.0999
1,1099.3469,1069.7029,1069702.8999
1,1099.3786,1069.7346,1069734.5999
1,1099.6224,1069.9784,1069978.3999
1,1099.7354,1070.0914,1070091.3999
1,1099.8128,1070.1688,1070168.7999
1,1099.8896,1070.2456,1070245.5999
1,1099.9575,1070.3135,1070313.4999
1,1100.1019,1070.4579,1070457.8999
1,1100.1357,1070.4917,1070491.6999
1,1100.2489,1070.6049,1070604.8999
1,1100.2598,1070.6158,1070615.7999
1,1100.3059,1070.6619,1070661.8999
1,1100.3187,1070.6747,1070674.6999
1,1100.3557,1070.7117,1070711.6999
1,1100.6869,1071.0429,1071042.8999
1,1100.8467,1071.2027,1071202.6999
1,1100.8575,1071.2135,1071213.4999
1,1100.8774,1071.2334,1071233.3999
1,1100.9191,1071.2751,1071275.0999
1,1101.0645,1071.4205,1071420.4999
1,1101.2828,1071.6388,1071638.7999
1,1101.4556,1071.8116,1071811.5999
1,1101.6636,1072.0196,1072019.5999
1,1101.8640,1072.2200,1072219.9999
1,1101.9054,1072.2614,1072261.3999
1,1102.0288,1072.3848,1072384.7999
1,1102.0588,1072.4148,1072414.7999
1,1102.2662,1072.6222,1072622.1999
1,1102.4246,1072.7806,1072780.5999
1,1102.4519,1072.8079,1072807.8999
1,1102.4780,1072.8340,1072833.9999
1,1102.5042,1072.8602,1072860.1999
1,1102.6426,1072.9986,1072998.5999
1,1102.6706,1073.0266,1073026.5999
1,1102.8743,1073.2303,1073230.2999
1,1103.0694,1073.4254,1073425.3999
1,1103.1194,1073.4754,1073475.3999
1,1103.2644,1073.6204,1073620.3999
1,1103.3122,1073.6682,1073668.1999
1,1103.5436,1073.8996,1073899.5999
1,1103.5597,1073.9157,1073915.6999
1,1103.6171,1073.9731,1073973.0999
1,1103.6497,1074.0057,1074005.6999
1,1103.6942,1074.0502,1074050.1999
1,1103.7074,1074.0634,1074063.3999
1,1103.7930,1074.1490,1074148.9999
1,1104.0458,1074.4018,1074401.7999
1,1104.1056,1074.4616,1074461.5999
1,1104.1590,1074.5150,1074514.9999
1,1104.2571,1074.6131,1074613.0999
1,1104.3084,1074.6644,1074664.3999
1,1104.3607,1074.7167,1074716.6999
1,1104.4224,1074.7784,1074778.3999
1,1104.4515,1074.8075,1074807.4999
1,1104.6229,1074.9789,1074978.8999
1,1104.6455,1075.0015,1075001.4999
1,1104.7049,1075.0609,1075060.8999
1,1104.7466,1075.1026,1075102.5999
1,1104.8412,1075.1972,1075197.1999
1,1104.8890,1075.2450,1075244.9999
1,1104.9205,1075.2765,1075276.4999
1,1104.9652,1075.3212,1075321.1999
1,1105.2219,1075.5779,1075577.8999
1,1105.3080,1075.6640,1075663.9999
1,1105.3792,1075.7352,1075735.1999
1,1105.5567,1075.9127,1075912.6999
1,1105.5916,1075.9476,1075947.5999
1,1105.6761,1076.0321,1076032.0999
1,1105.7653,1076.1213,1076121.2999
1,1105.7978,1076.1538,1076153.7999
1,1105.8447,1076.2007,1076200.6999
1,1105.9978,1076.3538,1076353.7999
1,1106.0549,1076.4109,1076410.8999
1,1106.0793,1076.4353,1076435.2999
1,1106.3705,1076.7265,1076726.4999
1,1106.4485,1076.8045,1076804.4999
1,1106.4630,1076.8190,1076818.9999
1,1106.4782,1076.8342,1076834.1999
1,1106.5031,1076.8591,1076859.0999
1,1106.7240,1077.0800,1077079.9999
1,1107.0399,1077.3959,1077395.8999
1,1107.2227,1077.5787,1077578.6999
1,1107.2547,1077.6107,1077610.6999
1,1107.2752,1077.6312,1077631.1999
1,1107.7085,1078.0645,1078064.4999
1,1107.9136,1078.2696,1078269.5999
1,1108.1032,1078.4592,1078459.1999
1,1108.1135,1078.4695,1078469.4999
1,1108.1167,1078.4727,1078472.6999
1,1108.1371,1078.4931,1078493.0999
1,1108.1499,1078.5059,1078505.8999
1,1108.3712,1078.7272,1078727.1999
1,1108.3917,1078.7477,1078747.6999
1,1108.5495,1078.9055,1078905.4999
1,1108.5715,1078.9275,1078927.4999
1,1108.7740,1079.1300,1079129.9999
1,1108.8206,1079.1766,1079176.5999
1,1108.9466,1079.3026,1079302.5999
1,1108.9760,1079.3320,1079331.9999
1,1108.9983,1079.3543,1079354.2999
1,1109.0156,1079.3716,1079371.5999
1,1109.0214,1079.3774,1079377.3999
1,1109.2330,1079.5890,1079588.9999
1,1109.2693,1079.6253,1079625.2999
1,1109.5760,1079.9320,1079931.9999
1,1109.6143,1079.9703,1079970.2999
1,1109.6351,1079.9911,1079991.0999
1,1109.7237,1080.0797,1080079.6999
1,1109.7466,1080.1026,1080102.5999
1,1109.7887,1080.1447,1080144.6999
1,1109.8216,1080.1776,1080177.5999
1,1110.0926,1080.4486,1080448.5999
1,1110.1466,1080.5026,1080502.5999
1,1110.2958,1080.6518,1080651.7999
1,1110.6738,1081.0298,1081029.7999
1,1110.7492,1081.1052,1081105.1999
1,1110.7993,1081.1553,1081155.2999
1,1110.8438,1081.1998,1081199.7999
1,1110.9344,1081.2904,1081290.3999
1,1110.9533,1081.3093,1081309.2999
1,1111.0493,1081.4053,1081405.2999
1,1111.2810,1081.6370,1081636.9999
1,1111.3836,1081.7396,1081739.5999
1,1111.4268,1081.7828,1081782.7999
1,1111.4586,1081.8146,1081814.5999
1,1111.6565,1082.0125,1082012.4999
1,1111.9219,1082.2779,1082277.8999
1,1111.9360,1082.2920,1082291.9999
1,1111.9830,1082.3390,1082338.9999
1,1112.1099,1082.4659,1082465.8999
1,1112.1683,1082.5243,1082524.2999
1,1112.3165,1082.6725,1082672.4999
1,1112.3330,1082.6890,1082688.9999
1,1112.3809,1082.7369,1082736.8999
1,1112.4120,1082.7680,1082767.9999
1,1112.5626,1082.9186,1082918.5999
1,1112.6421,1082.9981,1082998.0999
1,1112.7491,1083.1051,1083105.0999
1,1112.8920,1083.2480,1083247.9999
1,1113.0454,1083.4014,1083401.3999
1,1113.1535,1083.5095,1083509.4999
1,1113.1616,1083.5176,1083517.5999
1,1113.2659,1083.6219,1083621.8999
1,1113.4328,1083.7888,1083788.7999
1,1113.4671,1083.8231,1083823.0999
1,1113.5039,1083.8599,1083859.8999
1,1113.6651,1084.0211,1084021.0999
1,1113.6842,1084.0402,1084040.1999
1,1113.6881,1084.0441,1084044.0999
1,1113.9427,1084.2987,1084298.6999
1,1114.1386,1084.4946,1084494.5999
1,1114.2236,1084.5796,1084579.5999
1,1114.2962,1084.6522,1084652.1999
1,1114.3577,1084.7137,1084713.6999
1,1114.3785,1084.7345,1084734.4999
1,1114.5537,1084.9097,1084909.6999
1,1114.5964,1084.9524,1084952.3999
1,1114.6100,1084.9660,1084965.9999
1,1114.6179,1084.9739,1084973.8999
1,1114.6283,1084.9843,1084984.2999
1,1114.6483,1085.0043,1085004.2999
1,1114.6694,1085.0254,1085025.3999
1,1114.6791,1085.0351,1085035.0999
1,1114.8957,1085.2517,1085251.6999
1,1115.0001,1085.3561,1085356.0999
1,1115.0173,1085.3733,1085373.2999
1,1115.0480,1085.4040,1085403.9999
1,1115.2225,1085.5785,1085578.4999
1,1115.2244,1085.5804,1085580.3999
1,1115.2781,1085.6341,1085634.0999
1,1115.4770,1085.8330,1085832.9999
1,1115.5397,1085.8957,1085895.6999
1,1115.5589,1085.9149,1085914.8999
1,1115.5969,1085.9529,1085952.8999
1,1115.6676,1086.0236,1086023.5999
1,1115.7237,1086.0797,1086079.6999
1,1115.7366,1086.0926,1086092.5999
1,1115.7532,1086.1092,1086109.1999
1,1115.7877,1086.1437,1086143.6999
1,1116.0891,1086.4451,1086445.0999
1,1116.0927,1086.4487,1086448.6999
1,1116.1310,1086.4870,1086486.9999
1,1116.3047,1086.6607,1086660.6999
1,1116.4065,1086.7625,1086762.4999
1,1116.4414,1086.7974,1086797.3999
1,1116.5074,1086.8634,1086863.3999
1,1116.5483,1086.9043,1086904.2999
1,1116.5658,1086.9218,1086921.7999
1,1116.7872,1087.1432,1087143.1999
1,1116.9809,1087.3369,1087336.8999
1,1117.0518,1087.4078,1087407.7999
1,1117.0945,1087.4505,1087450.4999
1,1117.1142,1087.4702,1087470.1999
1,1117.1330,1087.4890,1087488.9999
1,1117.1407,1087.4967,1087496.6999
1,1117.2086,1087.5646,1087564.5999
1,1117.2416,1087.5976,1087597.5999
1,1117.2931,1087.6491,1087649.0999
1,1117.5426,1087.8986,1087898.5999
1,1117.5836,1087.9396,1087939.5999
1,1117.7896,1088.1456,1088145.5999
1,1117.8020,1088.1580,1088157.9999
1,1117.8158,1088.1718,1088171.7999
1,1117.8302,1088.1862,1088186.1999
1,1117.9861,1088.3421,1088342.0999
1,1117.9997,1088.3557,1088355.6999
1,1118.0573,1088.4133,1088413.2999
1,1118.0840,1088.4400,1088439.9999
1,1118.2182,1088.5742,1088574.1999
1,1118.2772,1088.6332,1088633.1999
1,1118.3011,1088.6571,1088657.0999
1,1118.5480,1088.9040,1088903.9999
1,1118.6619,1089.0179,1089017.8999
1,1118.7570,1089.1130,1089112.9999
1,1119.1522,1089.5082,1089508.1999
1,1119.2730,1089.6290,1089628.9999
1,1119.4395,1089.7955,1089795.4999
1,1119.6423,1089.9983,1089998.2999
1,1119.6681,1090.0241,1090024.0999
1,1119.6809,1090.0369,1090036.8999
1,1119.7480,1090.1040,1090103.9999
1,1119.8258,1090.1818,1090181.7999
1,1119.8793,1090.2353,1090235.2999
1,1119.8987,1090.2547,1090254.6999
1,1120.2591,1090.6151,1090615.0999
1,1120.2981,1090.6541,1090654.0999
1,1120.3976,1090.7536,1090753.5999
1,1120.6461,1091.0021,1091002.0999
1,1120.7035,1091.0595,1091059.4999
1,1120.7510,1091.1070,1091106.9999
1,1120.8165,1091.1725,1091172.4999
1,1120.9629,1091.3189,1091318.8999
1,1121.2528,1091.6088,1091608.7999
1,1121.2884,1091.6444,1091644.3999
1,1121.3313,1091.6873,1091687.2999
1,1121.3875,1091.7435,1091743.4999
1,1121.4592,1091.8152,1091815.1999
1,1121.4828,1091.8388,1091838.7999
1,1121.5132,1091.8692,1091869.1999
1,1121.5689,1091.9249,1091924.8999
1,1121.7161,1092.0721,1092072.0999
1,1121.7244,1092.0804,1092080.3999
1,1121.7455,1092.1015,1092101.4999
1,1121.8761,1092.2321,1092232.0999
1,1121.9149,1092.2709,1092270.8999
1,1122.0036,1092.3596,1092359.5999
1,1122.0925,1092.4485,1092448.4999
1,1122.1262,1092.4822,1092482.1999
1,1122.1404,1092.4964,1092496.3999
1,1122.2655,1092.6215,1092621.4999
1,1122.4461,1092.8021,1092802.0999
1,1122.4595,1092.8155,1092815.4999
1,1122.5019,1092.8579,1092857.8999
1,1122.5358,1092.8918,1092891.7999
1,1122.5692,1092.9252,1092925.1999
1,1122.6957,1093.0517,1093051.6999
1,1122.7043,1093.0603,1093060.2999
1,1122.7677,1093.1237,1093123.6999
1,1122.7902,1093.1462,1093146.1999
1,1122.8280,1093.1840,1093183.9999
1,1122.8850,1093.2410,1093240.9999
1,1122.9406,1093.2966,1093296.5999
1,1123.0937,1093.4497,1093449.6999
1,1123.1331,1093.4891,1093489.0999
1,1123.2717,1093.6277,1093627.6999
1,1123.2736,1093.6296,1093629.5999
1,1123.2912,1093.6472,1093647.1999
1,1123.3110,1093.6670,1093666.9999
1,1123.4985,1093.8545,1093854.4999
1,1123.6225,1093.9785,1093978.4999
1,1123.6388,1093.9948,1093994.7999
1,1123.7974,1094.1534,1094153.3999
1,1123.9830,1094.3390,1094338.9999
1,1124.0931,1094.4491,1094449.0999
1,1124.2108,1094.5668,1094566.7999
1,1124.2687,1094.6247,1094624.6999
1,1124.3162,1094.6722,1094672.1999
1,1124.5731,1094.9291,1094929.0999
1,1124.6223,1094.9783,1094978.2999
1,1124.6656,1095.0216,1095021.5999
1,1124.6895,1095.0455,1095045.4999
1,1124.7460,1095.1020,1095101.9999
1,1124.8762,1095.2322,1095232.1999
1,1124.9300,1095.2860,1095285.9999
1,1125.0538,1095.4098,1095409.7999
1,1125.1897,1095.5457,1095545.6999
1,1125.2804,1095.6364,1095636.3999
1,1125.3077,1095.6637,1095663.6999
1,1125.3856,1095.7416,1095741.5999
1,1125.4111,1095.7671,1095767.0999
1,1125.4625,1095.8185,1095818.4999
1,1125.6576,1096.0136,1096013.5999
1,1125.6834,1096.0394,1096039.3999
1,1125.6971,1096.0531,1096053.0999
1,1125.7122,1096.0682,1096068.1999
1,1125.7228,1096.0788,1096078.7999
1,1125.7338,1096.0898,1096089.7999
1,1125.8082,1096.1642,1096164.1999
1,1125.8598,1096.2158,1096215.7999
1,1125.8919,1096.2479,1096247.8999
1,1125.9435,1096.2995,1096299.4999
1,1126.1585,1096.5145,1096514.4999
1,1126.3166,1096.6726,1096672.5999
1,1126.3939,1096.7499,1096749.8999
1,1126.4299,1096.7859,1096785.8999
1,1126.4577,1096.8137,1096813.6999
1,1126.4693,1096.8253,1096825.2999
1,1126.4941,1096.8501,1096850.0999
1,1126.6541,1097.0101,1097010.0999
1,1126.6660,1097.0220,1097021.9999
1,1126.6830,1097.0390,1097038.9999
1,1126.6950,1097.0510,1097050.9999
1,1126.7092,1097.0652,1097065.1999
1,1126.7229,1097.0789,1097078.8999
1,1126.7379,1097.0939,1097093.8999
1,1127.0465,1097.4025,1097402.4999
1,1127.0603,1097.4163,1097416.2999
1,1127.1813,1097.5373,1097537.2999
1,1127.5014,1097.8574,1097857.3999
1,1127.5179,1097.8739,1097873.8999
1,1127.5341,1097.8901,1097890.0999
1,1127.5485,1097.9045,1097904.4999
1,1127.6695,1098.0255,1098025.4999
1,1127.7910,1098.1470,1098146.9999
1,1127.8255,1098.1815,1098181.4999
1,1127.8672,1098.2232,1098223.1999
1,1127.9052,1098.2612,1098261.1999
1,1127.9750,1098.3310,1098330.9999
1,1127.9872,1098.3432,1098343.1999
1,1128.0061,1098.3621,1098362.0999
1,1128.0281,1098.3841,1098384.0999
1,1128.1922,1098.5482,1098548.1999
1,1128.2584,1098.6144,1098614.3999
1,1128.4032,1098.7592,1098759.1999
1,1128.7105,1099.0665,1099066.4999
1,1128.7701,1099.1261,1099126.0999
1,1128.7914,1099.1474,1099147.3999
1,1128.8437,1099.1997,1099199.6999
1,1128.8817,1099.2377,1099237.6999
1,1128.9033,1099.2593,1099259.2999
1,1128.9810,1099.3370,1099336.9999
1,1129.3106,1099.6666,1099666.5999
1,1129.3975,1099.7535,1099753.4999
1,1129.4834,1099.8394,1099839.3999
1,1129.6429,1099.9989,1099998.8999
1,1129.6500,1100.0060,1100005.9999
1,1129.6701,1100.0261,1100026.0999
1,1129.8912,1100.2472,1100247.1999
1,1129.9160,1100.2720,1100271.9999
1,1129.9498,1100.3058,1100305.7999
1,1129.9675,1100.3235,1100323.4999
1,1130.1802,1100.5362,1100536.1999
1,1130.2527,1100.6087,1100608.6999
1,1130.3312,1100.6872,1100687.1999
1,1130.4800,1100.8360,1100835.9999
1,1130.6044,1100.9604,1100960.3999
1,1130.7378,1101.0938,1101093.7999
1,1130.7598,1101.1158,1101115.7999
1,1130.7661,1101.1221,1101122.0999
1,1130.7971,1101.1531,1101153.0999
1,1130.9775,1101.3335,1101333.4999
1,1131.0191,1101.3751,1101375.0999
1,1131.1575,1101.5135,1101513.4999
1,1131.1786,1101.5346,1101534.5999
1,1131.2336,1101.5896,1101589.5999
1,1131.3102,1101.6662,1101666.1999
1,1131.3368,1101.6928,1101692.7999
1,1131.4411,1101.7971,1101797.0999
1,1131.5389,1101.8949,1101894.8999
1,1131.7805,1102.1365,1102136.4999
1,1131.8025,1102.1585,1102158.4999
1,1131.8503,1102.2063,1102206.2999
1,1131.9184,1102.2744,1102274.3999
1,1132.0795,1102.4355,1102435.4999
1,1132.1065,1102.4625,1102462.4999
1,1132.2311,1102.5871,1102587.0999
1,1132.2429,1102.5989,1102598.8999
1,1132.2698,1102.6258,1102625.7999
1,1132.5385,1102.8945,1102894.4999
1,1132.5642,1102.9202,1102920.1999
1,1132.7491,1103.1051,1103105.0999
1,1132.9678,1103.3238,1103323.7999
1,1133.1972,1103.5532,1103553.1999
1,1133.3988,1103.7548,1103754.7999
1,1133.4322,1103.7882,1103788.1999
1,1133.4629,1103.8189,1103818.8999
1,1133.4933,1103.8493,1103849.2999
1,1133.5202,1103.8762,1103876.1999
1,1133.7585,1104.1145,1104114.4999
1,1133.7938,1104.1498,1104149.7999
1,1133.8223,1104.1783,1104178.2999
1,1133.9020,1104.2580,1104257.9999
1,1133.9876,1104.3436,1104343.5999
1,1134.2538,1104.6098,1104609.7999
1,1134.2893,1104.6453,1104645.2999
1,1134.3701,1104.7261,1104726.0999
1,1134.4018,1104.7578,1104757.7999
1,1134.4142,1104.7702,1104770.1999
1,1134.4306,1104.7866,1104786.5999
1,1134.4790,1104.8350,1104834.9999
1,1134.4976,1104.8536,1104853.5999
1,1134.6915,1105.0475,1105047.4999
1,1134.7129,1105.0689,1105068.8999
1,1134.7473,1105.1033,1105103.2999
1,1134.8732,1105.2292,1105229.1999
1,1135.0878,1105.4438,1105443.7999
1,1135.2836,1105.6396,1105639.5999
1,1135.5417,1105.8977,1105897.6999
1,1135.5758,1105.9318,1105931.7999
1,1135.6379,1105.9939,1105993.8999
1,1135.6705,1106.0265,1106026.4999
1,1135.6778,1106.0338,1106033.7999
1,1135.7505,1106.1065,1106106.4999
1,1135.9647,1106.3207,1106320.6999
1,1136.0035,1106.3595,1106359.4999
1,1136.1018,1106.4578,1106457.7999
1,1136.1190,1106.4750,1106474.9999
1,1136.1383,1106.4943,1106494.2999
1,1136.1923,1106.5483,1106548.2999
1,1136.4685,1106.8245,1106824.4999
1,1136.5578,1106.9138,1106913.7999
1,1136.5765,1106.9325,1106932.4999
1,1136.6160,1106.9720,1106971.9999
1,1136.7097,1107.0657,1107065.6999
1,1136.7660,1107.1220,1107121.9999
1,1136.8408,1107.1968,1107196.7999
1,1136.8642,1107.2202,1107220.1999
1,1137.0238,1107.3798,1107379.7999
1,1137.0411,1107.3971,1107397.0999
1,1137.0759,1107.4319,1107431.8999
1,1137.2191,1107.5751,1107575.0999
1,1137.2872,1107.6432,1107643.1999
1,1137.6075,1107.9635,1107963.4999
1,1137.6462,1108.0022,1108002.1999
1,1137.7749,1108.1309,1108130.8999
1,1138.0151,1108.3711,1108371.0999
1,1138.1195,1108.4755,1108475.4999
1,1138.2102,1108.5662,1108566.1999
1,1138.2504,1108.6064,1108606.3999
1,1138.2670,1108.6230,1108622.9999
1,1138.2977,1108.6537,1108653.6999
1,1138.3283,1108.6843,1108684.2999
1,1138.3406,1108.6966,1108696.5999
1,1138.5312,1108.8872,1108887.1999
1,1138.5495,1108.9055,1108905.4999
1,1138.5612,1108.9172,1108917.1999
1,1138.6160,1108.9720,1108971.9999
1,1138.6445,1109.0005,1109000.4999
1,1138.6576,1109.0136,1109013.5999
1,1138.6630,1109.0190,1109018.9999
1,1138.6746,1109.0306,1109030.5999
1,1138.6871,1109.0431,1109043.0999
1,1138.6945,1109.0505,1109050.4999
1,1138.7127,1109.0687,1109068.6999
1,1138.7704,1109.1264,1109126.3999
1,1138.7747,1109.1307,1109130.6999
1,1138.7818,1109.1378,1109137.7999
1,1138.7847,1109.1407,1109140.6999
1,1139.0003,1109.3563,1109356.2999
1,1139.0402,1109.3962,1109396.1999
1,1139.1415,1109.4975,1109497.4999
1,1139.2538,1109.6098,1109609.7999
1,1139.2978,1109.6538,1109653.7999
1,1139.3374,1109.6934,1109693.3999
1,1139.6077,1109.9637,1109963.6999
1,1139.7434,1110.0994,1110099.3999
1,1139.7793,1110.1353,1110135.2999
1,1140.0104,1110.3664,1110366.3999
1,1140.1002,1110.4562,1110456.1999
1,1140.1147,1110.4707,1110470.6999
1,1140.1733,1110.5293,1110529.2999
1,1140.2054,1110.5614,1110561.3999
1,1140.2224,1110.5784,1110578.3999
1,1140.2573,1110.6133,1110613.2999
1,1140.3088,1110.6648,1110664.7999
1,1140.3244,1110.6804,1110680.3999
1,1140.4423,1110.7983,1110798.2999
1,1140.5364,1110.8924,1110892.3999
1,1140.5566,1110.9126,1110912.5999
1,1140.5984,1110.9544,1110954.3999
1,1140.8553,1111.2113,1111211.2999
1,1141.0280,1111.3840,1111383.9999
1,1141.1649,1111.5209,1111520.8999
1,1141.2760,1111.6320,1111631.9999
1,1141.4309,1111.7869,1111786.8999
1,1141.7955,1112.1515,1112151.4999
1,1141.8217,1112.1777,1112177.6999
1,1141.8657,1112.2217,1112221.6999
1,1142.0153,1112.3713,1112371.2999
1,1142.0456,1112.4016,1112401.5999
1,1142.0812,1112.4372,1112437.1999
1,1142.1789,1112.5349,1112534.8999
1,1142.2254,1112.5814,1112581.3999
1,1142.2509,1112.6069,1112606.8999
1,1142.2988,1112.6548,1112654.7999
1,1142.5074,1112.8634,1112863.3999
1,1142.8576,1113.2136,1113213.5999
1,1142.9049,1113.2609,1113260.8999
1,1142.9798,1113.3358,1113335.7999
1,1143.0177,1113.3737,1113373.6999
1,1143.0879,1113.4439,1113443.8999
1,1143.2346,1113.5906,1113590.5999
1,1143.3052,1113.6612,1113661.1999
1,1143.4426,1113.7986,1113798.5999
1,1143.6206,1113.9766,1113976.5999
1,1143.6729,1114.0289,1114028.8999
1,1143.7733,1114.1293,1114129.2999
1,1143.9846,1114.3406,1114340.5999
1,1144.0911,1114.4471,1114447.0999
1,1144.1098,1114.4658,1114465.7999
1,1144.1487,1114.5047,1114504.6999
1,1144.2207,1114.5767,1114576.6999
1,1144.3313,1114.6873,1114687.2999
1,1144.3799,1114.7359,1114735.8999
1,1144.4258,1114.7818,1114781.7999
1,1144.5954,1114.9514,1114951.3999
1,1144.6529,1115.0089,1115008.8999
1,1144.8859,1115.2419,1115241.8999
1,1145.0134,1115.3694,1115369.3999
1,1145.0664,1115.4224,1115422.3999
1,1145.2359,1115.5919,1115591.8999
1,1145.2748,1115.6308,1115630.7999
1,1145.2913,1115.6473,1115647.2999
1,1145.4268,1115.7828,1115782.7999
1,1145.4487,1115.8047,1115804.6999
1,1145.7589,1116.1149,1116114.8999
1,1145.7816,1116.1376,1116137.5999
1,1145.8495,1116.2055,1116205.4999
1,1145.9914,1116.3474,1116347.3999
1,1146.0188,1116.3748,1116374.7999
1,1146.1536,1116.5096,1116509.5999
1,1146.1869,1116.5429,1116542.8999
1,1146.3514,1116.7074,1116707.3999
1,1146.4497,1116.8057,1116805.6999
1,1146.4874,1116.8434,1116843.3999
1,1146.5182,1116.8742,1116874.1999
1,1146.5430,1116.8990,1116898.9999
1,1146.5607,1116.9167,1116916.6999
1,1146.6242,1116.9802,1116980.1999
1,1146.7077,1117.0637,1117063.6999
1,1146.7269,1117.0829,1117082.8999
1,1146.7422,1117.0982,1117098.1999
1,1146.7452,1117.1012,1117101.1999
1,1146.7939,1117.1499,1117149.8999
1,1146.8283,1117.1843,1117184.2999
1,1146.8574,1117.2134,1117213.3999
1,1146.8808,1117.2368,1117236.7999
1,1146.9146,1117.2706,1117270.5999
1,1147.0229,1117.3789,1117378.8999
1,1147.0367,1117.3927,1117392.6999
1,1147.0528,1117.4088,1117408.7999
1,1147.1124,1117.4684,1117468.3999
1,1147.2571,1117.6131,1117613.0999
1,1147.4792,1117.8352,1117835.1999
1,1147.7050,1118.0610,1118060.9999
1,1147.9809,1118.3369,1118336.8999
1,1148.0252,1118.3812,1118381.1999
1,1148.0717,1118.4277,1118427.6999
1,1148.0937,1118.4497,1118449.6999
1,1148.1466,1118.5026,1118502.5999
1,1148.1767,1118.5327,1118532.6999
1,1148.4112,1118.7672,1118767.1999
1,1148.5332,1118.8892,1118889.1999
1,1148.6232,1118.9792,1118979.1999
1,1148.6854,1119.0414,1119041.3999
1,1149.2380,1119.5940,1119593.9999
1,1149.4979,1119.8539,1119853.8999
1,1149.5280,1119.8840,1119883.9999
1,1149.5604,1119.9164,1119916.3999
1,1149.5815,1119.9375,1119937.4999
1,1149.6027,1119.9587,1119958.6999
1,1149.6153,1119.9713,1119971.2999
1,1149.6824,1120.0384,1120038.3999
1,1149.8340,1120.1900,1120189.9999
1,1149.9469,1120.3029,1120302.8999
1,1149.9832,1120.3392,1120339.1999
1,1150.2305,1120.5865,1120586.4999
1,1150.2882,1120.6442,1120644.1999
1,1150.3277,1120.6837,1120683.6999
1,1150.4604,1120.8164,1120816.3999
1,1150.4712,1120.8272,1120827.1999
1,1150.6379,1120.9939,1120993.8999
1,1150.6687,1121.0247,1121024.6999
1,1150.6894,1121.0454,1121045.3999
1,1150.7150,1121.0710,1121070.9999
1,1150.9695,1121.3255,1121325.4999
1,1150.9821,1121.3381,1121338.0999
1,1151.0064,1121.3624,1121362.3999
1,1151.0275,1121.3835,1121383.4999
1,1151.1563,1121.5123,1121512.2999
1,1151.1865,1121.5425,1121542.4999
1,1151.3376,1121.6936,1121693.5999
1,1151.3503,1121.7063,1121706.2999
1,1151.3829,1121.7389,1121738.8999
1,1151.4005,1121.7565,1121756.4999
1,1151.4806,1121.8366,1121836.5999
1,1151.6133,1121.9693,1121969.2999
1,1151.7493,1122.1053,1122105.2999
1,1151.8035,1122.1595,1122159.4999
1,1151.8738,1122.2298,1122229.7999
1,1151.9452,1122.3012,1122301.1999
1,1151.9864,1122.3424,1122342.3999
1,1152.0414,1122.3974,1122397.3999
1,1152.2608,1122.6168,1122616.7999
1,1152.3152,1122.6712,1122671.1999
1,1152.5265,1122.8825,1122882.4999
1,1152.6227,1122.9787,1122978.6999
1,1152.6657,1123.0217,1123021.6999
1,1152.6818,1123.0378,1123037.7999
1,1152.7094,1123.0654,1123065.3999
1,1152.7439,1123.0999,1123099.8999
1,1152.9112,1123.2672,1123267.1999
1,1152.9242,1123.2802,1123280.1999
1,1152.9536,1123.3096,1123309.5999
1,1152.9945,1123.3505,1123350.4999
1,1153.0700,1123.4260,1123425.9999
1,1153.1463,1123.5023,1123502.2999
1,1153.1794,1123.5354,1123535.3999
1,1153.3427,1123.6987,1123698.6999
1,1153.3742,1123.7302,1123730.1999
1,1153.4704,1123.8264,1123826.3999
1,1153.4979,1123.8539,1123853.8999
1,1153.5043,1123.8603,1123860.2999
1,1153.5663,1123.9223,1123922.2999
1,1153.6378,1123.9938,1123993.7999
1,1153.8141,1124.1701,1124170.0999
1,1153.8698,1124.2258,1124225.7999
1,1153.9011,1124.2571,1124257.0999
1,1153.9563,1124.3123,1124312.2999
1,1153.9898,1124.3458,1124345.7999
1,1154.0375,1124.3935,1124393.4999
1,1154.0666,1124.4226,1124422.5999
1,1154.1955,1124.5515,1124551.4999
1,1154.2361,1124.5921,1124592.0999
1,1154.3431,1124.6991,1124699.0999
1,1154.3850,1124.7410,1124740.9999
1,1154.4083,1124.7643,1124764.2999
1,1154.5954,1124.9514,1124951.3999
1,1154.6152,1124.9712,1124971.1999
1,1154.6219,1124.9779,1124977.8999
1,1154.6511,1125.0071,1125007.0999
1,1154.6594,1125.0154,1125015.3999
1,1154.9317,1125.2877,1125287.6999
1,1155.0101,1125.3661,1125366.0999
1,1155.0811,1125.4371,1125437.0999
1,1155.2862,1125.6422,1125642.1999
1,1155.4304,1125.7864,1125786.3999
1,1155.4744,1125.8304,1125830.3999
1,1155.5801,1125.9361,1125936.0999
1,1155.6081,1125.9641,1125964.0999
1,1155.6324,1125.9884,1125988.3999
1,1155.9551,1126.3111,1126311.0999
1,1156.0241,1126.3801,1126380.0999
1,1156.0537,1126.4097,1126409.6999
1,1156.2142,1126.5702,1126570.1999
1,1156.2315,1126.5875,1126587.4999
1,1156.2505,1126.6065,1126606.4999
1,1156.3333,1126.6893,1126689.2999
1,1156.4191,1126.7751,1126775.0999
1,1156.4785,1126.8345,1126834.4999
1,1156.6452,1127.0012,1127001.1999
1,1156.7437,1127.0997,1127099.6999
1,1156.7821,1127.1381,1127138.0999
1,1157.0454,1127.4014,1127401.3999
1,1157.0591,1127.4151,1127415.0999
1,1157.0842,1127.4402,1127440.1999
1,1157.1323,1127.4883,1127488.2999
1,1157.1908,1127.5468,1127546.7999
1,1157.2603,1127.6163,1127616.2999
1,1157.2792,1127.6352,1127635.1999
1,1157.3031,1127.6591,1127659.0999
1,1157.3146,1127.6706,1127670.5999
1,1157.4071,1127.7631,1127763.0999
1,1157.5285,1127.8845,1127884.4999
1,1157.7982,1128.1542,1128154.1999
1,1157.8606,1128.2166,1128216.5999
1,1158.0722,1128.4282,1128428.1999
1,1158.1258,1128.4818,1128481.7999
1,1158.1645,1128.5205,1128520.4999
1,1158.1983,1128.5543,1128554.2999
1,1158.3314,1128.6874,1128687.3999
1,1158.3475,1128.7035,1128703.4999
1,1158.3695,1128.7255,1128725.4999
1,1158.5513,1128.9073,1128907.2999
1,1158.5879,1128.9439,1128943.8999
1,1158.6116,1128.9676,1128967.5999
1,1158.7347,1129.0907,1129090.6999
1,1158.7884,1129.1444,1129144.3999
1,1159.0918,1129.4478,1129447.7999
1,1159.1059,1129.4619,1129461.8999
1,1159.1414,1129.4974,1129497.3999
1,1159.1841,1129.5401,1129540.0999
1,1159.2242,1129.5802,1129580.1999
1,1159.4383,1129.7943,1129794.2999
1,1159.4864,1129.8424,1129842.3999
1,1159.5057,1129.8617,1129861.6999
1,1159.7793,1130.1353,1130135.2999
1,1159.8008,1130.1568,1130156.7999
1,1159.8073,1130.1633,1130163.2999
1,1159.8857,1130.2417,1130241.6999
1,1159.9358,1130.2918,1130291.7999
1,1159.9523,1130.3083,1130308.2999
1,1159.9662,1130.3222,1130322.1999
1,1160.5193,1130.8753,1130875.2999
1,1160.6233,1130.9793,1130979.2999
1,1160.6993,1131.0553,1131055.2999
1,1160.7262,1131.0822,1131082.1999
1,1160.7469,1131.1029,1131102.8999
1,1160.7760,1131.1320,1131131.9999
1,1160.8083,1131.1643,1131164.2999
1,1160.8330,1131.1890,1131188.9999
1,1160.9922,1131.3482,1131348.1999
1,1161.4270,1131.7830,1131782.9999
1,1161.5048,1131.8608,1131860.7999
1,1161.5536,1131.9096,1131909.5999
1,1161.6633,1132.0193,1132019.2999
1,1161.7557,1132.1117,1132111.6999
1,1161.7766,1132.1326,1132132.5999
1,1161.9363,1132.2923,1132292.2999
1,1161.9538,1132.3098,1132309.7999
1,1162.7417,1133.0977,1133097.6999
1,1162.8434,1133.1994,1133199.3999
1,1162.9021,1133.2581,1133258.0999
1,1163.1841,1133.5401,1133540.0999
1,1163.3214,1133.6774,1133677.3999
1,1163.4312,1133.7872,1133787.1999
1,1163.5451,1133.9011,1133901.0999
1,1163.5788,1133.9348,1133934.7999
1,1163.6602,1134.0162,1134016.1999
1,1163.6798,1134.0358,1134035.7999
1,1163.6888,1134.0448,1134044.7999
1,1163.7035,1134.0595,1134059.4999
1,1163.8803,1134.2363,1134236.2999
1,1163.9492,1134.3052,1134305.1999
1,1164.0136,1134.3696,1134369.5999
1,1164.1941,1134.5501,1134550.0999
1,1164.3248,1134.6808,1134680.7999
1,1164.3662,1134.7222,1134722.1999
1,1164.4563,1134.8123,1134812.2999
1,1164.4957,1134.8517,1134851.6999
1,1164.6302,1134.9862,1134986.1999
1,1164.6631,1135.0191,1135019.0999
1,1164.7646,1135.1206,1135120.5999
1,1164.8183,1135.1743,1135174.2999
1,1164.9132,1135.2692,1135269.1999
1,1164.9311,1135.2871,1135287.0999
1,1165.0200,1135.3760,1135375.9999
1,1165.0327,1135.3887,1135388.6999
1,1165.0383,1135.3943,1135394.2999
1,1165.0640,1135.4200,1135419.9999
1,1165.0787,1135.4347,1135434.6999
1,1165.1851,1135.5411,1135541.0999
1,1165.4989,1135.8549,1135854.8999
1,1165.9416,1136.2976,1136297.5999
1,1165.9663,1136.3223,1136322.2999
1,1166.0298,1136.3858,1136385.7999
1,1166.0481,1136.4041,1136404.0999
1,1166.0852,1136.4412,1136441.1999
1,1166.1662,1136.5222,1136522.1999
1,1166.2517,1136.6077,1136607.6999
1,1166.4097,1136.7657,1136765.6999
1,1166.7041,1137.0601,1137060.0999
1,1166.7319,1137.0879,1137087.8999
1,1166.8312,1137.1872,1137187.1999
1,1166.9108,1137.2668,1137266.7999
1,1166.9907,1137.3467,1137346.6999
1,1167.0517,1137.4077,1137407.6999
1,1167.2018,1137.5578,1137557.7999
1,1167.2089,1137.5649,1137564.8999
1,1167.2235,1137.5795,1137579.4999
1,1167.3356,1137.6916,1137691.5999
1,1167.3594,1137.7154,1137715.3999
1,1167.3892,1137.7452,1137745.1999
1,1167.3993,1137.7553,1137755.2999
1,1167.4526,1137.8086,1137808.5999
1,1167.4837,1137.8397,1137839.6999
1,1167.5186,1137.8746,1137874.5999
1,1167.5968,1137.9528,1137952.7999
1,1167.8734,1138.2294,1138229.3999
1,1167.9135,1138.2695,1138269.4999
1,1168.0321,1138.3881,1138388.0999
1,1168.1238,1138.4798,1138479.7999
1,1168.2339,1138.5899,1138589.8999
1,1168.2549,1138.6109,1138610.8999
1,1168.3642,1138.7202,1138720.1999
1,1168.4147,1138.7707,1138770.6999
1,1168.4327,1138.7887,1138788.6999
1,1168.4513,1138.8073,1138807.2999
1,1168.4898,1138.8458,1138845.7999
1,1168.6896,1139.0456,1139045.5999
1,1168.8352,1139.1912,1139191.1999
1,1168.8681,1139.2241,1139224.0999
1,1169.1246,1139.4806,1139480.5999
1,1169.2814,1139.6374,1139637.3999
1,1169.4763,1139.8323,1139832.2999
1,1169.5712,1139.9272,1139927.1999
1,1169.6183,1139.9743,1139974.2999
1,1169.6716,1140.0276,1140027.5999
1,1169.7190,1140.0750,1140074.9999
1,1169.7689,1140.1249,1140124.8999
1,1169.8250,1140.1810,1140180.9999
1,1169.9824,1140.3384,1140338.3999
1,1170.1964,1140.5524,1140552.3999
1,1170.2131,1140.5691,1140569.0999
1,1170.2771,1140.6331,1140633.0999
1,1170.2866,1140.6426,1140642.5999
1,1170.3183,1140.6743,1140674.2999
1,1170.3491,1140.7051,1140705.0999
1,1170.5519,1140.9079,1140907.8999
1,1170.5767,1140.9327,1140932.6999
1,1170.6253,1140.9813,1140981.2999
1,1170.7478,1141.1038,1141103.7999
1,1170.7658,1141.1218,1141121.7999
1,1170.8795,1141.2355,1141235.4999
1,1170.9427,1141.2987,1141298.6999
1,1171.0122,1141.3682,1141368.1999
1,1171.1880,1141.5440,1141543.9999
1,1171.2636,1141.6196,1141619.5999
1,1171.3115,1141.6675,1141667.4999
1,1171.3535,1141.7095,1141709.4999
1,1171.5941,1141.9501,1141950.0999
1,1171.6461,1142.0021,1142002.0999
1,1171.7034,1142.0594,1142059.3999
1,1171.7851,1142.1411,1142141.0999
1,1171.8865,1142.2425,1142242.4999
1,1171.9113,1142.2673,1142267.2999
1,1172.1119,1142.4679,1142467.8999
1,1172.3282,1142.6842,1142684.1999
1,1172.5171,1142.8731,1142873.0999
1,1172.7178,1143.0738,1143073.7999
1,1172.7312,1143.0872,1143087.1999
1,1173.0270,1143.3830,1143382.9999
1,1173.0988,1143.4548,1143454.7999
1,1173.1152,1143.4712,1143471.1999
1,1173.1431,1143.4991,1143499.0999
1,1173.2636,1143.6196,1143619.5999
1,1173.3170,1143.6730,1143672.9999
1,1173.3652,1143.7212,1143721.1999
1,1173.3767,1143.7327,1143732.6999
1,1173.7339,1144.0899,1144089.8999
1,1173.7528,1144.1088,1144108.7999
1,1173.7683,1144.1243,1144124.2999
1,1173.8404,1144.1964,1144196.3999
1,1173.8613,1144.2173,1144217.2999
1,1174.0784,1144.4344,1144434.3999
1,1174.2367,1144.5927,1144592.6999
1,1174.3945,1144.7505,1144750.4999
1,1174.5664,1144.9224,1144922.3999
1,1174.7021,1145.0581,1145058.0999
1,1174.8823,1145.2383,1145238.2999
1,1174.9513,1145.3073,1145307.2999
1,1175.0209,1145.3769,1145376.8999
1,1175.0713,1145.4273,1145427.2999
1,1175.1012,1145.4572,1145457.1999
1,1175.1374,1145.4934,1145493.3999
1,1175.2009,1145.5569,1145556.8999
1,1175.3040,1145.6600,1145659.9999
1,1175.3527,1145.7087,1145708.6999
1,1175.3661,1145.7221,1145722.0999
1,1175.3924,1145.7484,1145748.3999
1,1175.5326,1145.8886,1145888.5999
1,1175.5390,1145.8950,1145894.9999
1,1175.7173,1146.0733,1146073.2999
1,1175.7951,1146.1511,1146151.0999
1,1175.8207,1146.1767,1146176.6999
1,1175.8902,1146.2462,1146246.1999
1,1175.9778,1146.3338,1146333.7999
1,1176.3025,1146.6585,1146658.4999
1,1176.4357,1146.7917,1146791.6999
1,1176.4378,1146.7938,1146793.7999
1,1176.6250,1146.9810,1146980.9999
1,1176.9654,1147.3214,1147321.3999
1,1176.9818,1147.3378,1147337.7999
1,1177.0927,1147.4487,1147448.6999
1,1177.1134,1147.4694,1147469.3999
1,1177.1437,1147.4997,1147499.6999
1,1177.1789,1147.5349,1147534.8999
1,1177.4941,1147.8501,1147850.0999
1,1177.5924,1147.9484,1147948.3999
1,1177.7208,1148.0768,1148076.7999
1,1177.7491,1148.1051,1148105.0999
1,1177.7627,1148.1187,1148118.6999
1,1177.7981,1148.1541,1148154.0999
1,1178.0036,1148.3596,1148359.5999
1,1178.0351,1148.3911,1148391.0999
1,1178.1994,1148.5554,1148555.3999
1,1178.2878,1148.6438,1148643.7999
1,1178.3177,1148.6737,1148673.6999
1,1178.4821,1148.8381,1148838.0999
1,1178.5637,1148.9197,1148919.6999
1,1178.7926,1149.1486,1149148.5999
1,1178.8219,1149.1779,1149177.8999
1,1178.9232,1149.2792,1149279.1999
1,1179.0733,1149.4293,1149429.2999
1,1179.2352,1149.5912,1149591.1999
1,1179.2680,1149.6240,1149623.9999
1,1179.3297,1149.6857,1149685.6999
1,1179.7274,1150.0834,1150083.3999
1,1180.1097,1150.4657,1150465.6999
1,1180.3835,1150.7395,1150739.4999
1,1180.5195,1150.8755,1150875.4999
1,1180.5404,1150.8964,1150896.3999
1,1180.5631,1150.9191,1150919.0999
1,1180.7291,1151.0851,1151085.0999
1,1180.7836,1151.1396,1151139.5999
1,1180.8463,1151.2023,1151202.2999
1,1181.0040,1151.3600,1151359.9999
1,1181.0631,1151.4191,1151419.0999
1,1181.1632,1151.5192,1151519.1999
1,1181.2454,1151.6014,1151601.3999
1,1181.2562,1151.6122,1151612.1999
1,1181.5697,1151.9257,1151925.6999
1,1181.5947,1151.9507,1151950.6999
1,1181.7534,1152.1094,1152109.3999
1,1181.9338,1152.2898,1152289.7999
1,1182.0227,1152.3787,1152378.6999
1,1182.0274,1152.3834,1152383.3999
1,1182.1436,1152.4996,1152499.5999
1,1182.3297,1152.6857,1152685.6999
1,1182.4364,1152.7924,1152792.3999
1,1182.4924,1152.8484,1152848.3999
1,1182.5099,1152.8659,1152865.8999
1,1182.6522,1153.0082,1153008.1999
1,1182.8863,1153.2423,1153242.2999
1,1182.9896,1153.3456,1153345.5999
1,1183.0355,1153.3915,1153391.4999
1,1183.2681,1153.6241,1153624.0999
1,1183.3181,1153.6741,1153674.0999
1,1183.3565,1153.7125,1153712.4999
1,1183.4454,1153.8014,1153801.3999
1,1183.5266,1153.8826,1153882.5999
1,1183.7281,1154.0841,1154084.0999
1,1183.7965,1154.1525,1154152.4999
1,1183.8912,1154.2472,1154247.1999
1,1184.0087,1154.3647,1154364.6999
1,1184.1103,1154.4663,1154466.2999
1,1184.3205,1154.6765,1154676.4999
1,1184.4036,1154.7596,1154759.5999
1,1184.4187,1154.7747,1154774.6999
1,1184.5728,1154.9288,1154928.7999
1,1184.7930,1155.1490,1155148.9999
1,1184.8367,1155.1927,1155192.6999
1,1184.8744,1155.2304,1155230.3999
1,1184.9081,1155.2641,1155264.0999
1,1184.9339,1155.2899,1155289.8999
1,1184.9865,1155.3425,1155342.4999
1,1185.1434,1155.4994,1155499.3999
1,1185.5324,1155.8884,1155888.3999
1,1185.6960,1156.0520,1156051.9999
1,1185.7196,1156.0756,1156075.5999
1,1185.9544,1156.3104,1156310.3999
1,1185.9851,1156.3411,1156341.0999
1,1186.2016,1156.5576,1156557.5999
1,1186.2347,1156.5907,1156590.6999
1,1186.2866,1156.6426,1156642.5999
1,1186.3064,1156.6624,1156662.3999
1,1186.3165,1156.6725,1156672.4999
1,1186.3795,1156.7355,1156735.4999
1,1186.3951,1156.7511,1156751.0999
1,1186.4501,1156.8061,1156806.0999
1,1186.5441,1156.9001,1156900.0999
1,1186.5473,1156.9033,1156903.2999
1,1186.6897,1157.0457,1157045.6999
1,1186.7263,1157.0823,1157082.2999
1,1186.7691,1157.1251,1157125.0999
1,1186.8432,1157.1992,1157199.1999
1,1187.0521,1157.4081,1157408.0999
1,1187.2983,1157.6543,1157654.2999
1,1187.3284,1157.6844,1157684.3999
1,1187.4003,1157.7563,1157756.2999
1,1187.4351,1157.7911,1157791.0999
1,1187.5168,1157.8728,1157872.7999
1,1187.7545,1158.1105,1158110.4999
1,1187.7692,1158.1252,1158125.1999
1,1187.7896,1158.1456,1158145.5999
1,1187.9395,1158.2955,1158295.4999
1,1187.9593,1158.3153,1158315.2999
1,1188.2001,1158.5561,1158556.0999
1,1188.3118,1158.6678,1158667.7999
1,1188.3916,1158.7476,1158747.5999
1,1188.4783,1158.8343,1158834.2999
1,1188.6140,1158.9700,1158969.9999
1,1188.6503,1159.0063,1159006.2999
1,1188.6657,1159.0217,1159021.6999
1,1188.6948,1159.0508,1159050.7999
1,1188.9688,1159.3248,1159324.7999
1,1189.0646,1159.4206,1159420.5999
1,1189.1111,1159.4671,1159467.0999
1,1189.1435,1159.4995,1159499.4999
1,1189.1586,1159.5146,1159514.5999
1,1189.2050,1159.5610,1159560.9999
1,1189.3475,1159.7035,1159703.4999
1,1189.6492,1160.0052,1160005.1999
1,1189.6892,1160.0452,1160045.1999
1,1190.1369,1160.4929,1160492.8999
1,1190.2161,1160.5721,1160572.0999
1,1190.2511,1160.6071,1160607.0999
1,1190.3632,1160.7192,1160719.1999
1,1190.5375,1160.8935,1160893.4999
1,1190.5684,1160.9244,1160924.3999
1,1190.6149,1160.9709,1160970.8999
1,1190.6223,1160.9783,1160978.2999
1,1190.6310,1160.9870,1160986.9999
1,1190.6406,1160.9966,1160996.5999
1,1190.8466,1161.2026,1161202.5999
1,1190.9160,1161.2720,1161271.9999
1,1191.0806,1161.4366,1161436.5999
1,1191.1243,1161.4803,1161480.2999
1,1191.3777,1161.7337,1161733.6999
1,1191.4334,1161.7894,1161789.3999
1,1191.4990,1161.8550,1161854.9999
1,1191.5155,1161.8715,1161871.4999
1,1191.5378,1161.8938,1161893.7999
1,1191.5581,1161.9141,1161914.0999
1,1191.5761,1161.9321,1161932.0999
1,1191.6008,1161.9568,1161956.7999
1,1191.6374,1161.9934,1161993.3999
1,1191.9269,1162.2829,1162282.8999
1,1192.0501,1162.4061,1162406.0999
1,1192.1324,1162.4884,1162488.3999
1,1192.1457,1162.5017,1162501.6999
1,1192.1836,1162.5396,1162539.5999
1,1192.2075,1162.5635,1162563.4999
1,1192.2145,1162.5705,1162570.4999
1,1192.2176,1162.5736,1162573.5999
1,1192.2309,1162.5869,1162586.8999
1,1192.2413,1162.5973,1162597.2999
1,1192.3005,1162.6565,1162656.4999
1,1192.4294,1162.7854,1162785.3999
1,1192.4514,1162.8074,1162807.3999
1,1192.6161,1162.9721,1162972.0999
1,1192.7103,1163.0663,1163066.2999
1,1192.8573,1163.2133,1163213.2999
1,1192.9755,1163.3315,1163331.4999
1,1193.0188,1163.3748,1163374.7999
1,1193.0856,1163.4416,1163441.5999
1,1193.1533,1163.5093,1163509.2999
1,1193.2471,1163.6031,1163603.0999
1,1193.2673,1163.6233,1163623.2999
1,1193.2788,1163.6348,1163634.7999
1,1193.4285,1163.7845,1163784.4999
1,1193.4584,1163.8144,1163814.3999
1,1193.7648,1164.1208,1164120.7999
1,1193.8352,1164.1912,1164191.1999
1,1193.9526,1164.3086,1164308.5999
1,1193.9742,1164.3302,1164330.1999
1,1194.0112,1164.3672,1164367.1999
1,1194.1388,1164.4948,1164494.7999
1,1194.1926,1164.5486,1164548.5999
1,1194.3196,1164.6756,1164675.5999
1,1194.3809,1164.7369,1164736.8999
1,1194.4067,1164.7627,1164762.6999
1,1194.5671,1164.9231,1164923.0999
1,1194.6134,1164.9694,1164969.3999
1,1194.7118,1165.0678,1165067.7999
1,1194.7186,1165.0746,1165074.5999
1,1194.7525,1165.1085,1165108.4999
1,1194.9549,1165.3109,1165310.8999
1,1195.0228,1165.3788,1165378.7999
1,1195.1196,1165.4756,1165475.5999
1,1195.4309,1165.7869,1165786.8999
1,1195.4745,1165.8305,1165830.4999
1,1195.5059,1165.8619,1165861.8999
1,1195.5261,1165.8821,1165882.0999
1,1195.5442,1165.9002,1165900.1999
1,1195.5819,1165.9379,1165937.8999
1,1195.6286,1165.9846,1165984.5999
1,1195.6469,1166.0029,1166002.8999
1,1196.0637,1166.4197,1166419.6999
1,1196.0921,1166.4481,1166448.0999
1,1196.1496,1166.5056,1166505.5999
1,1196.1728,1166.5288,1166528.7999
1,1196.1879,1166.5439,1166543.8999
1,1196.4087,1166.7647,1166764.6999
1,1196.4576,1166.8136,1166813.5999
1,1196.5282,1166.8842,1166884.1999
1,1196.5938,1166.9498,1166949.7999
1,1196.8367,1167.1927,1167192.6999
1,1196.8621,1167.2181,1167218.0999
1,1196.9513,1167.3073,1167307.2999
1,1197.2476,1167.6036,1167603.5999
1,1197.2640,1167.6200,1167619.9999
1,1197.3054,1167.6614,1167661.3999
1,1197.3403,1167.6963,1167696.2999
1,1197.5943,1167.9503,1167950.2999
1,1197.8049,1168.1609,1168160.8999
1,1197.8830,1168.2390,1168238.9999
1,1197.9977,1168.3537,1168353.6999
1,1198.0493,1168.4053,1168405.2999
1,1198.0843,1168.4403,1168440.2999
1,1198.1055,1168.4615,1168461.4999
1,1198.1467,1168.5027,1168502.6999
1,1198.2252,1168.5812,1168581.1999
1,1198.3950,1168.7510,1168750.9999
1,1198.5092,1168.8652,1168865.1999
1,1198.5604,1168.9164,1168916.3999
1,1198.6454,1169.0014,1169001.3999
1,1198.6894,1169.0454,1169045.3999
1,1198.9170,1169.2730,1169272.9999
1,1198.9348,1169.2908,1169290.7999
1,1198.9834,1169.3394,1169339.3999
1,1199.0414,1169.3974,1169397.3999
1,1199.1014,1169.4574,1169457.3999
1,1199.1605,1169.5165,1169516.4999
1,1199.2486,1169.6046,1169604.5999
1,1199.5527,1169.9087,1169908.6999
1,1199.6516,1170.0076,1170007.5999
1,1199.6652,1170.0212,1170021.1999
1,1199.7181,1170.0741,1170074.0999
1,1199.7353,1170.0913,1170091.2999
1,1199.7634,1170.1194,1170119.3999
1,1199.9390,1170.2950,1170294.9999
1,1199.9977,1170.3537,1170353.6999
1,1200.1404,1170.4964,1170496.3999
1,1200.1700,1170.5260,1170525.9999
1,1200.2042,1170.5602,1170560.1999
1,1200.6114,1170.9674,1170967.3999
1,1200.7923,1171.1483,1171148.2999
1,1200.9235,1171.2795,1171279.4999
1,1201.0166,1171.3726,1171372.5999
1,1201.3590,1171.7150,1171714.9999
1,1201.7709,1172.1269,1172126.8999
1,1201.8570,1172.2130,1172212.9999
1,1201.8832,1172.2392,1172239.1999
1,1201.9507,1172.3067,1172306.6999
1,1202.1845,1172.5405,1172540.4999
1,1202.3294,1172.6854,1172685.3999
1,1202.4302,1172.7862,1172786.1999
1,1202.4959,1172.8519,1172851.8999
1,1202.5204,1172.8764,1172876.3999
1,1202.5358,1172.8918,1172891.7999
1,1202.5514,1172.9074,1172907.3999
1,1202.5611,1172.9171,1172917.0999
1,1202.6083,1172.9643,1172964.2999
1,1202.8429,1173.1989,1173198.8999
1,1202.9124,1173.2684,1173268.3999
1,1202.9779,1173.3339,1173333.8999
1,1203.0446,1173.4006,1173400.5999
1,1203.0643,1173.4203,1173420.2999
1,1203.0915,1173.4475,1173447.4999
1,1203.1415,1173.4975,1173497.4999
1,1203.1674,1173.5234,1173523.3999
1,1203.2440,1173.6000,1173599.9999
1,1203.3010,1173.6570,1173656.9999
1,1203.3335,1173.6895,1173689.4999
1,1203.3560,1173.7120,1173711.9999
1,1203.3860,1173.7420,1173741.9999
1,1203.4038,1173.7598,1173759.7999
1,1203.4965,1173.8525,1173852.4999
1,1203.5182,1173.8742,1173874.1999
1,1203.5280,1173.8840,1173883.9999
1,1203.6134,1173.9694,1173969.3999
1,1203.7577,1174.1137,1174113.6999
1,1203.8542,1174.2102,1174210.1999
1,1203.8952,1174.2512,1174251.1999
1,1204.1778,1174.5338,1174533.7999
1,1204.2070,1174.5630,1174562.9999
1,1204.2627,1174.6187,1174618.6999
1,1204.4619,1174.8179,1174817.8999
1,1204.5680,1174.9240,1174923.9999
1,1204.6730,1175.0290,1175028.9999
1,1204.6935,1175.0495,1175049.4999
1,1204.8725,1175.2285,1175228.4999
1,1204.9147,1175.2707,1175270.6999
1,1204.9309,1175.2869,1175286.8999
1,1205.1344,1175.4904,1175490.3999
1,1205.1585,1175.5145,1175514.4999
1,1205.2615,1175.6175,1175617.4999
1,1205.2665,1175.6225,1175622.4999
1,1205.2914,1175.6474,1175647.3999
1,1205.3214,1175.6774,1175677.3999
1,1205.4492,1175.8052,1175805.1999
1,1205.6050,1175.9610,1175960.9999
1,1205.6403,1175.9963,1175996.2999
1,1205.8718,1176.2278,1176227.7999
1,1205.9136,1176.2696,1176269.5999
1,1206.0332,1176.3892,1176389.1999
1,1206.0933,1176.4493,1176449.2999
1,1206.1214,1176.4774,1176477.3999
1,1206.1397,1176.4957,1176495.6999
1,1206.1579,1176.5139,1176513.8999
1,1206.2003,1176.5563,1176556.2999
1,1206.2740,1176.6300,1176629.9999
1,1206.3081,1176.6641,1176664.0999
1,1206.3237,1176.6797,1176679.6999
1,1206.5629,1176.9189,1176918.8999
1,1206.8975,1177.2535,1177253.4999
1,1206.9051,1177.2611,1177261.0999
1,1207.0149,1177.3709,1177370.8999
1,1207.0260,1177.3820,1177381.9999
1,1207.0683,1177.4243,1177424.2999
1,1207.1435,1177.4995,1177499.4999
1,1207.1851,1177.5411,1177541.0999
1,1207.2596,1177.6156,1177615.5999
1,1207.4021,1177.7581,1177758.0999
1,1207.6513,1178.0073,1178007.2999
1,1207.7714,1178.1274,1178127.3999
1,1207.8208,1178.1768,1178176.7999
1,1207.8754,1178.2314,1178231.3999
1,1207.9473,1178.3033,1178303.2999
1,1207.9575,1178.3135,1178313.4999
1,1207.9654,1178.3214,1178321.3999
1,1208.0054,1178.3614,1178361.3999
1,1208.2537,1178.6097,1178609.6999
1,1208.4078,1178.7638,1178763.7999
1,1208.4244,1178.7804,1178780.3999
1,1208.6663,1179.0223,1179022.2999
1,1208.7121,1179.0681,1179068.0999
1,1208.8266,1179.1826,1179182.5999
1,1208.8926,1179.2486,1179248.5999
1,1208.9528,1179.3088,1179308.7999
1,1209.0312,1179.3872,1179387.1999
1,1209.0674,1179.4234,1179423.3999
1,1209.3271,1179.6831,1179683.0999
1,1209.3970,1179.7530,1179752.9999
1,1209.4445,1179.8005,1179800.4999
1,1209.4776,1179.8336,1179833.5999
1,1209.5154,1179.8714,1179871.3999
1,1209.5474,1179.9034,1179903.3999
1,1209.5999,1179.9559,1179955.8999
1,1209.6413,1179.9973,1179997.2999
1,1209.7526,1180.1086,1180108.5999
1,1209.7940,1180.1500,1180149.9999
1,1209.9655,1180.3215,1180321.4999
1,1210.1832,1180.5392,1180539.1999
1,1210.2915,1180.6475,1180647.4999
1,1210.3123,1180.6683,1180668.2999
1,1210.3792,1180.7352,1180735.1999
1,1210.4272,1180.7832,1180783.1999
1,1210.5643,1180.9203,1180920.2999
1,1210.5989,1180.9549,1180954.8999
1,1210.8284,1181.1844,1181184.3999
1,1210.8665,1181.2225,1181222.4999
1,1210.8936,1181.2496,1181249.5999
1,1210.9436,1181.2996,1181299.5999
1,1210.9555,1181.3115,1181311.4999
1,1210.9854,1181.3414,1181341.3999
1,1211.0148,1181.3708,1181370.7999
1,1211.2164,1181.5724,1181572.3999
1,1211.3042,1181.6602,1181660.1999
1,1211.3361,1181.6921,1181692.0999
1,1211.3968,1181.7528,1181752.7999
1,1211.5482,1181.9042,1181904.1999
1,1211.5667,1181.9227,1181922.6999
1,1211.5896,1181.9456,1181945.5999
1,1211.5983,1181.9543,1181954.2999
1,1211.6041,1181.9601,1181960.0999
1,1211.8466,1182.2026,1182202.5999
1,1211.9457,1182.3017,1182301.6999
1,1211.9724,1182.3284,1182328.3999
1,1212.0195,1182.3755,1182375.4999
1,1212.0778,1182.4338,1182433.7999
1,1212.3896,1182.7456,1182745.5999
1,1212.4059,1182.7619,1182761.8999
1,1212.4132,1182.7692,1182769.1999
1,1212.4230,1182.7790,1182778.9999
1,1212.5066,1182.8626,1182862.5999
1,1212.5121,1182.8681,1182868.0999
1,1212.6868,1183.0428,1183042.7999
1,1212.7267,1183.0827,1183082.6999
1,1212.8307,1183.1867,1183186.6999
1,1212.8543,1183.2103,1183210.2999
1,1212.8726,1183.2286,1183228.5999
1,1212.9515,1183.3075,1183307.4999
1,1213.0376,1183.3936,1183393.5999
1,1213.1377,1183.4937,1183493.6999
1,1213.1542,1183.5102,1183510.1999
1,1213.2889,1183.6449,1183644.8999
1,1213.3987,1183.7547,1183754.6999
1,1213.5801,1183.9361,1183936.0999
1,1213.7489,1184.1049,1184104.8999
1,1213.7688,1184.1248,1184124.7999
1,1213.7828,1184.1388,1184138.7999
1,1213.7965,1184.1525,1184152.4999
1,1213.8546,1184.2106,1184210.5999
1,1214.0195,1184.3755,1184375.4999
1,1214.1654,1184.5214,1184521.3999
1,1214.2958,1184.6518,1184651.7999
1,1214.3186,1184.6746,1184674.5999
1,1214.4278,1184.7838,1184783.7999
1,1214.4468,1184.8028,1184802.7999
1,1214.5039,1184.8599,1184859.8999
1,1214.6234,1184.9794,1184979.3999
1,1214.6724,1185.0284,1185028.3999
1,1214.9446,1185.3006,1185300.5999
1,1215.0637,1185.4197,1185419.6999
1,1215.1112,1185.4672,1185467.1999
1,1215.1453,1185.5013,1185501.2999
1,1215.1594,1185.5154,1185515.3999
1,1215.2683,1185.6243,1185624.2999
1,1215.3354,1185.6914,1185691.3999
1,1215.3593,1185.7153,1185715.2999
1,1215.3767,1185.7327,1185732.6999
1,1215.6019,1185.9579,1185957.8999
1,1215.6095,1185.9655,1185965.4999
1,1215.6304,1185.9864,1185986.3999
1,1215.6413,1185.9973,1185997.2999
1,1215.7475,1186.1035,1186103.4999
1,1215.8288,1186.1848,1186184.7999
1,1215.9904,1186.3464,1186346.3999
1,1216.0086,1186.3646,1186364.5999
1,1216.0261,1186.3821,1186382.0999
1,1216.0605,1186.4165,1186416.4999
1,1216.2456,1186.6016,1186601.5999
1,1216.5228,1186.8788,1186878.7999
1,1216.5604,1186.9164,1186916.3999
1,1216.6045,1186.9605,1186960.4999
1,1216.6350,1186.9910,1186990.9999
1,1216.6752,1187.0312,1187031.1999
1,1216.7469,1187.1029,1187102.8999
1,1216.8584,1187.2144,1187214.3999
1,1217.0475,1187.4035,1187403.4999
1,1217.0772,1187.4332,1187433.1999
1,1217.0894,1187.4454,1187445.3999
1,1217.1039,1187.4599,1187459.8999
1,1217.1224,1187.4784,1187478.3999
1,1217.4281,1187.7841,1187784.0999
1,1217.4465,1187.8025,1187802.4999
1,1217.4560,1187.8120,1187811.9999
1,1217.7118,1188.0678,1188067.7999
1,1217.8222,1188.1782,1188178.1999
1,1217.8473,1188.2033,1188203.2999
1,1218.0351,1188.3911,1188391.0999
1,1218.0504,1188.4064,1188406.3999
1,1218.1141,1188.4701,1188470.0999
1,1218.1247,1188.4807,1188480.6999
1,1218.1878,1188.5438,1188543.7999
1,1218.6175,1188.9735,1188973.4999
1,1218.6640,1189.0200,1189019.9999
1,1218.7393,1189.0953,1189095.2999
1,1218.8783,1189.2343,1189234.2999
1,1219.0536,1189.4096,1189409.5999
1,1219.1123,1189.4683,1189468.2999
1,1219.3218,1189.6778,1189677.7999
1,1219.3682,1189.7242,1189724.1999
1,1219.3751,1189.7311,1189731.0999
1,1219.3796,1189.7356,1189735.5999
1,1219.4004,1189.7564,1189756.3999
1,1219.5622,1189.9182,1189918.1999
1,1219.5754,1189.9314,1189931.3999
1,1219.5935,1189.9495,1189949.4999
1,1219.6002,1189.9562,1189956.1999
1,1219.6290,1189.9850,1189984.9999
1,1219.8558,1190.2118,1190211.7999
1,1219.8702,1190.2262,1190226.1999
1,1219.9433,1190.2993,1190299.2999
1,1220.0794,1190.4354,1190435.3999
1,1220.1247,1190.4807,1190480.6999
1,1220.2290,1190.5850,1190584.9999
1,1220.5096,1190.8656,1190865.5999
1,1220.6279,1190.9839,1190983.8999
1,1220.6436,1190.9996,1190999.5999
1,1220.6520,1191.0080,1191007.9999
1,1220.6646,1191.0206,1191020.5999
1,1220.6903,1191.0463,1191046.2999
1,1220.7109,1191.0669,1191066.8999
1,1220.9113,1191.2673,1191267.2999
1,1220.9635,1191.3195,1191319.4999
1,1221.0628,1191.4188,1191418.7999
1,1221.0813,1191.4373,1191437.2999
1,1221.1180,1191.4740,1191473.9999
1,1221.1563,1191.5123,1191512.2999
1,1221.1814,1191.5374,1191537.3999
1,1221.1907,1191.5467,1191546.6999
1,1221.3994,1191.7554,1191755.3999
1,1221.4553,1191.8113,1191811.2999
1,1221.4720,1191.8280,1191827.9999
1,1221.7065,1192.0625,1192062.4999
1,1221.7579,1192.1139,1192113.8999
1,1221.9213,1192.2773,1192277.2999
1,1222.3495,1192.7055,1192705.4999
1,1222.5112,1192.8672,1192867.1999
1,1222.5671,1192.9231,1192923.0999
1,1222.6404,1192.9964,1192996.3999
1,1222.6786,1193.0346,1193034.5999
1,1222.7067,1193.0627,1193062.6999
1,1222.7599,1193.1159,1193115.8999
1,1222.7790,1193.1350,1193134.9999
1,1222.9850,1193.3410,1193340.9999
1,1223.2019,1193.5579,1193557.8999
1,1223.2557,1193.6117,1193611.6999
1,1223.3539,1193.7099,1193709.8999
1,1223.5153,1193.8713,1193871.2999
1,1223.6539,1194.0099,1194009.8999
1,1223.6796,1194.0356,1194035.5999
1,1223.7044,1194.0604,1194060.3999
1,1223.7268,1194.0828,1194082.7999
1,1223.7862,1194.1422,1194142.1999
1,1223.8682,1194.2242,1194224.1999
1,1223.8902,1194.2462,1194246.1999
1,1223.9140,1194.2700,1194269.9999
1,1224.0592,1194.4152,1194415.1999
1,1224.2159,1194.5719,1194571.8999
1,1224.2227,1194.5787,1194578.6999
1,1224.2780,1194.6340,1194633.9999
1,1224.3085,1194.6645,1194664.4999
1,1224.3633,1194.7193,1194719.2999
1,1224.3874,1194.7434,1194743.3999
1,1224.3964,1194.7524,1194752.3999
1,1224.4284,1194.7844,1194784.3999
1,1224.5013,1194.8573,1194857.2999
1,1224.5479,1194.9039,1194903.8999
1,1224.6879,1195.0439,1195043.8999
1,1224.7031,1195.0591,1195059.0999
1,1224.7316,1195.0876,1195087.5999
1,1224.9156,1195.2716,1195271.5999
1,1224.9922,1195.3482,1195348.1999
1,1225.0653,1195.4213,1195421.2999
1,1225.0857,1195.4417,1195441.6999
1,1225.1011,1195.4571,1195457.0999
1,1225.2497,1195.6057,1195605.6999
1,1225.3102,1195.6662,1195666.1999
1,1225.3376,1195.6936,1195693.5999
1,1225.3857,1195.7417,1195741.6999
1,1225.6439,1195.9999,1195999.8999
1,1225.7117,1196.0677,1196067.6999
1,1225.8205,1196.1765,1196176.4999
1,1225.8627,1196.2187,1196218.6999
1,1226.3076,1196.6636,1196663.5999
1,1226.4723,1196.8283,1196828.2999
1,1226.5188,1196.8748,1196874.7999
1,1226.8367,1197.1927,1197192.6999
1,1226.8968,1197.2528,1197252.7999
1,1227.0029,1197.3589,1197358.8999
1,1227.1380,1197.4940,1197493.9999
1,1227.3335,1197.6895,1197689.4999
1,1227.7352,1198.0912,1198091.1999
1,1227.8063,1198.1623,1198162.2999
1,1227.9260,1198.2820,1198281.9999
1,1227.9484,1198.3044,1198304.3999
1,1227.9567,1198.3127,1198312.6999
1,1227.9615,1198.3175,1198317.4999
1,1227.9914,1198.3474,1198347.3999
1,1228.0286,1198.3846,1198384.5999
1,1228.0694,1198.4254,1198425.3999
1,1228.1949,1198.5509,1198550.8999
1,1228.2042,1198.5602,1198560.1999
1,1228.2297,1198.5857,1198585.6999
1,1228.2549,1198.6109,1198610.8999
1,1228.3922,1198.7482,1198748.1999
1,1228.4171,1198.7731,1198773.0999
1,1228.4318,1198.7878,1198787.7999
1,1228.4343,1198.7903,1198790.2999
1,1228.4510,1198.8070,1198806.9999
1,1228.4708,1198.8268,1198826.7999
1,1228.7442,1199.1002,1199100.1999
1,1228.8159,1199.1719,1199171.8999
1,1228.8996,1199.2556,1199255.5999
1,1228.9438,1199.2998,1199299.7999
1,1229.0836,1199.4396,1199439.5999
1,1229.3233,1199.6793,1199679.2999
1,1229.4066,1199.7626,1199762.5999
1,1229.7083,1200.0643,1200064.2999
1,1229.8562,1200.2122,1200212.1999
1,1229.8942,1200.2502,1200250.1999
1,1229.9448,1200.3008,1200300.7999
1,1230.0305,1200.3865,1200386.4999
1,1230.1480,1200.5040,1200503.9999
1,1230.2271,1200.5831,1200583.0999
1,1230.2682,1200.6242,1200624.1999
1,1230.3113,1200.6673,1200667.2999
1,1230.5083,1200.8643,1200864.2999
1,1230.5327,1200.8887,1200888.6999
1,1230.5367,1200.8927,1200892.6999
1,1230.6271,1200.9831,1200983.0999
1,1230.6865,1201.0425,1201042.4999
1,1230.7811,1201.1371,1201137.0999
1,1230.8906,1201.2466,1201246.5999
1,1230.9478,1201.3038,1201303.7999
1,1231.0400,1201.3960,1201395.9999
1,1231.3380,1201.6940,1201693.9999
1,1231.4261,1201.7821,1201782.0999
1,1231.4583,1201.8143,1201814.2999
1,1231.4932,1201.8492,1201849.1999
1,1231.5089,1201.8649,1201864.8999
1,1231.5578,1201.9138,1201913.7999
1,1231.6000,1201.9560,1201955.9999
1,1231.9421,1202.2981,1202298.0999
1,1232.1000,1202.4560,1202455.9999
1,1232.1329,1202.4889,1202488.8999
1,1232.2053,1202.5613,1202561.2999
1,1232.2781,1202.6341,1202634.0999
1,1232.3378,1202.6938,1202693.7999
1,1232.3941,1202.7501,1202750.0999
1,1232.4763,1202.8323,1202832.2999
1,1232.5113,1202.8673,1202867.2999
1,1232.7682,1203.1242,1203124.1999
1,1232.8797,1203.2357,1203235.6999
1,1232.9318,1203.2878,1203287.7999
1,1232.9776,1203.3336,1203333.5999
1,1233.1249,1203.4809,1203480.8999
1,1233.1492,1203.5052,1203505.1999
1,1233.2926,1203.6486,1203648.5999
1,1233.3200,1203.6760,1203675.9999
1,1233.3381,1203.6941,1203694.0999
1,1233.4203,1203.7763,1203776.2999
1,1233.4895,1203.8455,1203845.4999
1,1233.5275,1203.8835,1203883.4999
1,1233.7402,1204.0962,1204096.1999
1,1233.8866,1204.2426,1204242.5999
1,1233.8976,1204.2536,1204253.5999
1,1234.0621,1204.4181,1204418.0999
1,1234.1554,1204.5114,1204511.3999
1,1234.2102,1204.5662,1204566.1999
1,1234.3328,1204.6888,1204688.7999
1,1234.4320,1204.7880,1204787.9999
1,1234.4901,1204.8461,1204846.0999
1,1234.6255,1204.9815,1204981.4999
1,1234.7246,1205.0806,1205080.5999
1,1234.7666,1205.1226,1205122.5999
1,1235.0127,1205.3687,1205368.6999
1,1235.1281,1205.4841,1205484.0999
1,1235.3594,1205.7154,1205715.3999
1,1235.5114,1205.8674,1205867.3999
1,1235.6331,1205.9891,1205989.0999
1,1235.6652,1206.0212,1206021.1999
1,1235.7620,1206.1180,1206117.9999
1,1235.9034,1206.2594,1206259.3999
1,1235.9521,1206.3081,1206308.0999
1,1235.9991,1206.3551,1206355.0999
1,1236.0189,1206.3749,1206374.8999
1,1236.1648,1206.5208,1206520.7999
1,1236.2683,1206.6243,1206624.2999
1,1236.4516,1206.8076,1206807.5999
1,1236.4679,1206.8239,1206823.8999
1,1236.6173,1206.9733,1206973.2999
1,1236.9428,1207.2988,1207298.7999
1,1237.0213,1207.3773,1207377.2999
1,1237.0454,1207.4014,1207401.3999
1,1237.1178,1207.4738,1207473.7999
1,1237.1608,1207.5168,1207516.7999
1,1237.4215,1207.7775,1207777.4999
1,1237.4247,1207.7807,1207780.6999
1,1237.6118,1207.9678,1207967.7999
1,1237.7516,1208.1076,1208107.5999
1,1237.7545,1208.1105,1208110.4999
1,1237.8008,1208.1568,1208156.7999
1,1237.8257,1208.1817,1208181.6999
1,1237.9042,1208.2602,1208260.1999
1,1237.9364,1208.2924,1208292.3999
1,1237.9896,1208.3456,1208345.5999
1,1238.1756,1208.5316,1208531.5999
1,1238.3348,1208.6908,1208690.7999
1,1238.5746,1208.9306,1208930.5999
1,1238.6136,1208.9696,1208969.5999
1,1238.6388,1208.9948,1208994.7999
1,1238.7750,1209.1310,1209130.9999
1,1239.0773,1209.4333,1209433.2999
1,1239.1778,1209.5338,1209533.7999
1,1239.1871,1209.5431,1209543.0999
1,1239.2546,1209.6106,1209610.5999
1,1239.3817,1209.7377,1209737.6999
1,1239.6060,1209.9620,1209961.9999
1,1239.6296,1209.9856,1209985.5999
1,1239.6418,1209.9978,1209997.7999
1,1239.6790,1210.0350,1210034.9999
1,1239.7459,1210.1019,1210101.8999
1,1239.9885,1210.3445,1210344.4999
1,1240.1331,1210.4891,1210489.0999
1,1240.2218,1210.5778,1210577.7999
1,1240.2525,1210.6085,1210608.4999
1,1240.3765,1210.7325,1210732.4999
1,1240.3987,1210.7547,1210754.6999
1,1240.5008,1210.8568,1210856.7999
1,1240.7281,1211.0841,1211084.0999
1,1240.9088,1211.2648,1211264.7999
1,1240.9331,1211.2891,1211289.0999
1,1241.1355,1211.4915,1211491.4999
1,1241.1953,1211.5513,1211551.2999
1,1241.3533,1211.7093,1211709.2999
1,1241.4185,1211.7745,1211774.4999
1,1241.4792,1211.8352,1211835.1999
1,1241.4922,1211.8482,1211848.1999
1,1241.5138,1211.8698,1211869.7999
1,1241.5252,1211.8812,1211881.1999
1,1241.7933,1212.1493,1212149.2999
1,1241.8093,1212.1653,1212165.2999
1,1241.8527,1212.2087,1212208.6999
1,1241.8737,1212.2297,1212229.6999
1,1241.8900,1212.2460,1212245.9999
1,1242.0337,1212.3897,1212389.6999
1,1242.0563,1212.4123,1212412.2999
1,1242.0875,1212.4435,1212443.4999
1,1242.1037,1212.4597,1212459.6999
1,1242.1965,1212.5525,1212552.4999
1,1242.2652,1212.6212,1212621.1999
1,1242.5290,1212.8850,1212884.9999
1,1242.6173,1212.9733,1212973.2999
1,1242.8743,1213.2303,1213230.2999
1,1242.9291,1213.2851,1213285.0999
1,1243.1844,1213.5404,1213540.3999
1,1243.2458,1213.6018,1213601.7999
1,1243.2918,1213.6478,1213647.7999
1,1243.3278,1213.6838,1213683.7999
1,1243.3894,1213.7454,1213745.3999
1,1243.4580,1213.8140,1213813.9999
1,1243.6929,1214.0489,1214048.8999
1,1243.7484,1214.1044,1214104.3999
1,1243.8420,1214.1980,1214197.9999
1,1243.8748,1214.2308,1214230.7999
1,1244.0704,1214.4264,1214426.3999
1,1244.0831,1214.4391,1214439.0999
1,1244.0921,1214.4481,1214448.0999
1,1244.2193,1214.5753,1214575.2999
1,1244.2335,1214.5895,1214589.4999
1,1244.2514,1214.6074,1214607.3999
1,1244.3925,1214.7485,1214748.4999
1,1244.4389,1214.7949,1214794.8999
1,1244.4557,1214.8117,1214811.6999
1,1244.5052,1214.8612,1214861.1999
1,1244.5323,1214.8883,1214888.2999
1,1244.5411,1214.8971,1214897.0999
1,1244.7818,1215.1378,1215137.7999
1,1244.8222,1215.1782,1215178.1999
1,1245.0233,1215.3793,1215379.2999
1,1245.1473,1215.5033,1215503.2999
1,1245.5136,1215.8696,1215869.5999
1,1245.5437,1215.8997,1215899.6999
1,1245.5998,1215.9558,1215955.7999
1,1245.6067,1215.9627,1215962.6999
1,1245.6114,1215.9674,1215967.3999
1,1245.6532,1216.0092,1216009.1999
1,1245.9038,1216.2598,1216259.7999
1,1245.9380,1216.2940,1216293.9999
1,1246.0380,1216.3940,1216393.9999
1,1246.0688,1216.4248,1216424.7999
1,1246.1485,1216.5045,1216504.4999
1,1246.2657,1216.6217,1216621.6999
1,1246.4477,1216.8037,1216803.6999
1,1246.6367,1216.9927,1216992.6999
1,1246.6722,1217.0282,1217028.1999
1,1246.7307,1217.0867,1217086.6999
1,1246.8251,1217.1811,1217181.0999
1,1246.9277,1217.2837,1217283.6999
1,1247.0431,1217.3991,1217399.0999
1,1247.0631,1217.4191,1217419.0999
1,1247.2359,1217.5919,1217591.8999
1,1247.2670,1217.6230,1217622.9999
1,1247.3136,1217.6696,1217669.5999
1,1247.3370,1217.6930,1217692.9999
1,1247.7047,1218.0607,1218060.6999
1,1247.8492,1218.2052,1218205.1999
1,1247.9111,1218.2671,1218267.0999
1,1247.9221,1218.2781,1218278.0999
1,1247.9437,1218.2997,1218299.6999
1,1247.9654,1218.3214,1218321.3999
1,1248.0975,1218.4535,1218453.4999
1,1248.1100,1218.4660,1218465.9999
1,1248.1557,1218.5117,1218511.6999
1,1248.4439,1218.7999,1218799.8999
1,1248.5615,1218.9175,1218917.4999
1,1248.7829,1219.1389,1219138.8999
1,1248.9193,1219.2753,1219275.2999
1,1249.0390,1219.3950,1219394.9999
1,1249.1552,1219.5112,1219511.1999
1,1249.2096,1219.5656,1219565.5999
1,1249.4918,1219.8478,1219847.7999
1,1249.5332,1219.8892,1219889.1999
1,1249.6601,1220.0161,1220016.0999
1,1249.7180,1220.0740,1220073.9999
1,1250.0564,1220.4124,1220412.3999
1,1250.0858,1220.4418,1220441.7999
1,1250.1120,1220.4680,1220467.9999
1,1250.3006,1220.6566,1220656.5999
1,1250.3506,1220.7066,1220706.5999
1,1250.4962,1220.8522,1220852.1999
1,1250.5237,1220.8797,1220879.6999
1,1250.5332,1220.8892,1220889.1999
1,1250.5417,1220.8977,1220897.6999
1,1250.7667,1221.1227,1221122.6999
1,1250.8070,1221.1630,1221162.9999
1,1250.9076,1221.2636,1221263.5999
1,1250.9317,1221.2877,1221287.6999
1,1251.0932,1221.4492,1221449.1999
1,1251.2738,1221.6298,1221629.7999
1,1251.3134,1221.6694,1221669.3999
1,1251.3640,1221.7200,1221719.9999
1,1251.3775,1221.7335,1221733.4999
1,1251.4436,1221.7996,1221799.5999
1,1251.6360,1221.9920,1221991.9999
1,1251.8118,1222.1678,1222167.7999
1,1251.8774,1222.2334,1222233.3999
1,1251.9244,1222.2804,1222280.3999
1,1252.0099,1222.3659,1222365.8999
1,1252.0977,1222.4537,1222453.6999
1,1252.1444,1222.5004,1222500.3999
1,1252.1987,1222.5547,1222554.6999
1,1252.4258,1222.7818,1222781.7999
1,1252.4681,1222.8241,1222824.0999
1,1252.6244,1222.9804,1222980.3999
1,1252.7353,1223.0913,1223091.2999
1,1252.8300,1223.1860,1223185.9999
1,1252.8572,1223.2132,1223213.1999
1,1252.9788,1223.3348,1223334.7999
1,1253.0679,1223.4239,1223423.8999
1,1253.2864,1223.6424,1223642.3999
1,1253.3491,1223.7051,1223705.0999
1,1253.4163,1223.7723,1223772.2999
1,1253.5498,1223.9058,1223905.7999
1,1253.5831,1223.9391,1223939.0999
1,1253.8427,1224.1987,1224198.6999
1,1253.9636,1224.3196,1224319.5999
1,1253.9919,1224.3479,1224347.8999
1,1254.0035,1224.3595,1224359.4999
1,1254.0600,1224.4160,1224415.9999
1,1254.0826,1224.4386,1224438.5999
1,1254.1675,1224.5235,1224523.4999
1,1254.1941,1224.5501,1224550.0999
1,1254.2008,1224.5568,1224556.7999
1,1254.2137,1224.5697,1224569.6999
1,1254.2639,1224.6199,1224619.8999
1,1254.2855,1224.6415,1224641.4999
1,1254.4161,1224.7721,1224772.0999
1,1254.5068,1224.8628,1224862.7999
1,1254.5394,1224.8954,1224895.3999
1,1254.5592,1224.9152,1224915.1999
1,1254.6332,1224.9892,1224989.1999
1,1254.7439,1225.0999,1225099.8999
1,1254.8321,1225.1881,1225188.0999
1,1255.0026,1225.3586,1225358.5999
1,1255.0862,1225.4422,1225442.1999
1,1255.3238,1225.6798,1225679.7999
1,1255.3497,1225.7057,1225705.6999
1,1255.4956,1225.8516,1225851.5999
1,1255.5123,1225.8683,1225868.2999
1,1255.7605,1226.1165,1226116.4999
1,1255.9178,1226.2738,1226273.7999
1,1256.0155,1226.3715,1226371.4999
1,1256.0793,1226.4353,1226435.2999
1,1256.2816,1226.6376,1226637.5999
1,1256.3266,1226.6826,1226682.5999
1,1256.4279,1226.7839,1226783.8999
1,1256.4434,1226.7994,1226799.3999
1,1256.4462,1226.8022,1226802.1999
1,1256.4734,1226.8294,1226829.3999
1,1256.5015,1226.8575,1226857.4999
1,1256.6295,1226.9855,1226985.4999
1,1256.6663,1227.0223,1227022.2999
1,1256.7016,1227.0576,1227057.5999
1,1256.8028,1227.1588,1227158.7999
1,1256.8045,1227.1605,1227160.4999
1,1256.9082,1227.2642,1227264.1999
1,1257.1526,1227.5086,1227508.5999
1,1257.2179,1227.5739,1227573.8999
1,1257.3336,1227.6896,1227689.5999
1,1257.4487,1227.8047,1227804.6999
1,1257.5232,1227.8792,1227879.1999
1,1257.7305,1228.0865,1228086.4999
1,1257.8180,1228.1740,1228173.9999
1,1257.8991,1228.2551,1228255.0999
1,1257.9607,1228.3167,1228316.6999
1,1258.0903,1228.4463,1228446.2999
1,1258.1269,1228.4829,1228482.8999
1,1258.4711,1228.8271,1228827.0999
1,1258.6018,1228.9578,1228957.7999
1,1258.6265,1228.9825,1228982.4999
1,1258.6891,1229.0451,1229045.0999
1,1258.7204,1229.0764,1229076.3999
1,1258.7360,1229.0920,1229091.9999
1,1258.7410,1229.0970,1229096.9999
1,1258.8222,1229.1782,1229178.1999
1,1258.8839,1229.2399,1229239.8999
1,1259.0153,1229.3713,1229371.2999
1,1259.1288,1229.4848,1229484.7999
1,1259.3591,1229.7151,1229715.0999
1,1259.3716,1229.7276,1229727.5999
1,1259.4185,1229.7745,1229774.4999
1,1259.7776,1230.1336,1230133.5999
1,1259.7980,1230.1540,1230153.9999
1,1259.9902,1230.3462,1230346.1999
1,1260.0844,1230.4404,1230440.3999
1,1260.1112,1230.4672,1230467.1999
1,1260.1369,1230.4929,1230492.8999
1,1260.1697,1230.5257,1230525.6999
1,1260.3239,1230.6799,1230679.8999
1,1260.4981,1230.8541,1230854.0999
1,1260.5988,1230.9548,1230954.7999
1,1260.7350,1231.0910,1231090.9999
1,1260.8470,1231.2030,1231202.9999
1,1260.8718,1231.2278,1231227.7999
1,1260.8805,1231.2365,1231236.4999
1,1260.8991,1231.2551,1231255.0999
1,1260.9236,1231.2796,1231279.5999
1,1261.0993,1231.4553,1231455.2999
1,1261.1126,1231.4686,1231468.5999
1,1261.2848,1231.6408,1231640.7999
1,1261.3087,1231.6647,1231664.6999
1,1261.3979,1231.7539,1231753.8999
1,1261.4286,1231.7846,1231784.5999
1,1261.4654,1231.8214,1231821.3999
1,1261.4788,1231.8348,1231834.7999
1,1261.4931,1231.8491,1231849.0999
1,1261.5060,1231.8620,1231861.9999
1,1261.5236,1231.8796,1231879.5999
1,1261.6205,1231.9765,1231976.4999
1,1261.6457,1232.0017,1232001.6999
1,1261.6620,1232.0180,1232017.9999
1,1261.6848,1232.0408,1232040.7999
1,1261.7104,1232.0664,1232066.3999
1,1261.7215,1232.0775,1232077.4999
1,1261.7815,1232.1375,1232137.4999
1,1261.8010,1232.1570,1232156.9999
1,1261.8178,1232.1738,1232173.7999
1,1261.9121,1232.2681,1232268.0999
1,1262.0505,1232.4065,1232406.4999
1,1262.3497,1232.7057,1232705.6999
1,1262.4616,1232.8176,1232817.5999
1,1262.5041,1232.8601,1232860.0999
1,1262.5111,1232.8671,1232867.0999
1,1262.5304,1232.8864,1232886.3999
1,1262.5735,1232.9295,1232929.4999
1,1262.7359,1233.0919,1233091.8999
1,1262.7656,1233.1216,1233121.5999
1,1263.0105,1233.3665,1233366.4999
1,1263.1151,1233.4711,1233471.0999
1,1263.2637,1233.6197,1233619.6999
1,1263.2909,1233.6469,1233646.8999
1,1263.3562,1233.7122,1233712.1999
1,1263.4365,1233.7925,1233792.4999
1,1263.4826,1233.8386,1233838.5999
1,1263.5228,1233.8788,1233878.7999
1,1263.5531,1233.9091,1233909.0999
1,1263.5850,1233.9410,1233940.9999
1,1263.5917,1233.9477,1233947.6999
1,1263.6106,1233.9666,1233966.5999
1,1263.6209,1233.9769,1233976.8999
1,1263.8019,1234.1579,1234157.8999
1,1263.8199,1234.1759,1234175.8999
1,1264.0185,1234.3745,1234374.4999
1,1264.3314,1234.6874,1234687.3999
1,1264.5396,1234.8956,1234895.5999
1,1264.6283,1234.9843,1234984.2999
1,1264.7196,1235.0756,1235075.5999
1,1264.8377,1235.1937,1235193.6999
1,1264.8772,1235.2332,1235233.1999
1,1264.9425,1235.2985,1235298.4999
1,1264.9663,1235.3223,1235322.2999
1,1265.0327,1235.3887,1235388.6999
1,1265.3316,1235.6876,1235687.5999
1,1265.3724,1235.7284,1235728.3999
1,1265.4517,1235.8077,1235807.6999
1,1265.5970,1235.9530,1235952.9999
1,1265.6165,1235.9725,1235972.4999
1,1265.6388,1235.9948,1235994.7999
1,1265.7204,1236.0764,1236076.3999
1,1266.0600,1236.4160,1236415.9999
1,1266.1442,1236.5002,1236500.1999
1,1266.1789,1236.5349,1236534.8999
1,1266.3593,1236.7153,1236715.2999
1,1266.3861,1236.7421,1236742.0999
1,1266.4763,1236.8323,1236832.2999
1,1266.5721,1236.9281,1236928.0999
1,1266.6063,1236.9623,1236962.2999
1,1266.6523,1237.0083,1237008.2999
1,1266.7240,1237.0800,1237079.9999
1,1266.8570,1237.2130,1237212.9999
1,1267.0946,1237.4506,1237450.5999
1,1267.2634,1237.6194,1237619.3999
1,1267.2995,1237.6555,1237655.4999
1,1267.3314,1237.6874,1237687.3999
1,1267.3454,1237.7014,1237701.3999
1,1267.4226,1237.7786,1237778.5999
1,1267.4809,1237.8369,1237836.8999
1,1267.5172,1237.8732,1237873.1999
1,1267.7666,1238.1226,1238122.5999
1,1267.7899,1238.1459,1238145.8999
1,1267.8510,1238.2070,1238206.9999
1,1267.8836,1238.2396,1238239.5999
1,1268.0139,1238.3699,1238369.8999
1,1268.1335,1238.4895,1238489.4999
1,1268.3028,1238.6588,1238658.7999
1,1268.3408,1238.6968,1238696.7999
1,1268.6043,1238.9603,1238960.2999
1,1268.6867,1239.0427,1239042.6999
1,1268.7731,1239.1291,1239129.0999
1,1268.7875,1239.1435,1239143.4999
1,1268.8164,1239.1724,1239172.3999
1,1268.8479,1239.2039,1239203.8999
1,1268.9041,1239.2601,1239260.0999
1,1268.9584,1239.3144,1239314.3999
1,1268.9999,1239.3559,1239355.8999
1,1269.0066,1239.3626,1239362.5999
1,1269.0116,1239.3676,1239367.5999
1,1269.1830,1239.5390,1239538.9999
1,1269.4609,1239.8169,1239816.8999
1,1269.4773,1239.8333,1239833.2999
1,1269.5960,1239.9520,1239951.9999
1,1269.6571,1240.0131,1240013.0999
1,1269.6872,1240.0432,1240043.1999
1,1269.7892,1240.1452,1240145.1999
1,1269.9443,1240.3003,1240300.2999
1,1270.0146,1240.3706,1240370.5999
1,1270.0618,1240.4178,1240417.7999
1,1270.1069,1240.4629,1240462.8999
1,1270.1523,1240.5083,1240508.2999
1,1270.1765,1240.5325,1240532.4999
1,1270.3041,1240.6601,1240660.0999
1,1270.3729,1240.7289,1240728.8999
1,1270.4010,1240.7570,1240756.9999
1,1270.4468,1240.8028,1240802.7999
1,1270.7719,1241.1279,1241127.8999
1,1270.7964,1241.1524,1241152.3999
1,1270.8348,1241.1908,1241190.7999
1,1270.8521,1241.2081,1241208.0999
1,1270.8681,1241.2241,1241224.0999
1,1271.0086,1241.3646,1241364.5999
1,1271.0400,1241.3960,1241395.9999
1,1271.1092,1241.4652,1241465.1999
1,1271.1265,1241.4825,1241482.4999
1,1271.1355,1241.4915,1241491.4999
1,1271.1602,1241.5162,1241516.1999
1,1271.3674,1241.7234,1241723.3999
1,1271.3841,1241.7401,1241740.0999
1,1271.5706,1241.9266,1241926.5999
1,1271.6471,1242.0031,1242003.0999
1,1271.7832,1242.1392,1242139.1999
1,1271.8208,1242.1768,1242176.7999
1,1271.9124,1242.2684,1242268.3999
1,1271.9316,1242.2876,1242287.5999
1,1271.9421,1242.2981,1242298.0999
1,1271.9608,1242.3168,1242316.7999
1,1272.0041,1242.3601,1242360.0999
1,1272.0121,1242.3681,1242368.0999
1,1272.3618,1242.7178,1242717.7999
1,1272.4998,1242.8558,1242855.7999
1,1272.5476,1242.9036,1242903.5999
1,1272.6080,1242.9640,1242963.9999
1,1272.7172,1243.0732,1243073.1999
1,1272.9419,1243.2979,1243297.8999
1,1272.9776,1243.3336,1243333.5999
1,1273.0336,1243.3896,1243389.5999
1,1273.0392,1243.3952,1243395.1999
1,1273.0751,1243.4311,1243431.0999
1,1273.3096,1243.6656,1243665.5999
1,1273.3303,1243.6863,1243686.2999
1,1273.3474,1243.7034,1243703.3999
1,1273.3673,1243.7233,1243723.2999
1,1273.3810,1243.7370,1243736.9999
1,1273.4971,1243.8531,1243853.0999
1,1273.5223,1243.8783,1243878.2999
1,1273.5369,1243.8929,1243892.8999
1,1273.5747,1243.9307,1243930.6999
1,1273.6205,1243.9765,1243976.4999
1,1273.7399,1244.0959,1244095.8999
1,1273.7584,1244.1144,1244114.3999
1,1273.7891,1244.1451,1244145.0999
1,1273.7931,1244.1491,1244149.0999
1,1273.8159,1244.1719,1244171.8999
1,1274.0539,1244.4099,1244409.8999
1,1274.0720,1244.4280,1244427.9999
1,1274.2076,1244.5636,1244563.5999
1,1274.3852,1244.7412,1244741.1999
1,1274.4369,1244.7929,1244792.8999
1,1274.4619,1244.8179,1244817.8999
1,1274.5559,1244.9119,1244911.8999
1,1274.5763,1244.9323,1244932.2999
1,1274.5936,1244.9496,1244949.5999
1,1274.6854,1245.0414,1245041.3999
1,1274.8577,1245.2137,1245213.6999
1,1274.8660,1245.2220,1245221.9999
1,1274.8809,1245.2369,1245236.8999
1,1274.8862,1245.2422,1245242.1999
1,1274.9370,1245.2930,1245292.9999
1,1275.1497,1245.5057,1245505.6999
1,1275.2866,1245.6426,1245642.5999
1,1275.3401,1245.6961,1245696.0999
1,1275.4020,1245.7580,1245757.9999
1,1275.4416,1245.7976,1245797.5999
1,1275.6808,1246.0368,1246036.7999
1,1275.8091,1246.1651,1246165.0999
1,1275.9477,1246.3037,1246303.6999
1,1276.0842,1246.4402,1246440.1999
1,1276.1463,1246.5023,1246502.2999
1,1276.3268,1246.6828,1246682.7999
1,1276.4677,1246.8237,1246823.6999
1,1276.6368,1246.9928,1246992.7999
1,1276.7955,1247.1515,1247151.4999
1,1276.9005,1247.2565,1247256.4999
1,1276.9901,1247.3461,1247346.0999
1,1277.0841,1247.4401,1247440.0999
1,1277.1743,1247.5303,1247530.2999
1,1277.1853,1247.5413,1247541.2999
1,1277.1970,1247.5530,1247552.9999
1,1277.2213,1247.5773,1247577.2999
1,1277.2378,1247.5938,1247593.7999
1,1277.4481,1247.8041,1247804.0999
1,1277.4624,1247.8184,1247818.3999
1,1277.4759,1247.8319,1247831.8999
1,1277.6959,1248.0519,1248051.8999
1,1277.8177,1248.1737,1248173.6999
1,1277.8271,1248.1831,1248183.0999
1,1277.9880,1248.3440,1248343.9999
1,1278.2208,1248.5768,1248576.7999
1,1278.2715,1248.6275,1248627.4999
1,1278.2939,1248.6499,1248649.8999
1,1278.3000,1248.6560,1248655.9999
1,1278.3425,1248.6985,1248698.4999
1,1278.3805,1248.7365,1248736.4999
1,1278.5113,1248.8673,1248867.2999
1,1278.5253,1248.8813,1248881.2999
1,1278.5937,1248.9497,1248949.6999
1,1278.7596,1249.1156,1249115.5999
1,1278.7747,1249.1307,1249130.6999
1,1278.8320,1249.1880,1249187.9999
1,1278.8718,1249.2278,1249227.7999
1,1278.9056,1249.2616,1249261.5999
1,1279.0517,1249.4077,1249407.6999
1,1279.0899,1249.4459,1249445.8999
1,1279.1123,1249.4683,1249468.2999
1,1279.1894,1249.5454,1249545.3999
1,1279.4100,1249.7660,1249765.9999
1,1279.6264,1249.9824,1249982.3999
1,1279.6613,1250.0173,1250017.2999
1,1279.9337,1250.2897,1250289.6999
1,1280.0076,1250.3636,1250363.5999
1,1280.1415,1250.4975,1250497.4999
1,1280.1606,1250.5166,1250516.5999
1,1280.1685,1250.5245,1250524.4999
1,1280.1990,1250.5550,1250554.9999
1,1280.4136,1250.7696,1250769.5999
1,1280.4288,1250.7848,1250784.7999
1,1280.4776,1250.8336,1250833.5999
1,1280.5051,1250.8611,1250861.0999
1,1280.5584,1250.9144,1250914.3999
1,1280.5681,1250.9241,1250924.0999
1,1280.8212,1251.1772,1251177.1999
1,1280.8405,1251.1965,1251196.4999
1,1280.8930,1251.2490,1251248.9999
1,1280.9340,1251.2900,1251289.9999
1,1280.9885,1251.3445,1251344.4999
1,1281.0303,1251.3863,1251386.2999
1,1281.1162,1251.4722,1251472.1999
1,1281.2504,1251.6064,1251606.3999
1,1281.3651,1251.7211,1251721.0999
1,1281.5817,1251.9377,1251937.6999
1,1281.5994,1251.9554,1251955.3999
1,1281.6362,1251.9922,1251992.1999
1,1281.7847,1252.1407,1252140.6999
1,1281.8050,1252.1610,1252160.9999
1,1281.8387,1252.1947,1252194.6999
1,1281.9521,1252.3081,1252308.0999
1,1282.0229,1252.3789,1252378.8999
1,1282.0784,1252.4344,1252434.3999
1,1282.0979,1252.4539,1252453.8999
1,1282.1451,1252.5011,1252501.0999
1,1282.1701,1252.5261,1252526.0999
1,1282.3047,1252.6607,1252660.6999
1,1282.4195,1252.7755,1252775.4999
1,1282.4555,1252.8115,1252811.4999
1,1282.5955,1252.9515,1252951.4999
1,1282.6250,1252.9810,1252980.9999
1,1282.6391,1252.9951,1252995.0999
1,1282.6468,1253.0028,1253002.7999
1,1282.6557,1253.0117,1253011.6999
1,1282.6662,1253.0222,1253022.1999
1,1282.8742,1253.2302,1253230.1999
1,1282.8989,1253.2549,1253254.8999
1,1282.9397,1253.2957,1253295.6999
1,1282.9664,1253.3224,1253322.3999
1,1282.9839,1253.3399,1253339.8999
1,1283.0519,1253.4079,1253407.8999
1,1283.0753,1253.4313,1253431.2999
1,1283.0892,1253.4452,1253445.1999
1,1283.2629,1253.6189,1253618.8999
1,1283.2743,1253.6303,1253630.2999
1,1283.5010,1253.8570,1253856.9999
1,1283.5225,1253.8785,1253878.4999
1,1283.5387,1253.8947,1253894.6999
1,1283.6608,1254.0168,1254016.7999
1,1283.7260,1254.0820,1254081.9999
1,1283.9643,1254.3203,1254320.2999
1,1283.9867,1254.3427,1254342.6999
1,1284.0467,1254.4027,1254402.6999
1,1284.1049,1254.4609,1254460.8999
1,1284.2355,1254.5915,1254591.4999
1,1284.2882,1254.6442,1254644.1999
1,1284.3682,1254.7242,1254724.1999
1,1284.3866,1254.7426,1254742.5999
1,1284.4522,1254.8082,1254808.1999
1,1284.6200,1254.9760,1254975.9999
1,1285.1098,1255.4658,1255465.7999
1,1285.1438,1255.4998,1255499.7999
1,1285.1692,1255.5252,1255525.1999
1,1285.3075,1255.6635,1255663.4999
1,1285.4743,1255.8303,1255830.2999
1,1285.5474,1255.9034,1255903.3999
1,1285.6106,1255.9666,1255966.5999
1,1285.6639,1256.0199,1256019.8999
1,1285.7930,1256.1490,1256148.9999
1,1285.8599,1256.2159,1256215.8999
1,1285.8664,1256.2224,1256222.3999
1,1286.0177,1256.3737,1256373.6999
1,1286.0381,1256.3941,1256394.0999
1,1286.2786,1256.6346,1256634.5999
1,1286.3099,1256.6659,1256665.8999
1,1286.3534,1256.7094,1256709.3999
1,1286.3988,1256.7548,1256754.7999
1,1286.4878,1256.8438,1256843.7999
1,1286.6601,1257.0161,1257016.0999
1,1286.8495,1257.2055,1257205.4999
1,1286.8826,1257.2386,1257238.5999
1,1286.9345,1257.2905,1257290.4999
1,1286.9543,1257.3103,1257310.2999
1,1286.9787,1257.3347,1257334.6999
1,1287.1172,1257.4732,1257473.1999
1,1287.1627,1257.5187,1257518.6999
1,1287.2814,1257.6374,1257637.3999
1,1287.5050,1257.8610,1257860.9999
1,1287.5494,1257.9054,1257905.3999
1,1287.6780,1258.0340,1258033.9999
1,1287.8209,1258.1769,1258176.8999
1,1288.2055,1258.5615,1258561.4999
1,1288.3375,1258.6935,1258693.4999
1,1288.3635,1258.7195,1258719.4999
1,1288.3885,1258.7445,1258744.4999
1,1288.4045,1258.7605,1258760.4999
1,1288.4243,1258.7803,1258780.2999
1,1288.4495,1258.8055,1258805.4999
1,1288.4759,1258.8319,1258831.8999
1,1288.7048,1259.0608,1259060.7999
1,1288.7387,1259.0947,1259094.6999
1,1288.7892,1259.1452,1259145.1999
1,1288.8486,1259.2046,1259204.5999
1,1288.8720,1259.2280,1259227.9999
1,1288.8821,1259.2381,1259238.0999
1,1289.0214,1259.3774,1259377.3999
1,1289.0412,1259.3972,1259397.1999
1,1289.3975,1259.7535,1259753.4999
1,1289.4197,1259.7757,1259775.6999
1,1289.4468,1259.8028,1259802.7999
1,1289.5454,1259.9014,1259901.3999
1,1289.5876,1259.9436,1259943.5999
1,1289.6061,1259.9621,1259962.0999
1,1289.6289,1259.9849,1259984.8999
1,1289.8070,1260.1630,1260162.9999
1,1289.9132,1260.2692,1260269.1999
1,1289.9892,1260.3452,1260345.1999
1,1290.2096,1260.5656,1260565.5999
1,1290.2902,1260.6462,1260646.1999
1,1290.3102,1260.6662,1260666.1999
1,1290.3175,1260.6735,1260673.4999
1,1290.4793,1260.8353,1260835.2999
1,1290.5625,1260.9185,1260918.4999
1,1291.0842,1261.4402,1261440.1999
1,1291.1621,1261.5181,1261518.0999
1,1291.2472,1261.6032,1261603.1999
1,1291.2785,1261.6345,1261634.4999
1,1291.3008,1261.6568,1261656.7999
1,1291.3364,1261.6924,1261692.3999
1,1291.3842,1261.7402,1261740.1999
1,1291.4130,1261.7690,1261768.9999
1,1292.0176,1262.3736,1262373.5999
1,1292.0212,1262.3772,1262377.1999
1,1292.0763,1262.4323,1262432.2999
1,1292.2055,1262.5615,1262561.4999
1,1292.4160,1262.7720,1262771.9999
1,1292.4352,1262.7912,1262791.1999
1,1292.4614,1262.8174,1262817.3999
1,1292.5293,1262.8853,1262885.2999
1,1292.5434,1262.8994,1262899.3999
1,1292.6019,1262.9579,1262957.8999
1,1292.6539,1263.0099,1263009.8999
1,1292.8802,1263.2362,1263236.1999
1,1292.9957,1263.3517,1263351.6999
1,1293.1978,1263.5538,1263553.7999
1,1293.4307,1263.7867,1263786.6999
1,1293.4749,1263.8309,1263830.8999
1,1293.5880,1263.9440,1263943.9999
1,1293.7007,1264.0567,1264056.6999
1,1293.7299,1264.0859,1264085.8999
1,1294.0430,1264.3990,1264398.9999
1,1294.1039,1264.4599,1264459.8999
1,1294.3678,1264.7238,1264723.7999
1,1294.4140,1264.7700,1264769.9999
1,1294.6241,1264.9801,1264980.0999
1,1294.6997,1265.0557,1265055.6999
1,1295.0466,1265.4026,1265402.5999
1,1295.1143,1265.4703,1265470.2999
1,1295.3191,1265.6751,1265675.0999
1,1295.3471,1265.7031,1265703.0999
1,1295.3762,1265.7322,1265732.1999
1,1295.4461,1265.8021,1265802.0999
1,1295.5517,1265.9077,1265907.6999
1,1295.7051,1266.0611,1266061.0999
1,1295.7248,1266.0808,1266080.7999
1,1295.7514,1266.1074,1266107.3999
1,1295.9902,1266.3462,1266346.1999
1,1296.1651,1266.5211,1266521.0999
1,1296.1849,1266.5409,1266540.8999
1,1296.3234,1266.6794,1266679.3999
1,1296.4598,1266.8158,1266815.7999
1,1296.4862,1266.8422,1266842.1999
1,1296.5187,1266.8747,1266874.6999
1,1296.5638,1266.9198,1266919.7999
1,1296.5750,1266.9310,1266930.9999
1,1296.8966,1267.2526,1267252.5999
1,1296.9310,1267.2870,1267286.9999
1,1296.9452,1267.3012,1267301.1999
1,1297.0209,1267.3769,1267376.8999
1,1297.0441,1267.4001,1267400.0999
1,1297.1738,1267.5298,1267529.7999
1,1297.1967,1267.5527,1267552.6999
1,1297.2122,1267.5682,1267568.1999
1,1297.2502,1267.6062,1267606.1999
1,1297.4318,1267.7878,1267787.7999
1,1297.5373,1267.8933,1267893.2999
1,1297.5766,1267.9326,1267932.5999
1,1297.6016,1267.9576,1267957.5999
1,1297.6078,1267.9638,1267963.7999
1,1297.6396,1267.9956,1267995.5999
1,1297.7190,1268.0750,1268074.9999
1,1298.0328,1268.3888,1268388.7999
1,1298.1242,1268.4802,1268480.1999
1,1298.1421,1268.4981,1268498.0999
1,1298.1671,1268.5231,1268523.0999
1,1298.3367,1268.6927,1268692.6999
1,1298.3916,1268.7476,1268747.5999
1,1298.7922,1269.1482,1269148.1999
1,1298.8139,1269.1699,1269169.8999
1,1298.9620,1269.3180,1269317.9999
1,1299.0718,1269.4278,1269427.7999
1,1299.0812,1269.4372,1269437.1999
1,1299.0977,1269.4537,1269453.6999
1,1299.1139,1269.4699,1269469.8999
1,1299.1295,1269.4855,1269485.4999
1,1299.1379,1269.4939,1269493.8999
1,1299.1495,1269.5055,1269505.4999
1,1299.3055,1269.6615,1269661.4999
1,1299.3494,1269.7054,1269705.3999
1,1299.6360,1269.9920,1269991.9999
1,1299.9691,1270.3251,1270325.0999
1,1299.9832,1270.3392,1270339.1999
1,1299.9968,1270.3528,1270352.7999
1,1300.0114,1270.3674,1270367.3999
1,1300.0161,1270.3721,1270372.0999
1,1300.0311,1270.3871,1270387.0999
1,1300.0570,1270.4130,1270412.9999
1,1300.2394,1270.5954,1270595.3999
1,1300.3771,1270.7331,1270733.0999
1,1300.4229,1270.7789,1270778.8999
1,1300.4432,1270.7992,1270799.1999
1,1300.5144,1270.8704,1270870.3999
1,1300.6158,1270.9718,1270971.7999
1,1300.7877,1271.1437,1271143.6999
1,1300.9917,1271.3477,1271347.6999
1,1301.0294,1271.3854,1271385.3999
1,1301.1799,1271.5359,1271535.8999
1,1301.2100,1271.5660,1271565.9999
1,1301.2423,1271.5983,1271598.2999
1,1301.2455,1271.6015,1271601.4999
1,1301.3566,1271.7126,1271712.5999
1,1301.4048,1271.7608,1271760.7999
1,1301.4331,1271.7891,1271789.0999
1,1301.4440,1271.8000,1271799.9999
1,1301.4557,1271.8117,1271811.6999
1,1301.4891,1271.8451,1271845.0999
1,1301.5019,1271.8579,1271857.8999
1,1301.5247,1271.8807,1271880.6999
1,1301.7634,1272.1194,1272119.3999
1,1301.8253,1272.1813,1272181.2999
1,1301.9327,1272.2887,1272288.6999
1,1301.9548,1272.3108,1272310.7999
1,1301.9830,1272.3390,1272338.9999
1,1302.0084,1272.3644,1272364.3999
1,1302.2452,1272.6012,1272601.1999
1,1302.2939,1272.6499,1272649.8999
1,1302.3318,1272.6878,1272687.7999
1,1302.4413,1272.7973,1272797.2999
1,1302.4591,1272.8151,1272815.0999
1,1302.4922,1272.8482,1272848.1999
1,1302.6199,1272.9759,1272975.8999
1,1302.6443,1273.0003,1273000.2999
1,1302.6764,1273.0324,1273032.3999
1,1302.9751,1273.3311,1273331.0999
1,1303.0521,1273.4081,1273408.0999
1,1303.1172,1273.4732,1273473.1999
1,1303.1616,1273.5176,1273517.5999
1,1303.2505,1273.6065,1273606.4999
1,1303.2942,1273.6502,1273650.1999
1,1303.5395,1273.8955,1273895.4999
1,1303.6862,1274.0422,1274042.1999
1,1303.7250,1274.0810,1274080.9999
1,1303.9029,1274.2589,1274258.8999
1,1303.9046,1274.2606,1274260.5999
1,1304.0129,1274.3689,1274368.8999
1,1304.0246,1274.3806,1274380.5999
1,1304.0818,1274.4378,1274437.7999
1,1304.1163,1274.4723,1274472.2999
1,1304.1277,1274.4837,1274483.6999
1,1304.2927,1274.6487,1274648.6999
1,1304.3345,1274.6905,1274690.4999
1,1304.4204,1274.7764,1274776.3999
1,1304.4450,1274.8010,1274800.9999
1,1304.4726,1274.8286,1274828.5999
1,1304.6396,1274.9956,1274995.5999
1,1304.6784,1275.0344,1275034.3999
1,1304.6985,1275.0545,1275054.4999
1,1304.7114,1275.0674,1275067.3999
1,1304.7444,1275.1004,1275100.3999
1,1304.8749,1275.2309,1275230.8999
1,1304.9232,1275.2792,1275279.1999
1,1305.2005,1275.5565,1275556.4999
1,1305.3760,1275.7320,1275731.9999
1,1305.3946,1275.7506,1275750.5999
1,1305.5396,1275.8956,1275895.5999
1,1305.7865,1276.1425,1276142.4999
1,1305.8277,1276.1837,1276183.6999
1,1305.9203,1276.2763,1276276.2999
1,1305.9463,1276.3023,1276302.2999
1,1306.0814,1276.4374,1276437.3999
1,1306.3204,1276.6764,1276676.3999
1,1306.3553,1276.7113,1276711.2999
1,1306.4740,1276.8300,1276829.9999
1,1306.4886,1276.8446,1276844.5999
1,1306.5068,1276.8628,1276862.7999
1,1306.5311,1276.8871,1276887.0999
1,1306.8069,1277.1629,1277162.8999
1,1306.8458,1277.2018,1277201.7999
1,1306.8700,1277.2260,1277225.9999
1,1306.8796,1277.2356,1277235.5999
1,1306.9119,1277.2679,1277267.8999
1,1306.9468,1277.3028,1277302.7999
1,1307.1349,1277.4909,1277490.8999
1,1307.1531,1277.5091,1277509.0999
1,1307.2667,1277.6227,1277622.6999
1,1307.3120,1277.6680,1277667.9999
1,1307.4059,1277.7619,1277761.8999
1,1307.5597,1277.9157,1277915.6999
1,1307.6820,1278.0380,1278037.9999
1,1307.7145,1278.0705,1278070.4999
1,1307.8350,1278.1910,1278190.9999
1,1307.8539,1278.2099,1278209.8999
1,1307.9031,1278.2591,1278259.0999
1,1308.1325,1278.4885,1278488.4999
1,1308.3443,1278.7003,1278700.2999
1,1308.3614,1278.7174,1278717.3999
1,1308.4982,1278.8542,1278854.1999
1,1308.5620,1278.9180,1278917.9999
1,1308.6016,1278.9576,1278957.5999
1,1308.6314,1278.9874,1278987.3999
1,1308.7393,1279.0953,1279095.2999
1,1308.9638,1279.3198,1279319.7999
1,1309.0078,1279.3638,1279363.7999
1,1309.0239,1279.3799,1279379.8999
1,1309.0457,1279.4017,1279401.6999
1,1309.0681,1279.4241,1279424.0999
1,1309.2244,1279.5804,1279580.3999
1,1309.2407,1279.5967,1279596.6999
1,1309.5182,1279.8742,1279874.1999
1,1309.6045,1279.9605,1279960.4999
1,1309.6131,1279.9691,1279969.0999
1,1309.8254,1280.1814,1280181.3999
1,1309.8524,1280.2084,1280208.3999
1,1309.8825,1280.2385,1280238.4999
1,1309.9503,1280.3063,1280306.2999
1,1309.9685,1280.3245,1280324.4999
1,1310.0124,1280.3684,1280368.3999
1,1310.2254,1280.5814,1280581.3999
1,1310.3126,1280.6686,1280668.5999
1,1310.3998,1280.7558,1280755.7999
1,1310.4089,1280.7649,1280764.8999
1,1310.4415,1280.7975,1280797.4999
1,1310.5910,1280.9470,1280946.9999
1,1310.8113,1281.1673,1281167.2999
1,1310.8530,1281.2090,1281208.9999
1,1310.8833,1281.2393,1281239.2999
1,1310.8949,1281.2509,1281250.8999
1,1310.9273,1281.2833,1281283.2999
1,1310.9673,1281.3233,1281323.2999
1,1311.1207,1281.4767,1281476.6999
1,1311.1396,1281.4956,1281495.5999
1,1311.5646,1281.9206,1281920.5999
1,1311.5955,1281.9515,1281951.4999
1,1311.6773,1282.0333,1282033.2999
1,1311.9479,1282.3039,1282303.8999
1,1311.9715,1282.3275,1282327.4999
1,1312.1184,1282.4744,1282474.3999
1,1312.1426,1282.4986,1282498.5999
1,1312.1938,1282.5498,1282549.7999
1,1312.2216,1282.5776,1282577.5999
1,1312.2983,1282.6543,1282654.2999
1,1312.5345,1282.8905,1282890.4999
1,1312.5763,1282.9323,1282932.2999
1,1312.5820,1282.9380,1282937.9999
1,1312.5986,1282.9546,1282954.5999
1,1312.6196,1282.9756,1282975.5999
1,1312.8178,1283.1738,1283173.7999
1,1312.8306,1283.1866,1283186.5999
1,1312.8462,1283.2022,1283202.1999
1,1312.9937,1283.3497,1283349.6999
1,1313.4110,1283.7670,1283766.9999
1,1313.4759,1283.8319,1283831.8999
1,1313.6129,1283.9689,1283968.8999
1,1313.6728,1284.0288,1284028.7999
1,1313.7726,1284.1286,1284128.5999
1,1313.8010,1284.1570,1284156.9999
1,1313.8733,1284.2293,1284229.2999
1,1313.9060,1284.2620,1284261.9999
1,1314.0344,1284.3904,1284390.3999
1,1314.0509,1284.4069,1284406.8999
1,1314.0774,1284.4334,1284433.3999
1,1314.1027,1284.4587,1284458.6999
1,1314.3479,1284.7039,1284703.8999
1,1314.3611,1284.7171,1284717.0999
1,1314.4772,1284.8332,1284833.1999
1,1314.5410,1284.8970,1284896.9999
1,1314.6476,1285.0036,1285003.5999
1,1314.6717,1285.0277,1285027.6999
1,1314.6959,1285.0519,1285051.8999
1,1314.7087,1285.0647,1285064.6999
1,1314.7796,1285.1356,1285135.5999
1,1314.9523,1285.3083,1285308.2999
1,1314.9912,1285.3472,1285347.1999
1,1315.0027,1285.3587,1285358.6999
1,1315.0758,1285.4318,1285431.7999
1,1315.1128,1285.4688,1285468.7999
1,1315.2686,1285.6246,1285624.5999
1,1315.2887,1285.6447,1285644.6999
1,1315.3002,1285.6562,1285656.1999
1,1315.3288,1285.6848,1285684.7999
1,1315.4885,1285.8445,1285844.4999
1,1315.5235,1285.8795,1285879.4999
1,1315.9089,1286.2649,1286264.8999
1,1316.1363,1286.4923,1286492.2999
1,1316.2023,1286.5583,1286558.2999
1,1316.2147,1286.5707,1286570.6999
1,1316.2507,1286.6067,1286606.6999
1,1316.2761,1286.6321,1286632.0999
1,1316.4035,1286.7595,1286759.4999
1,1316.5229,1286.8789,1286878.8999
1,1316.5944,1286.9504,1286950.3999
1,1316.6906,1287.0466,1287046.5999
1,1316.7453,1287.1013,1287101.2999
1,1316.8734,1287.2294,1287229.3999
1,1316.9367,1287.2927,1287292.6999
1,1317.0138,1287.3698,1287369.7999
1,1317.0524,1287.4084,1287408.3999
1,1317.0628,1287.4188,1287418.7999
1,1317.0802,1287.4362,1287436.1999
1,1317.1051,1287.4611,1287461.0999
1,1317.1290,1287.4850,1287484.9999
1,1317.2848,1287.6408,1287640.7999
1,1317.3022,1287.6582,1287658.1999
1,1317.3540,1287.7100,1287709.9999
1,1317.4116,1287.7676,1287767.5999
1,1317.4502,1287.8062,1287806.1999
1,1317.5114,1287.8674,1287867.3999
1,1317.7213,1288.0773,1288077.2999
1,1317.7896,1288.1456,1288145.5999
1,1317.8526,1288.2086,1288208.5999
1,1317.8768,1288.2328,1288232.7999
1,1317.8837,1288.2397,1288239.6999
1,1317.9146,1288.2706,1288270.5999
1,1317.9408,1288.2968,1288296.7999
1,1317.9972,1288.3532,1288353.1999
1,1318.0379,1288.3939,1288393.8999
1,1318.0475,1288.4035,1288403.4999
1,1318.0724,1288.4284,1288428.3999
1,1318.1003,1288.4563,1288456.2999
1,1318.1168,1288.4728,1288472.7999
1,1318.1283,1288.4843,1288484.2999
1,1318.1798,1288.5358,1288535.7999
1,1318.3577,1288.7137,1288713.6999
1,1318.4031,1288.7591,1288759.0999
1,1318.6617,1289.0177,1289017.6999
1,1318.7293,1289.0853,1289085.2999
1,1318.8070,1289.1630,1289162.9999
1,1318.8542,1289.2102,1289210.1999
1,1318.8658,1289.2218,1289221.7999
1,1319.0513,1289.4073,1289407.2999
1,1319.0942,1289.4502,1289450.1999
1,1319.2183,1289.5743,1289574.2999
1,1319.3023,1289.6583,1289658.2999
1,1319.3107,1289.6667,1289666.6999
1,1319.3241,1289.6801,1289680.0999
1,1319.4854,1289.8414,1289841.3999
1,1319.5517,1289.9077,1289907.6999
1,1319.6433,1289.9993,1289999.2999
1,1319.7139,1290.0699,1290069.8999
1,1319.8801,1290.2361,1290236.0999
1,1319.9546,1290.3106,1290310.5999
1,1320.0814,1290.4374,1290437.3999
1,1320.2097,1290.5657,1290565.6999
1,1320.2775,1290.6335,1290633.4999
1,1320.3218,1290.6778,1290677.7999
1,1320.6337,1290.9897,1290989.6999
1,1320.7108,1291.0668,1291066.7999
1,1321.2620,1291.6180,1291617.9999
1,1321.3969,1291.7529,1291752.8999
1,1321.4590,1291.8150,1291814.9999
1,1321.5344,1291.8904,1291890.3999
1,1321.5702,1291.9262,1291926.1999
1,1321.5787,1291.9347,1291934.6999
1,1321.7431,1292.0991,1292099.0999
1,1321.8828,1292.2388,1292238.7999
1,1322.0425,1292.3985,1292398.4999
1,1322.0801,1292.4361,1292436.0999
1,1322.0955,1292.4515,1292451.4999
1,1322.1426,1292.4986,1292498.5999
1,1322.3266,1292.6826,1292682.5999
1,1322.4211,1292.7771,1292777.0999
1,1322.4711,1292.8271,1292827.0999
1,1322.4925,1292.8485,1292848.4999
1,1322.5097,1292.8657,1292865.6999
1,1322.5295,1292.8855,1292885.4999
1,1322.5476,1292.9036,1292903.5999
1,1322.7209,1293.0769,1293076.8999
1,1322.8407,1293.1967,1293196.6999
1,1322.9054,1293.2614,1293261.3999
1,1323.1656,1293.5216,1293521.5999
1,1323.2432,1293.5992,1293599.1999
1,1323.2598,1293.6158,1293615.7999
1,1323.2838,1293.6398,1293639.7999
1,1323.4316,1293.7876,1293787.5999
1,1323.4595,1293.8155,1293815.4999
1,1323.4866,1293.8426,1293842.5999
1,1323.5183,1293.8743,1293874.2999
1,1323.6686,1294.0246,1294024.5999
1,1323.6827,1294.0387,1294038.6999
1,1323.6862,1294.0422,1294042.1999
1,1323.7069,1294.0629,1294062.8999
1,1323.9675,1294.3235,1294323.4999
1,1324.0022,1294.3582,1294358.1999
1,1324.1032,1294.4592,1294459.1999
1,1324.4028,1294.7588,1294758.7999
1,1324.4524,1294.8084,1294808.3999
1,1324.5568,1294.9128,1294912.7999
1,1324.6373,1294.9933,1294993.2999
1,1324.6670,1295.0230,1295022.9999
1,1324.8539,1295.2099,1295209.8999
1,1325.0751,1295.4311,1295431.0999
1,1325.2452,1295.6012,1295601.1999
1,1325.5171,1295.8731,1295873.0999
1,1325.9001,1296.2561,1296256.0999
1,1325.9755,1296.3315,1296331.4999
1,1325.9910,1296.3470,1296346.9999
1,1326.1173,1296.4733,1296473.2999
1,1326.1409,1296.4969,1296496.8999
1,1326.1595,1296.5155,1296515.4999
1,1326.1692,1296.5252,1296525.1999
1,1326.2472,1296.6032,1296603.1999
1,1326.4049,1296.7609,1296760.8999
1,1326.4309,1296.7869,1296786.8999
1,1326.4593,1296.8153,1296815.2999
1,1326.4947,1296.8507,1296850.6999
1,1326.5122,1296.8682,1296868.1999
1,1326.5331,1296.8891,1296889.0999
1,1326.5514,1296.9074,1296907.3999
1,1326.5963,1296.9523,1296952.2999
1,1326.6208,1296.9768,1296976.7999
1,1326.6812,1297.0372,1297037.1999
1,1326.6961,1297.0521,1297052.0999
1,1326.7569,1297.1129,1297112.8999
1,1326.7844,1297.1404,1297140.3999
1,1326.9224,1297.2784,1297278.3999
1,1326.9817,1297.3377,1297337.6999
1,1327.0778,1297.4338,1297433.7999
1,1327.1015,1297.4575,1297457.4999
1,1327.1507,1297.5067,1297506.6999
1,1327.1910,1297.5470,1297546.9999
1,1327.3906,1297.7466,1297746.5999
1,1327.4960,1297.8520,1297851.9999
1,1327.5393,1297.8953,1297895.2999
1,1327.6180,1297.9740,1297973.9999
1,1327.7991,1298.1551,1298155.0999
1,1327.8570,1298.2130,1298212.9999
1,1328.0254,1298.3814,1298381.3999
1,1328.0849,1298.4409,1298440.8999
1,1328.2086,1298.5646,1298564.5999
1,1328.2729,1298.6289,1298628.8999
1,1328.3718,1298.7278,1298727.7999
1,1328.4994,1298.8554,1298855.3999
1,1328.6615,1299.0175,1299017.4999
1,1328.7612,1299.1172,1299117.1999
1,1329.1143,1299.4703,1299470.2999
1,1329.1574,1299.5134,1299513.3999
1,1329.2512,1299.6072,1299607.1999
1,1329.2938,1299.6498,1299649.7999
1,1329.3233,1299.6793,1299679.2999
1,1329.3437,1299.6997,1299699.6999
1,1329.4365,1299.7925,1299792.4999
1,1329.4893,1299.8453,1299845.2999
1,1329.5295,1299.8855,1299885.4999
1,1329.5508,1299.9068,1299906.7999
1,1329.5652,1299.9212,1299921.1999
1,1329.5886,1299.9446,1299944.5999
1,1329.6073,1299.9633,1299963.2999
1,1329.6475,1300.0035,1300003.4999
1,1329.8100,1300.1660,1300165.9999
1,1330.2103,1300.5663,1300566.2999
1,1330.2716,1300.6276,1300627.5999
1,1330.4021,1300.7581,1300758.0999
1,1330.4412,1300.7972,1300797.1999
1,1330.4713,1300.8273,1300827.2999
1,1330.4977,1300.8537,1300853.6999
1,1330.5862,1300.9422,1300942.1999
1,1330.6593,1301.0153,1301015.2999
1,1330.6903,1301.0463,1301046.2999
1,1330.8551,1301.2111,1301211.0999
1,1330.8669,1301.2229,1301222.8999
1,1330.8917,1301.2477,1301247.6999
1,1331.2632,1301.6192,1301619.1999
1,1331.3104,1301.6664,1301666.3999
1,1331.3259,1301.6819,1301681.8999
1,1331.3512,1301.7072,1301707.1999
1,1331.5945,1301.9505,1301950.4999
1,1331.6086,1301.9646,1301964.5999
1,1331.6757,1302.0317,1302031.6999
1,1331.7257,1302.0817,1302081.6999
1,1331.8459,1302.2019,1302201.8999
1,1331.8758,1302.2318,1302231.7999
1,1331.9759,1302.3319,1302331.8999
1,1332.0575,1302.4135,1302413.4999
1,1332.0750,1302.4310,1302430.9999
1,1332.2152,1302.5712,1302571.1999
1,1332.3590,1302.7150,1302714.9999
1,1332.3978,1302.7538,1302753.7999
1,1332.4254,1302.7814,1302781.3999
1,1332.5761,1302.9321,1302932.0999
1,1332.6158,1302.9718,1302971.7999
1,1332.6431,1302.9991,1302999.0999
1,1332.7196,1303.0756,1303075.5999
1,1332.9677,1303.3237,1303323.6999
1,1333.0313,1303.3873,1303387.2999
1,1333.0998,1303.4558,1303455.7999
1,1333.1262,1303.4822,1303482.1999
1,1333.1781,1303.5341,1303534.0999
1,1333.2622,1303.6182,1303618.1999
1,1333.3952,1303.7512,1303751.1999
1,1333.5114,1303.8674,1303867.3999
1,1333.5556,1303.9116,1303911.5999
1,1333.7835,1304.1395,1304139.4999
1,1333.8443,1304.2003,1304200.2999
1,1333.9047,1304.2607,1304260.6999
1,1333.9184,1304.2744,1304274.3999
1,1333.9381,1304.2941,1304294.0999
1,1333.9762,1304.3322,1304332.1999
1,1334.1248,1304.4808,1304480.7999
1,1334.4102,1304.7662,1304766.1999
1,1334.5487,1304.9047,1304904.6999
1,1334.6291,1304.9851,1304985.0999
1,1334.6670,1305.0230,1305022.9999
1,1334.8753,1305.2313,1305231.2999
1,1334.9063,1305.2623,1305262.2999
1,1334.9424,1305.2984,1305298.3999
1,1334.9997,1305.3557,1305355.6999
1,1335.0451,1305.4011,1305401.0999
1,1335.0966,1305.4526,1305452.5999
1,1335.1289,1305.4849,1305484.8999
1,1335.1748,1305.5308,1305530.7999
1,1335.2109,1305.5669,1305566.8999
1,1335.5990,1305.9550,1305954.9999
1,1335.6265,1305.9825,1305982.4999
1,1335.6833,1306.0393,1306039.2999
1,1335.9660,1306.3220,1306321.9999
1,1336.0543,1306.4103,1306410.2999
1,1336.1661,1306.5221,1306522.0999
1,1336.3194,1306.6754,1306675.3999
1,1336.3478,1306.7038,1306703.7999
1,1336.3896,1306.7456,1306745.5999
1,1336.5746,1306.9306,1306930.5999
1,1336.5969,1306.9529,1306952.8999
1,1336.6330,1306.9890,1306988.9999
1,1336.6748,1307.0308,1307030.7999
1,1336.7042,1307.0602,1307060.1999
1,1336.7275,1307.0835,1307083.4999
1,1336.8452,1307.2012,1307201.1999
1,1337.0653,1307.4213,1307421.2999
1,1337.0817,1307.4377,1307437.6999
1,1337.1641,1307.5201,1307520.0999
1,1337.2416,1307.5976,1307597.5999
1,1337.2621,1307.6181,1307618.0999
1,1337.2769,1307.6329,1307632.8999
1,1337.2799,1307.6359,1307635.8999
1,1337.3243,1307.6803,1307680.2999
1,1337.5879,1307.9439,1307943.8999
1,1337.6473,1308.0033,1308003.2999
1,1337.8294,1308.1854,1308185.3999
1,1337.8518,1308.2078,1308207.7999
1,1337.9558,1308.3118,1308311.7999
1,1338.0363,1308.3923,1308392.2999
1,1338.0786,1308.4346,1308434.5999
1,1338.0898,1308.4458,1308445.7999
1,1338.1112,1308.4672,1308467.1999
1,1338.2636,1308.6196,1308619.5999
1,1338.2985,1308.6545,1308654.4999
1,1338.3530,1308.7090,1308708.9999
1,1338.5111,1308.8671,1308867.0999
1,1338.5784,1308.9344,1308934.3999
1,1338.6547,1309.0107,1309010.6999
1,1338.7066,1309.0626,1309062.5999
1,1338.7634,1309.1194,1309119.3999
1,1338.7809,1309.1369,1309136.8999
1,1339.0315,1309.3875,1309387.4999
1,1339.1070,1309.4630,1309462.9999
1,1339.2043,1309.5603,1309560.2999
1,1339.2838,1309.6398,1309639.7999
1,1339.3036,1309.6596,1309659.5999
1,1339.3396,1309.6956,1309695.5999
1,1339.3595,1309.7155,1309715.4999
1,1339.3687,1309.7247,1309724.6999
1,1339.5778,1309.9338,1309933.7999
1,1339.6143,1309.9703,1309970.2999
1,1339.6486,1310.0046,1310004.5999
1,1339.7904,1310.1464,1310146.3999
1,1339.9627,1310.3187,1310318.6999
1,1340.0280,1310.3840,1310383.9999
1,1340.0833,1310.4393,1310439.2999
1,1340.2176,1310.5736,1310573.5999
1,1340.2810,1310.6370,1310636.9999
1,1340.3281,1310.6841,1310684.0999
1,1340.4901,1310.8461,1310846.0999
1,1340.5141,1310.8701,1310870.0999
1,1340.5277,1310.8837,1310883.6999
1,1340.5375,1310.8935,1310893.4999
1,1340.5595,1310.9155,1310915.4999
1,1340.5735,1310.9295,1310929.4999
1,1340.8867,1311.2427,1311242.6999
1,1341.0851,1311.4411,1311441.0999
1,1341.1806,1311.5366,1311536.5999
1,1341.2284,1311.5844,1311584.3999
1,1341.2575,1311.6135,1311613.4999
1,1341.5293,1311.8853,1311885.2999
1,1341.8101,1312.1661,1312166.0999
1,1341.8314,1312.1874,1312187.3999
1,1341.9681,1312.3241,1312324.0999
1,1341.9894,1312.3454,1312345.3999
1,1342.0416,1312.3976,1312397.5999
1,1342.1144,1312.4704,1312470.3999
1,1342.1428,1312.4988,1312498.7999
1,1342.1637,1312.5197,1312519.6999
1,1342.3800,1312.7360,1312735.9999
1,1342.4320,1312.7880,1312787.9999
1,1342.4837,1312.8397,1312839.6999
1,1342.5590,1312.9150,1312914.9999
1,1342.5947,1312.9507,1312950.6999
1,1342.6393,1312.9953,1312995.2999
1,1342.6846,1313.0406,1313040.5999
1,1342.7002,1313.0562,1313056.1999
1,1342.7198,1313.0758,1313075.7999
1,1342.9142,1313.2702,1313270.1999
1,1342.9659,1313.3219,1313321.8999
1,1343.0457,1313.4017,1313401.6999
1,1343.1148,1313.4708,1313470.7999
1,1343.1303,1313.4863,1313486.2999
1,1343.1762,1313.5322,1313532.1999
1,1343.1911,1313.5471,1313547.0999
1,1343.2406,1313.5966,1313596.5999
1,1343.2542,1313.6102,1313610.1999
1,1343.4586,1313.8146,1313814.5999
1,1343.6484,1314.0044,1314004.3999
1,1343.6953,1314.0513,1314051.2999
1,1343.7312,1314.0872,1314087.1999
1,1343.8065,1314.1625,1314162.4999
1,1343.9935,1314.3495,1314349.4999
1,1344.0775,1314.4335,1314433.4999
1,1344.1177,1314.4737,1314473.6999
1,1344.1463,1314.5023,1314502.2999
1,1344.2654,1314.6214,1314621.3999
1,1344.3451,1314.7011,1314701.0999
1,1344.4065,1314.7625,1314762.4999
1,1344.4293,1314.7853,1314785.2999
1,1344.5479,1314.9039,1314903.8999
1,1344.7891,1315.1451,1315145.0999
1,1345.1027,1315.4587,1315458.6999
1,1345.1583,1315.5143,1315514.2999
1,1345.4312,1315.7872,1315787.1999
1,1345.4632,1315.8192,1315819.1999
1,1345.4859,1315.8419,1315841.8999
1,1345.5153,1315.8713,1315871.2999
1,1345.5281,1315.8841,1315884.0999
1,1345.5473,1315.9033,1315903.2999
1,1345.5777,1315.9337,1315933.6999
1,1345.6355,1315.9915,1315991.4999
1,1345.6481,1316.0041,1316004.0999
1,1345.7817,1316.1377,1316137.6999
1,1345.8191,1316.1751,1316175.0999
1,1345.9557,1316.3117,1316311.6999
1,1346.0500,1316.4060,1316405.9999
1,1346.1398,1316.4958,1316495.7999
1,1346.1798,1316.5358,1316535.7999
1,1346.2018,1316.5578,1316557.7999
1,1346.2790,1316.6350,1316634.9999
1,1346.2827,1316.6387,1316638.6999
1,1346.3732,1316.7292,1316729.1999
1,1346.3992,1316.7552,1316755.1999
1,1346.5161,1316.8721,1316872.0999
1,1346.5358,1316.8918,1316891.7999
1,1346.5575,1316.9135,1316913.4999
1,1346.8902,1317.2462,1317246.1999
1,1347.0431,1317.3991,1317399.0999
1,1347.1089,1317.4649,1317464.8999
1,1347.1547,1317.5107,1317510.6999
1,1347.1624,1317.5184,1317518.3999
1,1347.1902,1317.5462,1317546.1999
1,1347.3891,1317.7451,1317745.0999
1,1347.4620,1317.8180,1317817.9999
1,1347.5734,1317.9294,1317929.3999
1,1347.8468,1318.2028,1318202.7999
1,1347.9123,1318.2683,1318268.2999
1,1348.1135,1318.4695,1318469.4999
1,1348.3133,1318.6693,1318669.2999
1,1348.4642,1318.8202,1318820.1999
1,1348.5660,1318.9220,1318921.9999
1,1348.6173,1318.9733,1318973.2999
1,1348.6265,1318.9825,1318982.4999
1,1348.6326,1318.9886,1318988.5999
1,1348.6451,1319.0011,1319001.0999
1,1348.6576,1319.0136,1319013.5999
1,1348.6725,1319.0285,1319028.4999
1,1348.6833,1319.0393,1319039.2999
1,1348.9016,1319.2576,1319257.5999
1,1348.9241,1319.2801,1319280.0999
1,1349.2037,1319.5597,1319559.6999
1,1349.2248,1319.5808,1319580.7999
1,1349.2556,1319.6116,1319611.5999
1,1349.4835,1319.8395,1319839.4999
1,1349.5714,1319.9274,1319927.3999
1,1349.6088,1319.9648,1319964.7999
1,1349.6247,1319.9807,1319980.6999
1,1349.6376,1319.9936,1319993.5999
1,1349.6618,1320.0178,1320017.7999
1,1349.6736,1320.0296,1320029.5999
1,1349.8602,1320.2162,1320216.1999
1,1349.8782,1320.2342,1320234.1999
1,1349.9193,1320.2753,1320275.2999
1,1350.0983,1320.4543,1320454.2999
1,1350.2525,1320.6085,1320608.4999
1,1350.3463,1320.7023,1320702.2999
1,1350.4137,1320.7697,1320769.6999
1,1350.4877,1320.8437,1320843.6999
1,1350.5982,1320.9542,1320954.1999
1,1350.6104,1320.9664,1320966.3999
1,1350.6502,1321.0062,1321006.1999
1,1350.8029,1321.1589,1321158.8999
1,1350.8274,1321.1834,1321183.3999
1,1350.8531,1321.2091,1321209.0999
1,1350.9274,1321.2834,1321283.3999
1,1351.0124,1321.3684,1321368.3999
1,1351.1002,1321.4562,1321456.1999
1,1351.2138,1321.5698,1321569.7999
1,1351.2287,1321.5847,1321584.6999
1,1351.2510,1321.6070,1321606.9999
1,1351.2774,1321.6334,1321633.3999
1,1351.4158,1321.7718,1321771.7999
1,1351.7276,1322.0836,1322083.5999
1,1351.7601,1322.1161,1322116.0999
1,1351.8168,1322.1728,1322172.7999
1,1351.8447,1322.2007,1322200.6999
1,1351.8787,1322.2347,1322234.6999
1,1351.9153,1322.2713,1322271.2999
1,1352.0800,1322.4360,1322435.9999
1,1352.1251,1322.4811,1322481.0999
1,1352.1658,1322.5218,1322521.7999
1,1352.2175,1322.5735,1322573.4999
1,1352.2821,1322.6381,1322638.0999
1,1352.4014,1322.7574,1322757.3999
1,1352.7766,1323.1326,1323132.5999
1,1352.9722,1323.3282,1323328.1999
1,1353.0605,1323.4165,1323416.4999
1,1353.4138,1323.7698,1323769.7999
1,1353.7013,1324.0573,1324057.2999
1,1353.8231,1324.1791,1324179.0999
1,1353.9440,1324.3000,1324299.9999
1,1353.9932,1324.3492,1324349.1999
1,1354.1099,1324.4659,1324465.8999
1,1354.1385,1324.4945,1324494.4999
1,1354.7455,1325.1015,1325101.4999
1,1354.9009,1325.2569,1325256.8999
1,1354.9177,1325.2737,1325273.6999
1,1354.9593,1325.3153,1325315.2999
1,1355.1616,1325.5176,1325517.5999
1,1355.4155,1325.7715,1325771.4999
1,1355.5519,1325.9079,1325907.8999
1,1355.5804,1325.9364,1325936.3999
1,1355.8307,1326.1867,1326186.6999
1,1355.9195,1326.2755,1326275.4999
1,1356.0724,1326.4284,1326428.3999
1,1356.1113,1326.4673,1326467.2999
1,1356.2903,1326.6463,1326646.2999
1,1356.4735,1326.8295,1326829.4999
1,1356.6052,1326.9612,1326961.1999
1,1356.8765,1327.2325,1327232.4999
1,1356.9118,1327.2678,1327267.7999
1,1356.9185,1327.2745,1327274.4999
1,1356.9454,1327.3014,1327301.3999
1,1356.9656,1327.3216,1327321.5999
1,1357.1562,1327.5122,1327512.1999
1,1357.3757,1327.7317,1327731.6999
1,1357.6842,1328.0402,1328040.1999
1,1357.7713,1328.1273,1328127.2999
1,1357.7947,1328.1507,1328150.6999
1,1357.8369,1328.1929,1328192.8999
1,1357.8494,1328.2054,1328205.3999
1,1358.0957,1328.4517,1328451.6999
1,1358.4759,1328.8319,1328831.8999
1,1358.5198,1328.8758,1328875.7999
1,1358.5345,1328.8905,1328890.4999
1,1358.5681,1328.9241,1328924.0999
1,1358.6007,1328.9567,1328956.6999
1,1358.6417,1328.9977,1328997.6999
1,1358.6771,1329.0331,1329033.0999
1,1358.7026,1329.0586,1329058.5999
1,1358.7566,1329.1126,1329112.5999
1,1358.8564,1329.2124,1329212.3999
1,1358.9455,1329.3015,1329301.4999
1,1358.9793,1329.3353,1329335.2999
1,1359.0107,1329.3667,1329366.6999
1,1359.0887,1329.4447,1329444.6999
1,1359.3649,1329.7209,1329720.8999
1,1359.5004,1329.8564,1329856.3999
1,1359.5644,1329.9204,1329920.3999
1,1359.6004,1329.9564,1329956.3999
1,1359.7043,1330.0603,1330060.2999
1,1359.7076,1330.0636,1330063.5999
1,1359.8063,1330.1623,1330162.2999
1,1359.8346,1330.1906,1330190.5999
1,1360.0293,1330.3853,1330385.2999
1,1360.0548,1330.4108,1330410.7999
1,1360.2277,1330.5837,1330583.6999
1,1360.2618,1330.6178,1330617.7999
1,1360.2998,1330.6558,1330655.7999
1,1360.5123,1330.8683,1330868.2999
1,1360.5725,1330.9285,1330928.4999
1,1360.5982,1330.9542,1330954.1999
1,1360.6219,1330.9779,1330977.8999
1,1360.6475,1331.0035,1331003.4999
1,1360.8764,1331.2324,1331232.3999
1,1360.9072,1331.2632,1331263.1999
1,1360.9624,1331.3184,1331318.3999
1,1361.0196,1331.3756,1331375.5999
1,1361.0895,1331.4455,1331445.4999
1,1361.2198,1331.5758,1331575.7999
1,1361.5562,1331.9122,1331912.1999
1,1361.6385,1331.9945,1331994.4999
1,1361.6726,1332.0286,1332028.5999
1,1361.8475,1332.2035,1332203.4999
1,1362.0211,1332.3771,1332377.0999
1,1362.2891,1332.6451,1332645.0999
1,1362.3750,1332.7310,1332730.9999
1,1362.4158,1332.7718,1332771.7999
1,1362.5355,1332.8915,1332891.4999
1,1362.7087,1333.0647,1333064.6999
1,1363.0013,1333.3573,1333357.2999
1,1363.0461,1333.4021,1333402.0999
1,1363.0765,1333.4325,1333432.4999
1,1363.1019,1333.4579,1333457.8999
1,1363.1783,1333.5343,1333534.2999
1,1363.2140,1333.5700,1333569.9999
1,1363.2350,1333.5910,1333590.9999
1,1363.2954,1333.6514,1333651.3999
1,1363.3141,1333.6701,1333670.0999
1,1363.3272,1333.6832,1333683.1999
1,1363.3855,1333.7415,1333741.4999
1,1363.5206,1333.8766,1333876.5999
1,1363.5989,1333.9549,1333954.8999
1,1363.6172,1333.9732,1333973.1999
1,1363.6545,1334.0105,1334010.4999
1,1363.7399,1334.0959,1334095.8999
1,1363.7599,1334.1159,1334115.8999
1,1363.8002,1334.1562,1334156.1999
1,1363.9894,1334.3454,1334345.3999
1,1364.0454,1334.4014,1334401.3999
1,1364.2048,1334.5608,1334560.7999
1,1364.2303,1334.5863,1334586.2999
1,1364.2563,1334.6123,1334612.2999
1,1364.2985,1334.6545,1334654.4999
1,1364.3103,1334.6663,1334666.2999
1,1364.3238,1334.6798,1334679.7999
1,1364.3452,1334.7012,1334701.1999
1,1364.3758,1334.7318,1334731.7999
1,1364.4190,1334.7750,1334774.9999
1,1364.5213,1334.8773,1334877.2999
1,1364.7140,1335.0700,1335069.9999
1,1364.8233,1335.1793,1335179.2999
1,1364.9980,1335.3540,1335353.9999
1,1365.0032,1335.3592,1335359.1999
1,1365.0101,1335.3661,1335366.0999
1,1365.0382,1335.3942,1335394.1999
1,1365.2641,1335.6201,1335620.0999
1,1365.3042,1335.6602,1335660.1999
1,1365.3409,1335.6969,1335696.8999
1,1365.4365,1335.7925,1335792.4999
1,1365.4549,1335.8109,1335810.8999
1,1365.4960,1335.8520,1335851.9999
1,1365.5985,1335.9545,1335954.4999
1,1365.6115,1335.9675,1335967.4999
1,1365.6191,1335.9751,1335975.0999
1,1365.6436,1335.9996,1335999.5999
1,1365.6645,1336.0205,1336020.4999
1,1365.6860,1336.0420,1336041.9999
1,1365.8703,1336.2263,1336226.2999
1,1365.9043,1336.2603,1336260.2999
1,1365.9636,1336.3196,1336319.5999
1,1366.0300,1336.3860,1336385.9999
1,1366.1099,1336.4659,1336465.8999
1,1366.2849,1336.6409,1336640.8999
1,1366.4069,1336.7629,1336762.8999
1,1366.7609,1337.1169,1337116.8999
1,1366.9335,1337.2895,1337289.4999
1,1366.9761,1337.3321,1337332.0999
1,1367.1413,1337.4973,1337497.2999
1,1367.2843,1337.6403,1337640.2999
1,1367.3044,1337.6604,1337660.3999
1,1367.3758,1337.7318,1337731.7999
1,1367.4657,1337.8217,1337821.6999
1,1367.4737,1337.8297,1337829.6999
1,1367.5376,1337.8936,1337893.5999
1,1367.6060,1337.9620,1337961.9999
1,1367.6983,1338.0543,1338054.2999
1,1367.7389,1338.0949,1338094.8999
1,1367.7595,1338.1155,1338115.4999
1,1367.7849,1338.1409,1338140.8999
1,1367.8046,1338.1606,1338160.5999
1,1367.9118,1338.2678,1338267.7999
1,1367.9341,1338.2901,1338290.0999
1,1367.9422,1338.2982,1338298.1999
1,1367.9798,1338.3358,1338335.7999
1,1368.0117,1338.3677,1338367.6999
1,1368.1198,1338.4758,1338475.7999
1,1368.3861,1338.7421,1338742.0999
1,1368.4505,1338.8065,1338806.4999
1,1368.4815,1338.8375,1338837.4999
1,1368.6765,1339.0325,1339032.4999
1,1368.6930,1339.0490,1339048.9999
1,1368.7132,1339.0692,1339069.1999
1,1368.7181,1339.0741,1339074.0999
1,1368.9227,1339.2787,1339278.6999
1,1369.0665,1339.4225,1339422.4999
1,1369.1331,1339.4891,1339489.0999
1,1369.2450,1339.6010,1339600.9999
1,1369.3200,1339.6760,1339675.9999
1,1369.3411,1339.6971,1339697.0999
1,1369.3780,1339.7340,1339733.9999
1,1369.5279,1339.8839,1339883.8999
1,1369.5990,1339.9550,1339954.9999
1,1369.7118,1340.0678,1340067.7999
1,1369.7363,1340.0923,1340092.2999
1,1369.8050,1340.1610,1340160.9999
1,1369.9964,1340.3524,1340352.3999
1,1370.0758,1340.4318,1340431.7999
1,1370.1350,1340.4910,1340490.9999
1,1370.1818,1340.5378,1340537.7999
1,1370.2378,1340.5938,1340593.7999
1,1370.2930,1340.6490,1340648.9999
1,1370.3135,1340.6695,1340669.4999
1,1370.4872,1340.8432,1340843.1999
1,1370.4974,1340.8534,1340853.3999
1,1370.5387,1340.8947,1340894.6999
1,1370.7373,1341.0933,1341093.2999
1,1370.9020,1341.2580,1341257.9999
1,1370.9672,1341.3232,1341323.1999
1,1371.0077,1341.3637,1341363.6999
1,1371.0806,1341.4366,1341436.5999
1,1371.1782,1341.5342,1341534.1999
1,1371.5067,1341.8627,1341862.6999
1,1371.5463,1341.9023,1341902.2999
1,1371.6738,1342.0298,1342029.7999
1,1371.7155,1342.0715,1342071.4999
1,1371.7387,1342.0947,1342094.6999
1,1371.7456,1342.1016,1342101.5999
1,1371.7639,1342.1199,1342119.8999
1,1371.7927,1342.1487,1342148.6999
1,1372.0195,1342.3755,1342375.4999
1,1372.0569,1342.4129,1342412.8999
1,1372.0847,1342.4407,1342440.6999
1,1372.2669,1342.6229,1342622.8999
1,1372.2779,1342.6339,1342633.8999
1,1372.3040,1342.6600,1342659.9999
1,1372.4221,1342.7781,1342778.0999
1,1372.7136,1343.0696,1343069.5999
1,1372.8083,1343.1643,1343164.2999
1,1372.8179,1343.1739,1343173.8999
1,1372.8620,1343.2180,1343217.9999
1,1372.9177,1343.2737,1343273.6999
1,1372.9368,1343.2928,1343292.7999
1,1373.0733,1343.4293,1343429.2999
1,1373.1384,1343.4944,1343494.3999
1,1373.2404,1343.5964,1343596.3999
1,1373.2823,1343.6383,1343638.2999
1,1373.3334,1343.6894,1343689.3999
1,1373.3864,1343.7424,1343742.3999
1,1373.5539,1343.9099,1343909.8999
1,1373.5904,1343.9464,1343946.3999
1,1373.6667,1344.0227,1344022.6999
1,1373.9144,1344.2704,1344270.3999
1,1374.1442,1344.5002,1344500.1999
1,1374.3363,1344.6923,1344692.2999
1,1374.3620,1344.7180,1344717.9999
1,1374.4576,1344.8136,1344813.5999
1,1374.4720,1344.8280,1344827.9999
1,1374.4943,1344.8503,1344850.2999
1,1374.5187,1344.8747,1344874.6999
1,1374.6108,1344.9668,1344966.7999
1,1374.7444,1345.1004,1345100.3999
1,1374.8949,1345.2509,1345250.8999
1,1374.9509,1345.3069,1345306.8999
1,1374.9758,1345.3318,1345331.7999
1,1375.1209,1345.4769,1345476.8999
1,1375.1284,1345.4844,1345484.3999
1,1375.1679,1345.5239,1345523.8999
1,1375.4663,1345.8223,1345822.2999
1,1375.5887,1345.9447,1345944.6999
1,1375.6069,1345.9629,1345962.8999
1,1375.7577,1346.1137,1346113.6999
1,1375.7755,1346.1315,1346131.4999
1,1375.9887,1346.3447,1346344.6999
1,1376.0500,1346.4060,1346405.9999
1,1376.0583,1346.4143,1346414.2999
1,1376.1730,1346.5290,1346528.9999
1,1376.1918,1346.5478,1346547.7999
1,1376.2297,1346.5857,1346585.6999
1,1376.4810,1346.8370,1346836.9999
1,1376.6018,1346.9578,1346957.7999
1,1376.7080,1347.0640,1347063.9999
1,1376.7344,1347.0904,1347090.3999
1,1376.8924,1347.2484,1347248.3999
1,1377.0475,1347.4035,1347403.4999
1,1377.0609,1347.4169,1347416.8999
1,1377.0970,1347.4530,1347452.9999
1,1377.1755,1347.5315,1347531.4999
1,1377.2523,1347.6083,1347608.2999
1,1377.2658,1347.6218,1347621.7999
1,1377.3298,1347.6858,1347685.7999
1,1377.5643,1347.9203,1347920.2999
1,1377.7428,1348.0988,1348098.7999
1,1377.7726,1348.1286,1348128.5999
1,1377.8484,1348.2044,1348204.3999
1,1378.0759,1348.4319,1348431.8999
1,1378.2546,1348.6106,1348610.5999
1,1378.3977,1348.7537,1348753.6999
1,1378.5343,1348.8903,1348890.2999
1,1378.6207,1348.9767,1348976.6999
1,1378.7971,1349.1531,1349153.0999
1,1378.8493,1349.2053,1349205.2999
1,1378.8769,1349.2329,1349232.8999
1,1378.8910,1349.2470,1349246.9999
1,1378.9144,1349.2704,1349270.3999
1,1378.9244,1349.2804,1349280.3999
1,1379.1511,1349.5071,1349507.0999
1,1379.2139,1349.5699,1349569.8999
1,1379.2842,1349.6402,1349640.1999
1,1379.3379,1349.6939,1349693.8999
1,1379.4163,1349.7723,1349772.2999
1,1379.5482,1349.9042,1349904.1999
1,1379.5655,1349.9215,1349921.4999
1,1379.6142,1349.9702,1349970.1999
1,1379.6537,1350.0097,1350009.6999
1,1379.6770,1350.0330,1350032.9999
1,1379.7324,1350.0884,1350088.3999
1,1379.7587,1350.1147,1350114.6999
1,1379.8079,1350.1639,1350163.8999
1,1379.8787,1350.2347,1350234.6999
1,1379.9990,1350.3550,1350354.9999
1,1380.1003,1350.4563,1350456.2999
1,1380.1184,1350.4744,1350474.3999
1,1380.1470,1350.5030,1350502.9999
1,1380.2030,1350.5590,1350558.9999
1,1380.2863,1350.6423,1350642.2999
1,1380.4820,1350.8380,1350837.9999
1,1380.5120,1350.8680,1350867.9999
1,1380.5204,1350.8764,1350876.3999
1,1380.5344,1350.8904,1350890.3999
1,1380.5690,1350.9250,1350924.9999
1,1380.5948,1350.9508,1350950.7999
1,1380.7758,1351.1318,1351131.7999
1,1381.0222,1351.3782,1351378.1999
1,1381.1436,1351.4996,1351499.5999
1,1381.2324,1351.5884,1351588.3999
1,1381.3518,1351.7078,1351707.7999
1,1381.5783,1351.9343,1351934.2999
1,1381.5891,1351.9451,1351945.0999
1,1381.6172,1351.9732,1351973.1999
1,1381.6445,1352.0005,1352000.4999
1,1381.7032,1352.0592,1352059.1999
1,1381.7287,1352.0847,1352084.6999
1,1381.7652,1352.1212,1352121.1999
1,1381.8079,1352.1639,1352163.8999
1,1381.9434,1352.2994,1352299.3999
1,1382.1159,1352.4719,1352471.8999
1,1382.3864,1352.7424,1352742.3999
1,1382.5736,1352.9296,1352929.5999
1,1382.7708,1353.1268,1353126.7999
1,1382.7935,1353.1495,1353149.4999
1,1382.8077,1353.1637,1353163.6999
1,1382.8137,1353.1697,1353169.6999
1,1382.8177,1353.1737,1353173.6999
1,1382.8286,1353.1846,1353184.5999
1,1382.8469,1353.2029,1353202.8999
1,1383.1077,1353.4637,1353463.6999
1,1383.2607,1353.6167,1353616.6999
1,1383.2750,1353.6310,1353630.9999
1,1383.3367,1353.6927,1353692.6999
1,1383.5707,1353.9267,1353926.6999
1,1383.6122,1353.9682,1353968.1999
1,1383.6315,1353.9875,1353987.4999
1,1384.0150,1354.3710,1354370.9999
1,1384.0462,1354.4022,1354402.1999
1,1384.1057,1354.4617,1354461.6999
1,1384.2671,1354.6231,1354623.0999
1,1384.3648,1354.7208,1354720.7999
1,1384.4921,1354.8481,1354848.0999
1,1384.5021,1354.8581,1354858.0999
1,1384.6033,1354.9593,1354959.2999
1,1384.6499,1355.0059,1355005.8999
1,1384.6828,1355.0388,1355038.7999
1,1384.8465,1355.2025,1355202.4999
1,1385.0307,1355.3867,1355386.6999
1,1385.0622,1355.4182,1355418.1999
1,1385.1897,1355.5457,1355545.6999
1,1385.2213,1355.5773,1355577.2999
1,1385.5929,1355.9489,1355948.8999
1,1385.8478,1356.2038,1356203.7999
1,1385.8653,1356.2213,1356221.2999
1,1385.8969,1356.2529,1356252.8999
1,1385.9025,1356.2585,1356258.4999
1,1385.9216,1356.2776,1356277.5999
1,1385.9443,1356.3003,1356300.2999
1,1386.3293,1356.6853,1356685.2999
1,1386.4401,1356.7961,1356796.0999
1,1386.4891,1356.8451,1356845.0999
1,1386.5946,1356.9506,1356950.5999
1,1386.6306,1356.9866,1356986.5999
1,1386.7052,1357.0612,1357061.1999
1,1386.8419,1357.1979,1357197.8999
1,1386.9073,1357.2633,1357263.2999
1,1387.0749,1357.4309,1357430.8999
1,1387.1671,1357.5231,1357523.0999
1,1387.2502,1357.6062,1357606.1999
1,1387.4758,1357.8318,1357831.7999
1,1387.5176,1357.8736,1357873.5999
1,1387.5413,1357.8973,1357897.2999
1,1387.5477,1357.9037,1357903.6999
1,1387.6824,1358.0384,1358038.3999
1,1387.7169,1358.0729,1358072.8999
1,1387.7583,1358.1143,1358114.2999
1,1387.8084,1358.1644,1358164.3999
1,1388.0163,1358.3723,1358372.2999
1,1388.1161,1358.4721,1358472.0999
1,1388.1310,1358.4870,1358486.9999
1,1388.3009,1358.6569,1358656.8999
1,1388.3612,1358.7172,1358717.1999
1,1388.4145,1358.7705,1358770.4999
1,1388.5510,1358.9070,1358906.9999
1,1388.5691,1358.9251,1358925.0999
1,1388.6120,1358.9680,1358967.9999
1,1388.6252,1358.9812,1358981.1999
1,1388.6574,1359.0134,1359013.3999
1,1388.6790,1359.0350,1359034.9999
1,1389.1096,1359.4656,1359465.5999
1,1389.2499,1359.6059,1359605.8999
1,1389.3939,1359.7499,1359749.8999
1,1389.4451,1359.8011,1359801.0999
1,1389.4729,1359.8289,1359828.8999
1,1389.5035,1359.8595,1359859.4999
1,1389.6179,1359.9739,1359973.8999
1,1389.6693,1360.0253,1360025.2999
1,1389.8025,1360.1585,1360158.4999
1,1389.8551,1360.2111,1360211.0999
1,1389.9265,1360.2825,1360282.4999
1,1390.0017,1360.3577,1360357.6999
1,1390.0242,1360.3802,1360380.1999
1,1390.0400,1360.3960,1360395.9999
1,1390.0560,1360.4120,1360411.9999
1,1390.0703,1360.4263,1360426.2999
1,1390.2733,1360.6293,1360629.2999
1,1390.2904,1360.6464,1360646.3999
1,1390.3052,1360.6612,1360661.1999
1,1390.3329,1360.6889,1360688.8999
1,1390.3687,1360.7247,1360724.6999
1,1390.4619,1360.8179,1360817.8999
1,1390.7101,1361.0661,1361066.0999
1,1390.8775,1361.2335,1361233.4999
1,1390.9476,1361.3036,1361303.5999
1,1391.0348,1361.3908,1361390.7999
1,1391.0631,1361.4191,1361419.0999
1,1391.1108,1361.4668,1361466.7999
1,1391.3014,1361.6574,1361657.3999
1,1391.3570,1361.7130,1361712.9999
1,1391.3809,1361.7369,1361736.8999
1,1391.4525,1361.8085,1361808.4999
1,1391.6283,1361.9843,1361984.2999
1,1391.8110,1362.1670,1362166.9999
1,1391.9245,1362.2805,1362280.4999
1,1391.9980,1362.3540,1362353.9999
1,1392.1673,1362.5233,1362523.2999
1,1392.1699,1362.5259,1362525.8999
1,1392.2421,1362.5981,1362598.0999
1,1392.4518,1362.8078,1362807.7999
1,1392.4864,1362.8424,1362842.3999
1,1392.5915,1362.9475,1362947.4999
1,1392.7452,1363.1012,1363101.1999
1,1392.9627,1363.3187,1363318.6999
1,1392.9990,1363.3550,1363354.9999
1,1393.0285,1363.3845,1363384.4999
1,1393.1024,1363.4584,1363458.3999
1,1393.1574,1363.5134,1363513.3999
1,1393.2316,1363.5876,1363587.5999
1,1393.2437,1363.5997,1363599.6999
1,1393.5824,1363.9384,1363938.3999
1,1393.7032,1364.0592,1364059.1999
1,1393.7761,1364.1321,1364132.0999
1,1393.8788,1364.2348,1364234.7999
1,1394.0805,1364.4365,1364436.4999
1,1394.1440,1364.5000,1364499.9999
1,1394.4542,1364.8102,1364810.1999
1,1394.4850,1364.8410,1364840.9999
1,1394.5172,1364.8732,1364873.1999
1,1394.5403,1364.8963,1364896.2999
1,1394.5712,1364.9272,1364927.1999
1,1394.6583,1365.0143,1365014.2999
1,1394.8768,1365.2328,1365232.7999
1,1394.8911,1365.2471,1365247.0999
1,1394.9712,1365.3272,1365327.1999
1,1395.3735,1365.7295,1365729.4999
1,1395.4041,1365.7601,1365760.0999
1,1395.5437,1365.8997,1365899.6999
1,1395.6174,1365.9734,1365973.3999
1,1395.6420,1365.9980,1365997.9999
1,1395.7132,1366.0692,1366069.1999
1,1395.7458,1366.1018,1366101.7999
1,1395.7953,1366.1513,1366151.2999
1,1396.1338,1366.4898,1366489.7999
1,1396.1518,1366.5078,1366507.7999
1,1396.1622,1366.5182,1366518.1999
1,1396.1858,1366.5418,1366541.7999
1,1396.2216,1366.5776,1366577.5999
1,1396.3898,1366.7458,1366745.7999
1,1396.4104,1366.7664,1366766.3999
1,1396.4783,1366.8343,1366834.2999
1,1396.5460,1366.9020,1366901.9999
1,1396.5820,1366.9380,1366937.9999
1,1396.7813,1367.1373,1367137.2999
1,1396.8746,1367.2306,1367230.5999
1,1396.9687,1367.3247,1367324.6999
1,1397.0212,1367.3772,1367377.1999
1,1397.0234,1367.3794,1367379.3999
1,1397.0933,1367.4493,1367449.2999
1,1397.4675,1367.8235,1367823.4999
1,1397.6331,1367.9891,1367989.0999
1,1397.6928,1368.0488,1368048.7999
1,1397.7536,1368.1096,1368109.5999
1,1397.8018,1368.1578,1368157.7999
1,1397.8480,1368.2040,1368203.9999
1,1397.8853,1368.2413,1368241.2999
1,1397.9243,1368.2803,1368280.2999
1,1398.0260,1368.3820,1368381.9999
1,1398.0444,1368.4004,1368400.3999
1,1398.0678,1368.4238,1368423.7999
1,1398.1208,1368.4768,1368476.7999
1,1398.1458,1368.5018,1368501.7999
1,1398.1902,1368.5462,1368546.1999
1,1398.2049,1368.5609,1368560.8999
1,1398.4042,1368.7602,1368760.1999
1,1398.4493,1368.8053,1368805.2999
1,1398.4725,1368.8285,1368828.4999
1,1398.5270,1368.8830,1368882.9999
1,1398.5869,1368.9429,1368942.8999
1,1398.7398,1369.0958,1369095.7999
1,1398.7598,1369.1158,1369115.7999
1,1398.8423,1369.1983,1369198.2999
1,1398.8536,1369.2096,1369209.5999
1,1399.1039,1369.4599,1369459.8999
1,1399.1742,1369.5302,1369530.1999
1,1399.1986,1369.5546,1369554.5999
1,1399.3138,1369.6698,1369669.7999
1,1399.3383,1369.6943,1369694.2999
1,1399.3590,1369.7150,1369714.9999
1,1399.3765,1369.7325,1369732.4999
1,1399.4268,1369.7828,1369782.7999
1,1399.6306,1369.9866,1369986.5999
1,1400.0363,1370.3923,1370392.2999
1,1400.1316,1370.4876,1370487.5999
1,1400.1784,1370.5344,1370534.3999
1,1400.2641,1370.6201,1370620.0999
1,1400.3642,1370.7202,1370720.1999
1,1400.3840,1370.7400,1370739.9999
1,1400.4342,1370.7902,1370790.1999
1,1400.4642,1370.8202,1370820.1999
1,1400.4863,1370.8423,1370842.2999
1,1400.7139,1371.0699,1371069.8999
1,1400.8436,1371.1996,1371199.5999
1,1400.9957,1371.3517,1371351.6999
1,1401.0308,1371.3868,1371386.7999
1,1401.0468,1371.4028,1371402.7999
1,1401.0722,1371.4282,1371428.1999
1,1401.0952,1371.4512,1371451.1999
1,1401.1300,1371.4860,1371485.9999
1,1401.2597,1371.6157,1371615.6999
1,1401.2715,1371.6275,1371627.4999
1,1401.2767,1371.6327,1371632.6999
1,1401.5640,1371.9200,1371919.9999
1,1401.6128,1371.9688,1371968.7999
1,1401.6559,1372.0119,1372011.8999
1,1401.7231,1372.0791,1372079.0999
1,1401.7731,1372.1291,1372129.0999
1,1401.8135,1372.1695,1372169.4999
1,1401.8381,1372.1941,1372194.0999
1,1402.0174,1372.3734,1372373.3999
1,1402.1196,1372.4756,1372475.5999
1,1402.1523,1372.5083,1372508.2999
1,1402.2147,1372.5707,1372570.6999
1,1402.2307,1372.5867,1372586.6999
1,1402.2393,1372.5953,1372595.2999
1,1402.2517,1372.6077,1372607.6999
1,1402.2706,1372.6266,1372626.5999
1,1402.3501,1372.7061,1372706.0999
1,1402.3726,1372.7286,1372728.5999
1,1402.4050,1372.7610,1372760.9999
1,1402.8879,1373.2439,1373243.8999
1,1402.9817,1373.3377,1373337.6999
1,1403.0409,1373.3969,1373396.8999
1,1403.1361,1373.4921,1373492.0999
1,1403.2312,1373.5872,1373587.1999
1,1403.3604,1373.7164,1373716.3999
1,1403.3838,1373.7398,1373739.7999
1,1403.5578,1373.9138,1373913.7999
1,1403.6151,1373.9711,1373971.0999
1,1403.7992,1374.1552,1374155.1999
1,1403.8167,1374.1727,1374172.6999
1,1403.8356,1374.1916,1374191.5999
1,1403.8608,1374.2168,1374216.7999
1,1404.2371,1374.5931,1374593.0999
1,1404.3411,1374.6971,1374697.0999
1,1404.4077,1374.7637,1374763.6999
1,1404.4390,1374.7950,1374794.9999
1,1404.4862,1374.8422,1374842.1999
1,1404.5467,1374.9027,1374902.6999
1,1404.7482,1375.1042,1375104.1999
1,1404.8494,1375.2054,1375205.3999
1,1404.8747,1375.2307,1375230.6999
1,1405.0156,1375.3716,1375371.5999
1,1405.0788,1375.4348,1375434.7999
1,1405.4207,1375.7767,1375776.6999
1,1405.4792,1375.8352,1375835.1999
1,1405.5069,1375.8629,1375862.8999
1,1405.5474,1375.9034,1375903.3999
1,1405.5922,1375.9482,1375948.1999
1,1405.6055,1375.9615,1375961.4999
1,1405.6275,1375.9835,1375983.4999
1,1405.6489,1376.0049,1376004.8999
1,1405.8699,1376.2259,1376225.8999
1,1405.9757,1376.3317,1376331.6999
1,1406.0088,1376.3648,1376364.7999
1,1406.0376,1376.3936,1376393.5999
1,1406.0723,1376.4283,1376428.2999
1,1406.1793,1376.5353,1376535.2999
1,1406.2243,1376.5803,1376580.2999
1,1406.2339,1376.5899,1376589.8999
1,1406.2477,1376.6037,1376603.6999
1,1406.2714,1376.6274,1376627.3999
1,1406.3279,1376.6839,1376683.8999
1,1406.4008,1376.7568,1376756.7999
1,1406.4174,1376.7734,1376773.3999
1,1406.4320,1376.7880,1376787.9999
1,1406.6282,1376.9842,1376984.1999
1,1406.6582,1377.0142,1377014.1999
1,1406.7119,1377.0679,1377067.8999
1,1406.7772,1377.1332,1377133.1999
1,1407.0390,1377.3950,1377394.9999
1,1407.0974,1377.4534,1377453.3999
1,1407.2983,1377.6543,1377654.2999
1,1407.3714,1377.7274,1377727.3999
1,1407.4194,1377.7754,1377775.3999
1,1407.4304,1377.7864,1377786.3999
1,1407.4366,1377.7926,1377792.5999
1,1407.4629,1377.8189,1377818.8999
1,1407.4817,1377.8377,1377837.6999
1,1407.5086,1377.8646,1377864.5999
1,1407.5433,1377.8993,1377899.2999
1,1407.5859,1377.9419,1377941.8999
1,1407.7737,1378.1297,1378129.6999
1,1407.7883,1378.1443,1378144.2999
1,1407.9457,1378.3017,1378301.6999
1,1407.9830,1378.3390,1378338.9999
1,1408.2070,1378.5630,1378562.9999
1,1408.4099,1378.7659,1378765.8999
1,1408.4405,1378.7965,1378796.4999
1,1408.4560,1378.8120,1378811.9999
1,1408.4973,1378.8533,1378853.2999
1,1408.5245,1378.8805,1378880.4999
1,1408.5562,1378.9122,1378912.1999
1,1408.5632,1378.9192,1378919.1999
1,1408.6757,1379.0317,1379031.6999
1,1408.7246,1379.0806,1379080.5999
1,1408.9748,1379.3308,1379330.7999
1,1409.0643,1379.4203,1379420.2999
1,1409.1379,1379.4939,1379493.8999
1,1409.2657,1379.6217,1379621.6999
1,1409.2739,1379.6299,1379629.8999
1,1409.3764,1379.7324,1379732.3999
1,1409.4144,1379.7704,1379770.3999
1,1409.5380,1379.8940,1379893.9999
1,1409.5728,1379.9288,1379928.7999
1,1409.6576,1380.0136,1380013.5999
1,1409.6780,1380.0340,1380033.9999
1,1409.6887,1380.0447,1380044.6999
1,1409.8525,1380.2085,1380208.4999
1,1409.9026,1380.2586,1380258.5999
1,1409.9308,1380.2868,1380286.7999
1,1409.9471,1380.3031,1380303.0999
1,1409.9585,1380.3145,1380314.4999
1,1409.9979,1380.3539,1380353.8999
1,1410.0655,1380.4215,1380421.4999
1,1410.2585,1380.6145,1380614.4999
1,1410.4249,1380.7809,1380780.8999
1,1410.6922,1381.0482,1381048.1999
1,1410.7256,1381.0816,1381081.5999
1,1410.7361,1381.0921,1381092.0999
1,1410.9641,1381.3201,1381320.0999
1,1410.9799,1381.3359,1381335.8999
1,1410.9915,1381.3475,1381347.4999
1,1411.0837,1381.4397,1381439.6999
1,1411.1050,1381.4610,1381460.9999
1,1411.1404,1381.4964,1381496.3999
1,1411.3039,1381.6599,1381659.8999
1,1411.3649,1381.7209,1381720.8999
1,1411.3874,1381.7434,1381743.3999
1,1411.5131,1381.8691,1381869.0999
1,1411.5463,1381.9023,1381902.2999
1,1411.8011,1382.1571,1382157.0999
1,1411.8483,1382.2043,1382204.2999
1,1412.0316,1382.3876,1382387.5999
1,1412.0679,1382.4239,1382423.8999
1,1412.1035,1382.4595,1382459.4999
1,1412.1222,1382.4782,1382478.1999
1,1412.2208,1382.5768,1382576.7999
1,1412.2992,1382.6552,1382655.1999
1,1412.3366,1382.6926,1382692.5999
1,1412.3788,1382.7348,1382734.7999
1,1412.5118,1382.8678,1382867.7999
1,1412.5976,1382.9536,1382953.5999
1,1412.7304,1383.0864,1383086.3999
1,1412.8162,1383.1722,1383172.1999
1,1412.8513,1383.2073,1383207.2999
1,1412.8716,1383.2276,1383227.5999
1,1412.9107,1383.2667,1383266.6999
1,1413.0823,1383.4383,1383438.2999
1,1413.2478,1383.6038,1383603.7999
1,1413.4025,1383.7585,1383758.4999
1,1413.4859,1383.8419,1383841.8999
1,1413.6972,1384.0532,1384053.1999
1,1413.7551,1384.1111,1384111.0999
1,1413.9023,1384.2583,1384258.2999
1,1414.0415,1384.3975,1384397.4999
1,1414.0725,1384.4285,1384428.4999
1,1414.1959,1384.5519,1384551.8999
1,1414.2187,1384.5747,1384574.6999
1,1414.2424,1384.5984,1384598.3999
1,1414.2572,1384.6132,1384613.1999
1,1414.4375,1384.7935,1384793.4999
1,1414.4630,1384.8190,1384818.9999
1,1414.4927,1384.8487,1384848.6999
1,1414.6809,1385.0369,1385036.8999
1,1414.7003,1385.0563,1385056.2999
1,1414.7212,1385.0772,1385077.1999
1,1414.7282,1385.0842,1385084.1999
1,1414.8256,1385.1816,1385181.5999
1,1415.0325,1385.3885,1385388.4999
1,1415.0669,1385.4229,1385422.8999
1,1415.0999,1385.4559,1385455.8999
1,1415.1207,1385.4767,1385476.6999
1,1415.2309,1385.5869,1385586.8999
1,1415.3592,1385.7152,1385715.1999
1,1415.4432,1385.7992,1385799.1999
1,1415.5033,1385.8593,1385859.2999
1,1415.7764,1386.1324,1386132.3999
1,1415.9909,1386.3469,1386346.8999
1,1416.1235,1386.4795,1386479.4999
1,1416.1859,1386.5419,1386541.8999
1,1416.2223,1386.5783,1386578.2999
1,1416.4768,1386.8328,1386832.7999
1,1416.5417,1386.8977,1386897.6999
1,1416.7714,1387.1274,1387127.3999
1,1416.9105,1387.2665,1387266.4999
1,1416.9863,1387.3423,1387342.2999
1,1417.1261,1387.4821,1387482.0999
1,1417.2635,1387.6195,1387619.4999
1,1417.3853,1387.7413,1387741.2999
1,1417.4195,1387.7755,1387775.4999
1,1417.4608,1387.8168,1387816.7999
1,1417.5240,1387.8800,1387879.9999
1,1417.5358,1387.8918,1387891.7999
1,1417.5553,1387.9113,1387911.2999
1,1417.5621,1387.9181,1387918.0999
1,1417.5940,1387.9500,1387949.9999
1,1417.7891,1388.1451,1388145.0999
1,1417.8109,1388.1669,1388166.8999
1,1417.8233,1388.1793,1388179.2999
1,1417.8258,1388.1818,1388181.7999
1,1417.9111,1388.2671,1388267.0999
1,1417.9309,1388.2869,1388286.8999
1,1417.9506,1388.3066,1388306.5999
1,1417.9973,1388.3533,1388353.2999
1,1418.0197,1388.3757,1388375.6999
1,1418.1021,1388.4581,1388458.0999
1,1418.1780,1388.5340,1388533.9999
1,1418.3118,1388.6678,1388667.7999
1,1418.4112,1388.7672,1388767.1999
1,1418.4671,1388.8231,1388823.0999
1,1418.4815,1388.8375,1388837.4999
1,1418.4967,1388.8527,1388852.6999
1,1418.5171,1388.8731,1388873.0999
1,1418.5556,1388.9116,1388911.5999
1,1418.6051,1388.9611,1388961.0999
1,1418.6434,1388.9994,1388999.3999
1,1418.8721,1389.2281,1389228.0999
1,1418.9606,1389.3166,1389316.5999
1,1419.2580,1389.6140,1389613.9999
1,1419.4205,1389.7765,1389776.4999
1,1419.7554,1390.1114,1390111.3999
1,1419.8188,1390.1748,1390174.7999
1,1419.8660,1390.2220,1390221.9999
1,1420.0128,1390.3688,1390368.7999
1,1420.0520,1390.4080,1390407.9999
1,1420.1592,1390.5152,1390515.1999
1,1420.2360,1390.5920,1390591.9999
1,1420.4504,1390.8064,1390806.3999
1,1420.4783,1390.8343,1390834.2999
1,1420.5842,1390.9402,1390940.1999
1,1420.6381,1390.9941,1390994.0999
1,1420.7070,1391.0630,1391062.9999
1,1420.8919,1391.2479,1391247.8999
1,1420.9411,1391.2971,1391297.0999
1,1420.9486,1391.3046,1391304.5999
1,1421.1681,1391.5241,1391524.0999
1,1421.2742,1391.6302,1391630.1999
1,1421.5389,1391.8949,1391894.8999
1,1421.6276,1391.9836,1391983.5999
1,1421.6779,1392.0339,1392033.8999
1,1421.7243,1392.0803,1392080.2999
1,1421.7379,1392.0939,1392093.8999
1,1421.8293,1392.1853,1392185.2999
1,1421.8736,1392.2296,1392229.5999
1,1421.9423,1392.2983,1392298.2999
1,1422.0672,1392.4232,1392423.1999
1,1422.1285,1392.4845,1392484.4999
1,1422.1476,1392.5036,1392503.5999
1,1422.1871,1392.5431,1392543.0999
1,1422.2298,1392.5858,1392585.7999
1,1422.3850,1392.7410,1392740.9999
1,1422.4116,1392.7676,1392767.5999
1,1422.4323,1392.7883,1392788.2999
1,1422.4976,1392.8536,1392853.5999
1,1422.5080,1392.8640,1392863.9999
1,1422.5306,1392.8866,1392886.5999
1,1422.5444,1392.9004,1392900.3999
1,1422.5493,1392.9053,1392905.2999
1,1422.5617,1392.9177,1392917.6999
1,1422.7952,1393.1512,1393151.1999
1,1422.9766,1393.3326,1393332.5999
1,1423.0296,1393.3856,1393385.5999
1,1423.1077,1393.4637,1393463.6999
1,1423.1491,1393.5051,1393505.0999
1,1423.1713,1393.5273,1393527.2999
1,1423.2194,1393.5754,1393575.3999
1,1423.3338,1393.6898,1393689.7999
1,1423.3582,1393.7142,1393714.1999
1,1423.5519,1393.9079,1393907.8999
1,1423.5720,1393.9280,1393927.9999
1,1423.5900,1393.9460,1393945.9999
1,1423.7752,1394.1312,1394131.1999
1,1423.8150,1394.1710,1394170.9999
1,1423.9948,1394.3508,1394350.7999
1,1424.0404,1394.3964,1394396.3999
1,1424.0505,1394.4065,1394406.4999
1,1424.0994,1394.4554,1394455.3999
1,1424.2170,1394.5730,1394572.9999
1,1424.2352,1394.5912,1394591.1999
1,1424.2560,1394.6120,1394611.9999
1,1424.3425,1394.6985,1394698.4999
1,1424.4161,1394.7721,1394772.0999
1,1424.4354,1394.7914,1394791.3999
1,1424.4520,1394.8080,1394807.9999
1,1424.6112,1394.9672,1394967.1999
1,1424.6411,1394.9971,1394997.0999
1,1424.6552,1395.0112,1395011.1999
1,1424.7838,1395.1398,1395139.7999
1,1424.8049,1395.1609,1395160.8999
1,1424.8203,1395.1763,1395176.2999
1,1424.8374,1395.1934,1395193.3999
1,1424.8464,1395.2024,1395202.3999
1,1424.8684,1395.2244,1395224.3999
1,1425.1323,1395.4883,1395488.2999
1,1425.3021,1395.6581,1395658.0999
1,1425.3389,1395.6949,1395694.8999
1,1425.4012,1395.7572,1395757.1999
1,1425.4563,1395.8123,1395812.2999
1,1425.4630,1395.8190,1395818.9999
1,1425.4712,1395.8272,1395827.1999
1,1425.5441,1395.9001,1395900.0999
1,1425.6827,1396.0387,1396038.6999
1,1425.7209,1396.0769,1396076.8999
1,1425.8314,1396.1874,1396187.3999
1,1425.8463,1396.2023,1396202.2999
1,1425.8923,1396.2483,1396248.2999
1,1426.1212,1396.4772,1396477.1999
1,1426.2277,1396.5837,1396583.6999
1,1426.2415,1396.5975,1396597.4999
1,1426.3000,1396.6560,1396655.9999
1,1426.5878,1396.9438,1396943.7999
1,1426.6556,1397.0116,1397011.5999
1,1426.7716,1397.1276,1397127.5999
1,1426.8381,1397.1941,1397194.0999
1,1426.9285,1397.2845,1397284.4999
1,1427.0130,1397.3690,1397368.9999
1,1427.0325,1397.3885,1397388.4999
1,1427.0826,1397.4386,1397438.5999
1,1427.1119,1397.4679,1397467.8999
1,1427.5056,1397.8616,1397861.5999
1,1427.5408,1397.8968,1397896.7999
1,1427.5606,1397.9166,1397916.5999
1,1427.6293,1397.9853,1397985.2999
1,1427.6620,1398.0180,1398017.9999
1,1427.7636,1398.1196,1398119.5999
1,1427.7941,1398.1501,1398150.0999
1,1427.8197,1398.1757,1398175.6999
1,1427.8644,1398.2204,1398220.3999
1,1427.9149,1398.2709,1398270.8999
1,1427.9206,1398.2766,1398276.5999
1,1428.0945,1398.4505,1398450.4999
1,1428.1004,1398.4564,1398456.3999
1,1428.3835,1398.7395,1398739.4999
1,1428.4598,1398.8158,1398815.7999
1,1428.5849,1398.9409,1398940.8999
1,1428.7037,1399.0597,1399059.6999
1,1428.7150,1399.0710,1399070.9999
1,1428.7495,1399.1055,1399105.4999
1,1428.9732,1399.3292,1399329.1999
1,1429.0397,1399.3957,1399395.6999
1,1429.1017,1399.4577,1399457.6999
1,1429.1217,1399.4777,1399477.6999
1,1429.4715,1399.8275,1399827.4999
1,1429.6096,1399.9656,1399965.5999
1,1429.6595,1400.0155,1400015.4999
1,1430.0256,1400.3816,1400381.5999
1,1430.0556,1400.4116,1400411.5999
1,1430.1122,1400.4682,1400468.1999
1,1430.1616,1400.5176,1400517.5999
1,1430.3953,1400.7513,1400751.2999
1,1430.4058,1400.7618,1400761.7999
1,1430.4148,1400.7708,1400770.7999
1,1430.4359,1400.7919,1400791.8999
1,1430.4701,1400.8261,1400826.0999
1,1430.6908,1401.0468,1401046.7999
1,1430.8521,1401.2081,1401208.0999
1,1431.0726,1401.4286,1401428.5999
1,1431.1912,1401.5472,1401547.1999
1,1431.3990,1401.7550,1401754.9999
1,1431.4171,1401.7731,1401773.0999
1,1431.4354,1401.7914,1401791.3999
1,1431.4382,1401.7942,1401794.1999
1,1431.4601,1401.8161,1401816.0999
1,1431.6900,1402.0460,1402045.9999
1,1431.7003,1402.0563,1402056.2999
1,1431.7184,1402.0744,1402074.3999
1,1431.8497,1402.2057,1402205.6999
1,1431.8861,1402.2421,1402242.0999
1,1431.9206,1402.2766,1402276.5999
1,1431.9399,1402.2959,1402295.8999
1,1432.0400,1402.3960,1402395.9999
1,1432.1325,1402.4885,1402488.4999
1,1432.1790,1402.5350,1402534.9999
1,1432.2446,1402.6006,1402600.5999
1,1432.3025,1402.6585,1402658.4999
1,1432.3376,1402.6936,1402693.5999
1,1432.3601,1402.7161,1402716.0999
1,1432.3745,1402.7305,1402730.4999
1,1432.3897,1402.7457,1402745.6999
1,1432.5662,1402.9222,1402922.1999
1,1432.5823,1402.9383,1402938.2999
1,1432.7326,1403.0886,1403088.5999
1,1432.7457,1403.1017,1403101.6999
1,1432.7843,1403.1403,1403140.2999
1,1432.7971,1403.1531,1403153.0999
1,1432.8069,1403.1629,1403162.8999
1,1432.9983,1403.3543,1403354.2999
1,1433.0150,1403.3710,1403370.9999
1,1433.0471,1403.4031,1403403.0999
1,1433.0947,1403.4507,1403450.6999
1,1433.1333,1403.4893,1403489.2999
1,1433.2162,1403.5722,1403572.1999
1,1433.3296,1403.6856,1403685.5999
1,1433.5292,1403.8852,1403885.1999
1,1433.5709,1403.9269,1403926.8999
1,1433.6028,1403.9588,1403958.7999
1,1433.6330,1403.9890,1403988.9999
1,1433.7026,1404.0586,1404058.5999
1,1433.7363,1404.0923,1404092.2999
1,1433.7816,1404.1376,1404137.5999
1,1433.8040,1404.1600,1404159.9999
1,1433.8133,1404.1693,1404169.2999
1,1433.8271,1404.1831,1404183.0999
1,1434.1540,1404.5100,1404509.9999
1,1434.1797,1404.5357,1404535.6999
1,1434.1954,1404.5514,1404551.3999
1,1434.2340,1404.5900,1404589.9999
1,1434.3748,1404.7308,1404730.7999
1,1434.4045,1404.7605,1404760.4999
1,1434.4061,1404.7621,1404762.0999
1,1434.6247,1404.9807,1404980.6999
1,1434.6554,1405.0114,1405011.3999
1,1434.7065,1405.0625,1405062.4999
1,1434.7261,1405.0821,1405082.0999
1,1434.7431,1405.0991,1405099.0999
1,1434.7622,1405.1182,1405118.1999
1,1434.9763,1405.3323,1405332.2999
1,1434.9906,1405.3466,1405346.5999
1,1435.2432,1405.5992,1405599.1999
1,1435.3355,1405.6915,1405691.4999
1,1435.3547,1405.7107,1405710.6999
1,1435.3650,1405.7210,1405720.9999
1,1435.3950,1405.7510,1405750.9999
1,1435.4065,1405.7625,1405762.4999
1,1435.5293,1405.8853,1405885.2999
1,1435.5616,1405.9176,1405917.5999
1,1435.6747,1406.0307,1406030.6999
1,1435.6931,1406.0491,1406049.0999
1,1435.8185,1406.1745,1406174.4999
1,1435.8284,1406.1844,1406184.3999
1,1435.8516,1406.2076,1406207.5999
1,1435.8906,1406.2466,1406246.5999
1,1435.9328,1406.2888,1406288.7999
1,1435.9694,1406.3254,1406325.3999
1,1436.0968,1406.4528,1406452.7999
1,1436.1590,1406.5150,1406514.9999
1,1436.3766,1406.7326,1406732.5999
1,1436.4719,1406.8279,1406827.8999
1,1436.4937,1406.8497,1406849.6999
1,1436.5424,1406.8984,1406898.3999
1,1436.7098,1407.0658,1407065.7999
1,1436.7902,1407.1462,1407146.1999
1,1436.8393,1407.1953,1407195.2999
1,1436.9000,1407.2560,1407255.9999
1,1436.9369,1407.2929,1407292.8999
1,1437.0503,1407.4063,1407406.2999
1,1437.0657,1407.4217,1407421.6999
1,1437.2085,1407.5645,1407564.4999
1,1437.2632,1407.6192,1407619.1999
1,1437.3261,1407.6821,1407682.0999
1,1437.4020,1407.7580,1407757.9999
1,1437.5567,1407.9127,1407912.6999
1,1437.6324,1407.9884,1407988.3999
1,1437.8398,1408.1958,1408195.7999
1,1437.8501,1408.2061,1408206.0999
1,1438.0268,1408.3828,1408382.7999
1,1438.0469,1408.4029,1408402.8999
1,1438.2393,1408.5953,1408595.2999
1,1438.4734,1408.8294,1408829.3999
1,1438.6177,1408.9737,1408973.6999
1,1438.7119,1409.0679,1409067.8999
1,1438.7775,1409.1335,1409133.4999
1,1438.7896,1409.1456,1409145.5999
1,1439.0222,1409.3782,1409378.1999
1,1439.0516,1409.4076,1409407.5999
1,1439.2779,1409.6339,1409633.8999
1,1439.3334,1409.6894,1409689.3999
1,1439.3734,1409.7294,1409729.3999
1,1439.5553,1409.9113,1409911.2999
1,1439.6224,1409.9784,1409978.3999
1,1439.6339,1409.9899,1409989.8999
1,1439.6480,1410.0040,1410003.9999
1,1439.6616,1410.0176,1410017.5999
1,1439.7853,1410.1413,1410141.2999
1,1439.8034,1410.1594,1410159.3999
1,1439.8210,1410.1770,1410176.9999
1,1439.8482,1410.2042,1410204.1999
1,1439.9142,1410.2702,1410270.1999
1,1440.0015,1410.3575,1410357.4999
1,1440.0286,1410.3846,1410384.5999
1,1440.0555,1410.4115,1410411.4999
1,1440.3021,1410.6581,1410658.0999
1,1440.3527,1410.7087,1410708.6999
1,1440.4988,1410.8548,1410854.7999
1,1440.5153,1410.8713,1410871.2999
1,1440.5255,1410.8815,1410881.4999
1,1440.7511,1411.1071,1411107.0999
1,1440.8509,1411.2069,1411206.8999
1,1440.9330,1411.2890,1411288.9999
1,1441.0858,1411.4418,1411441.7999
1,1441.1023,1411.4583,1411458.2999
1,1441.1275,1411.4835,1411483.4999
1,1441.1549,1411.5109,1411510.8999
1,1441.1779,1411.5339,1411533.8999
1,1441.4255,1411.7815,1411781.4999
1,1441.5669,1411.9229,1411922.8999
1,1441.6220,1411.9780,1411977.9999
1,1441.8638,1412.2198,1412219.7999
1,1442.1135,1412.4695,1412469.4999
1,1442.2834,1412.6394,1412639.3999
1,1442.4107,1412.7667,1412766.6999
1,1442.4340,1412.7900,1412789.9999
1,1442.4477,1412.8037,1412803.6999
1,1442.4886,1412.8446,1412844.5999
1,1442.5105,1412.8665,1412866.4999
1,1442.6073,1412.9633,1412963.2999
1,1442.6780,1413.0340,1413033.9999
1,1442.7254,1413.0814,1413081.3999
1,1442.7589,1413.1149,1413114.8999
1,1442.8017,1413.1577,1413157.6999
1,1442.8556,1413.2116,1413211.5999
1,1442.9310,1413.2870,1413286.9999
1,1442.9420,1413.2980,1413297.9999
1,1442.9606,1413.3166,1413316.5999
1,1442.9802,1413.3362,1413336.1999
1,1443.0054,1413.3614,1413361.3999
1,1443.2475,1413.6035,1413603.4999
1,1443.3282,1413.6842,1413684.1999
1,1443.4912,1413.8472,1413847.1999
1,1443.5410,1413.8970,1413896.9999
1,1443.5608,1413.9168,1413916.7999
1,1443.7869,1414.1429,1414142.8999
1,1443.8281,1414.1841,1414184.0999
1,1443.8473,1414.2033,1414203.2999
1,1443.8839,1414.2399,1414239.8999
1,1443.9136,1414.2696,1414269.5999
1,1444.0316,1414.3876,1414387.5999
1,1444.2670,1414.6230,1414622.9999
1,1444.2847,1414.6407,1414640.6999
1,1444.3005,1414.6565,1414656.4999
1,1444.3231,1414.6791,1414679.0999
1,1444.3271,1414.6831,1414683.0999
1,1444.3482,1414.7042,1414704.1999
1,1444.5799,1414.9359,1414935.8999
1,1444.5957,1414.9517,1414951.6999
1,1444.6452,1415.0012,1415001.1999
1,1444.6716,1415.0276,1415027.5999
1,1444.7336,1415.0896,1415089.5999
1,1444.9942,1415.3502,1415350.1999
1,1445.0466,1415.4026,1415402.5999
1,1445.1382,1415.4942,1415494.1999
1,1445.1834,1415.5394,1415539.3999
1,1445.4694,1415.8254,1415825.3999
1,1445.5309,1415.8869,1415886.8999
1,1445.6595,1416.0155,1416015.4999
1,1445.6782,1416.0342,1416034.1999
1,1445.7480,1416.1040,1416103.9999
1,1445.7606,1416.1166,1416116.5999
1,1445.8790,1416.2350,1416234.9999
1,1446.0349,1416.3909,1416390.8999
1,1446.1238,1416.4798,1416479.7999
1,1446.1754,1416.5314,1416531.3999
1,1446.2424,1416.5984,1416598.3999
1,1446.3669,1416.7229,1416722.8999
1,1446.3817,1416.7377,1416737.6999
1,1446.5466,1416.9026,1416902.5999
1,1446.7757,1417.1317,1417131.6999
1,1446.8625,1417.2185,1417218.4999
1,1446.9292,1417.2852,1417285.1999
1,1446.9591,1417.3151,1417315.0999
1,1447.0167,1417.3727,1417372.6999
1,1447.0311,1417.3871,1417387.0999
1,1447.2746,1417.6306,1417630.5999
1,1447.3025,1417.6585,1417658.4999
1,1447.4089,1417.7649,1417764.8999
1,1447.4504,1417.8064,1417806.3999
1,1447.6964,1418.0524,1418052.3999
1,1447.7165,1418.0725,1418072.4999
1,1447.7329,1418.0889,1418088.8999
1,1447.7532,1418.1092,1418109.1999
1,1447.8590,1418.2150,1418214.9999
1,1448.2395,1418.5955,1418595.4999
1,1448.3163,1418.6723,1418672.2999
1,1448.3922,1418.7482,1418748.1999
1,1448.5810,1418.9370,1418936.9999
1,1448.6038,1418.9598,1418959.7999
1,1448.8898,1419.2458,1419245.7999
1,1448.9327,1419.2887,1419288.6999
1,1449.0441,1419.4001,1419400.0999
1,1449.3249,1419.6809,1419680.8999
1,1449.4822,1419.8382,1419838.1999
1,1449.7064,1420.0624,1420062.3999
1,1449.7304,1420.0864,1420086.3999
1,1449.7454,1420.1014,1420101.3999
1,1449.9573,1420.3133,1420313.2999
1,1450.1232,1420.4792,1420479.1999
1,1450.1626,1420.5186,1420518.5999
1,1450.2019,1420.5579,1420557.8999
1,1450.3544,1420.7104,1420710.3999
1,1450.4213,1420.7773,1420777.2999
1,1450.5621,1420.9181,1420918.0999
1,1450.6073,1420.9633,1420963.2999
1,1450.6564,1421.0124,1421012.3999
1,1450.7704,1421.1264,1421126.3999
1,1450.7908,1421.1468,1421146.7999
1,1450.9087,1421.2647,1421264.6999
1,1450.9301,1421.2861,1421286.0999
1,1450.9576,1421.3136,1421313.5999
1,1450.9885,1421.3445,1421344.4999
1,1451.1693,1421.5253,1421525.2999
1,1451.4138,1421.7698,1421769.7999
1,1451.4380,1421.7940,1421793.9999
1,1451.4602,1421.8162,1421816.1999
1,1451.5490,1421.9050,1421904.9999
1,1451.6105,1421.9665,1421966.4999
1,1451.6155,1421.9715,1421971.4999
1,1451.8804,1422.2364,1422236.3999
1,1452.0781,1422.4341,1422434.0999
1,1452.1092,1422.4652,1422465.1999
1,1452.1479,1422.5039,1422503.8999
1,1452.2236,1422.5796,1422579.5999
1,1452.3629,1422.7189,1422718.8999
1,1452.4000,1422.7560,1422755.9999
1,1452.4058,1422.7618,1422761.7999
1,1452.4181,1422.7741,1422774.0999
1,1452.4406,1422.7966,1422796.5999
1,1452.4512,1422.8072,1422807.1999
1,1452.4784,1422.8344,1422834.3999
1,1452.6521,1423.0081,1423008.0999
1,1452.6615,1423.0175,1423017.4999
1,1452.8651,1423.2211,1423221.0999
1,1452.8774,1423.2334,1423233.3999
1,1452.8937,1423.2497,1423249.6999
1,1452.9255,1423.2815,1423281.4999
1,1453.0163,1423.3723,1423372.2999
1,1453.1616,1423.5176,1423517.5999
1,1453.3690,1423.7250,1423724.9999
1,1453.3811,1423.7371,1423737.0999
1,1453.3967,1423.7527,1423752.6999
1,1453.4171,1423.7731,1423773.0999
1,1453.5666,1423.9226,1423922.5999
1,1453.6114,1423.9674,1423967.3999
1,1453.6455,1424.0015,1424001.4999
1,1453.6682,1424.0242,1424024.1999
1,1453.6928,1424.0488,1424048.7999
1,1453.7130,1424.0690,1424068.9999
1,1453.7371,1424.0931,1424093.0999
1,1453.8623,1424.2183,1424218.2999
1,1453.9094,1424.2654,1424265.3999
1,1453.9214,1424.2774,1424277.3999
1,1454.1081,1424.4641,1424464.0999
1,1454.1121,1424.4681,1424468.0999
1,1454.1358,1424.4918,1424491.7999
1,1454.1517,1424.5077,1424507.6999
1,1454.1640,1424.5200,1424519.9999
1,1454.2951,1424.6511,1424651.0999
1,1454.3124,1424.6684,1424668.3999
1,1454.3462,1424.7022,1424702.1999
1,1454.3755,1424.7315,1424731.4999
1,1454.4245,1424.7805,1424780.4999
1,1454.5425,1424.8985,1424898.4999
1,1455.0922,1425.4482,1425448.1999
1,1455.1104,1425.4664,1425466.3999
1,1455.1349,1425.4909,1425490.8999
1,1455.1549,1425.5109,1425510.8999
1,1455.3411,1425.6971,1425697.0999
1,1455.4649,1425.8209,1425820.8999
1,1455.7256,1426.0816,1426081.5999
1,1455.8101,1426.1661,1426166.0999
1,1455.8546,1426.2106,1426210.5999
1,1455.9424,1426.2984,1426298.3999
1,1455.9740,1426.3300,1426329.9999
1,1455.9990,1426.3550,1426354.9999
1,1456.0220,1426.3780,1426377.9999
1,1456.0574,1426.4134,1426413.3999
1,1456.1358,1426.4918,1426491.7999
1,1456.2803,1426.6363,1426636.2999
1,1456.3039,1426.6599,1426659.8999
1,1456.3818,1426.7378,1426737.7999
1,1456.4262,1426.7822,1426782.1999
1,1456.4865,1426.8425,1426842.4999
1,1456.5150,1426.8710,1426870.9999
1,1456.5268,1426.8828,1426882.7999
1,1456.5462,1426.9022,1426902.1999
1,1456.7996,1427.1556,1427155.5999
1,1456.8356,1427.1916,1427191.5999
1,1456.8549,1427.2109,1427210.8999
1,1456.8987,1427.2547,1427254.6999
1,1456.9398,1427.2958,1427295.7999
1,1457.0395,1427.3955,1427395.4999
1,1457.0972,1427.4532,1427453.1999
1,1457.2409,1427.5969,1427596.8999
1,1457.2988,1427.6548,1427654.7999
1,1457.3262,1427.6822,1427682.1999
1,1457.3516,1427.7076,1427707.5999
1,1457.4174,1427.7734,1427773.3999
1,1457.5359,1427.8919,1427891.8999
1,1457.6698,1428.0258,1428025.7999
1,1457.8932,1428.2492,1428249.1999
1,1457.9709,1428.3269,1428326.8999
1,1458.0494,1428.4054,1428405.3999
1,1458.1706,1428.5266,1428526.5999
1,1458.1958,1428.5518,1428551.7999
1,1458.2640,1428.6200,1428619.9999
1,1458.3611,1428.7171,1428717.0999
1,1458.3924,1428.7484,1428748.3999
1,1458.5730,1428.9290,1428928.9999
1,1458.5772,1428.9332,1428933.1999
1,1458.6010,1428.9570,1428956.9999
1,1458.6162,1428.9722,1428972.1999
1,1458.8813,1429.2373,1429237.2999
1,1458.9269,1429.2829,1429282.8999
1,1459.0801,1429.4361,1429436.0999
1,1459.1340,1429.4900,1429489.9999
1,1459.1857,1429.5417,1429541.6999
1,1459.2183,1429.5743,1429574.2999
1,1459.2903,1429.6463,1429646.2999
1,1459.3374,1429.6934,1429693.3999
1,1459.5294,1429.8854,1429885.3999
1,1459.6923,1430.0483,1430048.2999
1,1459.7353,1430.0913,1430091.2999
1,1460.0192,1430.3752,1430375.1999
1,1460.0634,1430.4194,1430419.3999
1,1460.0981,1430.4541,1430454.0999
1,1460.1242,1430.4802,1430480.1999
1,1460.2777,1430.6337,1430633.6999
1,1460.3060,1430.6620,1430661.9999
1,1460.3876,1430.7436,1430743.5999
1,1460.4134,1430.7694,1430769.3999
1,1460.7008,1431.0568,1431056.7999
1,1460.7468,1431.1028,1431102.7999
1,1461.0042,1431.3602,1431360.1999
1,1461.1572,1431.5132,1431513.1999
1,1461.3122,1431.6682,1431668.1999
1,1461.3408,1431.6968,1431696.7999
1,1461.4778,1431.8338,1431833.7999
1,1461.5403,1431.8963,1431896.2999
1,1461.7262,1432.0822,1432082.1999
1,1461.7559,1432.1119,1432111.8999
1,1461.7844,1432.1404,1432140.3999
1,1461.9027,1432.2587,1432258.6999
1,1462.0289,1432.3849,1432384.8999
1,1462.0942,1432.4502,1432450.1999
1,1462.3006,1432.6566,1432656.5999
1,1462.4080,1432.7640,1432763.9999
1,1462.4778,1432.8338,1432833.7999
1,1462.5394,1432.8954,1432895.3999
1,1462.6363,1432.9923,1432992.2999
1,1462.7128,1433.0688,1433068.7999
1,1462.8023,1433.1583,1433158.2999
1,1463.0797,1433.4357,1433435.6999
1,1463.1025,1433.4585,1433458.4999
1,1463.2282,1433.5842,1433584.1999
1,1463.2539,1433.6099,1433609.8999
1,1463.3328,1433.6888,1433688.7999
1,1463.4442,1433.8002,1433800.1999
1,1463.7120,1434.0680,1434067.9999
1,1463.8100,1434.1660,1434165.9999
1,1463.8878,1434.2438,1434243.7999
1,1464.0050,1434.3610,1434360.9999
1,1464.0657,1434.4217,1434421.6999
1,1464.1690,1434.5250,1434524.9999
1,1464.3460,1434.7020,1434701.9999
1,1464.3734,1434.7294,1434729.3999
1,1464.5421,1434.8981,1434898.0999
1,1464.5867,1434.9427,1434942.6999
1,1464.7943,1435.1503,1435150.2999
1,1464.9565,1435.3125,1435312.4999
1,1465.0246,1435.3806,1435380.5999
1,1465.0329,1435.3889,1435388.8999
1,1465.0678,1435.4238,1435423.7999
1,1465.1954,1435.5514,1435551.3999
1,1465.2702,1435.6262,1435626.1999
1,1465.5467,1435.9027,1435902.6999
1,1465.5807,1435.9367,1435936.6999
1,1465.6224,1435.9784,1435978.3999
1,1465.7516,1436.1076,1436107.5999
1,1465.8143,1436.1703,1436170.2999
1,1466.0766,1436.4326,1436432.5999
1,1466.1536,1436.5096,1436509.5999
1,1466.1787,1436.5347,1436534.6999
1,1466.2513,1436.6073,1436607.2999
1,1466.2659,1436.6219,1436621.8999
1,1466.4223,1436.7783,1436778.2999
1,1466.4602,1436.8162,1436816.1999
1,1466.5437,1436.8997,1436899.6999
1,1466.6006,1436.9566,1436956.5999
1,1466.6195,1436.9755,1436975.4999
1,1466.6595,1437.0155,1437015.4999
1,1466.7913,1437.1473,1437147.2999
1,1466.8719,1437.2279,1437227.8999
1,1466.9417,1437.2977,1437297.6999
1,1467.1114,1437.4674,1437467.3999
1,1467.1860,1437.5420,1437541.9999
1,1467.2223,1437.5783,1437578.2999
1,1467.2733,1437.6293,1437629.2999
1,1467.3077,1437.6637,1437663.6999
1,1467.3381,1437.6941,1437694.0999
1,1467.3545,1437.7105,1437710.4999
1,1467.4888,1437.8448,1437844.7999
1,1467.5561,1437.9121,1437912.0999
1,1467.9474,1438.3034,1438303.3999
1,1467.9898,1438.3458,1438345.7999
1,1468.0444,1438.4004,1438400.3999
1,1468.1046,1438.4606,1438460.5999
1,1468.1943,1438.5503,1438550.2999
1,1468.2248,1438.5808,1438580.7999
1,1468.2503,1438.6063,1438606.2999
1,1468.4370,1438.7930,1438792.9999
1,1468.5233,1438.8793,1438879.2999
1,1468.5416,1438.8976,1438897.5999
1,1468.6310,1438.9870,1438986.9999
1,1468.7143,1439.0703,1439070.2999
1,1468.7493,1439.1053,1439105.2999
1,1469.0407,1439.3967,1439396.6999
1,1469.1669,1439.5229,1439522.8999
1,1469.2309,1439.5869,1439586.8999
1,1469.2788,1439.6348,1439634.7999
1,1469.3074,1439.6634,1439663.3999
1,1469.3196,1439.6756,1439675.5999
1,1469.3844,1439.7404,1439740.3999
1,1469.4011,1439.7571,1439757.0999
1,1469.4154,1439.7714,1439771.3999
1,1469.4368,1439.7928,1439792.7999
1,1469.4695,1439.8255,1439825.4999
1,1469.6441,1440.0001,1440000.0999
1,1469.7133,1440.0693,1440069.2999
1,1469.7477,1440.1037,1440103.6999
1,1469.7845,1440.1405,1440140.4999
1,1469.8006,1440.1566,1440156.5999
1,1469.8235,1440.1795,1440179.4999
1,1469.9198,1440.2758,1440275.7999
1,1470.0160,1440.3720,1440371.9999
1,1470.0663,1440.4223,1440422.2999
1,1470.0869,1440.4429,1440442.8999
1,1470.1247,1440.4807,1440480.6999
1,1470.1366,1440.4926,1440492.5999
1,1470.3661,1440.7221,1440722.0999
1,1470.4118,1440.7678,1440767.7999
1,1470.4320,1440.7880,1440787.9999
1,1470.6505,1441.0065,1441006.4999
1,1470.6821,1441.0381,1441038.0999
1,1470.7303,1441.0863,1441086.2999
1,1470.7874,1441.1434,1441143.3999
1,1470.8809,1441.2369,1441236.8999
1,1470.9205,1441.2765,1441276.4999
1,1470.9429,1441.2989,1441298.8999
1,1471.0066,1441.3626,1441362.5999
1,1471.1473,1441.5033,1441503.2999
1,1471.2388,1441.5948,1441594.7999
1,1471.3770,1441.7330,1441732.9999
1,1471.6570,1442.0130,1442012.9999
1,1471.6673,1442.0233,1442023.2999
1,1471.7221,1442.0781,1442078.0999
1,1471.7653,1442.1213,1442121.2999
1,1471.8035,1442.1595,1442159.4999
1,1471.8832,1442.2392,1442239.1999
1,1472.1643,1442.5203,1442520.2999
1,1472.1852,1442.5412,1442541.1999
1,1472.2319,1442.5879,1442587.8999
1,1472.2551,1442.6111,1442611.0999
1,1472.2739,1442.6299,1442629.8999
1,1472.2834,1442.6394,1442639.3999
1,1472.3131,1442.6691,1442669.0999
1,1472.3293,1442.6853,1442685.2999
1,1472.3500,1442.7060,1442705.9999
1,1472.3862,1442.7422,1442742.1999
1,1472.4631,1442.8191,1442819.0999
1,1472.6418,1442.9978,1442997.7999
1,1472.6606,1443.0166,1443016.5999
1,1472.6857,1443.0417,1443041.6999
1,1472.7206,1443.0766,1443076.5999
1,1472.8567,1443.2127,1443212.6999
1,1472.9751,1443.3311,1443331.0999
1,1473.2399,1443.5959,1443595.8999
1,1473.2837,1443.6397,1443639.6999
1,1473.6823,1444.0383,1444038.2999
1,1473.7456,1444.1016,1444101.5999
1,1473.9756,1444.3316,1444331.5999
1,1474.1024,1444.4584,1444458.3999
1,1474.1142,1444.4702,1444470.1999
1,1474.1314,1444.4874,1444487.3999
1,1474.3329,1444.6889,1444688.8999
1,1474.3546,1444.7106,1444710.5999
1,1474.3703,1444.7263,1444726.2999
1,1474.4010,1444.7570,1444756.9999
1,1474.7871,1445.1431,1445143.0999
1,1475.0008,1445.3568,1445356.7999
1,1475.0921,1445.4481,1445448.0999
1,1475.1263,1445.4823,1445482.2999
1,1475.1479,1445.5039,1445503.8999
1,1475.1748,1445.5308,1445530.7999
1,1475.2319,1445.5879,1445587.8999
1,1475.3520,1445.7080,1445707.9999
1,1475.5211,1445.8771,1445877.0999
1,1475.7443,1446.1003,1446100.2999
1,1475.8872,1446.2432,1446243.1999
1,1475.9195,1446.2755,1446275.4999
1,1476.0214,1446.3774,1446377.3999
1,1476.0847,1446.4407,1446440.6999
1,1476.1863,1446.5423,1446542.2999
1,1476.2118,1446.5678,1446567.7999
1,1476.2262,1446.5822,1446582.1999
1,1476.4385,1446.7945,1446794.4999
1,1476.4512,1446.8072,1446807.1999
1,1476.6035,1446.9595,1446959.4999
1,1476.7724,1447.1284,1447128.3999
1,1477.0481,1447.4041,1447404.0999
1,1477.0637,1447.4197,1447419.6999
1,1477.0738,1447.4298,1447429.7999
1,1477.1026,1447.4586,1447458.5999
1,1477.1662,1447.5222,1447522.1999
1,1477.2167,1447.5727,1447572.6999
1,1477.2394,1447.5954,1447595.3999
1,1477.2882,1447.6442,1447644.1999
1,1477.3118,1447.6678,1447667.7999
1,1477.3991,1447.7551,1447755.0999
1,1477.4447,1447.8007,1447800.6999
1,1477.5017,1447.8577,1447857.6999
1,1477.6557,1448.0117,1448011.6999
1,1477.6656,1448.0216,1448021.5999
1,1477.6756,1448.0316,1448031.5999
1,1477.7159,1448.0719,1448071.8999
1,1477.8160,1448.1720,1448171.9999
1,1477.8593,1448.2153,1448215.2999
1,1477.8805,1448.2365,1448236.4999
1,1477.8914,1448.2474,1448247.3999
1,1477.9509,1448.3069,1448306.8999
1,1478.1888,1448.5448,1448544.7999
1,1478.2089,1448.5649,1448564.8999
1,1478.3658,1448.7218,1448721.7999
1,1478.4045,1448.7605,1448760.4999
1,1478.4212,1448.7772,1448777.1999
1,1478.4384,1448.7944,1448794.3999
1,1478.7330,1449.0890,1449088.9999
1,1478.7775,1449.1335,1449133.4999
1,1478.8553,1449.2113,1449211.2999
1,1478.8867,1449.2427,1449242.6999
1,1478.9117,1449.2677,1449267.6999
1,1478.9487,1449.3047,1449304.6999
1,1478.9720,1449.3280,1449327.9999
1,1479.0053,1449.3613,1449361.2999
1,1479.1215,1449.4775,1449477.4999
1,1479.2359,1449.5919,1449591.8999
1,1479.4948,1449.8508,1449850.7999
1,1479.5064,1449.8624,1449862.3999
1,1479.5433,1449.8993,1449899.2999
1,1479.5605,1449.9165,1449916.4999
1,1479.5913,1449.9473,1449947.2999
1,1479.7134,1450.0694,1450069.3999
1,1479.7477,1450.1037,1450103.6999
1,1479.8345,1450.1905,1450190.4999
1,1479.8599,1450.2159,1450215.8999
1,1479.8851,1450.2411,1450241.0999
1,1479.9659,1450.3219,1450321.8999
1,1479.9707,1450.3267,1450326.6999
1,1479.9916,1450.3476,1450347.5999
1,1480.0237,1450.3797,1450379.6999
1,1480.0870,1450.4430,1450442.9999
1,1480.1291,1450.4851,1450485.0999
1,1480.1682,1450.5242,1450524.1999
1,1480.1874,1450.5434,1450543.3999
1,1480.2255,1450.5815,1450581.4999
1,1480.2412,1450.5972,1450597.1999
1,1480.2543,1450.6103,1450610.2999
1,1480.2690,1450.6250,1450624.9999
1,1480.4928,1450.8488,1450848.7999
1,1480.5270,1450.8830,1450882.9999
1,1480.5859,1450.9419,1450941.8999
1,1480.6499,1451.0059,1451005.8999
1,1480.7750,1451.1310,1451130.9999
1,1480.9612,1451.3172,1451317.1999
1,1481.2022,1451.5582,1451558.1999
1,1481.2747,1451.6307,1451630.6999
1,1481.2983,1451.6543,1451654.2999
1,1481.4646,1451.8206,1451820.5999
1,1481.5258,1451.8818,1451881.7999
1,1481.5911,1451.9471,1451947.0999
1,1481.6336,1451.9896,1451989.5999
1,1481.6368,1451.9928,1451992.7999
1,1481.6805,1452.0365,1452036.4999
1,1481.8382,1452.1942,1452194.1999
1,1481.9078,1452.2638,1452263.7999
1,1482.1824,1452.5384,1452538.3999
1,1482.2928,1452.6488,1452648.7999
1,1482.3785,1452.7345,1452734.4999
1,1482.5250,1452.8810,1452880.9999
1,1482.8182,1453.1742,1453174.1999
1,1482.8612,1453.2172,1453217.1999
1,1483.0257,1453.3817,1453381.6999
1,1483.0502,1453.4062,1453406.1999
1,1483.0843,1453.4403,1453440.2999
1,1483.2181,1453.5741,1453574.0999
1,1483.2361,1453.5921,1453592.0999
1,1483.2532,1453.6092,1453609.1999
1,1483.2627,1453.6187,1453618.6999
1,1483.2987,1453.6547,1453654.6999
1,1483.4439,1453.7999,1453799.8999
1,1483.4742,1453.8302,1453830.1999
1,1483.4792,1453.8352,1453835.1999
1,1483.5034,1453.8594,1453859.3999
1,1483.5506,1453.9066,1453906.5999
1,1483.6733,1454.0293,1454029.2999
1,1483.9593,1454.3153,1454315.2999
1,1484.0101,1454.3661,1454366.0999
1,1484.0480,1454.4040,1454403.9999
1,1484.0626,1454.4186,1454418.5999
1,1484.0781,1454.4341,1454434.0999
1,1484.1289,1454.4849,1454484.8999
1,1484.1499,1454.5059,1454505.8999
1,1484.2321,1454.5881,1454588.0999
1,1484.2695,1454.6255,1454625.4999
1,1484.2884,1454.6444,1454644.3999
1,1484.3896,1454.7456,1454745.5999
1,1484.3927,1454.7487,1454748.6999
1,1484.4182,1454.7742,1454774.1999
1,1484.5896,1454.9456,1454945.5999
1,1484.8223,1455.1783,1455178.2999
1,1484.9305,1455.2865,1455286.4999
1,1485.0483,1455.4043,1455404.2999
1,1485.0820,1455.4380,1455437.9999
1,1485.4022,1455.7582,1455758.1999
1,1485.4275,1455.7835,1455783.4999
1,1485.4478,1455.8038,1455803.7999
1,1485.5668,1455.9228,1455922.7999
1,1485.7397,1456.0957,1456095.6999
1,1485.8117,1456.1677,1456167.6999
1,1485.9037,1456.2597,1456259.6999
1,1485.9469,1456.3029,1456302.8999
1,1486.1225,1456.4785,1456478.4999
1,1486.2058,1456.5618,1456561.7999
1,1486.3439,1456.6999,1456699.8999
1,1486.3722,1456.7282,1456728.1999
1,1486.4818,1456.8378,1456837.7999
1,1486.5033,1456.8593,1456859.2999
1,1486.5339,1456.8899,1456889.8999
1,1486.5894,1456.9454,1456945.3999
1,1486.7103,1457.0663,1457066.2999
1,1486.7240,1457.0800,1457079.9999
1,1486.8522,1457.2082,1457208.1999
1,1486.8974,1457.2534,1457253.3999
1,1486.9100,1457.2660,1457265.9999
1,1487.1310,1457.4870,1457486.9999
1,1487.4011,1457.7571,1457757.0999
1,1487.6398,1457.9958,1457995.7999
1,1487.6471,1458.0031,1458003.0999
1,1487.6505,1458.0065,1458006.4999
1,1487.6556,1458.0116,1458011.5999
1,1487.6685,1458.0245,1458024.4999
1,1487.9684,1458.3244,1458324.3999
1,1488.0124,1458.3684,1458368.3999
1,1488.0327,1458.3887,1458388.6999
1,1488.0759,1458.4319,1458431.8999
1,1488.3489,1458.7049,1458704.8999
1,1488.4420,1458.7980,1458797.9999
1,1488.4694,1458.8254,1458825.3999
1,1488.6183,1458.9743,1458974.2999
1,1488.6356,1458.9916,1458991.5999
1,1488.8378,1459.1938,1459193.7999
1,1488.9606,1459.3166,1459316.5999
1,1488.9731,1459.3291,1459329.0999
1,1489.2288,1459.5848,1459584.7999
1,1489.2691,1459.6251,1459625.0999
1,1489.3159,1459.6719,1459671.8999
1,1489.3465,1459.7025,1459702.4999
1,1489.3791,1459.7351,1459735.0999
1,1489.3989,1459.7549,1459754.8999
1,1489.4186,1459.7746,1459774.5999
1,1489.5027,1459.8587,1459858.6999
1,1489.5349,1459.8909,1459890.8999
1,1489.5416,1459.8976,1459897.5999
1,1489.5702,1459.9262,1459926.1999
1,1489.5989,1459.9549,1459954.8999
1,1489.7705,1460.1265,1460126.4999
1,1489.8777,1460.2337,1460233.6999
1,1489.9395,1460.2955,1460295.4999
1,1490.0305,1460.3865,1460386.4999
1,1490.1688,1460.5248,1460524.7999
1,1490.2353,1460.5913,1460591.2999
1,1490.3424,1460.6984,1460698.3999
1,1490.3612,1460.7172,1460717.1999
1,1490.5321,1460.8881,1460888.0999
1,1490.5608,1460.9168,1460916.7999
1,1490.5836,1460.9396,1460939.5999
1,1490.6661,1461.0221,1461022.0999
1,1490.7122,1461.0682,1461068.1999
1,1490.8258,1461.1818,1461181.7999
1,1490.9984,1461.3544,1461354.3999
1,1491.1884,1461.5444,1461544.3999
1,1491.2420,1461.5980,1461597.9999
1,1491.5173,1461.8733,1461873.2999
1,1491.5369,1461.8929,1461892.8999
1,1491.6320,1461.9880,1461987.9999
1,1491.6569,1462.0129,1462012.8999
1,1491.7430,1462.0990,1462098.9999
1,1491.8496,1462.2056,1462205.5999
1,1491.8943,1462.2503,1462250.2999
1,1491.9341,1462.2901,1462290.0999
1,1491.9629,1462.3189,1462318.8999
1,1492.0583,1462.4143,1462414.2999
1,1492.0917,1462.4477,1462447.6999
1,1492.1111,1462.4671,1462467.0999
1,1492.1307,1462.4867,1462486.6999
1,1492.1840,1462.5400,1462539.9999
1,1492.2277,1462.5837,1462583.6999
1,1492.2822,1462.6382,1462638.1999
1,1492.3006,1462.6566,1462656.5999
1,1492.3294,1462.6854,1462685.3999
1,1492.3488,1462.7048,1462704.7999
1,1492.3880,1462.7440,1462743.9999
1,1492.4247,1462.7807,1462780.6999
1,1492.6599,1463.0159,1463015.8999
1,1493.0161,1463.3721,1463372.0999
1,1493.0838,1463.4398,1463439.7999
1,1493.1698,1463.5258,1463525.7999
1,1493.3522,1463.7082,1463708.1999
1,1493.4158,1463.7718,1463771.7999
1,1493.8040,1464.1600,1464159.9999
1,1493.8332,1464.1892,1464189.1999
1,1493.8838,1464.2398,1464239.7999
1,1493.9034,1464.2594,1464259.3999
1,1493.9329,1464.2889,1464288.8999
1,1493.9963,1464.3523,1464352.2999
1,1494.0202,1464.3762,1464376.1999
1,1494.0263,1464.3823,1464382.2999
1,1494.0388,1464.3948,1464394.7999
1,1494.3227,1464.6787,1464678.6999
1,1494.3394,1464.6954,1464695.3999
1,1494.3634,1464.7194,1464719.3999
1,1494.4432,1464.7992,1464799.1999
1,1494.5665,1464.9225,1464922.4999
1,1494.6467,1465.0027,1465002.6999
1,1494.7154,1465.0714,1465071.3999
1,1494.7347,1465.0907,1465090.6999
1,1495.0253,1465.3813,1465381.2999
1,1495.0717,1465.4277,1465427.6999
1,1495.1902,1465.5462,1465546.1999
1,1495.3830,1465.7390,1465738.9999
1,1495.3855,1465.7415,1465741.4999
1,1495.4166,1465.7726,1465772.5999
1,1495.4348,1465.7908,1465790.7999
1,1495.6030,1465.9590,1465958.9999
1,1495.6260,1465.9820,1465981.9999
1,1495.6440,1466.0000,1465999.9999
1,1495.7321,1466.0881,1466088.0999
1,1495.7952,1466.1512,1466151.1999
1,1495.8255,1466.1815,1466181.4999
1,1495.8414,1466.1974,1466197.3999
1,1495.9531,1466.3091,1466309.0999
1,1496.0185,1466.3745,1466374.4999
1,1496.0625,1466.4185,1466418.4999
1,1496.1449,1466.5009,1466500.8999
1,1496.1829,1466.5389,1466538.8999
1,1496.2130,1466.5690,1466568.9999
1,1496.2558,1466.6118,1466611.7999
1,1496.3108,1466.6668,1466666.7999
1,1496.4894,1466.8454,1466845.3999
1,1496.5217,1466.8777,1466877.6999
1,1496.6253,1466.9813,1466981.2999
1,1496.6677,1467.0237,1467023.6999
1,1496.7804,1467.1364,1467136.3999
1,1496.8347,1467.1907,1467190.6999
1,1496.9632,1467.3192,1467319.1999
1,1497.1098,1467.4658,1467465.7999
1,1497.1551,1467.5111,1467511.0999
1,1497.2844,1467.6404,1467640.3999
1,1497.3378,1467.6938,1467693.7999
1,1497.3809,1467.7369,1467736.8999
1,1497.5284,1467.8844,1467884.3999
1,1497.5476,1467.9036,1467903.5999
1,1497.7831,1468.1391,1468139.0999
1,1497.8019,1468.1579,1468157.8999
1,1497.8527,1468.2087,1468208.6999
1,1497.9644,1468.3204,1468320.3999
1,1498.0034,1468.3594,1468359.3999
1,1498.0411,1468.3971,1468397.0999
1,1498.1271,1468.4831,1468483.0999
1,1498.1566,1468.5126,1468512.5999
1,1498.3316,1468.6876,1468687.5999
1,1498.3541,1468.7101,1468710.0999
1,1498.4258,1468.7818,1468781.7999
1,1498.4595,1468.8155,1468815.4999
1,1498.5915,1468.9475,1468947.4999
1,1498.8919,1469.2479,1469247.8999
1,1498.9752,1469.3312,1469331.1999
1,1499.1981,1469.5541,1469554.0999
1,1499.2112,1469.5672,1469567.1999
1,1499.2201,1469.5761,1469576.0999
1,1499.2366,1469.5926,1469592.5999
1,1499.2479,1469.6039,1469603.8999
1,1499.4686,1469.8246,1469824.5999
1,1499.5752,1469.9312,1469931.1999
1,1499.5881,1469.9441,1469944.0999
1,1499.6005,1469.9565,1469956.4999
1,1499.8428,1470.1988,1470198.7999
1,1499.8640,1470.2200,1470219.9999
1,1499.9167,1470.2727,1470272.6999
1,1500.0166,1470.3726,1470372.5999
1,1500.0285,1470.3845,1470384.4999
1,1500.0464,1470.4024,1470402.3999
1,1500.0799,1470.4359,1470435.8999
1,1500.1143,1470.4703,1470470.2999
1,1500.2208,1470.5768,1470576.7999
1,1500.2338,1470.5898,1470589.7999
1,1500.2606,1470.6166,1470616.5999
1,1500.2742,1470.6302,1470630.1999
1,1500.5782,1470.9342,1470934.1999
1,1500.7260,1471.0820,1471081.9999
1,1500.7867,1471.1427,1471142.6999
1,1500.8048,1471.1608,1471160.7999
1,1500.9212,1471.2772,1471277.1999
1,1500.9365,1471.2925,1471292.4999
1,1500.9642,1471.3202,1471320.1999
1,1500.9708,1471.3268,1471326.7999
1,1500.9810,1471.3370,1471336.9999
1,1501.0045,1471.3605,1471360.4999
1,1501.0786,1471.4346,1471434.5999
1,1501.0881,1471.4441,1471444.0999
1,1501.0997,1471.4557,1471455.6999
1,1501.1221,1471.4781,1471478.0999
1,1501.2521,1471.6081,1471608.0999
1,1501.2659,1471.6219,1471621.8999
1,1501.2977,1471.6537,1471653.6999
1,1501.6330,1471.9890,1471988.9999
1,1501.6600,1472.0160,1472015.9999
1,1501.6816,1472.0376,1472037.5999
1,1501.6945,1472.0505,1472050.4999
1,1501.8436,1472.1996,1472199.5999
1,1501.9288,1472.2848,1472284.7999
1,1502.0946,1472.4506,1472450.5999
1,1502.1223,1472.4783,1472478.2999
1,1502.1638,1472.5198,1472519.7999
1,1502.2742,1472.6302,1472630.1999
1,1502.4051,1472.7611,1472761.0999
1,1502.4520,1472.8080,1472807.9999
1,1502.5381,1472.8941,1472894.0999
1,1502.5815,1472.9375,1472937.4999
1,1502.6291,1472.9851,1472985.0999
1,1502.8175,1473.1735,1473173.4999
1,1502.9886,1473.3446,1473344.5999
1,1503.0020,1473.3580,1473357.9999
1,1503.0832,1473.4392,1473439.1999
1,1503.0993,1473.4553,1473455.2999
1,1503.1360,1473.4920,1473491.9999
1,1503.1615,1473.5175,1473517.4999
1,1503.3115,1473.6675,1473667.4999
1,1503.3174,1473.6734,1473673.3999
1,1503.3361,1473.6921,1473692.0999
1,1503.3526,1473.7086,1473708.5999
1,1503.4218,1473.7778,1473777.7999
1,1503.6626,1474.0186,1474018.5999
1,1503.6845,1474.0405,1474040.4999
1,1503.7469,1474.1029,1474102.8999
1,1503.7657,1474.1217,1474121.6999
1,1503.8085,1474.1645,1474164.4999
1,1503.8233,1474.1793,1474179.2999
1,1503.8355,1474.1915,1474191.4999
1,1504.0094,1474.3654,1474365.3999
1,1504.0325,1474.3885,1474388.4999
1,1504.2551,1474.6111,1474611.0999
1,1504.2803,1474.6363,1474636.2999
1,1504.2993,1474.6553,1474655.2999
1,1504.3656,1474.7216,1474721.5999
1,1504.3856,1474.7416,1474741.5999
1,1504.4058,1474.7618,1474761.7999
1,1504.4129,1474.7689,1474768.8999
1,1504.4273,1474.7833,1474783.2999
1,1504.4484,1474.8044,1474804.3999
1,1504.7889,1475.1449,1475144.8999
1,1504.9283,1475.2843,1475284.2999
1,1504.9452,1475.3012,1475301.1999
1,1504.9722,1475.3282,1475328.1999
1,1505.0135,1475.3695,1475369.4999
1,1505.1253,1475.4813,1475481.2999
1,1505.2721,1475.6281,1475628.0999
1,1505.2763,1475.6323,1475632.2999
1,1505.4546,1475.8106,1475810.5999
1,1505.5392,1475.8952,1475895.1999
1,1505.5859,1475.9419,1475941.8999
1,1506.0261,1476.3821,1476382.0999
1,1506.0511,1476.4071,1476407.0999
1,1506.2451,1476.6011,1476601.0999
1,1506.3044,1476.6604,1476660.3999
1,1506.4499,1476.8059,1476805.8999
1,1506.5826,1476.9386,1476938.5999
1,1506.5894,1476.9454,1476945.3999
1,1506.6560,1477.0120,1477011.9999
1,1506.6729,1477.0289,1477028.8999
1,1506.7000,1477.0560,1477055.9999
1,1506.9682,1477.3242,1477324.1999
1,1507.1886,1477.5446,1477544.5999
1,1507.2381,1477.5941,1477594.0999
1,1507.2515,1477.6075,1477607.4999
1,1507.3452,1477.7012,1477701.1999
1,1507.4172,1477.7732,1477773.1999
1,1507.4271,1477.7831,1477783.0999
1,1507.4483,1477.8043,1477804.2999
1,1507.6280,1477.9840,1477983.9999
1,1507.6945,1478.0505,1478050.4999
1,1507.7724,1478.1284,1478128.3999
1,1507.7947,1478.1507,1478150.6999
1,1507.8258,1478.1818,1478181.7999
1,1507.9312,1478.2872,1478287.1999
1,1507.9546,1478.3106,1478310.5999
1,1508.0032,1478.3592,1478359.1999
1,1508.0343,1478.3903,1478390.2999
1,1508.0563,1478.4123,1478412.2999
1,1508.0713,1478.4273,1478427.2999
1,1508.0961,1478.4521,1478452.0999
1,1508.1299,1478.4859,1478485.8999
1,1508.1801,1478.5361,1478536.0999
1,1508.2641,1478.6201,1478620.0999
1,1508.2936,1478.6496,1478649.5999
1,1508.3483,1478.7043,1478704.2999
1,1508.4296,1478.7856,1478785.5999
1,1508.4401,1478.7961,1478796.0999
1,1508.4511,1478.8071,1478807.0999
1,1508.6183,1478.9743,1478974.2999
1,1508.7591,1479.1151,1479115.0999
1,1508.9429,1479.2989,1479298.8999
1,1509.0611,1479.4171,1479417.0999
1,1509.1005,1479.4565,1479456.4999
1,1509.3697,1479.7257,1479725.6999
1,1509.3846,1479.7406,1479740.5999
1,1509.4019,1479.7579,1479757.8999
1,1509.4256,1479.7816,1479781.5999
1,1509.4480,1479.8040,1479803.9999
1,1509.4652,1479.8212,1479821.1999
1,1509.5998,1479.9558,1479955.7999
1,1509.6183,1479.9743,1479974.2999
1,1509.7930,1480.1490,1480148.9999
1,1509.8132,1480.1692,1480169.1999
1,1509.8345,1480.1905,1480190.4999
1,1509.9818,1480.3378,1480337.7999
1,1510.0010,1480.3570,1480356.9999
1,1510.0343,1480.3903,1480390.2999
1,1510.1384,1480.4944,1480494.3999
1,1510.1990,1480.5550,1480554.9999
1,1510.3740,1480.7300,1480729.9999
1,1510.6123,1480.9683,1480968.2999
1,1510.7433,1481.0993,1481099.2999
1,1510.8029,1481.1589,1481158.8999
1,1510.8496,1481.2056,1481205.5999
1,1510.8742,1481.2302,1481230.1999
1,1510.8904,1481.2464,1481246.3999
1,1510.8965,1481.2525,1481252.4999
1,1510.9481,1481.3041,1481304.0999
1,1511.1180,1481.4740,1481473.9999
1,1511.2428,1481.5988,1481598.7999
1,1511.3127,1481.6687,1481668.6999
1,1511.3248,1481.6808,1481680.7999
1,1511.3435,1481.6995,1481699.4999
1,1511.4778,1481.8338,1481833.7999
1,1511.5358,1481.8918,1481891.7999
1,1511.5758,1481.9318,1481931.7999
1,1511.6782,1482.0342,1482034.1999
1,1511.6938,1482.0498,1482049.7999
1,1511.7150,1482.0710,1482070.9999
1,1511.8349,1482.1909,1482190.8999
1,1511.9767,1482.3327,1482332.6999
1,1512.0048,1482.3608,1482360.7999
1,1512.0241,1482.3801,1482380.0999
1,1512.0469,1482.4029,1482402.8999
1,1512.0994,1482.4554,1482455.3999
1,1512.1529,1482.5089,1482508.8999
1,1512.3477,1482.7037,1482703.6999
1,1512.3757,1482.7317,1482731.6999
1,1512.5400,1482.8960,1482895.9999
1,1512.5573,1482.9133,1482913.2999
1,1512.6212,1482.9772,1482977.1999
1,1513.0487,1483.4047,1483404.6999
1,1513.1169,1483.4729,1483472.8999
1,1513.3266,1483.6826,1483682.5999
1,1513.5618,1483.9178,1483917.7999
1,1513.6702,1484.0262,1484026.1999
1,1513.8087,1484.1647,1484164.6999
1,1513.8541,1484.2101,1484210.0999
1,1513.9942,1484.3502,1484350.1999
1,1514.0232,1484.3792,1484379.1999
1,1514.0642,1484.4202,1484420.1999
1,1514.0825,1484.4385,1484438.4999
1,1514.1178,1484.4738,1484473.7999
1,1514.2342,1484.5902,1484590.1999
1,1514.2623,1484.6183,1484618.2999
1,1514.2804,1484.6364,1484636.3999
1,1514.3221,1484.6781,1484678.0999
1,1514.4966,1484.8526,1484852.5999
1,1514.5350,1484.8910,1484890.9999
1,1514.5602,1484.9162,1484916.1999
1,1514.5799,1484.9359,1484935.8999
1,1514.8498,1485.2058,1485205.7999
1,1514.9292,1485.2852,1485285.1999
1,1514.9939,1485.3499,1485349.8999
1,1515.0080,1485.3640,1485363.9999
1,1515.0170,1485.3730,1485372.9999
1,1515.0467,1485.4027,1485402.6999
1,1515.0593,1485.4153,1485415.2999
1,1515.0671,1485.4231,1485423.0999
1,1515.2934,1485.6494,1485649.3999
1,1515.5711,1485.9271,1485927.0999
1,1515.5953,1485.9513,1485951.2999
1,1515.6529,1486.0089,1486008.8999
1,1515.7720,1486.1280,1486127.9999
1,1515.8701,1486.2261,1486226.0999
1,1515.8940,1486.2500,1486249.9999
1,1516.1211,1486.4771,1486477.0999
1,1516.1590,1486.5150,1486514.9999
1,1516.2574,1486.6134,1486613.3999
1,1516.2801,1486.6361,1486636.0999
1,1516.3056,1486.6616,1486661.5999
1,1516.3563,1486.7123,1486712.2999
1,1516.5469,1486.9029,1486902.8999
1,1516.7460,1487.1020,1487101.9999
1,1516.8770,1487.2330,1487232.9999
1,1516.9273,1487.2833,1487283.2999
1,1517.1328,1487.4888,1487488.7999
1,1517.2141,1487.5701,1487570.0999
1,1517.2623,1487.6183,1487618.2999
1,1517.3305,1487.6865,1487686.4999
1,1517.3459,1487.7019,1487701.8999
1,1517.5870,1487.9430,1487942.9999
1,1517.6082,1487.9642,1487964.1999
1,1517.6468,1488.0028,1488002.7999
1,1517.7512,1488.1072,1488107.1999
1,1517.7653,1488.1213,1488121.2999
1,1517.7872,1488.1432,1488143.1999
1,1517.8500,1488.2060,1488205.9999
1,1517.8554,1488.2114,1488211.3999
1,1517.9454,1488.3014,1488301.3999
1,1518.0022,1488.3582,1488358.1999
1,1518.0427,1488.3987,1488398.6999
1,1518.0991,1488.4551,1488455.0999
1,1518.1135,1488.4695,1488469.4999
1,1518.1617,1488.5177,1488517.6999
1,1518.3582,1488.7142,1488714.1999
1,1518.4339,1488.7899,1488789.8999
1,1518.5920,1488.9480,1488947.9999
1,1518.6596,1489.0156,1489015.5999
1,1518.7294,1489.0854,1489085.3999
1,1518.7466,1489.1026,1489102.5999
1,1519.2165,1489.5725,1489572.4999
1,1519.2556,1489.6116,1489611.5999
1,1519.3057,1489.6617,1489661.6999
1,1519.3376,1489.6936,1489693.5999
1,1519.4613,1489.8173,1489817.2999
1,1519.5992,1489.9552,1489955.1999
1,1519.8739,1490.2299,1490229.8999
1,1519.9483,1490.3043,1490304.2999
1,1520.0803,1490.4363,1490436.2999
1,1520.1975,1490.5535,1490553.4999
1,1520.2342,1490.5902,1490590.1999
1,1520.2622,1490.6182,1490618.1999
1,1520.3287,1490.6847,1490684.6999
1,1520.3939,1490.7499,1490749.8999
1,1520.4463,1490.8023,1490802.2999
1,1520.4948,1490.8508,1490850.7999
1,1520.5121,1490.8681,1490868.0999
1,1520.5411,1490.8971,1490897.0999
1,1520.5613,1490.9173,1490917.2999
1,1520.5712,1490.9272,1490927.1999
1,1520.7460,1491.1020,1491101.9999
1,1520.7667,1491.1227,1491122.6999
1,1520.7853,1491.1413,1491141.2999
1,1520.8863,1491.2423,1491242.2999
1,1520.9544,1491.3104,1491310.3999
1,1520.9909,1491.3469,1491346.8999
1,1521.2181,1491.5741,1491574.0999
1,1521.2557,1491.6117,1491611.6999
1,1521.2880,1491.6440,1491643.9999
1,1521.4832,1491.8392,1491839.1999
1,1521.7564,1492.1124,1492112.3999
1,1521.9759,1492.3319,1492331.8999
1,1521.9978,1492.3538,1492353.7999
1,1522.0133,1492.3693,1492369.2999
1,1522.1085,1492.4645,1492464.4999
1,1522.1469,1492.5029,1492502.8999
1,1522.1885,1492.5445,1492544.4999
1,1522.4159,1492.7719,1492771.8999
1,1522.4753,1492.8313,1492831.2999
1,1522.5100,1492.8660,1492865.9999
1,1522.5807,1492.9367,1492936.6999
1,1522.5930,1492.9490,1492948.9999
1,1523.0209,1493.3769,1493376.8999
1,1523.1184,1493.4744,1493474.3999
1,1523.1416,1493.4976,1493497.5999
1,1523.2257,1493.5817,1493581.6999
1,1523.2501,1493.6061,1493606.0999
1,1523.3183,1493.6743,1493674.2999
1,1523.3465,1493.7025,1493702.4999
1,1523.6134,1493.9694,1493969.3999
1,1523.7295,1494.0855,1494085.4999
1,1523.7762,1494.1322,1494132.1999
1,1523.9920,1494.3480,1494347.9999
1,1524.1274,1494.4834,1494483.3999
1,1524.1564,1494.5124,1494512.3999
1,1524.1731,1494.5291,1494529.0999
1,1524.2151,1494.5711,1494571.0999
1,1524.2316,1494.5876,1494587.5999
1,1524.3562,1494.7122,1494712.1999
1,1524.5792,1494.9352,1494935.1999
1,1524.6788,1495.0348,1495034.7999
1,1524.7423,1495.0983,1495098.2999
1,1524.8898,1495.2458,1495245.7999
1,1524.9153,1495.2713,1495271.2999
1,1524.9284,1495.2844,1495284.3999
1,1524.9371,1495.2931,1495293.0999
1,1524.9651,1495.3211,1495321.0999
1,1525.1253,1495.4813,1495481.2999
1,1525.1656,1495.5216,1495521.5999
1,1525.1911,1495.5471,1495547.0999
1,1525.2052,1495.5612,1495561.1999
1,1525.2112,1495.5672,1495567.1999
1,1525.2230,1495.5790,1495578.9999
1,1525.2497,1495.6057,1495605.6999
1,1525.2796,1495.6356,1495635.5999
1,1525.3679,1495.7239,1495723.8999
1,1525.4671,1495.8231,1495823.0999
1,1525.5857,1495.9417,1495941.6999
1,1525.6135,1495.9695,1495969.4999
1,1525.6375,1495.9935,1495993.4999
1,1525.7562,1496.1122,1496112.1999
1,1525.8293,1496.1853,1496185.2999
1,1525.8518,1496.2078,1496207.7999
1,1526.0342,1496.3902,1496390.1999
1,1526.0659,1496.4219,1496421.8999
1,1526.2336,1496.5896,1496589.5999
1,1526.2542,1496.6102,1496610.1999
1,1526.3019,1496.6579,1496657.8999
1,1526.3566,1496.7126,1496712.5999
1,1526.3672,1496.7232,1496723.1999
1,1526.3739,1496.7299,1496729.8999
1,1526.3766,1496.7326,1496732.5999
1,1526.4292,1496.7852,1496785.1999
1,1526.6329,1496.9889,1496988.8999
1,1526.6872,1497.0432,1497043.1999
1,1526.7611,1497.1171,1497117.0999
1,1526.9294,1497.2854,1497285.3999
1,1527.0261,1497.3821,1497382.0999
1,1527.0721,1497.4281,1497428.0999
1,1527.1875,1497.5435,1497543.4999
1,1527.2283,1497.5843,1497584.2999
1,1527.5312,1497.8872,1497887.1999
1,1527.7074,1498.0634,1498063.3999
1,1527.7130,1498.0690,1498068.9999
1,1527.7509,1498.1069,1498106.8999
1,1527.9723,1498.3283,1498328.2999
1,1528.1237,1498.4797,1498479.6999
1,1528.1686,1498.5246,1498524.5999
1,1528.2425,1498.5985,1498598.4999
1,1528.2700,1498.6260,1498625.9999
1,1528.5144,1498.8704,1498870.3999
1,1528.5450,1498.9010,1498900.9999
1,1528.5859,1498.9419,1498941.8999
1,1528.6118,1498.9678,1498967.7999
1,1528.8841,1499.2401,1499240.0999
1,1529.1044,1499.4604,1499460.3999
1,1529.1529,1499.5089,1499508.8999
1,1529.2110,1499.5670,1499566.9999
1,1529.3077,1499.6637,1499663.6999
1,1529.4679,1499.8239,1499823.8999
1,1529.4993,1499.8553,1499855.2999
1,1529.5266,1499.8826,1499882.5999
1,1529.5732,1499.9292,1499929.1999
1,1529.5959,1499.9519,1499951.8999
1,1529.6335,1499.9895,1499989.4999
1,1529.7090,1500.0650,1500064.9999
1,1529.8191,1500.1751,1500175.0999
1,1529.8542,1500.2102,1500210.1999
1,1529.8687,1500.2247,1500224.6999
1,1529.9367,1500.2927,1500292.6999
1,1530.2004,1500.5564,1500556.3999
1,1530.3088,1500.6648,1500664.7999
1,1530.3275,1500.6835,1500683.4999
1,1530.3475,1500.7035,1500703.4999
1,1530.7298,1501.0858,1501085.7999
1,1530.8294,1501.1854,1501185.3999
1,1530.9026,1501.2586,1501258.5999
1,1530.9392,1501.2952,1501295.1999
1,1531.0218,1501.3778,1501377.7999
1,1531.0770,1501.4330,1501432.9999
1,1531.1224,1501.4784,1501478.3999
1,1531.3168,1501.6728,1501672.7999
1,1531.4552,1501.8112,1501811.1999
1,1531.5011,1501.8571,1501857.0999
1,1531.5908,1501.9468,1501946.7999
1,1531.6188,1501.9748,1501974.7999
1,1531.6664,1502.0224,1502022.3999
1,1531.8364,1502.1924,1502192.3999
1,1531.8481,1502.2041,1502204.0999
1,1531.9340,1502.2900,1502289.9999
1,1531.9416,1502.2976,1502297.5999
1,1532.0126,1502.3686,1502368.5999
1,1532.2672,1502.6232,1502623.1999
1,1532.4224,1502.7784,1502778.3999
1,1532.4594,1502.8154,1502815.3999
1,1532.5598,1502.9158,1502915.7999
1,1532.5834,1502.9394,1502939.3999
1,1532.6002,1502.9562,1502956.1999
1,1532.7436,1503.0996,1503099.5999
1,1532.7640,1503.1200,1503119.9999
1,1532.8919,1503.2479,1503247.8999
1,1532.9053,1503.2613,1503261.2999
1,1532.9249,1503.2809,1503280.8999
1,1532.9624,1503.3184,1503318.3999
1,1533.1939,1503.5499,1503549.8999
1,1533.2429,1503.5989,1503598.8999
1,1533.2586,1503.6146,1503614.5999
1,1533.3796,1503.7356,1503735.5999
1,1533.4179,1503.7739,1503773.8999
1,1533.4628,1503.8188,1503818.7999
1,1533.5879,1503.9439,1503943.8999
1,1533.8100,1504.1660,1504165.9999
1,1533.8223,1504.1783,1504178.2999
1,1533.8419,1504.1979,1504197.8999
1,1533.9773,1504.3333,1504333.2999
1,1534.2276,1504.5836,1504583.5999
1,1534.3014,1504.6574,1504657.3999
1,1534.3477,1504.7037,1504703.6999
1,1534.3745,1504.7305,1504730.4999
1,1534.4096,1504.7656,1504765.5999
1,1534.4211,1504.7771,1504777.0999
1,1534.5176,1504.8736,1504873.5999
1,1534.7075,1505.0635,1505063.4999
1,1534.8797,1505.2357,1505235.6999
1,1535.1343,1505.4903,1505490.2999
1,1535.1508,1505.5068,1505506.7999
1,1535.2446,1505.6006,1505600.5999
1,1535.4030,1505.7590,1505758.9999
1,1535.4794,1505.8354,1505835.3999
1,1535.5086,1505.8646,1505864.5999
1,1535.6221,1505.9781,1505978.0999
1,1535.6408,1505.9968,1505996.7999
1,1535.8292,1506.1852,1506185.1999
1,1535.8422,1506.1982,1506198.1999
1,1535.8590,1506.2150,1506214.9999
1,1535.8941,1506.2501,1506250.0999
1,1536.0898,1506.4458,1506445.7999
1,1536.1039,1506.4599,1506459.8999
1,1536.1309,1506.4869,1506486.8999
1,1536.3370,1506.6930,1506692.9999
1,1536.6856,1507.0416,1507041.5999
1,1536.7792,1507.1352,1507135.1999
1,1536.8136,1507.1696,1507169.5999
1,1536.8574,1507.2134,1507213.3999
1,1536.8721,1507.2281,1507228.0999
1,1536.8966,1507.2526,1507252.5999
1,1537.0090,1507.3650,1507364.9999
1,1537.2623,1507.6183,1507618.2999
1,1537.3569,1507.7129,1507712.8999
1,1537.5024,1507.8584,1507858.3999
1,1537.5932,1507.9492,1507949.1999
1,1537.6245,1507.9805,1507980.4999
1,1537.8893,1508.2453,1508245.2999
1,1538.0505,1508.4065,1508406.4999
1,1538.0958,1508.4518,1508451.7999
1,1538.1259,1508.4819,1508481.8999
1,1538.1426,1508.4986,1508498.5999
1,1538.1580,1508.5140,1508513.9999
1,1538.1863,1508.5423,1508542.2999
1,1538.2074,1508.5634,1508563.3999
1,1538.5370,1508.8930,1508892.9999
1,1538.7794,1509.1354,1509135.3999
1,1538.8601,1509.2161,1509216.0999
1,1538.8971,1509.2531,1509253.0999
1,1538.9235,1509.2795,1509279.4999
1,1538.9870,1509.3430,1509342.9999
1,1539.0499,1509.4059,1509405.8999
1,1539.1388,1509.4948,1509494.7999
1,1539.2811,1509.6371,1509637.0999
1,1539.3082,1509.6642,1509664.1999
1,1539.3375,1509.6935,1509693.4999
1,1539.4184,1509.7744,1509774.3999
1,1539.4588,1509.8148,1509814.7999
1,1539.6302,1509.9862,1509986.1999
1,1539.6827,1510.0387,1510038.6999
1,1539.7332,1510.0892,1510089.1999
1,1539.7515,1510.1075,1510107.4999
1,1539.7732,1510.1292,1510129.1999
1,1539.8323,1510.1883,1510188.2999
1,1539.8408,1510.1968,1510196.7999
1,1539.8806,1510.2366,1510236.5999
1,1540.0345,1510.3905,1510390.4999
1,1540.3428,1510.6988,1510698.7999
1,1540.3798,1510.7358,1510735.7999
1,1540.6032,1510.9592,1510959.1999
1,1540.6142,1510.9702,1510970.1999
1,1540.6583,1511.0143,1511014.2999
1,1540.7397,1511.0957,1511095.6999
1,1540.7579,1511.1139,1511113.8999
1,1540.8632,1511.2192,1511219.1999
1,1541.0559,1511.4119,1511411.8999
1,1541.1015,1511.4575,1511457.4999
1,1541.1509,1511.5069,1511506.8999
1,1541.2173,1511.5733,1511573.2999
1,1541.2244,1511.5804,1511580.3999
1,1541.2668,1511.6228,1511622.7999
1,1541.3275,1511.6835,1511683.4999
1,1541.3750,1511.7310,1511730.9999
1,1541.5049,1511.8609,1511860.8999
1,1541.6343,1511.9903,1511990.2999
1,1541.6624,1512.0184,1512018.3999
1,1541.6921,1512.0481,1512048.0999
1,1541.7279,1512.0839,1512083.8999
1,1541.7787,1512.1347,1512134.6999
1,1541.7930,1512.1490,1512148.9999
1,1541.8201,1512.1761,1512176.0999
1,1541.8472,1512.2032,1512203.1999
1,1541.8870,1512.2430,1512242.9999
1,1542.0367,1512.3927,1512392.6999
1,1542.2960,1512.6520,1512651.9999
1,1542.3112,1512.6672,1512667.1999
1,1542.4235,1512.7795,1512779.4999
1,1542.4534,1512.8094,1512809.3999
1,1543.0005,1513.3565,1513356.4999
1,1543.0303,1513.3863,1513386.2999
1,1543.0511,1513.4071,1513407.0999
1,1543.2275,1513.5835,1513583.4999
1,1543.2769,1513.6329,1513632.8999
1,1543.4020,1513.7580,1513757.9999
1,1543.4081,1513.7641,1513764.0999
1,1543.4195,1513.7755,1513775.4999
1,1543.4704,1513.8264,1513826.3999
1,1543.4809,1513.8369,1513836.8999
1,1543.4867,1513.8427,1513842.6999
1,1543.8310,1514.1870,1514186.9999
1,1544.0023,1514.3583,1514358.2999
1,1544.0683,1514.4243,1514424.2999
1,1544.1208,1514.4768,1514476.7999
1,1544.1531,1514.5091,1514509.0999
1,1544.1794,1514.5354,1514535.3999
1,1544.2292,1514.5852,1514585.1999
1,1544.2463,1514.6023,1514602.2999
1,1544.2647,1514.6207,1514620.6999
1,1544.5723,1514.9283,1514928.2999
1,1544.7219,1515.0779,1515077.8999
1,1544.7922,1515.1482,1515148.1999
1,1544.8889,1515.2449,1515244.8999
1,1544.9777,1515.3337,1515333.6999
1,1544.9930,1515.3490,1515348.9999
1,1545.1130,1515.4690,1515468.9999
1,1545.1821,1515.5381,1515538.0999
1,1545.1976,1515.5536,1515553.5999
1,1545.2673,1515.6233,1515623.2999
1,1545.5323,1515.8883,1515888.2999
1,1545.7402,1516.0962,1516096.1999
1,1545.8678,1516.2238,1516223.7999
1,1546.0615,1516.4175,1516417.4999
1,1546.2570,1516.6130,1516612.9999
1,1546.3822,1516.7382,1516738.1999
1,1546.4196,1516.7756,1516775.5999
1,1546.5341,1516.8901,1516890.0999
1,1546.5659,1516.9219,1516921.8999
1,1546.5946,1516.9506,1516950.5999
1,1546.6231,1516.9791,1516979.0999
1,1546.6425,1516.9985,1516998.4999
1,1546.6513,1517.0073,1517007.2999
1,1546.6609,1517.0169,1517016.8999
1,1546.6802,1517.0362,1517036.1999
1,1546.6956,1517.0516,1517051.5999
1,1546.7070,1517.0630,1517062.9999
1,1546.7303,1517.0863,1517086.2999
1,1546.7660,1517.1220,1517121.9999
1,1546.8351,1517.1911,1517191.0999
1,1547.0092,1517.3652,1517365.1999
1,1547.0664,1517.4224,1517422.3999
1,1547.1307,1517.4867,1517486.6999
1,1547.2424,1517.5984,1517598.3999
1,1547.2593,1517.6153,1517615.2999
1,1547.2688,1517.6248,1517624.7999
1,1547.4866,1517.8426,1517842.5999
1,1547.5033,1517.8593,1517859.2999
1,1547.6702,1518.0262,1518026.1999
1,1547.6977,1518.0537,1518053.6999
1,1547.8612,1518.2172,1518217.1999
1,1547.8901,1518.2461,1518246.0999
1,1547.9495,1518.3055,1518305.4999
1,1547.9592,1518.3152,1518315.1999
1,1547.9921,1518.3481,1518348.0999
1,1548.1402,1518.4962,1518496.1999
1,1548.2218,1518.5778,1518577.7999
1,1548.2821,1518.6381,1518638.0999
1,1548.3648,1518.7208,1518720.7999
1,1548.4047,1518.7607,1518760.6999
1,1548.4242,1518.7802,1518780.1999
1,1548.4591,1518.8151,1518815.0999
1,1548.4799,1518.8359,1518835.8999
1,1548.4920,1518.8480,1518847.9999
1,1548.6886,1519.0446,1519044.5999
1,1548.7350,1519.0910,1519090.9999
1,1548.8363,1519.1923,1519192.2999
1,1548.8669,1519.2229,1519222.8999
1,1548.8731,1519.2291,1519229.0999
1,1548.9186,1519.2746,1519274.5999
1,1548.9304,1519.2864,1519286.3999
1,1548.9481,1519.3041,1519304.0999
1,1548.9713,1519.3273,1519327.2999
1,1549.1532,1519.5092,1519509.1999
1,1549.1742,1519.5302,1519530.1999
1,1549.1827,1519.5387,1519538.6999
1,1549.3866,1519.7426,1519742.5999
1,1549.5209,1519.8769,1519876.8999
1,1549.5678,1519.9238,1519923.7999
1,1549.6901,1520.0461,1520046.0999
1,1549.9025,1520.2585,1520258.4999
1,1549.9255,1520.2815,1520281.4999
1,1550.0350,1520.3910,1520390.9999
1,1550.1511,1520.5071,1520507.0999
1,1550.2792,1520.6352,1520635.1999
1,1550.3139,1520.6699,1520669.8999
1,1550.4417,1520.7977,1520797.6999
1,1550.4934,1520.8494,1520849.3999
1,1550.6040,1520.9600,1520959.9999
1,1550.6444,1521.0004,1521000.3999
1,1550.7813,1521.1373,1521137.2999
1,1550.8250,1521.1810,1521180.9999
1,1551.0720,1521.4280,1521427.9999
1,1551.1187,1521.4747,1521474.6999
1,1551.2225,1521.5785,1521578.4999
1,1551.2644,1521.6204,1521620.3999
1,1551.2703,1521.6263,1521626.2999
1,1551.3166,1521.6726,1521672.5999
1,1551.3580,1521.7140,1521713.9999
1,1551.3832,1521.7392,1521739.1999
1,1551.5143,1521.8703,1521870.2999
1,1551.6472,1522.0032,1522003.1999
1,1551.6805,1522.0365,1522036.4999
1,1551.8380,1522.1940,1522193.9999
1,1552.1327,1522.4887,1522488.6999
1,1552.1749,1522.5309,1522530.8999
1,1552.2922,1522.6482,1522648.1999
1,1552.4686,1522.8246,1522824.5999
1,1552.4941,1522.8501,1522850.0999
1,1552.5601,1522.9161,1522916.0999
1,1552.8208,1523.1768,1523176.7999
1,1553.0979,1523.4539,1523453.8999
1,1553.1049,1523.4609,1523460.8999
1,1553.1653,1523.5213,1523521.2999
1,1553.3453,1523.7013,1523701.2999
1,1553.3762,1523.7322,1523732.1999
1,1553.4088,1523.7648,1523764.7999
1,1553.4362,1523.7922,1523792.1999
1,1553.4559,1523.8119,1523811.8999
1,1553.4683,1523.8243,1523824.2999
1,1553.6148,1523.9708,1523970.7999
1,1553.6778,1524.0338,1524033.7999
1,1553.8349,1524.1909,1524190.8999
1,1553.8500,1524.2060,1524205.9999
1,1553.8644,1524.2204,1524220.3999
1,1553.9030,1524.2590,1524258.9999
1,1554.0703,1524.4263,1524426.2999
1,1554.2201,1524.5761,1524576.0999
1,1554.2853,1524.6413,1524641.2999
1,1554.5718,1524.9278,1524927.7999
1,1554.8408,1525.1968,1525196.7999
1,1555.0559,1525.4119,1525411.8999
1,1555.1548,1525.5108,1525510.7999
1,1555.2562,1525.6122,1525612.1999
1,1555.3009,1525.6569,1525656.8999
1,1555.3295,1525.6855,1525685.4999
1,1555.4576,1525.8136,1525813.5999
1,1555.5127,1525.8687,1525868.6999
1,1555.5570,1525.9130,1525912.9999
1,1555.5729,1525.9289,1525928.8999
1,1555.8328,1526.1888,1526188.7999
1,1555.9863,1526.3423,1526342.2999
1,1556.0462,1526.4022,1526402.1999
1,1556.0522,1526.4082,1526408.1999
1,1556.0729,1526.4289,1526428.8999
1,1556.1666,1526.5226,1526522.5999
1,1556.4419,1526.7979,1526797.8999
1,1556.4840,1526.8400,1526839.9999
1,1556.5833,1526.9393,1526939.2999
1,1556.6245,1526.9805,1526980.4999
1,1556.7612,1527.1172,1527117.1999
1,1556.8200,1527.1760,1527175.9999
1,1556.9445,1527.3005,1527300.4999
1,1557.0044,1527.3604,1527360.3999
1,1557.2644,1527.6204,1527620.3999
1,1557.4367,1527.7927,1527792.6999
1,1557.4517,1527.8077,1527807.6999
1,1557.4545,1527.8105,1527810.4999
1,1557.5029,1527.8589,1527858.8999
1,1557.7115,1528.0675,1528067.4999
1,1557.7619,1528.1179,1528117.8999
1,1557.7843,1528.1403,1528140.2999
1,1557.7987,1528.1547,1528154.6999
1,1557.8404,1528.1964,1528196.3999
1,1557.9228,1528.2788,1528278.7999
1,1558.1980,1528.5540,1528553.9999
1,1558.2327,1528.5887,1528588.6999
1,1558.3222,1528.6782,1528678.1999
1,1558.3810,1528.7370,1528736.9999
1,1558.3916,1528.7476,1528747.5999
1,1558.4216,1528.7776,1528777.5999
1,1558.4328,1528.7888,1528788.7999
1,1558.4836,1528.8396,1528839.5999
1,1558.5995,1528.9555,1528955.4999
1,1558.6271,1528.9831,1528983.0999
1,1558.6888,1529.0448,1529044.7999
1,1558.7156,1529.0716,1529071.5999
1,1558.7263,1529.0823,1529082.2999
1,1558.8290,1529.1850,1529184.9999
1,1559.0280,1529.3840,1529383.9999
1,1559.1866,1529.5426,1529542.5999
1,1559.3303,1529.6863,1529686.2999
1,1559.4471,1529.8031,1529803.0999
1,1559.4511,1529.8071,1529807.0999
1,1559.4730,1529.8290,1529828.9999
1,1559.5125,1529.8685,1529868.4999
1,1559.7312,1530.0872,1530087.1999
1,1559.8837,1530.2397,1530239.6999
1,1559.9574,1530.3134,1530313.3999
1,1560.0581,1530.4141,1530414.0999
1,1560.0729,1530.4289,1530428.8999
1,1560.1223,1530.4783,1530478.2999
1,1560.2217,1530.5777,1530577.6999
1,1560.2783,1530.6343,1530634.2999
1,1560.6131,1530.9691,1530969.0999
1,1560.6705,1531.0265,1531026.4999
1,1560.7047,1531.0607,1531060.6999
1,1560.9541,1531.3101,1531310.0999
1,1561.0675,1531.4235,1531423.4999
1,1561.1002,1531.4562,1531456.1999
1,1561.1297,1531.4857,1531485.6999
1,1561.1484,1531.5044,1531504.3999
1,1561.3568,1531.7128,1531712.7999
1,1561.3708,1531.7268,1531726.7999
1,1561.4847,1531.8407,1531840.6999
1,1561.5000,1531.8560,1531855.9999
1,1561.5052,1531.8612,1531861.1999
1,1561.5259,1531.8819,1531881.8999
1,1561.5409,1531.8969,1531896.8999
1,1561.5664,1531.9224,1531922.3999
1,1561.7691,1532.1251,1532125.0999
1,1561.9655,1532.3215,1532321.4999
1,1562.0187,1532.3747,1532374.6999
1,1562.1660,1532.5220,1532521.9999
1,1562.1847,1532.5407,1532540.6999
1,1562.3219,1532.6779,1532677.8999
1,1562.3434,1532.6994,1532699.3999
1,1562.3667,1532.7227,1532722.6999
1,1562.7002,1533.0562,1533056.1999
1,1562.7849,1533.1409,1533140.8999
1,1562.8619,1533.2179,1533217.8999
1,1562.8885,1533.2445,1533244.4999
1,1562.9116,1533.2676,1533267.5999
1,1562.9325,1533.2885,1533288.4999
1,1563.1482,1533.5042,1533504.1999
1,1563.1856,1533.5416,1533541.5999
1,1563.2576,1533.6136,1533613.5999
1,1563.4499,1533.8059,1533805.8999
1,1563.5099,1533.8659,1533865.8999
1,1563.5256,1533.8816,1533881.5999
1,1563.5423,1533.8983,1533898.2999
1,1563.6223,1533.9783,1533978.2999
1,1563.8363,1534.1923,1534192.2999
1,1563.8893,1534.2453,1534245.2999
1,1564.0175,1534.3735,1534373.4999
1,1564.0523,1534.4083,1534408.2999
1,1564.1065,1534.4625,1534462.4999
1,1564.1223,1534.4783,1534478.2999
1,1564.1970,1534.5530,1534552.9999
1,1564.3774,1534.7334,1534733.3999
1,1564.4315,1534.7875,1534787.4999
1,1564.5463,1534.9023,1534902.2999
1,1564.6236,1534.9796,1534979.5999
1,1564.7091,1535.0651,1535065.0999
1,1564.8755,1535.2315,1535231.4999
1,1564.9398,1535.2958,1535295.7999
1,1564.9505,1535.3065,1535306.4999
1,1565.1429,1535.4989,1535498.8999
1,1565.1643,1535.5203,1535520.2999
1,1565.4425,1535.7985,1535798.4999
1,1565.4983,1535.8543,1535854.2999
1,1565.5181,1535.8741,1535874.0999
1,1565.5376,1535.8936,1535893.5999
1,1565.5499,1535.9059,1535905.8999
1,1565.8724,1536.2284,1536228.3999
1,1566.0430,1536.3990,1536398.9999
1,1566.0496,1536.4056,1536405.5999
1,1566.0703,1536.4263,1536426.2999
1,1566.0833,1536.4393,1536439.2999
1,1566.1054,1536.4614,1536461.3999
1,1566.1159,1536.4719,1536471.8999
1,1566.3062,1536.6622,1536662.1999
1,1566.3235,1536.6795,1536679.4999
1,1566.6038,1536.9598,1536959.7999
1,1566.6730,1537.0290,1537028.9999
1,1566.7742,1537.1302,1537130.1999
1,1566.8072,1537.1632,1537163.1999
1,1566.8542,1537.2102,1537210.1999
1,1566.8967,1537.2527,1537252.6999
1,1567.0006,1537.3566,1537356.5999
1,1567.4064,1537.7624,1537762.3999
1,1567.4573,1537.8133,1537813.2999
1,1567.5008,1537.8568,1537856.7999
1,1567.7877,1538.1437,1538143.6999
1,1567.9172,1538.2732,1538273.1999
1,1568.0112,1538.3672,1538367.1999
1,1568.0529,1538.4089,1538408.8999
1,1568.0898,1538.4458,1538445.7999
1,1568.1077,1538.4637,1538463.6999
1,1568.3539,1538.7099,1538709.8999
1,1568.4518,1538.8078,1538807.7999
1,1568.5533,1538.9093,1538909.2999
1,1568.5922,1538.9482,1538948.1999
1,1568.6765,1539.0325,1539032.4999
1,1568.6990,1539.0550,1539054.9999
1,1568.7421,1539.0981,1539098.0999
1,1568.8749,1539.2309,1539230.8999
1,1568.9146,1539.2706,1539270.5999
1,1568.9459,1539.3019,1539301.8999
1,1569.1845,1539.5405,1539540.4999
1,1569.1864,1539.5424,1539542.3999
1,1569.2724,1539.6284,1539628.3999
1,1569.5378,1539.8938,1539893.7999
1,1569.5694,1539.9254,1539925.3999
1,1569.6053,1539.9613,1539961.2999
1,1569.7155,1540.0715,1540071.4999
1,1569.8043,1540.1603,1540160.2999
1,1569.8127,1540.1687,1540168.6999
1,1569.8293,1540.1853,1540185.2999
1,1569.8315,1540.1875,1540187.4999
1,1569.8472,1540.2032,1540203.1999
1,1569.8541,1540.2101,1540210.0999
1,1569.8746,1540.2306,1540230.5999
1,1570.0801,1540.4361,1540436.0999
1,1570.0907,1540.4467,1540446.6999
1,1570.3495,1540.7055,1540705.4999
1,1570.4447,1540.8007,1540800.6999
1,1570.4677,1540.8237,1540823.6999
1,1570.5204,1540.8764,1540876.3999
1,1570.6496,1541.0056,1541005.5999
1,1570.6884,1541.0444,1541044.3999
1,1570.8171,1541.1731,1541173.0999
1,1570.9320,1541.2880,1541287.9999
1,1571.0907,1541.4467,1541446.6999
1,1571.3001,1541.6561,1541656.0999
1,1571.4424,1541.7984,1541798.3999
1,1571.4503,1541.8063,1541806.2999
1,1571.4787,1541.8347,1541834.6999
1,1571.4976,1541.8536,1541853.5999
1,1571.5631,1541.9191,1541919.0999
1,1571.6170,1541.9730,1541972.9999
1,1571.6261,1541.9821,1541982.0999
1,1571.6612,1542.0172,1542017.1999
1,1571.7054,1542.0614,1542061.3999
1,1571.9001,1542.2561,1542256.0999
1,1572.1621,1542.5181,1542518.0999
1,1572.2350,1542.5910,1542590.9999
1,1572.2661,1542.6221,1542622.0999
1,1572.2821,1542.6381,1542638.0999
1,1572.5108,1542.8668,1542866.7999
1,1572.5468,1542.9028,1542902.7999
1,1572.9171,1543.2731,1543273.0999
1,1573.0242,1543.3802,1543380.1999
1,1573.1073,1543.4633,1543463.2999
1,1573.3353,1543.6913,1543691.2999
1,1573.4365,1543.7925,1543792.4999
1,1573.6262,1543.9822,1543982.1999
1,1573.7047,1544.0607,1544060.6999
1,1573.7654,1544.1214,1544121.3999
1,1573.8215,1544.1775,1544177.4999
1,1573.8422,1544.1982,1544198.1999
1,1573.9390,1544.2950,1544294.9999
1,1573.9682,1544.3242,1544324.1999
1,1574.0086,1544.3646,1544364.5999
1,1574.0405,1544.3965,1544396.4999
1,1574.0671,1544.4231,1544423.0999
1,1574.0925,1544.4485,1544448.4999
1,1574.2379,1544.5939,1544593.8999
1,1574.2866,1544.6426,1544642.5999
1,1574.2977,1544.6537,1544653.6999
1,1574.4828,1544.8388,1544838.7999
1,1574.5945,1544.9505,1544950.4999
1,1574.6750,1545.0310,1545030.9999
1,1574.7474,1545.1034,1545103.3999
1,1574.9924,1545.3484,1545348.3999
1,1575.1188,1545.4748,1545474.7999
1,1575.1888,1545.5448,1545544.7999
1,1575.2130,1545.5690,1545568.9999
1,1575.3155,1545.6715,1545671.4999
1,1575.3665,1545.7225,1545722.4999
1,1575.4271,1545.7831,1545783.0999
1,1575.4476,1545.8036,1545803.5999
1,1575.4712,1545.8272,1545827.1999
1,1575.6505,1546.0065,1546006.4999
1,1576.0400,1546.3960,1546395.9999
1,1576.0944,1546.4504,1546450.3999
1,1576.1830,1546.5390,1546538.9999
1,1576.3927,1546.7487,1546748.6999
1,1576.4555,1546.8115,1546811.4999
1,1576.5022,1546.8582,1546858.1999
1,1576.6499,1547.0059,1547005.8999
1,1576.7108,1547.0668,1547066.7999
1,1576.7622,1547.1182,1547118.1999
1,1576.8780,1547.2340,1547233.9999
1,1576.9014,1547.2574,1547257.3999
1,1577.0399,1547.3959,1547395.8999
1,1577.0742,1547.4302,1547430.1999
1,1577.0944,1547.4504,1547450.3999
1,1577.4125,1547.7685,1547768.4999
1,1577.5802,1547.9362,1547936.1999
1,1577.7333,1548.0893,1548089.2999
1,1577.9867,1548.3427,1548342.6999
1,1577.9942,1548.3502,1548350.1999
1,1578.0141,1548.3701,1548370.0999
1,1578.4161,1548.7721,1548772.0999
1,1578.4754,1548.8314,1548831.3999
1,1578.5241,1548.8801,1548880.0999
1,1578.6510,1549.0070,1549006.9999
1,1578.7094,1549.0654,1549065.3999
1,1578.7860,1549.1420,1549141.9999
1,1579.0188,1549.3748,1549374.7999
1,1579.0474,1549.4034,1549403.3999
1,1579.2371,1549.5931,1549593.0999
1,1579.4251,1549.7811,1549781.0999
1,1579.5248,1549.8808,1549880.7999
1,1579.5447,1549.9007,1549900.6999
1,1579.5643,1549.9203,1549920.2999
1,1579.5764,1549.9324,1549932.3999
1,1579.5903,1549.9463,1549946.2999
1,1579.6082,1549.9642,1549964.1999
1,1579.7870,1550.1430,1550142.9999
1,1579.8059,1550.1619,1550161.8999
1,1579.8670,1550.2230,1550222.9999
1,1579.9441,1550.3001,1550300.0999
1,1579.9605,1550.3165,1550316.4999
1,1580.2078,1550.5638,1550563.7999
1,1580.2798,1550.6358,1550635.7999
1,1580.5530,1550.9090,1550908.9999
1,1580.6795,1551.0355,1551035.4999
1,1580.7121,1551.0681,1551068.0999
1,1580.7281,1551.0841,1551084.0999
1,1580.8687,1551.2247,1551224.6999
1,1580.9919,1551.3479,1551347.8999
1,1581.1092,1551.4652,1551465.1999
1,1581.1572,1551.5132,1551513.1999
1,1581.1753,1551.5313,1551531.2999
1,1581.1952,1551.5512,1551551.1999
1,1581.2175,1551.5735,1551573.4999
1,1581.5615,1551.9175,1551917.4999
1,1581.6412,1551.9972,1551997.1999
1,1581.7027,1552.0587,1552058.6999
1,1581.7203,1552.0763,1552076.2999
1,1581.7566,1552.1126,1552112.5999
1,1581.9541,1552.3101,1552310.0999
1,1581.9641,1552.3201,1552320.0999
1,1581.9878,1552.3438,1552343.7999
1,1582.1181,1552.4741,1552474.0999
1,1582.1402,1552.4962,1552496.1999
1,1582.1525,1552.5085,1552508.4999
1,1582.1871,1552.5431,1552543.0999
1,1582.5348,1552.8908,1552890.7999
1,1582.5605,1552.9165,1552916.4999
1,1582.5785,1552.9345,1552934.4999
1,1582.6156,1552.9716,1552971.5999
1,1582.7922,1553.1482,1553148.1999
1,1582.8197,1553.1757,1553175.6999
1,1582.8814,1553.2374,1553237.3999
1,1582.9120,1553.2680,1553267.9999
1,1583.0087,1553.3647,1553364.6999
1,1583.0518,1553.4078,1553407.7999
1,1583.0769,1553.4329,1553432.8999
1,1583.1093,1553.4653,1553465.2999
1,1583.2058,1553.5618,1553561.7999
1,1583.4711,1553.8271,1553827.0999
1,1583.5552,1553.9112,1553911.1999
1,1583.5754,1553.9314,1553931.3999
1,1583.6075,1553.9635,1553963.4999
1,1583.6206,1553.9766,1553976.5999
1,1583.6456,1554.0016,1554001.5999
1,1583.8157,1554.1717,1554171.6999
1,1583.8281,1554.1841,1554184.0999
1,1584.0307,1554.3867,1554386.6999
1,1584.0837,1554.4397,1554439.6999
1,1584.1925,1554.5485,1554548.4999
1,1584.3370,1554.6930,1554692.9999
1,1584.3891,1554.7451,1554745.0999
1,1584.4011,1554.7571,1554757.0999
1,1584.4274,1554.7834,1554783.3999
1,1584.5675,1554.9235,1554923.4999
1,1584.6102,1554.9662,1554966.1999
1,1584.6503,1555.0063,1555006.2999
1,1584.9007,1555.2567,1555256.6999
1,1584.9099,1555.2659,1555265.8999
1,1584.9733,1555.3293,1555329.2999
1,1585.0251,1555.3811,1555381.0999
1,1585.1935,1555.5495,1555549.4999
1,1585.3062,1555.6622,1555662.1999
1,1585.3473,1555.7033,1555703.2999
1,1585.5029,1555.8589,1555858.8999
1,1585.6543,1556.0103,1556010.2999
1,1585.6761,1556.0321,1556032.0999
1,1585.7111,1556.0671,1556067.0999
1,1585.7267,1556.0827,1556082.6999
1,1585.9135,1556.2695,1556269.4999
1,1586.1525,1556.5085,1556508.4999
1,1586.3168,1556.6728,1556672.7999
1,1586.3350,1556.6910,1556690.9999
1,1586.4186,1556.7746,1556774.5999
1,1586.4662,1556.8222,1556822.1999
1,1586.6056,1556.9616,1556961.5999
1,1586.7461,1557.1021,1557102.0999
1,1586.8270,1557.1830,1557182.9999
1,1586.8556,1557.2116,1557211.5999
1,1586.8883,1557.2443,1557244.2999
1,1586.9648,1557.3208,1557320.7999
1,1587.0003,1557.3563,1557356.2999
1,1587.0100,1557.3660,1557365.9999
1,1587.0341,1557.3901,1557390.0999
1,1587.0522,1557.4082,1557408.1999
1,1587.0870,1557.4430,1557442.9999
1,1587.1080,1557.4640,1557463.9999
1,1587.3095,1557.6655,1557665.4999
1,1587.4908,1557.8468,1557846.7999
1,1587.6304,1557.9864,1557986.3999
1,1587.6820,1558.0380,1558037.9999
1,1587.9350,1558.2910,1558290.9999
1,1588.0123,1558.3683,1558368.2999
1,1588.4616,1558.8176,1558817.5999
1,1588.6004,1558.9564,1558956.3999
1,1588.6613,1559.0173,1559017.2999
1,1588.6832,1559.0392,1559039.1999
1,1588.7157,1559.0717,1559071.6999
1,1588.7504,1559.1064,1559106.3999
1,1588.7843,1559.1403,1559140.2999
1,1588.9299,1559.2859,1559285.8999
1,1589.0102,1559.3662,1559366.1999
1,1589.0390,1559.3950,1559394.9999
1,1589.0680,1559.4240,1559423.9999
1,1589.2655,1559.6215,1559621.4999
1,1589.3080,1559.6640,1559663.9999
1,1589.3671,1559.7231,1559723.0999
1,1589.4729,1559.8289,1559828.8999
1,1589.7810,1560.1370,1560136.9999
1,1589.9236,1560.2796,1560279.5999
1,1590.0572,1560.4132,1560413.1999
1,1590.1637,1560.5197,1560519.6999
1,1590.2211,1560.5771,1560577.0999
1,1590.6153,1560.9713,1560971.2999
1,1590.7074,1561.0634,1561063.3999
1,1590.7532,1561.1092,1561109.1999
1,1590.7741,1561.1301,1561130.0999
1,1590.8851,1561.2411,1561241.0999
1,1590.8974,1561.2534,1561253.3999
1,1590.9155,1561.2715,1561271.4999
1,1590.9428,1561.2988,1561298.7999
1,1591.1849,1561.5409,1561540.8999
1,1591.2566,1561.6126,1561612.5999
1,1591.3453,1561.7013,1561701.2999
1,1591.5352,1561.8912,1561891.1999
1,1591.5736,1561.9296,1561929.5999
1,1591.7211,1562.0771,1562077.0999
1,1591.8410,1562.1970,1562196.9999
1,1592.1183,1562.4743,1562474.2999
1,1592.1840,1562.5400,1562539.9999
1,1592.4886,1562.8446,1562844.5999
1,1592.5088,1562.8648,1562864.7999
1,1592.5210,1562.8770,1562876.9999
1,1592.7135,1563.0695,1563069.4999
1,1592.7240,1563.0800,1563079.9999
1,1592.7380,1563.0940,1563093.9999
1,1592.7635,1563.1195,1563119.4999
1,1592.7724,1563.1284,1563128.3999
1,1592.7926,1563.1486,1563148.5999
1,1593.0366,1563.3926,1563392.5999
1,1593.0625,1563.4185,1563418.4999
1,1593.1659,1563.5219,1563521.8999
1,1593.2076,1563.5636,1563563.5999
1,1593.3059,1563.6619,1563661.8999
1,1593.3688,1563.7248,1563724.7999
1,1593.4039,1563.7599,1563759.8999
1,1593.5233,1563.8793,1563879.2999
1,1594.0107,1564.3667,1564366.6999
1,1594.1178,1564.4738,1564473.7999
1,1594.1911,1564.5471,1564547.0999
1,1594.2270,1564.5830,1564582.9999
1,1594.3253,1564.6813,1564681.2999
1,1594.3575,1564.7135,1564713.4999
1,1594.3717,1564.7277,1564727.6999
1,1594.3789,1564.7349,1564734.8999
1,1594.3946,1564.7506,1564750.5999
1,1594.4092,1564.7652,1564765.1999
1,1594.4200,1564.7760,1564775.9999
1,1594.8033,1565.1593,1565159.2999
1,1594.8440,1565.2000,1565199.9999
1,1594.9518,1565.3078,1565307.7999
1,1595.0348,1565.3908,1565390.7999
1,1595.1207,1565.4767,1565476.6999
1,1595.2977,1565.6537,1565653.6999
1,1595.3399,1565.6959,1565695.8999
1,1595.4610,1565.8170,1565816.9999
1,1595.5040,1565.8600,1565859.9999
1,1595.5352,1565.8912,1565891.1999
1,1595.5973,1565.9533,1565953.2999
1,1595.7769,1566.1329,1566132.8999
1,1595.9376,1566.2936,1566293.5999
1,1595.9731,1566.3291,1566329.0999
1,1595.9938,1566.3498,1566349.7999
1,1596.0774,1566.4334,1566433.3999
1,1596.0867,1566.4427,1566442.6999
1,1596.0970,1566.4530,1566452.9999
1,1596.2047,1566.5607,1566560.6999
1,1596.3062,1566.6622,1566662.1999
1,1596.3791,1566.7351,1566735.0999
1,1596.4213,1566.7773,1566777.2999
1,1596.4491,1566.8051,1566805.0999
1,1596.4631,1566.8191,1566819.0999
1,1596.4773,1566.8333,1566833.2999
1,1596.5243,1566.8803,1566880.2999
1,1596.5318,1566.8878,1566887.7999
1,1596.5519,1566.9079,1566907.8999
1,1596.8988,1567.2548,1567254.7999
1,1597.0305,1567.3865,1567386.4999
1,1597.0605,1567.4165,1567416.4999
1,1597.0798,1567.4358,1567435.7999
1,1597.2377,1567.5937,1567593.6999
1,1597.2675,1567.6235,1567623.4999
1,1597.3218,1567.6778,1567677.7999
1,1597.4709,1567.8269,1567826.8999
1,1597.4973,1567.8533,1567853.2999
1,1597.5950,1567.9510,1567950.9999
1,1597.6185,1567.9745,1567974.4999
1,1597.6402,1567.9962,1567996.1999
1,1597.7197,1568.0757,1568075.6999
1,1597.7835,1568.1395,1568139.4999
1,1597.8464,1568.2024,1568202.3999
1,1598.0391,1568.3951,1568395.0999
1,1598.0681,1568.4241,1568424.0999
1,1598.0918,1568.4478,1568447.7999
1,1598.1200,1568.4760,1568475.9999
1,1598.1688,1568.5248,1568524.7999
1,1598.1935,1568.5495,1568549.4999
1,1598.2366,1568.5926,1568592.5999
1,1598.2525,1568.6085,1568608.4999
1,1598.2806,1568.6366,1568636.5999
1,1598.3895,1568.7455,1568745.4999
1,1598.4073,1568.7633,1568763.2999
1,1598.4165,1568.7725,1568772.4999
1,1598.4190,1568.7750,1568774.9999
1,1598.4732,1568.8292,1568829.1999
1,1598.4904,1568.8464,1568846.3999
1,1598.5025,1568.8585,1568858.4999
1,1598.6110,1568.9670,1568966.9999
1,1598.7555,1569.1115,1569111.4999
1,1598.8415,1569.1975,1569197.4999
1,1598.8528,1569.2088,1569208.7999
1,1598.9196,1569.2756,1569275.5999
1,1598.9560,1569.3120,1569311.9999
1,1599.0711,1569.4271,1569427.0999
1,1599.1689,1569.5249,1569524.8999
1,1599.2141,1569.5701,1569570.0999
1,1599.3008,1569.6568,1569656.7999
1,1599.3360,1569.6920,1569691.9999
1,1599.3526,1569.7086,1569708.5999
1,1599.3649,1569.7209,1569720.8999
1,1599.3879,1569.7439,1569743.8999
1,1599.4302,1569.7862,1569786.1999
1,1599.6016,1569.9576,1569957.5999
1,1599.6381,1569.9941,1569994.0999
1,1599.7813,1570.1373,1570137.2999
1,1599.8269,1570.1829,1570182.8999
1,1599.8608,1570.2168,1570216.7999
1,1599.8945,1570.2505,1570250.4999
1,1599.9313,1570.2873,1570287.2999
1,1600.1498,1570.5058,1570505.7999
1,1600.1844,1570.5404,1570540.3999
1,1600.2194,1570.5754,1570575.3999
1,1600.3316,1570.6876,1570687.5999
1,1600.3411,1570.6971,1570697.0999
1,1600.3490,1570.7050,1570704.9999
1,1600.3598,1570.7158,1570715.7999
1,1600.3768,1570.7328,1570732.7999
1,1600.5765,1570.9325,1570932.4999
1,1600.6541,1571.0101,1571010.0999
1,1600.7073,1571.0633,1571063.2999
1,1600.7526,1571.1086,1571108.5999
1,1600.7952,1571.1512,1571151.1999
1,1600.8355,1571.1915,1571191.4999
1,1600.8468,1571.2028,1571202.7999
1,1600.9066,1571.2626,1571262.5999
1,1600.9314,1571.2874,1571287.3999
1,1600.9854,1571.3414,1571341.3999
1,1601.0472,1571.4032,1571403.1999
1,1601.0620,1571.4180,1571417.9999
1,1601.1035,1571.4595,1571459.4999
1,1601.3175,1571.6735,1571673.4999
1,1601.3579,1571.7139,1571713.8999
1,1601.3702,1571.7262,1571726.1999
1,1601.4087,1571.7647,1571764.6999
1,1601.4347,1571.7907,1571790.6999
1,1601.4500,1571.8060,1571805.9999
1,1601.6184,1571.9744,1571974.3999
1,1601.6418,1571.9978,1571997.7999
1,1601.8033,1572.1593,1572159.2999
1,1601.8116,1572.1676,1572167.5999
1,1601.8310,1572.1870,1572186.9999
1,1602.0375,1572.3935,1572393.4999
1,1602.2447,1572.6007,1572600.6999
1,1602.4131,1572.7691,1572769.0999
1,1602.4541,1572.8101,1572810.0999
1,1602.4662,1572.8222,1572822.1999
1,1602.6582,1573.0142,1573014.1999
1,1602.6643,1573.0203,1573020.2999
1,1602.6715,1573.0275,1573027.4999
1,1602.6739,1573.0299,1573029.8999
1,1602.9529,1573.3089,1573308.8999
1,1603.0625,1573.4185,1573418.4999
1,1603.0937,1573.4497,1573449.6999
1,1603.1086,1573.4646,1573464.5999
1,1603.2697,1573.6257,1573625.6999
1,1603.4654,1573.8214,1573821.3999
1,1603.5773,1573.9333,1573933.2999
1,1603.5962,1573.9522,1573952.1999
1,1603.6359,1573.9919,1573991.8999
1,1603.7965,1574.1525,1574152.4999
1,1603.8183,1574.1743,1574174.2999
1,1604.1443,1574.5003,1574500.2999
1,1604.1786,1574.5346,1574534.5999
1,1604.3181,1574.6741,1574674.0999
1,1604.3273,1574.6833,1574683.2999
1,1604.3339,1574.6899,1574689.8999
1,1604.3490,1574.7050,1574704.9999
1,1604.3593,1574.7153,1574715.2999
1,1604.3759,1574.7319,1574731.8999
1,1604.5504,1574.9064,1574906.3999
1,1604.5689,1574.9249,1574924.8999
1,1604.7217,1575.0777,1575077.6999
1,1604.7364,1575.0924,1575092.3999
1,1604.9078,1575.2638,1575263.7999
1,1604.9450,1575.3010,1575300.9999
1,1605.0487,1575.4047,1575404.6999
1,1605.0938,1575.4498,1575449.7999
1,1605.2430,1575.5990,1575598.9999
1,1605.5264,1575.8824,1575882.3999
1,1605.5933,1575.9493,1575949.2999
1,1605.6264,1575.9824,1575982.3999
1,1605.6635,1576.0195,1576019.4999
1,1605.6970,1576.0530,1576052.9999
1,1605.7320,1576.0880,1576087.9999
1,1605.8599,1576.2159,1576215.8999
1,1605.8961,1576.2521,1576252.0999
1,1605.9147,1576.2707,1576270.6999
1,1605.9368,1576.2928,1576292.7999
1,1605.9534,1576.3094,1576309.3999
1,1606.1919,1576.5479,1576547.8999
1,1606.2743,1576.6303,1576630.2999
1,1606.3960,1576.7520,1576751.9999
1,1606.4224,1576.7784,1576778.3999
1,1606.4363,1576.7923,1576792.2999
1,1606.6725,1577.0285,1577028.4999
1,1606.6743,1577.0303,1577030.2999
1,1606.8658,1577.2218,1577221.7999
1,1606.9782,1577.3342,1577334.1999
1,1607.1220,1577.4780,1577477.9999
1,1607.2839,1577.6399,1577639.8999
1,1607.3749,1577.7309,1577730.8999
1,1607.4161,1577.7721,1577772.0999
1,1607.4594,1577.8154,1577815.3999
1,1607.5361,1577.8921,1577892.0999
1,1607.5603,1577.9163,1577916.2999
1,1607.5952,1577.9512,1577951.1999
1,1607.7971,1578.1531,1578153.0999
1,1607.8277,1578.1837,1578183.6999
1,1608.0005,1578.3565,1578356.4999
1,1608.0311,1578.3871,1578387.0999
1,1608.0759,1578.4319,1578431.8999
1,1608.1411,1578.4971,1578497.0999
1,1608.1529,1578.5089,1578508.8999
1,1608.1716,1578.5276,1578527.5999
1,1608.2107,1578.5667,1578566.6999
1,1608.3255,1578.6815,1578681.4999
1,1608.3544,1578.7104,1578710.3999
1,1608.3653,1578.7213,1578721.2999
1,1608.4016,1578.7576,1578757.5999
1,1608.4069,1578.7629,1578762.8999
1,1608.5024,1578.8584,1578858.3999
1,1608.5953,1578.9513,1578951.2999
1,1608.8906,1579.2466,1579246.5999
1,1608.9639,1579.3199,1579319.8999
1,1609.0207,1579.3767,1579376.6999
1,1609.0685,1579.4245,1579424.4999
1,1609.0967,1579.4527,1579452.6999
1,1609.2117,1579.5677,1579567.6999
1,1609.3948,1579.7508,1579750.7999
1,1609.5830,1579.9390,1579938.9999
1,1609.5884,1579.9444,1579944.3999
1,1609.6319,1579.9879,1579987.8999
1,1609.7316,1580.0876,1580087.5999
1,1609.8026,1580.1586,1580158.5999
1,1609.8198,1580.1758,1580175.7999
1,1609.8493,1580.2053,1580205.2999
1,1609.8736,1580.2296,1580229.5999
1,1609.9254,1580.2814,1580281.3999
1,1609.9452,1580.3012,1580301.1999
1,1609.9529,1580.3089,1580308.8999
1,1609.9745,1580.3305,1580330.4999
1,1609.9850,1580.3410,1580340.9999
1,1610.0078,1580.3638,1580363.7999
1,1610.0150,1580.3710,1580370.9999
1,1610.0282,1580.3842,1580384.1999
1,1610.0409,1580.3969,1580396.8999
1,1610.0461,1580.4021,1580402.0999
1,1610.1311,1580.4871,1580487.0999
1,1610.2792,1580.6352,1580635.1999
1,1610.3012,1580.6572,1580657.1999
1,1610.3395,1580.6955,1580695.4999
1,1610.4260,1580.7820,1580781.9999
1,1610.5898,1580.9458,1580945.7999
1,1610.6619,1581.0179,1581017.8999
1,1610.9070,1581.2630,1581262.9999
1,1610.9424,1581.2984,1581298.3999
1,1610.9611,1581.3171,1581317.0999
1,1610.9744,1581.3304,1581330.3999
1,1610.9846,1581.3406,1581340.5999
1,1611.1942,1581.5502,1581550.1999
1,1611.2110,1581.5670,1581566.9999
1,1611.3483,1581.7043,1581704.2999
1,1611.3744,1581.7304,1581730.3999
1,1611.5042,1581.8602,1581860.1999
1,1611.6530,1582.0090,1582008.9999
1,1611.7025,1582.0585,1582058.4999
1,1611.7380,1582.0940,1582093.9999
1,1611.9438,1582.2998,1582299.7999
1,1612.0573,1582.4133,1582413.2999
1,1612.0815,1582.4375,1582437.4999
1,1612.1240,1582.4800,1582479.9999
1,1612.2012,1582.5572,1582557.1999
1,1612.2518,1582.6078,1582607.7999
1,1612.3136,1582.6696,1582669.5999
1,1612.3832,1582.7392,1582739.1999
1,1612.4939,1582.8499,1582849.8999
1,1612.5684,1582.9244,1582924.3999
1,1612.7074,1583.0634,1583063.3999
1,1612.8304,1583.1864,1583186.3999
1,1612.8444,1583.2004,1583200.3999
1,1612.8613,1583.2173,1583217.2999
1,1613.0232,1583.3792,1583379.1999
1,1613.0439,1583.3999,1583399.8999
1,1613.0674,1583.4234,1583423.3999
1,1613.1279,1583.4839,1583483.8999
1,1613.2256,1583.5816,1583581.5999
1,1613.3143,1583.6703,1583670.2999
1,1613.4373,1583.7933,1583793.2999
1,1613.5609,1583.9169,1583916.8999
1,1613.6316,1583.9876,1583987.5999
1,1613.7117,1584.0677,1584067.6999
1,1613.7500,1584.1060,1584105.9999
1,1613.8132,1584.1692,1584169.1999
1,1613.9553,1584.3113,1584311.2999
1,1614.2058,1584.5618,1584561.7999
1,1614.2837,1584.6397,1584639.6999
1,1614.4065,1584.7625,1584762.4999
1,1614.5102,1584.8662,1584866.1999
1,1614.5856,1584.9416,1584941.5999
1,1614.6374,1584.9934,1584993.3999
1,1614.6419,1584.9979,1584997.8999
1,1614.8501,1585.2061,1585206.0999
1,1614.9652,1585.3212,1585321.1999
1,1614.9885,1585.3445,1585344.4999
1,1615.0120,1585.3680,1585367.9999
1,1615.0834,1585.4394,1585439.3999
1,1615.1047,1585.4607,1585460.6999
1,1615.1750,1585.5310,1585530.9999
1,1615.1838,1585.5398,1585539.7999
1,1615.2703,1585.6263,1585626.2999
1,1615.3091,1585.6651,1585665.0999
1,1615.3589,1585.7149,1585714.8999
1,1615.5334,1585.8894,1585889.3999
1,1615.5551,1585.9111,1585911.0999
1,1615.6337,1585.9897,1585989.6999
1,1615.6774,1586.0334,1586033.3999
1,1615.8431,1586.1991,1586199.0999
1,1615.9371,1586.2931,1586293.0999
1,1615.9844,1586.3404,1586340.3999
1,1616.0365,1586.3925,1586392.4999
1,1616.1559,1586.5119,1586511.8999
1,1616.1876,1586.5436,1586543.5999
1,1616.2513,1586.6073,1586607.2999
1,1616.3823,1586.7383,1586738.2999
1,1616.4640,1586.8200,1586819.9999
1,1616.5476,1586.9036,1586903.5999
1,1616.6929,1587.0489,1587048.8999
1,1616.7757,1587.1317,1587131.6999
1,1616.7845,1587.1405,1587140.4999
1,1616.8027,1587.1587,1587158.6999
1,1616.9563,1587.3123,1587312.2999
1,1617.1012,1587.4572,1587457.1999
1,1617.2395,1587.5955,1587595.4999
1,1617.3679,1587.7239,1587723.8999
1,1617.5059,1587.8619,1587861.8999
1,1617.5420,1587.8980,1587897.9999
1,1617.6097,1587.9657,1587965.6999
1,1617.8818,1588.2378,1588237.7999
1,1617.9305,1588.2865,1588286.4999
1,1617.9556,1588.3116,1588311.5999
1,1618.0077,1588.3637,1588363.6999
1,1618.2737,1588.6297,1588629.6999
1,1618.4082,1588.7642,1588764.1999
1,1618.6855,1589.0415,1589041.4999
1,1618.8288,1589.1848,1589184.7999
1,1618.8998,1589.2558,1589255.7999
1,1619.0100,1589.3660,1589365.9999
1,1619.0846,1589.4406,1589440.5999
1,1619.1317,1589.4877,1589487.6999
1,1619.3250,1589.6810,1589680.9999
1,1619.5433,1589.8993,1589899.2999
1,1619.8052,1590.1612,1590161.1999
1,1619.8106,1590.1666,1590166.5999
1,1619.8528,1590.2088,1590208.7999
1,1619.8766,1590.2326,1590232.5999
1,1619.9834,1590.3394,1590339.3999
1,1620.0011,1590.3571,1590357.0999
1,1620.0249,1590.3809,1590380.8999
1,1620.1616,1590.5176,1590517.5999
1,1620.2226,1590.5786,1590578.5999
1,1620.2545,1590.6105,1590610.4999
1,1620.2880,1590.6440,1590643.9999
1,1620.3063,1590.6623,1590662.2999
1,1620.3300,1590.6860,1590685.9999
1,1620.3349,1590.6909,1590690.8999
1,1620.3523,1590.7083,1590708.2999
1,1620.3791,1590.7351,1590735.0999
1,1620.6276,1590.9836,1590983.5999
1,1620.6877,1591.0437,1591043.6999
1,1620.7429,1591.0989,1591098.8999
1,1620.9362,1591.2922,1591292.1999
1,1620.9563,1591.3123,1591312.2999
1,1620.9701,1591.3261,1591326.0999
1,1621.1555,1591.5115,1591511.4999
1,1621.1873,1591.5433,1591543.2999
1,1621.2215,1591.5775,1591577.4999
1,1621.3079,1591.6639,1591663.8999
1,1621.3174,1591.6734,1591673.3999
1,1621.3337,1591.6897,1591689.6999
1,1621.3410,1591.6970,1591696.9999
1,1621.3691,1591.7251,1591725.0999
1,1621.3875,1591.7435,1591743.4999
1,1621.5614,1591.9174,1591917.3999
1,1621.5961,1591.9521,1591952.0999
1,1621.6167,1591.9727,1591972.6999
1,1621.7540,1592.1100,1592109.9999
1,1621.7662,1592.1222,1592122.1999
1,1621.9262,1592.2822,1592282.1999
1,1622.0436,1592.3996,1592399.5999
1,1622.0847,1592.4407,1592440.6999
1,1622.1239,1592.4799,1592479.8999
1,1622.1753,1592.5313,1592531.2999
1,1622.2665,1592.6225,1592622.4999
1,1622.3125,1592.6685,1592668.4999
1,1622.4370,1592.7930,1592792.9999
1,1622.4748,1592.8308,1592830.7999
1,1622.6953,1593.0513,1593051.2999
1,1622.7356,1593.0916,1593091.5999
1,1622.7952,1593.1512,1593151.1999
1,1622.8292,1593.1852,1593185.1999
1,1622.8699,1593.2259,1593225.8999
1,1622.9153,1593.2713,1593271.2999
1,1623.0258,1593.3818,1593381.7999
1,1623.0370,1593.3930,1593392.9999
1,1623.0473,1593.4033,1593403.2999
1,1623.2470,1593.6030,1593602.9999
1,1623.2769,1593.6329,1593632.8999
1,1623.3700,1593.7260,1593725.9999
1,1623.5050,1593.8610,1593860.9999
1,1623.5976,1593.9536,1593953.5999
1,1623.6261,1593.9821,1593982.0999
1,1623.6690,1594.0250,1594024.9999
1,1623.8293,1594.1853,1594185.2999
1,1623.8597,1594.2157,1594215.6999
1,1624.0093,1594.3653,1594365.2999
1,1624.0626,1594.4186,1594418.5999
1,1624.0736,1594.4296,1594429.5999
1,1624.2031,1594.5591,1594559.0999
1,1624.4144,1594.7704,1594770.3999
1,1624.4938,1594.8498,1594849.7999
1,1624.5928,1594.9488,1594948.7999
1,1624.6472,1595.0032,1595003.1999
1,1624.7205,1595.0765,1595076.4999
1,1624.8459,1595.2019,1595201.8999
1,1624.8563,1595.2123,1595212.2999
1,1624.8668,1595.2228,1595222.7999
1,1624.8740,1595.2300,1595229.9999
1,1624.9195,1595.2755,1595275.4999
1,1625.1011,1595.4571,1595457.0999
1,1625.1199,1595.4759,1595475.8999
1,1625.1707,1595.5267,1595526.6999
1,1625.2574,1595.6134,1595613.3999
1,1625.3150,1595.6710,1595670.9999
1,1625.3596,1595.7156,1595715.5999
1,1625.4698,1595.8258,1595825.7999
1,1625.4763,1595.8323,1595832.2999
1,1625.4913,1595.8473,1595847.2999
1,1625.5028,1595.8588,1595858.7999
1,1625.5201,1595.8761,1595876.0999
1,1625.5425,1595.8985,1595898.4999
1,1625.7772,1596.1332,1596133.1999
1,1625.8477,1596.2037,1596203.6999
1,1625.8747,1596.2307,1596230.6999
1,1626.0133,1596.3693,1596369.2999
1,1626.0179,1596.3739,1596373.8999
1,1626.0635,1596.4195,1596419.4999
1,1626.3693,1596.7253,1596725.2999
1,1626.5063,1596.8623,1596862.2999
1,1626.6165,1596.9725,1596972.4999
1,1626.7224,1597.0784,1597078.3999
1,1626.7856,1597.1416,1597141.5999
1,1626.8103,1597.1663,1597166.2999
1,1626.8853,1597.2413,1597241.2999
1,1626.9120,1597.2680,1597267.9999
1,1627.1082,1597.4642,1597464.1999
1,1627.1239,1597.4799,1597479.8999
1,1627.1503,1597.5063,1597506.2999
1,1627.2642,1597.6202,1597620.1999
1,1627.4103,1597.7663,1597766.2999
1,1627.4740,1597.8300,1597829.9999
1,1627.6115,1597.9675,1597967.4999
1,1627.6318,1597.9878,1597987.7999
1,1627.6467,1598.0027,1598002.6999
1,1627.8361,1598.1921,1598192.0999
1,1627.8804,1598.2364,1598236.3999
1,1627.9800,1598.3360,1598335.9999
1,1627.9945,1598.3505,1598350.4999
1,1628.0591,1598.4151,1598415.0999
1,1628.2182,1598.5742,1598574.1999
1,1628.3091,1598.6651,1598665.0999
1,1628.4317,1598.7877,1598787.6999
1,1628.4995,1598.8555,1598855.4999
1,1628.6706,1599.0266,1599026.5999
1,1628.7356,1599.0916,1599091.5999
1,1628.7884,1599.1444,1599144.3999
1,1628.9395,1599.2955,1599295.4999
1,1628.9818,1599.3378,1599337.7999
1,1629.0141,1599.3701,1599370.0999
1,1629.0684,1599.4244,1599424.3999
1,1629.1474,1599.5034,1599503.3999
1,1629.2977,1599.6537,1599653.6999
1,1629.4312,1599.7872,1599787.1999
1,1629.4618,1599.8178,1599817.7999
1,1629.5269,1599.8829,1599882.8999
1,1629.5907,1599.9467,1599946.6999
1,1629.6406,1599.9966,1599996.5999
1,1629.6521,1600.0081,1600008.0999
1,1630.1487,1600.5047,1600504.6999
1,1630.2573,1600.6133,1600613.2999
1,1630.5356,1600.8916,1600891.5999
1,1630.5820,1600.9380,1600937.9999
1,1630.6529,1601.0089,1601008.8999
1,1630.6983,1601.0543,1601054.2999
1,1630.8053,1601.1613,1601161.2999
1,1630.8440,1601.2000,1601199.9999
1,1630.8787,1601.2347,1601234.6999
1,1630.9328,1601.2888,1601288.7999
1,1630.9478,1601.3038,1601303.7999
1,1631.2615,1601.6175,1601617.4999
1,1631.2767,1601.6327,1601632.6999
1,1631.3199,1601.6759,1601675.8999
1,1631.4461,1601.8021,1601802.0999
1,1631.5082,1601.8642,1601864.1999
1,1631.7062,1602.0622,1602062.1999
1,1631.8780,1602.2340,1602233.9999
1,1631.8998,1602.2558,1602255.7999
1,1632.0318,1602.3878,1602387.7999
1,1632.0616,1602.4176,1602417.5999
1,1632.0852,1602.4412,1602441.1999
1,1632.1068,1602.4628,1602462.7999
1,1632.1265,1602.4825,1602482.4999
1,1632.1407,1602.4967,1602496.6999
1,1632.1514,1602.5074,1602507.3999
1,1632.1664,1602.5224,1602522.3999
1,1632.1783,1602.5343,1602534.2999
1,1632.3580,1602.7140,1602713.9999
1,1632.4058,1602.7618,1602761.7999
1,1632.5631,1602.9191,1602919.0999
1,1632.6327,1602.9887,1602988.6999
1,1632.6560,1603.0120,1603011.9999
1,1632.6806,1603.0366,1603036.5999
1,1632.7133,1603.0693,1603069.2999
1,1632.7958,1603.1518,1603151.7999
1,1632.8337,1603.1897,1603189.6999
1,1632.9593,1603.3153,1603315.2999
1,1632.9935,1603.3495,1603349.4999
1,1633.0273,1603.3833,1603383.2999
1,1633.3423,1603.6983,1603698.2999
1,1633.5752,1603.9312,1603931.1999
1,1633.7458,1604.1018,1604101.7999
1,1633.7797,1604.1357,1604135.6999
1,1633.9042,1604.2602,1604260.1999
1,1633.9501,1604.3061,1604306.0999
1,1633.9624,1604.3184,1604318.3999
1,1633.9703,1604.3263,1604326.2999
1,1634.0848,1604.4408,1604440.7999
1,1634.1152,1604.4712,1604471.1999
1,1634.1507,1604.5067,1604506.6999
1,1634.2054,1604.5614,1604561.3999
1,1634.2640,1604.6200,1604619.9999
1,1634.2825,1604.6385,1604638.4999
1,1634.3026,1604.6586,1604658.5999
1,1634.3244,1604.6804,1604680.3999
1,1634.3973,1604.7533,1604753.2999
1,1634.4266,1604.7826,1604782.5999
1,1634.6179,1604.9739,1604973.8999
1,1634.6481,1605.0041,1605004.0999
1,1634.7534,1605.1094,1605109.3999
1,1634.7881,1605.1441,1605144.0999
1,1635.0523,1605.4083,1605408.2999
1,1635.1737,1605.5297,1605529.6999
1,1635.2062,1605.5622,1605562.1999
1,1635.2317,1605.5877,1605587.6999
1,1635.2565,1605.6125,1605612.4999
1,1635.2684,1605.6244,1605624.3999
1,1635.3454,1605.7014,1605701.3999
1,1635.5590,1605.9150,1605914.9999
1,1635.6492,1606.0052,1606005.1999
1,1635.6817,1606.0377,1606037.6999
1,1635.7193,1606.0753,1606075.2999
1,1635.7871,1606.1431,1606143.0999
1,1635.8057,1606.1617,1606161.6999
1,1635.8150,1606.1710,1606170.9999
1,1635.8277,1606.1837,1606183.6999
1,1635.8613,1606.2173,1606217.2999
1,1635.9243,1606.2803,1606280.2999
1,1635.9710,1606.3270,1606326.9999
1,1636.1635,1606.5195,1606519.4999
1,1636.1812,1606.5372,1606537.1999
1,1636.4775,1606.8335,1606833.4999
1,1636.5472,1606.9032,1606903.1999
1,1636.6027,1606.9587,1606958.6999
1,1636.6921,1607.0481,1607048.0999
1,1636.7323,1607.0883,1607088.2999
1,1636.7944,1607.1504,1607150.3999
1,1636.8158,1607.1718,1607171.7999
1,1636.8640,1607.2200,1607219.9999
1,1636.9655,1607.3215,1607321.4999
1,1637.0371,1607.3931,1607393.0999
1,1637.0612,1607.4172,1607417.1999
1,1637.0729,1607.4289,1607428.8999
1,1637.1790,1607.5350,1607534.9999
1,1637.2450,1607.6010,1607600.9999
1,1637.2961,1607.6521,1607652.0999
1,1637.3776,1607.7336,1607733.5999
1,1637.4070,1607.7630,1607762.9999
1,1637.4242,1607.7802,1607780.1999
1,1637.4891,1607.8451,1607845.0999
1,1637.7817,1608.1377,1608137.6999
1,1637.9958,1608.3518,1608351.7999
1,1638.0214,1608.3774,1608377.3999
1,1638.0688,1608.4248,1608424.7999
1,1638.2424,1608.5984,1608598.3999
1,1638.2781,1608.6341,1608634.0999
1,1638.3641,1608.7201,1608720.0999
1,1638.5332,1608.8892,1608889.1999
1,1638.5657,1608.9217,1608921.6999
1,1638.5991,1608.9551,1608955.0999
1,1638.6387,1608.9947,1608994.6999
1,1638.8193,1609.1753,1609175.2999
1,1638.8533,1609.2093,1609209.2999
1,1639.0389,1609.3949,1609394.8999
1,1639.1213,1609.4773,1609477.2999
1,1639.2253,1609.5813,1609581.2999
1,1639.3263,1609.6823,1609682.2999
1,1639.3623,1609.7183,1609718.2999
1,1639.4842,1609.8402,1609840.1999
1,1639.6452,1610.0012,1610001.1999
1,1639.6491,1610.0051,1610005.0999
1,1639.6902,1610.0462,1610046.1999
1,1639.8688,1610.2248,1610224.7999
1,1639.8963,1610.2523,1610252.2999
1,1639.9477,1610.3037,1610303.6999
1,1640.0862,1610.4422,1610442.1999
1,1640.3440,1610.7000,1610699.9999
1,1640.5094,1610.8654,1610865.3999
1,1640.5679,1610.9239,1610923.8999
1,1640.6106,1610.9666,1610966.5999
1,1640.8317,1611.1877,1611187.6999
1,1640.8800,1611.2360,1611235.9999
1,1641.1119,1611.4679,1611467.8999
1,1641.1884,1611.5444,1611544.3999
1,1641.3088,1611.6648,1611664.7999
1,1641.4822,1611.8382,1611838.1999
1,1641.5639,1611.9199,1611919.8999
1,1641.5784,1611.9344,1611934.3999
1,1641.5955,1611.9515,1611951.4999
1,1641.6168,1611.9728,1611972.7999
1,1641.7383,1612.0943,1612094.2999
1,1641.8267,1612.1827,1612182.6999
1,1641.8335,1612.1895,1612189.4999
1,1641.8487,1612.2047,1612204.6999
1,1641.8696,1612.2256,1612225.5999
1,1641.9174,1612.2734,1612273.3999
1,1641.9443,1612.3003,1612300.2999
1,1642.0512,1612.4072,1612407.1999
1,1642.1185,1612.4745,1612474.4999
1,1642.2202,1612.5762,1612576.1999
1,1642.2450,1612.6010,1612600.9999
1,1642.3787,1612.7347,1612734.6999
1,1642.5902,1612.9462,1612946.1999
1,1642.6560,1613.0120,1613011.9999
1,1642.8039,1613.1599,1613159.8999
1,1643.0265,1613.3825,1613382.4999
1,1643.2277,1613.5837,1613583.6999
1,1643.2422,1613.5982,1613598.1999
1,1643.3927,1613.7487,1613748.6999
1,1643.4535,1613.8095,1613809.4999
1,1643.4727,1613.8287,1613828.6999
1,1643.5013,1613.8573,1613857.2999
1,1643.5479,1613.9039,1613903.8999
1,1643.5672,1613.9232,1613923.1999
1,1643.5892,1613.9452,1613945.1999
1,1643.7703,1614.1263,1614126.2999
1,1643.8072,1614.1632,1614163.1999
1,1643.9307,1614.2867,1614286.6999
1,1643.9672,1614.3232,1614323.1999
1,1644.1459,1614.5019,1614501.8999
1,1644.1973,1614.5533,1614553.2999
1,1644.2172,1614.5732,1614573.1999
1,1644.2353,1614.5913,1614591.2999
1,1644.2485,1614.6045,1614604.4999
1,1644.2671,1614.6231,1614623.0999
1,1644.2884,1614.6444,1614644.3999
1,1644.4519,1614.8079,1614807.8999
1,1644.6299,1614.9859,1614985.8999
1,1644.7537,1615.1097,1615109.6999
1,1645.1622,1615.5182,1615518.1999
1,1645.2614,1615.6174,1615617.3999
1,1645.3009,1615.6569,1615656.8999
1,1645.3141,1615.6701,1615670.0999
1,1645.3555,1615.7115,1615711.4999
1,1645.3693,1615.7253,1615725.2999
1,1645.3921,1615.7481,1615748.0999
1,1645.4838,1615.8398,1615839.7999
1,1645.8272,1616.1832,1616183.1999
1,1645.8713,1616.2273,1616227.2999
1,1645.9248,1616.2808,1616280.7999
1,1645.9971,1616.3531,1616353.0999
1,1646.2083,1616.5643,1616564.2999
1,1646.2848,1616.6408,1616640.7999
1,1646.2996,1616.6556,1616655.5999
1,1646.6136,1616.9696,1616969.5999
1,1646.7219,1617.0779,1617077.8999
1,1646.9347,1617.2907,1617290.6999
1,1647.1212,1617.4772,1617477.1999
1,1647.2550,1617.6110,1617610.9999
1,1647.3547,1617.7107,1617710.6999
1,1647.3781,1617.7341,1617734.0999
1,1647.4907,1617.8467,1617846.6999
1,1647.5020,1617.8580,1617857.9999
1,1647.5311,1617.8871,1617887.0999
1,1647.7857,1618.1417,1618141.6999
1,1647.8582,1618.2142,1618214.1999
1,1647.8876,1618.2436,1618243.5999
1,1648.0515,1618.4075,1618407.4999
1,1648.1858,1618.5418,1618541.7999
1,1648.3000,1618.6560,1618655.9999
1,1648.3414,1618.6974,1618697.3999
1,1648.4318,1618.7878,1618787.7999
1,1648.4856,1618.8416,1618841.5999
1,1648.5263,1618.8823,1618882.2999
1,1648.5716,1618.9276,1618927.5999
1,1648.5882,1618.9442,1618944.1999
1,1648.6072,1618.9632,1618963.1999
1,1648.6263,1618.9823,1618982.2999
1,1648.6565,1619.0125,1619012.4999
1,1648.6893,1619.0453,1619045.2999
1,1648.7210,1619.0770,1619076.9999
1,1648.8729,1619.2289,1619228.8999
1,1649.0000,1619.3560,1619355.9999
1,1649.0475,1619.4035,1619403.4999
1,1649.0708,1619.4268,1619426.7999
1,1649.0910,1619.4470,1619446.9999
1,1649.0993,1619.4553,1619455.2999
1,1649.1190,1619.4750,1619474.9999
1,1649.1410,1619.4970,1619496.9999
1,1649.3016,1619.6576,1619657.5999
1,1649.4011,1619.7571,1619757.0999
1,1649.4531,1619.8091,1619809.0999
1,1649.5804,1619.9364,1619936.3999
1,1649.6037,1619.9597,1619959.6999
1,1649.6061,1619.9621,1619962.0999
1,1649.7455,1620.1015,1620101.4999
1,1650.0379,1620.3939,1620393.8999
1,1650.2000,1620.5560,1620555.9999
1,1650.3803,1620.7363,1620736.2999
1,1650.4011,1620.7571,1620757.0999
1,1650.4059,1620.7619,1620761.8999
1,1650.4554,1620.8114,1620811.3999
1,1650.6357,1620.9917,1620991.6999
1,1650.6882,1621.0442,1621044.1999
1,1650.7635,1621.1195,1621119.4999
1,1650.8503,1621.2063,1621206.2999
1,1651.0202,1621.3762,1621376.1999
1,1651.2924,1621.6484,1621648.3999
1,1651.3190,1621.6750,1621674.9999
1,1651.3327,1621.6887,1621688.6999
1,1651.3972,1621.7532,1621753.1999
1,1651.4309,1621.7869,1621786.8999
1,1651.5111,1621.8671,1621867.0999
1,1651.5329,1621.8889,1621888.8999
1,1651.5475,1621.9035,1621903.4999
1,1651.5805,1621.9365,1621936.4999
1,1651.6350,1621.9910,1621990.9999
1,1651.6417,1621.9977,1621997.6999
1,1652.0312,1622.3872,1622387.1999
1,1652.0917,1622.4477,1622447.6999
1,1652.2309,1622.5869,1622586.8999
1,1652.2563,1622.6123,1622612.2999
1,1652.3743,1622.7303,1622730.2999
1,1652.4535,1622.8095,1622809.4999
1,1652.5218,1622.8778,1622877.7999
1,1652.7165,1623.0725,1623072.4999
1,1652.7296,1623.0856,1623085.5999
1,1652.8678,1623.2238,1623223.7999
1,1652.8973,1623.2533,1623253.2999
1,1652.9094,1623.2654,1623265.3999
1,1652.9211,1623.2771,1623277.0999
1,1653.0420,1623.3980,1623397.9999
1,1653.1122,1623.4682,1623468.1999
1,1653.2083,1623.5643,1623564.2999
1,1653.3386,1623.6946,1623694.5999
1,1653.4625,1623.8185,1623818.4999
1,1653.4841,1623.8401,1623840.0999
1,1653.5005,1623.8565,1623856.4999
1,1653.8104,1624.1664,1624166.3999
1,1653.8429,1624.1989,1624198.8999
1,1653.9599,1624.3159,1624315.8999
1,1654.1901,1624.5461,1624546.0999
1,1654.3398,1624.6958,1624695.7999
1,1654.3605,1624.7165,1624716.4999
1,1654.3740,1624.7300,1624729.9999
1,1654.4197,1624.7757,1624775.6999
1,1654.5352,1624.8912,1624891.1999
1,1654.8792,1625.2352,1625235.1999
1,1654.9546,1625.3106,1625310.5999
1,1655.2159,1625.5719,1625571.8999
1,1655.2420,1625.5980,1625597.9999
1,1655.3477,1625.7037,1625703.6999
1,1655.3741,1625.7301,1625730.0999
1,1655.3880,1625.7440,1625743.9999
1,1655.4166,1625.7726,1625772.5999
1,1655.5642,1625.9202,1625920.1999
1,1655.6085,1625.9645,1625964.4999
1,1655.7276,1626.0836,1626083.5999
1,1656.0285,1626.3845,1626384.4999
1,1656.0659,1626.4219,1626421.8999
1,1656.2956,1626.6516,1626651.5999
1,1656.4283,1626.7843,1626784.2999
1,1656.4633,1626.8193,1626819.2999
1,1656.4894,1626.8454,1626845.3999
1,1656.4997,1626.8557,1626855.6999
1,1656.5143,1626.8703,1626870.2999
1,1656.5254,1626.8814,1626881.3999
1,1656.7375,1627.0935,1627093.4999
1,1656.7649,1627.1209,1627120.8999
1,1656.7977,1627.1537,1627153.6999
1,1657.0465,1627.4025,1627402.4999
1,1657.2184,1627.5744,1627574.3999
1,1657.3378,1627.6938,1627693.7999
1,1657.3740,1627.7300,1627729.9999
1,1657.4377,1627.7937,1627793.6999
1,1657.6302,1627.9862,1627986.1999
1,1657.6704,1628.0264,1628026.3999
1,1657.6784,1628.0344,1628034.3999
1,1657.8141,1628.1701,1628170.0999
1,1657.8511,1628.2071,1628207.0999
1,1657.8579,1628.2139,1628213.8999
1,1657.8631,1628.2191,1628219.0999
1,1657.8654,1628.2214,1628221.3999
1,1657.8766,1628.2326,1628232.5999
1,1657.8901,1628.2461,1628246.0999
1,1657.9156,1628.2716,1628271.5999
1,1658.1210,1628.4770,1628476.9999
1,1658.1974,1628.5534,1628553.3999
1,1658.3874,1628.7434,1628743.3999
1,1658.4697,1628.8257,1628825.6999
1,1658.5858,1628.9418,1628941.7999
1,1658.6149,1628.9709,1628970.8999
1,1658.6821,1629.0381,1629038.0999
1,1658.7759,1629.1319,1629131.8999
1,1658.8133,1629.1693,1629169.2999
1,1659.0786,1629.4346,1629434.5999
1,1659.1742,1629.5302,1629530.1999
1,1659.2276,1629.5836,1629583.5999
1,1659.2650,1629.6210,1629620.9999
1,1659.3158,1629.6718,1629671.7999
1,1659.3711,1629.7271,1629727.0999
1,1659.4966,1629.8526,1629852.5999
1,1659.5274,1629.8834,1629883.3999
1,1659.5797,1629.9357,1629935.6999
1,1659.7476,1630.1036,1630103.5999
1,1659.7657,1630.1217,1630121.6999
1,1659.8618,1630.2178,1630217.7999
1,1659.9995,1630.3555,1630355.4999
1,1660.0558,1630.4118,1630411.7999
1,1660.0836,1630.4396,1630439.5999
1,1660.2816,1630.6376,1630637.5999
1,1660.3089,1630.6649,1630664.8999
1,1660.5038,1630.8598,1630859.7999
1,1660.5165,1630.8725,1630872.4999
1,1660.5350,1630.8910,1630890.9999
1,1660.5559,1630.9119,1630911.8999
1,1660.5809,1630.9369,1630936.8999
1,1660.8770,1631.2330,1631232.9999
1,1660.8977,1631.2537,1631253.6999
1,1660.9389,1631.2949,1631294.8999
1,1661.2889,1631.6449,1631644.8999
1,1661.5947,1631.9507,1631950.6999
1,1661.6453,1632.0013,1632001.2999
1,1661.7439,1632.0999,1632099.8999
1,1661.8082,1632.1642,1632164.1999
1,1661.9262,1632.2822,1632282.1999
1,1661.9590,1632.3150,1632314.9999
1,1662.1164,1632.4724,1632472.3999
1,1662.1812,1632.5372,1632537.1999
1,1662.2229,1632.5789,1632578.8999
1,1662.2631,1632.6191,1632619.0999
1,1662.2719,1632.6279,1632627.8999
1,1662.2961,1632.6521,1632652.0999
1,1662.4884,1632.8444,1632844.3999
1,1662.5076,1632.8636,1632863.5999
1,1662.6773,1633.0333,1633033.2999
1,1662.8238,1633.1798,1633179.7999
1,1662.9345,1633.2905,1633290.4999
1,1662.9856,1633.3416,1633341.5999
1,1663.0018,1633.3578,1633357.7999
1,1663.0138,1633.3698,1633369.7999
1,1663.0235,1633.3795,1633379.4999
1,1663.0281,1633.3841,1633384.0999
1,1663.0636,1633.4196,1633419.5999
1,1663.2615,1633.6175,1633617.4999
1,1663.4224,1633.7784,1633778.3999
1,1663.5502,1633.9062,1633906.1999
1,1663.6477,1634.0037,1634003.6999
1,1663.8810,1634.2370,1634236.9999
1,1663.9151,1634.2711,1634271.0999
1,1663.9571,1634.3131,1634313.0999
1,1664.3146,1634.6706,1634670.5999
1,1664.4189,1634.7749,1634774.8999
1,1664.4417,1634.7977,1634797.6999
1,1664.5092,1634.8652,1634865.1999
1,1664.5332,1634.8892,1634889.1999
1,1664.5818,1634.9378,1634937.7999
1,1664.6328,1634.9888,1634988.7999
1,1664.8350,1635.1910,1635190.9999
1,1664.8663,1635.2223,1635222.2999
1,1664.8971,1635.2531,1635253.0999
1,1665.0520,1635.4080,1635407.9999
1,1665.1724,1635.5284,1635528.3999
1,1665.2398,1635.5958,1635595.7999
1,1665.2600,1635.6160,1635615.9999
1,1665.3435,1635.6995,1635699.4999
1,1665.3569,1635.7129,1635712.8999
1,1665.6669,1636.0229,1636022.8999
1,1665.6838,1636.0398,1636039.7999
1,1665.7388,1636.0948,1636094.7999
1,1665.7596,1636.1156,1636115.5999
1,1665.7829,1636.1389,1636138.8999
1,1665.8293,1636.1853,1636185.2999
1,1665.8533,1636.2093,1636209.2999
1,1665.9330,1636.2890,1636288.9999
1,1666.0242,1636.3802,1636380.1999
1,1666.1404,1636.4964,1636496.3999
1,1666.2279,1636.5839,1636583.8999
1,1666.2483,1636.6043,1636604.2999
1,1666.2681,1636.6241,1636624.0999
1,1666.3370,1636.6930,1636692.9999
1,1666.3950,1636.7510,1636750.9999
1,1666.4005,1636.7565,1636756.4999
1,1666.4549,1636.8109,1636810.8999
1,1666.7687,1637.1247,1637124.6999
1,1666.8338,1637.1898,1637189.7999
1,1666.9492,1637.3052,1637305.1999
1,1667.0300,1637.3860,1637385.9999
1,1667.0581,1637.4141,1637414.0999
1,1667.0754,1637.4314,1637431.3999
1,1667.1318,1637.4878,1637487.7999
1,1667.1641,1637.5201,1637520.0999
1,1667.2053,1637.5613,1637561.2999
1,1667.5933,1637.9493,1637949.2999
1,1667.6627,1638.0187,1638018.6999
1,1667.6815,1638.0375,1638037.4999
1,1667.7310,1638.0870,1638086.9999
1,1667.8068,1638.1628,1638162.7999
1,1667.9070,1638.2630,1638262.9999
1,1667.9630,1638.3190,1638318.9999
1,1668.1354,1638.4914,1638491.3999
1,1668.1724,1638.5284,1638528.3999
1,1668.3357,1638.6917,1638691.6999
1,1668.5975,1638.9535,1638953.4999
1,1668.6856,1639.0416,1639041.5999
1,1668.7686,1639.1246,1639124.5999
1,1668.8105,1639.1665,1639166.4999
1,1668.8582,1639.2142,1639214.1999
1,1668.8861,1639.2421,1639242.0999
1,1668.9573,1639.3133,1639313.2999
1,1669.0495,1639.4055,1639405.4999
1,1669.1062,1639.4622,1639462.1999
1,1669.1265,1639.4825,1639482.4999
1,1669.1472,1639.5032,1639503.1999
1,1669.2897,1639.6457,1639645.6999
1,1669.2922,1639.6482,1639648.1999
1,1669.3085,1639.6645,1639664.4999
1,1669.3160,1639.6720,1639671.9999
1,1669.3255,1639.6815,1639681.4999
1,1669.3471,1639.7031,1639703.0999
1,1669.3797,1639.7357,1639735.6999
1,1669.4310,1639.7870,1639786.9999
1,1669.6345,1639.9905,1639990.4999
1,1669.8565,1640.2125,1640212.4999
1,1669.9249,1640.2809,1640280.8999
1,1669.9462,1640.3022,1640302.1999
1,1670.0292,1640.3852,1640385.1999
1,1670.0703,1640.4263,1640426.2999
1,1670.0796,1640.4356,1640435.5999
1,1670.0865,1640.4425,1640442.4999
1,1670.1039,1640.4599,1640459.8999
1,1670.1352,1640.4912,1640491.1999
1,1670.3567,1640.7127,1640712.6999
1,1670.3677,1640.7237,1640723.6999
1,1670.4893,1640.8453,1640845.2999
1,1670.5281,1640.8841,1640884.0999
1,1670.8402,1641.1962,1641196.1999
1,1670.8696,1641.2256,1641225.5999
1,1670.8863,1641.2423,1641242.2999
1,1670.9847,1641.3407,1641340.6999
1,1671.0291,1641.3851,1641385.0999
1,1671.1930,1641.5490,1641548.9999
1,1671.2535,1641.6095,1641609.4999
1,1671.3722,1641.7282,1641728.1999
1,1671.3972,1641.7532,1641753.1999
1,1671.4824,1641.8384,1641838.3999
1,1671.5978,1641.9538,1641953.7999
1,1671.6133,1641.9693,1641969.2999
1,1671.6222,1641.9782,1641978.1999
1,1671.6333,1641.9893,1641989.2999
1,1671.6431,1641.9991,1641999.0999
1,1671.8486,1642.2046,1642204.5999
1,1671.8838,1642.2398,1642239.7999
1,1672.0448,1642.4008,1642400.7999
1,1672.1136,1642.4696,1642469.5999
1,1672.2593,1642.6153,1642615.2999
1,1672.3402,1642.6962,1642696.1999
1,1672.3756,1642.7316,1642731.5999
1,1672.4082,1642.7642,1642764.1999
1,1672.6152,1642.9712,1642971.1999
1,1672.6331,1642.9891,1642989.0999
1,1672.7811,1643.1371,1643137.0999
1,1672.9736,1643.3296,1643329.5999
1,1673.0022,1643.3582,1643358.1999
1,1673.0328,1643.3888,1643388.7999
1,1673.2452,1643.6012,1643601.1999
1,1673.2723,1643.6283,1643628.2999
1,1673.2847,1643.6407,1643640.6999
1,1673.3010,1643.6570,1643656.9999
1,1673.3132,1643.6692,1643669.1999
1,1673.5053,1643.8613,1643861.2999
1,1673.5213,1643.8773,1643877.2999
1,1673.5283,1643.8843,1643884.2999
1,1673.6638,1644.0198,1644019.7999
1,1673.9571,1644.3131,1644313.0999
1,1674.0485,1644.4045,1644404.4999
1,1674.2161,1644.5721,1644572.0999
1,1674.2572,1644.6132,1644613.1999
1,1674.2867,1644.6427,1644642.6999
1,1674.3036,1644.6596,1644659.5999
1,1674.3172,1644.6732,1644673.1999
1,1674.3242,1644.6802,1644680.1999
1,1674.3465,1644.7025,1644702.4999
1,1674.5764,1644.9324,1644932.3999
1,1674.5891,1644.9451,1644945.0999
1,1674.6171,1644.9731,1644973.0999
1,1674.8035,1645.1595,1645159.4999
1,1674.8215,1645.1775,1645177.4999
1,1674.8639,1645.2199,1645219.8999
1,1674.9758,1645.3318,1645331.7999
1,1674.9914,1645.3474,1645347.3999
1,1675.1556,1645.5116,1645511.5999
1,1675.1761,1645.5321,1645532.0999
1,1675.1835,1645.5395,1645539.4999
1,1675.2081,1645.5641,1645564.0999
1,1675.2664,1645.6224,1645622.3999
1,1675.4909,1645.8469,1645846.8999
1,1675.5698,1645.9258,1645925.7999
1,1675.6824,1646.0384,1646038.3999
1,1675.7196,1646.0756,1646075.5999
1,1675.8005,1646.1565,1646156.4999
1,1675.8386,1646.1946,1646194.5999
1,1675.8533,1646.2093,1646209.2999
1,1675.8683,1646.2243,1646224.2999
1,1675.8825,1646.2385,1646238.4999
1,1676.0048,1646.3608,1646360.7999
1,1676.0263,1646.3823,1646382.2999
1,1676.2170,1646.5730,1646572.9999
1,1676.2331,1646.5891,1646589.0999
1,1676.2446,1646.6006,1646600.5999
1,1676.2564,1646.6124,1646612.3999
1,1676.2819,1646.6379,1646637.8999
1,1676.4880,1646.8440,1646843.9999
1,1676.5109,1646.8669,1646866.8999
1,1676.5578,1646.9138,1646913.7999
1,1676.7314,1647.0874,1647087.3999
1,1676.7908,1647.1468,1647146.7999
1,1676.8556,1647.2116,1647211.5999
1,1676.8740,1647.2300,1647229.9999
1,1676.9060,1647.2620,1647261.9999
1,1676.9911,1647.3471,1647347.0999
1,1677.0512,1647.4072,1647407.1999
1,1677.1100,1647.4660,1647465.9999
1,1677.1348,1647.4908,1647490.7999
1,1677.2123,1647.5683,1647568.2999
1,1677.2283,1647.5843,1647584.2999
1,1677.2456,1647.6016,1647601.5999
1,1677.4253,1647.7813,1647781.2999
1,1677.4595,1647.8155,1647815.4999
1,1677.4773,1647.8333,1647833.2999
1,1677.5170,1647.8730,1647872.9999
1,1677.8014,1648.1574,1648157.3999
1,1677.8076,1648.1636,1648163.5999
1,1677.8128,1648.1688,1648168.7999
1,1677.8280,1648.1840,1648183.9999
1,1677.8735,1648.2295,1648229.4999
1,1677.9939,1648.3499,1648349.8999
1,1678.0229,1648.3789,1648378.8999
1,1678.0926,1648.4486,1648448.5999
1,1678.1740,1648.5300,1648529.9999
1,1678.2246,1648.5806,1648580.5999
1,1678.2970,1648.6530,1648652.9999
1,1678.3080,1648.6640,1648663.9999
1,1678.3217,1648.6777,1648677.6999
1,1678.3371,1648.6931,1648693.0999
1,1678.4370,1648.7930,1648792.9999
1,1678.4842,1648.8402,1648840.1999
1,1678.5039,1648.8599,1648859.8999
1,1678.5170,1648.8730,1648872.9999
1,1678.5294,1648.8854,1648885.3999
1,1678.5669,1648.9229,1648922.8999
1,1678.6904,1649.0464,1649046.3999
1,1678.8182,1649.1742,1649174.1999
1,1678.8474,1649.2034,1649203.3999
1,1679.1422,1649.4982,1649498.1999
1,1679.1690,1649.5250,1649524.9999
1,1679.2205,1649.5765,1649576.4999
1,1679.2372,1649.5932,1649593.1999
1,1679.2619,1649.6179,1649617.8999
1,1679.5136,1649.8696,1649869.5999
1,1679.7033,1650.0593,1650059.2999
1,1679.7563,1650.1123,1650112.2999
1,1679.7805,1650.1365,1650136.4999
1,1679.7994,1650.1554,1650155.3999
1,1679.8847,1650.2407,1650240.6999
1,1679.9329,1650.2889,1650288.8999
1,1679.9536,1650.3096,1650309.5999
1,1679.9843,1650.3403,1650340.2999
1,1680.0132,1650.3692,1650369.1999
1,1680.2280,1650.5840,1650583.9999
1,1680.2590,1650.6150,1650614.9999
1,1680.4540,1650.8100,1650809.9999
1,1680.4716,1650.8276,1650827.5999
1,1680.4907,1650.8467,1650846.6999
1,1680.7147,1651.0707,1651070.6999
1,1680.7358,1651.0918,1651091.7999
1,1680.7705,1651.1265,1651126.4999
1,1680.8298,1651.1858,1651185.7999
1,1680.8949,1651.2509,1651250.8999
1,1681.1513,1651.5073,1651507.2999
1,1681.1687,1651.5247,1651524.6999
1,1681.1946,1651.5506,1651550.5999
1,1681.2576,1651.6136,1651613.5999
1,1681.2812,1651.6372,1651637.1999
1,1681.3330,1651.6890,1651688.9999
1,1681.3437,1651.6997,1651699.6999
1,1681.3579,1651.7139,1651713.8999
1,1681.3793,1651.7353,1651735.2999
1,1681.3879,1651.7439,1651743.8999
1,1681.4460,1651.8020,1651801.9999
1,1681.5274,1651.8834,1651883.3999
1,1681.5632,1651.9192,1651919.1999
1,1681.6690,1652.0250,1652024.9999
1,1681.6971,1652.0531,1652053.0999
1,1681.7280,1652.0840,1652083.9999
1,1681.7414,1652.0974,1652097.3999
1,1681.7639,1652.1199,1652119.8999
1,1681.7939,1652.1499,1652149.8999
1,1681.9854,1652.3414,1652341.3999
1,1682.0159,1652.3719,1652371.8999
1,1682.0933,1652.4493,1652449.2999
1,1682.1297,1652.4857,1652485.6999
1,1682.1574,1652.5134,1652513.3999
1,1682.2016,1652.5576,1652557.5999
1,1682.4078,1652.7638,1652763.7999
1,1682.5075,1652.8635,1652863.4999
1,1682.5338,1652.8898,1652889.7999
1,1682.6326,1652.9886,1652988.5999
1,1682.7405,1653.0965,1653096.4999
1,1682.7700,1653.1260,1653125.9999
1,1682.8620,1653.2180,1653217.9999
1,1682.9529,1653.3089,1653308.8999
1,1682.9962,1653.3522,1653352.1999
1,1683.0047,1653.3607,1653360.6999
1,1683.0181,1653.3741,1653374.0999
1,1683.0275,1653.3835,1653383.4999
1,1683.2825,1653.6385,1653638.4999
1,1683.6544,1654.0104,1654010.3999
1,1683.7129,1654.0689,1654068.8999
1,1683.7554,1654.1114,1654111.3999
1,1683.7708,1654.1268,1654126.7999
1,1683.8279,1654.1839,1654183.8999
1,1683.8417,1654.1977,1654197.6999
1,1684.1492,1654.5052,1654505.1999
1,1684.2716,1654.6276,1654627.5999
1,1684.3441,1654.7001,1654700.0999
1,1684.3558,1654.7118,1654711.7999
1,1684.3846,1654.7406,1654740.5999
1,1684.4231,1654.7791,1654779.0999
1,1684.4488,1654.8048,1654804.7999
1,1684.5002,1654.8562,1654856.1999
1,1684.5219,1654.8779,1654877.8999
1,1684.6807,1655.0367,1655036.6999
1,1684.6961,1655.0521,1655052.0999
1,1684.7230,1655.0790,1655078.9999
1,1684.9594,1655.3154,1655315.3999
1,1685.1023,1655.4583,1655458.2999
1,1685.1332,1655.4892,1655489.1999
1,1685.1595,1655.5155,1655515.4999
1,1685.2912,1655.6472,1655647.1999
1,1685.3266,1655.6826,1655682.5999
1,1685.3367,1655.6927,1655692.6999
1,1685.3605,1655.7165,1655716.4999
1,1685.3638,1655.7198,1655719.7999
1,1685.3869,1655.7429,1655742.8999
1,1685.5005,1655.8565,1655856.4999
1,1685.5330,1655.8890,1655888.9999
1,1685.5577,1655.9137,1655913.6999
1,1685.7371,1656.0931,1656093.0999
1,1685.7624,1656.1184,1656118.3999
1,1685.9804,1656.3364,1656336.3999
1,1686.0107,1656.3667,1656366.6999
1,1686.0488,1656.4048,1656404.7999
1,1686.1489,1656.5049,1656504.8999
1,1686.1646,1656.5206,1656520.5999
1,1686.1819,1656.5379,1656537.8999
1,1686.2136,1656.5696,1656569.5999
1,1686.4285,1656.7845,1656784.4999
1,1686.4574,1656.8134,1656813.3999
1,1686.7016,1657.0576,1657057.5999
1,1686.8851,1657.2411,1657241.0999
1,1686.9076,1657.2636,1657263.5999
1,1686.9275,1657.2835,1657283.4999
1,1686.9352,1657.2912,1657291.1999
1,1686.9586,1657.3146,1657314.5999
1,1686.9816,1657.3376,1657337.5999
1,1687.0308,1657.3868,1657386.7999
1,1687.0866,1657.4426,1657442.5999
1,1687.1827,1657.5387,1657538.6999
1,1687.2032,1657.5592,1657559.1999
1,1687.2142,1657.5702,1657570.1999
1,1687.2716,1657.6276,1657627.5999
1,1687.2805,1657.6365,1657636.4999
1,1687.2896,1657.6456,1657645.5999
1,1687.3024,1657.6584,1657658.3999
1,1687.5673,1657.9233,1657923.2999
1,1687.5904,1657.9464,1657946.3999
1,1687.5931,1657.9491,1657949.0999
1,1687.6953,1658.0513,1658051.2999
1,1687.7248,1658.0808,1658080.7999
1,1687.7723,1658.1283,1658128.2999
1,1687.8689,1658.2249,1658224.8999
1,1687.8903,1658.2463,1658246.2999
1,1687.9261,1658.2821,1658282.0999
1,1687.9572,1658.3132,1658313.1999
1,1687.9903,1658.3463,1658346.2999
1,1688.2574,1658.6134,1658613.3999
1,1688.3495,1658.7055,1658705.4999
1,1688.5120,1658.8680,1658867.9999
1,1688.5211,1658.8771,1658877.0999
1,1688.5338,1658.8898,1658889.7999
1,1688.5479,1658.9039,1658903.8999
1,1688.5839,1658.9399,1658939.8999
1,1688.6863,1659.0423,1659042.2999
1,1688.7186,1659.0746,1659074.5999
1,1688.7378,1659.0938,1659093.7999
1,1688.7479,1659.1039,1659103.8999
1,1689.0152,1659.3712,1659371.1999
1,1689.1295,1659.4855,1659485.4999
1,1689.1479,1659.5039,1659503.8999
1,1689.1681,1659.5241,1659524.0999
1,1689.2087,1659.5647,1659564.6999
1,1689.3560,1659.7120,1659711.9999
1,1689.4076,1659.7636,1659763.5999
1,1689.4891,1659.8451,1659845.0999
1,1689.7681,1660.1241,1660124.0999
1,1689.7884,1660.1444,1660144.3999
1,1689.8248,1660.1808,1660180.7999
1,1689.9573,1660.3133,1660313.2999
1,1689.9949,1660.3509,1660350.8999
1,1690.0177,1660.3737,1660373.6999
1,1690.0536,1660.4096,1660409.5999
1,1690.0677,1660.4237,1660423.6999
1,1690.0891,1660.4451,1660445.0999
1,1690.2046,1660.5606,1660560.5999
1,1690.2413,1660.5973,1660597.2999
1,1690.2708,1660.6268,1660626.7999
1,1690.4867,1660.8427,1660842.6999
1,1690.5014,1660.8574,1660857.3999
1,1690.5229,1660.8789,1660878.8999
1,1690.5354,1660.8914,1660891.3999
1,1690.5444,1660.9004,1660900.3999
1,1690.6617,1661.0177,1661017.6999
1,1690.8180,1661.1740,1661173.9999
1,1690.8287,1661.1847,1661184.6999
1,1690.8398,1661.1958,1661195.7999
1,1690.9055,1661.2615,1661261.4999
1,1690.9506,1661.3066,1661306.5999
1,1690.9813,1661.3373,1661337.2999
1,1691.0093,1661.3653,1661365.2999
1,1691.1128,1661.4688,1661468.7999
1,1691.1998,1661.5558,1661555.7999
1,1691.2367,1661.5927,1661592.6999
1,1691.2544,1661.6104,1661610.3999
1,1691.2820,1661.6380,1661637.9999
1,1691.4880,1661.8440,1661843.9999
1,1691.6036,1661.9596,1661959.5999
1,1691.6359,1661.9919,1661991.8999
1,1691.6663,1662.0223,1662022.2999
1,1691.7198,1662.0758,1662075.7999
1,1691.7261,1662.0821,1662082.0999
1,1691.7382,1662.0942,1662094.1999
1,1691.7408,1662.0968,1662096.7999
1,1691.7460,1662.1020,1662101.9999
1,1691.7622,1662.1182,1662118.1999
1,1692.1467,1662.5027,1662502.6999
1,1692.1702,1662.5262,1662526.1999
1,1692.3471,1662.7031,1662703.0999
1,1692.4596,1662.8156,1662815.5999
1,1692.5719,1662.9279,1662927.8999
1,1692.5975,1662.9535,1662953.4999
1,1692.6387,1662.9947,1662994.6999
1,1692.6540,1663.0100,1663009.9999
1,1692.8404,1663.1964,1663196.3999
1,1692.8789,1663.2349,1663234.8999
1,1692.9235,1663.2795,1663279.4999
1,1693.0085,1663.3645,1663364.4999
1,1693.1647,1663.5207,1663520.6999
1,1693.1860,1663.5420,1663541.9999
1,1693.1886,1663.5446,1663544.5999
1,1693.1942,1663.5502,1663550.1999
1,1693.2093,1663.5653,1663565.2999
1,1693.4498,1663.8058,1663805.7999
1,1693.5688,1663.9248,1663924.7999
1,1693.5805,1663.9365,1663936.4999
1,1693.5866,1663.9426,1663942.5999
1,1693.5907,1663.9467,1663946.6999
1,1693.5996,1663.9556,1663955.5999
1,1693.6097,1663.9657,1663965.6999
1,1693.8047,1664.1607,1664160.6999
1,1693.8161,1664.1721,1664172.0999
1,1693.8337,1664.1897,1664189.6999
1,1693.8961,1664.2521,1664252.0999
1,1693.9529,1664.3089,1664308.8999
1,1693.9696,1664.3256,1664325.5999
1,1693.9743,1664.3303,1664330.2999
1,1693.9859,1664.3419,1664341.8999
1,1693.9950,1664.3510,1664350.9999
1,1694.0099,1664.3659,1664365.8999
1,1694.1837,1664.5397,1664539.6999
1,1694.1991,1664.5551,1664555.0999
1,1694.2112,1664.5672,1664567.1999
1,1694.2386,1664.5946,1664594.5999
1,1694.5317,1664.8877,1664887.6999
1,1694.5707,1664.9267,1664926.6999
1,1694.5916,1664.9476,1664947.5999
1,1694.7154,1665.0714,1665071.3999
1,1694.7495,1665.1055,1665105.4999
1,1694.8773,1665.2333,1665233.2999
1,1694.8997,1665.2557,1665255.6999
1,1694.9481,1665.3041,1665304.0999
1,1694.9589,1665.3149,1665314.8999
1,1694.9857,1665.3417,1665341.6999
1,1695.0203,1665.3763,1665376.2999
1,1695.1384,1665.4944,1665494.3999
1,1695.1862,1665.5422,1665542.1999
1,1695.2037,1665.5597,1665559.6999
1,1695.2112,1665.5672,1665567.1999
1,1695.2544,1665.6104,1665610.3999
1,1695.2867,1665.6427,1665642.6999
1,1695.3006,1665.6566,1665656.5999
1,1695.3098,1665.6658,1665665.7999
1,1695.5439,1665.8999,1665899.8999
1,1695.5527,1665.9087,1665908.6999
1,1695.5786,1665.9346,1665934.5999
1,1695.5880,1665.9440,1665943.9999
1,1695.5953,1665.9513,1665951.2999
1,1695.8258,1666.1818,1666181.7999
1,1695.9124,1666.2684,1666268.3999
1,1695.9446,1666.3006,1666300.5999
1,1696.0614,1666.4174,1666417.3999
1,1696.1807,1666.5367,1666536.6999
1,1696.2288,1666.5848,1666584.7999
1,1696.3171,1666.6731,1666673.0999
1,1696.5121,1666.8681,1666868.0999
1,1696.5359,1666.8919,1666891.8999
1,1696.8465,1667.2025,1667202.4999
1,1696.9287,1667.2847,1667284.6999
1,1696.9571,1667.3131,1667313.0999
1,1697.1080,1667.4640,1667463.9999
1,1697.2275,1667.5835,1667583.4999
1,1697.2897,1667.6457,1667645.6999
1,1697.3478,1667.7038,1667703.7999
1,1697.3701,1667.7261,1667726.0999
1,1697.4029,1667.7589,1667758.8999
1,1697.4497,1667.8057,1667805.6999
1,1697.5166,1667.8726,1667872.5999
1,1698.0473,1668.4033,1668403.2999
1,1698.0803,1668.4363,1668436.2999
1,1698.0972,1668.4532,1668453.1999
1,1698.1088,1668.4648,1668464.7999
1,1698.1147,1668.4707,1668470.6999
1,1698.1269,1668.4829,1668482.8999
1,1698.3112,1668.6672,1668667.1999
1,1698.3181,1668.6741,1668674.0999
1,1698.3299,1668.6859,1668685.8999
1,1698.3333,1668.6893,1668689.2999
1,1698.5965,1668.9525,1668952.4999
1,1698.6093,1668.9653,1668965.2999
1,1698.6565,1669.0125,1669012.4999
1,1698.8329,1669.1889,1669188.8999
1,1698.9752,1669.3312,1669331.1999
1,1699.0341,1669.3901,1669390.0999
1,1699.0838,1669.4398,1669439.7999
1,1699.1892,1669.5452,1669545.1999
1,1699.2247,1669.5807,1669580.6999
1,1699.2584,1669.6144,1669614.3999
1,1699.2775,1669.6335,1669633.4999
1,1699.3575,1669.7135,1669713.4999
1,1699.3828,1669.7388,1669738.7999
1,1699.5618,1669.9178,1669917.7999
1,1699.5862,1669.9422,1669942.1999
1,1699.7077,1670.0637,1670063.6999
1,1699.7317,1670.0877,1670087.6999
1,1699.9237,1670.2797,1670279.6999
1,1699.9713,1670.3273,1670327.2999
1,1700.1352,1670.4912,1670491.1999
1,1700.1546,1670.5106,1670510.5999
1,1700.1674,1670.5234,1670523.3999
1,1700.2188,1670.5748,1670574.7999
1,1700.2223,1670.5783,1670578.2999
1,1700.2423,1670.5983,1670598.2999
1,1700.2585,1670.6145,1670614.4999
1,1700.5790,1670.9350,1670934.9999
1,1700.5987,1670.9547,1670954.6999
1,1700.7737,1671.1297,1671129.6999
1,1700.8418,1671.1978,1671197.7999
1,1700.8799,1671.2359,1671235.8999
1,1700.9501,1671.3061,1671306.0999
1,1700.9749,1671.3309,1671330.8999
1,1700.9844,1671.3404,1671340.3999
1,1701.0253,1671.3813,1671381.2999
1,1701.1480,1671.5040,1671503.9999
1,1701.1892,1671.5452,1671545.1999
1,1701.3881,1671.7441,1671744.0999
1,1701.4075,1671.7635,1671763.4999
1,1701.4240,1671.7800,1671779.9999
1,1701.5014,1671.8574,1671857.3999
1,1701.6105,1671.9665,1671966.4999
1,1701.8030,1672.1590,1672158.9999
1,1701.8631,1672.2191,1672219.0999
1,1701.9049,1672.2609,1672260.8999
1,1701.9564,1672.3124,1672312.3999
1,1701.9868,1672.3428,1672342.7999
1,1702.0136,1672.3696,1672369.5999
1,1702.0490,1672.4050,1672404.9999
1,1702.0611,1672.4171,1672417.0999
1,1702.1030,1672.4590,1672458.9999
1,1702.2646,1672.6206,1672620.5999
1,1702.2915,1672.6475,1672647.4999
1,1702.4883,1672.8443,1672844.2999
1,1702.5593,1672.9153,1672915.2999
1,1702.7326,1673.0886,1673088.5999
1,1703.1488,1673.5048,1673504.7999
1,1703.2380,1673.5940,1673593.9999
1,1703.3203,1673.6763,1673676.2999
1,1703.4305,1673.7865,1673786.4999
1,1703.6138,1673.9698,1673969.7999
1,1703.7740,1674.1300,1674129.9999
1,1703.9534,1674.3094,1674309.3999
1,1703.9748,1674.3308,1674330.7999
1,1704.1543,1674.5103,1674510.2999
1,1704.2106,1674.5666,1674566.5999
1,1704.2562,1674.6122,1674612.1999
1,1704.3511,1674.7071,1674707.0999
1,1704.5361,1674.8921,1674892.0999
1,1704.5593,1674.9153,1674915.2999
1,1704.7184,1675.0744,1675074.3999
1,1704.8741,1675.2301,1675230.0999
1,1704.9044,1675.2604,1675260.3999
1,1704.9365,1675.2925,1675292.4999
1,1704.9551,1675.3111,1675311.0999
1,1705.0337,1675.3897,1675389.6999
1,1705.1488,1675.5048,1675504.7999
1,1705.1760,1675.5320,1675531.9999
1,1705.1915,1675.5475,1675547.4999
1,1705.2083,1675.5643,1675564.2999
1,1705.2658,1675.6218,1675621.7999
1,1705.4304,1675.7864,1675786.3999
1,1705.5937,1675.9497,1675949.6999
1,1705.7114,1676.0674,1676067.3999
1,1705.7415,1676.0975,1676097.4999
1,1705.8392,1676.1952,1676195.1999
1,1705.8544,1676.2104,1676210.3999
1,1706.0244,1676.3804,1676380.3999
1,1706.1075,1676.4635,1676463.4999
1,1706.1741,1676.5301,1676530.0999
1,1706.1998,1676.5558,1676555.7999
1,1706.2333,1676.5893,1676589.2999
1,1706.2810,1676.6370,1676636.9999
1,1706.3310,1676.6870,1676686.9999
1,1706.3475,1676.7035,1676703.4999
1,1706.3694,1676.7254,1676725.3999
1,1706.4714,1676.8274,1676827.3999
1,1706.5034,1676.8594,1676859.3999
1,1706.6602,1677.0162,1677016.1999
1,1706.7050,1677.0610,1677060.9999
1,1706.8589,1677.2149,1677214.8999
1,1706.8907,1677.2467,1677246.6999
1,1706.9175,1677.2735,1677273.4999
1,1707.1017,1677.4577,1677457.6999
1,1707.2008,1677.5568,1677556.7999
1,1707.3698,1677.7258,1677725.7999
1,1707.4148,1677.7708,1677770.7999
1,1707.4280,1677.7840,1677783.9999
1,1707.4533,1677.8093,1677809.2999
1,1707.4816,1677.8376,1677837.5999
1,1707.5035,1677.8595,1677859.4999
1,1707.5343,1677.8903,1677890.2999
1,1707.7862,1678.1422,1678142.1999
1,1707.9242,1678.2802,1678280.1999
1,1707.9606,1678.3166,1678316.5999
1,1707.9645,1678.3205,1678320.4999
1,1707.9760,1678.3320,1678331.9999
1,1707.9999,1678.3559,1678355.8999
1,1708.1018,1678.4578,1678457.7999
1,1708.1786,1678.5346,1678534.5999
1,1708.3021,1678.6581,1678658.0999
1,1708.3108,1678.6668,1678666.7999
1,1708.3630,1678.7190,1678718.9999
1,1708.4255,1678.7815,1678781.4999
1,1708.4960,1678.8520,1678851.9999
1,1708.5510,1678.9070,1678906.9999
1,1708.6022,1678.9582,1678958.1999
1,1708.6736,1679.0296,1679029.5999
1,1708.7396,1679.0956,1679095.5999
1,1709.2208,1679.5768,1679576.7999
1,1709.3281,1679.6841,1679684.0999
1,1709.3653,1679.7213,1679721.2999
1,1709.5826,1679.9386,1679938.5999
1,1709.6106,1679.9666,1679966.5999
1,1709.7397,1680.0957,1680095.6999
1,1709.8334,1680.1894,1680189.3999
1,1710.0325,1680.3885,1680388.4999
1,1710.3060,1680.6620,1680661.9999
1,1710.3611,1680.7171,1680717.0999
1,1710.4318,1680.7878,1680787.7999
1,1710.4867,1680.8427,1680842.6999
1,1710.5736,1680.9296,1680929.5999
1,1710.6206,1680.9766,1680976.5999
1,1710.7139,1681.0699,1681069.8999
1,1710.8435,1681.1995,1681199.4999
1,1711.0571,1681.4131,1681413.0999
1,1711.1425,1681.4985,1681498.4999
1,1711.1684,1681.5244,1681524.3999
1,1711.1848,1681.5408,1681540.7999
1,1711.4816,1681.8376,1681837.5999
1,1711.5585,1681.9145,1681914.4999
1,1711.6017,1681.9577,1681957.6999
1,1711.6274,1681.9834,1681983.3999
1,1711.6539,1682.0099,1682009.8999
1,1711.9440,1682.3000,1682299.9999
1,1712.0540,1682.4100,1682409.9999
1,1712.1645,1682.5205,1682520.4999
1,1712.1878,1682.5438,1682543.7999
1,1712.2524,1682.6084,1682608.3999
1,1712.4079,1682.7639,1682763.8999
1,1712.4344,1682.7904,1682790.3999
1,1712.4522,1682.8082,1682808.1999
1,1712.9025,1683.2585,1683258.4999
1,1712.9935,1683.3495,1683349.4999
1,1713.0182,1683.3742,1683374.1999
1,1713.0772,1683.4332,1683433.1999
1,1713.2620,1683.6180,1683617.9999
1,1713.3278,1683.6838,1683683.7999
1,1713.3345,1683.6905,1683690.4999
1,1713.4604,1683.8164,1683816.3999
1,1713.5972,1683.9532,1683953.1999
1,1713.6248,1683.9808,1683980.7999
1,1713.8649,1684.2209,1684220.8999
1,1713.8902,1684.2462,1684246.1999
1,1713.9215,1684.2775,1684277.4999
1,1713.9473,1684.3033,1684303.2999
1,1713.9715,1684.3275,1684327.4999
1,1714.1162,1684.4722,1684472.1999
1,1714.2022,1684.5582,1684558.1999
1,1714.4596,1684.8156,1684815.5999
1,1714.4822,1684.8382,1684838.1999
1,1714.5910,1684.9470,1684946.9999
1,1714.6231,1684.9791,1684979.0999
1,1714.8119,1685.1679,1685167.8999
1,1714.9901,1685.3461,1685346.0999
1,1715.0333,1685.3893,1685389.2999
1,1715.1423,1685.4983,1685498.2999
1,1715.1617,1685.5177,1685517.6999
1,1715.2428,1685.5988,1685598.7999
1,1715.3437,1685.6997,1685699.6999
1,1715.3633,1685.7193,1685719.2999
1,1715.5475,1685.9035,1685903.4999
1,1715.6003,1685.9563,1685956.2999
1,1715.7206,1686.0766,1686076.5999
1,1715.7393,1686.0953,1686095.2999
1,1715.8401,1686.1961,1686196.0999
1,1715.8514,1686.2074,1686207.3999
1,1715.8964,1686.2524,1686252.3999
1,1715.9002,1686.2562,1686256.1999
1,1715.9873,1686.3433,1686343.2999
1,1716.0112,1686.3672,1686367.1999
1,1716.0278,1686.3838,1686383.7999
1,1716.0648,1686.4208,1686420.7999
1,1716.1319,1686.4879,1686487.8999
1,1716.2630,1686.6190,1686618.9999
1,1716.2808,1686.6368,1686636.7999
1,1716.3308,1686.6868,1686686.7999
1,1716.4217,1686.7777,1686777.6999
1,1716.5095,1686.8655,1686865.4999
1,1716.5328,1686.8888,1686888.7999
1,1716.6213,1686.9773,1686977.2999
1,1716.6554,1687.0114,1687011.3999
1,1716.6791,1687.0351,1687035.0999
1,1716.8360,1687.1920,1687191.9999
1,1716.9584,1687.3144,1687314.3999
1,1717.2375,1687.5935,1687593.4999
1,1717.2812,1687.6372,1687637.1999
1,1717.4132,1687.7692,1687769.1999
1,1717.4638,1687.8198,1687819.7999
1,1717.4939,1687.8499,1687849.8999
1,1717.6688,1688.0248,1688024.7999
1,1717.7027,1688.0587,1688058.6999
1,1717.7144,1688.0704,1688070.3999
1,1718.1395,1688.4955,1688495.4999
1,1718.1554,1688.5114,1688511.3999
1,1718.1833,1688.5393,1688539.2999
1,1718.3370,1688.6930,1688692.9999
1,1718.3970,1688.7530,1688752.9999
1,1718.5561,1688.9121,1688912.0999
1,1718.6987,1689.0547,1689054.6999
1,1718.8681,1689.2241,1689224.0999
1,1718.9233,1689.2793,1689279.2999
1,1718.9636,1689.3196,1689319.5999
1,1719.1739,1689.5299,1689529.8999
1,1719.2949,1689.6509,1689650.8999
1,1719.3951,1689.7511,1689751.0999
1,1719.4054,1689.7614,1689761.3999
1,1719.4168,1689.7728,1689772.7999
1,1719.4282,1689.7842,1689784.1999
1,1719.4337,1689.7897,1689789.6999
1,1719.4718,1689.8278,1689827.7999
1,1719.6754,1690.0314,1690031.3999
1,1719.6928,1690.0488,1690048.7999
1,1719.7027,1690.0587,1690058.6999
1,1719.7170,1690.0730,1690072.9999
1,1719.8827,1690.2387,1690238.6999
1,1719.8905,1690.2465,1690246.4999
1,1719.8953,1690.2513,1690251.2999
1,1719.9010,1690.2570,1690256.9999
1,1719.9083,1690.2643,1690264.2999
1,1719.9193,1690.2753,1690275.2999
1,1719.9272,1690.2832,1690283.1999
1,1719.9340,1690.2900,1690289.9999
1,1719.9572,1690.3132,1690313.1999
1,1719.9672,1690.3232,1690323.1999
1,1720.2641,1690.6201,1690620.0999
1,1720.3075,1690.6635,1690663.4999
1,1720.4108,1690.7668,1690766.7999
1,1720.4167,1690.7727,1690772.6999
1,1720.4543,1690.8103,1690810.2999
1,1720.6203,1690.9763,1690976.2999
1,1720.6662,1691.0222,1691022.1999
1,1720.7022,1691.0582,1691058.1999
1,1720.7785,1691.1345,1691134.4999
1,1720.9155,1691.2715,1691271.4999
1,1720.9344,1691.2904,1691290.3999
1,1720.9586,1691.3146,1691314.5999
1,1721.3128,1691.6688,1691668.7999
1,1721.3250,1691.6810,1691680.9999
1,1721.4710,1691.8270,1691826.9999
1,1721.5195,1691.8755,1691875.4999
1,1721.5287,1691.8847,1691884.6999
1,1721.5466,1691.9026,1691902.5999
1,1721.5599,1691.9159,1691915.8999
1,1721.6251,1691.9811,1691981.0999
1,1721.7715,1692.1275,1692127.4999
1,1721.7875,1692.1435,1692143.4999
1,1721.8080,1692.1640,1692163.9999
1,1721.9892,1692.3452,1692345.1999
1,1721.9956,1692.3516,1692351.5999
1,1722.0117,1692.3677,1692367.6999
1,1722.0219,1692.3779,1692377.8999
1,1722.0559,1692.4119,1692411.8999
1,1722.4286,1692.7846,1692784.5999
1,1722.4957,1692.8517,1692851.6999
1,1722.5503,1692.9063,1692906.2999
1,1722.5575,1692.9135,1692913.4999
1,1722.5961,1692.9521,1692952.0999
1,1722.7539,1693.1099,1693109.8999
1,1722.7857,1693.1417,1693141.6999
1,1722.8110,1693.1670,1693166.9999
1,1722.8244,1693.1804,1693180.3999
1,1722.8473,1693.2033,1693203.2999
1,1723.1336,1693.4896,1693489.5999
1,1723.2544,1693.6104,1693610.3999
1,1723.4378,1693.7938,1693793.7999
1,1723.6555,1694.0115,1694011.4999
1,1723.7221,1694.0781,1694078.0999
1,1723.7986,1694.1546,1694154.5999
1,1723.8342,1694.1902,1694190.1999
1,1723.8714,1694.2274,1694227.3999
1,1723.9063,1694.2623,1694262.2999
1,1724.1596,1694.5156,1694515.5999
1,1724.2239,1694.5799,1694579.8999
1,1724.2504,1694.6064,1694606.3999
1,1724.2565,1694.6125,1694612.4999
1,1724.2728,1694.6288,1694628.7999
1,1724.4043,1694.7603,1694760.2999
1,1724.7772,1695.1332,1695133.1999
1,1724.8143,1695.1703,1695170.2999
1,1724.8238,1695.1798,1695179.7999
1,1724.8588,1695.2148,1695214.7999
1,1725.0443,1695.4003,1695400.2999
1,1725.0990,1695.4550,1695454.9999
1,1725.1422,1695.4982,1695498.1999
1,1725.2239,1695.5799,1695579.8999
1,1725.2813,1695.6373,1695637.2999
1,1725.3123,1695.6683,1695668.2999
1,1725.4476,1695.8036,1695803.5999
1,1725.7536,1696.1096,1696109.5999
1,1725.8124,1696.1684,1696168.3999
1,1726.1314,1696.4874,1696487.3999
1,1726.1701,1696.5261,1696526.0999
1,1726.6670,1697.0230,1697022.9999
1,1726.7296,1697.0856,1697085.5999
1,1726.8960,1697.2520,1697251.9999
1,1726.9030,1697.2590,1697258.9999
1,1726.9120,1697.2680,1697267.9999
1,1726.9231,1697.2791,1697279.0999
1,1726.9439,1697.2999,1697299.8999
1,1726.9728,1697.3288,1697328.7999
1,1727.0345,1697.3905,1697390.4999
1,1727.0497,1697.4057,1697405.6999
1,1727.1016,1697.4576,1697457.5999
1,1727.1529,1697.5089,1697508.8999
1,1727.1779,1697.5339,1697533.8999
1,1727.2406,1697.5966,1697596.5999
1,1727.3853,1697.7413,1697741.2999
1,1727.5879,1697.9439,1697943.8999
1,1727.6446,1698.0006,1698000.5999
1,1727.7696,1698.1256,1698125.5999
1,1727.8914,1698.2474,1698247.3999
1,1728.0163,1698.3723,1698372.2999
1,1728.1720,1698.5280,1698527.9999
1,1728.3580,1698.7140,1698713.9999
1,1728.4338,1698.7898,1698789.7999
1,1728.5315,1698.8875,1698887.4999
1,1728.5563,1698.9123,1698912.2999
1,1728.5964,1698.9524,1698952.3999
1,1728.7607,1699.1167,1699116.6999
1,1728.8094,1699.1654,1699165.3999
1,1728.8885,1699.2445,1699244.4999
1,1728.9696,1699.3256,1699325.5999
1,1729.1967,1699.5527,1699552.6999
1,1729.2312,1699.5872,1699587.1999
1,1729.5371,1699.8931,1699893.0999
1,1729.6557,1700.0117,1700011.6999
1,1729.7206,1700.0766,1700076.5999
1,1729.7737,1700.1297,1700129.6999
1,1729.9840,1700.3400,1700339.9999
1,1730.0294,1700.3854,1700385.3999
1,1730.1519,1700.5079,1700507.8999
1,1730.1867,1700.5427,1700542.6999
1,1730.2277,1700.5837,1700583.6999
1,1730.3441,1700.7001,1700700.0999
1,1730.3620,1700.7180,1700717.9999
1,1730.7734,1701.1294,1701129.3999
1,1730.9401,1701.2961,1701296.0999
1,1730.9526,1701.3086,1701308.5999
1,1730.9694,1701.3254,1701325.3999
1,1730.9947,1701.3507,1701350.6999
1,1731.1232,1701.4792,1701479.1999
1,1731.1590,1701.5150,1701514.9999
1,1731.1793,1701.5353,1701535.2999
1,1731.4171,1701.7731,1701773.0999
1,1731.4987,1701.8547,1701854.6999
1,1731.5330,1701.8890,1701888.9999
1,1731.6387,1701.9947,1701994.6999
1,1731.7712,1702.1272,1702127.1999
1,1731.9787,1702.3347,1702334.6999
1,1732.1052,1702.4612,1702461.1999
1,1732.2409,1702.5969,1702596.8999
1,1732.4471,1702.8031,1702803.0999
1,1732.8096,1703.1656,1703165.5999
1,1732.9797,1703.3357,1703335.6999
1,1733.0369,1703.3929,1703392.8999
1,1733.1743,1703.5303,1703530.2999
1,1733.2134,1703.5694,1703569.3999
1,1733.2427,1703.5987,1703598.6999
1,1733.3335,1703.6895,1703689.4999
1,1733.4889,1703.8449,1703844.8999
1,1733.5732,1703.9292,1703929.1999
1,1733.8646,1704.2206,1704220.5999
1,1733.8821,1704.2381,1704238.0999
1,1733.9450,1704.3010,1704300.9999
1,1734.1683,1704.5243,1704524.2999
1,1734.1751,1704.5311,1704531.0999
1,1734.2598,1704.6158,1704615.7999
1,1734.3259,1704.6819,1704681.8999
1,1734.4894,1704.8454,1704845.3999
1,1734.5056,1704.8616,1704861.5999
1,1734.5486,1704.9046,1704904.5999
1,1734.6577,1705.0137,1705013.6999
1,1734.8164,1705.1724,1705172.3999
1,1734.9090,1705.2650,1705264.9999
1,1735.0424,1705.3984,1705398.3999
1,1735.1220,1705.4780,1705477.9999
1,1735.1324,1705.4884,1705488.3999
1,1735.1374,1705.4934,1705493.3999
1,1735.1670,1705.5230,1705522.9999
1,1735.4760,1705.8320,1705831.9999
1,1735.5028,1705.8588,1705858.7999
1,1735.5260,1705.8820,1705881.9999
1,1735.5508,1705.9068,1705906.7999
1,1735.6956,1706.0516,1706051.5999
1,1735.7433,1706.0993,1706099.2999
1,1735.9964,1706.3524,1706352.3999
1,1736.0794,1706.4354,1706435.3999
1,1736.2485,1706.6045,1706604.4999
1,1736.2510,1706.6070,1706606.9999
1,1736.2710,1706.6270,1706626.9999
1,1736.5028,1706.8588,1706858.7999
1,1736.8194,1707.1754,1707175.3999
1,1736.8383,1707.1943,1707194.2999
1,1736.9405,1707.2965,1707296.4999
1,1737.0088,1707.3648,1707364.7999
1,1737.0272,1707.3832,1707383.1999
1,1737.0700,1707.4260,1707425.9999
1,1737.1051,1707.4611,1707461.0999
1,1737.2367,1707.5927,1707592.6999
1,1737.3930,1707.7490,1707748.9999
1,1737.4253,1707.7813,1707781.2999
1,1737.5961,1707.9521,1707952.0999
1,1737.6271,1707.9831,1707983.0999
1,1737.7185,1708.0745,1708074.4999
1,1737.8025,1708.1585,1708158.4999
1,1738.0572,1708.4132,1708413.1999
1,1738.1246,1708.4806,1708480.5999
1,1738.1408,1708.4968,1708496.7999
1,1738.2457,1708.6017,1708601.6999
1,1738.2840,1708.6400,1708639.9999
1,1738.3303,1708.6863,1708686.2999
1,1738.3723,1708.7283,1708728.2999
1,1738.5036,1708.8596,1708859.5999
1,1738.5308,1708.8868,1708886.7999
1,1738.6072,1708.9632,1708963.1999
1,1738.6265,1708.9825,1708982.4999
1,1738.6772,1709.0332,1709033.1999
1,1738.7205,1709.0765,1709076.4999
1,1738.7645,1709.1205,1709120.4999
1,1738.9287,1709.2847,1709284.6999
1,1738.9957,1709.3517,1709351.6999
1,1739.1712,1709.5272,1709527.1999
1,1739.2275,1709.5835,1709583.4999
1,1739.3649,1709.7209,1709720.8999
1,1739.3999,1709.7559,1709755.8999
1,1739.4826,1709.8386,1709838.5999
1,1739.5191,1709.8751,1709875.0999
1,1739.7836,1710.1396,1710139.5999
1,1739.8963,1710.2523,1710252.2999
1,1739.9599,1710.3159,1710315.8999
1,1740.0537,1710.4097,1710409.6999
1,1740.0655,1710.4215,1710421.4999
1,1740.0754,1710.4314,1710431.3999
1,1740.0978,1710.4538,1710453.7999
1,1740.2690,1710.6250,1710624.9999
1,1740.2987,1710.6547,1710654.6999
1,1740.3180,1710.6740,1710673.9999
1,1740.3307,1710.6867,1710686.6999
1,1740.4158,1710.7718,1710771.7999
1,1740.4680,1710.8240,1710823.9999
1,1740.4975,1710.8535,1710853.4999
1,1740.7811,1711.1371,1711137.0999
1,1740.8272,1711.1832,1711183.1999
1,1740.8420,1711.1980,1711197.9999
1,1741.0212,1711.3772,1711377.1999
1,1741.0444,1711.4004,1711400.3999
1,1741.0726,1711.4286,1711428.5999
1,1741.1216,1711.4776,1711477.5999
1,1741.1860,1711.5420,1711541.9999
1,1741.4496,1711.8056,1711805.5999
1,1741.6496,1712.0056,1712005.5999
1,1741.6802,1712.0362,1712036.1999
1,1741.7371,1712.0931,1712093.0999
1,1741.8875,1712.2435,1712243.4999
1,1741.9847,1712.3407,1712340.6999
1,1742.0247,1712.3807,1712380.6999
1,1742.1737,1712.5297,1712529.6999
1,1742.2344,1712.5904,1712590.3999
1,1742.2763,1712.6323,1712632.2999
1,1742.3059,1712.6619,1712661.8999
1,1742.3490,1712.7050,1712704.9999
1,1742.6003,1712.9563,1712956.2999
1,1742.7296,1713.0856,1713085.5999
1,1742.7533,1713.1093,1713109.2999
1,1742.7804,1713.1364,1713136.3999
1,1742.7985,1713.1545,1713154.4999
1,1743.0366,1713.3926,1713392.5999
1,1743.2082,1713.5642,1713564.1999
1,1743.3864,1713.7424,1713742.3999
1,1743.5236,1713.8796,1713879.5999
1,1743.5415,1713.8975,1713897.4999
1,1743.5531,1713.9091,1713909.0999
1,1743.5653,1713.9213,1713921.2999
1,1743.6800,1714.0360,1714035.9999
1,1743.9535,1714.3095,1714309.4999
1,1744.0289,1714.3849,1714384.8999
1,1744.0752,1714.4312,1714431.1999
1,1744.3461,1714.7021,1714702.0999
1,1744.4080,1714.7640,1714763.9999
1,1744.4639,1714.8199,1714819.8999
1,1744.5258,1714.8818,1714881.7999
1,1744.5502,1714.9062,1714906.1999
1,1744.6295,1714.9855,1714985.4999
1,1744.6632,1715.0192,1715019.1999
1,1744.8896,1715.2456,1715245.5999
1,1745.0371,1715.3931,1715393.0999
1,1745.0656,1715.4216,1715421.5999
1,1745.0841,1715.4401,1715440.0999
1,1745.2278,1715.5838,1715583.7999
1,1745.2815,1715.6375,1715637.4999
1,1745.4147,1715.7707,1715770.6999
1,1745.4389,1715.7949,1715794.8999
1,1745.4822,1715.8382,1715838.1999
1,1745.6450,1716.0010,1716000.9999
1,1745.6872,1716.0432,1716043.1999
1,1745.7298,1716.0858,1716085.7999
1,1746.0625,1716.4185,1716418.4999
1,1746.3083,1716.6643,1716664.2999
1,1746.3895,1716.7455,1716745.4999
1,1746.4673,1716.8233,1716823.2999
1,1746.5099,1716.8659,1716865.8999
1,1747.0381,1717.3941,1717394.0999
1,1747.1851,1717.5411,1717541.0999
1,1747.1967,1717.5527,1717552.6999
1,1747.6108,1717.9668,1717966.7999
1,1747.8480,1718.2040,1718203.9999
1,1747.9480,1718.3040,1718303.9999
1,1747.9995,1718.3555,1718355.4999
1,1748.2517,1718.6077,1718607.6999
1,1748.4742,1718.8302,1718830.1999
1,1748.6885,1719.0445,1719044.4999
1,1748.7693,1719.1253,1719125.2999
1,1748.8226,1719.1786,1719178.5999
1,1748.8567,1719.2127,1719212.6999
1,1749.1608,1719.5168,1719516.7999
1,1749.2954,1719.6514,1719651.3999
1,1749.6931,1720.0491,1720049.0999
1,1749.7068,1720.0628,1720062.7999
1,1749.9035,1720.2595,1720259.4999
1,1749.9222,1720.2782,1720278.1999
1,1749.9370,1720.2930,1720292.9999
1,1749.9643,1720.3203,1720320.2999
1,1750.3437,1720.6997,1720699.6999
1,1750.5651,1720.9211,1720921.0999
1,1750.6053,1720.9613,1720961.2999
1,1750.7119,1721.0679,1721067.8999
1,1750.8168,1721.1728,1721172.7999
1,1750.8555,1721.2115,1721211.4999
1,1750.9155,1721.2715,1721271.4999
1,1750.9579,1721.3139,1721313.8999
1,1750.9927,1721.3487,1721348.6999
1,1751.0048,1721.3608,1721360.7999
1,1751.1221,1721.4781,1721478.0999
1,1751.1535,1721.5095,1721509.4999
1,1751.1644,1721.5204,1721520.3999
1,1751.1870,1721.5430,1721542.9999
1,1751.1929,1721.5489,1721548.8999
1,1751.1981,1721.5541,1721554.0999
1,1751.2138,1721.5698,1721569.7999
1,1751.2355,1721.5915,1721591.4999
1,1751.4826,1721.8386,1721838.5999
1,1751.5775,1721.9335,1721933.4999
1,1751.6452,1722.0012,1722001.1999
1,1751.6618,1722.0178,1722017.7999
1,1751.7210,1722.0770,1722076.9999
1,1751.7496,1722.1056,1722105.5999
1,1751.7928,1722.1488,1722148.7999
1,1752.0786,1722.4346,1722434.5999
1,1752.0816,1722.4376,1722437.5999
1,1752.2110,1722.5670,1722566.9999
1,1752.5293,1722.8853,1722885.2999
1,1752.6883,1723.0443,1723044.2999
1,1752.8664,1723.2224,1723222.3999
1,1752.9048,1723.2608,1723260.7999
1,1752.9263,1723.2823,1723282.2999
1,1753.0131,1723.3691,1723369.0999
1,1753.0481,1723.4041,1723404.0999
1,1753.1603,1723.5163,1723516.2999
1,1753.1907,1723.5467,1723546.6999
1,1753.2052,1723.5612,1723561.1999
1,1753.3617,1723.7177,1723717.6999
1,1753.3796,1723.7356,1723735.5999
1,1753.4336,1723.7896,1723789.5999
1,1753.6055,1723.9615,1723961.4999
1,1753.6570,1724.0130,1724012.9999
1,1753.6925,1724.0485,1724048.4999
1,1753.8046,1724.1606,1724160.5999
1,1753.8250,1724.1810,1724180.9999
1,1753.8498,1724.2058,1724205.7999
1,1753.9180,1724.2740,1724273.9999
1,1753.9297,1724.2857,1724285.6999
1,1753.9450,1724.3010,1724300.9999
1,1754.0961,1724.4521,1724452.0999
1,1754.3073,1724.6633,1724663.2999
1,1754.4335,1724.7895,1724789.4999
1,1754.5395,1724.8955,1724895.4999
1,1754.7975,1725.1535,1725153.4999
1,1754.9318,1725.2878,1725287.7999
1,1755.0126,1725.3686,1725368.5999
1,1755.0313,1725.3873,1725387.2999
1,1755.0613,1725.4173,1725417.2999
1,1755.0730,1725.4290,1725428.9999
1,1755.0979,1725.4539,1725453.8999
1,1755.2428,1725.5988,1725598.7999
1,1755.2793,1725.6353,1725635.2999
1,1755.3030,1725.6590,1725658.9999
1,1755.4175,1725.7735,1725773.4999
1,1755.4321,1725.7881,1725788.0999
1,1755.4578,1725.8138,1725813.7999
1,1755.4737,1725.8297,1725829.6999
1,1755.6310,1725.9870,1725986.9999
1,1755.7752,1726.1312,1726131.1999
1,1755.8747,1726.2307,1726230.6999
1,1755.9923,1726.3483,1726348.2999
1,1756.0631,1726.4191,1726419.0999
1,1756.0877,1726.4437,1726443.6999
1,1756.3499,1726.7059,1726705.8999
1,1756.4232,1726.7792,1726779.1999
1,1756.6162,1726.9722,1726972.1999
1,1756.6922,1727.0482,1727048.1999
1,1756.7640,1727.1200,1727119.9999
1,1756.9745,1727.3305,1727330.4999
1,1757.0712,1727.4272,1727427.1999
1,1757.1693,1727.5253,1727525.2999
1,1757.3842,1727.7402,1727740.1999
1,1757.5154,1727.8714,1727871.3999
1,1757.5915,1727.9475,1727947.4999
1,1757.6529,1728.0089,1728008.8999
1,1757.7039,1728.0599,1728059.8999
1,1757.7794,1728.1354,1728135.3999
1,1757.8857,1728.2417,1728241.6999
1,1758.1300,1728.4860,1728485.9999
1,1758.1545,1728.5105,1728510.4999
1,1758.1900,1728.5460,1728545.9999
1,1758.3966,1728.7526,1728752.5999
1,1758.4345,1728.7905,1728790.4999
1,1758.4775,1728.8335,1728833.4999
1,1758.5448,1728.9008,1728900.7999
1,1758.6423,1728.9983,1728998.2999
1,1758.7034,1729.0594,1729059.3999
1,1758.7147,1729.0707,1729070.6999
1,1758.7398,1729.0958,1729095.7999
1,1758.7647,1729.1207,1729120.6999
1,1758.7828,1729.1388,1729138.7999
1,1758.9540,1729.3100,1729309.9999
1,1758.9971,1729.3531,1729353.0999
1,1759.1616,1729.5176,1729517.5999
1,1759.1954,1729.5514,1729551.3999
1,1759.2153,1729.5713,1729571.2999
1,1759.3311,1729.6871,1729687.0999
1,1759.3730,1729.7290,1729728.9999
1,1759.6072,1729.9632,1729963.1999
1,1759.6470,1730.0030,1730002.9999
1,1759.6977,1730.0537,1730053.6999
1,1759.8934,1730.2494,1730249.3999
1,1760.0382,1730.3942,1730394.1999
1,1760.0661,1730.4221,1730422.0999
1,1760.0726,1730.4286,1730428.5999
1,1760.3235,1730.6795,1730679.4999
1,1760.3492,1730.7052,1730705.1999
1,1760.9477,1731.3037,1731303.6999
1,1761.2173,1731.5733,1731573.2999
1,1761.4286,1731.7846,1731784.5999
1,1761.4837,1731.8397,1731839.6999
1,1761.5134,1731.8694,1731869.3999
1,1761.5281,1731.8841,1731884.0999
1,1761.7752,1732.1312,1732131.1999
1,1761.9306,1732.2866,1732286.5999
1,1761.9824,1732.3384,1732338.3999
1,1762.0305,1732.3865,1732386.4999
1,1762.1410,1732.4970,1732496.9999
1,1762.3869,1732.7429,1732742.8999
1,1762.4446,1732.8006,1732800.5999
1,1762.4654,1732.8214,1732821.3999
1,1762.4872,1732.8432,1732843.1999
1,1762.5767,1732.9327,1732932.6999
1,1762.6477,1733.0037,1733003.6999
1,1762.6673,1733.0233,1733023.2999
1,1762.9267,1733.2827,1733282.6999
1,1763.0079,1733.3639,1733363.8999
1,1763.0604,1733.4164,1733416.3999
1,1763.1085,1733.4645,1733464.4999
1,1763.1264,1733.4824,1733482.3999
1,1763.1387,1733.4947,1733494.6999
1,1763.1897,1733.5457,1733545.6999
1,1763.3548,1733.7108,1733710.7999
1,1763.5130,1733.8690,1733868.9999
1,1763.5696,1733.9256,1733925.5999
1,1763.6207,1733.9767,1733976.6999
1,1763.7343,1734.0903,1734090.2999
1,1763.7595,1734.1155,1734115.4999
1,1763.8790,1734.2350,1734234.9999
1,1764.1276,1734.4836,1734483.5999
1,1764.2525,1734.6085,1734608.4999
1,1764.2682,1734.6242,1734624.1999
1,1764.4795,1734.8355,1734835.4999
1,1764.5058,1734.8618,1734861.7999
1,1764.7827,1735.1387,1735138.6999
1,1764.8344,1735.1904,1735190.3999
1,1765.0753,1735.4313,1735431.2999
1,1765.1733,1735.5293,1735529.2999
1,1765.3434,1735.6994,1735699.3999
1,1765.8338,1736.1898,1736189.7999
1,1765.8788,1736.2348,1736234.7999
1,1765.9880,1736.3440,1736343.9999
1,1766.0461,1736.4021,1736402.0999
1,1766.0806,1736.4366,1736436.5999
1,1766.1818,1736.5378,1736537.7999
1,1766.2495,1736.6055,1736605.4999
1,1766.2683,1736.6243,1736624.2999
1,1766.2897,1736.6457,1736645.6999
1,1766.4479,1736.8039,1736803.8999
1,1766.4610,1736.8170,1736816.9999
1,1766.4738,1736.8298,1736829.7999
1,1766.5346,1736.8906,1736890.5999
1,1766.6812,1737.0372,1737037.1999
1,1766.9182,1737.2742,1737274.1999
1,1767.1003,1737.4563,1737456.2999
1,1767.2165,1737.5725,1737572.4999
1,1767.3017,1737.6577,1737657.6999
1,1767.3234,1737.6794,1737679.3999
1,1767.3298,1737.6858,1737685.7999
1,1767.3412,1737.6972,1737697.1999
1,1767.4447,1737.8007,1737800.6999
1,1767.7007,1738.0567,1738056.6999
1,1767.7446,1738.1006,1738100.5999
1,1767.8419,1738.1979,1738197.8999
1,1767.9444,1738.3004,1738300.3999
1,1767.9744,1738.3304,1738330.3999
1,1768.0965,1738.4525,1738452.4999
1,1768.1804,1738.5364,1738536.3999
1,1768.1958,1738.5518,1738551.7999
1,1768.2722,1738.6282,1738628.1999
1,1768.2989,1738.6549,1738654.8999
1,1768.3076,1738.6636,1738663.5999
1,1768.4129,1738.7689,1738768.8999
1,1768.4583,1738.8143,1738814.2999
1,1768.6297,1738.9857,1738985.6999
1,1768.7434,1739.0994,1739099.3999
1,1768.8234,1739.1794,1739179.3999
1,1768.8513,1739.2073,1739207.2999
1,1768.8628,1739.2188,1739218.7999
1,1768.9067,1739.2627,1739262.6999
1,1768.9194,1739.2754,1739275.3999
1,1768.9847,1739.3407,1739340.6999
1,1769.1607,1739.5167,1739516.6999
1,1769.3011,1739.6571,1739657.0999
1,1769.3520,1739.7080,1739707.9999
1,1769.3734,1739.7294,1739729.3999
1,1769.4103,1739.7663,1739766.2999
1,1769.5725,1739.9285,1739928.4999
1,1769.8314,1740.1874,1740187.3999
1,1770.0198,1740.3758,1740375.7999
1,1770.0406,1740.3966,1740396.5999
1,1770.0505,1740.4065,1740406.4999
1,1770.0837,1740.4397,1740439.6999
1,1770.2354,1740.5914,1740591.3999
1,1770.2563,1740.6123,1740612.2999
1,1770.4851,1740.8411,1740841.0999
1,1770.5042,1740.8602,1740860.1999
1,1770.5535,1740.9095,1740909.4999
1,1770.5995,1740.9555,1740955.4999
1,1770.6140,1740.9700,1740969.9999
1,1770.6937,1741.0497,1741049.6999
1,1770.7536,1741.1096,1741109.5999
1,1770.8224,1741.1784,1741178.3999
1,1770.8517,1741.2077,1741207.6999
1,1770.9444,1741.3004,1741300.3999
1,1771.2744,1741.6304,1741630.3999
1,1771.3725,1741.7285,1741728.4999
1,1771.4341,1741.7901,1741790.0999
1,1771.5034,1741.8594,1741859.3999
1,1771.5345,1741.8905,1741890.4999
1,1771.5674,1741.9234,1741923.3999
1,1771.6053,1741.9613,1741961.2999
1,1771.6480,1742.0040,1742003.9999
1,1771.8497,1742.2057,1742205.6999
1,1771.8695,1742.2255,1742225.4999
1,1771.9079,1742.2639,1742263.8999
1,1772.3234,1742.6794,1742679.3999
1,1772.4656,1742.8216,1742821.5999
1,1772.6815,1743.0375,1743037.4999
1,1772.7006,1743.0566,1743056.5999
1,1772.7517,1743.1077,1743107.6999
1,1772.7999,1743.1559,1743155.8999
1,1772.9999,1743.3559,1743355.8999
1,1773.0299,1743.3859,1743385.8999
1,1773.0428,1743.3988,1743398.7999
1,1773.1908,1743.5468,1743546.7999
1,1773.2304,1743.5864,1743586.3999
1,1773.2692,1743.6252,1743625.1999
1,1773.2794,1743.6354,1743635.3999
1,1773.3581,1743.7141,1743714.0999
1,1773.4385,1743.7945,1743794.4999
1,1773.4492,1743.8052,1743805.1999
1,1773.4538,1743.8098,1743809.7999
1,1773.4654,1743.8214,1743821.3999
1,1773.4864,1743.8424,1743842.3999
1,1773.7110,1744.0670,1744066.9999
1,1773.8422,1744.1982,1744198.1999
1,1773.8811,1744.2371,1744237.0999
1,1773.9964,1744.3524,1744352.3999
1,1774.0333,1744.3893,1744389.2999
1,1774.0626,1744.4186,1744418.5999
1,1774.1953,1744.5513,1744551.2999
1,1774.2105,1744.5665,1744566.4999
1,1774.2689,1744.6249,1744624.8999
1,1774.5405,1744.8965,1744896.4999
1,1774.6747,1745.0307,1745030.6999
1,1774.6943,1745.0503,1745050.2999
1,1774.7640,1745.1200,1745119.9999
1,1774.7910,1745.1470,1745146.9999
1,1774.8140,1745.1700,1745169.9999
1,1775.0202,1745.3762,1745376.1999
1,1775.0620,1745.4180,1745417.9999
1,1775.1307,1745.4867,1745486.6999
1,1775.2258,1745.5818,1745581.7999
1,1775.3346,1745.6906,1745690.5999
1,1775.3743,1745.7303,1745730.2999
1,1775.3973,1745.7533,1745753.2999
1,1775.4215,1745.7775,1745777.4999
1,1775.4482,1745.8042,1745804.1999
1,1775.6711,1746.0271,1746027.0999
1,1775.7396,1746.0956,1746095.5999
1,1775.8039,1746.1599,1746159.8999
1,1775.9484,1746.3044,1746304.3999
1,1776.0004,1746.3564,1746356.3999
1,1776.0281,1746.3841,1746384.0999
1,1776.0432,1746.3992,1746399.1999
1,1776.1136,1746.4696,1746469.5999
1,1776.1241,1746.4801,1746480.0999
1,1776.1443,1746.5003,1746500.2999
1,1776.2850,1746.6410,1746640.9999
1,1776.3168,1746.6728,1746672.7999
1,1776.6675,1747.0235,1747023.4999
1,1776.7096,1747.0656,1747065.5999
1,1777.0335,1747.3895,1747389.4999
1,1777.1148,1747.4708,1747470.7999
1,1777.2074,1747.5634,1747563.3999
1,1777.2197,1747.5757,1747575.6999
1,1777.2678,1747.6238,1747623.7999
1,1777.2889,1747.6449,1747644.8999
1,1777.3273,1747.6833,1747683.2999
1,1777.4321,1747.7881,1747788.0999
1,1777.5744,1747.9304,1747930.3999
1,1777.6876,1748.0436,1748043.5999
1,1777.7327,1748.0887,1748088.6999
1,1777.7849,1748.1409,1748140.8999
1,1777.8784,1748.2344,1748234.3999
1,1777.9002,1748.2562,1748256.1999
1,1778.2033,1748.5593,1748559.2999
1,1778.4340,1748.7900,1748789.9999
1,1778.6594,1749.0154,1749015.3999
1,1778.6930,1749.0490,1749048.9999
1,1778.7066,1749.0626,1749062.5999
1,1778.8002,1749.1562,1749156.1999
1,1778.8643,1749.2203,1749220.2999
1,1778.9028,1749.2588,1749258.7999
1,1779.0110,1749.3670,1749366.9999
1,1779.1775,1749.5335,1749533.4999
1,1779.1938,1749.5498,1749549.7999
1,1779.2290,1749.5850,1749584.9999
1,1779.4138,1749.7698,1749769.7999
1,1779.4640,1749.8200,1749819.9999
1,1779.5473,1749.9033,1749903.2999
1,1779.5856,1749.9416,1749941.5999
1,1779.6982,1750.0542,1750054.1999
1,1779.7362,1750.0922,1750092.1999
1,1779.7528,1750.1088,1750108.7999
1,1779.8787,1750.2347,1750234.6999
1,1779.9088,1750.2648,1750264.7999
1,1780.2242,1750.5802,1750580.1999
1,1780.4248,1750.7808,1750780.7999
1,1780.4885,1750.8445,1750844.4999
1,1780.5625,1750.9185,1750918.4999
1,1780.7537,1751.1097,1751109.6999
1,1780.9122,1751.2682,1751268.1999
1,1780.9859,1751.3419,1751341.8999
1,1781.0449,1751.4009,1751400.8999
1,1781.0800,1751.4360,1751435.9999
1,1781.3030,1751.6590,1751658.9999
1,1781.3309,1751.6869,1751686.8999
1,1781.3824,1751.7384,1751738.3999
1,1781.4122,1751.7682,1751768.1999
1,1781.4150,1751.7710,1751770.9999
1,1781.4357,1751.7917,1751791.6999
1,1781.5401,1751.8961,1751896.0999
1,1781.5547,1751.9107,1751910.6999
1,1781.5731,1751.9291,1751929.0999
1,1781.7531,1752.1091,1752109.0999
1,1781.9490,1752.3050,1752304.9999
1,1781.9772,1752.3332,1752333.1999
1,1782.0238,1752.3798,1752379.7999
1,1782.0584,1752.4144,1752414.3999
1,1782.1750,1752.5310,1752530.9999
1,1782.1962,1752.5522,1752552.1999
1,1782.2062,1752.5622,1752562.1999
1,1782.2272,1752.5832,1752583.1999
1,1782.2458,1752.6018,1752601.7999
1,1782.3698,1752.7258,1752725.7999
1,1782.3892,1752.7452,1752745.1999
1,1782.4038,1752.7598,1752759.7999
1,1782.4142,1752.7702,1752770.1999
1,1782.4278,1752.7838,1752783.7999
1,1782.4358,1752.7918,1752791.7999
1,1782.4935,1752.8495,1752849.4999
1,1782.6717,1753.0277,1753027.6999
1,1782.7012,1753.0572,1753057.1999
1,1782.7298,1753.0858,1753085.7999
1,1782.9199,1753.2759,1753275.8999
1,1782.9863,1753.3423,1753342.2999
1,1783.0717,1753.4277,1753427.6999
1,1783.1539,1753.5099,1753509.8999
1,1783.1945,1753.5505,1753550.4999
1,1783.4355,1753.7915,1753791.4999
1,1783.5207,1753.8767,1753876.6999
1,1783.5476,1753.9036,1753903.5999
1,1783.5893,1753.9453,1753945.2999
1,1783.8494,1754.2054,1754205.3999
1,1783.8869,1754.2429,1754242.8999
1,1783.9093,1754.2653,1754265.2999
1,1783.9228,1754.2788,1754278.7999
1,1783.9412,1754.2972,1754297.1999
1,1784.1312,1754.4872,1754487.1999
1,1784.1585,1754.5145,1754514.4999
1,1784.1776,1754.5336,1754533.5999
1,1784.2183,1754.5743,1754574.2999
1,1784.3183,1754.6743,1754674.2999
1,1784.3983,1754.7543,1754754.2999
1,1784.5027,1754.8587,1754858.6999
1,1784.7170,1755.0730,1755072.9999
1,1784.9322,1755.2882,1755288.1999
1,1785.0669,1755.4229,1755422.8999
1,1785.1298,1755.4858,1755485.7999
1,1785.1469,1755.5029,1755502.8999
1,1785.2221,1755.5781,1755578.0999
1,1785.3699,1755.7259,1755725.8999
1,1785.5738,1755.9298,1755929.7999
1,1785.6280,1755.9840,1755983.9999
1,1785.6785,1756.0345,1756034.4999
1,1785.7060,1756.0620,1756061.9999
1,1785.9611,1756.3171,1756317.0999
1,1786.0136,1756.3696,1756369.5999
1,1786.1622,1756.5182,1756518.1999
1,1786.1756,1756.5316,1756531.5999
1,1786.1993,1756.5553,1756555.2999
1,1786.2435,1756.5995,1756599.4999
1,1786.3232,1756.6792,1756679.1999
1,1786.6838,1757.0398,1757039.7999
1,1786.7402,1757.0962,1757096.1999
1,1786.8790,1757.2350,1757234.9999
1,1786.9982,1757.3542,1757354.1999
1,1787.0131,1757.3691,1757369.0999
1,1787.0299,1757.3859,1757385.8999
1,1787.0519,1757.4079,1757407.8999
1,1787.1110,1757.4670,1757466.9999
1,1787.1793,1757.5353,1757535.2999
1,1787.2244,1757.5804,1757580.3999
1,1787.3393,1757.6953,1757695.2999
1,1787.3413,1757.6973,1757697.2999
1,1787.3780,1757.7340,1757733.9999
1,1787.6239,1757.9799,1757979.8999
1,1787.6809,1758.0369,1758036.8999
1,1787.8394,1758.1954,1758195.3999
1,1787.8508,1758.2068,1758206.7999
1,1787.9485,1758.3045,1758304.4999
1,1788.0022,1758.3582,1758358.1999
1,1788.0356,1758.3916,1758391.5999
1,1788.0876,1758.4436,1758443.5999
1,1788.1619,1758.5179,1758517.8999
1,1788.2181,1758.5741,1758574.0999
1,1788.2390,1758.5950,1758594.9999
1,1788.3450,1758.7010,1758700.9999
1,1788.4177,1758.7737,1758773.6999
1,1788.5092,1758.8652,1758865.1999
1,1788.6856,1759.0416,1759041.5999
1,1788.8055,1759.1615,1759161.4999
1,1788.9324,1759.2884,1759288.3999
1,1789.0363,1759.3923,1759392.2999
1,1789.3612,1759.7172,1759717.1999
1,1789.4827,1759.8387,1759838.6999
1,1789.4916,1759.8476,1759847.5999
1,1789.5347,1759.8907,1759890.6999
1,1789.5947,1759.9507,1759950.6999
1,1789.6698,1760.0258,1760025.7999
1,1789.7239,1760.0799,1760079.8999
1,1789.7443,1760.1003,1760100.2999
1,1789.9351,1760.2911,1760291.0999
1,1790.1625,1760.5185,1760518.4999
1,1790.2290,1760.5850,1760584.9999
1,1790.3245,1760.6805,1760680.4999
1,1790.3503,1760.7063,1760706.2999
1,1790.3564,1760.7124,1760712.3999
1,1790.3985,1760.7545,1760754.4999
1,1790.5857,1760.9417,1760941.6999
1,1790.6406,1760.9966,1760996.5999
1,1790.6486,1761.0046,1761004.5999
1,1790.8628,1761.2188,1761218.7999
1,1790.8675,1761.2235,1761223.4999
1,1790.8705,1761.2265,1761226.4999
1,1790.9177,1761.2737,1761273.6999
1,1791.1326,1761.4886,1761488.5999
1,1791.2234,1761.5794,1761579.3999
1,1791.2589,1761.6149,1761614.8999
1,1791.3503,1761.7063,1761706.2999
1,1791.3745,1761.7305,1761730.4999
1,1791.5796,1761.9356,1761935.5999
1,1791.6887,1762.0447,1762044.6999
1,1791.7206,1762.0766,1762076.5999
1,1791.7602,1762.1162,1762116.1999
1,1791.7630,1762.1190,1762118.9999
1,1791.8281,1762.1841,1762184.0999
1,1792.0186,1762.3746,1762374.5999
1,1792.0539,1762.4099,1762409.8999
1,1792.0887,1762.4447,1762444.6999
1,1792.1179,1762.4739,1762473.8999
1,1792.2789,1762.6349,1762634.8999
1,1792.5033,1762.8593,1762859.2999
1,1792.5782,1762.9342,1762934.1999
1,1792.6835,1763.0395,1763039.4999
1,1792.7445,1763.1005,1763100.4999
1,1792.7845,1763.1405,1763140.4999
1,1793.0371,1763.3931,1763393.0999
1,1793.0678,1763.4238,1763423.7999
1,1793.0853,1763.4413,1763441.2999
1,1793.1326,1763.4886,1763488.5999
1,1793.2293,1763.5853,1763585.2999
1,1793.2915,1763.6475,1763647.4999
1,1793.6850,1764.0410,1764040.9999
1,1793.7117,1764.0677,1764067.6999
1,1793.7605,1764.1165,1764116.4999
1,1793.8101,1764.1661,1764166.0999
1,1793.8529,1764.2089,1764208.8999
1,1793.9901,1764.3461,1764346.0999
1,1794.1467,1764.5027,1764502.6999
1,1794.4059,1764.7619,1764761.8999
1,1794.5785,1764.9345,1764934.4999
1,1794.6271,1764.9831,1764983.0999
1,1794.6428,1764.9988,1764998.7999
1,1794.6659,1765.0219,1765021.8999
1,1794.8620,1765.2180,1765217.9999
1,1794.9118,1765.2678,1765267.7999
1,1794.9754,1765.3314,1765331.3999
1,1795.0981,1765.4541,1765454.0999
1,1795.1086,1765.4646,1765464.5999
1,1795.1802,1765.5362,1765536.1999
1,1795.3044,1765.6604,1765660.3999
1,1795.3811,1765.7371,1765737.0999
1,1795.4068,1765.7628,1765762.7999
1,1795.6301,1765.9861,1765986.0999
1,1795.8337,1766.1897,1766189.6999
1,1795.9362,1766.2922,1766292.1999
1,1796.0203,1766.3763,1766376.2999
1,1796.0902,1766.4462,1766446.1999
1,1796.1737,1766.5297,1766529.6999
1,1796.3512,1766.7072,1766707.1999
1,1796.5336,1766.8896,1766889.5999
1,1796.5647,1766.9207,1766920.6999
1,1796.6036,1766.9596,1766959.5999
1,1796.6372,1766.9932,1766993.1999
1,1796.8117,1767.1677,1767167.6999
1,1797.0115,1767.3675,1767367.4999
1,1797.0584,1767.4144,1767414.3999
1,1797.3071,1767.6631,1767663.0999
1,1797.3166,1767.6726,1767672.5999
1,1797.4024,1767.7584,1767758.3999
1,1797.4355,1767.7915,1767791.4999
1,1797.4645,1767.8205,1767820.4999
1,1797.4965,1767.8525,1767852.4999
1,1797.5169,1767.8729,1767872.8999
1,1797.5276,1767.8836,1767883.5999
1,1797.7277,1768.0837,1768083.6999
1,1797.7428,1768.0988,1768098.7999
1,1797.7969,1768.1529,1768152.8999
1,1797.8844,1768.2404,1768240.3999
1,1797.9368,1768.2928,1768292.7999
1,1797.9826,1768.3386,1768338.5999
1,1798.0815,1768.4375,1768437.4999
1,1798.1472,1768.5032,1768503.1999
1,1798.2492,1768.6052,1768605.1999
1,1798.2906,1768.6466,1768646.5999
1,1798.4332,1768.7892,1768789.1999
1,1798.4965,1768.8525,1768852.4999
1,1798.5170,1768.8730,1768872.9999
1,1798.5522,1768.9082,1768908.1999
1,1798.5840,1768.9400,1768939.9999
1,1798.7020,1769.0580,1769057.9999
1,1798.7333,1769.0893,1769089.2999
1,1798.7573,1769.1133,1769113.2999
1,1798.9645,1769.3205,1769320.4999
1,1799.1200,1769.4760,1769475.9999
1,1799.1560,1769.5120,1769511.9999
1,1799.2787,1769.6347,1769634.6999
1,1799.4504,1769.8064,1769806.3999
1,1799.4791,1769.8351,1769835.0999
1,1799.5190,1769.8750,1769874.9999
1,1799.5217,1769.8777,1769877.6999
1,1799.5692,1769.9252,1769925.1999
1,1799.6224,1769.9784,1769978.3999
1,1799.7009,1770.0569,1770056.8999
1,1799.8716,1770.2276,1770227.5999
1,1799.9405,1770.2965,1770296.4999
1,1800.0790,1770.4350,1770434.9999
1,1800.1700,1770.5260,1770525.9999
1,1800.4897,1770.8457,1770845.6999
1,1800.6632,1771.0192,1771019.1999
1,1800.7957,1771.1517,1771151.6999
1,1800.8366,1771.1926,1771192.5999
1,1800.8755,1771.2315,1771231.4999
1,1800.8907,1771.2467,1771246.6999
1,1801.0660,1771.4220,1771421.9999
1,1801.4080,1771.7640,1771763.9999
1,1801.6415,1771.9975,1771997.4999
1,1801.7427,1772.0987,1772098.6999
1,1801.7801,1772.1361,1772136.0999
1,1801.8554,1772.2114,1772211.3999
1,1801.9436,1772.2996,1772299.5999
1,1802.0975,1772.4535,1772453.4999
1,1802.1532,1772.5092,1772509.1999
1,1802.3566,1772.7126,1772712.5999
1,1802.4811,1772.8371,1772837.0999
1,1802.5247,1772.8807,1772880.6999
1,1802.5956,1772.9516,1772951.5999
1,1802.7430,1773.0990,1773098.9999
1,1802.7563,1773.1123,1773112.2999
1,1802.7704,1773.1264,1773126.3999
1,1802.7855,1773.1415,1773141.4999
1,1802.9367,1773.2927,1773292.6999
1,1803.0308,1773.3868,1773386.7999
1,1803.0479,1773.4039,1773403.8999
1,1803.1705,1773.5265,1773526.4999
1,1803.2131,1773.5691,1773569.0999
1,1803.2504,1773.6064,1773606.3999
1,1803.3987,1773.7547,1773754.6999
1,1803.4147,1773.7707,1773770.6999
1,1803.6897,1774.0457,1774045.6999
1,1803.7579,1774.1139,1774113.8999
1,1803.9845,1774.3405,1774340.4999
1,1804.0315,1774.3875,1774387.4999
1,1804.1514,1774.5074,1774507.3999
1,1804.1771,1774.5331,1774533.0999
1,1804.2076,1774.5636,1774563.5999
1,1804.3833,1774.7393,1774739.2999
1,1804.4188,1774.7748,1774774.7999
1,1804.5801,1774.9361,1774936.0999
1,1804.5951,1774.9511,1774951.0999
1,1804.7227,1775.0787,1775078.6999
1,1804.7420,1775.0980,1775097.9999
1,1804.9967,1775.3527,1775352.6999
1,1805.1764,1775.5324,1775532.3999
1,1805.2869,1775.6429,1775642.8999
1,1805.3846,1775.7406,1775740.5999
1,1805.4812,1775.8372,1775837.1999
1,1805.4834,1775.8394,1775839.3999
1,1805.5235,1775.8795,1775879.4999
1,1805.5523,1775.9083,1775908.2999
1,1805.5655,1775.9215,1775921.4999
1,1805.6058,1775.9618,1775961.7999
1,1805.8557,1776.2117,1776211.6999
1,1805.9847,1776.3407,1776340.6999
1,1806.1678,1776.5238,1776523.7999
1,1806.1994,1776.5554,1776555.3999
1,1806.3191,1776.6751,1776675.0999
1,1806.3751,1776.7311,1776731.0999
1,1806.5732,1776.9292,1776929.1999
1,1806.6244,1776.9804,1776980.3999
1,1806.7632,1777.1192,1777119.1999
1,1806.9345,1777.2905,1777290.4999
1,1806.9500,1777.3060,1777305.9999
1,1807.0123,1777.3683,1777368.2999
1,1807.1105,1777.4665,1777466.4999
1,1807.1626,1777.5186,1777518.5999
1,1807.2185,1777.5745,1777574.4999
1,1807.2797,1777.6357,1777635.6999
1,1807.4304,1777.7864,1777786.3999
1,1807.6002,1777.9562,1777956.1999
1,1807.6366,1777.9926,1777992.5999
1,1807.6425,1777.9985,1777998.4999
1,1807.6846,1778.0406,1778040.5999
1,1807.9731,1778.3291,1778329.0999
1,1808.0288,1778.3848,1778384.7999
1,1808.0700,1778.4260,1778425.9999
1,1808.1296,1778.4856,1778485.5999
1,1808.1846,1778.5406,1778540.5999
1,1808.2196,1778.5756,1778575.5999
1,1808.4214,1778.7774,1778777.3999
1,1808.4452,1778.8012,1778801.1999
1,1808.4757,1778.8317,1778831.6999
1,1808.8780,1779.2340,1779233.9999
1,1808.9062,1779.2622,1779262.1999
1,1809.0692,1779.4252,1779425.1999
1,1809.0922,1779.4482,1779448.1999
1,1809.1024,1779.4584,1779458.3999
1,1809.1356,1779.4916,1779491.5999
1,1809.1407,1779.4967,1779496.6999
1,1809.4467,1779.8027,1779802.6999
1,1809.5205,1779.8765,1779876.4999
1,1809.5930,1779.9490,1779948.9999
1,1809.7739,1780.1299,1780129.8999
1,1809.7956,1780.1516,1780151.5999
1,1809.8066,1780.1626,1780162.5999
1,1809.8248,1780.1808,1780180.7999
1,1809.9979,1780.3539,1780353.8999
1,1810.1912,1780.5472,1780547.1999
1,1810.2027,1780.5587,1780558.6999
1,1810.3069,1780.6629,1780662.8999
1,1810.3287,1780.6847,1780684.6999
1,1810.3583,1780.7143,1780714.2999
1,1810.3776,1780.7336,1780733.5999
1,1810.3983,1780.7543,1780754.2999
1,1810.4573,1780.8133,1780813.2999
1,1810.6783,1781.0343,1781034.2999
1,1810.7159,1781.0719,1781071.8999
1,1811.0613,1781.4173,1781417.2999
1,1811.2147,1781.5707,1781570.6999
1,1811.3949,1781.7509,1781750.8999
1,1811.4273,1781.7833,1781783.2999
1,1811.6049,1781.9609,1781960.8999
1,1811.6131,1781.9691,1781969.0999
1,1811.6270,1781.9830,1781982.9999
1,1811.6566,1782.0126,1782012.5999
1,1811.7142,1782.0702,1782070.1999
1,1811.8109,1782.1669,1782166.8999
1,1811.8321,1782.1881,1782188.0999
1,1811.9187,1782.2747,1782274.6999
1,1812.0226,1782.3786,1782378.5999
1,1812.0468,1782.4028,1782402.7999
1,1812.2045,1782.5605,1782560.4999
1,1812.2099,1782.5659,1782565.8999
1,1812.2734,1782.6294,1782629.3999
1,1812.2884,1782.6444,1782644.3999
1,1812.6985,1783.0545,1783054.4999
1,1813.0851,1783.4411,1783441.0999
1,1813.1347,1783.4907,1783490.6999
1,1813.2054,1783.5614,1783561.3999
1,1813.2854,1783.6414,1783641.3999
1,1813.3337,1783.6897,1783689.6999
1,1813.5765,1783.9325,1783932.4999
1,1813.7742,1784.1302,1784130.1999
1,1813.8691,1784.2251,1784225.0999
1,1814.0877,1784.4437,1784443.6999
1,1814.1232,1784.4792,1784479.1999
1,1814.2916,1784.6476,1784647.5999
1,1814.3577,1784.7137,1784713.6999
1,1814.5255,1784.8815,1784881.4999
1,1814.6238,1784.9798,1784979.7999
1,1814.6441,1785.0001,1785000.0999
1,1814.6888,1785.0448,1785044.7999
1,1814.7075,1785.0635,1785063.4999
1,1814.9502,1785.3062,1785306.1999
1,1815.2912,1785.6472,1785647.1999
1,1815.4954,1785.8514,1785851.3999
1,1815.6839,1786.0399,1786039.8999
1,1815.8159,1786.1719,1786171.8999
1,1815.8480,1786.2040,1786203.9999
1,1815.8942,1786.2502,1786250.1999
1,1815.9813,1786.3373,1786337.2999
1,1816.0353,1786.3913,1786391.2999
1,1816.0851,1786.4411,1786441.0999
1,1816.1832,1786.5392,1786539.1999
1,1816.2257,1786.5817,1786581.6999
1,1816.3690,1786.7250,1786724.9999
1,1816.5605,1786.9165,1786916.4999
1,1816.6260,1786.9820,1786981.9999
1,1816.6547,1787.0107,1787010.6999
1,1816.7927,1787.1487,1787148.6999
1,1816.7996,1787.1556,1787155.5999
1,1816.8509,1787.2069,1787206.8999
1,1816.8828,1787.2388,1787238.7999
1,1816.9776,1787.3336,1787333.5999
1,1817.0076,1787.3636,1787363.5999
1,1817.0307,1787.3867,1787386.6999
1,1817.2035,1787.5595,1787559.4999
1,1817.3524,1787.7084,1787708.3999
1,1817.4278,1787.7838,1787783.7999
1,1817.6785,1788.0345,1788034.4999
1,1817.7207,1788.0767,1788076.6999
1,1817.7725,1788.1285,1788128.4999
1,1817.8208,1788.1768,1788176.7999
1,1817.9529,1788.3089,1788308.8999
1,1817.9960,1788.3520,1788351.9999
1,1818.0438,1788.3998,1788399.7999
1,1818.0884,1788.4444,1788444.3999
1,1818.1776,1788.5336,1788533.5999
1,1818.2358,1788.5918,1788591.7999
1,1818.2567,1788.6127,1788612.6999
1,1818.6002,1788.9562,1788956.1999
1,1818.6174,1788.9734,1788973.3999
1,1818.6961,1789.0521,1789052.0999
1,1818.7603,1789.1163,1789116.2999
1,1818.8156,1789.1716,1789171.5999
1,1818.8376,1789.1936,1789193.5999
1,1818.8567,1789.2127,1789212.6999
1,1818.8790,1789.2350,1789234.9999
1,1819.2219,1789.5779,1789577.8999
1,1819.4312,1789.7872,1789787.1999
1,1819.7684,1790.1244,1790124.3999
1,1819.8103,1790.1663,1790166.2999
1,1820.0070,1790.3630,1790362.9999
1,1820.0159,1790.3719,1790371.8999
1,1820.0279,1790.3839,1790383.8999
1,1820.1574,1790.5134,1790513.3999
1,1820.2494,1790.6054,1790605.3999
1,1820.3122,1790.6682,1790668.1999
1,1820.4535,1790.8095,1790809.4999
1,1820.5716,1790.9276,1790927.5999
1,1820.5897,1790.9457,1790945.6999
1,1820.6125,1790.9685,1790968.4999
1,1820.7659,1791.1219,1791121.8999
1,1820.8886,1791.2446,1791244.5999
1,1820.9211,1791.2771,1791277.0999
1,1820.9461,1791.3021,1791302.0999
1,1821.0366,1791.3926,1791392.5999
1,1821.1609,1791.5169,1791516.8999
1,1821.3735,1791.7295,1791729.4999
1,1821.4141,1791.7701,1791770.0999
1,1821.4497,1791.8057,1791805.6999
1,1821.6364,1791.9924,1791992.3999
1,1821.6627,1792.0187,1792018.6999
1,1821.7541,1792.1101,1792110.0999
1,1821.8314,1792.1874,1792187.3999
1,1822.0507,1792.4067,1792406.6999
1,1822.2210,1792.5770,1792576.9999
1,1822.2493,1792.6053,1792605.2999
1,1822.3189,1792.6749,1792674.8999
1,1822.3767,1792.7327,1792732.6999
1,1822.4270,1792.7830,1792782.9999
1,1822.4446,1792.8006,1792800.5999
1,1822.4795,1792.8355,1792835.4999
1,1822.5144,1792.8704,1792870.3999
1,1822.5557,1792.9117,1792911.6999
1,1822.7989,1793.1549,1793154.8999
1,1822.9982,1793.3542,1793354.1999
1,1823.0730,1793.4290,1793428.9999
1,1823.2819,1793.6379,1793637.8999
1,1823.4506,1793.8066,1793806.5999
1,1823.5368,1793.8928,1793892.7999
1,1823.6365,1793.9925,1793992.4999
1,1823.6865,1794.0425,1794042.4999
1,1823.7158,1794.0718,1794071.7999
1,1823.8310,1794.1870,1794186.9999
1,1823.8342,1794.1902,1794190.1999
1,1824.0206,1794.3766,1794376.5999
1,1824.1579,1794.5139,1794513.8999
1,1824.2175,1794.5735,1794573.4999
1,1824.4759,1794.8319,1794831.8999
1,1824.7405,1795.0965,1795096.4999
1,1824.7864,1795.1424,1795142.3999
1,1824.8910,1795.2470,1795246.9999
1,1824.9181,1795.2741,1795274.0999
1,1824.9309,1795.2869,1795286.8999
1,1824.9569,1795.3129,1795312.8999
1,1824.9857,1795.3417,1795341.6999
1,1825.0605,1795.4165,1795416.4999
1,1825.2453,1795.6013,1795601.2999
1,1825.2948,1795.6508,1795650.7999
1,1825.3215,1795.6775,1795677.4999
1,1825.4026,1795.7586,1795758.5999
1,1825.6776,1796.0336,1796033.5999
1,1825.7995,1796.1555,1796155.4999
1,1825.8654,1796.2214,1796221.3999
1,1825.9861,1796.3421,1796342.0999
1,1826.0684,1796.4244,1796424.3999
1,1826.1150,1796.4710,1796470.9999
1,1826.2372,1796.5932,1796593.1999
1,1826.2894,1796.6454,1796645.3999
1,1826.4083,1796.7643,1796764.2999
1,1826.4528,1796.8088,1796808.7999
1,1826.6585,1797.0145,1797014.4999
1,1826.7191,1797.0751,1797075.0999
1,1826.8258,1797.1818,1797181.7999
1,1826.9842,1797.3402,1797340.1999
1,1827.0625,1797.4185,1797418.4999
1,1827.2780,1797.6340,1797633.9999
1,1827.3115,1797.6675,1797667.4999
1,1827.5080,1797.8640,1797863.9999
1,1827.5134,1797.8694,1797869.3999
1,1827.5387,1797.8947,1797894.6999
1,1827.5534,1797.9094,1797909.3999
1,1828.0872,1798.4432,1798443.1999
1,1828.1809,1798.5369,1798536.8999
1,1828.2221,1798.5781,1798578.0999
1,1828.2618,1798.6178,1798617.7999
1,1828.3052,1798.6612,1798661.1999
1,1828.4181,1798.7741,1798774.0999
1,1828.6888,1799.0448,1799044.7999
1,1828.7413,1799.0973,1799097.2999
1,1828.8009,1799.1569,1799156.8999
1,1828.8202,1799.1762,1799176.1999
1,1828.8395,1799.1955,1799195.4999
1,1828.8458,1799.2018,1799201.7999
1,1829.0433,1799.3993,1799399.2999
1,1829.0560,1799.4120,1799411.9999
1,1829.1242,1799.4802,1799480.1999
1,1829.2097,1799.5657,1799565.6999
1,1829.2231,1799.5791,1799579.0999
1,1829.2347,1799.5907,1799590.6999
1,1829.5364,1799.8924,1799892.3999
1,1829.6485,1800.0045,1800004.4999
1,1829.7134,1800.0694,1800069.3999
1,1829.7866,1800.1426,1800142.5999
1,1829.8385,1800.1945,1800194.4999
1,1829.8865,1800.2425,1800242.4999
1,1829.8920,1800.2480,1800247.9999
1,1829.9232,1800.2792,1800279.1999
1,1830.3091,1800.6651,1800665.0999
1,1830.3563,1800.7123,1800712.2999
1,1830.4164,1800.7724,1800772.3999
1,1830.5669,1800.9229,1800922.8999
1,1830.6436,1800.9996,1800999.5999
1,1830.7741,1801.1301,1801130.0999
1,1830.8115,1801.1675,1801167.4999
1,1830.8635,1801.2195,1801219.4999
1,1830.9231,1801.2791,1801279.0999
1,1831.0320,1801.3880,1801387.9999
1,1831.0867,1801.4427,1801442.6999
1,1831.3754,1801.7314,1801731.3999
1,1831.4329,1801.7889,1801788.8999
1,1831.4717,1801.8277,1801827.6999
1,1831.6068,1801.9628,1801962.7999
1,1831.7830,1802.1390,1802138.9999
1,1831.8643,1802.2203,1802220.2999
1,1831.9065,1802.2625,1802262.4999
1,1832.1609,1802.5169,1802516.8999
1,1832.1843,1802.5403,1802540.2999
1,1832.3030,1802.6590,1802658.9999
1,1832.3368,1802.6928,1802692.7999
1,1832.3738,1802.7298,1802729.7999
1,1832.3890,1802.7450,1802744.9999
1,1832.4832,1802.8392,1802839.1999
1,1832.5600,1802.9160,1802915.9999
1,1832.7157,1803.0717,1803071.6999
1,1832.7723,1803.1283,1803128.2999
1,1833.2412,1803.5972,1803597.1999
1,1833.3185,1803.6745,1803674.4999
1,1833.3534,1803.7094,1803709.3999
1,1833.3934,1803.7494,1803749.3999
1,1833.6591,1804.0151,1804015.0999
1,1833.8284,1804.1844,1804184.3999
1,1833.8513,1804.2073,1804207.2999
1,1833.8632,1804.2192,1804219.1999
1,1833.8718,1804.2278,1804227.7999
1,1833.8838,1804.2398,1804239.7999
1,1833.9031,1804.2591,1804259.0999
1,1834.3125,1804.6685,1804668.4999
1,1834.3751,1804.7311,1804731.0999
1,1834.4412,1804.7972,1804797.1999
1,1834.4638,1804.8198,1804819.7999
1,1834.5671,1804.9231,1804923.0999
1,1834.5864,1804.9424,1804942.3999
1,1834.5976,1804.9536,1804953.5999
1,1834.6069,1804.9629,1804962.8999
1,1834.6142,1804.9702,1804970.1999
1,1834.8430,1805.1990,1805198.9999
1,1834.8969,1805.2529,1805252.8999
1,1834.9807,1805.3367,1805336.6999
1,1835.0069,1805.3629,1805362.8999
1,1835.1606,1805.5166,1805516.5999
1,1835.1790,1805.5350,1805534.9999
1,1835.2064,1805.5624,1805562.3999
1,1835.4000,1805.7560,1805755.9999
1,1835.4415,1805.7975,1805797.4999
1,1835.4541,1805.8101,1805810.0999
1,1835.4705,1805.8265,1805826.4999
1,1835.4944,1805.8504,1805850.3999
1,1835.5091,1805.8651,1805865.0999
1,1835.9374,1806.2934,1806293.3999
1,1836.1470,1806.5030,1806502.9999
1,1836.1840,1806.5400,1806539.9999
1,1836.2985,1806.6545,1806654.4999
1,1836.5959,1806.9519,1806951.8999
1,1836.6150,1806.9710,1806970.9999
1,1836.7583,1807.1143,1807114.2999
1,1836.7991,1807.1551,1807155.0999
1,1836.9579,1807.3139,1807313.8999
1,1837.0346,1807.3906,1807390.5999
1,1837.0505,1807.4065,1807406.4999
1,1837.0758,1807.4318,1807431.7999
1,1837.1404,1807.4964,1807496.3999
1,1837.2531,1807.6091,1807609.0999
1,1837.3067,1807.6627,1807662.6999
1,1837.3257,1807.6817,1807681.6999
1,1837.7955,1808.1515,1808151.4999
1,1837.8400,1808.1960,1808195.9999
1,1837.8565,1808.2125,1808212.4999
1,1837.9630,1808.3190,1808318.9999
1,1837.9735,1808.3295,1808329.4999
1,1837.9769,1808.3329,1808332.8999
1,1838.0106,1808.3666,1808366.5999
1,1838.0309,1808.3869,1808386.8999
1,1838.0552,1808.4112,1808411.1999
1,1838.2888,1808.6448,1808644.7999
1,1838.3529,1808.7089,1808708.8999
1,1838.3741,1808.7301,1808730.0999
1,1838.3967,1808.7527,1808752.6999
1,1838.5379,1808.8939,1808893.8999
1,1838.5914,1808.9474,1808947.3999
1,1838.6428,1808.9988,1808998.7999
1,1838.8240,1809.1800,1809179.9999
1,1838.8659,1809.2219,1809221.8999
1,1838.8800,1809.2360,1809235.9999
1,1838.8946,1809.2506,1809250.5999
1,1838.9235,1809.2795,1809279.4999
1,1838.9980,1809.3540,1809353.9999
1,1839.0668,1809.4228,1809422.7999
1,1839.0883,1809.4443,1809444.2999
1,1839.1397,1809.4957,1809495.6999
1,1839.1534,1809.5094,1809509.3999
1,1839.1605,1809.5165,1809516.4999
1,1839.1852,1809.5412,1809541.1999
1,1839.3689,1809.7249,1809724.8999
1,1839.3784,1809.7344,1809734.3999
1,1839.6455,1810.0015,1810001.4999
1,1839.8204,1810.1764,1810176.3999
1,1840.0700,1810.4260,1810425.9999
1,1840.1063,1810.4623,1810462.2999
1,1840.1903,1810.5463,1810546.2999
1,1840.3845,1810.7405,1810740.4999
1,1840.6983,1811.0543,1811054.2999
1,1840.8134,1811.1694,1811169.3999
1,1840.9939,1811.3499,1811349.8999
1,1841.1212,1811.4772,1811477.1999
1,1841.1542,1811.5102,1811510.1999
1,1841.1692,1811.5252,1811525.1999
1,1841.3323,1811.6883,1811688.2999
1,1841.4237,1811.7797,1811779.6999
1,1841.4762,1811.8322,1811832.1999
1,1841.5548,1811.9108,1811910.7999
1,1841.6715,1812.0275,1812027.4999
1,1841.7920,1812.1480,1812147.9999
1,1841.8271,1812.1831,1812183.0999
1,1841.8934,1812.2494,1812249.3999
1,1842.1154,1812.4714,1812471.3999
1,1842.1973,1812.5533,1812553.2999
1,1842.2574,1812.6134,1812613.3999
1,1842.2769,1812.6329,1812632.8999
1,1842.3758,1812.7318,1812731.7999
1,1842.5441,1812.9001,1812900.0999
1,1842.5469,1812.9029,1812902.8999
1,1842.5845,1812.9405,1812940.4999
1,1842.7694,1813.1254,1813125.3999
1,1842.8834,1813.2394,1813239.3999
1,1843.0700,1813.4260,1813425.9999
1,1843.1381,1813.4941,1813494.0999
1,1843.1906,1813.5466,1813546.5999
1,1843.2129,1813.5689,1813568.8999
1,1843.2708,1813.6268,1813626.7999
1,1843.3024,1813.6584,1813658.3999
1,1843.3401,1813.6961,1813696.0999
1,1843.3568,1813.7128,1813712.7999
1,1843.3704,1813.7264,1813726.3999
1,1843.7276,1814.0836,1814083.5999
1,1843.9228,1814.2788,1814278.7999
1,1844.2807,1814.6367,1814636.6999
1,1844.4612,1814.8172,1814817.1999
1,1844.5160,1814.8720,1814871.9999
1,1844.5380,1814.8940,1814893.9999
1,1844.5566,1814.9126,1814912.5999
1,1844.6485,1815.0045,1815004.4999
1,1844.7726,1815.1286,1815128.5999
1,1844.8171,1815.1731,1815173.0999
1,1844.8746,1815.2306,1815230.5999
1,1844.8817,1815.2377,1815237.6999
1,1844.9068,1815.2628,1815262.7999
1,1844.9319,1815.2879,1815287.8999
1,1845.0336,1815.3896,1815389.5999
1,1845.1185,1815.4745,1815474.4999
1,1845.4032,1815.7592,1815759.1999
1,1845.4861,1815.8421,1815842.0999
1,1845.5681,1815.9241,1815924.0999
1,1845.5928,1815.9488,1815948.7999
1,1845.7423,1816.0983,1816098.2999
1,1845.7612,1816.1172,1816117.1999
1,1845.8021,1816.1581,1816158.0999
1,1845.9968,1816.3528,1816352.7999
1,1846.0540,1816.4100,1816409.9999
1,1846.1934,1816.5494,1816549.3999
1,1846.2834,1816.6394,1816639.3999
1,1846.3219,1816.6779,1816677.8999
1,1846.6066,1816.9626,1816962.5999
1,1846.6217,1816.9777,1816977.6999
1,1846.7046,1817.0606,1817060.5999
1,1846.7341,1817.0901,1817090.0999
1,1846.7935,1817.1495,1817149.4999
1,1846.8305,1817.1865,1817186.4999
1,1846.9524,1817.3084,1817308.3999
1,1847.3284,1817.6844,1817684.3999
1,1847.3893,1817.7453,1817745.2999
1,1847.4212,1817.7772,1817777.1999
1,1847.4345,1817.7905,1817790.4999
1,1847.4642,1817.8202,1817820.1999
1,1847.5088,1817.8648,1817864.7999
1,1847.7128,1818.0688,1818068.7999
1,1847.7860,1818.1420,1818141.9999
1,1847.8139,1818.1699,1818169.8999
1,1847.8271,1818.1831,1818183.0999
1,1848.0069,1818.3629,1818362.8999
1,1848.0337,1818.3897,1818389.6999
1,1848.0409,1818.3969,1818396.8999
1,1848.4795,1818.8355,1818835.4999
1,1848.4959,1818.8519,1818851.8999
1,1848.5172,1818.8732,1818873.1999
1,1848.8128,1819.1688,1819168.7999
1,1848.8403,1819.1963,1819196.2999
1,1848.9040,1819.2600,1819259.9999
1,1849.0354,1819.3914,1819391.3999
1,1849.1519,1819.5079,1819507.8999
1,1849.3523,1819.7083,1819708.2999
1,1849.4998,1819.8558,1819855.7999
1,1849.5209,1819.8769,1819876.8999
1,1849.6799,1820.0359,1820035.8999
1,1849.7593,1820.1153,1820115.2999
1,1849.8739,1820.2299,1820229.8999
1,1850.1660,1820.5220,1820521.9999
1,1850.2915,1820.6475,1820647.4999
1,1850.3153,1820.6713,1820671.2999
1,1850.3281,1820.6841,1820684.0999
1,1850.5137,1820.8697,1820869.6999
1,1850.6474,1821.0034,1821003.3999
1,1850.6981,1821.0541,1821054.0999
1,1850.7434,1821.0994,1821099.3999
1,1850.7937,1821.1497,1821149.6999
1,1850.8475,1821.2035,1821203.4999
1,1850.9728,1821.3288,1821328.7999
1,1851.0521,1821.4081,1821408.0999
1,1851.1633,1821.5193,1821519.2999
1,1851.1802,1821.5362,1821536.1999
1,1851.2000,1821.5560,1821555.9999
1,1851.2164,1821.5724,1821572.3999
1,1851.2558,1821.6118,1821611.7999
1,1851.2778,1821.6338,1821633.7999
1,1851.7219,1822.0779,1822077.8999
1,1851.8594,1822.2154,1822215.3999
1,1851.9134,1822.2694,1822269.3999
1,1852.0639,1822.4199,1822419.8999
1,1852.0814,1822.4374,1822437.3999
1,1852.1007,1822.4567,1822456.6999
1,1852.2299,1822.5859,1822585.8999
1,1852.3215,1822.6775,1822677.4999
1,1852.3477,1822.7037,1822703.6999
1,1852.3798,1822.7358,1822735.7999
1,1852.5314,1822.8874,1822887.3999
1,1852.6738,1823.0298,1823029.7999
1,1852.7530,1823.1090,1823108.9999
1,1852.7615,1823.1175,1823117.4999
1,1852.7756,1823.1316,1823131.5999
1,1852.7836,1823.1396,1823139.5999
1,1852.7987,1823.1547,1823154.6999
1,1852.8195,1823.1755,1823175.4999
1,1852.8483,1823.2043,1823204.2999
1,1853.0179,1823.3739,1823373.8999
1,1853.0434,1823.3994,1823399.3999
1,1853.1838,1823.5398,1823539.7999
1,1853.2069,1823.5629,1823562.8999
1,1853.3817,1823.7377,1823737.6999
1,1853.4317,1823.7877,1823787.6999
1,1853.6043,1823.9603,1823960.2999
1,1853.6226,1823.9786,1823978.5999
1,1853.8544,1824.2104,1824210.3999
1,1853.9569,1824.3129,1824312.8999
1,1853.9670,1824.3230,1824322.9999
1,1854.0033,1824.3593,1824359.2999
1,1854.0249,1824.3809,1824380.8999
1,1854.3517,1824.7077,1824707.6999
1,1854.3745,1824.7305,1824730.4999
1,1854.5289,1824.8849,1824884.8999
1,1854.9627,1825.3187,1825318.6999
1,1855.0239,1825.3799,1825379.8999
1,1855.1438,1825.4998,1825499.7999
1,1855.1699,1825.5259,1825525.8999
1,1855.1820,1825.5380,1825537.9999
1,1855.3071,1825.6631,1825663.0999
1,1855.3866,1825.7426,1825742.5999
1,1855.4277,1825.7837,1825783.6999
1,1855.4980,1825.8540,1825853.9999
1,1855.6025,1825.9585,1825958.4999
1,1855.6556,1826.0116,1826011.5999
1,1855.8094,1826.1654,1826165.3999
1,1855.8624,1826.2184,1826218.3999
1,1855.8956,1826.2516,1826251.5999
1,1856.0100,1826.3660,1826365.9999
1,1856.2028,1826.5588,1826558.7999
1,1856.2211,1826.5771,1826577.0999
1,1856.2957,1826.6517,1826651.6999
1,1856.3477,1826.7037,1826703.6999
1,1856.4590,1826.8150,1826814.9999
1,1856.4949,1826.8509,1826850.8999
1,1856.5637,1826.9197,1826919.6999
1,1856.6972,1827.0532,1827053.1999
1,1856.7813,1827.1373,1827137.2999
1,1856.8334,1827.1894,1827189.3999
1,1856.8751,1827.2311,1827231.0999
1,1856.9500,1827.3060,1827305.9999
1,1856.9522,1827.3082,1827308.1999
1,1857.1280,1827.4840,1827483.9999
1,1857.1798,1827.5358,1827535.7999
1,1857.1830,1827.5390,1827538.9999
1,1857.3287,1827.6847,1827684.6999
1,1857.3738,1827.7298,1827729.7999
1,1857.4466,1827.8026,1827802.5999
1,1857.4610,1827.8170,1827816.9999
1,1857.4777,1827.8337,1827833.6999
1,1857.4950,1827.8510,1827850.9999
1,1857.5453,1827.9013,1827901.2999
1,1857.6643,1828.0203,1828020.2999
1,1857.6888,1828.0448,1828044.7999
1,1857.7163,1828.0723,1828072.2999
1,1857.7333,1828.0893,1828089.2999
1,1857.7803,1828.1363,1828136.2999
1,1857.9036,1828.2596,1828259.5999
1,1858.0404,1828.3964,1828396.3999
1,1858.1362,1828.4922,1828492.1999
1,1858.1657,1828.5217,1828521.6999
1,1858.1916,1828.5476,1828547.5999
1,1858.2166,1828.5726,1828572.5999
1,1858.2682,1828.6242,1828624.1999
1,1858.3259,1828.6819,1828681.8999
1,1858.4753,1828.8313,1828831.2999
1,1858.6676,1829.0236,1829023.5999
1,1858.7516,1829.1076,1829107.5999
1,1858.8018,1829.1578,1829157.7999
1,1858.8934,1829.2494,1829249.3999
1,1859.0158,1829.3718,1829371.7999
1,1859.0345,1829.3905,1829390.4999
1,1859.0474,1829.4034,1829403.3999
1,1859.0727,1829.4287,1829428.6999
1,1859.1028,1829.4588,1829458.7999
1,1859.4778,1829.8338,1829833.7999
1,1859.5141,1829.8701,1829870.0999
1,1859.5352,1829.8912,1829891.1999
1,1859.5538,1829.9098,1829909.7999
1,1859.6239,1829.9799,1829979.8999
1,1859.6362,1829.9922,1829992.1999
1,1859.7495,1830.1055,1830105.4999
1,1859.9709,1830.3269,1830326.8999
1,1859.9951,1830.3511,1830351.0999
1,1860.0771,1830.4331,1830433.0999
1,1860.1072,1830.4632,1830463.1999
1,1860.1419,1830.4979,1830497.8999
1,1860.2005,1830.5565,1830556.4999
1,1860.2304,1830.5864,1830586.3999
1,1860.7126,1831.0686,1831068.5999
1,1860.8624,1831.2184,1831218.3999
1,1860.8786,1831.2346,1831234.5999
1,1861.0158,1831.3718,1831371.7999
1,1861.0401,1831.3961,1831396.0999
1,1861.1183,1831.4743,1831474.2999
1,1861.4755,1831.8315,1831831.4999
1,1861.7398,1832.0958,1832095.7999
1,1861.7520,1832.1080,1832107.9999
1,1861.7591,1832.1151,1832115.0999
1,1861.7791,1832.1351,1832135.0999
1,1862.1131,1832.4691,1832469.0999
1,1862.1617,1832.5177,1832517.6999
1,1862.2035,1832.5595,1832559.4999
1,1862.2241,1832.5801,1832580.0999
1,1862.4353,1832.7913,1832791.2999
1,1862.4941,1832.8501,1832850.0999
1,1862.5284,1832.8844,1832884.3999
1,1862.6094,1832.9654,1832965.3999
1,1862.6325,1832.9885,1832988.4999
1,1862.6517,1833.0077,1833007.6999
1,1862.9340,1833.2900,1833289.9999
1,1862.9666,1833.3226,1833322.5999
1,1863.0461,1833.4021,1833402.0999
1,1863.0598,1833.4158,1833415.7999
1,1863.1035,1833.4595,1833459.4999
1,1863.1886,1833.5446,1833544.5999
1,1863.3001,1833.6561,1833656.0999
1,1863.3775,1833.7335,1833733.4999
1,1863.3928,1833.7488,1833748.7999
1,1863.5237,1833.8797,1833879.6999
1,1863.5432,1833.8992,1833899.1999
1,1863.5866,1833.9426,1833942.5999
1,1863.8951,1834.2511,1834251.0999
1,1863.9058,1834.2618,1834261.7999
1,1863.9254,1834.2814,1834281.3999
1,1863.9353,1834.2913,1834291.2999
1,1863.9678,1834.3238,1834323.7999
1,1864.0406,1834.3966,1834396.5999
1,1864.1250,1834.4810,1834480.9999
1,1864.1718,1834.5278,1834527.7999
1,1864.1769,1834.5329,1834532.8999
1,1864.2160,1834.5720,1834571.9999
1,1864.2391,1834.5951,1834595.0999
1,1864.2636,1834.6196,1834619.5999
1,1864.4570,1834.8130,1834812.9999
1,1864.4680,1834.8240,1834823.9999
1,1864.4697,1834.8257,1834825.6999
1,1864.5818,1834.9378,1834937.7999
1,1864.9373,1835.2933,1835293.2999
1,1864.9529,1835.3089,1835308.8999
1,1865.3678,1835.7238,1835723.7999
1,1865.4170,1835.7730,1835772.9999
1,1865.5181,1835.8741,1835874.0999
1,1865.5578,1835.9138,1835913.7999
1,1865.5860,1835.9420,1835941.9999
1,1865.8449,1836.2009,1836200.8999
1,1865.9240,1836.2800,1836279.9999
1,1866.0593,1836.4153,1836415.2999
1,1866.1302,1836.4862,1836486.1999
1,1866.3018,1836.6578,1836657.7999
1,1866.3699,1836.7259,1836725.8999
1,1866.4097,1836.7657,1836765.6999
1,1866.5131,1836.8691,1836869.0999
1,1866.5394,1836.8954,1836895.3999
1,1866.5496,1836.9056,1836905.5999
1,1866.7742,1837.1302,1837130.1999
1,1866.7899,1837.1459,1837145.8999
1,1866.8218,1837.1778,1837177.7999
1,1866.8753,1837.2313,1837231.2999
1,1867.0633,1837.4193,1837419.2999
1,1867.0669,1837.4229,1837422.8999
1,1867.0970,1837.4530,1837452.9999
1,1867.2151,1837.5711,1837571.0999
1,1867.2907,1837.6467,1837646.6999
1,1867.3503,1837.7063,1837706.2999
1,1867.5109,1837.8669,1837866.8999
1,1867.6833,1838.0393,1838039.2999
1,1867.8633,1838.2193,1838219.2999
1,1867.8953,1838.2513,1838251.2999
1,1868.0486,1838.4046,1838404.5999
1,1868.0891,1838.4451,1838445.0999
1,1868.1536,1838.5096,1838509.5999
1,1868.1694,1838.5254,1838525.3999
1,1868.1862,1838.5422,1838542.1999
1,1868.2121,1838.5681,1838568.0999
1,1868.5252,1838.8812,1838881.1999
1,1868.6952,1839.0512,1839051.1999
1,1868.7389,1839.0949,1839094.8999
1,1868.7969,1839.1529,1839152.8999
1,1868.8797,1839.2357,1839235.6999
1,1868.9023,1839.2583,1839258.2999
1,1868.9284,1839.2844,1839284.3999
1,1868.9668,1839.3228,1839322.7999
1,1869.1067,1839.4627,1839462.6999
1,1869.1378,1839.4938,1839493.7999
1,1869.3129,1839.6689,1839668.8999
1,1869.3528,1839.7088,1839708.7999
1,1869.4771,1839.8331,1839833.0999
1,1869.5672,1839.9232,1839923.1999
1,1869.6167,1839.9727,1839972.6999
1,1869.7336,1840.0896,1840089.5999
1,1869.9018,1840.2578,1840257.7999
1,1870.0531,1840.4091,1840409.0999
1,1870.0836,1840.4396,1840439.5999
1,1870.0984,1840.4544,1840454.3999
1,1870.1182,1840.4742,1840474.1999
1,1870.2431,1840.5991,1840599.0999
1,1870.2901,1840.6461,1840646.0999
1,1870.3744,1840.7304,1840730.3999
1,1870.5467,1840.9027,1840902.6999
1,1870.5651,1840.9211,1840921.0999
1,1870.5867,1840.9427,1840942.6999
1,1870.6932,1841.0492,1841049.1999
1,1870.7182,1841.0742,1841074.1999
1,1870.7282,1841.0842,1841084.1999
1,1870.7382,1841.0942,1841094.1999
1,1870.7481,1841.1041,1841104.0999
1,1870.7595,1841.1155,1841115.4999
1,1870.7632,1841.1192,1841119.1999
1,1870.9822,1841.3382,1841338.1999
1,1871.2480,1841.6040,1841603.9999
1,1871.3502,1841.7062,1841706.1999
1,1871.4416,1841.7976,1841797.5999
1,1871.4613,1841.8173,1841817.2999
1,1871.4766,1841.8326,1841832.5999
1,1871.4998,1841.8558,1841855.7999
1,1871.5311,1841.8871,1841887.0999
1,1871.5850,1841.9410,1841940.9999
1,1871.7338,1842.0898,1842089.7999
1,1871.9257,1842.2817,1842281.6999
1,1872.0969,1842.4529,1842452.8999
1,1872.3115,1842.6675,1842667.4999
1,1872.3567,1842.7127,1842712.6999
1,1872.4187,1842.7747,1842774.6999
1,1872.4408,1842.7968,1842796.7999
1,1872.4523,1842.8083,1842808.2999
1,1872.4637,1842.8197,1842819.6999
1,1872.4985,1842.8545,1842854.4999
1,1872.5211,1842.8771,1842877.0999
1,1872.6360,1842.9920,1842991.9999
1,1872.8907,1843.2467,1843246.6999
1,1872.9387,1843.2947,1843294.6999
1,1873.1080,1843.4640,1843463.9999
1,1873.1866,1843.5426,1843542.5999
1,1873.1988,1843.5548,1843554.7999
1,1873.2642,1843.6202,1843620.1999
1,1873.3903,1843.7463,1843746.2999
1,1873.5600,1843.9160,1843915.9999
1,1873.8509,1844.2069,1844206.8999
1,1873.9550,1844.3110,1844310.9999
1,1874.0283,1844.3843,1844384.2999
1,1874.0957,1844.4517,1844451.6999
1,1874.2072,1844.5632,1844563.1999
1,1874.2685,1844.6245,1844624.4999
1,1874.3369,1844.6929,1844692.8999
1,1874.3573,1844.7133,1844713.2999
1,1874.4312,1844.7872,1844787.1999
1,1874.4644,1844.8204,1844820.3999
1,1874.5671,1844.9231,1844923.0999
1,1874.8452,1845.2012,1845201.1999
1,1874.9791,1845.3351,1845335.0999
1,1875.0099,1845.3659,1845365.8999
1,1875.0447,1845.4007,1845400.6999
1,1875.0867,1845.4427,1845442.6999
1,1875.2360,1845.5920,1845591.9999
1,1875.2832,1845.6392,1845639.1999
1,1875.2984,1845.6544,1845654.3999
1,1875.3212,1845.6772,1845677.1999
1,1875.3637,1845.7197,1845719.6999
1,1875.4452,1845.8012,1845801.1999
1,1875.4590,1845.8150,1845814.9999
1,1875.4718,1845.8278,1845827.7999
1,1875.7086,1846.0646,1846064.5999
1,1875.8579,1846.2139,1846213.8999
1,1875.8743,1846.2303,1846230.2999
1,1875.8986,1846.2546,1846254.5999
1,1876.0596,1846.4156,1846415.5999
1,1876.0966,1846.4526,1846452.5999
1,1876.1181,1846.4741,1846474.0999
1,1876.2076,1846.5636,1846563.5999
1,1876.2517,1846.6077,1846607.6999
1,1876.4737,1846.8297,1846829.6999
1,1876.5249,1846.8809,1846880.8999
1,1876.6282,1846.9842,1846984.1999
1,1876.6368,1846.9928,1846992.7999
1,1876.8181,1847.1741,1847174.0999
1,1876.9150,1847.2710,1847270.9999
1,1877.0302,1847.3862,1847386.1999
1,1877.0796,1847.4356,1847435.5999
1,1877.1881,1847.5441,1847544.0999
1,1877.2436,1847.5996,1847599.5999
1,1877.2756,1847.6316,1847631.5999
1,1877.2854,1847.6414,1847641.3999
1,1877.3602,1847.7162,1847716.1999
1,1877.4143,1847.7703,1847770.2999
1,1877.4554,1847.8114,1847811.3999
1,1877.5158,1847.8718,1847871.7999
1,1877.6360,1847.9920,1847991.9999
1,1877.8451,1848.2011,1848201.0999
1,1877.8550,1848.2110,1848210.9999
1,1878.1652,1848.5212,1848521.1999
1,1878.2341,1848.5901,1848590.0999
1,1878.3969,1848.7529,1848752.8999
1,1878.5575,1848.9135,1848913.4999
1,1878.5957,1848.9517,1848951.6999
1,1878.6435,1848.9995,1848999.4999
1,1878.6999,1849.0559,1849055.8999
1,1878.7920,1849.1480,1849147.9999
1,1878.8256,1849.1816,1849181.5999
1,1878.9957,1849.3517,1849351.6999
1,1879.0297,1849.3857,1849385.6999
1,1879.1516,1849.5076,1849507.5999
1,1879.1729,1849.5289,1849528.8999
1,1879.3720,1849.7280,1849727.9999
1,1879.4438,1849.7998,1849799.7999
1,1879.5384,1849.8944,1849894.3999
1,1879.5428,1849.8988,1849898.7999
1,1879.5483,1849.9043,1849904.2999
1,1879.5742,1849.9302,1849930.1999
1,1879.9167,1850.2727,1850272.6999
1,1879.9672,1850.3232,1850323.1999
1,1879.9976,1850.3536,1850353.5999
1,1880.0461,1850.4021,1850402.0999
1,1880.1833,1850.5393,1850539.2999
1,1880.1956,1850.5516,1850551.5999
1,1880.2154,1850.5714,1850571.3999
1,1880.2306,1850.5866,1850586.5999
1,1880.2559,1850.6119,1850611.8999
1,1880.5043,1850.8603,1850860.2999
1,1880.5911,1850.9471,1850947.0999
1,1880.6498,1851.0058,1851005.7999
1,1880.7253,1851.0813,1851081.2999
1,1881.1005,1851.4565,1851456.4999
1,1881.1759,1851.5319,1851531.8999
1,1881.1942,1851.5502,1851550.1999
1,1881.2384,1851.5944,1851594.3999
1,1881.3865,1851.7425,1851742.4999
1,1881.4008,1851.7568,1851756.7999
1,1881.4120,1851.7680,1851767.9999
1,1881.4221,1851.7781,1851778.0999
1,1881.6833,1852.0393,1852039.2999
1,1881.8533,1852.2093,1852209.2999
1,1881.9410,1852.2970,1852296.9999
1,1882.0034,1852.3594,1852359.3999
1,1882.0154,1852.3714,1852371.3999
1,1882.0312,1852.3872,1852387.1999
1,1882.0491,1852.4051,1852405.0999
1,1882.2366,1852.5926,1852592.5999
1,1882.2801,1852.6361,1852636.0999
1,1882.5219,1852.8779,1852877.8999
1,1882.5474,1852.9034,1852903.3999
1,1882.5649,1852.9209,1852920.8999
1,1882.6505,1853.0065,1853006.4999
1,1882.7268,1853.0828,1853082.7999
1,1882.7325,1853.0885,1853088.4999
1,1882.7391,1853.0951,1853095.0999
1,1882.7558,1853.1118,1853111.7999
1,1883.0066,1853.3626,1853362.5999
1,1883.0222,1853.3782,1853378.1999
1,1883.0698,1853.4258,1853425.7999
1,1883.1095,1853.4655,1853465.4999
1,1883.2319,1853.5879,1853587.8999
1,1883.2893,1853.6453,1853645.2999
1,1883.3031,1853.6591,1853659.0999
1,1883.4338,1853.7898,1853789.7999
1,1883.4673,1853.8233,1853823.2999
1,1883.5796,1853.9356,1853935.5999
1,1883.5988,1853.9548,1853954.7999
1,1883.6107,1853.9667,1853966.6999
1,1883.6268,1853.9828,1853982.7999
1,1883.7149,1854.0709,1854070.8999
1,1883.9341,1854.2901,1854290.0999
1,1883.9474,1854.3034,1854303.3999
1,1883.9885,1854.3445,1854344.4999
1,1883.9998,1854.3558,1854355.7999
1,1884.0353,1854.3913,1854391.2999
1,1884.0907,1854.4467,1854446.6999
1,1884.1215,1854.4775,1854477.4999
1,1884.1568,1854.5128,1854512.7999
1,1884.1776,1854.5336,1854533.5999
1,1884.1973,1854.5533,1854553.2999
1,1884.2329,1854.5889,1854588.8999
1,1884.4461,1854.8021,1854802.0999
1,1884.6742,1855.0302,1855030.1999
1,1884.7027,1855.0587,1855058.6999
1,1884.8377,1855.1937,1855193.6999
1,1884.8564,1855.2124,1855212.3999
1,1884.8719,1855.2279,1855227.8999
1,1885.0454,1855.4014,1855401.3999
1,1885.2484,1855.6044,1855604.3999
1,1885.3140,1855.6700,1855669.9999
1,1885.3997,1855.7557,1855755.6999
1,1885.4602,1855.8162,1855816.1999
1,1885.6158,1855.9718,1855971.7999
1,1885.6357,1855.9917,1855991.6999
1,1885.6519,1856.0079,1856007.8999
1,1885.6782,1856.0342,1856034.1999
1,1885.6965,1856.0525,1856052.4999
1,1885.8897,1856.2457,1856245.6999
1,1885.9031,1856.2591,1856259.0999
1,1885.9165,1856.2725,1856272.4999
1,1886.0949,1856.4509,1856450.8999
1,1886.3496,1856.7056,1856705.5999
1,1886.5862,1856.9422,1856942.1999
1,1886.6055,1856.9615,1856961.4999
1,1886.7166,1857.0726,1857072.5999
1,1886.7905,1857.1465,1857146.4999
1,1886.8409,1857.1969,1857196.8999
1,1886.9326,1857.2886,1857288.5999
1,1887.0942,1857.4502,1857450.1999
1,1887.1110,1857.4670,1857466.9999
1,1887.1300,1857.4860,1857485.9999
1,1887.1638,1857.5198,1857519.7999
1,1887.1989,1857.5549,1857554.8999
1,1887.2170,1857.5730,1857572.9999
1,1887.6679,1858.0239,1858023.8999
1,1887.6804,1858.0364,1858036.3999
1,1887.7134,1858.0694,1858069.3999
1,1887.9906,1858.3466,1858346.5999
1,1888.1055,1858.4615,1858461.4999
1,1888.1148,1858.4708,1858470.7999
1,1888.1216,1858.4776,1858477.5999
1,1888.1471,1858.5031,1858503.0999
1,1888.3618,1858.7178,1858717.7999
1,1888.3896,1858.7456,1858745.5999
1,1888.4216,1858.7776,1858777.5999
1,1888.4565,1858.8125,1858812.4999
1,1888.5297,1858.8857,1858885.6999
1,1888.5629,1858.9189,1858918.8999
1,1888.5768,1858.9328,1858932.7999
1,1888.5898,1858.9458,1858945.7999
1,1888.7562,1859.1122,1859112.1999
1,1888.8328,1859.1888,1859188.7999
1,1889.0027,1859.3587,1859358.6999
1,1889.3975,1859.7535,1859753.4999
1,1889.5173,1859.8733,1859873.2999
1,1889.7243,1860.0803,1860080.2999
1,1889.7728,1860.1288,1860128.7999
1,1889.7979,1860.1539,1860153.8999
1,1889.8274,1860.1834,1860183.3999
1,1889.8397,1860.1957,1860195.6999
1,1889.8796,1860.2356,1860235.5999
1,1890.0269,1860.3829,1860382.8999
1,1890.0497,1860.4057,1860405.6999
1,1890.2989,1860.6549,1860654.8999
1,1890.3018,1860.6578,1860657.7999
1,1890.4795,1860.8355,1860835.4999
1,1890.5695,1860.9255,1860925.4999
1,1890.5935,1860.9495,1860949.4999
1,1890.9402,1861.2962,1861296.1999
1,1891.0266,1861.3826,1861382.5999
1,1891.0733,1861.4293,1861429.2999
1,1891.1642,1861.5202,1861520.1999
1,1891.1900,1861.5460,1861545.9999
1,1891.3173,1861.6733,1861673.2999
1,1891.3733,1861.7293,1861729.2999
1,1891.5199,1861.8759,1861875.8999
1,1891.5460,1861.9020,1861901.9999
1,1891.5865,1861.9425,1861942.4999
1,1891.6115,1861.9675,1861967.4999
1,1891.7989,1862.1549,1862154.8999
1,1892.0353,1862.3913,1862391.2999
1,1892.2294,1862.5854,1862585.3999
1,1892.3766,1862.7326,1862732.5999
1,1892.3996,1862.7556,1862755.5999
1,1892.4365,1862.7925,1862792.4999
1,1892.5473,1862.9033,1862903.2999
1,1892.5682,1862.9242,1862924.1999
1,1892.7369,1863.0929,1863092.8999
1,1893.0611,1863.4171,1863417.0999
1,1893.0795,1863.4355,1863435.4999
1,1893.1033,1863.4593,1863459.2999
1,1893.1317,1863.4877,1863487.6999
1,1893.2391,1863.5951,1863595.0999
1,1893.2747,1863.6307,1863630.6999
1,1893.3341,1863.6901,1863690.0999
1,1893.5114,1863.8674,1863867.3999
1,1893.5291,1863.8851,1863885.0999
1,1893.5552,1863.9112,1863911.1999
1,1893.7048,1864.0608,1864060.7999
1,1893.7331,1864.0891,1864089.0999
1,1893.8882,1864.2442,1864244.1999
1,1893.9000,1864.2560,1864255.9999
1,1894.1391,1864.4951,1864495.0999
1,1894.3219,1864.6779,1864677.8999
1,1894.4967,1864.8527,1864852.6999
1,1894.5447,1864.9007,1864900.6999
1,1894.5740,1864.9300,1864929.9999
1,1894.6684,1865.0244,1865024.3999
1,1894.9063,1865.2623,1865262.2999
1,1894.9781,1865.3341,1865334.0999
1,1895.0058,1865.3618,1865361.7999
1,1895.0220,1865.3780,1865377.9999
1,1895.0548,1865.4108,1865410.7999
1,1895.1105,1865.4665,1865466.4999
1,1895.1719,1865.5279,1865527.8999
1,1895.2559,1865.6119,1865611.8999
1,1895.3666,1865.7226,1865722.5999
1,1895.4243,1865.7803,1865780.2999
1,1895.8141,1866.1701,1866170.0999
1,1895.8756,1866.2316,1866231.5999
1,1896.0293,1866.3853,1866385.2999
1,1896.2934,1866.6494,1866649.3999
1,1896.4666,1866.8226,1866822.5999
1,1896.5906,1866.9466,1866946.5999
1,1896.6323,1866.9883,1866988.2999
1,1896.6398,1866.9958,1866995.7999
1,1896.6580,1867.0140,1867013.9999
1,1896.6965,1867.0525,1867052.4999
1,1896.7403,1867.0963,1867096.2999
1,1896.7657,1867.1217,1867121.6999
1,1896.7756,1867.1316,1867131.5999
1,1896.7882,1867.1442,1867144.1999
1,1897.0870,1867.4430,1867442.9999
1,1897.1085,1867.4645,1867464.4999
1,1897.3289,1867.6849,1867684.8999
1,1897.4652,1867.8212,1867821.1999
1,1897.4887,1867.8447,1867844.6999
1,1897.5328,1867.8888,1867888.7999
1,1897.5687,1867.9247,1867924.6999
1,1897.6050,1867.9610,1867960.9999
1,1897.6454,1868.0014,1868001.3999
1,1897.7843,1868.1403,1868140.2999
1,1897.8278,1868.1838,1868183.7999
1,1897.8988,1868.2548,1868254.7999
1,1897.9933,1868.3493,1868349.2999
1,1898.1735,1868.5295,1868529.4999
1,1898.1990,1868.5550,1868554.9999
1,1898.3145,1868.6705,1868670.4999
1,1898.3556,1868.7116,1868711.5999
1,1898.6090,1868.9650,1868964.9999
1,1898.6485,1869.0045,1869004.4999
1,1898.7186,1869.0746,1869074.5999
1,1898.7518,1869.1078,1869107.7999
1,1898.7947,1869.1507,1869150.6999
1,1898.8489,1869.2049,1869204.8999
1,1899.0193,1869.3753,1869375.2999
1,1899.0623,1869.4183,1869418.2999
1,1899.1152,1869.4712,1869471.1999
1,1899.1706,1869.5266,1869526.5999
1,1899.1938,1869.5498,1869549.7999
1,1899.2342,1869.5902,1869590.1999
1,1899.3764,1869.7324,1869732.3999
1,1899.4932,1869.8492,1869849.1999
1,1899.5070,1869.8630,1869862.9999
1,1899.5357,1869.8917,1869891.6999
1,1899.6153,1869.9713,1869971.2999
1,1899.7964,1870.1524,1870152.3999
1,1899.9202,1870.2762,1870276.1999
1,1899.9745,1870.3305,1870330.4999
1,1900.0024,1870.3584,1870358.3999
1,1900.0236,1870.3796,1870379.5999
1,1900.3227,1870.6787,1870678.6999
1,1900.3620,1870.7180,1870717.9999
1,1900.3806,1870.7366,1870736.5999
1,1900.4240,1870.7800,1870779.9999
1,1900.5338,1870.8898,1870889.7999
1,1900.7715,1871.1275,1871127.4999
1,1900.8681,1871.2241,1871224.0999
1,1900.9082,1871.2642,1871264.1999
1,1901.1290,1871.4850,1871484.9999
1,1901.1876,1871.5436,1871543.5999
1,1901.2534,1871.6094,1871609.3999
1,1901.2692,1871.6252,1871625.1999
1,1901.2777,1871.6337,1871633.6999
1,1901.2950,1871.6510,1871650.9999
1,1901.3078,1871.6638,1871663.7999
1,1901.6963,1872.0523,1872052.2999
1,1901.7530,1872.1090,1872108.9999
1,1901.8180,1872.1740,1872173.9999
1,1901.8347,1872.1907,1872190.6999
1,1901.8397,1872.1957,1872195.6999
1,1901.9085,1872.2645,1872264.4999
1,1901.9330,1872.2890,1872288.9999
1,1902.1583,1872.5143,1872514.2999
1,1902.3158,1872.6718,1872671.7999
1,1902.3624,1872.7184,1872718.3999
1,1902.4788,1872.8348,1872834.7999
1,1902.7042,1873.0602,1873060.1999
1,1902.7184,1873.0744,1873074.3999
1,1902.8977,1873.2537,1873253.6999
1,1902.9237,1873.2797,1873279.6999
1,1902.9941,1873.3501,1873350.0999
1,1903.0212,1873.3772,1873377.1999
1,1903.0477,1873.4037,1873403.6999
1,1903.0573,1873.4133,1873413.2999
1,1903.0777,1873.4337,1873433.6999
1,1903.1297,1873.4857,1873485.6999
1,1903.1822,1873.5382,1873538.1999
1,1903.2458,1873.6018,1873601.7999
1,1903.2723,1873.6283,1873628.2999
1,1903.3029,1873.6589,1873658.8999
1,1903.3204,1873.6764,1873676.3999
1,1903.4765,1873.8325,1873832.4999
1,1903.5204,1873.8764,1873876.3999
1,1903.7669,1874.1229,1874122.8999
1,1903.8306,1874.1866,1874186.5999
1,1903.8342,1874.1902,1874190.1999
1,1903.9865,1874.3425,1874342.4999
1,1904.0520,1874.4080,1874407.9999
1,1904.1411,1874.4971,1874497.0999
1,1904.2380,1874.5940,1874593.9999
1,1904.3898,1874.7458,1874745.7999
1,1904.5791,1874.9351,1874935.0999
1,1904.6032,1874.9592,1874959.1999
1,1904.8126,1875.1686,1875168.5999
1,1904.8990,1875.2550,1875254.9999
1,1905.1026,1875.4586,1875458.5999
1,1905.2394,1875.5954,1875595.3999
1,1905.2644,1875.6204,1875620.3999
1,1905.2990,1875.6550,1875654.9999
1,1905.3231,1875.6791,1875679.0999
1,1905.3401,1875.6961,1875696.0999
1,1905.3782,1875.7342,1875734.1999
1,1905.3998,1875.7558,1875755.7999
1,1905.4150,1875.7710,1875770.9999
1,1905.4209,1875.7769,1875776.8999
1,1905.4428,1875.7988,1875798.7999
1,1905.4647,1875.8207,1875820.6999
1,1905.5374,1875.8934,1875893.3999
1,1905.6208,1875.9768,1875976.7999
1,1905.6395,1875.9955,1875995.4999
1,1905.6633,1876.0193,1876019.2999
1,1905.8767,1876.2327,1876232.6999
1,1905.8948,1876.2508,1876250.7999
1,1905.9143,1876.2703,1876270.2999
1,1905.9357,1876.2917,1876291.6999
1,1905.9554,1876.3114,1876311.3999
1,1905.9858,1876.3418,1876341.7999
1,1906.0777,1876.4337,1876433.6999
1,1906.1688,1876.5248,1876524.7999
1,1906.2329,1876.5889,1876588.8999
1,1906.3186,1876.6746,1876674.5999
1,1906.5646,1876.9206,1876920.5999
1,1906.6045,1876.9605,1876960.4999
1,1906.7357,1877.0917,1877091.6999
1,1906.7583,1877.1143,1877114.2999
1,1906.7691,1877.1251,1877125.0999
1,1906.8073,1877.1633,1877163.2999
1,1906.9268,1877.2828,1877282.7999
1,1906.9651,1877.3211,1877321.0999
1,1906.9739,1877.3299,1877329.8999
1,1907.2056,1877.5616,1877561.5999
1,1907.5667,1877.9227,1877922.6999
1,1907.7796,1878.1356,1878135.5999
1,1907.7966,1878.1526,1878152.5999
1,1907.8145,1878.1705,1878170.4999
1,1907.9420,1878.2980,1878297.9999
1,1907.9745,1878.3305,1878330.4999
1,1908.2077,1878.5637,1878563.6999
1,1908.3111,1878.6671,1878667.0999
1,1908.3464,1878.7024,1878702.3999
1,1908.3604,1878.7164,1878716.3999
1,1908.5366,1878.8926,1878892.5999
1,1908.5696,1878.9256,1878925.5999
1,1908.6088,1878.9648,1878964.7999
1,1908.8734,1879.2294,1879229.3999
1,1909.0085,1879.3645,1879364.4999
1,1909.0331,1879.3891,1879389.0999
1,1909.1860,1879.5420,1879541.9999
1,1909.1958,1879.5518,1879551.7999
1,1909.2222,1879.5782,1879578.1999
1,1909.4635,1879.8195,1879819.4999
1,1909.4723,1879.8283,1879828.2999
1,1909.6813,1880.0373,1880037.2999
1,1909.7987,1880.1547,1880154.6999
1,1909.9021,1880.2581,1880258.0999
1,1909.9157,1880.2717,1880271.6999
1,1910.0225,1880.3785,1880378.4999
1,1910.0439,1880.3999,1880399.8999
1,1910.0765,1880.4325,1880432.4999
1,1910.0971,1880.4531,1880453.0999
1,1910.1084,1880.4644,1880464.3999
1,1910.1182,1880.4742,1880474.1999
1,1910.3287,1880.6847,1880684.6999
1,1910.6582,1881.0142,1881014.1999
1,1910.7798,1881.1358,1881135.7999
1,1910.8178,1881.1738,1881173.7999
1,1910.9550,1881.3110,1881310.9999
1,1911.1324,1881.4884,1881488.3999
1,1911.1667,1881.5227,1881522.6999
1,1911.3775,1881.7335,1881733.4999
1,1911.4224,1881.7784,1881778.3999
1,1911.5937,1881.9497,1881949.6999
1,1911.6008,1881.9568,1881956.7999
1,1911.6168,1881.9728,1881972.7999
1,1911.9221,1882.2781,1882278.0999
1,1911.9752,1882.3312,1882331.1999
1,1911.9900,1882.3460,1882345.9999
1,1912.0073,1882.3633,1882363.2999
1,1912.0185,1882.3745,1882374.4999
1,1912.0304,1882.3864,1882386.3999
1,1912.0351,1882.3911,1882391.0999
1,1912.2730,1882.6290,1882628.9999
1,1912.4650,1882.8210,1882820.9999
1,1912.5315,1882.8875,1882887.4999
1,1912.5830,1882.9390,1882938.9999
1,1912.6213,1882.9773,1882977.2999
1,1912.6563,1883.0123,1883012.2999
1,1912.6682,1883.0242,1883024.1999
1,1913.0539,1883.4099,1883409.8999
1,1913.0820,1883.4380,1883437.9999
1,1913.2077,1883.5637,1883563.6999
1,1913.2155,1883.5715,1883571.4999
1,1913.2442,1883.6002,1883600.1999
1,1913.2707,1883.6267,1883626.6999
1,1913.3642,1883.7202,1883720.1999
1,1913.4636,1883.8196,1883819.5999
1,1913.5386,1883.8946,1883894.5999
1,1913.6167,1883.9727,1883972.6999
1,1913.6423,1883.9983,1883998.2999
1,1913.6796,1884.0356,1884035.5999
1,1913.7413,1884.0973,1884097.2999
1,1913.7482,1884.1042,1884104.1999
1,1913.7660,1884.1220,1884121.9999
1,1913.7939,1884.1499,1884149.8999
1,1913.9237,1884.2797,1884279.6999
1,1913.9471,1884.3031,1884303.0999
1,1913.9661,1884.3221,1884322.0999
1,1914.0134,1884.3694,1884369.3999
1,1914.0398,1884.3958,1884395.7999
1,1914.0443,1884.4003,1884400.2999
1,1914.0583,1884.4143,1884414.2999
1,1914.0838,1884.4398,1884439.7999
1,1914.4384,1884.7944,1884794.3999
1,1914.4679,1884.8239,1884823.8999
1,1914.5008,1884.8568,1884856.7999
1,1914.6369,1884.9929,1884992.8999
1,1914.6569,1885.0129,1885012.8999
1,1914.6777,1885.0337,1885033.6999
1,1914.7189,1885.0749,1885074.8999
1,1914.9712,1885.3272,1885327.1999
1,1914.9843,1885.3403,1885340.2999
1,1914.9928,1885.3488,1885348.7999
1,1915.0530,1885.4090,1885408.9999
1,1915.0697,1885.4257,1885425.6999
1,1915.0982,1885.4542,1885454.1999
1,1915.3214,1885.6774,1885677.3999
1,1915.3422,1885.6982,1885698.1999
1,1915.5914,1885.9474,1885947.3999
1,1915.6131,1885.9691,1885969.0999
1,1915.6378,1885.9938,1885993.7999
1,1915.6488,1886.0048,1886004.7999
1,1915.6667,1886.0227,1886022.6999
1,1915.7034,1886.0594,1886059.3999
1,1915.7800,1886.1360,1886135.9999
1,1915.8411,1886.1971,1886197.0999
1,1916.0669,1886.4229,1886422.8999
1,1916.1054,1886.4614,1886461.3999
1,1916.2864,1886.6424,1886642.3999
1,1916.3143,1886.6703,1886670.2999
1,1916.3581,1886.7141,1886714.0999
1,1916.3755,1886.7315,1886731.4999
1,1916.6117,1886.9677,1886967.6999
1,1916.7039,1887.0599,1887059.8999
1,1916.8479,1887.2039,1887203.8999
1,1916.8828,1887.2388,1887238.7999
1,1917.0585,1887.4145,1887414.4999
1,1917.0873,1887.4433,1887443.2999
1,1917.1123,1887.4683,1887468.2999
1,1917.1278,1887.4838,1887483.7999
1,1917.1559,1887.5119,1887511.8999
1,1917.2976,1887.6536,1887653.5999
1,1917.3217,1887.6777,1887677.6999
1,1917.3507,1887.7067,1887706.6999
1,1917.5144,1887.8704,1887870.3999
1,1917.7267,1888.0827,1888082.6999
1,1917.7564,1888.1124,1888112.3999
1,1917.8095,1888.1655,1888165.4999
1,1917.8812,1888.2372,1888237.1999
1,1917.9184,1888.2744,1888274.3999
1,1918.1395,1888.4955,1888495.4999
1,1918.2144,1888.5704,1888570.3999
1,1918.2726,1888.6286,1888628.5999
1,1918.4315,1888.7875,1888787.4999
1,1918.4783,1888.8343,1888834.2999
1,1918.6561,1889.0121,1889012.0999
1,1918.8699,1889.2259,1889225.8999
1,1918.9212,1889.2772,1889277.1999
1,1918.9548,1889.3108,1889310.7999
1,1918.9838,1889.3398,1889339.7999
1,1919.0027,1889.3587,1889358.6999
1,1919.0135,1889.3695,1889369.4999
1,1919.2951,1889.6511,1889651.0999
1,1919.3857,1889.7417,1889741.6999
1,1919.4244,1889.7804,1889780.3999
1,1919.4452,1889.8012,1889801.1999
1,1919.4926,1889.8486,1889848.5999
1,1919.5442,1889.9002,1889900.1999
1,1919.8386,1890.1946,1890194.5999
1,1919.9504,1890.3064,1890306.3999
1,1920.0919,1890.4479,1890447.8999
1,1920.1090,1890.4650,1890464.9999
1,1920.5143,1890.8703,1890870.2999
1,1920.6101,1890.9661,1890966.0999
1,1920.6875,1891.0435,1891043.4999
1,1920.7021,1891.0581,1891058.0999
1,1920.7426,1891.0986,1891098.5999
1,1920.9212,1891.2772,1891277.1999
1,1920.9472,1891.3032,1891303.1999
1,1921.2164,1891.5724,1891572.3999
1,1921.2412,1891.5972,1891597.1999
1,1921.4431,1891.7991,1891799.0999
1,1921.4808,1891.8368,1891836.7999
1,1921.6815,1892.0375,1892037.4999
1,1921.7066,1892.0626,1892062.5999
1,1921.7310,1892.0870,1892086.9999
1,1921.7458,1892.1018,1892101.7999
1,1921.8880,1892.2440,1892243.9999
1,1921.9151,1892.2711,1892271.0999
1,1921.9260,1892.2820,1892281.9999
1,1921.9721,1892.3281,1892328.0999
1,1921.9954,1892.3514,1892351.3999
1,1922.1446,1892.5006,1892500.5999
1,1922.1663,1892.5223,1892522.2999
1,1922.2666,1892.6226,1892622.5999
1,1922.5704,1892.9264,1892926.3999
1,1922.6197,1892.9757,1892975.6999
1,1922.6751,1893.0311,1893031.0999
1,1922.7167,1893.0727,1893072.6999
1,1922.7779,1893.1339,1893133.8999
1,1923.0443,1893.4003,1893400.2999
1,1923.2041,1893.5601,1893560.0999
1,1923.2457,1893.6017,1893601.6999
1,1923.4798,1893.8358,1893835.7999
1,1923.5399,1893.8959,1893895.8999
1,1923.6454,1894.0014,1894001.3999
1,1923.6928,1894.0488,1894048.7999
1,1924.1054,1894.4614,1894461.3999
1,1924.1322,1894.4882,1894488.1999
1,1924.1553,1894.5113,1894511.2999
1,1924.2206,1894.5766,1894576.5999
1,1924.2598,1894.6158,1894615.7999
1,1924.3565,1894.7125,1894712.4999
1,1924.3660,1894.7220,1894721.9999
1,1924.3824,1894.7384,1894738.3999
1,1924.4105,1894.7665,1894766.4999
1,1924.4446,1894.8006,1894800.5999
1,1924.4800,1894.8360,1894835.9999
1,1924.4870,1894.8430,1894842.9999
1,1924.5980,1894.9540,1894953.9999
1,1924.8079,1895.1639,1895163.8999
1,1924.8346,1895.1906,1895190.5999
1,1924.8868,1895.2428,1895242.7999
1,1924.9608,1895.3168,1895316.7999
1,1924.9895,1895.3455,1895345.4999
1,1925.0487,1895.4047,1895404.6999
1,1925.1850,1895.5410,1895540.9999
1,1925.2439,1895.5999,1895599.8999
1,1925.3722,1895.7282,1895728.1999
1,1925.3832,1895.7392,1895739.1999
1,1925.4660,1895.8220,1895821.9999
1,1925.5273,1895.8833,1895883.2999
1,1925.5748,1895.9308,1895930.7999
1,1925.7329,1896.0889,1896088.8999
1,1925.7657,1896.1217,1896121.6999
1,1925.8302,1896.1862,1896186.1999
1,1926.2214,1896.5774,1896577.3999
1,1926.2883,1896.6443,1896644.2999
1,1926.3384,1896.6944,1896694.3999
1,1926.3791,1896.7351,1896735.0999
1,1926.3854,1896.7414,1896741.3999
1,1926.6159,1896.9719,1896971.8999
1,1926.6536,1897.0096,1897009.5999
1,1926.6806,1897.0366,1897036.5999
1,1926.7323,1897.0883,1897088.2999
1,1926.7459,1897.1019,1897101.8999
1,1926.7591,1897.1151,1897115.0999
1,1926.8093,1897.1653,1897165.2999
1,1927.0556,1897.4116,1897411.5999
1,1927.5629,1897.9189,1897918.8999
1,1927.6618,1898.0178,1898017.7999
1,1927.8799,1898.2359,1898235.8999
1,1928.0147,1898.3707,1898370.6999
1,1928.0264,1898.3824,1898382.3999
1,1928.2404,1898.5964,1898596.3999
1,1928.2892,1898.6452,1898645.1999
1,1928.3306,1898.6866,1898686.5999
1,1928.3583,1898.7143,1898714.2999
1,1928.4152,1898.7712,1898771.1999
1,1928.6987,1899.0547,1899054.6999
1,1928.7308,1899.0868,1899086.7999
1,1928.7727,1899.1287,1899128.6999
1,1928.8180,1899.1740,1899173.9999
1,1928.8616,1899.2176,1899217.5999
1,1928.8684,1899.2244,1899224.3999
1,1929.1184,1899.4744,1899474.3999
1,1929.2366,1899.5926,1899592.5999
1,1929.2431,1899.5991,1899599.0999
1,1929.2464,1899.6024,1899602.3999
1,1929.4632,1899.8192,1899819.1999
1,1929.4719,1899.8279,1899827.8999
1,1929.5112,1899.8672,1899867.1999
1,1930.0858,1900.4418,1900441.7999
1,1930.1247,1900.4807,1900480.6999
1,1930.1469,1900.5029,1900502.8999
1,1930.1564,1900.5124,1900512.3999
1,1930.5808,1900.9368,1900936.7999
1,1930.6387,1900.9947,1900994.6999
1,1930.7140,1901.0700,1901069.9999
1,1930.8042,1901.1602,1901160.1999
1,1930.8260,1901.1820,1901181.9999
1,1930.9112,1901.2672,1901267.1999
1,1930.9276,1901.2836,1901283.5999
1,1930.9470,1901.3030,1901302.9999
1,1931.1081,1901.4641,1901464.0999
1,1931.1275,1901.4835,1901483.4999
1,1931.2642,1901.6202,1901620.1999
1,1931.4720,1901.8280,1901827.9999
1,1931.5079,1901.8639,1901863.8999
1,1931.5736,1901.9296,1901929.5999
1,1931.5814,1901.9374,1901937.3999
1,1931.5872,1901.9432,1901943.1999
1,1931.5911,1901.9471,1901947.0999
1,1931.6032,1901.9592,1901959.1999
1,1931.6486,1902.0046,1902004.5999
1,1931.6652,1902.0212,1902021.1999
1,1931.6923,1902.0483,1902048.2999
1,1931.7830,1902.1390,1902138.9999
1,1931.8510,1902.2070,1902206.9999
1,1931.9333,1902.2893,1902289.2999
1,1931.9731,1902.3291,1902329.0999
1,1932.1010,1902.4570,1902456.9999
1,1932.1664,1902.5224,1902522.3999
1,1932.1785,1902.5345,1902534.4999
1,1932.3394,1902.6954,1902695.3999
1,1932.4736,1902.8296,1902829.5999
1,1932.5001,1902.8561,1902856.0999
1,1932.5191,1902.8751,1902875.0999
1,1932.6479,1903.0039,1903003.8999
1,1932.7086,1903.0646,1903064.5999
1,1932.7509,1903.1069,1903106.8999
1,1932.7708,1903.1268,1903126.7999
1,1932.7727,1903.1287,1903128.6999
1,1932.7958,1903.1518,1903151.7999
1,1932.8996,1903.2556,1903255.5999
1,1932.9273,1903.2833,1903283.2999
1,1932.9469,1903.3029,1903302.8999
1,1932.9706,1903.3266,1903326.5999
1,1933.3195,1903.6755,1903675.4999
1,1933.3441,1903.7001,1903700.0999
1,1933.3818,1903.7378,1903737.7999
1,1933.4262,1903.7822,1903782.1999
1,1933.4462,1903.8022,1903802.1999
1,1933.4732,1903.8292,1903829.1999
1,1933.5007,1903.8567,1903856.6999
1,1933.5372,1903.8932,1903893.1999
1,1933.7697,1904.1257,1904125.6999
1,1934.0922,1904.4482,1904448.1999
1,1934.1561,1904.5121,1904512.0999
1,1934.1619,1904.5179,1904517.8999
1,1934.1647,1904.5207,1904520.6999
1,1934.1681,1904.5241,1904524.0999
1,1934.1797,1904.5357,1904535.6999
1,1934.4685,1904.8245,1904824.4999
1,1934.5570,1904.9130,1904912.9999
1,1934.8044,1905.1604,1905160.3999
1,1934.9031,1905.2591,1905259.0999
1,1934.9317,1905.2877,1905287.6999
1,1934.9477,1905.3037,1905303.6999
1,1935.1625,1905.5185,1905518.4999
1,1935.1868,1905.5428,1905542.7999
1,1935.2083,1905.5643,1905564.2999
1,1935.2421,1905.5981,1905598.0999
1,1935.2843,1905.6403,1905640.2999
1,1935.3185,1905.6745,1905674.4999
1,1935.3400,1905.6960,1905695.9999
1,1935.3578,1905.7138,1905713.7999
1,1935.3945,1905.7505,1905750.4999
1,1935.4138,1905.7698,1905769.7999
1,1935.4502,1905.8062,1905806.1999
1,1935.5852,1905.9412,1905941.1999
1,1935.6155,1905.9715,1905971.4999
1,1935.8782,1906.2342,1906234.1999
1,1935.9339,1906.2899,1906289.8999
1,1936.0008,1906.3568,1906356.7999
1,1936.0353,1906.3913,1906391.2999
1,1936.1212,1906.4772,1906477.1999
1,1936.1538,1906.5098,1906509.7999
1,1936.1779,1906.5339,1906533.8999
1,1936.2011,1906.5571,1906557.0999
1,1936.3894,1906.7454,1906745.3999
1,1936.3975,1906.7535,1906753.4999
1,1936.4083,1906.7643,1906764.2999
1,1936.4238,1906.7798,1906779.7999
1,1936.5934,1906.9494,1906949.3999
1,1936.6095,1906.9655,1906965.4999
1,1936.9633,1907.3193,1907319.2999
1,1937.1865,1907.5425,1907542.4999
1,1937.2221,1907.5781,1907578.0999
1,1937.4811,1907.8371,1907837.0999
1,1937.6838,1908.0398,1908039.7999
1,1937.8352,1908.1912,1908191.1999
1,1937.8566,1908.2126,1908212.5999
1,1937.8662,1908.2222,1908222.1999
1,1937.8812,1908.2372,1908237.1999
1,1938.1614,1908.5174,1908517.3999
1,1938.2600,1908.6160,1908615.9999
1,1938.3047,1908.6607,1908660.6999
1,1938.4302,1908.7862,1908786.1999
1,1938.5339,1908.8899,1908889.8999
1,1938.7687,1909.1247,1909124.6999
1,1938.7805,1909.1365,1909136.4999
1,1938.8132,1909.1692,1909169.1999
1,1938.8998,1909.2558,1909255.7999
1,1938.9286,1909.2846,1909284.5999
1,1939.1279,1909.4839,1909483.8999
1,1939.3439,1909.6999,1909699.8999
1,1939.3625,1909.7185,1909718.4999
1,1939.3711,1909.7271,1909727.0999
1,1939.5443,1909.9003,1909900.2999
1,1939.7378,1910.0938,1910093.7999
1,1939.7453,1910.1013,1910101.2999
1,1939.7684,1910.1244,1910124.3999
1,1939.9080,1910.2640,1910263.9999
1,1940.0930,1910.4490,1910448.9999
1,1940.1104,1910.4664,1910466.3999
1,1940.1745,1910.5305,1910530.4999
1,1940.1938,1910.5498,1910549.7999
1,1940.3015,1910.6575,1910657.4999
1,1940.3440,1910.7000,1910699.9999
1,1940.4648,1910.8208,1910820.7999
1,1940.5177,1910.8737,1910873.6999
1,1940.6660,1911.0220,1911021.9999
1,1940.8885,1911.2445,1911244.4999
1,1941.0138,1911.3698,1911369.7999
1,1941.0431,1911.3991,1911399.0999
1,1941.0542,1911.4102,1911410.1999
1,1941.0595,1911.4155,1911415.4999
1,1941.0723,1911.4283,1911428.2999
1,1941.1613,1911.5173,1911517.2999
1,1941.1677,1911.5237,1911523.6999
1,1941.3949,1911.7509,1911750.8999
1,1941.7711,1912.1271,1912127.0999
1,1941.8088,1912.1648,1912164.7999
1,1941.9938,1912.3498,1912349.7999
1,1942.0665,1912.4225,1912422.4999
1,1942.0824,1912.4384,1912438.3999
1,1942.1050,1912.4610,1912460.9999
1,1942.1165,1912.4725,1912472.4999
1,1942.1326,1912.4886,1912488.5999
1,1942.1375,1912.4935,1912493.4999
1,1942.1552,1912.5112,1912511.1999
1,1942.1734,1912.5294,1912529.3999
1,1942.1800,1912.5360,1912535.9999
1,1942.1911,1912.5471,1912547.0999
1,1942.3893,1912.7453,1912745.2999
1,1942.4322,1912.7882,1912788.1999
1,1942.4414,1912.7974,1912797.3999
1,1942.4615,1912.8175,1912817.4999
1,1942.5883,1912.9443,1912944.2999
1,1942.6027,1912.9587,1912958.6999
1,1942.6273,1912.9833,1912983.2999
1,1942.6381,1912.9941,1912994.0999
1,1942.7987,1913.1547,1913154.6999
1,1942.8082,1913.1642,1913164.1999
1,1942.8666,1913.2226,1913222.5999
1,1942.9349,1913.2909,1913290.8999
1,1942.9614,1913.3174,1913317.3999
1,1942.9958,1913.3518,1913351.7999
1,1943.0103,1913.3663,1913366.2999
1,1943.1164,1913.4724,1913472.3999
1,1943.1283,1913.4843,1913484.2999
1,1943.1357,1913.4917,1913491.6999
1,1943.1655,1913.5215,1913521.4999
1,1943.2253,1913.5813,1913581.2999
1,1943.2603,1913.6163,1913616.2999
1,1943.3779,1913.7339,1913733.8999
1,1943.3851,1913.7411,1913741.0999
1,1943.6419,1913.9979,1913997.8999
1,1943.7181,1914.0741,1914074.0999
1,1943.7572,1914.1132,1914113.1999
1,1943.7727,1914.1287,1914128.6999
1,1943.8154,1914.1714,1914171.3999
1,1943.8751,1914.2311,1914231.0999
1,1943.9126,1914.2686,1914268.5999
1,1944.0004,1914.3564,1914356.3999
1,1944.0290,1914.3850,1914384.9999
1,1944.0773,1914.4333,1914433.2999
1,1944.0984,1914.4544,1914454.3999
1,1944.4383,1914.7943,1914794.2999
1,1944.5158,1914.8718,1914871.7999
1,1944.7236,1915.0796,1915079.5999
1,1944.8515,1915.2075,1915207.4999
1,1944.8600,1915.2160,1915215.9999
1,1944.8678,1915.2238,1915223.7999
1,1944.8762,1915.2322,1915232.1999
1,1944.8891,1915.2451,1915245.0999
1,1944.8951,1915.2511,1915251.0999
1,1944.9103,1915.2663,1915266.2999
1,1945.1013,1915.4573,1915457.2999
1,1945.1277,1915.4837,1915483.6999
1,1945.1480,1915.5040,1915503.9999
1,1945.1864,1915.5424,1915542.3999
1,1945.2048,1915.5608,1915560.7999
1,1945.2392,1915.5952,1915595.1999
1,1945.2590,1915.6150,1915614.9999
1,1945.4139,1915.7699,1915769.8999
1,1945.4257,1915.7817,1915781.6999
1,1945.4323,1915.7883,1915788.2999
1,1945.4385,1915.7945,1915794.4999
1,1945.4474,1915.8034,1915803.3999
1,1945.6812,1916.0372,1916037.1999
1,1945.6926,1916.0486,1916048.5999
1,1945.7090,1916.0650,1916064.9999
1,1945.9560,1916.3120,1916311.9999
1,1945.9692,1916.3252,1916325.1999
1,1945.9899,1916.3459,1916345.8999
1,1946.1377,1916.4937,1916493.6999
1,1946.1859,1916.5419,1916541.8999
1,1946.2351,1916.5911,1916591.0999
1,1946.2824,1916.6384,1916638.3999
1,1946.2960,1916.6520,1916651.9999
1,1946.2993,1916.6553,1916655.2999
1,1946.3148,1916.6708,1916670.7999
1,1946.3304,1916.6864,1916686.3999
1,1946.7041,1917.0601,1917060.0999
1,1946.7372,1917.0932,1917093.1999
1,1947.0278,1917.3838,1917383.7999
1,1947.0876,1917.4436,1917443.5999
1,1947.0949,1917.4509,1917450.8999
1,1947.1022,1917.4582,1917458.1999
1,1947.4346,1917.7906,1917790.5999
1,1947.4637,1917.8197,1917819.6999
1,1947.5372,1917.8932,1917893.1999
1,1947.5654,1917.9214,1917921.3999
1,1947.5955,1917.9515,1917951.4999
1,1947.6090,1917.9650,1917964.9999
1,1947.6841,1918.0401,1918040.0999
1,1947.8345,1918.1905,1918190.4999
1,1947.8609,1918.2169,1918216.8999
1,1947.9169,1918.2729,1918272.8999
1,1947.9461,1918.3021,1918302.0999
1,1947.9845,1918.3405,1918340.4999
1,1948.2297,1918.5857,1918585.6999
1,1948.3261,1918.6821,1918682.0999
1,1948.3615,1918.7175,1918717.4999
1,1948.3673,1918.7233,1918723.2999
1,1948.3718,1918.7278,1918727.7999
1,1948.3840,1918.7400,1918739.9999
1,1948.4162,1918.7722,1918772.1999
1,1948.7073,1919.0633,1919063.2999
1,1948.7812,1919.1372,1919137.1999
1,1949.0133,1919.3693,1919369.2999
1,1949.1414,1919.4974,1919497.3999
1,1949.1664,1919.5224,1919522.3999
1,1949.3442,1919.7002,1919700.1999
1,1949.3624,1919.7184,1919718.3999
1,1949.4027,1919.7587,1919758.6999
1,1949.4567,1919.8127,1919812.6999
1,1949.6871,1920.0431,1920043.0999
1,1949.7331,1920.0891,1920089.0999
1,1949.7707,1920.1267,1920126.6999
1,1949.8324,1920.1884,1920188.3999
1,1949.8422,1920.1982,1920198.1999
1,1949.8587,1920.2147,1920214.6999
1,1949.8723,1920.2283,1920228.2999
1,1949.8751,1920.2311,1920231.0999
1,1950.0559,1920.4119,1920411.8999
1,1950.1400,1920.4960,1920495.9999
1,1950.1864,1920.5424,1920542.3999
1,1950.3687,1920.7247,1920724.6999
1,1950.5724,1920.9284,1920928.3999
1,1950.6247,1920.9807,1920980.6999
1,1950.8052,1921.1612,1921161.1999
1,1950.9020,1921.2580,1921257.9999
1,1950.9365,1921.2925,1921292.4999
1,1950.9676,1921.3236,1921323.5999
1,1951.0139,1921.3699,1921369.8999
1,1951.3102,1921.6662,1921666.1999
1,1951.4730,1921.8290,1921828.9999
1,1951.4896,1921.8456,1921845.5999
1,1951.6144,1921.9704,1921970.3999
1,1951.7138,1922.0698,1922069.7999
1,1951.7504,1922.1064,1922106.3999
1,1951.8611,1922.2171,1922217.0999
1,1951.9139,1922.2699,1922269.8999
1,1952.1004,1922.4564,1922456.3999
1,1952.1209,1922.4769,1922476.8999
1,1952.1697,1922.5257,1922525.6999
1,1952.2020,1922.5580,1922557.9999
1,1952.2600,1922.6160,1922615.9999
1,1952.6515,1923.0075,1923007.4999
1,1952.6865,1923.0425,1923042.4999
1,1952.7198,1923.0758,1923075.7999
1,1952.8252,1923.1812,1923181.1999
1,1952.8596,1923.2156,1923215.5999
1,1952.9438,1923.2998,1923299.7999
1,1952.9572,1923.3132,1923313.1999
1,1952.9862,1923.3422,1923342.1999
1,1953.0061,1923.3621,1923362.0999
1,1953.1525,1923.5085,1923508.4999
1,1953.3365,1923.6925,1923692.4999
1,1953.6758,1924.0318,1924031.7999
1,1953.7216,1924.0776,1924077.5999
1,1953.7798,1924.1358,1924135.7999
1,1954.0850,1924.4410,1924440.9999
1,1954.1397,1924.4957,1924495.6999
1,1954.2347,1924.5907,1924590.6999
1,1954.4720,1924.8280,1924827.9999
1,1954.5477,1924.9037,1924903.6999
1,1954.6236,1924.9796,1924979.5999
1,1954.8307,1925.1867,1925186.6999
1,1954.8469,1925.2029,1925202.8999
1,1955.0727,1925.4287,1925428.6999
1,1955.1426,1925.4986,1925498.5999
1,1955.1734,1925.5294,1925529.3999
1,1955.1872,1925.5432,1925543.1999
1,1955.2227,1925.5787,1925578.6999
1,1955.2370,1925.5930,1925592.9999
1,1955.2704,1925.6264,1925626.3999
1,1955.5065,1925.8625,1925862.4999
1,1955.6278,1925.9838,1925983.7999
1,1955.8345,1926.1905,1926190.4999
1,1955.8672,1926.2232,1926223.1999
1,1956.1134,1926.4694,1926469.3999
1,1956.2243,1926.5803,1926580.2999
1,1956.3797,1926.7357,1926735.6999
1,1956.3965,1926.7525,1926752.4999
1,1956.4030,1926.7590,1926758.9999
1,1956.4074,1926.7634,1926763.3999
1,1956.4247,1926.7807,1926780.6999
1,1956.8057,1927.1617,1927161.6999
1,1956.8405,1927.1965,1927196.4999
1,1957.0751,1927.4311,1927431.0999
1,1957.1297,1927.4857,1927485.6999
1,1957.1404,1927.4964,1927496.3999
1,1957.1748,1927.5308,1927530.7999
1,1957.2581,1927.6141,1927614.0999
1,1957.4607,1927.8167,1927816.6999
1,1957.4966,1927.8526,1927852.5999
1,1957.6934,1928.0494,1928049.3999
1,1957.7049,1928.0609,1928060.8999
1,1957.7838,1928.1398,1928139.7999
1,1957.8526,1928.2086,1928208.5999
1,1957.9251,1928.2811,1928281.0999
1,1957.9461,1928.3021,1928302.0999
1,1958.1064,1928.4624,1928462.3999
1,1958.2008,1928.5568,1928556.7999
1,1958.2041,1928.5601,1928560.0999
1,1958.2622,1928.6182,1928618.1999
1,1958.3181,1928.6741,1928674.0999
1,1958.3818,1928.7378,1928737.7999
1,1958.4287,1928.7847,1928784.6999
1,1958.4743,1928.8303,1928830.2999
1,1958.4921,1928.8481,1928848.0999
1,1958.7324,1929.0884,1929088.3999
1,1958.7974,1929.1534,1929153.3999
1,1958.8890,1929.2450,1929244.9999
1,1959.0624,1929.4184,1929418.3999
1,1959.1055,1929.4615,1929461.4999
1,1959.1224,1929.4784,1929478.3999
1,1959.4595,1929.8155,1929815.4999
1,1959.4708,1929.8268,1929826.7999
1,1959.5168,1929.8728,1929872.7999
1,1959.5235,1929.8795,1929879.4999
1,1959.5728,1929.9288,1929928.7999
1,1959.7362,1930.0922,1930092.1999
1,1959.9164,1930.2724,1930272.3999
1,1959.9382,1930.2942,1930294.1999
1,1959.9833,1930.3393,1930339.2999
1,1960.2153,1930.5713,1930571.2999
1,1960.2639,1930.6199,1930619.8999
1,1960.5841,1930.9401,1930940.0999
1,1960.6517,1931.0077,1931007.6999
1,1960.8618,1931.2178,1931217.7999
1,1960.8736,1931.2296,1931229.5999
1,1960.9166,1931.2726,1931272.5999
1,1961.1872,1931.5432,1931543.1999
1,1961.2436,1931.5996,1931599.5999
1,1961.4397,1931.7957,1931795.6999
1,1961.5287,1931.8847,1931884.6999
1,1961.5535,1931.9095,1931909.4999
1,1961.6548,1932.0108,1932010.7999
1,1961.6964,1932.0524,1932052.3999
1,1961.9993,1932.3553,1932355.2999
1,1962.0982,1932.4542,1932454.1999
1,1962.1396,1932.4956,1932495.5999
1,1962.1605,1932.5165,1932516.4999
1,1962.3337,1932.6897,1932689.6999
1,1962.3822,1932.7382,1932738.1999
1,1962.4700,1932.8260,1932825.9999
1,1962.4944,1932.8504,1932850.3999
1,1962.5418,1932.8978,1932897.7999
1,1962.5774,1932.9334,1932933.3999
1,1962.7660,1933.1220,1933121.9999
1,1962.7971,1933.1531,1933153.0999
1,1963.4555,1933.8115,1933811.4999
1,1963.5047,1933.8607,1933860.6999
1,1963.6690,1934.0250,1934024.9999
1,1963.6977,1934.0537,1934053.6999
1,1963.8280,1934.1840,1934183.9999
1,1963.8771,1934.2331,1934233.0999
1,1963.9257,1934.2817,1934281.6999
1,1964.0153,1934.3713,1934371.2999
1,1964.1126,1934.4686,1934468.5999
1,1964.1368,1934.4928,1934492.7999
1,1964.1568,1934.5128,1934512.7999
1,1964.2034,1934.5594,1934559.3999
1,1964.2573,1934.6133,1934613.2999
1,1964.2826,1934.6386,1934638.5999
1,1964.3678,1934.7238,1934723.7999
1,1964.6385,1934.9945,1934994.4999
1,1964.6941,1935.0501,1935050.0999
1,1964.8747,1935.2307,1935230.6999
1,1964.8941,1935.2501,1935250.0999
1,1964.9540,1935.3100,1935309.9999
1,1965.0296,1935.3856,1935385.5999
1,1965.2408,1935.5968,1935596.7999
1,1965.2983,1935.6543,1935654.2999
1,1965.3423,1935.6983,1935698.2999
1,1965.3983,1935.7543,1935754.2999
1,1965.5194,1935.8754,1935875.3999
1,1965.5586,1935.9146,1935914.5999
1,1965.6233,1935.9793,1935979.2999
1,1965.6600,1936.0160,1936015.9999
1,1965.6858,1936.0418,1936041.7999
1,1966.1278,1936.4838,1936483.7999
1,1966.2648,1936.6208,1936620.7999
1,1966.3161,1936.6721,1936672.0999
1,1966.3350,1936.6910,1936690.9999
1,1966.4256,1936.7816,1936781.5999
1,1966.4724,1936.8284,1936828.3999
1,1966.5050,1936.8610,1936860.9999
1,1966.6202,1936.9762,1936976.1999
1,1966.6622,1937.0182,1937018.1999
1,1966.9352,1937.2912,1937291.1999
1,1967.0699,1937.4259,1937425.8999
1,1967.3428,1937.6988,1937698.7999
1,1967.4972,1937.8532,1937853.1999
1,1967.6421,1937.9981,1937998.0999
1,1967.7618,1938.1178,1938117.7999
1,1967.7923,1938.1483,1938148.2999
1,1967.8111,1938.1671,1938167.0999
1,1967.9507,1938.3067,1938306.6999
1,1967.9755,1938.3315,1938331.4999
1,1968.0122,1938.3682,1938368.1999
1,1968.0556,1938.4116,1938411.5999
1,1968.0810,1938.4370,1938436.9999
1,1968.0908,1938.4468,1938446.7999
1,1968.3347,1938.6907,1938690.6999
1,1968.3843,1938.7403,1938740.2999
1,1968.4269,1938.7829,1938782.8999
1,1968.5958,1938.9518,1938951.7999
1,1968.7099,1939.0659,1939065.8999
1,1968.7915,1939.1475,1939147.4999
1,1968.8132,1939.1692,1939169.1999
1,1968.8740,1939.2300,1939229.9999
1,1968.9115,1939.2675,1939267.4999
1,1968.9236,1939.2796,1939279.5999
1,1968.9579,1939.3139,1939313.8999
1,1969.1997,1939.5557,1939555.6999
1,1969.3443,1939.7003,1939700.2999
1,1969.3737,1939.7297,1939729.6999
1,1969.4872,1939.8432,1939843.1999
1,1969.6498,1940.0058,1940005.7999
1,1969.9112,1940.2672,1940267.1999
1,1969.9894,1940.3454,1940345.3999
1,1970.0934,1940.4494,1940449.3999
1,1970.2164,1940.5724,1940572.3999
1,1970.2659,1940.6219,1940621.8999
1,1970.2996,1940.6556,1940655.5999
1,1970.3146,1940.6706,1940670.5999
1,1970.5023,1940.8583,1940858.2999
1,1970.5213,1940.8773,1940877.2999
1,1970.6628,1941.0188,1941018.7999
1,1970.6771,1941.0331,1941033.0999
1,1970.6891,1941.0451,1941045.0999
1,1970.8426,1941.1986,1941198.5999
1,1971.0496,1941.4056,1941405.5999
1,1971.1309,1941.4869,1941486.8999
1,1971.1453,1941.5013,1941501.2999
1,1971.1722,1941.5282,1941528.1999
1,1971.2054,1941.5614,1941561.3999
1,1971.2299,1941.5859,1941585.8999
1,1971.3691,1941.7251,1941725.0999
1,1971.4297,1941.7857,1941785.6999
1,1971.7503,1942.1063,1942106.2999
1,1971.7589,1942.1149,1942114.8999
1,1971.8144,1942.1704,1942170.3999
1,1971.9398,1942.2958,1942295.7999
1,1971.9895,1942.3455,1942345.4999
1,1972.1343,1942.4903,1942490.2999
1,1972.1614,1942.5174,1942517.3999
1,1972.2124,1942.5684,1942568.3999
1,1972.2846,1942.6406,1942640.5999
1,1972.3899,1942.7459,1942745.8999
1,1972.4040,1942.7600,1942759.9999
1,1972.4361,1942.7921,1942792.0999
1,1972.5134,1942.8694,1942869.3999
1,1972.5604,1942.9164,1942916.3999
1,1972.5763,1942.9323,1942932.2999
1,1972.5921,1942.9481,1942948.0999
1,1972.6355,1942.9915,1942991.4999
1,1972.8215,1943.1775,1943177.4999
1,1972.9162,1943.2722,1943272.1999
1,1973.0551,1943.4111,1943411.0999
1,1973.0823,1943.4383,1943438.2999
1,1973.2297,1943.5857,1943585.6999
1,1973.2431,1943.5991,1943599.0999
1,1973.2934,1943.6494,1943649.3999
1,1973.3259,1943.6819,1943681.8999
1,1973.5711,1943.9271,1943927.0999
1,1973.6124,1943.9684,1943968.3999
1,1973.6613,1944.0173,1944017.2999
1,1973.8149,1944.1709,1944170.8999
1,1973.9924,1944.3484,1944348.3999
1,1974.1704,1944.5264,1944526.3999
1,1974.2683,1944.6243,1944624.2999
1,1974.3025,1944.6585,1944658.4999
1,1974.3400,1944.6960,1944695.9999
1,1974.4744,1944.8304,1944830.3999
1,1974.4863,1944.8423,1944842.2999
1,1974.5325,1944.8885,1944888.4999
1,1974.6126,1944.9686,1944968.5999
1,1974.6571,1945.0131,1945013.0999
1,1974.6836,1945.0396,1945039.5999
1,1975.1836,1945.5396,1945539.5999
1,1975.4423,1945.7983,1945798.2999
1,1975.5026,1945.8586,1945858.5999
1,1975.6596,1946.0156,1946015.5999
1,1975.6922,1946.0482,1946048.1999
1,1975.7319,1946.0879,1946087.8999
1,1975.7521,1946.1081,1946108.0999
1,1975.9025,1946.2585,1946258.4999
1,1975.9499,1946.3059,1946305.8999
1,1976.1664,1946.5224,1946522.3999
1,1976.2323,1946.5883,1946588.2999
1,1976.2874,1946.6434,1946643.3999
1,1976.4241,1946.7801,1946780.0999
1,1976.8137,1947.1697,1947169.6999
1,1976.8578,1947.2138,1947213.7999
1,1976.8978,1947.2538,1947253.7999
1,1976.9632,1947.3192,1947319.1999
1,1977.0602,1947.4162,1947416.1999
1,1977.1498,1947.5058,1947505.7999
1,1977.1825,1947.5385,1947538.4999
1,1977.2297,1947.5857,1947585.6999
1,1977.3595,1947.7155,1947715.4999
1,1977.3985,1947.7545,1947754.4999
1,1977.6501,1948.0061,1948006.0999
1,1977.7043,1948.0603,1948060.2999
1,1977.8098,1948.1658,1948165.7999
1,1977.8447,1948.2007,1948200.6999
1,1977.9720,1948.3280,1948327.9999
1,1978.1462,1948.5022,1948502.1999
1,1978.2273,1948.5833,1948583.2999
1,1978.2421,1948.5981,1948598.0999
1,1978.2580,1948.6140,1948613.9999
1,1978.2838,1948.6398,1948639.7999
1,1978.3595,1948.7155,1948715.4999
1,1978.3686,1948.7246,1948724.5999
1,1978.4482,1948.8042,1948804.1999
1,1978.5423,1948.8983,1948898.2999
1,1978.5683,1948.9243,1948924.2999
1,1978.7830,1949.1390,1949138.9999
1,1978.8347,1949.1907,1949190.6999
1,1978.8606,1949.2166,1949216.5999
1,1978.9480,1949.3040,1949303.9999
1,1978.9593,1949.3153,1949315.2999
1,1979.1996,1949.5556,1949555.5999
1,1979.6353,1949.9913,1949991.2999
1,1979.7069,1950.0629,1950062.8999
1,1979.7958,1950.1518,1950151.7999
1,1979.8155,1950.1715,1950171.4999
1,1979.8732,1950.2292,1950229.1999
1,1980.1052,1950.4612,1950461.1999
1,1980.1380,1950.4940,1950493.9999
1,1980.1688,1950.5248,1950524.7999
1,1980.2925,1950.6485,1950648.4999
1,1980.3424,1950.6984,1950698.3999
1,1980.5381,1950.8941,1950894.0999
1,1980.6431,1950.9991,1950999.0999
1,1980.7000,1951.0560,1951055.9999
1,1980.7431,1951.0991,1951099.0999
1,1980.8230,1951.1790,1951178.9999
1,1980.8912,1951.2472,1951247.1999
1,1980.9586,1951.3146,1951314.5999
1,1980.9874,1951.3434,1951343.3999
1,1981.0195,1951.3755,1951375.4999
1,1981.0597,1951.4157,1951415.6999
1,1981.0797,1951.4357,1951435.6999
1,1981.0900,1951.4460,1951445.9999
1,1981.1767,1951.5327,1951532.6999
1,1981.2250,1951.5810,1951580.9999
1,1981.5074,1951.8634,1951863.3999
1,1981.5622,1951.9182,1951918.1999
1,1981.6506,1952.0066,1952006.5999
1,1981.7246,1952.0806,1952080.5999
1,1981.7416,1952.0976,1952097.5999
1,1981.7592,1952.1152,1952115.1999
1,1981.8004,1952.1564,1952156.3999
1,1982.0152,1952.3712,1952371.1999
1,1982.2447,1952.6007,1952600.6999
1,1982.4124,1952.7684,1952768.3999
1,1982.4324,1952.7884,1952788.3999
1,1982.4691,1952.8251,1952825.0999
1,1982.4763,1952.8323,1952832.2999
1,1982.5821,1952.9381,1952938.0999
1,1982.7590,1953.1150,1953114.9999
1,1982.8256,1953.1816,1953181.5999
1,1982.8386,1953.1946,1953194.5999
1,1983.3655,1953.7215,1953721.4999
1,1983.4022,1953.7582,1953758.1999
1,1983.4355,1953.7915,1953791.4999
1,1983.5171,1953.8731,1953873.0999
1,1983.5641,1953.9201,1953920.0999
1,1983.6794,1954.0354,1954035.3999
1,1983.7428,1954.0988,1954098.7999
1,1983.7739,1954.1299,1954129.8999
1,1983.9474,1954.3034,1954303.3999
1,1984.0761,1954.4321,1954432.0999
1,1984.1452,1954.5012,1954501.1999
1,1984.4541,1954.8101,1954810.0999
1,1984.5396,1954.8956,1954895.5999
1,1984.5820,1954.9380,1954937.9999
1,1984.6027,1954.9587,1954958.6999
1,1984.9968,1955.3528,1955352.7999
1,1985.1069,1955.4629,1955462.8999
1,1985.2857,1955.6417,1955641.6999
1,1985.5806,1955.9366,1955936.5999
1,1985.7360,1956.0920,1956091.9999
1,1985.8044,1956.1604,1956160.3999
1,1985.8883,1956.2443,1956244.2999
1,1986.0265,1956.3825,1956382.4999
1,1986.2393,1956.5953,1956595.2999
1,1986.4096,1956.7656,1956765.5999
1,1986.4501,1956.8061,1956806.0999
1,1986.4748,1956.8308,1956830.7999
1,1986.5696,1956.9256,1956925.5999
1,1986.8937,1957.2497,1957249.6999
1,1986.9302,1957.2862,1957286.1999
1,1986.9459,1957.3019,1957301.8999
1,1987.3395,1957.6955,1957695.4999
1,1987.4123,1957.7683,1957768.2999
1,1987.5120,1957.8680,1957867.9999
1,1987.5860,1957.9420,1957941.9999
1,1987.6119,1957.9679,1957967.8999
1,1987.6194,1957.9754,1957975.3999
1,1987.7259,1958.0819,1958081.8999
1,1987.8832,1958.2392,1958239.1999
1,1987.8980,1958.2540,1958253.9999
1,1987.9230,1958.2790,1958278.9999
1,1987.9579,1958.3139,1958313.8999
1,1988.0593,1958.4153,1958415.2999
1,1988.0933,1958.4493,1958449.2999
1,1988.1479,1958.5039,1958503.8999
1,1988.1776,1958.5336,1958533.5999
1,1988.2323,1958.5883,1958588.2999
1,1988.4165,1958.7725,1958772.4999
1,1988.4481,1958.8041,1958804.0999
1,1988.4695,1958.8255,1958825.4999
1,1988.5650,1958.9210,1958920.9999
1,1988.6237,1958.9797,1958979.6999
1,1988.7000,1959.0560,1959055.9999
1,1988.8540,1959.2100,1959209.9999
1,1988.9817,1959.3377,1959337.6999
1,1989.0583,1959.4143,1959414.2999
1,1989.2298,1959.5858,1959585.7999
1,1989.3516,1959.7076,1959707.5999
1,1989.3939,1959.7499,1959749.8999
1,1989.8490,1960.2050,1960204.9999
1,1989.8548,1960.2108,1960210.7999
1,1989.8770,1960.2330,1960232.9999
1,1989.9102,1960.2662,1960266.1999
1,1989.9703,1960.3263,1960326.2999
1,1990.0705,1960.4265,1960426.4999
1,1990.2397,1960.5957,1960595.6999
1,1990.2616,1960.6176,1960617.5999
1,1990.2957,1960.6517,1960651.6999
1,1990.3030,1960.6590,1960658.9999
1,1990.4624,1960.8184,1960818.3999
1,1990.4908,1960.8468,1960846.7999
1,1990.5665,1960.9225,1960922.4999
1,1990.5941,1960.9501,1960950.0999
1,1990.6606,1961.0166,1961016.5999
1,1990.6970,1961.0530,1961052.9999
1,1990.9262,1961.2822,1961282.1999
1,1990.9529,1961.3089,1961308.8999
1,1991.0012,1961.3572,1961357.1999
1,1991.0971,1961.4531,1961453.0999
1,1991.1427,1961.4987,1961498.6999
1,1991.3576,1961.7136,1961713.5999
1,1991.5118,1961.8678,1961867.7999
1,1991.5756,1961.9316,1961931.5999
1,1991.7694,1962.1254,1962125.3999
1,1991.9572,1962.3132,1962313.1999
1,1991.9967,1962.3527,1962352.6999
1,1992.2179,1962.5739,1962573.8999
1,1992.2777,1962.6337,1962633.6999
1,1992.3181,1962.6741,1962674.0999
1,1992.3585,1962.7145,1962714.4999
1,1992.3710,1962.7270,1962726.9999
1,1992.3871,1962.7431,1962743.0999
1,1992.3918,1962.7478,1962747.7999
1,1992.4219,1962.7779,1962777.8999
1,1992.4381,1962.7941,1962794.0999
1,1992.4525,1962.8085,1962808.4999
1,1992.6756,1963.0316,1963031.5999
1,1992.7231,1963.0791,1963079.0999
1,1992.8380,1963.1940,1963193.9999
1,1992.9465,1963.3025,1963302.4999
1,1992.9644,1963.3204,1963320.3999
1,1992.9863,1963.3423,1963342.2999
1,1993.0482,1963.4042,1963404.1999
1,1993.0714,1963.4274,1963427.3999
1,1993.1814,1963.5374,1963537.3999
1,1993.1903,1963.5463,1963546.2999
1,1993.2924,1963.6484,1963648.3999
1,1993.6634,1964.0194,1964019.3999
1,1993.7459,1964.1019,1964101.8999
1,1993.7903,1964.1463,1964146.2999
1,1993.8082,1964.1642,1964164.1999
1,1993.8233,1964.1793,1964179.2999
1,1993.8356,1964.1916,1964191.5999
1,1993.9915,1964.3475,1964347.4999
1,1994.1914,1964.5474,1964547.3999
1,1994.3493,1964.7053,1964705.2999
1,1994.4113,1964.7673,1964767.2999
1,1994.7646,1965.1206,1965120.5999
1,1994.8481,1965.2041,1965204.0999
1,1994.8869,1965.2429,1965242.8999
1,1994.9827,1965.3387,1965338.6999
1,1995.0227,1965.3787,1965378.6999
1,1995.1354,1965.4914,1965491.3999
1,1995.1746,1965.5306,1965530.5999
1,1995.3053,1965.6613,1965661.2999
1,1995.3978,1965.7538,1965753.7999
1,1995.4338,1965.7898,1965789.7999
1,1995.4697,1965.8257,1965825.6999
1,1995.6398,1965.9958,1965995.7999
1,1995.8509,1966.2069,1966206.8999
1,1995.8742,1966.2302,1966230.1999
1,1995.9674,1966.3234,1966323.3999
1,1996.1106,1966.4666,1966466.5999
1,1996.3820,1966.7380,1966737.9999
1,1996.4732,1966.8292,1966829.1999
1,1996.7114,1967.0674,1967067.3999
1,1996.7237,1967.0797,1967079.6999
1,1996.7380,1967.0940,1967093.9999
1,1996.7563,1967.1123,1967112.2999
1,1997.0521,1967.4081,1967408.0999
1,1997.1739,1967.5299,1967529.8999
1,1997.2496,1967.6056,1967605.5999
1,1997.5903,1967.9463,1967946.2999
1,1997.6454,1968.0014,1968001.3999
1,1997.7894,1968.1454,1968145.3999
1,1997.9507,1968.3067,1968306.6999
1,1998.1046,1968.4606,1968460.5999
1,1998.1341,1968.4901,1968490.0999
1,1998.1912,1968.5472,1968547.1999
1,1998.3989,1968.7549,1968754.8999
1,1998.4950,1968.8510,1968850.9999
1,1998.6213,1968.9773,1968977.2999
1,1998.6465,1969.0025,1969002.4999
1,1998.9245,1969.2805,1969280.4999
1,1999.3139,1969.6699,1969669.8999
1,1999.3580,1969.7140,1969713.9999
1,1999.4192,1969.7752,1969775.1999
1,1999.4470,1969.8030,1969802.9999
1,1999.5142,1969.8702,1969870.1999
1,1999.5349,1969.8909,1969890.8999
1,1999.5846,1969.9406,1969940.5999
1,1999.5917,1969.9477,1969947.6999
1,1999.6069,1969.9629,1969962.8999
1,1999.6292,1969.9852,1969985.1999
1,1999.8027,1970.1587,1970158.6999
1,1999.8297,1970.1857,1970185.6999
1,1999.9766,1970.3326,1970332.5999
1,2000.0790,1970.4350,1970434.9999
1,2000.1521,1970.5081,1970508.0999
1,2000.2795,1970.6355,1970635.4999
1,2000.2965,1970.6525,1970652.4999
1,2000.3140,1970.6700,1970669.9999
1,2000.3304,1970.6864,1970686.3999
1,2000.3441,1970.7001,1970700.0999
1,2000.3490,1970.7050,1970704.9999
1,2000.5275,1970.8835,1970883.4999
1,2000.7397,1971.0957,1971095.6999
1,2000.8355,1971.1915,1971191.4999
1,2000.8945,1971.2505,1971250.4999
1,2000.9100,1971.2660,1971265.9999
1,2000.9509,1971.3069,1971306.8999
1,2001.1814,1971.5374,1971537.3999
1,2001.2022,1971.5582,1971558.1999
1,2001.2309,1971.5869,1971586.8999
1,2001.3779,1971.7339,1971733.8999
1,2001.4063,1971.7623,1971762.2999
1,2001.5271,1971.8831,1971883.0999
1,2001.6266,1971.9826,1971982.5999
1,2001.7359,1972.0919,1972091.8999
1,2001.7664,1972.1224,1972122.3999
1,2001.7980,1972.1540,1972153.9999
1,2001.8240,1972.1800,1972179.9999
1,2001.8416,1972.1976,1972197.5999
1,2001.8526,1972.2086,1972208.5999
1,2001.9100,1972.2660,1972265.9999
1,2002.1324,1972.4884,1972488.3999
1,2002.2207,1972.5767,1972576.6999
1,2002.3024,1972.6584,1972658.3999
1,2002.3616,1972.7176,1972717.5999
1,2002.3864,1972.7424,1972742.3999
1,2002.4144,1972.7704,1972770.3999
1,2002.5929,1972.9489,1972948.8999
1,2002.6155,1972.9715,1972971.4999
1,2002.6668,1973.0228,1973022.7999
1,2002.7732,1973.1292,1973129.1999
1,2002.9062,1973.2622,1973262.1999
1,2002.9345,1973.2905,1973290.4999
1,2002.9429,1973.2989,1973298.8999
1,2002.9804,1973.3364,1973336.3999
1,2003.1219,1973.4779,1973477.8999
1,2003.1824,1973.5384,1973538.3999
1,2003.2557,1973.6117,1973611.6999
1,2003.2895,1973.6455,1973645.4999
1,2003.3476,1973.7036,1973703.5999
1,2003.4155,1973.7715,1973771.4999
1,2003.4702,1973.8262,1973826.1999
1,2003.6282,1973.9842,1973984.1999
1,2003.7627,1974.1187,1974118.6999
1,2004.0812,1974.4372,1974437.1999
1,2004.2558,1974.6118,1974611.7999
1,2004.3136,1974.6696,1974669.5999
1,2004.3894,1974.7454,1974745.3999
1,2004.4282,1974.7842,1974784.1999
1,2004.5213,1974.8773,1974877.2999
1,2004.6382,1974.9942,1974994.1999
1,2004.8253,1975.1813,1975181.2999
1,2004.8606,1975.2166,1975216.5999
1,2005.1278,1975.4838,1975483.7999
1,2005.3009,1975.6569,1975656.8999
1,2005.3638,1975.7198,1975719.7999
1,2005.4096,1975.7656,1975765.5999
1,2005.4803,1975.8363,1975836.2999
1,2005.5100,1975.8660,1975865.9999
1,2005.5535,1975.9095,1975909.4999
1,2005.5774,1975.9334,1975933.3999
1,2005.7103,1976.0663,1976066.2999
1,2005.7635,1976.1195,1976119.4999
1,2005.9370,1976.2930,1976292.9999
1,2006.0350,1976.3910,1976390.9999
1,2006.0796,1976.4356,1976435.5999
1,2006.2861,1976.6421,1976642.0999
1,2006.3011,1976.6571,1976657.0999
1,2006.3156,1976.6716,1976671.5999
1,2006.3538,1976.7098,1976709.7999
1,2006.3825,1976.7385,1976738.4999
1,2006.5509,1976.9069,1976906.8999
1,2006.5928,1976.9488,1976948.7999
1,2006.7604,1977.1164,1977116.3999
1,2006.7898,1977.1458,1977145.7999
1,2006.9646,1977.3206,1977320.5999
1,2006.9902,1977.3462,1977346.1999
1,2007.0032,1977.3592,1977359.1999
1,2007.0344,1977.3904,1977390.3999
1,2007.1554,1977.5114,1977511.3999
1,2007.1955,1977.5515,1977551.4999
1,2007.6543,1978.0103,1978010.2999
1,2007.6690,1978.0250,1978024.9999
1,2007.6833,1978.0393,1978039.2999
1,2007.8696,1978.2256,1978225.5999
1,2007.9817,1978.3377,1978337.6999
1,2008.0212,1978.3772,1978377.1999
1,2008.1704,1978.5264,1978526.3999
1,2008.2118,1978.5678,1978567.7999
1,2008.2418,1978.5978,1978597.7999
1,2008.5180,1978.8740,1978873.9999
1,2008.5570,1978.9130,1978912.9999
1,2008.5885,1978.9445,1978944.4999
1,2008.7412,1979.0972,1979097.1999
1,2008.7722,1979.1282,1979128.1999
1,2009.0362,1979.3922,1979392.1999
1,2009.1938,1979.5498,1979549.7999
1,2009.2038,1979.5598,1979559.7999
1,2009.2170,1979.5730,1979572.9999
1,2009.4508,1979.8068,1979806.7999
1,2009.6637,1980.0197,1980019.6999
1,2009.8601,1980.2161,1980216.0999
1,2010.0178,1980.3738,1980373.7999
1,2010.0496,1980.4056,1980405.5999
1,2010.1982,1980.5542,1980554.1999
1,2010.2535,1980.6095,1980609.4999
1,2010.4092,1980.7652,1980765.1999
1,2010.5409,1980.8969,1980896.8999
1,2010.8019,1981.1579,1981157.8999
1,2010.8759,1981.2319,1981231.8999
1,2010.8991,1981.2551,1981255.0999
1,2010.9079,1981.2639,1981263.8999
1,2011.0725,1981.4285,1981428.4999
1,2011.0906,1981.4466,1981446.5999
1,2011.1032,1981.4592,1981459.1999
1,2011.1173,1981.4733,1981473.2999
1,2011.1335,1981.4895,1981489.4999
1,2011.3218,1981.6778,1981677.7999
1,2011.4731,1981.8291,1981829.0999
1,2011.5429,1981.8989,1981898.8999
1,2011.6411,1981.9971,1981997.0999
1,2011.6955,1982.0515,1982051.4999
1,2011.7151,1982.0711,1982071.0999
1,2011.7852,1982.1412,1982141.1999
1,2011.8220,1982.1780,1982177.9999
1,2011.9157,1982.2717,1982271.6999
1,2012.0816,1982.4376,1982437.5999
1,2012.1164,1982.4724,1982472.3999
1,2012.1857,1982.5417,1982541.6999
1,2012.2943,1982.6503,1982650.2999
1,2012.4644,1982.8204,1982820.3999
1,2012.5625,1982.9185,1982918.4999
1,2012.5847,1982.9407,1982940.6999
1,2012.5942,1982.9502,1982950.1999
1,2012.6271,1982.9831,1982983.0999
1,2012.7528,1983.1088,1983108.7999
1,2012.7782,1983.1342,1983134.1999
1,2012.7846,1983.1406,1983140.5999
1,2013.0970,1983.4530,1983452.9999
1,2013.1307,1983.4867,1983486.6999
1,2013.4530,1983.8090,1983808.9999
1,2013.5476,1983.9036,1983903.5999
1,2013.5564,1983.9124,1983912.3999
1,2013.6297,1983.9857,1983985.6999
1,2013.6577,1984.0137,1984013.6999
1,2013.6672,1984.0232,1984023.1999
1,2013.7353,1984.0913,1984091.2999
1,2013.7633,1984.1193,1984119.2999
1,2013.8588,1984.2148,1984214.7999
1,2013.8919,1984.2479,1984247.8999
1,2013.9905,1984.3465,1984346.4999
1,2014.0749,1984.4309,1984430.8999
1,2014.2302,1984.5862,1984586.1999
1,2014.3920,1984.7480,1984747.9999
1,2014.4361,1984.7921,1984792.0999
1,2014.6624,1985.0184,1985018.3999
1,2014.7160,1985.0720,1985071.9999
1,2014.7412,1985.0972,1985097.1999
1,2014.7865,1985.1425,1985142.4999
1,2014.8215,1985.1775,1985177.4999
1,2015.1015,1985.4575,1985457.4999
1,2015.1169,1985.4729,1985472.8999
1,2015.1574,1985.5134,1985513.3999
1,2015.3582,1985.7142,1985714.1999
1,2015.5163,1985.8723,1985872.2999
1,2015.8840,1986.2400,1986239.9999
1,2015.9250,1986.2810,1986280.9999
1,2015.9617,1986.3177,1986317.6999
1,2015.9993,1986.3553,1986355.2999
1,2016.0684,1986.4244,1986424.3999
1,2016.0870,1986.4430,1986442.9999
1,2016.1249,1986.4809,1986480.8999
1,2016.4007,1986.7567,1986756.6999
1,2016.5063,1986.8623,1986862.2999
1,2016.5477,1986.9037,1986903.6999
1,2016.6760,1987.0320,1987031.9999
1,2016.8738,1987.2298,1987229.7999
1,2016.9900,1987.3460,1987345.9999
1,2016.9933,1987.3493,1987349.2999
1,2017.0966,1987.4526,1987452.5999
1,2017.1486,1987.5046,1987504.5999
1,2017.3217,1987.6777,1987677.6999
1,2017.3457,1987.7017,1987701.6999
1,2017.4778,1987.8338,1987833.7999
1,2017.5178,1987.8738,1987873.7999
1,2017.5588,1987.9148,1987914.7999
1,2017.5735,1987.9295,1987929.4999
1,2017.5913,1987.9473,1987947.2999
1,2017.6199,1987.9759,1987975.8999
1,2017.6387,1987.9947,1987994.6999
1,2017.9030,1988.2590,1988258.9999
1,2017.9482,1988.3042,1988304.1999
1,2017.9573,1988.3133,1988313.2999
1,2017.9679,1988.3239,1988323.8999
1,2017.9810,1988.3370,1988336.9999
1,2017.9894,1988.3454,1988345.3999
1,2018.0098,1988.3658,1988365.7999
1,2018.0326,1988.3886,1988388.5999
1,2018.2923,1988.6483,1988648.2999
1,2018.4519,1988.8079,1988807.8999
1,2018.5758,1988.9318,1988931.7999
1,2018.7459,1989.1019,1989101.8999
1,2018.8256,1989.1816,1989181.5999
1,2018.8518,1989.2078,1989207.7999
1,2018.9093,1989.2653,1989265.2999
1,2018.9856,1989.3416,1989341.5999
1,2019.0211,1989.3771,1989377.0999
1,2019.0392,1989.3952,1989395.1999
1,2019.1305,1989.4865,1989486.4999
1,2019.2357,1989.5917,1989591.6999
1,2019.4588,1989.8148,1989814.7999
1,2019.7163,1990.0723,1990072.2999
1,2019.8118,1990.1678,1990167.7999
1,2019.8962,1990.2522,1990252.1999
1,2019.9462,1990.3022,1990302.1999
1,2019.9626,1990.3186,1990318.5999
1,2019.9811,1990.3371,1990337.0999
1,2019.9916,1990.3476,1990347.5999
1,2020.0134,1990.3694,1990369.3999
1,2020.0287,1990.3847,1990384.6999
1,2020.2126,1990.5686,1990568.5999
1,2020.2245,1990.5805,1990580.4999
1,2020.2594,1990.6154,1990615.3999
1,2020.4061,1990.7621,1990762.0999
1,2020.6403,1990.9963,1990996.2999
1,2020.6645,1991.0205,1991020.4999
1,2020.8123,1991.1683,1991168.2999
1,2021.6005,1991.9565,1991956.4999
1,2021.6236,1991.9796,1991979.5999
1,2021.6608,1992.0168,1992016.7999
1,2021.7856,1992.1416,1992141.5999
1,2021.8664,1992.2224,1992222.3999
1,2021.9218,1992.2778,1992277.7999
1,2021.9916,1992.3476,1992347.5999
1,2022.2303,1992.5863,1992586.2999
1,2022.4153,1992.7713,1992771.2999
1,2022.4516,1992.8076,1992807.5999
1,2022.4550,1992.8110,1992810.9999
1,2022.4950,1992.8510,1992850.9999
1,2022.6360,1992.9920,1992991.9999
1,2022.6690,1993.0250,1993024.9999
1,2022.6977,1993.0537,1993053.6999
1,2022.7448,1993.1008,1993100.7999
1,2022.9022,1993.2582,1993258.1999
1,2022.9283,1993.2843,1993284.2999
1,2022.9722,1993.3282,1993328.1999
1,2023.0239,1993.3799,1993379.8999
1,2023.1283,1993.4843,1993484.2999
1,2023.2340,1993.5900,1993589.9999
1,2023.3201,1993.6761,1993676.0999
1,2023.6259,1993.9819,1993981.8999
1,2023.8946,1994.2506,1994250.5999
1,2023.9768,1994.3328,1994332.7999
1,2024.1996,1994.5556,1994555.5999
1,2024.2144,1994.5704,1994570.3999
1,2024.2165,1994.5725,1994572.4999
1,2024.2625,1994.6185,1994618.4999
1,2024.2690,1994.6250,1994624.9999
1,2024.2971,1994.6531,1994653.0999
1,2024.4849,1994.8409,1994840.8999
1,2024.5056,1994.8616,1994861.5999
1,2024.6815,1995.0375,1995037.4999
1,2024.6875,1995.0435,1995043.4999
1,2024.6914,1995.0474,1995047.3999
1,2024.9451,1995.3011,1995301.0999
1,2024.9523,1995.3083,1995308.2999
1,2024.9622,1995.3182,1995318.1999
1,2024.9723,1995.3283,1995328.2999
1,2025.0149,1995.3709,1995370.8999
1,2025.0589,1995.4149,1995414.8999
1,2025.3330,1995.6890,1995688.9999
1,2025.3578,1995.7138,1995713.7999
1,2025.3981,1995.7541,1995754.0999
1,2025.4480,1995.8040,1995803.9999
1,2025.4834,1995.8394,1995839.3999
1,2025.6864,1996.0424,1996042.3999
1,2026.1292,1996.4852,1996485.1999
1,2026.1717,1996.5277,1996527.6999
1,2026.2872,1996.6432,1996643.1999
1,2026.3219,1996.6779,1996677.8999
1,2026.3281,1996.6841,1996684.0999
1,2026.3921,1996.7481,1996748.0999
1,2026.4070,1996.7630,1996762.9999
1,2026.4390,1996.7950,1996794.9999
1,2026.4779,1996.8339,1996833.8999
1,2026.4840,1996.8400,1996839.9999
1,2026.4958,1996.8518,1996851.7999
1,2026.5127,1996.8687,1996868.6999
1,2026.6821,1997.0381,1997038.0999
1,2026.7738,1997.1298,1997129.7999
1,2026.8832,1997.2392,1997239.1999
1,2026.9384,1997.2944,1997294.3999
1,2026.9878,1997.3438,1997343.7999
1,2027.0041,1997.3601,1997360.0999
1,2027.0158,1997.3718,1997371.7999
1,2027.3525,1997.7085,1997708.4999
1,2027.4052,1997.7612,1997761.1999
1,2027.6633,1998.0193,1998019.2999
1,2027.8916,1998.2476,1998247.5999
1,2027.9763,1998.3323,1998332.2999
1,2028.0182,1998.3742,1998374.1999
1,2028.0495,1998.4055,1998405.4999
1,2028.0718,1998.4278,1998427.7999
1,2028.2365,1998.5925,1998592.4999
1,2028.2985,1998.6545,1998654.4999
1,2028.3318,1998.6878,1998687.7999
1,2028.3408,1998.6968,1998696.7999
1,2028.4250,1998.7810,1998780.9999
1,2028.4702,1998.8262,1998826.1999
1,2028.4994,1998.8554,1998855.3999
1,2028.5155,1998.8715,1998871.4999
1,2028.7754,1999.1314,1999131.3999
1,2028.8435,1999.1995,1999199.4999
1,2029.1774,1999.5334,1999533.3999
1,2029.2507,1999.6067,1999606.6999
1,2029.2834,1999.6394,1999639.3999
1,2029.3948,1999.7508,1999750.7999
1,2029.4572,1999.8132,1999813.1999
1,2029.6664,2000.0224,2000022.3999
1,2029.7072,2000.0632,2000063.1999
1,2029.7128,2000.0688,2000068.7999
1,2029.7531,2000.1091,2000109.0999
1,2029.8415,2000.1975,2000197.4999
1,2029.8624,2000.2184,2000218.3999
1,2029.9773,2000.3333,2000333.2999
1,2030.4821,2000.8381,2000838.0999
1,2030.6384,2000.9944,2000994.3999
1,2030.7889,2001.1449,2001144.8999
1,2030.8861,2001.2421,2001242.0999
1,2030.9272,2001.2832,2001283.1999
1,2031.0589,2001.4149,2001414.8999
1,2031.2509,2001.6069,2001606.8999
1,2031.4437,2001.7997,2001799.6999
1,2031.5514,2001.9074,2001907.3999
1,2031.6118,2001.9678,2001967.7999
1,2031.6311,2001.9871,2001987.0999
1,2031.7002,2002.0562,2002056.1999
1,2031.8646,2002.2206,2002220.5999
1,2031.8963,2002.2523,2002252.2999
1,2032.1169,2002.4729,2002472.8999
1,2032.1580,2002.5140,2002513.9999
1,2032.2771,2002.6331,2002633.0999
1,2032.4085,2002.7645,2002764.4999
1,2032.4240,2002.7800,2002779.9999
1,2032.5230,2002.8790,2002878.9999
1,2032.5670,2002.9230,2002922.9999
1,2032.6294,2002.9854,2002985.3999
1,2032.7800,2003.1360,2003135.9999
1,2032.8559,2003.2119,2003211.8999
1,2032.8774,2003.2334,2003233.3999
1,2032.8876,2003.2436,2003243.5999
1,2032.9003,2003.2563,2003256.2999
1,2033.3656,2003.7216,2003721.5999
1,2033.4028,2003.7588,2003758.7999
1,2033.4554,2003.8114,2003811.3999
1,2033.5114,2003.8674,2003867.3999
1,2033.5707,2003.9267,2003926.6999
1,2033.6534,2004.0094,2004009.3999
1,2033.8537,2004.2097,2004209.6999
1,2033.8731,2004.2291,2004229.0999
1,2033.8908,2004.2468,2004246.7999
1,2033.9328,2004.2888,2004288.7999
1,2033.9632,2004.3192,2004319.1999
1,2033.9651,2004.3211,2004321.0999
1,2034.1951,2004.5511,2004551.0999
1,2034.2284,2004.5844,2004584.3999
1,2034.3611,2004.7171,2004717.0999
1,2034.4302,2004.7862,2004786.1999
1,2034.5964,2004.9524,2004952.3999
1,2034.6180,2004.9740,2004973.9999
1,2034.6891,2005.0451,2005045.0999
1,2034.8997,2005.2557,2005255.6999
1,2035.0617,2005.4177,2005417.6999
1,2035.2100,2005.5660,2005565.9999
1,2035.3302,2005.6862,2005686.1999
1,2035.4426,2005.7986,2005798.5999
1,2035.5002,2005.8562,2005856.1999
1,2035.6061,2005.9621,2005962.0999
1,2035.7852,2006.1412,2006141.1999
1,2035.8454,2006.2014,2006201.3999
1,2036.0404,2006.3964,2006396.3999
1,2036.2117,2006.5677,2006567.6999
1,2036.3397,2006.6957,2006695.6999
1,2036.3483,2006.7043,2006704.2999
1,2036.3808,2006.7368,2006736.7999
1,2036.4218,2006.7778,2006777.7999
1,2036.6158,2006.9718,2006971.7999
1,2036.6722,2007.0282,2007028.1999
1,2036.8342,2007.1902,2007190.1999
1,2036.8460,2007.2020,2007201.9999
1,2037.1121,2007.4681,2007468.0999
1,2037.2651,2007.6211,2007621.0999
1,2037.3007,2007.6567,2007656.6999
1,2037.5686,2007.9246,2007924.5999
1,2037.6417,2007.9977,2007997.6999
1,2037.7701,2008.1261,2008126.0999
1,2037.8049,2008.1609,2008160.8999
1,2037.8258,2008.1818,2008181.7999
1,2037.8423,2008.1983,2008198.2999
1,2037.8625,2008.2185,2008218.4999
1,2038.1337,2008.4897,2008489.6999
1,2038.1903,2008.5463,2008546.2999
1,2038.2115,2008.5675,2008567.4999
1,2038.2791,2008.6351,2008635.0999
1,2038.6635,2009.0195,2009019.4999
1,2038.7791,2009.1351,2009135.0999
1,2038.8566,2009.2126,2009212.5999
1,2038.9079,2009.2639,2009263.8999
1,2038.9373,2009.2933,2009293.2999
1,2038.9831,2009.3391,2009339.0999
1,2039.1128,2009.4688,2009468.7999
1,2039.1451,2009.5011,2009501.0999
1,2039.3947,2009.7507,2009750.6999
1,2039.4556,2009.8116,2009811.5999
1,2039.5483,2009.9043,2009904.2999
1,2039.6047,2009.9607,2009960.6999
1,2039.7359,2010.0919,2010091.8999
1,2039.8050,2010.1610,2010160.9999
1,2040.0119,2010.3679,2010367.8999
1,2040.1613,2010.5173,2010517.2999
1,2040.2038,2010.5598,2010559.7999
1,2040.2691,2010.6251,2010625.0999
1,2040.5173,2010.8733,2010873.2999
1,2040.6787,2011.0347,2011034.6999
1,2040.6990,2011.0550,2011054.9999
1,2040.7197,2011.0757,2011075.6999
1,2040.7731,2011.1291,2011129.0999
1,2040.7861,2011.1421,2011142.0999
1,2040.8131,2011.1691,2011169.0999
1,2040.8425,2011.1985,2011198.4999
1,2041.0147,2011.3707,2011370.6999
1,2041.0843,2011.4403,2011440.2999
1,2041.0963,2011.4523,2011452.2999
1,2041.1074,2011.4634,2011463.3999
1,2041.2334,2011.5894,2011589.3999
1,2041.5169,2011.8729,2011872.8999
1,2041.7211,2012.0771,2012077.0999
1,2041.7668,2012.1228,2012122.7999
1,2041.8464,2012.2024,2012202.3999
1,2041.8932,2012.2492,2012249.1999
1,2041.9180,2012.2740,2012273.9999
1,2041.9568,2012.3128,2012312.7999
1,2042.0008,2012.3568,2012356.7999
1,2042.1741,2012.5301,2012530.0999
1,2042.2284,2012.5844,2012584.3999
1,2042.3517,2012.7077,2012707.6999
1,2042.3921,2012.7481,2012748.0999
1,2042.5060,2012.8620,2012861.9999
1,2042.5730,2012.9290,2012928.9999
1,2042.8366,2013.1926,2013192.5999
1,2042.9698,2013.3258,2013325.7999
1,2043.2424,2013.5984,2013598.3999
1,2043.2772,2013.6332,2013633.1999
1,2043.4224,2013.7784,2013778.3999
1,2043.4604,2013.8164,2013816.3999
1,2043.4687,2013.8247,2013824.6999
1,2043.6187,2013.9747,2013974.6999
1,2043.6661,2014.0221,2014022.0999
1,2043.7170,2014.0730,2014072.9999
1,2043.7440,2014.1000,2014099.9999
1,2043.7961,2014.1521,2014152.0999
1,2043.8656,2014.2216,2014221.5999
1,2043.9096,2014.2656,2014265.5999
1,2044.0048,2014.3608,2014360.7999
1,2044.1111,2014.4671,2014467.0999
1,2044.1951,2014.5511,2014551.0999
1,2044.2402,2014.5962,2014596.1999
1,2044.4539,2014.8099,2014809.8999
1,2044.4762,2014.8322,2014832.1999
1,2044.6190,2014.9750,2014974.9999
1,2044.8051,2015.1611,2015161.0999
1,2044.8256,2015.1816,2015181.5999
1,2045.1362,2015.4922,2015492.1999
1,2045.2588,2015.6148,2015614.7999
1,2045.2899,2015.6459,2015645.8999
1,2045.2936,2015.6496,2015649.5999
1,2045.3180,2015.6740,2015673.9999
1,2045.3535,2015.7095,2015709.4999
1,2045.3921,2015.7481,2015748.0999
1,2045.4214,2015.7774,2015777.3999
1,2045.5385,2015.8945,2015894.4999
1,2045.9231,2016.2791,2016279.0999
1,2045.9664,2016.3224,2016322.3999
1,2046.1369,2016.4929,2016492.8999
1,2046.1482,2016.5042,2016504.1999
1,2046.3804,2016.7364,2016736.3999
1,2046.4097,2016.7657,2016765.6999
1,2046.4197,2016.7757,2016775.6999
1,2046.5279,2016.8839,2016883.8999
1,2046.6645,2017.0205,2017020.4999
1,2046.9495,2017.3055,2017305.4999
1,2047.0416,2017.3976,2017397.5999
1,2047.1953,2017.5513,2017551.2999
1,2047.2396,2017.5956,2017595.5999
1,2047.3028,2017.6588,2017658.7999
1,2047.4134,2017.7694,2017769.3999
1,2047.4689,2017.8249,2017824.8999
1,2047.5048,2017.8608,2017860.7999
1,2047.9507,2018.3067,2018306.6999
1,2047.9886,2018.3446,2018344.5999
1,2048.1156,2018.4716,2018471.5999
1,2048.1822,2018.5382,2018538.1999
1,2048.3890,2018.7450,2018744.9999
1,2048.5518,2018.9078,2018907.7999
1,2048.5882,2018.9442,2018944.1999
1,2048.6456,2019.0016,2019001.5999
1,2048.7281,2019.0841,2019084.0999
1,2048.7561,2019.1121,2019112.0999
1,2048.9655,2019.3215,2019321.4999
1,2048.9872,2019.3432,2019343.1999
1,2049.0681,2019.4241,2019424.0999
1,2049.1640,2019.5200,2019519.9999
1,2049.2012,2019.5572,2019557.1999
1,2049.2346,2019.5906,2019590.5999
1,2049.3409,2019.6969,2019696.8999
1,2049.3646,2019.7206,2019720.5999
1,2049.3832,2019.7392,2019739.1999
1,2049.3916,2019.7476,2019747.5999
1,2049.4287,2019.7847,2019784.6999
1,2049.5041,2019.8601,2019860.0999
1,2049.5180,2019.8740,2019873.9999
1,2049.5556,2019.9116,2019911.5999
1,2049.8539,2020.2099,2020209.8999
1,2049.9268,2020.2828,2020282.7999
1,2050.0206,2020.3766,2020376.5999
1,2050.0816,2020.4376,2020437.5999
1,2050.1267,2020.4827,2020482.6999
1,2050.5646,2020.9206,2020920.5999
1,2050.6683,2021.0243,2021024.2999
1,2050.7905,2021.1465,2021146.4999
1,2050.8168,2021.1728,2021172.7999
1,2050.9052,2021.2612,2021261.1999
1,2051.1839,2021.5399,2021539.8999
1,2051.2335,2021.5895,2021589.4999
1,2051.2790,2021.6350,2021634.9999
1,2051.3043,2021.6603,2021660.2999
1,2051.4029,2021.7589,2021758.8999
1,2051.4826,2021.8386,2021838.5999
1,2051.6346,2021.9906,2021990.5999
1,2051.8504,2022.2064,2022206.3999
1,2051.8684,2022.2244,2022224.3999
1,2051.8787,2022.2347,2022234.6999
1,2051.8818,2022.2378,2022237.7999
1,2051.8986,2022.2546,2022254.5999
1,2052.1251,2022.4811,2022481.0999
1,2052.2585,2022.6145,2022614.4999
1,2052.2872,2022.6432,2022643.1999
1,2052.3990,2022.7550,2022754.9999
1,2052.9355,2023.2915,2023291.4999
1,2052.9710,2023.3270,2023326.9999
1,2053.0339,2023.3899,2023389.8999
1,2053.0805,2023.4365,2023436.4999
1,2053.0898,2023.4458,2023445.7999
1,2053.4568,2023.8128,2023812.7999
1,2053.4826,2023.8386,2023838.5999
1,2053.5266,2023.8826,2023882.5999
1,2053.7387,2024.0947,2024094.6999
1,2053.7583,2024.1143,2024114.2999
1,2053.8310,2024.1870,2024186.9999
1,2053.9244,2024.2804,2024280.3999
1,2053.9673,2024.3233,2024323.2999
1,2054.2043,2024.5603,2024560.2999
1,2054.2501,2024.6061,2024606.0999
1,2054.2587,2024.6147,2024614.6999
1,2054.6548,2025.0108,2025010.7999
1,2054.9000,2025.2560,2025255.9999
1,2055.0501,2025.4061,2025406.0999
1,2055.0664,2025.4224,2025422.3999
1,2055.0748,2025.4308,2025430.7999
1,2055.0937,2025.4497,2025449.6999
1,2055.1079,2025.4639,2025463.8999
1,2055.1421,2025.4981,2025498.0999
1,2055.1950,2025.5510,2025550.9999
1,2055.4160,2025.7720,2025771.9999
1,2055.4625,2025.8185,2025818.4999
1,2055.4708,2025.8268,2025826.7999
1,2055.5207,2025.8767,2025876.6999
1,2055.5765,2025.9325,2025932.4999
1,2055.6121,2025.9681,2025968.0999
1,2056.2059,2026.5619,2026561.8999
1,2056.2253,2026.5813,2026581.2999
1,2056.4219,2026.7779,2026777.8999
1,2056.5348,2026.8908,2026890.7999
1,2056.7238,2027.0798,2027079.7999
1,2057.1404,2027.4964,2027496.3999
1,2057.2403,2027.5963,2027596.2999
1,2057.2623,2027.6183,2027618.2999
1,2057.2727,2027.6287,2027628.6999
1,2057.2948,2027.6508,2027650.7999
1,2057.3061,2027.6621,2027662.0999
1,2057.3351,2027.6911,2027691.0999
1,2057.5645,2027.9205,2027920.4999
1,2057.7492,2028.1052,2028105.1999
1,2057.7927,2028.1487,2028148.6999
1,2057.8321,2028.1881,2028188.0999
1,2057.9179,2028.2739,2028273.8999
1,2057.9620,2028.3180,2028317.9999
1,2058.1690,2028.5250,2028524.9999
1,2058.2177,2028.5737,2028573.6999
1,2058.5328,2028.8888,2028888.7999
1,2058.5606,2028.9166,2028916.5999
1,2058.5701,2028.9261,2028926.0999
1,2058.6948,2029.0508,2029050.7999
1,2058.7495,2029.1055,2029105.4999
1,2058.7832,2029.1392,2029139.1999
1,2058.8436,2029.1996,2029199.5999
1,2058.8671,2029.2231,2029223.0999
1,2058.8755,2029.2315,2029231.4999
1,2058.9104,2029.2664,2029266.3999
1,2058.9224,2029.2784,2029278.3999
1,2059.1561,2029.5121,2029512.0999
1,2059.1962,2029.5522,2029552.1999
1,2059.3749,2029.7309,2029730.8999
1,2059.4133,2029.7693,2029769.2999
1,2059.4689,2029.8249,2029824.8999
1,2059.6178,2029.9738,2029973.7999
1,2059.8327,2030.1887,2030188.6999
1,2060.0376,2030.3936,2030393.5999
1,2060.0514,2030.4074,2030407.3999
1,2060.1091,2030.4651,2030465.0999
1,2060.2170,2030.5730,2030572.9999
1,2060.3097,2030.6657,2030665.6999
1,2060.4120,2030.7680,2030767.9999
1,2060.4270,2030.7830,2030782.9999
1,2060.4452,2030.8012,2030801.1999
1,2060.6358,2030.9918,2030991.7999
1,2060.7192,2031.0752,2031075.1999
1,2060.8501,2031.2061,2031206.0999
1,2060.9044,2031.2604,2031260.3999
1,2060.9190,2031.2750,2031274.9999
1,2060.9480,2031.3040,2031303.9999
1,2061.1344,2031.4904,2031490.3999
1,2061.2269,2031.5829,2031582.8999
1,2061.2795,2031.6355,2031635.4999
1,2061.2984,2031.6544,2031654.3999
1,2061.4495,2031.8055,2031805.4999
1,2061.4680,2031.8240,2031823.9999
1,2061.8526,2032.2086,2032208.5999
1,2061.8818,2032.2378,2032237.7999
1,2062.1924,2032.5484,2032548.3999
1,2062.2175,2032.5735,2032573.4999
1,2062.2503,2032.6063,2032606.2999
1,2062.2874,2032.6434,2032643.3999
1,2062.4108,2032.7668,2032766.7999
1,2062.4686,2032.8246,2032824.5999
1,2062.5485,2032.9045,2032904.4999
1,2062.5688,2032.9248,2032924.7999
1,2062.6490,2033.0050,2033004.9999
1,2062.8605,2033.2165,2033216.4999
1,2062.8965,2033.2525,2033252.4999
1,2062.9195,2033.2755,2033275.4999
1,2062.9295,2033.2855,2033285.4999
1,2062.9515,2033.3075,2033307.4999
1,2063.1696,2033.5256,2033525.5999
1,2063.1908,2033.5468,2033546.7999
1,2063.3091,2033.6651,2033665.0999
1,2063.5571,2033.9131,2033913.0999
1,2063.9674,2034.3234,2034323.3999
1,2063.9831,2034.3391,2034339.0999
1,2064.0084,2034.3644,2034364.3999
1,2064.1579,2034.5139,2034513.8999
1,2064.1805,2034.5365,2034536.4999
1,2064.2282,2034.5842,2034584.1999
1,2064.3097,2034.6657,2034665.6999
1,2064.3280,2034.6840,2034683.9999
1,2064.3633,2034.7193,2034719.2999
1,2064.4074,2034.7634,2034763.3999
1,2064.5740,2034.9300,2034929.9999
1,2064.5856,2034.9416,2034941.5999
1,2064.6100,2034.9660,2034965.9999
1,2064.7112,2035.0672,2035067.1999
1,2064.7437,2035.0997,2035099.6999
1,2064.7852,2035.1412,2035141.1999
1,2065.0268,2035.3828,2035382.7999
1,2065.0845,2035.4405,2035440.4999
1,2065.2335,2035.5895,2035589.4999
1,2065.2811,2035.6371,2035637.0999
1,2065.3001,2035.6561,2035656.0999
1,2065.3181,2035.6741,2035674.0999
1,2065.3698,2035.7258,2035725.7999
1,2065.6724,2036.0284,2036028.3999
1,2065.6824,2036.0384,2036038.3999
1,2065.6978,2036.0538,2036053.7999
1,2065.7161,2036.0721,2036072.0999
1,2065.8615,2036.2175,2036217.4999
1,2065.8988,2036.2548,2036254.7999
1,2065.9481,2036.3041,2036304.0999
1,2066.1317,2036.4877,2036487.6999
1,2066.1775,2036.5335,2036533.4999
1,2066.1955,2036.5515,2036551.4999
1,2066.3138,2036.6698,2036669.7999
1,2066.6447,2037.0007,2037000.6999
1,2066.7229,2037.0789,2037078.8999
1,2066.7658,2037.1218,2037121.7999
1,2066.8463,2037.2023,2037202.2999
1,2066.8776,2037.2336,2037233.5999
1,2067.0955,2037.4515,2037451.4999
1,2067.1277,2037.4837,2037483.6999
1,2067.1693,2037.5253,2037525.2999
1,2067.2042,2037.5602,2037560.1999
1,2067.2346,2037.5906,2037590.5999
1,2067.2495,2037.6055,2037605.4999
1,2067.2810,2037.6370,2037636.9999
1,2067.5974,2037.9534,2037953.3999
1,2067.7391,2038.0951,2038095.0999
1,2067.9060,2038.2620,2038261.9999
1,2068.0432,2038.3992,2038399.1999
1,2068.1545,2038.5105,2038510.4999
1,2068.5262,2038.8822,2038882.1999
1,2068.5546,2038.9106,2038910.5999
1,2068.6453,2039.0013,2039001.2999
1,2068.7611,2039.1171,2039117.0999
1,2068.7949,2039.1509,2039150.8999
1,2068.8959,2039.2519,2039251.8999
1,2068.9488,2039.3048,2039304.7999
1,2069.0768,2039.4328,2039432.7999
1,2069.3357,2039.6917,2039691.6999
1,2069.3787,2039.7347,2039734.6999
1,2069.4217,2039.7777,2039777.6999
1,2069.4307,2039.7867,2039786.6999
1,2069.5635,2039.9195,2039919.4999
1,2069.5900,2039.9460,2039945.9999
1,2069.9919,2040.3479,2040347.8999
1,2070.1048,2040.4608,2040460.7999
1,2070.1320,2040.4880,2040487.9999
1,2070.1838,2040.5398,2040539.7999
1,2070.2753,2040.6313,2040631.2999
1,2070.3060,2040.6620,2040661.9999
1,2070.5125,2040.8685,2040868.4999
1,2070.7030,2041.0590,2041058.9999
1,2070.7592,2041.1152,2041115.1999
1,2070.8176,2041.1736,2041173.5999
1,2070.8301,2041.1861,2041186.0999
1,2070.9737,2041.3297,2041329.6999
1,2071.0937,2041.4497,2041449.6999
1,2071.2201,2041.5761,2041576.0999
1,2071.2990,2041.6550,2041654.9999
1,2071.3410,2041.6970,2041696.9999
1,2071.3558,2041.7118,2041711.7999
1,2071.4059,2041.7619,2041761.8999
1,2071.7319,2042.0879,2042087.8999
1,2071.8427,2042.1987,2042198.6999
1,2071.9443,2042.3003,2042300.2999
1,2072.2549,2042.6109,2042610.8999
1,2072.3711,2042.7271,2042727.0999
1,2072.4013,2042.7573,2042757.2999
1,2072.4509,2042.8069,2042806.8999
1,2072.6622,2043.0182,2043018.1999
1,2072.8667,2043.2227,2043222.6999
1,2072.9016,2043.2576,2043257.5999
1,2072.9186,2043.2746,2043274.5999
1,2072.9366,2043.2926,2043292.5999
1,2072.9694,2043.3254,2043325.3999
1,2073.2408,2043.5968,2043596.7999
1,2073.3062,2043.6622,2043662.1999
1,2073.3820,2043.7380,2043737.9999
1,2073.4111,2043.7671,2043767.0999
1,2073.4544,2043.8104,2043810.3999
1,2073.4717,2043.8277,2043827.6999
1,2073.5115,2043.8675,2043867.4999
1,2073.5508,2043.9068,2043906.7999
1,2073.6060,2043.9620,2043961.9999
1,2073.7240,2044.0800,2044079.9999
1,2073.7449,2044.1009,2044100.8999
1,2073.9966,2044.3526,2044352.5999
1,2074.0398,2044.3958,2044395.7999
1,2074.1695,2044.5255,2044525.4999
1,2074.2343,2044.5903,2044590.2999
1,2074.3798,2044.7358,2044735.7999
1,2074.3971,2044.7531,2044753.0999
1,2074.4559,2044.8119,2044811.8999
1,2074.4665,2044.8225,2044822.4999
1,2074.5131,2044.8691,2044869.0999
1,2074.5915,2044.9475,2044947.4999
1,2074.6135,2044.9695,2044969.4999
1,2074.8219,2045.1779,2045177.8999
1,2074.8823,2045.2383,2045238.2999
1,2074.8935,2045.2495,2045249.4999
1,2074.9254,2045.2814,2045281.3999
1,2074.9422,2045.2982,2045298.1999
1,2075.1167,2045.4727,2045472.6999
1,2075.1406,2045.4966,2045496.5999
1,2075.1508,2045.5068,2045506.7999
1,2075.2178,2045.5738,2045573.7999
1,2075.3051,2045.6611,2045661.0999
1,2075.3433,2045.6993,2045699.2999
1,2075.3721,2045.7281,2045728.0999
1,2075.5104,2045.8664,2045866.3999
1,2075.5447,2045.9007,2045900.6999
1,2075.5923,2045.9483,2045948.2999
1,2075.7539,2046.1099,2046109.8999
1,2076.0378,2046.3938,2046393.7999
1,2076.2121,2046.5681,2046568.0999
1,2076.2679,2046.6239,2046623.8999
1,2076.3984,2046.7544,2046754.3999
1,2076.4273,2046.7833,2046783.2999
1,2076.7647,2047.1207,2047120.6999
1,2076.8730,2047.2290,2047228.9999
1,2076.8815,2047.2375,2047237.4999
1,2076.8993,2047.2553,2047255.2999
1,2076.9233,2047.2793,2047279.2999
1,2076.9568,2047.3128,2047312.7999
1,2077.1387,2047.4947,2047494.6999
1,2077.1939,2047.5499,2047549.8999
1,2077.2215,2047.5775,2047577.4999
1,2077.5730,2047.9290,2047928.9999
1,2077.5911,2047.9471,2047947.0999
1,2077.7296,2048.0856,2048085.5999
1,2077.8793,2048.2353,2048235.2999
1,2077.9926,2048.3486,2048348.5999
1,2078.1315,2048.4875,2048487.4999
1,2078.2278,2048.5838,2048583.7999
1,2078.3223,2048.6783,2048678.2999
1,2078.3872,2048.7432,2048743.1999
1,2078.4537,2048.8097,2048809.6999
1,2078.4909,2048.8469,2048846.8999
1,2078.5808,2048.9368,2048936.7999
1,2078.6087,2048.9647,2048964.6999
1,2078.6227,2048.9787,2048978.6999
1,2078.6278,2048.9838,2048983.7999
1,2078.8592,2049.2152,2049215.1999
1,2078.9558,2049.3118,2049311.7999
1,2079.2228,2049.5788,2049578.7999
1,2079.2434,2049.5994,2049599.3999
1,2079.2907,2049.6467,2049646.6999
1,2079.5099,2049.8659,2049865.8999
1,2079.5247,2049.8807,2049880.6999
1,2079.5403,2049.8963,2049896.2999
1,2079.7100,2050.0660,2050065.9999
1,2079.7285,2050.0845,2050084.4999
1,2079.7642,2050.1202,2050120.1999
1,2080.0195,2050.3755,2050375.4999
1,2080.0824,2050.4384,2050438.3999
1,2080.1439,2050.4999,2050499.8999
1,2080.1887,2050.5447,2050544.6999
1,2080.2356,2050.5916,2050591.5999
1,2080.2977,2050.6537,2050653.6999
1,2080.4420,2050.7980,2050797.9999
1,2080.5098,2050.8658,2050865.7999
1,2080.8022,2051.1582,2051158.1999
1,2080.8230,2051.1790,2051178.9999
1,2080.8535,2051.2095,2051209.4999
1,2080.9004,2051.2564,2051256.3999
1,2081.0556,2051.4116,2051411.5999
1,2081.0689,2051.4249,2051424.8999
1,2081.1746,2051.5306,2051530.5999
1,2081.2670,2051.6230,2051622.9999
1,2081.5986,2051.9546,2051954.5999
1,2081.6348,2051.9908,2051990.7999
1,2081.6600,2052.0160,2052015.9999
1,2081.6724,2052.0284,2052028.3999
1,2082.0459,2052.4019,2052401.8999
1,2082.2042,2052.5602,2052560.1999
1,2082.3063,2052.6623,2052662.2999
1,2082.3508,2052.7068,2052706.7999
1,2082.4096,2052.7656,2052765.5999
1,2082.7064,2053.0624,2053062.3999
1,2082.9489,2053.3049,2053304.8999
1,2082.9894,2053.3454,2053345.3999
1,2083.0153,2053.3713,2053371.2999
1,2083.0747,2053.4307,2053430.6999
1,2083.1023,2053.4583,2053458.2999
1,2083.1455,2053.5015,2053501.4999
1,2083.3522,2053.7082,2053708.1999
1,2083.3944,2053.7504,2053750.3999
1,2083.5381,2053.8941,2053894.0999
1,2083.5603,2053.9163,2053916.2999
1,2083.7785,2054.1345,2054134.4999
1,2083.8665,2054.2225,2054222.4999
1,2083.9051,2054.2611,2054261.0999
1,2083.9572,2054.3132,2054313.1999
1,2084.0296,2054.3856,2054385.5999
1,2084.1225,2054.4785,2054478.4999
1,2084.1806,2054.5366,2054536.5999
1,2084.2353,2054.5913,2054591.2999
1,2084.2859,2054.6419,2054641.8999
1,2084.4872,2054.8432,2054843.1999
1,2084.5145,2054.8705,2054870.4999
1,2084.6737,2055.0297,2055029.6999
1,2084.6895,2055.0455,2055045.4999
1,2084.8626,2055.2186,2055218.5999
1,2084.9349,2055.2909,2055290.8999
1,2085.0473,2055.4033,2055403.2999
1,2085.2138,2055.5698,2055569.7999
1,2085.3872,2055.7432,2055743.1999
1,2085.4059,2055.7619,2055761.8999
1,2085.4870,2055.8430,2055842.9999
1,2085.5767,2055.9327,2055932.6999
1,2085.7831,2056.1391,2056139.0999
1,2085.8544,2056.2104,2056210.3999
1,2086.0087,2056.3647,2056364.6999
1,2086.0412,2056.3972,2056397.1999
1,2086.0727,2056.4287,2056428.6999
1,2086.0818,2056.4378,2056437.7999
1,2086.1616,2056.5176,2056517.5999
1,2086.3142,2056.6702,2056670.1999
1,2086.5431,2056.8991,2056899.0999
1,2086.7161,2057.0721,2057072.0999
1,2086.7830,2057.1390,2057138.9999
1,2086.8474,2057.2034,2057203.3999
1,2086.8865,2057.2425,2057242.4999
1,2087.0010,2057.3570,2057356.9999
1,2087.0085,2057.3645,2057364.4999
1,2087.3671,2057.7231,2057723.0999
1,2087.4929,2057.8489,2057848.8999
1,2087.5593,2057.9153,2057915.2999
1,2087.6009,2057.9569,2057956.8999
1,2087.6637,2058.0197,2058019.6999
1,2087.7366,2058.0926,2058092.5999
1,2088.0088,2058.3648,2058364.7999
1,2088.1382,2058.4942,2058494.1999
1,2088.1855,2058.5415,2058541.4999
1,2088.2041,2058.5601,2058560.0999
1,2088.2306,2058.5866,2058586.5999
1,2088.2442,2058.6002,2058600.1999
1,2088.6211,2058.9771,2058977.0999
1,2088.7053,2059.0613,2059061.2999
1,2088.9125,2059.2685,2059268.4999
1,2089.1375,2059.4935,2059493.4999
1,2089.2535,2059.6095,2059609.4999
1,2089.3519,2059.7079,2059707.8999
1,2089.4034,2059.7594,2059759.3999
1,2089.5822,2059.9382,2059938.1999
1,2089.6188,2059.9748,2059974.7999
1,2089.6273,2059.9833,2059983.2999
1,2089.6334,2059.9894,2059989.3999
1,2089.6432,2059.9992,2059999.1999
1,2089.6554,2060.0114,2060011.3999
1,2089.8776,2060.2336,2060233.5999
1,2089.9493,2060.3053,2060305.2999
1,2090.0305,2060.3865,2060386.4999
1,2090.0916,2060.4476,2060447.5999
1,2090.1634,2060.5194,2060519.3999
1,2090.1983,2060.5543,2060554.2999
1,2090.2635,2060.6195,2060619.4999
1,2090.4464,2060.8024,2060802.3999
1,2090.4565,2060.8125,2060812.4999
1,2090.4978,2060.8538,2060853.7999
1,2090.5439,2060.8999,2060899.8999
1,2090.6745,2061.0305,2061030.4999
1,2090.7172,2061.0732,2061073.1999
1,2090.7454,2061.1014,2061101.3999
1,2091.0228,2061.3788,2061378.7999
1,2091.1447,2061.5007,2061500.6999
1,2091.3567,2061.7127,2061712.6999
1,2091.3813,2061.7373,2061737.2999
1,2091.4253,2061.7813,2061781.2999
1,2091.5232,2061.8792,2061879.1999
1,2091.5755,2061.9315,2061931.4999
1,2091.6224,2061.9784,2061978.3999
1,2091.8693,2062.2253,2062225.2999
1,2092.0297,2062.3857,2062385.6999
1,2092.0513,2062.4073,2062407.2999
1,2092.0858,2062.4418,2062441.7999
1,2092.1308,2062.4868,2062486.7999
1,2092.2453,2062.6013,2062601.2999
1,2092.2914,2062.6474,2062647.3999
1,2092.4804,2062.8364,2062836.3999
1,2092.4896,2062.8456,2062845.5999
1,2092.5294,2062.8854,2062885.3999
1,2092.5433,2062.8993,2062899.2999
1,2092.7208,2063.0768,2063076.7999
1,2092.7573,2063.1133,2063113.2999
1,2092.8505,2063.2065,2063206.4999
1,2092.8958,2063.2518,2063251.7999
1,2093.0568,2063.4128,2063412.7999
1,2093.0892,2063.4452,2063445.1999
1,2093.3747,2063.7307,2063730.6999
1,2093.4058,2063.7618,2063761.7999
1,2093.4103,2063.7663,2063766.2999
1,2093.4187,2063.7747,2063774.6999
1,2093.5403,2063.8963,2063896.2999
1,2093.7137,2064.0697,2064069.6999
1,2093.7449,2064.1009,2064100.8999
1,2093.9455,2064.3015,2064301.4999
1,2094.0483,2064.4043,2064404.2999
1,2094.1185,2064.4745,2064474.4999
1,2094.1479,2064.5039,2064503.8999
1,2094.1522,2064.5082,2064508.1999
1,2094.3533,2064.7093,2064709.2999
1,2094.4079,2064.7639,2064763.8999
1,2094.6478,2065.0038,2065003.7999
1,2094.9147,2065.2707,2065270.6999
1,2094.9527,2065.3087,2065308.6999
1,2094.9878,2065.3438,2065343.7999
1,2095.1516,2065.5076,2065507.5999
1,2095.3170,2065.6730,2065672.9999
1,2095.3681,2065.7241,2065724.0999
1,2095.4355,2065.7915,2065791.4999
1,2095.4515,2065.8075,2065807.4999
1,2095.4706,2065.8266,2065826.5999
1,2095.5061,2065.8621,2065862.0999
1,2095.5136,2065.8696,2065869.5999
1,2095.5225,2065.8785,2065878.4999
1,2095.6612,2066.0172,2066017.1999
1,2095.6820,2066.0380,2066037.9999
1,2095.7659,2066.1219,2066121.8999
1,2095.9478,2066.3038,2066303.7999
1,2096.0199,2066.3759,2066375.8999
1,2096.4331,2066.7891,2066789.0999
1,2096.5437,2066.8997,2066899.6999
1,2096.6379,2066.9939,2066993.8999
1,2096.6837,2067.0397,2067039.6999
1,2096.8784,2067.2344,2067234.3999
1,2097.1152,2067.4712,2067471.1999
1,2097.1494,2067.5054,2067505.3999
1,2097.1669,2067.5229,2067522.8999
1,2097.1792,2067.5352,2067535.1999
1,2097.2508,2067.6068,2067606.7999
1,2097.4438,2067.7998,2067799.7999
1,2097.5849,2067.9409,2067940.8999
1,2097.6075,2067.9635,2067963.4999
1,2097.6617,2068.0177,2068017.6999
1,2097.8023,2068.1583,2068158.2999
1,2097.8607,2068.2167,2068216.6999
1,2097.9013,2068.2573,2068257.2999
1,2098.1053,2068.4613,2068461.2999
1,2098.1526,2068.5086,2068508.5999
1,2098.1657,2068.5217,2068521.6999
1,2098.2856,2068.6416,2068641.5999
1,2098.2957,2068.6517,2068651.6999
1,2098.4808,2068.8368,2068836.7999
1,2098.5559,2068.9119,2068911.8999
1,2098.5978,2068.9538,2068953.7999
1,2098.7319,2069.0879,2069087.8999
1,2098.7871,2069.1431,2069143.0999
1,2099.0425,2069.3985,2069398.4999
1,2099.0925,2069.4485,2069448.4999
1,2099.3442,2069.7002,2069700.1999
1,2099.4137,2069.7697,2069769.6999
1,2099.4557,2069.8117,2069811.6999
1,2099.6117,2069.9677,2069967.6999
1,2099.6646,2070.0206,2070020.5999
1,2099.6825,2070.0385,2070038.4999
1,2099.7091,2070.0651,2070065.0999
1,2099.9472,2070.3032,2070303.1999
1,2100.0227,2070.3787,2070378.6999
1,2100.3112,2070.6672,2070667.1999
1,2100.3676,2070.7236,2070723.5999
1,2100.4130,2070.7690,2070768.9999
1,2100.4740,2070.8300,2070829.9999
1,2100.5137,2070.8697,2070869.6999
1,2100.6887,2071.0447,2071044.6999
1,2100.7808,2071.1368,2071136.7999
1,2100.8096,2071.1656,2071165.5999
1,2100.8522,2071.2082,2071208.1999
1,2101.0320,2071.3880,2071387.9999
1,2101.0532,2071.4092,2071409.1999
1,2101.0952,2071.4512,2071451.1999
1,2101.2238,2071.5798,2071579.7999
1,2101.2366,2071.5926,2071592.5999
1,2101.2577,2071.6137,2071613.6999
1,2101.2740,2071.6300,2071629.9999
1,2101.3116,2071.6676,2071667.5999
1,2101.4607,2071.8167,2071816.6999
1,2101.5369,2071.8929,2071892.8999
1,2101.7282,2072.0842,2072084.1999
1,2101.7715,2072.1275,2072127.4999
1,2101.8417,2072.1977,2072197.6999
1,2101.8718,2072.2278,2072227.7999
1,2101.8918,2072.2478,2072247.7999
1,2101.9241,2072.2801,2072280.0999
1,2102.2608,2072.6168,2072616.7999
1,2102.4957,2072.8517,2072851.6999
1,2102.7211,2073.0771,2073077.0999
1,2102.7506,2073.1066,2073106.5999
1,2102.9747,2073.3307,2073330.6999
1,2103.0190,2073.3750,2073374.9999
1,2103.0315,2073.3875,2073387.4999
1,2103.0643,2073.4203,2073420.2999
1,2103.3175,2073.6735,2073673.4999
1,2103.4912,2073.8472,2073847.1999
1,2103.5519,2073.9079,2073907.8999
1,2103.6125,2073.9685,2073968.4999
1,2103.7953,2074.1513,2074151.2999
1,2104.0758,2074.4318,2074431.7999
1,2104.1718,2074.5278,2074527.7999
1,2104.3707,2074.7267,2074726.6999
1,2104.5755,2074.9315,2074931.4999
1,2104.7287,2075.0847,2075084.6999
1,2104.7667,2075.1227,2075122.6999
1,2104.8105,2075.1665,2075166.4999
1,2104.8313,2075.1873,2075187.2999
1,2104.8482,2075.2042,2075204.1999
1,2104.9375,2075.2935,2075293.4999
1,2105.0079,2075.3639,2075363.8999
1,2105.0884,2075.4444,2075444.3999
1,2105.1692,2075.5252,2075525.1999
1,2105.3620,2075.7180,2075717.9999
1,2105.4410,2075.7970,2075796.9999
1,2105.6773,2076.0333,2076033.2999
1,2105.7062,2076.0622,2076062.1999
1,2105.7415,2076.0975,2076097.4999
1,2105.9177,2076.2737,2076273.6999
1,2105.9325,2076.2885,2076288.4999
1,2105.9445,2076.3005,2076300.4999
1,2105.9540,2076.3100,2076309.9999
1,2105.9623,2076.3183,2076318.2999
1,2105.9857,2076.3417,2076341.6999
1,2105.9948,2076.3508,2076350.7999
1,2106.1802,2076.5362,2076536.1999
1,2106.3884,2076.7444,2076744.3999
1,2106.4279,2076.7839,2076783.8999
1,2106.4545,2076.8105,2076810.4999
1,2106.4681,2076.8241,2076824.0999
1,2106.4766,2076.8326,2076832.5999
1,2106.5750,2076.9310,2076930.9999
1,2106.7065,2077.0625,2077062.4999
1,2106.7253,2077.0813,2077081.2999
1,2106.7638,2077.1198,2077119.7999
1,2106.8154,2077.1714,2077171.3999
1,2106.8856,2077.2416,2077241.5999
1,2106.9244,2077.2804,2077280.3999
1,2106.9874,2077.3434,2077343.3999
1,2107.1656,2077.5216,2077521.5999
1,2107.2006,2077.5566,2077556.5999
1,2107.2514,2077.6074,2077607.3999
1,2107.3196,2077.6756,2077675.5999
1,2107.4009,2077.7569,2077756.8999
1,2107.4512,2077.8072,2077807.1999
1,2107.6164,2077.9724,2077972.3999
1,2107.7502,2078.1062,2078106.1999
1,2107.8649,2078.2209,2078220.8999
1,2107.8888,2078.2448,2078244.7999
1,2107.9087,2078.2647,2078264.6999
1,2108.0858,2078.4418,2078441.7999
1,2108.1797,2078.5357,2078535.6999
1,2108.4695,2078.8255,2078825.4999
1,2108.5408,2078.8968,2078896.7999
1,2108.7972,2079.1532,2079153.1999
1,2108.8176,2079.1736,2079173.5999
1,2108.8449,2079.2009,2079200.8999
1,2108.9324,2079.2884,2079288.3999
1,2108.9705,2079.3265,2079326.4999
1,2109.1914,2079.5474,2079547.3999
1,2109.6052,2079.9612,2079961.1999
1,2109.6870,2080.0430,2080042.9999
1,2110.1581,2080.5141,2080514.0999
1,2110.2240,2080.5800,2080579.9999
1,2110.2442,2080.6002,2080600.1999
1,2110.2751,2080.6311,2080631.0999
1,2110.4057,2080.7617,2080761.6999
1,2110.6033,2080.9593,2080959.2999
1,2110.6490,2081.0050,2081004.9999
1,2110.7687,2081.1247,2081124.6999
1,2110.8237,2081.1797,2081179.6999
1,2110.9367,2081.2927,2081292.6999
1,2110.9850,2081.3410,2081340.9999
1,2111.0733,2081.4293,2081429.2999
1,2111.1131,2081.4691,2081469.0999
1,2111.1366,2081.4926,2081492.5999
1,2111.1862,2081.5422,2081542.1999
1,2111.1962,2081.5522,2081552.1999
1,2111.2275,2081.5835,2081583.4999
1,2111.3042,2081.6602,2081660.1999
1,2111.3205,2081.6765,2081676.4999
1,2111.3350,2081.6910,2081690.9999
1,2111.3427,2081.6987,2081698.6999
1,2111.3587,2081.7147,2081714.6999
1,2111.5666,2081.9226,2081922.5999
1,2111.6107,2081.9667,2081966.6999
1,2111.8506,2082.2066,2082206.5999
1,2111.9963,2082.3523,2082352.2999
1,2112.0272,2082.3832,2082383.1999
1,2112.0499,2082.4059,2082405.8999
1,2112.1158,2082.4718,2082471.7999
1,2112.2395,2082.5955,2082595.4999
1,2112.2505,2082.6065,2082606.4999
1,2112.5542,2082.9102,2082910.1999
1,2112.5968,2082.9528,2082952.7999
1,2112.7790,2083.1350,2083134.9999
1,2112.8265,2083.1825,2083182.4999
1,2113.0716,2083.4276,2083427.5999
1,2113.1077,2083.4637,2083463.6999
1,2113.1362,2083.4922,2083492.1999
1,2113.1932,2083.5492,2083549.1999
1,2113.3555,2083.7115,2083711.4999
1,2113.3624,2083.7184,2083718.3999
1,2113.3711,2083.7271,2083727.0999
1,2113.3807,2083.7367,2083736.6999
1,2113.3943,2083.7503,2083750.2999
1,2113.6204,2083.9764,2083976.3999
1,2114.0378,2084.3938,2084393.7999
1,2114.1970,2084.5530,2084552.9999
1,2114.2377,2084.5937,2084593.6999
1,2114.4134,2084.7694,2084769.3999
1,2114.4467,2084.8027,2084802.6999
1,2114.5292,2084.8852,2084885.1999
1,2114.7587,2085.1147,2085114.6999
1,2114.8214,2085.1774,2085177.3999
1,2114.9676,2085.3236,2085323.5999
1,2114.9822,2085.3382,2085338.1999
1,2115.0028,2085.3588,2085358.7999
1,2115.0282,2085.3842,2085384.1999
1,2115.2715,2085.6275,2085627.4999
1,2115.6485,2086.0045,2086004.4999
1,2116.0542,2086.4102,2086410.1999
1,2116.3880,2086.7440,2086743.9999
1,2116.5853,2086.9413,2086941.2999
1,2116.6307,2086.9867,2086986.6999
1,2116.6516,2087.0076,2087007.5999
1,2116.6555,2087.0115,2087011.4999
1,2116.9138,2087.2698,2087269.7999
1,2117.0217,2087.3777,2087377.6999
1,2117.0826,2087.4386,2087438.5999
1,2117.2257,2087.5817,2087581.6999
1,2117.3926,2087.7486,2087748.5999
1,2117.5726,2087.9286,2087928.5999
1,2117.8541,2088.2101,2088210.0999
1,2117.9153,2088.2713,2088271.2999
1,2118.0287,2088.3847,2088384.6999
1,2118.2478,2088.6038,2088603.7999
1,2118.3353,2088.6913,2088691.2999
1,2118.4052,2088.7612,2088761.1999
1,2118.5363,2088.8923,2088892.2999
1,2118.5999,2088.9559,2088955.8999
1,2118.7271,2089.0831,2089083.0999
1,2119.0480,2089.4040,2089403.9999
1,2119.0956,2089.4516,2089451.5999
1,2119.1707,2089.5267,2089526.6999
1,2119.2028,2089.5588,2089558.7999
1,2119.2982,2089.6542,2089654.1999
1,2119.3509,2089.7069,2089706.8999
1,2119.3899,2089.7459,2089745.8999
1,2119.5415,2089.8975,2089897.4999
1,2119.6199,2089.9759,2089975.8999
1,2119.6553,2090.0113,2090011.2999
1,2119.6873,2090.0433,2090043.2999
1,2119.7536,2090.1096,2090109.5999
1,2119.8733,2090.2293,2090229.2999
1,2119.9078,2090.2638,2090263.7999
1,2119.9416,2090.2976,2090297.5999
1,2119.9472,2090.3032,2090303.1999
1,2119.9762,2090.3322,2090332.1999
1,2119.9990,2090.3550,2090354.9999
1,2120.0298,2090.3858,2090385.7999
1,2120.1214,2090.4774,2090477.3999
1,2120.1411,2090.4971,2090497.0999
1,2120.1504,2090.5064,2090506.3999
1,2120.3583,2090.7143,2090714.2999
1,2120.4466,2090.8026,2090802.5999
1,2120.5757,2090.9317,2090931.6999
1,2120.8329,2091.1889,2091188.8999
1,2120.8596,2091.2156,2091215.5999
1,2120.8772,2091.2332,2091233.1999
1,2120.8877,2091.2437,2091243.6999
1,2120.9020,2091.2580,2091257.9999
1,2120.9209,2091.2769,2091276.8999
1,2121.3670,2091.7230,2091722.9999
1,2121.4383,2091.7943,2091794.2999
1,2121.4926,2091.8486,2091848.5999
1,2121.6873,2092.0433,2092043.2999
1,2121.7213,2092.0773,2092077.2999
1,2121.9246,2092.2806,2092280.5999
1,2121.9735,2092.3295,2092329.4999
1,2122.0233,2092.3793,2092379.2999
1,2122.0423,2092.3983,2092398.2999
1,2122.0580,2092.4140,2092413.9999
1,2122.0687,2092.4247,2092424.6999
1,2122.1044,2092.4604,2092460.3999
1,2122.1166,2092.4726,2092472.5999
1,2122.2632,2092.6192,2092619.1999
1,2122.2879,2092.6439,2092643.8999
1,2122.2972,2092.6532,2092653.1999
1,2122.3195,2092.6755,2092675.4999
1,2122.3955,2092.7515,2092751.4999
1,2122.4713,2092.8273,2092827.2999
1,2122.5199,2092.8759,2092875.8999
1,2122.5661,2092.9221,2092922.0999
1,2122.7316,2093.0876,2093087.5999
1,2122.9152,2093.2712,2093271.1999
1,2122.9361,2093.2921,2093292.0999
1,2122.9683,2093.3243,2093324.2999
1,2123.0783,2093.4343,2093434.2999
1,2123.0906,2093.4466,2093446.5999
1,2123.1386,2093.4946,2093494.5999
1,2123.1576,2093.5136,2093513.5999
1,2123.3321,2093.6881,2093688.0999
1,2123.3650,2093.7210,2093720.9999
1,2123.6416,2093.9976,2093997.5999
1,2123.6760,2094.0320,2094031.9999
1,2123.7660,2094.1220,2094121.9999
1,2123.8183,2094.1743,2094174.2999
1,2124.0802,2094.4362,2094436.1999
1,2124.1235,2094.4795,2094479.4999
1,2124.1681,2094.5241,2094524.0999
1,2124.2038,2094.5598,2094559.7999
1,2124.4681,2094.8241,2094824.0999
1,2124.7131,2095.0691,2095069.0999
1,2124.7390,2095.0950,2095094.9999
1,2124.7655,2095.1215,2095121.4999
1,2124.8297,2095.1857,2095185.6999
1,2125.0852,2095.4412,2095441.1999
1,2125.1455,2095.5015,2095501.4999
1,2125.2486,2095.6046,2095604.5999
1,2125.2769,2095.6329,2095632.8999
1,2125.2909,2095.6469,2095646.8999
1,2125.5746,2095.9306,2095930.5999
1,2125.6491,2096.0051,2096005.0999
1,2125.7004,2096.0564,2096056.3999
1,2126.0046,2096.3606,2096360.5999
1,2126.1641,2096.5201,2096520.0999
1,2126.2183,2096.5743,2096574.2999
1,2126.2560,2096.6120,2096611.9999
1,2126.2917,2096.6477,2096647.6999
1,2126.3255,2096.6815,2096681.4999
1,2126.3687,2096.7247,2096724.6999
1,2126.4020,2096.7580,2096757.9999
1,2126.4198,2096.7758,2096775.7999
1,2126.6369,2096.9929,2096992.8999
1,2126.7751,2097.1311,2097131.0999
1,2126.8250,2097.1810,2097180.9999
1,2126.9052,2097.2612,2097261.1999
1,2127.2083,2097.5643,2097564.2999
1,2127.2259,2097.5819,2097581.8999
1,2127.4360,2097.7920,2097791.9999
1,2127.5354,2097.8914,2097891.3999
1,2127.6443,2098.0003,2098000.2999
1,2127.8017,2098.1577,2098157.6999
1,2127.8330,2098.1890,2098188.9999
1,2127.8765,2098.2325,2098232.4999
1,2127.9050,2098.2610,2098260.9999
1,2127.9464,2098.3024,2098302.3999
1,2128.0018,2098.3578,2098357.7999
1,2128.1977,2098.5537,2098553.6999
1,2128.2448,2098.6008,2098600.7999
1,2128.4311,2098.7871,2098787.0999
1,2128.5252,2098.8812,2098881.1999
1,2128.5507,2098.9067,2098906.6999
1,2128.7020,2099.0580,2099057.9999
1,2128.7733,2099.1293,2099129.2999
1,2128.8460,2099.2020,2099201.9999
1,2129.0050,2099.3610,2099360.9999
1,2129.0742,2099.4302,2099430.1999
1,2129.0897,2099.4457,2099445.6999
1,2129.1058,2099.4618,2099461.7999
1,2129.1266,2099.4826,2099482.5999
1,2129.3127,2099.6687,2099668.6999
1,2129.3250,2099.6810,2099680.9999
1,2129.4816,2099.8376,2099837.5999
1,2129.5518,2099.9078,2099907.7999
1,2129.8373,2100.1933,2100193.2999
1,2129.8619,2100.2179,2100217.8999
1,2130.0508,2100.4068,2100406.7999
1,2130.1347,2100.4907,2100490.6999
1,2130.2901,2100.6461,2100646.0999
1,2130.3260,2100.6820,2100681.9999
1,2130.3413,2100.6973,2100697.2999
1,2130.3575,2100.7135,2100713.4999
1,2130.3806,2100.7366,2100736.5999
1,2130.3898,2100.7458,2100745.7999
1,2130.4014,2100.7574,2100757.3999
1,2130.4372,2100.7932,2100793.1999
1,2130.4510,2100.8070,2100806.9999
1,2130.7691,2101.1251,2101125.0999
1,2130.7986,2101.1546,2101154.5999
1,2130.8189,2101.1749,2101174.8999
1,2130.8606,2101.2166,2101216.5999
1,2131.0644,2101.4204,2101420.3999
1,2131.1007,2101.4567,2101456.6999
1,2131.1305,2101.4865,2101486.4999
1,2131.2635,2101.6195,2101619.4999
1,2131.4562,2101.8122,2101812.1999
1,2131.5645,2101.9205,2101920.4999
1,2131.7410,2102.0970,2102096.9999
1,2131.8616,2102.2176,2102217.5999
1,2132.0066,2102.3626,2102362.5999
1,2132.1486,2102.5046,2102504.5999
1,2132.2711,2102.6271,2102627.0999
1,2132.2969,2102.6529,2102652.8999
1,2132.3311,2102.6871,2102687.0999
1,2132.3972,2102.7532,2102753.1999
1,2132.5290,2102.8850,2102884.9999
1,2132.7210,2103.0770,2103076.9999
1,2132.8778,2103.2338,2103233.7999
1,2132.9527,2103.3087,2103308.6999
1,2133.3184,2103.6744,2103674.3999
1,2133.3605,2103.7165,2103716.4999
1,2133.4290,2103.7850,2103784.9999
1,2133.6017,2103.9577,2103957.6999
1,2133.6378,2103.9938,2103993.7999
1,2133.8606,2104.2166,2104216.5999
1,2133.9293,2104.2853,2104285.2999
1,2133.9705,2104.3265,2104326.4999
1,2134.0319,2104.3879,2104387.8999
1,2134.0896,2104.4456,2104445.5999
1,2134.2695,2104.6255,2104625.4999
1,2134.2968,2104.6528,2104652.7999
1,2134.3137,2104.6697,2104669.6999
1,2134.7601,2105.1161,2105116.0999
1,2134.8460,2105.2020,2105201.9999
1,2134.8981,2105.2541,2105254.0999
1,2134.9062,2105.2622,2105262.1999
1,2135.0777,2105.4337,2105433.6999
1,2135.0892,2105.4452,2105445.1999
1,2135.2505,2105.6065,2105606.4999
1,2135.2571,2105.6131,2105613.0999
1,2135.2732,2105.6292,2105629.1999
1,2135.3056,2105.6616,2105661.5999
1,2135.5032,2105.8592,2105859.1999
1,2135.5495,2105.9055,2105905.4999
1,2135.6360,2105.9920,2105991.9999
1,2135.6586,2106.0146,2106014.5999
1,2135.7177,2106.0737,2106073.6999
1,2135.8447,2106.2007,2106200.6999
1,2136.0041,2106.3601,2106360.0999
1,2136.0265,2106.3825,2106382.4999
1,2136.1104,2106.4664,2106466.3999
1,2136.2327,2106.5887,2106588.6999
1,2136.2834,2106.6394,2106639.3999
1,2136.3126,2106.6686,2106668.5999
1,2136.3226,2106.6786,2106678.5999
1,2136.3459,2106.7019,2106701.8999
1,2136.3662,2106.7222,2106722.1999
1,2136.4995,2106.8555,2106855.4999
1,2136.6941,2107.0501,2107050.0999
1,2136.7420,2107.0980,2107097.9999
1,2137.0049,2107.3609,2107360.8999
1,2137.0796,2107.4356,2107435.5999
1,2137.0920,2107.4480,2107447.9999
1,2137.1575,2107.5135,2107513.4999
1,2137.1793,2107.5353,2107535.2999
1,2137.2340,2107.5900,2107589.9999
1,2137.3484,2107.7044,2107704.3999
1,2137.4798,2107.8358,2107835.7999
1,2137.6879,2108.0439,2108043.8999
1,2137.7101,2108.0661,2108066.0999
1,2137.7389,2108.0949,2108094.8999
1,2137.8694,2108.2254,2108225.3999
1,2138.0978,2108.4538,2108453.7999
1,2138.1925,2108.5485,2108548.4999
1,2138.2753,2108.6313,2108631.2999
1,2138.3285,2108.6845,2108684.4999
1,2138.5168,2108.8728,2108872.7999
1,2138.8913,2109.2473,2109247.2999
1,2138.9323,2109.2883,2109288.2999
1,2138.9748,2109.3308,2109330.7999
1,2138.9912,2109.3472,2109347.1999
1,2139.3248,2109.6808,2109680.7999
1,2139.3795,2109.7355,2109735.4999
1,2139.5099,2109.8659,2109865.8999
1,2139.5517,2109.9077,2109907.6999
1,2139.5841,2109.9401,2109940.0999
1,2139.6492,2110.0052,2110005.1999
1,2139.7838,2110.1398,2110139.7999
1,2139.8480,2110.2040,2110203.9999
1,2139.8837,2110.2397,2110239.6999
1,2140.0460,2110.4020,2110401.9999
1,2140.0906,2110.4466,2110446.5999
1,2140.1155,2110.4715,2110471.4999
1,2140.1436,2110.4996,2110499.5999
1,2140.1858,2110.5418,2110541.7999
1,2140.3491,2110.7051,2110705.0999
1,2140.5864,2110.9424,2110942.3999
1,2140.6478,2111.0038,2111003.7999
1,2140.7627,2111.1187,2111118.6999
1,2141.0164,2111.3724,2111372.3999
1,2141.1383,2111.4943,2111494.2999
1,2141.2533,2111.6093,2111609.2999
1,2141.4002,2111.7562,2111756.1999
1,2141.5198,2111.8758,2111875.7999
1,2141.5648,2111.9208,2111920.7999
1,2141.6721,2112.0281,2112028.0999
1,2141.7431,2112.0991,2112099.0999
1,2141.7622,2112.1182,2112118.1999
1,2141.8449,2112.2009,2112200.8999
1,2142.0357,2112.3917,2112391.6999
1,2142.1303,2112.4863,2112486.2999
1,2142.2076,2112.5636,2112563.5999
1,2142.4392,2112.7952,2112795.1999
1,2142.4744,2112.8304,2112830.3999
1,2142.5014,2112.8574,2112857.3999
1,2142.5236,2112.8796,2112879.5999
1,2142.5563,2112.9123,2112912.2999
1,2142.6090,2112.9650,2112964.9999
1,2142.6266,2112.9826,2112982.5999
1,2142.6429,2112.9989,2112998.8999
1,2142.6582,2113.0142,2113014.1999
1,2142.8358,2113.1918,2113191.7999
1,2142.8669,2113.2229,2113222.8999
1,2143.0805,2113.4365,2113436.4999
1,2143.0970,2113.4530,2113452.9999
1,2143.1843,2113.5403,2113540.2999
1,2143.4665,2113.8225,2113822.4999
1,2143.4980,2113.8540,2113853.9999
1,2143.5919,2113.9479,2113947.8999
1,2143.6124,2113.9684,2113968.3999
1,2143.6679,2114.0239,2114023.8999
1,2143.8317,2114.1877,2114187.6999
1,2143.8597,2114.2157,2114215.6999
1,2144.0612,2114.4172,2114417.1999
1,2144.0972,2114.4532,2114453.1999
1,2144.1194,2114.4754,2114475.3999
1,2144.1480,2114.5040,2114503.9999
1,2144.3271,2114.6831,2114683.0999
1,2144.3910,2114.7470,2114746.9999
1,2144.4749,2114.8309,2114830.8999
1,2144.4921,2114.8481,2114848.0999
1,2144.5189,2114.8749,2114874.8999
1,2144.5943,2114.9503,2114950.2999
1,2144.6130,2114.9690,2114968.9999
1,2144.6350,2114.9910,2114990.9999
1,2144.6491,2115.0051,2115005.0999
1,2144.6736,2115.0296,2115029.5999
1,2144.8622,2115.2182,2115218.1999
1,2144.8800,2115.2360,2115235.9999
1,2144.8967,2115.2527,2115252.6999
1,2145.0580,2115.4140,2115413.9999
1,2145.1780,2115.5340,2115533.9999
1,2145.2447,2115.6007,2115600.6999
1,2145.2617,2115.6177,2115617.6999
1,2145.2778,2115.6338,2115633.7999
1,2145.2901,2115.6461,2115646.0999
1,2145.3303,2115.6863,2115686.2999
1,2145.3563,2115.7123,2115712.2999
1,2145.4675,2115.8235,2115823.4999
1,2145.6967,2116.0527,2116052.6999
1,2145.7148,2116.0708,2116070.7999
1,2145.7445,2116.1005,2116100.4999
1,2145.7705,2116.1265,2116126.4999
1,2145.7966,2116.1526,2116152.5999
1,2145.8213,2116.1773,2116177.2999
1,2145.8430,2116.1990,2116198.9999
1,2145.8874,2116.2434,2116243.3999
1,2146.2035,2116.5595,2116559.4999
1,2146.2520,2116.6080,2116607.9999
1,2146.3685,2116.7245,2116724.4999
1,2146.4343,2116.7903,2116790.2999
1,2146.5760,2116.9320,2116931.9999
1,2146.6060,2116.9620,2116961.9999
1,2146.6981,2117.0541,2117054.0999
1,2146.7418,2117.0978,2117097.7999
1,2146.7539,2117.1099,2117109.8999
1,2146.9445,2117.3005,2117300.4999
1,2146.9703,2117.3263,2117326.2999
1,2147.1229,2117.4789,2117478.8999
1,2147.1358,2117.4918,2117491.7999
1,2147.1623,2117.5183,2117518.2999
1,2147.1895,2117.5455,2117545.4999
1,2147.2108,2117.5668,2117566.7999
1,2147.2361,2117.5921,2117592.0999
1,2147.2770,2117.6330,2117632.9999
1,2147.3089,2117.6649,2117664.8999
1,2147.4481,2117.8041,2117804.0999
1,2147.4620,2117.8180,2117817.9999
1,2147.4827,2117.8387,2117838.6999
1,2147.5040,2117.8600,2117859.9999
1,2147.8162,2118.1722,2118172.1999
1,2147.9724,2118.3284,2118328.3999
1,2148.0884,2118.4444,2118444.3999
1,2148.3799,2118.7359,2118735.8999
1,2148.4449,2118.8009,2118800.8999
1,2148.6387,2118.9947,2118994.6999
1,2148.6996,2119.0556,2119055.5999
1,2148.7454,2119.1014,2119101.3999
1,2148.9585,2119.3145,2119314.4999
1,2149.0349,2119.3909,2119390.8999
1,2149.0412,2119.3972,2119397.1999
1,2149.2450,2119.6010,2119600.9999
1,2149.3913,2119.7473,2119747.2999
1,2149.5044,2119.8604,2119860.3999
1,2149.5445,2119.9005,2119900.4999
1,2149.6487,2120.0047,2120004.6999
1,2149.7441,2120.1001,2120100.0999
1,2149.8245,2120.1805,2120180.4999
1,2150.1709,2120.5269,2120526.8999
1,2150.1885,2120.5445,2120544.4999
1,2150.1992,2120.5552,2120555.1999
1,2150.4632,2120.8192,2120819.1999
1,2150.7017,2121.0577,2121057.6999
1,2150.9084,2121.2644,2121264.3999
1,2151.2691,2121.6251,2121625.0999
1,2151.4959,2121.8519,2121851.8999
1,2151.5225,2121.8785,2121878.4999
1,2151.5414,2121.8974,2121897.3999
1,2151.5539,2121.9099,2121909.8999
1,2151.5869,2121.9429,2121942.8999
1,2151.5972,2121.9532,2121953.1999
1,2151.7904,2122.1464,2122146.3999
1,2151.8259,2122.1819,2122181.8999
1,2151.8364,2122.1924,2122192.3999
1,2151.8468,2122.2028,2122202.7999
1,2152.0139,2122.3699,2122369.8999
1,2152.0223,2122.3783,2122378.2999
1,2152.0307,2122.3867,2122386.6999
1,2152.0506,2122.4066,2122406.5999
1,2152.0768,2122.4328,2122432.7999
1,2152.2278,2122.5838,2122583.7999
1,2152.3228,2122.6788,2122678.7999
1,2152.3343,2122.6903,2122690.2999
1,2152.3409,2122.6969,2122696.8999
1,2152.3460,2122.7020,2122701.9999
1,2152.3539,2122.7099,2122709.8999
1,2152.3699,2122.7259,2122725.8999
1,2152.3759,2122.7319,2122731.8999
1,2152.3995,2122.7555,2122755.4999
1,2152.4108,2122.7668,2122766.7999
1,2152.4602,2122.8162,2122816.1999
1,2152.6879,2123.0439,2123043.8999
1,2152.7566,2123.1126,2123112.5999
1,2152.8115,2123.1675,2123167.4999
1,2152.8750,2123.2310,2123230.9999
1,2152.8911,2123.2471,2123247.0999
1,2152.9015,2123.2575,2123257.4999
1,2152.9171,2123.2731,2123273.0999
1,2153.1406,2123.4966,2123496.5999
1,2153.1487,2123.5047,2123504.6999
1,2153.1629,2123.5189,2123518.8999
1,2153.3697,2123.7257,2123725.6999
1,2153.4112,2123.7672,2123767.1999
1,2153.4564,2123.8124,2123812.3999
1,2153.6704,2124.0264,2124026.3999
1,2153.7369,2124.0929,2124092.8999
1,2153.7512,2124.1072,2124107.1999
1,2153.9210,2124.2770,2124276.9999
1,2153.9459,2124.3019,2124301.8999
1,2153.9768,2124.3328,2124332.7999
1,2153.9889,2124.3449,2124344.8999
1,2154.0381,2124.3941,2124394.0999
1,2154.2349,2124.5909,2124590.8999
1,2154.2426,2124.5986,2124598.5999
1,2154.2481,2124.6041,2124604.0999
1,2154.2569,2124.6129,2124612.8999
1,2154.4630,2124.8190,2124818.9999
1,2154.5284,2124.8844,2124884.3999
1,2154.5396,2124.8956,2124895.5999
1,2154.5460,2124.9020,2124901.9999
1,2154.5625,2124.9185,2124918.4999
1,2154.8294,2125.1854,2125185.3999
1,2154.8517,2125.2077,2125207.6999
1,2154.8609,2125.2169,2125216.8999
1,2154.8713,2125.2273,2125227.2999
1,2155.0251,2125.3811,2125381.0999
1,2155.0344,2125.3904,2125390.3999
1,2155.2396,2125.5956,2125595.5999
1,2155.2685,2125.6245,2125624.4999
1,2155.4431,2125.7991,2125799.0999
1,2155.4528,2125.8088,2125808.7999
1,2155.4618,2125.8178,2125817.7999
1,2155.6654,2126.0214,2126021.3999
1,2155.6869,2126.0429,2126042.8999
1,2155.7486,2126.1046,2126104.5999
1,2155.7590,2126.1150,2126114.9999
1,2155.7713,2126.1273,2126127.2999
1,2155.7932,2126.1492,2126149.1999
1,2155.9440,2126.3000,2126299.9999
1,2156.0747,2126.4307,2126430.6999
1,2156.1837,2126.5397,2126539.6999
1,2156.2187,2126.5747,2126574.6999
1,2156.2884,2126.6444,2126644.3999
1,2156.3255,2126.6815,2126681.4999
1,2156.4219,2126.7779,2126777.8999
1,2156.4329,2126.7889,2126788.8999
1,2156.4434,2126.7994,2126799.3999
1,2156.4637,2126.8197,2126819.6999
1,2156.6182,2126.9742,2126974.1999
1,2156.6481,2127.0041,2127004.0999
1,2156.7457,2127.1017,2127101.6999
1,2156.7735,2127.1295,2127129.4999
1,2156.7967,2127.1527,2127152.6999
1,2157.0036,2127.3596,2127359.5999
1,2157.0747,2127.4307,2127430.6999
1,2157.0975,2127.4535,2127453.4999
1,2157.1463,2127.5023,2127502.2999
1,2157.1543,2127.5103,2127510.2999
1,2157.3034,2127.6594,2127659.3999
1,2157.3404,2127.6964,2127696.3999
1,2157.3552,2127.7112,2127711.1999
1,2157.3955,2127.7515,2127751.4999
1,2157.4846,2127.8406,2127840.5999
1,2157.7180,2128.0740,2128073.9999
1,2157.7248,2128.0808,2128080.7999
1,2157.7347,2128.0907,2128090.6999
1,2157.9747,2128.3307,2128330.6999
1,2158.0305,2128.3865,2128386.4999
1,2158.0524,2128.4084,2128408.3999
1,2158.0904,2128.4464,2128446.3999
1,2158.1645,2128.5205,2128520.4999
1,2158.2574,2128.6134,2128613.3999
1,2158.5228,2128.8788,2128878.7999
1,2158.6115,2128.9675,2128967.4999
1,2158.6608,2129.0168,2129016.7999
1,2158.6841,2129.0401,2129040.0999
1,2158.7156,2129.0716,2129071.5999
1,2158.7242,2129.0802,2129080.1999
1,2158.7288,2129.0848,2129084.7999
1,2158.7331,2129.0891,2129089.0999
1,2158.7379,2129.0939,2129093.8999
1,2158.9679,2129.3239,2129323.8999
1,2159.0709,2129.4269,2129426.8999
1,2159.1634,2129.5194,2129519.3999
1,2159.1821,2129.5381,2129538.0999
1,2159.3898,2129.7458,2129745.7999
1,2159.4308,2129.7868,2129786.7999
1,2159.4818,2129.8378,2129837.7999
1,2159.6889,2130.0449,2130044.8999
1,2159.8164,2130.1724,2130172.3999
1,2159.8512,2130.2072,2130207.1999
1,2159.8651,2130.2211,2130221.0999
1,2159.8744,2130.2304,2130230.3999
1,2159.8832,2130.2392,2130239.1999
1,2159.9143,2130.2703,2130270.2999
1,2160.1495,2130.5055,2130505.4999
1,2160.3372,2130.6932,2130693.1999
1,2160.3823,2130.7383,2130738.2999
1,2160.3957,2130.7517,2130751.6999
1,2160.4155,2130.7715,2130771.4999
1,2160.5808,2130.9368,2130936.7999
1,2160.6200,2130.9760,2130975.9999
1,2160.6639,2131.0199,2131019.8999
1,2160.7398,2131.0958,2131095.7999
1,2160.8144,2131.1704,2131170.3999
1,2160.8358,2131.1918,2131191.7999
1,2160.9168,2131.2728,2131272.7999
1,2160.9437,2131.2997,2131299.6999
1,2160.9977,2131.3537,2131353.6999
1,2161.0073,2131.3633,2131363.2999
1,2161.0407,2131.3967,2131396.6999
1,2161.1022,2131.4582,2131458.1999
1,2161.1243,2131.4803,2131480.2999
1,2161.1335,2131.4895,2131489.4999
1,2161.1372,2131.4932,2131493.1999
1,2161.1467,2131.5027,2131502.6999
1,2161.3050,2131.6610,2131660.9999
1,2161.3228,2131.6788,2131678.7999
1,2161.3324,2131.6884,2131688.3999
1,2161.3464,2131.7024,2131702.3999
1,2161.3694,2131.7254,2131725.3999
1,2161.4903,2131.8463,2131846.2999
1,2161.5952,2131.9512,2131951.1999
1,2161.6159,2131.9719,2131971.8999
1,2161.6925,2132.0485,2132048.4999
1,2161.7144,2132.0704,2132070.3999
1,2161.7180,2132.0740,2132073.9999
1,2161.7450,2132.1010,2132100.9999
1,2161.9937,2132.3497,2132349.6999
1,2162.0372,2132.3932,2132393.1999
1,2162.0639,2132.4199,2132419.8999
1,2162.0805,2132.4365,2132436.4999
1,2162.1434,2132.4994,2132499.3999
1,2162.1590,2132.5150,2132514.9999
1,2162.1662,2132.5222,2132522.1999
1,2162.2037,2132.5597,2132559.6999
1,2162.3719,2132.7279,2132727.8999
1,2162.4061,2132.7621,2132762.0999
1,2162.5282,2132.8842,2132884.1999
1,2162.5849,2132.9409,2132940.8999
1,2162.5888,2132.9448,2132944.7999
1,2162.5920,2132.9480,2132947.9999
1,2162.8330,2133.1890,2133188.9999
1,2162.8477,2133.2037,2133203.6999
1,2162.9322,2133.2882,2133288.1999
1,2162.9370,2133.2930,2133292.9999
1,2162.9472,2133.3032,2133303.1999
1,2162.9502,2133.3062,2133306.1999
1,2162.9665,2133.3225,2133322.4999
1,2162.9821,2133.3381,2133338.0999
1,2163.1761,2133.5321,2133532.0999
1,2163.2074,2133.5634,2133563.3999
1,2163.2357,2133.5917,2133591.6999
1,2163.2755,2133.6315,2133631.4999
1,2163.4610,2133.8170,2133816.9999
1,2163.6655,2134.0215,2134021.4999
1,2163.6729,2134.0289,2134028.8999
1,2163.7015,2134.0575,2134057.4999
1,2164.1216,2134.4776,2134477.5999
1,2164.1908,2134.5468,2134546.7999
1,2164.2879,2134.6439,2134643.8999
1,2164.3029,2134.6589,2134658.8999
1,2164.4009,2134.7569,2134756.8999
1,2164.4490,2134.8050,2134804.9999
1,2164.5117,2134.8677,2134867.6999
1,2164.6528,2135.0088,2135008.7999
1,2164.6678,2135.0238,2135023.7999
1,2164.6906,2135.0466,2135046.5999
1,2164.7169,2135.0729,2135072.8999
1,2164.8660,2135.2220,2135221.9999
1,2164.9882,2135.3442,2135344.1999
1,2165.0068,2135.3628,2135362.7999
1,2165.0880,2135.4440,2135443.9999
1,2165.0932,2135.4492,2135449.1999
1,2165.1195,2135.4755,2135475.4999
1,2165.2945,2135.6505,2135650.4999
1,2165.3015,2135.6575,2135657.4999
1,2165.3135,2135.6695,2135669.4999
1,2165.3402,2135.6962,2135696.1999
1,2165.3819,2135.7379,2135737.8999
1,2165.6958,2136.0518,2136051.7999
1,2165.8899,2136.2459,2136245.8999
1,2166.0643,2136.4203,2136420.2999
1,2166.1126,2136.4686,2136468.5999
1,2166.1948,2136.5508,2136550.7999
1,2166.3457,2136.7017,2136701.6999
1,2166.3834,2136.7394,2136739.3999
1,2166.5181,2136.8741,2136874.0999
1,2166.5248,2136.8808,2136880.7999
1,2166.5448,2136.9008,2136900.7999
1,2166.5597,2136.9157,2136915.6999
1,2166.5670,2136.9230,2136922.9999
1,2166.6010,2136.9570,2136956.9999
1,2166.9002,2137.2562,2137256.1999
1,2166.9605,2137.3165,2137316.4999
1,2167.0835,2137.4395,2137439.4999
1,2167.2221,2137.5781,2137578.0999
1,2167.2693,2137.6253,2137625.2999
1,2167.3954,2137.7514,2137751.3999
1,2167.5836,2137.9396,2137939.5999
1,2167.6708,2138.0268,2138026.7999
1,2167.6822,2138.0382,2138038.1999
1,2167.7010,2138.0570,2138056.9999
1,2167.7556,2138.1116,2138111.5999
1,2167.7690,2138.1250,2138124.9999
1,2167.7825,2138.1385,2138138.4999
1,2168.0788,2138.4348,2138434.7999
1,2168.1613,2138.5173,2138517.2999
1,2168.3240,2138.6800,2138679.9999
1,2168.3442,2138.7002,2138700.1999
1,2168.6447,2139.0007,2139000.6999
1,2168.7338,2139.0898,2139089.7999
1,2168.7845,2139.1405,2139140.4999
1,2168.8145,2139.1705,2139170.4999
1,2168.9906,2139.3466,2139346.5999
1,2169.1091,2139.4651,2139465.0999
1,2169.1277,2139.4837,2139483.6999
1,2169.1588,2139.5148,2139514.7999
1,2169.3364,2139.6924,2139692.3999
1,2169.3883,2139.7443,2139744.2999
1,2169.4939,2139.8499,2139849.8999
1,2169.5328,2139.8888,2139888.7999
1,2169.6989,2140.0549,2140054.8999
1,2169.7081,2140.0641,2140064.0999
1,2169.7305,2140.0865,2140086.4999
1,2169.7670,2140.1230,2140122.9999
1,2169.7878,2140.1438,2140143.7999
1,2169.8247,2140.1807,2140180.6999
1,2169.9878,2140.3438,2140343.7999
1,2170.0723,2140.4283,2140428.2999
1,2170.2160,2140.5720,2140571.9999
1,2170.2413,2140.5973,2140597.2999
1,2170.2490,2140.6050,2140604.9999
1,2170.4581,2140.8141,2140814.0999
1,2170.6090,2140.9650,2140964.9999
1,2170.6686,2141.0246,2141024.5999
1,2170.7187,2141.0747,2141074.6999
1,2170.8367,2141.1927,2141192.6999
1,2170.8828,2141.2388,2141238.7999
1,2170.9380,2141.2940,2141293.9999
1,2171.0399,2141.3959,2141395.8999
1,2171.3112,2141.6672,2141667.1999
1,2171.4434,2141.7994,2141799.3999
1,2171.5302,2141.8862,2141886.1999
1,2171.5576,2141.9136,2141913.5999
1,2171.6130,2141.9690,2141968.9999
1,2171.6492,2142.0052,2142005.1999
1,2171.6866,2142.0426,2142042.5999
1,2171.6891,2142.0451,2142045.0999
1,2171.7107,2142.0667,2142066.6999
1,2171.7824,2142.1384,2142138.3999
1,2171.9389,2142.2949,2142294.8999
1,2171.9737,2142.3297,2142329.6999
1,2172.0671,2142.4231,2142423.0999
1,2172.3774,2142.7334,2142733.3999
1,2172.4726,2142.8286,2142828.5999
1,2172.4922,2142.8482,2142848.1999
1,2172.5098,2142.8658,2142865.7999
1,2172.5362,2142.8922,2142892.1999
1,2172.5939,2142.9499,2142949.8999
1,2172.6083,2142.9643,2142964.2999
1,2172.6480,2143.0040,2143003.9999
1,2172.7722,2143.1282,2143128.1999
1,2172.9439,2143.2999,2143299.8999
1,2173.0814,2143.4374,2143437.3999
1,2173.1173,2143.4733,2143473.2999
1,2173.1324,2143.4884,2143488.3999
1,2173.1661,2143.5221,2143522.0999
1,2173.1863,2143.5423,2143542.2999
1,2173.3933,2143.7493,2143749.2999
1,2173.4313,2143.7873,2143787.2999
1,2173.5619,2143.9179,2143917.8999
1,2173.5906,2143.9466,2143946.5999
1,2173.7920,2144.1480,2144147.9999
1,2174.0708,2144.4268,2144426.7999
1,2174.1100,2144.4660,2144465.9999
1,2174.1858,2144.5418,2144541.7999
1,2174.3661,2144.7221,2144722.0999
1,2174.4748,2144.8308,2144830.7999
1,2174.5264,2144.8824,2144882.3999
1,2174.5444,2144.9004,2144900.3999
1,2174.5786,2144.9346,2144934.5999
1,2174.6205,2144.9765,2144976.4999
1,2174.7633,2145.1193,2145119.2999
1,2174.8155,2145.1715,2145171.4999
1,2174.9327,2145.2887,2145288.6999
1,2174.9609,2145.3169,2145316.8999
1,2175.0128,2145.3688,2145368.7999
1,2175.1214,2145.4774,2145477.3999
1,2175.1562,2145.5122,2145512.1999
1,2175.2898,2145.6458,2145645.7999
1,2175.3070,2145.6630,2145662.9999
1,2175.3344,2145.6904,2145690.3999
1,2175.5441,2145.9001,2145900.0999
1,2175.7310,2146.0870,2146086.9999
1,2175.7642,2146.1202,2146120.1999
1,2175.7958,2146.1518,2146151.7999
1,2175.8439,2146.1999,2146199.8999
1,2175.8658,2146.2218,2146221.7999
1,2175.9008,2146.2568,2146256.7999
1,2175.9320,2146.2880,2146287.9999
1,2176.0344,2146.3904,2146390.3999
1,2176.0718,2146.4278,2146427.7999
1,2176.3001,2146.6561,2146656.0999
1,2176.3958,2146.7518,2146751.7999
1,2176.4080,2146.7640,2146763.9999
1,2176.6534,2147.0094,2147009.3999
1,2176.7251,2147.0811,2147081.0999
1,2176.7738,2147.1298,2147129.7999
1,2176.8105,2147.1665,2147166.4999
1,2176.9751,2147.3311,2147331.0999
1,2177.3168,2147.6728,2147672.7999
1,2177.5842,2147.9402,2147940.1999
1,2177.6613,2148.0173,2148017.2999
1,2177.7068,2148.0628,2148062.7999
1,2177.8055,2148.1615,2148161.4999
1,2177.8252,2148.1812,2148181.1999
1,2177.8300,2148.1860,2148185.9999
1,2177.8604,2148.2164,2148216.3999
1,2177.8749,2148.2309,2148230.8999
1,2177.8879,2148.2439,2148243.8999
1,2177.9010,2148.2570,2148256.9999
1,2178.1552,2148.5112,2148511.1999
1,2178.1655,2148.5215,2148521.4999
1,2178.1714,2148.5274,2148527.3999
1,2178.2027,2148.5587,2148558.6999
1,2178.3757,2148.7317,2148731.6999
1,2178.5155,2148.8715,2148871.4999
1,2178.5557,2148.9117,2148911.6999
1,2178.6265,2148.9825,2148982.4999
1,2178.6935,2149.0495,2149049.4999
1,2178.8254,2149.1814,2149181.3999
1,2178.9026,2149.2586,2149258.5999
1,2179.0906,2149.4466,2149446.5999
1,2179.1120,2149.4680,2149467.9999
1,2179.3310,2149.6870,2149686.9999
1,2179.3534,2149.7094,2149709.3999
1,2179.4497,2149.8057,2149805.6999
1,2179.4785,2149.8345,2149834.4999
1,2179.5437,2149.8997,2149899.6999
1,2179.7844,2150.1404,2150140.3999
1,2179.8634,2150.2194,2150219.3999
1,2179.9091,2150.2651,2150265.0999
1,2180.0047,2150.3607,2150360.6999
1,2180.0819,2150.4379,2150437.8999
1,2180.1138,2150.4698,2150469.7999
1,2180.1500,2150.5060,2150505.9999
1,2180.1695,2150.5255,2150525.4999
1,2180.1798,2150.5358,2150535.7999
1,2180.1932,2150.5492,2150549.1999
1,2180.2237,2150.5797,2150579.6999
1,2180.2592,2150.6152,2150615.1999
1,2180.3247,2150.6807,2150680.6999
1,2180.5961,2150.9521,2150952.0999
1,2180.6301,2150.9861,2150986.0999
1,2180.6791,2151.0351,2151035.0999
1,2180.8420,2151.1980,2151197.9999
1,2180.9757,2151.3317,2151331.6999
1,2181.0114,2151.3674,2151367.3999
1,2181.0532,2151.4092,2151409.1999
1,2181.2828,2151.6388,2151638.7999
1,2181.3220,2151.6780,2151677.9999
1,2181.4089,2151.7649,2151764.8999
1,2181.4395,2151.7955,2151795.4999
1,2181.6121,2151.9681,2151968.0999
1,2181.6418,2151.9978,2151997.7999
1,2181.6665,2152.0225,2152022.4999
1,2181.8753,2152.2313,2152231.2999
1,2182.0341,2152.3901,2152390.0999
1,2182.0880,2152.4440,2152443.9999
1,2182.3191,2152.6751,2152675.0999
1,2182.5956,2152.9516,2152951.5999
1,2182.7277,2153.0837,2153083.6999
1,2182.7381,2153.0941,2153094.0999
1,2182.7788,2153.1348,2153134.7999
1,2182.8092,2153.1652,2153165.1999
1,2182.8415,2153.1975,2153197.4999
1,2182.9752,2153.3312,2153331.1999
1,2183.0109,2153.3669,2153366.8999
1,2183.0389,2153.3949,2153394.8999
1,2183.0935,2153.4495,2153449.4999
1,2183.3222,2153.6782,2153678.1999
1,2183.6383,2153.9943,2153994.2999
1,2183.6864,2154.0424,2154042.3999
1,2183.7329,2154.0889,2154088.8999
1,2183.7433,2154.0993,2154099.2999
1,2183.7647,2154.1207,2154120.6999
1,2183.7990,2154.1550,2154154.9999
1,2183.9660,2154.3220,2154321.9999
1,2184.1031,2154.4591,2154459.0999
1,2184.1177,2154.4737,2154473.6999
1,2184.1334,2154.4894,2154489.3999
1,2184.1628,2154.5188,2154518.7999
1,2184.2006,2154.5566,2154556.5999
1,2184.3498,2154.7058,2154705.7999
1,2184.4852,2154.8412,2154841.1999
1,2184.5529,2154.9089,2154908.8999
1,2184.5703,2154.9263,2154926.2999
1,2184.8079,2155.1639,2155163.8999
1,2184.8993,2155.2553,2155255.2999
1,2184.9420,2155.2980,2155297.9999
1,2184.9898,2155.3458,2155345.7999
1,2185.0035,2155.3595,2155359.4999
1,2185.1359,2155.4919,2155491.8999
1,2185.1770,2155.5330,2155532.9999
1,2185.1872,2155.5432,2155543.1999
1,2185.2155,2155.5715,2155571.4999
1,2185.3209,2155.6769,2155676.8999
1,2185.3373,2155.6933,2155693.2999
1,2185.3478,2155.7038,2155703.7999
1,2185.7157,2156.0717,2156071.6999
1,2185.8256,2156.1816,2156181.5999
1,2185.9007,2156.2567,2156256.6999
1,2186.0068,2156.3628,2156362.7999
1,2186.0084,2156.3644,2156364.3999
1,2186.0499,2156.4059,2156405.8999
1,2186.0855,2156.4415,2156441.4999
1,2186.1880,2156.5440,2156543.9999
1,2186.4028,2156.7588,2156758.7999
1,2186.4571,2156.8131,2156813.0999
1,2186.4830,2156.8390,2156838.9999
1,2186.5579,2156.9139,2156913.8999
1,2186.6389,2156.9949,2156994.8999
1,2186.7595,2157.1155,2157115.4999
1,2186.7870,2157.1430,2157142.9999
1,2186.8255,2157.1815,2157181.4999
1,2186.9395,2157.2955,2157295.4999
1,2186.9767,2157.3327,2157332.6999
1,2186.9979,2157.3539,2157353.8999
1,2187.0234,2157.3794,2157379.3999
1,2187.3116,2157.6676,2157667.5999
1,2187.3338,2157.6898,2157689.7999
1,2187.5002,2157.8562,2157856.1999
1,2187.6852,2158.0412,2158041.1999
1,2187.6981,2158.0541,2158054.0999
1,2187.7112,2158.0672,2158067.1999
1,2187.8968,2158.2528,2158252.7999
1,2187.9299,2158.2859,2158285.8999
1,2188.0002,2158.3562,2158356.1999
1,2188.0306,2158.3866,2158386.5999
1,2188.0591,2158.4151,2158415.0999
1,2188.2982,2158.6542,2158654.1999
1,2188.3527,2158.7087,2158708.6999
1,2188.3878,2158.7438,2158743.7999
1,2188.5404,2158.8964,2158896.3999
1,2188.7161,2159.0721,2159072.0999
1,2188.7804,2159.1364,2159136.3999
1,2188.8135,2159.1695,2159169.4999
1,2188.8826,2159.2386,2159238.5999
1,2189.0035,2159.3595,2159359.4999
1,2189.0224,2159.3784,2159378.3999
1,2189.0357,2159.3917,2159391.6999
1,2189.0569,2159.4129,2159412.8999
1,2189.0869,2159.4429,2159442.8999
1,2189.1799,2159.5359,2159535.8999
1,2189.2174,2159.5734,2159573.3999
1,2189.2377,2159.5937,2159593.6999
1,2189.3985,2159.7545,2159754.4999
1,2189.5013,2159.8573,2159857.2999
1,2189.5273,2159.8833,2159883.2999
1,2189.5447,2159.9007,2159900.6999
1,2189.6068,2159.9628,2159962.7999
1,2189.6854,2160.0414,2160041.3999
1,2189.7353,2160.0913,2160091.2999
1,2189.8252,2160.1812,2160181.1999
1,2189.8741,2160.2301,2160230.0999
1,2189.8894,2160.2454,2160245.3999
1,2189.9527,2160.3087,2160308.6999
1,2189.9911,2160.3471,2160347.0999
1,2190.0461,2160.4021,2160402.0999
1,2190.1245,2160.4805,2160480.4999
1,2190.4398,2160.7958,2160795.7999
1,2190.5358,2160.8918,2160891.7999
1,2190.5860,2160.9420,2160941.9999
1,2190.6948,2161.0508,2161050.7999
1,2190.7216,2161.0776,2161077.5999
1,2190.7418,2161.0978,2161097.7999
1,2191.1410,2161.4970,2161496.9999
1,2191.1617,2161.5177,2161517.6999
1,2191.1982,2161.5542,2161554.1999
1,2191.3484,2161.7044,2161704.3999
1,2191.3804,2161.7364,2161736.3999
1,2191.4173,2161.7733,2161773.2999
1,2191.4823,2161.8383,2161838.2999
1,2191.5341,2161.8901,2161890.0999
1,2191.5516,2161.9076,2161907.5999
1,2191.5757,2161.9317,2161931.6999
1,2191.9376,2162.2936,2162293.5999
1,2191.9513,2162.3073,2162307.2999
1,2191.9939,2162.3499,2162349.8999
1,2192.2358,2162.5918,2162591.7999
1,2192.3359,2162.6919,2162691.8999
1,2192.3712,2162.7272,2162727.1999
1,2192.4009,2162.7569,2162756.8999
1,2192.4223,2162.7783,2162778.2999
1,2192.5987,2162.9547,2162954.6999
1,2192.6773,2163.0333,2163033.2999
1,2192.7799,2163.1359,2163135.8999
1,2192.8296,2163.1856,2163185.5999
1,2192.8818,2163.2378,2163237.7999
1,2192.9534,2163.3094,2163309.3999
1,2192.9898,2163.3458,2163345.7999
1,2193.0312,2163.3872,2163387.1999
1,2193.1496,2163.5056,2163505.5999
1,2193.2002,2163.5562,2163556.1999
1,2193.3745,2163.7305,2163730.4999
1,2193.3944,2163.7504,2163750.3999
1,2193.5438,2163.8998,2163899.7999
1,2193.5905,2163.9465,2163946.4999
1,2193.6645,2164.0205,2164020.4999
1,2193.7072,2164.0632,2164063.1999
1,2193.7147,2164.0707,2164070.6999
1,2193.9428,2164.2988,2164298.7999
1,2193.9688,2164.3248,2164324.7999
1,2194.0393,2164.3953,2164395.2999
1,2194.1049,2164.4609,2164460.8999
1,2194.1267,2164.4827,2164482.6999
1,2194.1312,2164.4872,2164487.1999
1,2194.1568,2164.5128,2164512.7999
1,2194.4073,2164.7633,2164763.2999
1,2194.4462,2164.8022,2164802.1999
1,2194.4899,2164.8459,2164845.8999
1,2194.5613,2164.9173,2164917.2999
1,2194.6248,2164.9808,2164980.7999
1,2194.6771,2165.0331,2165033.0999
1,2194.8784,2165.2344,2165234.3999
1,2195.0117,2165.3677,2165367.6999
1,2195.0379,2165.3939,2165393.8999
1,2195.2309,2165.5869,2165586.8999
1,2195.3207,2165.6767,2165676.6999
1,2195.4445,2165.8005,2165800.4999
1,2195.5039,2165.8599,2165859.8999
1,2195.6852,2166.0412,2166041.1999
1,2195.8762,2166.2322,2166232.1999
1,2195.8946,2166.2506,2166250.5999
1,2196.0404,2166.3964,2166396.3999
1,2196.1082,2166.4642,2166464.1999
1,2196.1459,2166.5019,2166501.8999
1,2196.1561,2166.5121,2166512.0999
1,2196.4102,2166.7662,2166766.1999
1,2196.5450,2166.9010,2166900.9999
1,2196.5818,2166.9378,2166937.7999
1,2196.5970,2166.9530,2166952.9999
1,2196.6222,2166.9782,2166978.1999
1,2196.7046,2167.0606,2167060.5999
1,2196.7772,2167.1332,2167133.1999
1,2196.8193,2167.1753,2167175.2999
1,2196.8341,2167.1901,2167190.0999
1,2196.8606,2167.2166,2167216.5999
1,2197.0053,2167.3613,2167361.2999
1,2197.0338,2167.3898,2167389.7999
1,2197.0676,2167.4236,2167423.5999
1,2197.1266,2167.4826,2167482.5999
1,2197.2951,2167.6511,2167651.0999
1,2197.4906,2167.8466,2167846.5999
1,2197.5202,2167.8762,2167876.1999
1,2197.7259,2168.0819,2168081.8999
1,2197.9682,2168.3242,2168324.1999
1,2198.0331,2168.3891,2168389.0999
1,2198.1408,2168.4968,2168496.7999
1,2198.3976,2168.7536,2168753.5999
1,2198.5198,2168.8758,2168875.7999
1,2198.5496,2168.9056,2168905.5999
1,2198.5723,2168.9283,2168928.2999
1,2198.6190,2168.9750,2168974.9999
1,2198.7170,2169.0730,2169072.9999
1,2198.7417,2169.0977,2169097.6999
1,2198.7844,2169.1404,2169140.3999
1,2198.7953,2169.1513,2169151.2999
1,2198.8827,2169.2387,2169238.6999
1,2198.9083,2169.2643,2169264.2999
1,2199.1431,2169.4991,2169499.0999
1,2199.2336,2169.5896,2169589.5999
1,2199.2905,2169.6465,2169646.4999
1,2199.3482,2169.7042,2169704.1999
1,2199.3526,2169.7086,2169708.5999
1,2199.5105,2169.8665,2169866.4999
1,2199.5827,2169.9387,2169938.6999
1,2199.6772,2170.0332,2170033.1999
1,2199.7560,2170.1120,2170111.9999
1,2199.8202,2170.1762,2170176.1999
1,2199.8596,2170.2156,2170215.5999
1,2200.1059,2170.4619,2170461.8999
1,2200.1770,2170.5330,2170532.9999
1,2200.1874,2170.5434,2170543.3999
1,2200.3095,2170.6655,2170665.4999
1,2200.4446,2170.8006,2170800.5999
1,2200.4826,2170.8386,2170838.5999
1,2200.7013,2171.0573,2171057.2999
1,2201.0685,2171.4245,2171424.4999
1,2201.1341,2171.4901,2171490.0999
1,2201.4389,2171.7949,2171794.8999
1,2201.5043,2171.8603,2171860.2999
1,2201.5545,2171.9105,2171910.4999
1,2201.6545,2172.0105,2172010.4999
1,2202.0736,2172.4296,2172429.5999
1,2202.1074,2172.4634,2172463.3999
1,2202.2550,2172.6110,2172610.9999
1,2202.4216,2172.7776,2172777.5999
1,2202.4578,2172.8138,2172813.7999
1,2202.7943,2173.1503,2173150.2999
1,2202.8367,2173.1927,2173192.6999
1,2202.9227,2173.2787,2173278.6999
1,2203.0083,2173.3643,2173364.2999
1,2203.1541,2173.5101,2173510.0999
1,2203.2027,2173.5587,2173558.6999
1,2203.4474,2173.8034,2173803.3999
1,2203.5113,2173.8673,2173867.2999
1,2203.7696,2174.1256,2174125.5999
1,2203.8293,2174.1853,2174185.2999
1,2204.1702,2174.5262,2174526.1999
1,2204.4600,2174.8160,2174815.9999
1,2204.5330,2174.8890,2174888.9999
1,2204.9542,2175.3102,2175310.1999
1,2205.0407,2175.3967,2175396.6999
1,2205.1989,2175.5549,2175554.8999
1,2205.2956,2175.6516,2175651.5999
1,2205.3537,2175.7097,2175709.6999
1,2205.3649,2175.7209,2175720.8999
1,2205.8774,2176.2334,2176233.3999
1,2205.9501,2176.3061,2176306.0999
1,2205.9765,2176.3325,2176332.4999
1,2206.0495,2176.4055,2176405.4999
1,2206.1038,2176.4598,2176459.7999
1,2206.1342,2176.4902,2176490.1999
1,2206.1649,2176.5209,2176520.8999
1,2206.1917,2176.5477,2176547.6999
1,2206.2506,2176.6066,2176606.5999
1,2206.2759,2176.6319,2176631.8999
1,2206.2980,2176.6540,2176653.9999
1,2206.3154,2176.6714,2176671.3999
1,2206.3414,2176.6974,2176697.3999
1,2206.4606,2176.8166,2176816.5999
1,2206.5658,2176.9218,2176921.7999
1,2206.6033,2176.9593,2176959.2999
1,2206.6484,2177.0044,2177004.3999
1,2206.8328,2177.1888,2177188.7999
1,2207.0747,2177.4307,2177430.6999
1,2207.3012,2177.6572,2177657.1999
1,2207.5575,2177.9135,2177913.4999
1,2207.5912,2177.9472,2177947.1999
1,2207.6016,2177.9576,2177957.5999
1,2207.6240,2177.9800,2177979.9999
1,2207.6446,2178.0006,2178000.5999
1,2207.8155,2178.1715,2178171.4999
1,2207.8239,2178.1799,2178179.8999
1,2207.8433,2178.1993,2178199.2999
1,2207.8982,2178.2542,2178254.1999
1,2207.9693,2178.3253,2178325.2999
1,2207.9795,2178.3355,2178335.4999
1,2208.1867,2178.5427,2178542.6999
1,2208.2383,2178.5943,2178594.2999
1,2208.4026,2178.7586,2178758.5999
1,2208.6547,2179.0107,2179010.6999
1,2208.7370,2179.0930,2179092.9999
1,2208.7680,2179.1240,2179123.9999
1,2208.7976,2179.1536,2179153.5999
1,2208.9950,2179.3510,2179350.9999
1,2209.0853,2179.4413,2179441.2999
1,2209.1499,2179.5059,2179505.8999
1,2209.2598,2179.6158,2179615.7999
1,2209.3361,2179.6921,2179692.0999
1,2209.3799,2179.7359,2179735.8999
1,2209.5194,2179.8754,2179875.3999
1,2209.6121,2179.9681,2179968.0999
1,2209.6519,2180.0079,2180007.8999
1,2209.6613,2180.0173,2180017.2999
1,2209.6915,2180.0475,2180047.4999
1,2209.7026,2180.0586,2180058.5999
1,2210.1068,2180.4628,2180462.7999
1,2210.1354,2180.4914,2180491.3999
1,2210.3029,2180.6589,2180658.8999
1,2210.3854,2180.7414,2180741.3999
1,2210.6122,2180.9682,2180968.1999
1,2210.6735,2181.0295,2181029.4999
1,2210.8804,2181.2364,2181236.3999
1,2210.9461,2181.3021,2181302.0999
1,2210.9985,2181.3545,2181354.4999
1,2211.0194,2181.3754,2181375.3999
1,2211.3114,2181.6674,2181667.3999
1,2211.3840,2181.7400,2181739.9999
1,2211.4365,2181.7925,2181792.4999
1,2211.4544,2181.8104,2181810.3999
1,2211.5294,2181.8854,2181885.3999
1,2211.5787,2181.9347,2181934.6999
1,2211.6495,2182.0055,2182005.4999
1,2211.6812,2182.0372,2182037.1999
1,2211.7165,2182.0725,2182072.4999
1,2211.7785,2182.1345,2182134.4999
1,2211.9714,2182.3274,2182327.3999
1,2212.1414,2182.4974,2182497.3999
1,2212.3658,2182.7218,2182721.7999
1,2212.3704,2182.7264,2182726.3999
1,2212.4182,2182.7742,2182774.1999
1,2212.6715,2183.0275,2183027.4999
1,2212.7162,2183.0722,2183072.1999
1,2212.9045,2183.2605,2183260.4999
1,2212.9985,2183.3545,2183354.4999
1,2213.0360,2183.3920,2183391.9999
1,2213.2402,2183.5962,2183596.1999
1,2213.2716,2183.6276,2183627.5999
1,2213.3755,2183.7315,2183731.4999
1,2213.4823,2183.8383,2183838.2999
1,2213.6731,2184.0291,2184029.0999
1,2213.7020,2184.0580,2184057.9999
1,2213.7252,2184.0812,2184081.1999
1,2213.7733,2184.1293,2184129.2999
1,2213.8892,2184.2452,2184245.1999
1,2214.0671,2184.4231,2184423.0999
1,2214.2258,2184.5818,2184581.7999
1,2214.2592,2184.6152,2184615.1999
1,2214.3048,2184.6608,2184660.7999
1,2214.4096,2184.7656,2184765.5999
1,2214.8171,2185.1731,2185173.0999
1,2214.8520,2185.2080,2185207.9999
1,2214.8857,2185.2417,2185241.6999
1,2214.9050,2185.2610,2185260.9999
1,2214.9937,2185.3497,2185349.6999
1,2215.0475,2185.4035,2185403.4999
1,2215.1410,2185.4970,2185496.9999
1,2215.2147,2185.5707,2185570.6999
1,2215.3153,2185.6713,2185671.2999
1,2215.5406,2185.8966,2185896.5999
1,2215.6850,2186.0410,2186040.9999
1,2215.7095,2186.0655,2186065.4999
1,2215.7202,2186.0762,2186076.1999
1,2215.8768,2186.2328,2186232.7999
1,2216.0601,2186.4161,2186416.0999
1,2216.1721,2186.5281,2186528.0999
1,2216.1946,2186.5506,2186550.5999
1,2216.2221,2186.5781,2186578.0999
1,2216.2782,2186.6342,2186634.1999
1,2216.3780,2186.7340,2186733.9999
1,2216.5649,2186.9209,2186920.8999
1,2216.7107,2187.0667,2187066.6999
1,2216.7500,2187.1060,2187105.9999
1,2217.2090,2187.5650,2187564.9999
1,2217.3206,2187.6766,2187676.5999
1,2217.4050,2187.7610,2187760.9999
1,2217.5546,2187.9106,2187910.5999
1,2217.6267,2187.9827,2187982.6999
1,2217.6547,2188.0107,2188010.6999
1,2217.8507,2188.2067,2188206.6999
1,2218.0005,2188.3565,2188356.4999
1,2218.0597,2188.4157,2188415.6999
1,2218.3650,2188.7210,2188720.9999
1,2218.4876,2188.8436,2188843.5999
1,2218.5469,2188.9029,2188902.8999
1,2218.6298,2188.9858,2188985.7999
1,2218.6699,2189.0259,2189025.8999
1,2218.6904,2189.0464,2189046.3999
1,2218.7232,2189.0792,2189079.1999
1,2218.8502,2189.2062,2189206.1999
1,2218.8610,2189.2170,2189216.9999
1,2218.8798,2189.2358,2189235.7999
1,2218.8910,2189.2470,2189246.9999
1,2218.8991,2189.2551,2189255.0999
1,2219.0968,2189.4528,2189452.7999
1,2219.1264,2189.4824,2189482.3999
1,2219.1600,2189.5160,2189515.9999
1,2219.2063,2189.5623,2189562.2999
1,2219.2185,2189.5745,2189574.4999
1,2219.2254,2189.5814,2189581.3999
1,2219.2291,2189.5851,2189585.0999
1,2219.2354,2189.5914,2189591.3999
1,2219.2624,2189.6184,2189618.3999
1,2219.4505,2189.8065,2189806.4999
1,2219.4775,2189.8335,2189833.4999
1,2219.6700,2190.0260,2190025.9999
1,2219.7571,2190.1131,2190113.0999
1,2219.8281,2190.1841,2190184.0999
1,2219.8502,2190.2062,2190206.1999
1,2219.8697,2190.2257,2190225.6999
1,2219.9130,2190.2690,2190268.9999
1,2219.9571,2190.3131,2190313.0999
1,2220.0733,2190.4293,2190429.2999
1,2220.1433,2190.4993,2190499.2999
1,2220.2075,2190.5635,2190563.4999
1,2220.2487,2190.6047,2190604.6999
1,2220.2598,2190.6158,2190615.7999
1,2220.4164,2190.7724,2190772.3999
1,2220.4323,2190.7883,2190788.2999
1,2220.4523,2190.8083,2190808.2999
1,2220.6268,2190.9828,2190982.7999
1,2220.6345,2190.9905,2190990.4999
1,2220.8711,2191.2271,2191227.0999
1,2221.1112,2191.4672,2191467.1999
1,2221.2436,2191.5996,2191599.5999
1,2221.4168,2191.7728,2191772.7999
1,2221.4523,2191.8083,2191808.2999
1,2221.5458,2191.9018,2191901.7999
1,2221.5549,2191.9109,2191910.8999
1,2221.6100,2191.9660,2191965.9999
1,2221.6449,2192.0009,2192000.8999
1,2221.6703,2192.0263,2192026.2999
1,2221.8963,2192.2523,2192252.2999
1,2222.3655,2192.7215,2192721.4999
1,2222.4429,2192.7989,2192798.8999
1,2222.4681,2192.8241,2192824.0999
1,2222.4856,2192.8416,2192841.5999
1,2222.4943,2192.8503,2192850.2999
1,2222.5133,2192.8693,2192869.2999
1,2222.5290,2192.8850,2192884.9999
1,2222.7430,2193.0990,2193098.9999
1,2222.7598,2193.1158,2193115.7999
1,2223.1109,2193.4669,2193466.8999
1,2223.1267,2193.4827,2193482.6999
1,2223.3014,2193.6574,2193657.3999
1,2223.3388,2193.6948,2193694.7999
1,2223.3420,2193.6980,2193697.9999
1,2223.3694,2193.7254,2193725.3999
1,2223.5703,2193.9263,2193926.2999
1,2223.7012,2194.0572,2194057.1999
1,2223.7226,2194.0786,2194078.5999
1,2223.8596,2194.2156,2194215.5999
1,2224.0523,2194.4083,2194408.2999
1,2224.1041,2194.4601,2194460.0999
1,2224.1342,2194.4902,2194490.1999
1,2224.1667,2194.5227,2194522.6999
1,2224.1885,2194.5445,2194544.4999
1,2224.2255,2194.5815,2194581.4999
1,2224.2687,2194.6247,2194624.6999
1,2224.3033,2194.6593,2194659.2999
1,2224.3281,2194.6841,2194684.0999
1,2224.5754,2194.9314,2194931.3999
1,2224.6730,2195.0290,2195028.9999
1,2224.8721,2195.2281,2195228.0999
1,2225.0343,2195.3903,2195390.2999
1,2225.0496,2195.4056,2195405.5999
1,2225.0644,2195.4204,2195420.3999
1,2225.1794,2195.5354,2195535.3999
1,2225.2055,2195.5615,2195561.4999
1,2225.2143,2195.5703,2195570.2999
1,2225.2991,2195.6551,2195655.0999
1,2225.5201,2195.8761,2195876.0999
1,2225.6153,2195.9713,2195971.2999
1,2225.6853,2196.0413,2196041.2999
1,2225.7135,2196.0695,2196069.4999
1,2225.9387,2196.2947,2196294.6999
1,2226.1208,2196.4768,2196476.7999
1,2226.2533,2196.6093,2196609.2999
1,2226.4428,2196.7988,2196798.7999
1,2226.6799,2197.0359,2197035.8999
1,2226.8250,2197.1810,2197180.9999
1,2226.8464,2197.2024,2197202.3999
1,2226.9334,2197.2894,2197289.3999
1,2227.1867,2197.5427,2197542.6999
1,2227.3179,2197.6739,2197673.8999
1,2227.3692,2197.7252,2197725.1999
1,2227.3993,2197.7553,2197755.2999
1,2227.4141,2197.7701,2197770.0999
1,2227.4530,2197.8090,2197808.9999
1,2227.4828,2197.8388,2197838.7999
1,2227.6154,2197.9714,2197971.3999
1,2227.6807,2198.0367,2198036.6999
1,2227.7203,2198.0763,2198076.2999
1,2227.9116,2198.2676,2198267.5999
1,2228.0373,2198.3933,2198393.2999
1,2228.0707,2198.4267,2198426.6999
1,2228.3195,2198.6755,2198675.4999
1,2228.4188,2198.7748,2198774.7999
1,2228.4325,2198.7885,2198788.4999
1,2228.4506,2198.8066,2198806.5999
1,2228.4706,2198.8266,2198826.5999
1,2228.6319,2198.9879,2198987.8999
1,2228.6484,2199.0044,2199004.3999
1,2228.6762,2199.0322,2199032.1999
1,2228.8756,2199.2316,2199231.5999
1,2229.2412,2199.5972,2199597.1999
1,2229.7416,2200.0976,2200097.5999
1,2229.8018,2200.1578,2200157.7999
1,2229.8917,2200.2477,2200247.6999
1,2230.0444,2200.4004,2200400.3999
1,2230.0659,2200.4219,2200421.8999
1,2230.1765,2200.5325,2200532.4999
1,2230.2215,2200.5775,2200577.4999
1,2230.2827,2200.6387,2200638.6999
1,2230.3847,2200.7407,2200740.6999
1,2230.5305,2200.8865,2200886.4999
1,2230.6122,2200.9682,2200968.1999
1,2230.6894,2201.0454,2201045.3999
1,2230.8039,2201.1599,2201159.8999
1,2230.8106,2201.1666,2201166.5999
1,2230.8941,2201.2501,2201250.0999
1,2231.2404,2201.5964,2201596.3999
1,2231.2901,2201.6461,2201646.0999
1,2231.3216,2201.6776,2201677.5999
1,2231.3462,2201.7022,2201702.1999
1,2231.7929,2202.1489,2202148.8999
1,2231.8971,2202.2531,2202253.0999
1,2231.9725,2202.3285,2202328.4999
1,2232.0082,2202.3642,2202364.1999
1,2232.0349,2202.3909,2202390.8999
1,2232.0724,2202.4284,2202428.3999
1,2232.2374,2202.5934,2202593.3999
1,2232.3864,2202.7424,2202742.3999
1,2232.5689,2202.9249,2202924.8999
1,2232.6675,2203.0235,2203023.4999
1,2232.6911,2203.0471,2203047.0999
1,2232.7011,2203.0571,2203057.0999
1,2232.7890,2203.1450,2203144.9999
1,2232.8801,2203.2361,2203236.0999
1,2233.2430,2203.5990,2203598.9999
1,2233.2454,2203.6014,2203601.3999
1,2233.3195,2203.6755,2203675.4999
1,2233.3535,2203.7095,2203709.4999
1,2233.4230,2203.7790,2203778.9999
1,2233.4653,2203.8213,2203821.2999
1,2233.6703,2204.0263,2204026.2999
1,2233.7071,2204.0631,2204063.0999
1,2233.7818,2204.1378,2204137.7999
1,2233.8020,2204.1580,2204157.9999
1,2233.9631,2204.3191,2204319.0999
1,2233.9808,2204.3368,2204336.7999
1,2234.1475,2204.5035,2204503.4999
1,2234.1561,2204.5121,2204512.0999
1,2234.3644,2204.7204,2204720.3999
1,2234.3816,2204.7376,2204737.5999
1,2234.3896,2204.7456,2204745.5999
1,2234.4118,2204.7678,2204767.7999
1,2234.7565,2205.1125,2205112.4999
1,2234.7864,2205.1424,2205142.3999
1,2234.8834,2205.2394,2205239.3999
1,2234.9127,2205.2687,2205268.6999
1,2235.0942,2205.4502,2205450.1999
1,2235.1001,2205.4561,2205456.0999
1,2235.1562,2205.5122,2205512.1999
1,2235.2616,2205.6176,2205617.5999
1,2235.5224,2205.8784,2205878.3999
1,2235.5458,2205.9018,2205901.7999
1,2235.6319,2205.9879,2205987.8999
1,2235.7442,2206.1002,2206100.1999
1,2235.7904,2206.1464,2206146.3999
1,2235.8839,2206.2399,2206239.8999
1,2235.9030,2206.2590,2206258.9999
1,2235.9172,2206.2732,2206273.1999
1,2235.9361,2206.2921,2206292.0999
1,2235.9865,2206.3425,2206342.4999
1,2236.0736,2206.4296,2206429.5999
1,2236.1146,2206.4706,2206470.5999
1,2236.2600,2206.6160,2206615.9999
1,2236.3281,2206.6841,2206684.0999
1,2236.5454,2206.9014,2206901.3999
1,2236.6019,2206.9579,2206957.8999
1,2236.6413,2206.9973,2206997.2999
1,2236.9258,2207.2818,2207281.7999
1,2237.0067,2207.3627,2207362.6999
1,2237.0674,2207.4234,2207423.3999
1,2237.2853,2207.6413,2207641.2999
1,2237.3587,2207.7147,2207714.6999
1,2237.3785,2207.7345,2207734.4999
1,2237.6894,2208.0454,2208045.3999
1,2237.8508,2208.2068,2208206.7999
1,2237.8960,2208.2520,2208251.9999
1,2237.9515,2208.3075,2208307.4999
1,2237.9886,2208.3446,2208344.5999
1,2238.0332,2208.3892,2208389.1999
1,2238.0956,2208.4516,2208451.5999
1,2238.1405,2208.4965,2208496.4999
1,2238.3788,2208.7348,2208734.7999
1,2238.6602,2209.0162,2209016.1999
1,2239.1349,2209.4909,2209490.8999
1,2239.2254,2209.5814,2209581.3999
1,2239.3324,2209.6884,2209688.3999
1,2239.3765,2209.7325,2209732.4999
1,2239.4380,2209.7940,2209793.9999
1,2239.4686,2209.8246,2209824.5999
1,2239.8205,2210.1765,2210176.4999
1,2239.8997,2210.2557,2210255.6999
1,2240.0550,2210.4110,2210410.9999
1,2240.2765,2210.6325,2210632.4999
1,2240.6653,2211.0213,2211021.2999
1,2240.7980,2211.1540,2211153.9999
1,2240.8394,2211.1954,2211195.3999
1,2240.9510,2211.3070,2211306.9999
1,2240.9717,2211.3277,2211327.6999
1,2241.1813,2211.5373,2211537.2999
1,2241.3324,2211.6884,2211688.3999
1,2241.3667,2211.7227,2211722.6999
1,2241.4687,2211.8247,2211824.6999
1,2241.4918,2211.8478,2211847.7999
1,2241.5300,2211.8860,2211885.9999
1,2241.5944,2211.9504,2211950.3999
1,2241.7326,2212.0886,2212088.5999
1,2242.0520,2212.4080,2212407.9999
1,2242.1225,2212.4785,2212478.4999
1,2242.2484,2212.6044,2212604.3999
1,2242.3577,2212.7137,2212713.6999
1,2242.3809,2212.7369,2212736.8999
1,2242.4346,2212.7906,2212790.5999
1,2242.6841,2213.0401,2213040.0999
1,2242.7172,2213.0732,2213073.1999
1,2242.7809,2213.1369,2213136.8999
1,2242.8465,2213.2025,2213202.4999
1,2242.8545,2213.2105,2213210.4999
1,2242.8908,2213.2468,2213246.7999
1,2242.8929,2213.2489,2213248.8999
1,2243.1549,2213.5109,2213510.8999
1,2243.2695,2213.6255,2213625.4999
1,2243.5175,2213.8735,2213873.4999
1,2243.5363,2213.8923,2213892.2999
1,2243.6672,2214.0232,2214023.1999
1,2243.9386,2214.2946,2214294.5999
1,2244.0372,2214.3932,2214393.1999
1,2244.1633,2214.5193,2214519.2999
1,2244.1931,2214.5491,2214549.0999
1,2244.2193,2214.5753,2214575.2999
1,2244.2724,2214.6284,2214628.3999
1,2244.3172,2214.6732,2214673.1999
1,2244.4179,2214.7739,2214773.8999
1,2244.4576,2214.8136,2214813.5999
1,2244.5416,2214.8976,2214897.5999
1,2244.6838,2215.0398,2215039.7999
1,2244.7008,2215.0568,2215056.7999
1,2244.9989,2215.3549,2215354.8999
1,2245.1421,2215.4981,2215498.0999
1,2245.2918,2215.6478,2215647.7999
1,2245.4555,2215.8115,2215811.4999
1,2245.4978,2215.8538,2215853.7999
1,2245.5812,2215.9372,2215937.1999
1,2245.5923,2215.9483,2215948.2999
1,2245.7508,2216.1068,2216106.7999
1,2245.9982,2216.3542,2216354.1999
1,2246.1328,2216.4888,2216488.7999
1,2246.2446,2216.6006,2216600.5999
1,2246.2950,2216.6510,2216650.9999
1,2246.3170,2216.6730,2216672.9999
1,2246.6712,2217.0272,2217027.1999
1,2246.7171,2217.0731,2217073.0999
1,2246.8476,2217.2036,2217203.5999
1,2246.9269,2217.2829,2217282.8999
1,2246.9659,2217.3219,2217321.8999
1,2247.1787,2217.5347,2217534.6999
1,2247.2269,2217.5829,2217582.8999
1,2247.5729,2217.9289,2217928.8999
1,2247.6316,2217.9876,2217987.5999
1,2247.6910,2218.0470,2218046.9999
1,2247.8911,2218.2471,2218247.0999
1,2248.1244,2218.4804,2218480.3999
1,2248.2050,2218.5610,2218560.9999
1,2248.3848,2218.7408,2218740.7999
1,2248.4089,2218.7649,2218764.8999
1,2248.4498,2218.8058,2218805.7999
1,2248.4792,2218.8352,2218835.1999
1,2248.5080,2218.8640,2218863.9999
1,2248.6301,2218.9861,2218986.0999
1,2248.6910,2219.0470,2219046.9999
1,2248.8765,2219.2325,2219232.4999
1,2248.8969,2219.2529,2219252.8999
1,2248.9213,2219.2773,2219277.2999
1,2248.9458,2219.3018,2219301.7999
1,2248.9651,2219.3211,2219321.0999
1,2249.1431,2219.4991,2219499.0999
1,2249.2140,2219.5700,2219569.9999
1,2249.2476,2219.6036,2219603.5999
1,2249.4147,2219.7707,2219770.6999
1,2249.4567,2219.8127,2219812.6999
1,2249.5011,2219.8571,2219857.0999
1,2249.5293,2219.8853,2219885.2999
1,2249.6328,2219.9888,2219988.7999
1,2249.6792,2220.0352,2220035.1999
1,2249.8677,2220.2237,2220223.6999
1,2249.8824,2220.2384,2220238.3999
1,2249.9015,2220.2575,2220257.4999
1,2249.9290,2220.2850,2220284.9999
1,2250.0450,2220.4010,2220400.9999
1,2250.0476,2220.4036,2220403.5999
1,2250.0676,2220.4236,2220423.5999
1,2250.1247,2220.4807,2220480.6999
1,2250.1904,2220.5464,2220546.3999
1,2250.2255,2220.5815,2220581.4999
1,2250.2469,2220.6029,2220602.8999
1,2250.4811,2220.8371,2220837.0999
1,2250.6075,2220.9635,2220963.4999
1,2250.6534,2221.0094,2221009.3999
1,2250.7662,2221.1222,2221122.1999
1,2250.8725,2221.2285,2221228.4999
1,2250.9287,2221.2847,2221284.6999
1,2251.1855,2221.5415,2221541.4999
1,2251.2360,2221.5920,2221591.9999
1,2251.3629,2221.7189,2221718.8999
1,2251.4573,2221.8133,2221813.2999
1,2251.5099,2221.8659,2221865.8999
1,2251.7409,2222.0969,2222096.8999
1,2251.8157,2222.1717,2222171.6999
1,2251.8570,2222.2130,2222212.9999
1,2251.9104,2222.2664,2222266.3999
1,2252.5017,2222.8577,2222857.6999
1,2252.7108,2223.0668,2223066.7999
1,2252.9650,2223.3210,2223320.9999
1,2252.9958,2223.3518,2223351.7999
1,2253.0118,2223.3678,2223367.7999
1,2253.0396,2223.3956,2223395.5999
1,2253.1980,2223.5540,2223553.9999
1,2253.2584,2223.6144,2223614.3999
1,2253.2655,2223.6215,2223621.4999
1,2253.4077,2223.7637,2223763.6999
1,2253.4451,2223.8011,2223801.0999
1,2253.7095,2224.0655,2224065.4999
1,2253.8722,2224.2282,2224228.1999
1,2254.0048,2224.3608,2224360.7999
1,2254.0180,2224.3740,2224373.9999
1,2254.0617,2224.4177,2224417.6999
1,2254.3209,2224.6769,2224676.8999
1,2254.3688,2224.7248,2224724.7999
1,2254.4267,2224.7827,2224782.6999
1,2254.6872,2225.0432,2225043.1999
1,2254.7848,2225.1408,2225140.7999
1,2255.1667,2225.5227,2225522.6999
1,2255.3487,2225.7047,2225704.6999
1,2255.3858,2225.7418,2225741.7999
1,2255.4152,2225.7712,2225771.1999
1,2255.6396,2225.9956,2225995.5999
1,2255.8731,2226.2291,2226229.0999
1,2256.1678,2226.5238,2226523.7999
1,2256.3813,2226.7373,2226737.2999
1,2256.4481,2226.8041,2226804.0999
1,2256.4503,2226.8063,2226806.2999
1,2256.4967,2226.8527,2226852.6999
1,2256.7677,2227.1237,2227123.6999
1,2256.9085,2227.2645,2227264.4999
1,2257.0558,2227.4118,2227411.7999
1,2257.0876,2227.4436,2227443.5999
1,2257.1172,2227.4732,2227473.1999
1,2257.2182,2227.5742,2227574.1999
1,2257.3763,2227.7323,2227732.2999
1,2257.5769,2227.9329,2227932.8999
1,2257.6353,2227.9913,2227991.2999
1,2257.8083,2228.1643,2228164.2999
1,2258.0675,2228.4235,2228423.4999
1,2258.1330,2228.4890,2228488.9999
1,2258.2336,2228.5896,2228589.5999
1,2258.2530,2228.6090,2228608.9999
1,2258.2632,2228.6192,2228619.1999
1,2258.2718,2228.6278,2228627.7999
1,2258.2840,2228.6400,2228639.9999
1,2258.5115,2228.8675,2228867.4999
1,2258.6074,2228.9634,2228963.3999
1,2258.6528,2229.0088,2229008.7999
1,2258.7688,2229.1248,2229124.7999
1,2258.7782,2229.1342,2229134.1999
1,2258.7935,2229.1495,2229149.4999
1,2259.0894,2229.4454,2229445.3999
1,2259.3497,2229.7057,2229705.6999
1,2259.4422,2229.7982,2229798.1999
1,2259.4796,2229.8356,2229835.5999
1,2259.5496,2229.9056,2229905.5999
1,2259.7024,2230.0584,2230058.3999
1,2259.7391,2230.0951,2230095.0999
1,2259.9460,2230.3020,2230301.9999
1,2259.9610,2230.3170,2230316.9999
1,2259.9887,2230.3447,2230344.6999
1,2260.1216,2230.4776,2230477.5999
1,2260.1310,2230.4870,2230486.9999
1,2260.3532,2230.7092,2230709.1999
1,2260.4563,2230.8123,2230812.2999
1,2260.7161,2231.0721,2231072.0999
1,2260.7562,2231.1122,2231112.1999
1,2260.7972,2231.1532,2231153.1999
1,2260.9658,2231.3218,2231321.7999
1,2261.0451,2231.4011,2231401.0999
1,2261.0680,2231.4240,2231423.9999
1,2261.1108,2231.4668,2231466.7999
1,2261.3534,2231.7094,2231709.3999
1,2261.3862,2231.7422,2231742.1999
1,2261.4873,2231.8433,2231843.2999
1,2261.5885,2231.9445,2231944.4999
1,2261.6005,2231.9565,2231956.4999
1,2261.8309,2232.1869,2232186.8999
1,2262.0734,2232.4294,2232429.3999
1,2262.1194,2232.4754,2232475.3999
1,2262.1844,2232.5404,2232540.3999
1,2262.2293,2232.5853,2232585.2999
1,2262.3126,2232.6686,2232668.5999
1,2262.4798,2232.8358,2232835.7999
1,2262.5747,2232.9307,2232930.6999
1,2262.5977,2232.9537,2232953.6999
1,2262.6572,2233.0132,2233013.1999
1,2262.6899,2233.0459,2233045.8999
1,2262.7994,2233.1554,2233155.3999
1,2263.0348,2233.3908,2233390.7999
1,2263.0708,2233.4268,2233426.7999
1,2263.5077,2233.8637,2233863.6999
1,2263.5430,2233.8990,2233898.9999
1,2263.5534,2233.9094,2233909.3999
1,2263.5819,2233.9379,2233937.8999
1,2263.6076,2233.9636,2233963.5999
1,2263.8112,2234.1672,2234167.1999
1,2263.8364,2234.1924,2234192.3999
1,2263.9470,2234.3030,2234302.9999
1,2263.9983,2234.3543,2234354.2999
1,2264.0161,2234.3721,2234372.0999
1,2264.0259,2234.3819,2234381.8999
1,2264.0469,2234.4029,2234402.8999
1,2264.0693,2234.4253,2234425.2999
1,2264.2599,2234.6159,2234615.8999
1,2264.3346,2234.6906,2234690.5999
1,2264.3933,2234.7493,2234749.2999
1,2264.4151,2234.7711,2234771.0999
1,2264.4657,2234.8217,2234821.6999
1,2264.6007,2234.9567,2234956.6999
1,2264.6441,2235.0001,2235000.0999
1,2264.9181,2235.2741,2235274.0999
1,2265.0650,2235.4210,2235420.9999
1,2265.1288,2235.4848,2235484.7999
1,2265.2462,2235.6022,2235602.1999
1,2265.3658,2235.7218,2235721.7999
1,2265.3939,2235.7499,2235749.8999
1,2265.4758,2235.8318,2235831.7999
1,2265.5223,2235.8783,2235878.2999
1,2265.6263,2235.9823,2235982.2999
1,2265.6480,2236.0040,2236003.9999
1,2265.7565,2236.1125,2236112.4999
1,2265.7955,2236.1515,2236151.4999
1,2265.8076,2236.1636,2236163.5999
1,2265.8364,2236.1924,2236192.3999
1,2265.8920,2236.2480,2236247.9999
1,2266.0309,2236.3869,2236386.8999
1,2266.1073,2236.4633,2236463.2999
1,2266.1874,2236.5434,2236543.3999
1,2266.2930,2236.6490,2236648.9999
1,2266.3171,2236.6731,2236673.0999
1,2266.3446,2236.7006,2236700.5999
1,2266.3751,2236.7311,2236731.0999
1,2266.4015,2236.7575,2236757.4999
1,2266.4241,2236.7801,2236780.0999
1,2266.4899,2236.8459,2236845.8999
1,2266.6388,2236.9948,2236994.7999
1,2266.6843,2237.0403,2237040.2999
1,2266.7140,2237.0700,2237069.9999
1,2266.9784,2237.3344,2237334.3999
1,2267.0264,2237.3824,2237382.3999
1,2267.2278,2237.5838,2237583.7999
1,2267.2760,2237.6320,2237631.9999
1,2267.4212,2237.7772,2237777.1999
1,2267.5962,2237.9522,2237952.1999
1,2267.7793,2238.1353,2238135.2999
1,2267.8083,2238.1643,2238164.2999
1,2267.8750,2238.2310,2238230.9999
1,2267.9092,2238.2652,2238265.1999
1,2267.9795,2238.3355,2238335.4999
1,2268.0097,2238.3657,2238365.6999
1,2268.0227,2238.3787,2238378.6999
1,2268.0520,2238.4080,2238407.9999
1,2268.0681,2238.4241,2238424.0999
1,2268.1175,2238.4735,2238473.4999
1,2268.4221,2238.7781,2238778.0999
1,2268.4429,2238.7989,2238798.8999
1,2268.6392,2238.9952,2238995.1999
1,2268.6522,2239.0082,2239008.1999
1,2268.7052,2239.0612,2239061.1999
1,2268.8854,2239.2414,2239241.3999
1,2269.1960,2239.5520,2239551.9999
1,2269.5290,2239.8850,2239884.9999
1,2269.5631,2239.9191,2239919.0999
1,2269.6531,2240.0091,2240009.0999
1,2269.6716,2240.0276,2240027.5999
1,2269.8217,2240.1777,2240177.6999
1,2269.8543,2240.2103,2240210.2999
1,2269.8953,2240.2513,2240251.2999
1,2269.9207,2240.2767,2240276.6999
1,2269.9392,2240.2952,2240295.1999
1,2270.0023,2240.3583,2240358.2999
1,2270.4238,2240.7798,2240779.7999
1,2270.5539,2240.9099,2240909.8999
1,2270.5713,2240.9273,2240927.2999
1,2270.5997,2240.9557,2240955.6999
1,2270.6424,2240.9984,2240998.3999
1,2270.7468,2241.1028,2241102.7999
1,2270.7996,2241.1556,2241155.5999
1,2270.8322,2241.1882,2241188.1999
1,2270.8462,2241.2022,2241202.1999
1,2270.8778,2241.2338,2241233.7999
1,2270.9128,2241.2688,2241268.7999
1,2271.1041,2241.4601,2241460.0999
1,2271.1929,2241.5489,2241548.8999
1,2271.3117,2241.6677,2241667.6999
1,2271.3507,2241.7067,2241706.6999
1,2271.4000,2241.7560,2241755.9999
1,2271.4100,2241.7660,2241765.9999
1,2271.4754,2241.8314,2241831.3999
1,2271.6210,2241.9770,2241976.9999
1,2271.7649,2242.1209,2242120.8999
1,2271.7764,2242.1324,2242132.3999
1,2271.7915,2242.1475,2242147.4999
1,2271.8186,2242.1746,2242174.5999
1,2271.8397,2242.1957,2242195.6999
1,2271.8481,2242.2041,2242204.0999
1,2271.9690,2242.3250,2242324.9999
1,2271.9862,2242.3422,2242342.1999
1,2272.0009,2242.3569,2242356.8999
1,2272.0106,2242.3666,2242366.5999
1,2272.0262,2242.3822,2242382.1999
1,2272.0456,2242.4016,2242401.5999
1,2272.2211,2242.5771,2242577.0999
1,2272.2846,2242.6406,2242640.5999
1,2272.3160,2242.6720,2242671.9999
1,2272.4398,2242.7958,2242795.7999
1,2272.4752,2242.8312,2242831.1999
1,2272.5213,2242.8773,2242877.2999
1,2272.5363,2242.8923,2242892.2999
1,2272.6553,2243.0113,2243011.2999
1,2272.6731,2243.0291,2243029.0999
1,2272.6861,2243.0421,2243042.0999
1,2272.8318,2243.1878,2243187.7999
1,2272.8550,2243.2110,2243210.9999
1,2272.8642,2243.2202,2243220.1999
1,2273.0083,2243.3643,2243364.2999
1,2273.1075,2243.4635,2243463.4999
1,2273.2060,2243.5620,2243561.9999
1,2273.6590,2244.0150,2244014.9999
1,2273.8702,2244.2262,2244226.1999
1,2274.0834,2244.4394,2244439.3999
1,2274.1105,2244.4665,2244466.4999
1,2274.1820,2244.5380,2244537.9999
1,2274.2842,2244.6402,2244640.1999
1,2274.3044,2244.6604,2244660.3999
1,2274.3353,2244.6913,2244691.2999
1,2274.3593,2244.7153,2244715.2999
1,2274.3715,2244.7275,2244727.4999
1,2274.3826,2244.7386,2244738.5999
1,2274.3920,2244.7480,2244747.9999
1,2274.6034,2244.9594,2244959.3999
1,2274.7589,2245.1149,2245114.8999
1,2274.7869,2245.1429,2245142.8999
1,2275.0934,2245.4494,2245449.3999
1,2275.2985,2245.6545,2245654.4999
1,2275.4039,2245.7599,2245759.8999
1,2275.4996,2245.8556,2245855.5999
1,2275.6265,2245.9825,2245982.4999
1,2275.7094,2246.0654,2246065.3999
1,2275.7734,2246.1294,2246129.3999
1,2275.8236,2246.1796,2246179.5999
1,2275.8680,2246.2240,2246223.9999
1,2275.9204,2246.2764,2246276.3999
1,2276.0804,2246.4364,2246436.3999
1,2276.2496,2246.6056,2246605.5999
1,2276.2971,2246.6531,2246653.0999
1,2276.5831,2246.9391,2246939.0999
1,2276.7409,2247.0969,2247096.8999
1,2276.7681,2247.1241,2247124.0999
1,2276.8670,2247.2230,2247222.9999
1,2276.9061,2247.2621,2247262.0999
1,2276.9528,2247.3088,2247308.7999
1,2277.0096,2247.3656,2247365.5999
1,2277.1220,2247.4780,2247477.9999
1,2277.1640,2247.5200,2247519.9999
1,2277.1903,2247.5463,2247546.2999
1,2277.4277,2247.7837,2247783.6999
1,2277.7839,2248.1399,2248139.8999
1,2277.8296,2248.1856,2248185.5999
1,2277.8692,2248.2252,2248225.1999
1,2277.8989,2248.2549,2248254.8999
1,2277.9282,2248.2842,2248284.1999
1,2277.9827,2248.3387,2248338.6999
1,2278.0124,2248.3684,2248368.3999
1,2278.0421,2248.3981,2248398.0999
1,2278.0643,2248.4203,2248420.2999
1,2278.2930,2248.6490,2248648.9999
1,2278.3135,2248.6695,2248669.4999
1,2278.3566,2248.7126,2248712.5999
1,2278.4320,2248.7880,2248787.9999
1,2278.5094,2248.8654,2248865.3999
1,2278.5873,2248.9433,2248943.2999
1,2278.7322,2249.0882,2249088.1999
1,2278.7956,2249.1516,2249151.5999
1,2278.8101,2249.1661,2249166.0999
1,2278.8186,2249.1746,2249174.5999
1,2278.8476,2249.2036,2249203.5999
1,2279.0395,2249.3955,2249395.4999
1,2279.0492,2249.4052,2249405.1999
1,2279.0549,2249.4109,2249410.8999
1,2279.0686,2249.4246,2249424.5999
1,2279.0716,2249.4276,2249427.5999
1,2279.0830,2249.4390,2249438.9999
1,2279.2771,2249.6331,2249633.0999
1,2279.3440,2249.7000,2249699.9999
1,2279.3629,2249.7189,2249718.8999
1,2279.3816,2249.7376,2249737.5999
1,2279.3973,2249.7533,2249753.2999
1,2279.4194,2249.7754,2249775.3999
1,2279.4526,2249.8086,2249808.5999
1,2279.4793,2249.8353,2249835.2999
1,2279.6965,2250.0525,2250052.4999
1,2279.7119,2250.0679,2250067.8999
1,2279.7561,2250.1121,2250112.0999
1,2279.8398,2250.1958,2250195.7999
1,2279.8782,2250.2342,2250234.1999
1,2279.8919,2250.2479,2250247.8999
1,2279.9066,2250.2626,2250262.5999
1,2280.0363,2250.3923,2250392.2999
1,2280.0648,2250.4208,2250420.7999
1,2280.1071,2250.4631,2250463.0999
1,2280.1334,2250.4894,2250489.3999
1,2280.1538,2250.5098,2250509.7999
1,2280.1808,2250.5368,2250536.7999
1,2280.1979,2250.5539,2250553.8999
1,2280.2454,2250.6014,2250601.3999
1,2280.2496,2250.6056,2250605.5999
1,2280.2585,2250.6145,2250614.4999
1,2280.2663,2250.6223,2250622.2999
1,2280.2691,2250.6251,2250625.0999
1,2280.2718,2250.6278,2250627.7999
1,2280.4767,2250.8327,2250832.6999
1,2280.6165,2250.9725,2250972.4999
1,2280.6955,2251.0515,2251051.4999
1,2280.7174,2251.0734,2251073.3999
1,2280.7261,2251.0821,2251082.0999
1,2280.7603,2251.1163,2251116.2999
1,2280.7855,2251.1415,2251141.4999
1,2280.7942,2251.1502,2251150.1999
1,2280.8063,2251.1623,2251162.2999
1,2280.8397,2251.1957,2251195.6999
1,2281.0016,2251.3576,2251357.5999
1,2281.0113,2251.3673,2251367.2999
1,2281.0254,2251.3814,2251381.3999
1,2281.0332,2251.3892,2251389.1999
1,2281.0972,2251.4532,2251453.1999
1,2281.1158,2251.4718,2251471.7999
1,2281.1277,2251.4837,2251483.6999
1,2281.1712,2251.5272,2251527.1999
1,2281.1774,2251.5334,2251533.3999
1,2281.4880,2251.8440,2251843.9999
1,2281.4948,2251.8508,2251850.7999
1,2281.5044,2251.8604,2251860.3999
1,2281.5316,2251.8876,2251887.5999
1,2281.5714,2251.9274,2251927.3999
1,2281.6155,2251.9715,2251971.4999
1,2281.6933,2252.0493,2252049.2999
1,2281.7638,2252.1198,2252119.7999
1,2281.7697,2252.1257,2252125.6999
1,2281.7921,2252.1481,2252148.0999
1,2281.8660,2252.2220,2252221.9999
1,2281.8762,2252.2322,2252232.1999
1,2281.8822,2252.2382,2252238.1999
1,2281.8846,2252.2406,2252240.5999
1,2281.9194,2252.2754,2252275.3999
1,2282.3699,2252.7259,2252725.8999
1,2282.6406,2252.9966,2252996.5999
1,2282.9484,2253.3044,2253304.3999
1,2283.3135,2253.6695,2253669.4999
1,2283.3704,2253.7264,2253726.3999
1,2283.3964,2253.7524,2253752.3999
1,2283.5292,2253.8852,2253885.1999
1,2283.6694,2254.0254,2254025.3999
1,2283.7074,2254.0634,2254063.3999
1,2283.7225,2254.0785,2254078.4999
1,2283.7745,2254.1305,2254130.4999
1,2283.9461,2254.3021,2254302.0999
1,2283.9896,2254.3456,2254345.5999
1,2284.2221,2254.5781,2254578.0999
1,2284.3885,2254.7445,2254744.4999
1,2284.5354,2254.8914,2254891.3999
1,2284.5546,2254.9106,2254910.5999
1,2284.5566,2254.9126,2254912.5999
1,2284.5744,2254.9304,2254930.3999
1,2284.5839,2254.9399,2254939.8999
1,2284.5973,2254.9533,2254953.2999
1,2284.6191,2254.9751,2254975.0999
1,2284.6575,2255.0135,2255013.4999
1,2284.7540,2255.1100,2255109.9999
1,2284.7737,2255.1297,2255129.6999
1,2284.9665,2255.3225,2255322.4999
1,2284.9968,2255.3528,2255352.7999
1,2285.3768,2255.7328,2255732.7999
1,2285.4372,2255.7932,2255793.1999
1,2285.5967,2255.9527,2255952.6999
1,2285.6166,2255.9726,2255972.5999
1,2285.9700,2256.3260,2256325.9999
1,2286.0912,2256.4472,2256447.1999
1,2286.1085,2256.4645,2256464.4999
1,2286.1174,2256.4734,2256473.3999
1,2286.1311,2256.4871,2256487.0999
1,2286.1482,2256.5042,2256504.1999
1,2286.2253,2256.5813,2256581.2999
1,2286.2748,2256.6308,2256630.7999
1,2286.3016,2256.6576,2256657.5999
1,2286.3136,2256.6696,2256669.5999
1,2286.3918,2256.7478,2256747.7999
1,2286.5233,2256.8793,2256879.2999
1,2286.6168,2256.9728,2256972.7999
1,2286.6675,2257.0235,2257023.4999
1,2286.7214,2257.0774,2257077.3999
1,2286.9160,2257.2720,2257271.9999
1,2286.9452,2257.3012,2257301.1999
1,2287.0914,2257.4474,2257447.3999
1,2287.3643,2257.7203,2257720.2999
1,2287.4491,2257.8051,2257805.0999
1,2287.6172,2257.9732,2257973.1999
1,2287.7577,2258.1137,2258113.6999
1,2287.9035,2258.2595,2258259.4999
1,2287.9624,2258.3184,2258318.3999
1,2288.0206,2258.3766,2258376.5999
1,2288.1367,2258.4927,2258492.6999
1,2288.2174,2258.5734,2258573.3999
1,2288.2342,2258.5902,2258590.1999
1,2288.2560,2258.6120,2258611.9999
1,2288.2702,2258.6262,2258626.1999
1,2288.4417,2258.7977,2258797.6999
1,2288.4535,2258.8095,2258809.4999
1,2288.8714,2259.2274,2259227.3999
1,2288.9151,2259.2711,2259271.0999
1,2288.9591,2259.3151,2259315.0999
1,2289.1344,2259.4904,2259490.3999
1,2289.2370,2259.5930,2259592.9999
1,2289.4341,2259.7901,2259790.0999
1,2289.4860,2259.8420,2259841.9999
1,2289.5147,2259.8707,2259870.6999
1,2289.7206,2260.0766,2260076.5999
1,2289.7633,2260.1193,2260119.2999
1,2289.7929,2260.1489,2260148.8999
1,2289.8227,2260.1787,2260178.6999
1,2290.1295,2260.4855,2260485.4999
1,2290.2088,2260.5648,2260564.7999
1,2290.3505,2260.7065,2260706.4999
1,2290.4886,2260.8446,2260844.5999
1,2290.5708,2260.9268,2260926.7999
1,2290.7454,2261.1014,2261101.3999
1,2290.9477,2261.3037,2261303.6999
1,2291.0925,2261.4485,2261448.4999
1,2291.1599,2261.5159,2261515.8999
1,2291.3390,2261.6950,2261694.9999
1,2291.3768,2261.7328,2261732.7999
1,2291.5223,2261.8783,2261878.2999
1,2291.5938,2261.9498,2261949.7999
1,2291.6944,2262.0504,2262050.3999
1,2291.7104,2262.0664,2262066.3999
1,2291.7177,2262.0737,2262073.6999
1,2291.7400,2262.0960,2262095.9999
1,2291.7595,2262.1155,2262115.4999
1,2291.7743,2262.1303,2262130.2999
1,2291.8957,2262.2517,2262251.6999
1,2291.9639,2262.3199,2262319.8999
1,2292.1756,2262.5316,2262531.5999
1,2292.2050,2262.5610,2262560.9999
1,2292.2544,2262.6104,2262610.3999
1,2292.3003,2262.6563,2262656.2999
1,2292.3296,2262.6856,2262685.5999
1,2292.6268,2262.9828,2262982.7999
1,2292.6561,2263.0121,2263012.0999
1,2292.6997,2263.0557,2263055.6999
1,2292.7540,2263.1100,2263109.9999
1,2292.9291,2263.2851,2263285.0999
1,2293.1133,2263.4693,2263469.2999
1,2293.1460,2263.5020,2263501.9999
1,2293.1715,2263.5275,2263527.4999
1,2293.8735,2264.2295,2264229.4999
1,2293.9677,2264.3237,2264323.6999
1,2293.9741,2264.3301,2264330.0999
1,2293.9883,2264.3443,2264344.2999
1,2294.0006,2264.3566,2264356.5999
1,2294.1622,2264.5182,2264518.1999
1,2294.1761,2264.5321,2264532.0999
1,2294.1887,2264.5447,2264544.6999
1,2294.4345,2264.7905,2264790.4999
1,2294.4530,2264.8090,2264808.9999
1,2294.5158,2264.8718,2264871.7999
1,2294.6864,2265.0424,2265042.3999
1,2294.9010,2265.2570,2265256.9999
1,2295.0707,2265.4267,2265426.6999
1,2295.0768,2265.4328,2265432.7999
1,2295.0935,2265.4495,2265449.4999
1,2295.2806,2265.6366,2265636.5999
1,2295.3077,2265.6637,2265663.6999
1,2295.4788,2265.8348,2265834.7999
1,2295.8154,2266.1714,2266171.3999
1,2295.8364,2266.1924,2266192.3999
1,2295.8964,2266.2524,2266252.3999
1,2296.2133,2266.5693,2266569.2999
1,2296.3990,2266.7550,2266754.9999
1,2296.5254,2266.8814,2266881.3999
1,2296.5875,2266.9435,2266943.4999
1,2296.7859,2267.1419,2267141.8999
1,2296.8732,2267.2292,2267229.1999
1,2297.2965,2267.6525,2267652.4999
1,2297.3468,2267.7028,2267702.7999
1,2297.3667,2267.7227,2267722.6999
1,2297.4128,2267.7688,2267768.7999
1,2297.4981,2267.8541,2267854.0999
1,2297.5691,2267.9251,2267925.0999
1,2297.6478,2268.0038,2268003.7999
1,2297.8937,2268.2497,2268249.6999
1,2297.9363,2268.2923,2268292.2999
1,2297.9748,2268.3308,2268330.7999
1,2298.0702,2268.4262,2268426.1999
1,2298.1013,2268.4573,2268457.2999
1,2298.3658,2268.7218,2268721.7999
1,2298.4736,2268.8296,2268829.5999
1,2298.7070,2269.0630,2269062.9999
1,2298.7387,2269.0947,2269094.6999
1,2298.7955,2269.1515,2269151.4999
1,2298.8329,2269.1889,2269188.8999
1,2298.9898,2269.3458,2269345.7999
1,2299.0447,2269.4007,2269400.6999
1,2299.0623,2269.4183,2269418.2999
1,2299.0779,2269.4339,2269433.8999
1,2299.0953,2269.4513,2269451.2999
1,2299.1177,2269.4737,2269473.6999
1,2299.2169,2269.5729,2269572.8999
1,2299.2300,2269.5860,2269585.9999
1,2299.2387,2269.5947,2269594.6999
1,2299.4022,2269.7582,2269758.1999
1,2299.4800,2269.8360,2269835.9999
1,2299.4952,2269.8512,2269851.1999
1,2299.5044,2269.8604,2269860.3999
1,2299.6771,2270.0331,2270033.0999
1,2300.5374,2270.8934,2270893.3999
1,2300.5587,2270.9147,2270914.6999
1,2300.6226,2270.9786,2270978.5999
1,2300.7387,2271.0947,2271094.6999
1,2300.7545,2271.1105,2271110.4999
1,2300.7862,2271.1422,2271142.1999
1,2300.7883,2271.1443,2271144.2999
1,2301.0859,2271.4419,2271441.8999
1,2301.1259,2271.4819,2271481.8999
1,2301.1652,2271.5212,2271521.1999
1,2301.2469,2271.6029,2271602.8999
1,2301.2768,2271.6328,2271632.7999
1,2301.3051,2271.6611,2271661.0999
1,2301.4125,2271.7685,2271768.4999
1,2301.4190,2271.7750,2271774.9999
1,2301.4392,2271.7952,2271795.1999
1,2301.4525,2271.8085,2271808.4999
1,2301.4650,2271.8210,2271820.9999
1,2301.4855,2271.8415,2271841.4999
1,2301.6619,2272.0179,2272017.8999
1,2301.6887,2272.0447,2272044.6999
1,2301.9507,2272.3067,2272306.6999
1,2301.9584,2272.3144,2272314.3999
1,2301.9978,2272.3538,2272353.7999
1,2302.2562,2272.6122,2272612.1999
1,2302.3459,2272.7019,2272701.8999
1,2302.4390,2272.7950,2272794.9999
1,2302.5004,2272.8564,2272856.3999
1,2302.6629,2273.0189,2273018.8999
1,2302.7557,2273.1117,2273111.6999
1,2302.8347,2273.1907,2273190.6999
1,2302.9334,2273.2894,2273289.3999
1,2302.9564,2273.3124,2273312.3999
1,2302.9798,2273.3358,2273335.7999
1,2303.0774,2273.4334,2273433.3999
1,2303.1141,2273.4701,2273470.0999
1,2303.1440,2273.5000,2273499.9999
1,2303.1610,2273.5170,2273516.9999
1,2303.2843,2273.6403,2273640.2999
1,2303.3026,2273.6586,2273658.5999
1,2303.5554,2273.9114,2273911.3999
1,2303.6352,2273.9912,2273991.1999
1,2303.6646,2274.0206,2274020.5999
1,2303.6963,2274.0523,2274052.2999
1,2303.9395,2274.2955,2274295.4999
1,2304.1149,2274.4709,2274470.8999
1,2304.2462,2274.6022,2274602.1999
1,2304.3120,2274.6680,2274667.9999
1,2304.3145,2274.6705,2274670.4999
1,2304.3338,2274.6898,2274689.7999
1,2304.3569,2274.7129,2274712.8999
1,2304.5895,2274.9455,2274945.4999
1,2304.6149,2274.9709,2274970.8999
1,2304.8175,2275.1735,2275173.4999
1,2304.9818,2275.3378,2275337.7999
1,2305.0909,2275.4469,2275446.8999
1,2305.1741,2275.5301,2275530.0999
1,2305.2314,2275.5874,2275587.3999
1,2305.3599,2275.7159,2275715.8999
1,2305.3839,2275.7399,2275739.8999
1,2305.3977,2275.7537,2275753.6999
1,2305.4384,2275.7944,2275794.3999
1,2305.4607,2275.8167,2275816.6999
1,2305.5106,2275.8666,2275866.5999
1,2305.5674,2275.9234,2275923.3999
1,2305.6201,2275.9761,2275976.0999
1,2305.7610,2276.1170,2276116.9999
1,2305.7911,2276.1471,2276147.0999
1,2305.8177,2276.1737,2276173.6999
1,2305.8577,2276.2137,2276213.6999
1,2305.8852,2276.2412,2276241.1999
1,2306.0279,2276.3839,2276383.8999
1,2306.0393,2276.3953,2276395.2999
1,2306.0791,2276.4351,2276435.0999
1,2306.1266,2276.4826,2276482.5999
1,2306.2357,2276.5917,2276591.6999
1,2306.2901,2276.6461,2276646.0999
1,2306.4489,2276.8049,2276804.8999
1,2306.6160,2276.9720,2276971.9999
1,2306.6468,2277.0028,2277002.7999
1,2306.8000,2277.1560,2277155.9999
1,2306.9352,2277.2912,2277291.1999
1,2307.0360,2277.3920,2277391.9999
1,2307.0950,2277.4510,2277450.9999
1,2307.1199,2277.4759,2277475.8999
1,2307.3427,2277.6987,2277698.6999
1,2307.7682,2278.1242,2278124.1999
1,2307.9010,2278.2570,2278256.9999
1,2307.9403,2278.2963,2278296.2999
1,2307.9747,2278.3307,2278330.6999
1,2308.1479,2278.5039,2278503.8999
1,2308.2302,2278.5862,2278586.1999
1,2308.3503,2278.7063,2278706.2999
1,2308.4159,2278.7719,2278771.8999
1,2308.4630,2278.8190,2278818.9999
1,2308.4754,2278.8314,2278831.3999
1,2308.5520,2278.9080,2278907.9999
1,2308.6052,2278.9612,2278961.1999
1,2308.6199,2278.9759,2278975.8999
1,2308.6236,2278.9796,2278979.5999
1,2308.6269,2278.9829,2278982.8999
1,2308.6327,2278.9887,2278988.6999
1,2308.6352,2278.9912,2278991.1999
1,2308.6729,2279.0289,2279028.8999
1,2308.8162,2279.1722,2279172.1999
1,2308.8411,2279.1971,2279197.0999
1,2308.8682,2279.2242,2279224.1999
1,2309.0842,2279.4402,2279440.1999
1,2309.2367,2279.5927,2279592.6999
1,2309.4871,2279.8431,2279843.0999
1,2309.5979,2279.9539,2279953.8999
1,2309.6546,2280.0106,2280010.5999
1,2309.7357,2280.0917,2280091.6999
1,2309.7534,2280.1094,2280109.3999
1,2309.7642,2280.1202,2280120.1999
1,2309.9168,2280.2728,2280272.7999
1,2309.9291,2280.2851,2280285.0999
1,2310.0950,2280.4510,2280450.9999
1,2310.1275,2280.4835,2280483.4999
1,2310.1415,2280.4975,2280497.4999
1,2310.1582,2280.5142,2280514.1999
1,2310.1738,2280.5298,2280529.7999
1,2310.4851,2280.8411,2280841.0999
1,2310.5311,2280.8871,2280887.0999
1,2310.6661,2281.0221,2281022.0999
1,2310.7072,2281.0632,2281063.1999
1,2310.7437,2281.0997,2281099.6999
1,2310.7602,2281.1162,2281116.1999
1,2310.8363,2281.1923,2281192.2999
1,2310.8542,2281.2102,2281210.1999
1,2311.0842,2281.4402,2281440.1999
1,2311.1889,2281.5449,2281544.8999
1,2311.2421,2281.5981,2281598.0999
1,2311.2865,2281.6425,2281642.4999
1,2311.3117,2281.6677,2281667.6999
1,2311.3250,2281.6810,2281680.9999
1,2311.5344,2281.8904,2281890.3999
1,2311.5920,2281.9480,2281947.9999
1,2311.6230,2281.9790,2281978.9999
1,2311.6801,2282.0361,2282036.0999
1,2311.7060,2282.0620,2282061.9999
1,2311.7609,2282.1169,2282116.8999
1,2311.9099,2282.2659,2282265.8999
1,2311.9770,2282.3330,2282332.9999
1,2312.0725,2282.4285,2282428.4999
1,2312.1285,2282.4845,2282484.4999
1,2312.2634,2282.6194,2282619.3999
1,2312.2726,2282.6286,2282628.5999
1,2312.2916,2282.6476,2282647.5999
1,2312.4969,2282.8529,2282852.8999
1,2312.5146,2282.8706,2282870.5999
1,2312.5425,2282.8985,2282898.4999
1,2312.5579,2282.9139,2282913.8999
1,2312.6478,2283.0038,2283003.7999
1,2312.6986,2283.0546,2283054.5999
1,2312.7983,2283.1543,2283154.2999
1,2312.8344,2283.1904,2283190.3999
1,2313.1390,2283.4950,2283494.9999
1,2313.2656,2283.6216,2283621.5999
1,2313.3899,2283.7459,2283745.8999
1,2313.5355,2283.8915,2283891.4999
1,2313.5544,2283.9104,2283910.3999
1,2313.6244,2283.9804,2283980.3999
1,2313.6630,2284.0190,2284018.9999
1,2313.9475,2284.3035,2284303.4999
1,2314.0828,2284.4388,2284438.7999
1,2314.0978,2284.4538,2284453.7999
1,2314.1183,2284.4743,2284474.2999
1,2314.2439,2284.5999,2284599.8999
1,2314.2637,2284.6197,2284619.6999
1,2314.2752,2284.6312,2284631.1999
1,2314.5119,2284.8679,2284867.8999
1,2314.5258,2284.8818,2284881.7999
1,2314.5383,2284.8943,2284894.2999
1,2314.5629,2284.9189,2284918.8999
1,2314.6156,2284.9716,2284971.5999
1,2314.7994,2285.1554,2285155.3999
1,2315.0939,2285.4499,2285449.8999
1,2315.1229,2285.4789,2285478.8999
1,2315.1496,2285.5056,2285505.5999
1,2315.4050,2285.7610,2285760.9999
1,2315.4862,2285.8422,2285842.1999
1,2315.5582,2285.9142,2285914.1999
1,2315.6510,2286.0070,2286006.9999
1,2315.7228,2286.0788,2286078.7999
1,2315.8817,2286.2377,2286237.6999
1,2315.8898,2286.2458,2286245.7999
1,2316.0143,2286.3703,2286370.2999
1,2316.0355,2286.3915,2286391.4999
1,2316.0545,2286.4105,2286410.4999
1,2316.0944,2286.4504,2286450.3999
1,2316.2512,2286.6072,2286607.1999
1,2316.3510,2286.7070,2286706.9999
1,2316.5862,2286.9422,2286942.1999
1,2316.8304,2287.1864,2287186.3999
1,2316.9211,2287.2771,2287277.0999
1,2317.0229,2287.3789,2287378.8999
1,2317.0510,2287.4070,2287406.9999
1,2317.2816,2287.6376,2287637.5999
1,2317.7344,2288.0904,2288090.3999
1,2317.7957,2288.1517,2288151.6999
1,2317.9777,2288.3337,2288333.6999
1,2318.0817,2288.4377,2288437.6999
1,2318.1006,2288.4566,2288456.5999
1,2318.1125,2288.4685,2288468.4999
1,2318.3354,2288.6914,2288691.3999
1,2318.3497,2288.7057,2288705.6999
1,2318.3530,2288.7090,2288708.9999
1,2318.4112,2288.7672,2288767.1999
1,2318.5838,2288.9398,2288939.7999
1,2318.6367,2288.9927,2288992.6999
1,2318.6958,2289.0518,2289051.7999
1,2318.7290,2289.0850,2289084.9999
1,2318.7429,2289.0989,2289098.8999
1,2318.8443,2289.2003,2289200.2999
1,2318.9181,2289.2741,2289274.0999
1,2318.9345,2289.2905,2289290.4999
1,2319.0508,2289.4068,2289406.7999
1,2319.0582,2289.4142,2289414.1999
1,2319.0641,2289.4201,2289420.0999
1,2319.0838,2289.4398,2289439.7999
1,2319.3326,2289.6886,2289688.5999
1,2319.3808,2289.7368,2289736.7999
1,2319.4249,2289.7809,2289780.8999
1,2319.4785,2289.8345,2289834.4999
1,2319.5505,2289.9065,2289906.4999
1,2319.5692,2289.9252,2289925.1999
1,2319.5753,2289.9313,2289931.2999
1,2319.6034,2289.9594,2289959.3999
1,2319.6331,2289.9891,2289989.0999
1,2319.7710,2290.1270,2290126.9999
1,2319.7824,2290.1384,2290138.3999
1,2319.8121,2290.1681,2290168.0999
1,2320.0281,2290.3841,2290384.0999
1,2320.0958,2290.4518,2290451.7999
1,2320.2681,2290.6241,2290624.0999
1,2320.3378,2290.6938,2290693.7999
1,2320.3783,2290.7343,2290734.2999
1,2320.5916,2290.9476,2290947.5999
1,2320.7867,2291.1427,2291142.6999
1,2320.8304,2291.1864,2291186.3999
1,2320.8875,2291.2435,2291243.4999
1,2320.9081,2291.2641,2291264.0999
1,2320.9372,2291.2932,2291293.1999
1,2320.9572,2291.3132,2291313.1999
1,2320.9864,2291.3424,2291342.3999
1,2321.1453,2291.5013,2291501.2999
1,2321.2255,2291.5815,2291581.4999
1,2321.2690,2291.6250,2291624.9999
1,2321.3011,2291.6571,2291657.0999
1,2321.4008,2291.7568,2291756.7999
1,2321.4956,2291.8516,2291851.5999
1,2321.5427,2291.8987,2291898.6999
1,2321.5535,2291.9095,2291909.4999
1,2321.5741,2291.9301,2291930.0999
1,2321.7642,2292.1202,2292120.1999
1,2321.8004,2292.1564,2292156.3999
1,2321.8199,2292.1759,2292175.8999
1,2322.0310,2292.3870,2292386.9999
1,2322.2823,2292.6383,2292638.2999
1,2322.3839,2292.7399,2292739.8999
1,2322.4181,2292.7741,2292774.0999
1,2322.4378,2292.7938,2292793.7999
1,2322.4894,2292.8454,2292845.3999
1,2322.5800,2292.9360,2292935.9999
1,2322.6013,2292.9573,2292957.2999
1,2322.6094,2292.9654,2292965.3999
1,2322.6133,2292.9693,2292969.2999
1,2322.6362,2292.9922,2292992.1999
1,2322.9882,2293.3442,2293344.1999
1,2322.9941,2293.3501,2293350.0999
1,2323.0661,2293.4221,2293422.0999
1,2323.0797,2293.4357,2293435.6999
1,2323.1181,2293.4741,2293474.0999
1,2323.2676,2293.6236,2293623.5999
1,2323.4341,2293.7901,2293790.0999
1,2323.4610,2293.8170,2293816.9999
1,2323.5265,2293.8825,2293882.4999
1,2323.5918,2293.9478,2293947.7999
1,2323.7552,2294.1112,2294111.1999
1,2323.7875,2294.1435,2294143.4999
1,2323.8135,2294.1695,2294169.4999
1,2323.8270,2294.1830,2294182.9999
1,2323.8383,2294.1943,2294194.2999
1,2324.0969,2294.4529,2294452.8999
1,2324.2445,2294.6005,2294600.4999
1,2324.2799,2294.6359,2294635.8999
1,2324.3225,2294.6785,2294678.4999
1,2324.5390,2294.8950,2294894.9999
1,2324.6192,2294.9752,2294975.1999
1,2324.6303,2294.9863,2294986.2999
1,2324.6394,2294.9954,2294995.3999
1,2324.6552,2295.0112,2295011.1999
1,2324.6787,2295.0347,2295034.6999
1,2324.7989,2295.1549,2295154.8999
1,2324.8087,2295.1647,2295164.6999
1,2324.8173,2295.1733,2295173.2999
1,2324.8343,2295.1903,2295190.2999
1,2324.8563,2295.2123,2295212.2999
1,2325.1759,2295.5319,2295531.8999
1,2325.2872,2295.6432,2295643.1999
1,2325.3684,2295.7244,2295724.3999
1,2325.3926,2295.7486,2295748.5999
1,2325.5424,2295.8984,2295898.3999
1,2325.5628,2295.9188,2295918.7999
1,2325.6154,2295.9714,2295971.3999
1,2325.6757,2296.0317,2296031.6999
1,2325.6858,2296.0418,2296041.7999
1,2325.7028,2296.0588,2296058.7999
1,2325.9220,2296.2780,2296277.9999
1,2325.9303,2296.2863,2296286.2999
1,2325.9509,2296.3069,2296306.8999
1,2325.9543,2296.3103,2296310.2999
1,2325.9639,2296.3199,2296319.8999
1,2325.9999,2296.3559,2296355.8999
1,2326.2934,2296.6494,2296649.3999
1,2326.3433,2296.6993,2296699.2999
1,2326.6896,2297.0456,2297045.5999
1,2326.8438,2297.1998,2297199.7999
1,2326.8783,2297.2343,2297234.2999
1,2326.9242,2297.2802,2297280.1999
1,2327.1017,2297.4577,2297457.6999
1,2327.1249,2297.4809,2297480.8999
1,2327.1531,2297.5091,2297509.0999
1,2327.2111,2297.5671,2297567.0999
1,2327.2432,2297.5992,2297599.1999
1,2327.2769,2297.6329,2297632.8999
1,2327.2863,2297.6423,2297642.2999
1,2327.4964,2297.8524,2297852.3999
1,2327.5080,2297.8640,2297863.9999
1,2327.5247,2297.8807,2297880.6999
1,2327.5503,2297.9063,2297906.2999
1,2327.6712,2298.0272,2298027.1999
1,2327.9126,2298.2686,2298268.5999
1,2327.9231,2298.2791,2298279.0999
1,2327.9411,2298.2971,2298297.0999
1,2327.9692,2298.3252,2298325.1999
1,2328.0273,2298.3833,2298383.2999
1,2328.0933,2298.4493,2298449.2999
1,2328.3253,2298.6813,2298681.2999
1,2328.3453,2298.7013,2298701.2999
1,2328.6027,2298.9587,2298958.6999
1,2328.7369,2299.0929,2299092.8999
1,2328.7739,2299.1299,2299129.8999
1,2328.7955,2299.1515,2299151.4999
1,2328.8377,2299.1937,2299193.6999
1,2328.9571,2299.3131,2299313.0999
1,2328.9996,2299.3556,2299355.5999
1,2329.0299,2299.3859,2299385.8999
1,2329.0515,2299.4075,2299407.4999
1,2329.0607,2299.4167,2299416.6999
1,2329.0779,2299.4339,2299433.8999
1,2329.1081,2299.4641,2299464.0999
1,2329.4568,2299.8128,2299812.7999
1,2329.6517,2300.0077,2300007.6999
1,2329.6778,2300.0338,2300033.7999
1,2329.7696,2300.1256,2300125.5999
1,2329.9228,2300.2788,2300278.7999
1,2330.0890,2300.4450,2300444.9999
1,2330.1648,2300.5208,2300520.7999
1,2330.1710,2300.5270,2300526.9999
1,2330.2298,2300.5858,2300585.7999
1,2330.2420,2300.5980,2300597.9999
1,2330.2935,2300.6495,2300649.4999
1,2330.3072,2300.6632,2300663.1999
1,2330.3211,2300.6771,2300677.0999
1,2330.3586,2300.7146,2300714.5999
1,2330.5653,2300.9213,2300921.2999
1,2330.6585,2301.0145,2301014.4999
1,2331.0095,2301.3655,2301365.4999
1,2331.0564,2301.4124,2301412.3999
1,2331.1084,2301.4644,2301464.3999
1,2331.2563,2301.6123,2301612.2999
1,2331.3008,2301.6568,2301656.7999
1,2331.3250,2301.6810,2301680.9999
1,2331.3982,2301.7542,2301754.1999
1,2331.4427,2301.7987,2301798.6999
1,2331.5019,2301.8579,2301857.8999
1,2331.5508,2301.9068,2301906.7999
1,2331.8123,2302.1683,2302168.2999
1,2331.8871,2302.2431,2302243.0999
1,2331.9084,2302.2644,2302264.3999
1,2331.9383,2302.2943,2302294.2999
1,2331.9665,2302.3225,2302322.4999
1,2332.0529,2302.4089,2302408.8999
1,2332.1013,2302.4573,2302457.2999
1,2332.3853,2302.7413,2302741.2999
1,2332.4796,2302.8356,2302835.5999
1,2332.5096,2302.8656,2302865.5999
1,2332.5995,2302.9555,2302955.4999
1,2332.8531,2303.2091,2303209.0999
1,2332.9397,2303.2957,2303295.6999
1,2333.1469,2303.5029,2303502.8999
1,2333.4638,2303.8198,2303819.7999
1,2333.4983,2303.8543,2303854.2999
1,2333.5240,2303.8800,2303879.9999
1,2333.5351,2303.8911,2303891.0999
1,2333.5607,2303.9167,2303916.6999
1,2333.7536,2304.1096,2304109.5999
1,2333.7930,2304.1490,2304148.9999
1,2333.9306,2304.2866,2304286.5999
1,2333.9515,2304.3075,2304307.4999
1,2334.0699,2304.4259,2304425.8999
1,2334.2382,2304.5942,2304594.1999
1,2334.2802,2304.6362,2304636.1999
1,2334.3369,2304.6929,2304692.8999
1,2334.3786,2304.7346,2304734.5999
1,2334.5963,2304.9523,2304952.2999
1,2334.6425,2304.9985,2304998.4999
1,2334.7122,2305.0682,2305068.1999
1,2334.8127,2305.1687,2305168.6999
1,2334.8540,2305.2100,2305209.9999
1,2334.8839,2305.2399,2305239.8999
1,2334.9104,2305.2664,2305266.3999
1,2334.9249,2305.2809,2305280.8999
1,2334.9583,2305.3143,2305314.2999
1,2335.1772,2305.5332,2305533.1999
1,2335.1975,2305.5535,2305553.4999
1,2335.2347,2305.5907,2305590.6999
1,2335.2624,2305.6184,2305618.3999
1,2335.5627,2305.9187,2305918.6999
1,2335.6948,2306.0508,2306050.7999
1,2335.8068,2306.1628,2306162.7999
1,2335.8961,2306.2521,2306252.0999
1,2336.0240,2306.3800,2306379.9999
1,2336.1529,2306.5089,2306508.8999
1,2336.3546,2306.7106,2306710.5999
1,2336.4046,2306.7606,2306760.5999
1,2336.6803,2307.0363,2307036.2999
1,2336.6969,2307.0529,2307052.8999
1,2336.7142,2307.0702,2307070.1999
1,2336.7530,2307.1090,2307108.9999
1,2336.7861,2307.1421,2307142.0999
1,2336.8358,2307.1918,2307191.7999
1,2336.8515,2307.2075,2307207.4999
1,2336.9703,2307.3263,2307326.2999
1,2336.9852,2307.3412,2307341.1999
1,2337.0015,2307.3575,2307357.4999
1,2337.0387,2307.3947,2307394.6999
1,2337.0748,2307.4308,2307430.7999
1,2337.1467,2307.5027,2307502.6999
1,2337.4421,2307.7981,2307798.0999
1,2337.5300,2307.8860,2307885.9999
1,2337.6005,2307.9565,2307956.4999
1,2337.6454,2308.0014,2308001.3999
1,2337.7155,2308.0715,2308071.4999
1,2337.9698,2308.3258,2308325.7999
1,2338.0791,2308.4351,2308435.0999
1,2338.2713,2308.6273,2308627.2999
1,2338.4461,2308.8021,2308802.0999
1,2338.4704,2308.8264,2308826.3999
1,2338.4921,2308.8481,2308848.0999
1,2338.5074,2308.8634,2308863.3999
1,2338.5224,2308.8784,2308878.3999
1,2338.6983,2309.0543,2309054.2999
1,2338.7484,2309.1044,2309104.3999
1,2338.8820,2309.2380,2309237.9999
1,2338.9169,2309.2729,2309272.8999
1,2338.9284,2309.2844,2309284.3999
1,2338.9926,2309.3486,2309348.5999
1,2339.0241,2309.3801,2309380.0999
1,2339.1928,2309.5488,2309548.7999
1,2339.3664,2309.7224,2309722.3999
1,2339.3793,2309.7353,2309735.2999
1,2339.3885,2309.7445,2309744.4999
1,2339.4123,2309.7683,2309768.2999
1,2339.5873,2309.9433,2309943.2999
1,2339.6085,2309.9645,2309964.4999
1,2339.6260,2309.9820,2309981.9999
1,2339.8443,2310.2003,2310200.2999
1,2339.9533,2310.3093,2310309.2999
1,2339.9827,2310.3387,2310338.6999
1,2340.2978,2310.6538,2310653.7999
1,2340.4572,2310.8132,2310813.1999
1,2340.5047,2310.8607,2310860.6999
1,2340.5698,2310.9258,2310925.7999
1,2340.5833,2310.9393,2310939.2999
1,2340.6644,2311.0204,2311020.3999
1,2340.7107,2311.0667,2311066.6999
1,2340.9714,2311.3274,2311327.3999
1,2341.0492,2311.4052,2311405.1999
1,2341.2822,2311.6382,2311638.1999
1,2341.4347,2311.7907,2311790.6999
1,2341.5116,2311.8676,2311867.5999
1,2341.6303,2311.9863,2311986.2999
1,2341.6519,2312.0079,2312007.8999
1,2341.6978,2312.0538,2312053.7999
1,2341.7278,2312.0838,2312083.7999
1,2341.7735,2312.1295,2312129.4999
1,2341.9130,2312.2690,2312268.9999
1,2341.9853,2312.3413,2312341.2999
1,2342.1003,2312.4563,2312456.2999
1,2342.1494,2312.5054,2312505.3999
1,2342.1703,2312.5263,2312526.2999
1,2342.2298,2312.5858,2312585.7999
1,2342.3114,2312.6674,2312667.3999
1,2342.3473,2312.7033,2312703.2999
1,2342.3621,2312.7181,2312718.0999
1,2342.4057,2312.7617,2312761.6999
1,2342.6467,2313.0027,2313002.6999
1,2342.7452,2313.1012,2313101.1999
1,2342.7907,2313.1467,2313146.6999
1,2342.8132,2313.1692,2313169.1999
1,2342.8964,2313.2524,2313252.3999
1,2343.2226,2313.5786,2313578.5999
1,2343.3929,2313.7489,2313748.8999
1,2343.4371,2313.7931,2313793.0999
1,2343.4619,2313.8179,2313817.8999
1,2343.4882,2313.8442,2313844.1999
1,2343.7641,2314.1201,2314120.0999
1,2343.8083,2314.1643,2314164.2999
1,2343.8674,2314.2234,2314223.3999
1,2343.9738,2314.3298,2314329.7999
1,2344.0870,2314.4430,2314442.9999
1,2344.1630,2314.5190,2314518.9999
1,2344.4809,2314.8369,2314836.8999
1,2344.5885,2314.9445,2314944.4999
1,2344.7310,2315.0870,2315086.9999
1,2344.9167,2315.2727,2315272.6999
1,2344.9914,2315.3474,2315347.3999
1,2345.0055,2315.3615,2315361.4999
1,2345.0103,2315.3663,2315366.2999
1,2345.0198,2315.3758,2315375.7999
1,2345.0341,2315.3901,2315390.0999
1,2345.0686,2315.4246,2315424.5999
1,2345.0875,2315.4435,2315443.4999
1,2345.2948,2315.6508,2315650.7999
1,2345.4319,2315.7879,2315787.8999
1,2345.4790,2315.8350,2315834.9999
1,2345.6549,2316.0109,2316010.8999
1,2345.7372,2316.0932,2316093.1999
1,2345.9029,2316.2589,2316258.8999
1,2345.9226,2316.2786,2316278.5999
1,2345.9317,2316.2877,2316287.6999
1,2345.9430,2316.2990,2316298.9999
1,2345.9581,2316.3141,2316314.0999
1,2346.1679,2316.5239,2316523.8999
1,2346.1829,2316.5389,2316538.8999
1,2346.4625,2316.8185,2316818.4999
1,2346.5742,2316.9302,2316930.1999
1,2346.6919,2317.0479,2317047.8999
1,2346.7408,2317.0968,2317096.7999
1,2346.7611,2317.1171,2317117.0999
1,2346.8664,2317.2224,2317222.3999
1,2347.4116,2317.7676,2317767.5999
1,2347.7374,2318.0934,2318093.3999
1,2347.9136,2318.2696,2318269.5999
1,2348.1098,2318.4658,2318465.7999
1,2348.1718,2318.5278,2318527.7999
1,2348.3149,2318.6709,2318670.8999
1,2348.4611,2318.8171,2318817.0999
1,2348.5892,2318.9452,2318945.1999
1,2348.7418,2319.0978,2319097.7999
1,2348.9142,2319.2702,2319270.1999
1,2349.0079,2319.3639,2319363.8999
1,2349.2005,2319.5565,2319556.4999
1,2349.2552,2319.6112,2319611.1999
1,2349.2815,2319.6375,2319637.4999
1,2349.2940,2319.6500,2319649.9999
1,2349.3136,2319.6696,2319669.5999
1,2349.5048,2319.8608,2319860.7999
1,2349.5314,2319.8874,2319887.3999
1,2349.6843,2320.0403,2320040.2999
1,2349.7021,2320.0581,2320058.0999
1,2349.7305,2320.0865,2320086.4999
1,2349.7858,2320.1418,2320141.7999
1,2349.9493,2320.3053,2320305.2999
1,2349.9919,2320.3479,2320347.8999
1,2350.0413,2320.3973,2320397.2999
1,2350.1325,2320.4885,2320488.4999
1,2350.2121,2320.5681,2320568.0999
1,2350.2786,2320.6346,2320634.5999
1,2350.3024,2320.6584,2320658.3999
1,2350.3924,2320.7484,2320748.3999
1,2350.4752,2320.8312,2320831.1999
1,2350.5553,2320.9113,2320911.2999
1,2350.6070,2320.9630,2320962.9999
1,2350.7290,2321.0850,2321084.9999
1,2350.7361,2321.0921,2321092.0999
1,2350.7756,2321.1316,2321131.5999
1,2351.0546,2321.4106,2321410.5999
1,2351.2312,2321.5872,2321587.1999
1,2351.3112,2321.6672,2321667.1999
1,2351.3492,2321.7052,2321705.1999
1,2351.6111,2321.9671,2321967.0999
1,2351.8159,2322.1719,2322171.8999
1,2351.8583,2322.2143,2322214.2999
1,2352.0636,2322.4196,2322419.5999
1,2352.1444,2322.5004,2322500.3999
1,2352.1740,2322.5300,2322529.9999
1,2352.1834,2322.5394,2322539.3999
1,2352.3529,2322.7089,2322708.8999
1,2352.4213,2322.7773,2322777.2999
1,2352.4591,2322.8151,2322815.0999
1,2352.5872,2322.9432,2322943.1999
1,2352.6559,2323.0119,2323011.8999
1,2352.7992,2323.1552,2323155.1999
1,2352.9096,2323.2656,2323265.5999
1,2353.0698,2323.4258,2323425.7999
1,2353.1100,2323.4660,2323465.9999
1,2353.1456,2323.5016,2323501.5999
1,2353.4757,2323.8317,2323831.6999
1,2353.4948,2323.8508,2323850.7999
1,2353.5442,2323.9002,2323900.1999
1,2353.8015,2324.1575,2324157.4999
1,2353.9461,2324.3021,2324302.0999
1,2353.9736,2324.3296,2324329.5999
1,2354.0050,2324.3610,2324360.9999
1,2354.1192,2324.4752,2324475.1999
1,2354.1335,2324.4895,2324489.4999
1,2354.1641,2324.5201,2324520.0999
1,2354.1907,2324.5467,2324546.6999
1,2354.2860,2324.6420,2324641.9999
1,2354.4902,2324.8462,2324846.1999
1,2354.7066,2325.0626,2325062.5999
1,2354.8044,2325.1604,2325160.3999
1,2354.9974,2325.3534,2325353.3999
1,2355.0823,2325.4383,2325438.2999
1,2355.2068,2325.5628,2325562.7999
1,2355.2560,2325.6120,2325611.9999
1,2355.2675,2325.6235,2325623.4999
1,2355.2756,2325.6316,2325631.5999
1,2355.2916,2325.6476,2325647.5999
1,2355.5241,2325.8801,2325880.0999
1,2355.7244,2326.0804,2326080.3999
1,2355.7999,2326.1559,2326155.8999
1,2355.8614,2326.2174,2326217.3999
1,2355.9991,2326.3551,2326355.0999
1,2356.0967,2326.4527,2326452.6999
1,2356.2587,2326.6147,2326614.6999
1,2356.3016,2326.6576,2326657.5999
1,2356.3887,2326.7447,2326744.6999
1,2356.4361,2326.7921,2326792.0999
1,2356.5124,2326.8684,2326868.3999
1,2356.5837,2326.9397,2326939.6999
1,2356.6492,2327.0052,2327005.1999
1,2356.7138,2327.0698,2327069.7999
1,2356.7407,2327.0967,2327096.6999
1,2356.7506,2327.1066,2327106.5999
1,2356.7937,2327.1497,2327149.6999
1,2356.8104,2327.1664,2327166.3999
1,2356.8268,2327.1828,2327182.7999
1,2356.8706,2327.2266,2327226.5999
1,2356.9002,2327.2562,2327256.1999
1,2356.9513,2327.3073,2327307.2999
1,2357.1258,2327.4818,2327481.7999
1,2357.1379,2327.4939,2327493.8999
1,2357.2983,2327.6543,2327654.2999
1,2357.5318,2327.8878,2327887.7999
1,2357.5972,2327.9532,2327953.1999
1,2357.6543,2328.0103,2328010.2999
1,2357.7795,2328.1355,2328135.4999
1,2357.8658,2328.2218,2328221.7999
1,2358.0004,2328.3564,2328356.3999
1,2358.2031,2328.5591,2328559.0999
1,2358.3639,2328.7199,2328719.8999
1,2358.3729,2328.7289,2328728.8999
1,2358.5045,2328.8605,2328860.4999
1,2358.5603,2328.9163,2328916.2999
1,2358.7905,2329.1465,2329146.4999
1,2358.9169,2329.2729,2329272.8999
1,2358.9472,2329.3032,2329303.1999
1,2359.0122,2329.3682,2329368.1999
1,2359.0526,2329.4086,2329408.5999
1,2359.0783,2329.4343,2329434.2999
1,2359.2738,2329.6298,2329629.7999
1,2359.2926,2329.6486,2329648.5999
1,2359.3131,2329.6691,2329669.0999
1,2359.3253,2329.6813,2329681.2999
1,2359.3575,2329.7135,2329713.4999
1,2359.5400,2329.8960,2329895.9999
1,2359.6070,2329.9630,2329962.9999
1,2359.6696,2330.0256,2330025.5999
1,2359.7279,2330.0839,2330083.8999
1,2359.9410,2330.2970,2330296.9999
1,2359.9646,2330.3206,2330320.5999
1,2360.0032,2330.3592,2330359.1999
1,2360.1618,2330.5178,2330517.7999
1,2360.1964,2330.5524,2330552.3999
1,2360.2363,2330.5923,2330592.2999
1,2360.3832,2330.7392,2330739.1999
1,2360.6931,2331.0491,2331049.0999
1,2360.7146,2331.0706,2331070.5999
1,2360.7609,2331.1169,2331116.8999
1,2360.8405,2331.1965,2331196.4999
1,2360.8547,2331.2107,2331210.6999
1,2361.0925,2331.4485,2331448.4999
1,2361.1317,2331.4877,2331487.6999
1,2361.1423,2331.4983,2331498.2999
1,2361.1624,2331.5184,2331518.3999
1,2361.1819,2331.5379,2331537.8999
1,2361.1962,2331.5522,2331552.1999
1,2361.6068,2331.9628,2331962.7999
1,2361.6884,2332.0444,2332044.3999
1,2361.7461,2332.1021,2332102.0999
1,2361.9481,2332.3041,2332304.0999
1,2362.0031,2332.3591,2332359.0999
1,2362.0416,2332.3976,2332397.5999
1,2362.0944,2332.4504,2332450.3999
1,2362.3788,2332.7348,2332734.7999
1,2362.4011,2332.7571,2332757.0999
1,2362.5219,2332.8779,2332877.8999
1,2362.7724,2333.1284,2333128.3999
1,2362.8307,2333.1867,2333186.6999
1,2362.8917,2333.2477,2333247.6999
1,2363.1537,2333.5097,2333509.6999
1,2363.1980,2333.5540,2333553.9999
1,2363.2247,2333.5807,2333580.6999
1,2363.2767,2333.6327,2333632.6999
1,2363.4521,2333.8081,2333808.0999
1,2363.4836,2333.8396,2333839.5999
1,2363.6620,2334.0180,2334017.9999
1,2363.7341,2334.0901,2334090.0999
1,2363.8392,2334.1952,2334195.1999
1,2363.9474,2334.3034,2334303.3999
1,2363.9686,2334.3246,2334324.5999
1,2363.9935,2334.3495,2334349.4999
1,2364.0467,2334.4027,2334402.6999
1,2364.0724,2334.4284,2334428.3999
1,2364.1352,2334.4912,2334491.1999
1,2364.1566,2334.5126,2334512.5999
1,2364.4108,2334.7668,2334766.7999
1,2364.5819,2334.9379,2334937.8999
1,2364.7582,2335.1142,2335114.1999
1,2364.9335,2335.2895,2335289.4999
1,2364.9707,2335.3267,2335326.6999
1,2365.0878,2335.4438,2335443.7999
1,2365.1225,2335.4785,2335478.4999
1,2365.1783,2335.5343,2335534.2999
1,2365.3176,2335.6736,2335673.5999
1,2365.5334,2335.8894,2335889.3999
1,2365.7313,2336.0873,2336087.2999
1,2365.8919,2336.2479,2336247.8999
1,2366.1247,2336.4807,2336480.6999
1,2366.1513,2336.5073,2336507.2999
1,2366.2068,2336.5628,2336562.7999
1,2366.2240,2336.5800,2336579.9999
1,2366.2489,2336.6049,2336604.8999
1,2366.2631,2336.6191,2336619.0999
1,2366.4305,2336.7865,2336786.4999
1,2366.4681,2336.8241,2336824.0999
1,2366.5873,2336.9433,2336943.2999
1,2367.1000,2337.4560,2337455.9999
1,2367.1453,2337.5013,2337501.2999
1,2367.1622,2337.5182,2337518.1999
1,2367.2246,2337.5806,2337580.5999
1,2367.2970,2337.6530,2337652.9999
1,2367.3177,2337.6737,2337673.6999
1,2367.5706,2337.9266,2337926.5999
1,2367.6591,2338.0151,2338015.0999
1,2367.7260,2338.0820,2338081.9999
1,2367.7511,2338.1071,2338107.0999
1,2367.8023,2338.1583,2338158.2999
1,2367.9155,2338.2715,2338271.4999
1,2367.9610,2338.3170,2338316.9999
1,2367.9910,2338.3470,2338346.9999
1,2368.1047,2338.4607,2338460.6999
1,2368.1233,2338.4793,2338479.2999
1,2368.1305,2338.4865,2338486.4999
1,2368.2169,2338.5729,2338572.8999
1,2368.3253,2338.6813,2338681.2999
1,2368.3536,2338.7096,2338709.5999
1,2368.6965,2339.0525,2339052.4999
1,2368.8161,2339.1721,2339172.0999
1,2368.8381,2339.1941,2339194.0999
1,2368.8773,2339.2333,2339233.2999
1,2368.8926,2339.2486,2339248.5999
1,2368.9168,2339.2728,2339272.7999
1,2368.9740,2339.3300,2339329.9999
1,2368.9884,2339.3444,2339344.3999
1,2368.9918,2339.3478,2339347.7999
1,2369.2101,2339.5661,2339566.0999
1,2369.3904,2339.7464,2339746.3999
1,2369.5598,2339.9158,2339915.7999
1,2369.5975,2339.9535,2339953.4999
1,2369.7476,2340.1036,2340103.5999
1,2369.8147,2340.1707,2340170.6999
1,2369.9798,2340.3358,2340335.7999
1,2370.0391,2340.3951,2340395.0999
1,2370.1566,2340.5126,2340512.5999
1,2370.1871,2340.5431,2340543.0999
1,2370.2249,2340.5809,2340580.8999
1,2370.4924,2340.8484,2340848.3999
1,2370.5370,2340.8930,2340892.9999
1,2370.6194,2340.9754,2340975.3999
1,2370.6502,2341.0062,2341006.1999
1,2370.9257,2341.2817,2341281.6999
1,2371.1026,2341.4586,2341458.5999
1,2371.1175,2341.4735,2341473.4999
1,2371.2767,2341.6327,2341632.6999
1,2371.3439,2341.6999,2341699.8999
1,2371.4177,2341.7737,2341773.6999
1,2371.6967,2342.0527,2342052.6999
1,2371.7944,2342.1504,2342150.3999
1,2371.8406,2342.1966,2342196.5999
1,2371.9418,2342.2978,2342297.7999
1,2371.9485,2342.3045,2342304.4999
1,2372.1215,2342.4775,2342477.4999
1,2372.2999,2342.6559,2342655.8999
1,2372.4452,2342.8012,2342801.1999
1,2372.5622,2342.9182,2342918.1999
1,2372.7342,2343.0902,2343090.1999
1,2372.8100,2343.1660,2343165.9999
1,2372.9135,2343.2695,2343269.4999
1,2373.1920,2343.5480,2343547.9999
1,2373.2155,2343.5715,2343571.4999
1,2373.2628,2343.6188,2343618.7999
1,2373.3915,2343.7475,2343747.4999
1,2373.4999,2343.8559,2343855.8999
1,2373.7598,2344.1158,2344115.7999
1,2373.8201,2344.1761,2344176.0999
1,2373.9528,2344.3088,2344308.7999
1,2374.0584,2344.4144,2344414.3999
1,2374.2231,2344.5791,2344579.0999
1,2374.2759,2344.6319,2344631.8999
1,2374.5552,2344.9112,2344911.1999
1,2374.5699,2344.9259,2344925.8999
1,2374.7961,2345.1521,2345152.0999
1,2374.8374,2345.1934,2345193.3999
1,2374.9929,2345.3489,2345348.8999
1,2375.1388,2345.4948,2345494.7999
1,2375.1790,2345.5350,2345534.9999
1,2375.3462,2345.7022,2345702.1999
1,2375.4525,2345.8085,2345808.4999
1,2375.5331,2345.8891,2345889.0999
1,2375.5667,2345.9227,2345922.6999
1,2375.7938,2346.1498,2346149.7999
1,2375.8061,2346.1621,2346162.0999
1,2375.8295,2346.1855,2346185.4999
1,2376.0677,2346.4237,2346423.6999
1,2376.0902,2346.4462,2346446.1999
1,2376.2171,2346.5731,2346573.0999
1,2376.2376,2346.5936,2346593.5999
1,2376.3277,2346.6837,2346683.6999
1,2376.4439,2346.7999,2346799.8999
1,2376.5027,2346.8587,2346858.6999
1,2376.5252,2346.8812,2346881.1999
1,2376.5660,2346.9220,2346921.9999
1,2376.6985,2347.0545,2347054.4999
1,2376.8981,2347.2541,2347254.0999
1,2376.9286,2347.2846,2347284.5999
1,2376.9648,2347.3208,2347320.7999
1,2377.1252,2347.4812,2347481.1999
1,2377.1545,2347.5105,2347510.4999
1,2377.1704,2347.5264,2347526.3999
1,2377.3677,2347.7237,2347723.6999
1,2377.6035,2347.9595,2347959.4999
1,2377.7449,2348.1009,2348100.8999
1,2378.0643,2348.4203,2348420.2999
1,2378.2339,2348.5899,2348589.8999
1,2378.2582,2348.6142,2348614.1999
1,2378.4961,2348.8521,2348852.0999
1,2378.6528,2349.0088,2349008.7999
1,2378.7180,2349.0740,2349073.9999
1,2378.7282,2349.0842,2349084.1999
1,2378.8136,2349.1696,2349169.5999
1,2379.0994,2349.4554,2349455.3999
1,2379.2824,2349.6384,2349638.3999
1,2379.3181,2349.6741,2349674.0999
1,2379.3431,2349.6991,2349699.0999
1,2379.4438,2349.7998,2349799.7999
1,2379.5025,2349.8585,2349858.4999
1,2379.5097,2349.8657,2349865.6999
1,2379.6025,2349.9585,2349958.4999
1,2379.6243,2349.9803,2349980.2999
1,2379.8043,2350.1603,2350160.2999
1,2379.8226,2350.1786,2350178.5999
1,2379.8545,2350.2105,2350210.4999
1,2379.9824,2350.3384,2350338.3999
1,2380.0525,2350.4085,2350408.4999
1,2380.0780,2350.4340,2350433.9999
1,2380.1663,2350.5223,2350522.2999
1,2380.4406,2350.7966,2350796.5999
1,2380.5795,2350.9355,2350935.4999
1,2380.6785,2351.0345,2351034.4999
1,2380.6985,2351.0545,2351054.4999
1,2380.7374,2351.0934,2351093.3999
1,2380.8503,2351.2063,2351206.2999
1,2380.8766,2351.2326,2351232.5999
1,2380.9089,2351.2649,2351264.8999
1,2381.0048,2351.3608,2351360.7999
1,2381.0286,2351.3846,2351384.5999
1,2381.0515,2351.4075,2351407.4999
1,2381.3233,2351.6793,2351679.2999
1,2381.4080,2351.7640,2351763.9999
1,2381.7968,2352.1528,2352152.7999
1,2382.0139,2352.3699,2352369.8999
1,2382.0327,2352.3887,2352388.6999
1,2382.0485,2352.4045,2352404.4999
1,2382.0604,2352.4164,2352416.3999
1,2382.0734,2352.4294,2352429.3999
1,2382.2175,2352.5735,2352573.4999
1,2382.2638,2352.6198,2352619.7999
1,2382.4268,2352.7828,2352782.7999
1,2382.4498,2352.8058,2352805.7999
1,2382.5297,2352.8857,2352885.6999
1,2382.5656,2352.9216,2352921.5999
1,2382.5930,2352.9490,2352948.9999
1,2382.5995,2352.9555,2352955.4999
1,2382.6136,2352.9696,2352969.5999
1,2382.6661,2353.0221,2353022.0999
1,2382.6942,2353.0502,2353050.1999
1,2382.7314,2353.0874,2353087.3999
1,2382.7911,2353.1471,2353147.0999
1,2382.8594,2353.2154,2353215.3999
1,2382.9240,2353.2800,2353279.9999
1,2383.1592,2353.5152,2353515.1999
1,2383.4375,2353.7935,2353793.4999
1,2383.5374,2353.8934,2353893.3999
1,2383.5655,2353.9215,2353921.4999
1,2383.6218,2353.9778,2353977.7999
1,2383.6850,2354.0410,2354040.9999
1,2383.8304,2354.1864,2354186.3999
1,2384.0509,2354.4069,2354406.8999
1,2384.3279,2354.6839,2354683.8999
1,2384.4005,2354.7565,2354756.4999
1,2384.5296,2354.8856,2354885.5999
1,2384.6003,2354.9563,2354956.2999
1,2384.7197,2355.0757,2355075.6999
1,2384.7521,2355.1081,2355108.0999
1,2384.8596,2355.2156,2355215.5999
1,2385.0127,2355.3687,2355368.6999
1,2385.0879,2355.4439,2355443.8999
1,2385.3554,2355.7114,2355711.3999
1,2385.4389,2355.7949,2355794.8999
1,2385.5316,2355.8876,2355887.5999
1,2385.6378,2355.9938,2355993.7999
1,2385.8298,2356.1858,2356185.7999
1,2385.8762,2356.2322,2356232.1999
1,2385.9028,2356.2588,2356258.7999
1,2385.9408,2356.2968,2356296.7999
1,2386.0764,2356.4324,2356432.3999
1,2386.0954,2356.4514,2356451.3999
1,2386.3125,2356.6685,2356668.4999
1,2386.4618,2356.8178,2356817.7999
1,2386.5509,2356.9069,2356906.8999
1,2386.5804,2356.9364,2356936.3999
1,2386.6204,2356.9764,2356976.3999
1,2386.7514,2357.1074,2357107.3999
1,2386.8854,2357.2414,2357241.3999
1,2386.9839,2357.3399,2357339.8999
1,2387.0543,2357.4103,2357410.2999
1,2387.0814,2357.4374,2357437.3999
1,2387.1034,2357.4594,2357459.3999
1,2387.3421,2357.6981,2357698.0999
1,2387.4497,2357.8057,2357805.6999
1,2387.4904,2357.8464,2357846.3999
1,2387.5059,2357.8619,2357861.8999
1,2387.7575,2358.1135,2358113.4999
1,2387.8590,2358.2150,2358214.9999
1,2387.8949,2358.2509,2358250.8999
1,2388.0024,2358.3584,2358358.3999
1,2388.1261,2358.4821,2358482.0999
1,2388.1637,2358.5197,2358519.6999
1,2388.1826,2358.5386,2358538.5999
1,2388.3379,2358.6939,2358693.8999
1,2388.6277,2358.9837,2358983.6999
1,2388.8984,2359.2544,2359254.3999
1,2389.0101,2359.3661,2359366.0999
1,2389.1022,2359.4582,2359458.1999
1,2389.1452,2359.5012,2359501.1999
1,2389.1890,2359.5450,2359544.9999
1,2389.2429,2359.5989,2359598.8999
1,2389.5017,2359.8577,2359857.6999
1,2389.6901,2360.0461,2360046.0999
1,2389.8363,2360.1923,2360192.2999
1,2389.8575,2360.2135,2360213.4999
1,2389.9328,2360.2888,2360288.7999
1,2389.9606,2360.3166,2360316.5999
1,2389.9641,2360.3201,2360320.0999
1,2390.0059,2360.3619,2360361.8999
1,2390.0473,2360.4033,2360403.2999
1,2390.0860,2360.4420,2360441.9999
1,2390.1248,2360.4808,2360480.7999
1,2390.3549,2360.7109,2360710.8999
1,2390.4089,2360.7649,2360764.8999
1,2390.4419,2360.7979,2360797.8999
1,2390.6009,2360.9569,2360956.8999
1,2390.7753,2361.1313,2361131.2999
1,2391.0778,2361.4338,2361433.7999
1,2391.1334,2361.4894,2361489.3999
1,2391.1731,2361.5291,2361529.0999
1,2391.2452,2361.6012,2361601.1999
1,2391.3297,2361.6857,2361685.6999
1,2391.3540,2361.7100,2361709.9999
1,2391.3881,2361.7441,2361744.0999
1,2391.4681,2361.8241,2361824.0999
1,2391.6741,2362.0301,2362030.0999
1,2391.7148,2362.0708,2362070.7999
1,2391.7362,2362.0922,2362092.1999
1,2391.7795,2362.1355,2362135.4999
1,2391.8536,2362.2096,2362209.5999
1,2391.9185,2362.2745,2362274.4999
1,2391.9687,2362.3247,2362324.6999
1,2392.0750,2362.4310,2362430.9999
1,2392.0868,2362.4428,2362442.7999
1,2392.1264,2362.4824,2362482.3999
1,2392.2543,2362.6103,2362610.2999
1,2392.3351,2362.6911,2362691.0999
1,2392.5118,2362.8678,2362867.7999
1,2392.5466,2362.9026,2362902.5999
1,2392.8447,2363.2007,2363200.6999
1,2392.8683,2363.2243,2363224.2999
1,2392.9408,2363.2968,2363296.7999
1,2393.0278,2363.3838,2363383.7999
1,2393.1398,2363.4958,2363495.7999
1,2393.3298,2363.6858,2363685.7999
1,2393.3599,2363.7159,2363715.8999
1,2393.3715,2363.7275,2363727.4999
1,2393.5133,2363.8693,2363869.2999
1,2393.5442,2363.9002,2363900.1999
1,2393.6975,2364.0535,2364053.4999
1,2393.7367,2364.0927,2364092.6999
1,2393.8208,2364.1768,2364176.7999
1,2393.9992,2364.3552,2364355.1999
1,2394.1272,2364.4832,2364483.1999
1,2394.1623,2364.5183,2364518.2999
1,2394.1816,2364.5376,2364537.5999
1,2394.1969,2364.5529,2364552.8999
1,2394.2112,2364.5672,2364567.1999
1,2394.2498,2364.6058,2364605.7999
1,2394.5076,2364.8636,2364863.5999
1,2394.6680,2365.0240,2365023.9999
1,2394.7229,2365.0789,2365078.8999
1,2394.7599,2365.1159,2365115.8999
1,2394.7857,2365.1417,2365141.6999
1,2394.9716,2365.3276,2365327.5999
1,2395.0576,2365.4136,2365413.5999
1,2395.2822,2365.6382,2365638.1999
1,2395.3631,2365.7191,2365719.0999
1,2395.4194,2365.7754,2365775.3999
1,2395.5564,2365.9124,2365912.3999
1,2395.6100,2365.9660,2365965.9999
1,2395.6159,2365.9719,2365971.8999
1,2395.6595,2366.0155,2366015.4999
1,2395.6624,2366.0184,2366018.3999
1,2395.8831,2366.2391,2366239.0999
1,2396.0742,2366.4302,2366430.1999
1,2396.2624,2366.6184,2366618.3999
1,2396.2841,2366.6401,2366640.0999
1,2396.3008,2366.6568,2366656.7999
1,2396.3388,2366.6948,2366694.7999
1,2396.5453,2366.9013,2366901.2999
1,2396.5616,2366.9176,2366917.5999
1,2396.6373,2366.9933,2366993.2999
1,2396.6624,2367.0184,2367018.3999
1,2396.6814,2367.0374,2367037.3999
1,2396.8409,2367.1969,2367196.8999
1,2397.0193,2367.3753,2367375.2999
1,2397.1233,2367.4793,2367479.2999
1,2397.1483,2367.5043,2367504.2999
1,2397.2047,2367.5607,2367560.6999
1,2397.2301,2367.5861,2367586.0999
1,2397.3151,2367.6711,2367671.0999
1,2397.3466,2367.7026,2367702.5999
1,2397.3956,2367.7516,2367751.5999
1,2397.4348,2367.7908,2367790.7999
1,2397.5362,2367.8922,2367892.1999
1,2397.7292,2368.0852,2368085.1999
1,2397.7723,2368.1283,2368128.2999
1,2397.7976,2368.1536,2368153.5999
1,2397.9496,2368.3056,2368305.5999
1,2398.3264,2368.6824,2368682.3999
1,2398.3876,2368.7436,2368743.5999
1,2398.4487,2368.8047,2368804.6999
1,2398.5730,2368.9290,2368928.9999
1,2398.5924,2368.9484,2368948.3999
1,2398.5995,2368.9555,2368955.4999
1,2398.8698,2369.2258,2369225.7999
1,2399.1106,2369.4666,2369466.5999
1,2399.2157,2369.5717,2369571.6999
1,2399.4085,2369.7645,2369764.4999
1,2399.4280,2369.7840,2369783.9999
1,2399.4547,2369.8107,2369810.6999
1,2399.7818,2370.1378,2370137.7999
1,2399.8300,2370.1860,2370185.9999
1,2399.8874,2370.2434,2370243.3999
1,2399.9523,2370.3083,2370308.2999
1,2400.2156,2370.5716,2370571.5999
1,2400.3699,2370.7259,2370725.8999
1,2400.4545,2370.8105,2370810.4999
1,2400.4628,2370.8188,2370818.7999
1,2400.4905,2370.8465,2370846.4999
1,2400.6486,2371.0046,2371004.5999
1,2400.8716,2371.2276,2371227.5999
1,2400.9029,2371.2589,2371258.8999
1,2400.9720,2371.3280,2371327.9999
1,2401.1671,2371.5231,2371523.0999
1,2401.5163,2371.8723,2371872.2999
1,2401.5628,2371.9188,2371918.7999
1,2401.6169,2371.9729,2371972.8999
1,2401.7019,2372.0579,2372057.8999
1,2401.8069,2372.1629,2372162.8999
1,2401.8347,2372.1907,2372190.6999
1,2401.9803,2372.3363,2372336.2999
1,2402.1833,2372.5393,2372539.2999
1,2402.3308,2372.6868,2372686.7999
1,2402.3811,2372.7371,2372737.0999
1,2402.4244,2372.7804,2372780.3999
1,2402.4814,2372.8374,2372837.3999
1,2402.4878,2372.8438,2372843.7999
1,2402.5700,2372.9260,2372925.9999
1,2402.9141,2373.2701,2373270.0999
1,2403.1019,2373.4579,2373457.8999
1,2403.2389,2373.5949,2373594.8999
1,2403.5319,2373.8879,2373887.8999
1,2403.5611,2373.9171,2373917.0999
1,2403.6185,2373.9745,2373974.4999
1,2403.6422,2373.9982,2373998.1999
1,2403.7891,2374.1451,2374145.0999
1,2403.8707,2374.2267,2374226.6999
1,2403.9554,2374.3114,2374311.3999
1,2404.1320,2374.4880,2374487.9999
1,2404.2193,2374.5753,2374575.2999
1,2404.3784,2374.7344,2374734.3999
1,2404.4965,2374.8525,2374852.4999
1,2404.5298,2374.8858,2374885.7999
1,2404.7210,2375.0770,2375076.9999
1,2404.8782,2375.2342,2375234.1999
1,2404.9064,2375.2624,2375262.3999
1,2404.9256,2375.2816,2375281.5999
1,2405.1108,2375.4668,2375466.7999
1,2405.2629,2375.6189,2375618.8999
1,2405.2971,2375.6531,2375653.0999
1,2405.3191,2375.6751,2375675.0999
1,2405.6993,2376.0553,2376055.2999
1,2405.7593,2376.1153,2376115.2999
1,2405.8117,2376.1677,2376167.6999
1,2405.9016,2376.2576,2376257.5999
1,2406.0306,2376.3866,2376386.5999
1,2406.0833,2376.4393,2376439.2999
1,2406.1243,2376.4803,2376480.2999
1,2406.4088,2376.7648,2376764.7999
1,2406.4368,2376.7928,2376792.7999
1,2406.4527,2376.8087,2376808.6999
1,2406.5781,2376.9341,2376934.0999
1,2406.6308,2376.9868,2376986.7999
1,2406.6411,2376.9971,2376997.0999
1,2406.6989,2377.0549,2377054.8999
1,2406.7199,2377.0759,2377075.8999
1,2406.7891,2377.1451,2377145.0999
1,2406.8004,2377.1564,2377156.3999
1,2406.8327,2377.1887,2377188.6999
1,2406.8715,2377.2275,2377227.4999
1,2406.8854,2377.2414,2377241.3999
1,2407.1889,2377.5449,2377544.8999
1,2407.2012,2377.5572,2377557.1999
1,2407.4508,2377.8068,2377806.7999
1,2407.5083,2377.8643,2377864.2999
1,2407.5794,2377.9354,2377935.3999
1,2407.7800,2378.1360,2378135.9999
1,2407.8594,2378.2154,2378215.3999
1,2407.9173,2378.2733,2378273.2999
1,2407.9499,2378.3059,2378305.8999
1,2407.9819,2378.3379,2378337.8999
1,2407.9983,2378.3543,2378354.2999
1,2408.0062,2378.3622,2378362.1999
1,2408.0934,2378.4494,2378449.3999
1,2408.1650,2378.5210,2378520.9999
1,2408.2228,2378.5788,2378578.7999
1,2408.3608,2378.7168,2378716.7999
1,2408.4371,2378.7931,2378793.0999
1,2408.8003,2379.1563,2379156.2999
1,2408.9041,2379.2601,2379260.0999
1,2408.9458,2379.3018,2379301.7999
1,2408.9759,2379.3319,2379331.8999
1,2409.0016,2379.3576,2379357.5999
1,2409.0196,2379.3756,2379375.5999
1,2409.0782,2379.4342,2379434.1999
1,2409.4311,2379.7871,2379787.0999
1,2409.6285,2379.9845,2379984.4999
1,2409.6599,2380.0159,2380015.8999
1,2409.7338,2380.0898,2380089.7999
1,2409.7686,2380.1246,2380124.5999
1,2409.7851,2380.1411,2380141.0999
1,2409.7875,2380.1435,2380143.4999
1,2409.8045,2380.1605,2380160.4999
1,2409.8698,2380.2258,2380225.7999
1,2410.0310,2380.3870,2380386.9999
1,2410.0774,2380.4334,2380433.3999
1,2410.1677,2380.5237,2380523.6999
1,2410.1977,2380.5537,2380553.6999
1,2410.2117,2380.5677,2380567.6999
1,2410.2374,2380.5934,2380593.3999
1,2410.2514,2380.6074,2380607.3999
1,2410.2980,2380.6540,2380653.9999
1,2410.4173,2380.7733,2380773.2999
1,2410.7650,2381.1210,2381120.9999
1,2410.7875,2381.1435,2381143.4999
1,2410.8287,2381.1847,2381184.6999
1,2410.8720,2381.2280,2381227.9999
1,2411.0032,2381.3592,2381359.1999
1,2411.4835,2381.8395,2381839.4999
1,2411.9481,2382.3041,2382304.0999
1,2412.0862,2382.4422,2382442.1999
1,2412.1253,2382.4813,2382481.2999
1,2412.2618,2382.6178,2382617.7999
1,2412.3001,2382.6561,2382656.0999
1,2412.4602,2382.8162,2382816.1999
1,2412.5532,2382.9092,2382909.1999
1,2412.6906,2383.0466,2383046.5999
1,2412.7501,2383.1061,2383106.0999
1,2412.7695,2383.1255,2383125.4999
1,2413.0950,2383.4510,2383450.9999
1,2413.1233,2383.4793,2383479.2999
1,2413.1934,2383.5494,2383549.3999
1,2413.2059,2383.5619,2383561.8999
1,2413.2348,2383.5908,2383590.7999
1,2413.3474,2383.7034,2383703.3999
1,2413.3622,2383.7182,2383718.1999
1,2413.3911,2383.7471,2383747.0999
1,2413.5113,2383.8673,2383867.2999
1,2413.5225,2383.8785,2383878.4999
1,2413.5602,2383.9162,2383916.1999
1,2413.7469,2384.1029,2384102.8999
1,2413.8168,2384.1728,2384172.7999
1,2413.8522,2384.2082,2384208.1999
1,2413.8722,2384.2282,2384228.1999
1,2413.9082,2384.2642,2384264.1999
1,2413.9592,2384.3152,2384315.1999
1,2414.0103,2384.3663,2384366.2999
1,2414.1084,2384.4644,2384464.3999
1,2414.1640,2384.5200,2384519.9999
1,2414.1784,2384.5344,2384534.3999
1,2414.1874,2384.5434,2384543.3999
1,2414.3383,2384.6943,2384694.2999
1,2414.3732,2384.7292,2384729.1999
1,2414.3944,2384.7504,2384750.3999
1,2414.5797,2384.9357,2384935.6999
1,2414.6938,2385.0498,2385049.7999
1,2414.7442,2385.1002,2385100.1999
1,2414.7657,2385.1217,2385121.6999
1,2414.8181,2385.1741,2385174.0999
1,2414.9277,2385.2837,2385283.6999
1,2414.9547,2385.3107,2385310.6999
1,2415.1444,2385.5004,2385500.3999
1,2415.1808,2385.5368,2385536.7999
1,2415.1928,2385.5488,2385548.7999
1,2415.3678,2385.7238,2385723.7999
1,2415.4241,2385.7801,2385780.0999
1,2415.4699,2385.8259,2385825.8999
1,2415.5038,2385.8598,2385859.7999
1,2415.5495,2385.9055,2385905.4999
1,2415.6929,2386.0489,2386048.8999
1,2415.7063,2386.0623,2386062.2999
1,2415.8278,2386.1838,2386183.7999
1,2415.8517,2386.2077,2386207.6999
1,2415.9099,2386.2659,2386265.8999
1,2416.2339,2386.5899,2386589.8999
1,2416.2627,2386.6187,2386618.6999
1,2416.2838,2386.6398,2386639.7999
1,2416.2902,2386.6462,2386646.1999
1,2416.3777,2386.7337,2386733.6999
1,2416.4260,2386.7820,2386781.9999
1,2416.4366,2386.7926,2386792.5999
1,2416.6145,2386.9705,2386970.4999
1,2416.6492,2387.0052,2387005.1999
1,2416.8400,2387.1960,2387195.9999
1,2416.8697,2387.2257,2387225.6999
1,2416.8833,2387.2393,2387239.2999
1,2416.8942,2387.2502,2387250.1999
1,2417.1303,2387.4863,2387486.2999
1,2417.3641,2387.7201,2387720.0999
1,2417.3986,2387.7546,2387754.5999
1,2417.4116,2387.7676,2387767.5999
1,2417.4233,2387.7793,2387779.2999
1,2417.4410,2387.7970,2387796.9999
1,2417.4862,2387.8422,2387842.1999
1,2417.5137,2387.8697,2387869.6999
1,2417.6743,2388.0303,2388030.2999
1,2417.7125,2388.0685,2388068.4999
1,2417.8663,2388.2223,2388222.2999
1,2417.9260,2388.2820,2388281.9999
1,2417.9982,2388.3542,2388354.1999
1,2418.0372,2388.3932,2388393.1999
1,2418.2646,2388.6206,2388620.5999
1,2418.3835,2388.7395,2388739.4999
1,2418.4797,2388.8357,2388835.6999
1,2418.6103,2388.9663,2388966.2999
1,2418.6336,2388.9896,2388989.5999
1,2418.6451,2389.0011,2389001.0999
1,2418.7706,2389.1266,2389126.5999
1,2418.9294,2389.2854,2389285.3999
1,2419.0715,2389.4275,2389427.4999
1,2419.0938,2389.4498,2389449.7999
1,2419.1190,2389.4750,2389474.9999
1,2419.1977,2389.5537,2389553.6999
1,2419.5093,2389.8653,2389865.2999
1,2419.5542,2389.9102,2389910.1999
1,2419.6384,2389.9944,2389994.3999
1,2419.6735,2390.0295,2390029.4999
1,2419.7353,2390.0913,2390091.2999
1,2419.7654,2390.1214,2390121.3999
1,2419.8839,2390.2399,2390239.8999
1,2420.0122,2390.3682,2390368.1999
1,2420.1963,2390.5523,2390552.2999
1,2420.4423,2390.7983,2390798.2999
1,2420.4982,2390.8542,2390854.1999
1,2420.5516,2390.9076,2390907.5999
1,2420.6369,2390.9929,2390992.8999
1,2420.8314,2391.1874,2391187.3999
1,2420.8597,2391.2157,2391215.6999
1,2421.0792,2391.4352,2391435.1999
1,2421.0944,2391.4504,2391450.3999
1,2421.1184,2391.4744,2391474.3999
1,2421.2354,2391.5914,2391591.3999
1,2421.2767,2391.6327,2391632.6999
1,2421.3187,2391.6747,2391674.6999
1,2421.5105,2391.8665,2391866.4999
1,2421.8526,2392.2086,2392208.5999
1,2421.9717,2392.3277,2392327.6999
1,2422.1797,2392.5357,2392535.6999
1,2422.2294,2392.5854,2392585.3999
1,2422.2323,2392.5883,2392588.2999
1,2422.3795,2392.7355,2392735.4999
1,2422.5557,2392.9117,2392911.6999
1,2422.7241,2393.0801,2393080.0999
1,2422.7654,2393.1214,2393121.3999
1,2422.8490,2393.2050,2393204.9999
1,2422.9619,2393.3179,2393317.8999
1,2422.9991,2393.3551,2393355.0999
1,2423.0247,2393.3807,2393380.6999
1,2423.0485,2393.4045,2393404.4999
1,2423.0723,2393.4283,2393428.2999
1,2423.2202,2393.5762,2393576.1999
1,2423.2579,2393.6139,2393613.8999
1,2423.2650,2393.6210,2393620.9999
1,2423.2739,2393.6299,2393629.8999
1,2423.5269,2393.8829,2393882.8999
1,2423.5391,2393.8951,2393895.0999
1,2423.5552,2393.9112,2393911.1999
1,2423.5892,2393.9452,2393945.1999
1,2424.0107,2394.3667,2394366.6999
1,2424.2060,2394.5620,2394561.9999
1,2424.2234,2394.5794,2394579.3999
1,2424.3207,2394.6767,2394676.6999
1,2424.4826,2394.8386,2394838.5999
1,2424.5387,2394.8947,2394894.6999
1,2424.5683,2394.9243,2394924.2999
1,2424.6014,2394.9574,2394957.3999
1,2424.6258,2394.9818,2394981.7999
1,2424.6595,2395.0155,2395015.4999
1,2424.7042,2395.0602,2395060.1999
1,2424.7406,2395.0966,2395096.5999
1,2424.7631,2395.1191,2395119.0999
1,2424.7951,2395.1511,2395151.0999
1,2424.9394,2395.2954,2395295.3999
1,2424.9884,2395.3444,2395344.3999
1,2425.0137,2395.3697,2395369.6999
1,2425.1273,2395.4833,2395483.2999
1,2425.3381,2395.6941,2395694.0999
1,2425.4049,2395.7609,2395760.8999
1,2425.4269,2395.7829,2395782.8999
1,2425.5048,2395.8608,2395860.7999
1,2425.5462,2395.9022,2395902.1999
1,2425.5518,2395.9078,2395907.7999
1,2425.8778,2396.2338,2396233.7999
1,2426.1816,2396.5376,2396537.5999
1,2426.2307,2396.5867,2396586.6999
1,2426.2765,2396.6325,2396632.4999
1,2426.3591,2396.7151,2396715.0999
1,2426.5338,2396.8898,2396889.7999
1,2426.6556,2397.0116,2397011.5999
1,2426.6991,2397.0551,2397055.0999
1,2426.7682,2397.1242,2397124.1999
1,2426.7890,2397.1450,2397144.9999
1,2426.8094,2397.1654,2397165.3999
1,2427.0443,2397.4003,2397400.2999
1,2427.1121,2397.4681,2397468.0999
1,2427.2707,2397.6267,2397626.6999
1,2427.3094,2397.6654,2397665.3999
1,2427.4693,2397.8253,2397825.2999
1,2427.5244,2397.8804,2397880.3999
1,2427.6627,2398.0187,2398018.6999
1,2427.7221,2398.0781,2398078.0999
1,2427.9173,2398.2733,2398273.2999
1,2427.9202,2398.2762,2398276.1999
1,2427.9710,2398.3270,2398326.9999
1,2428.0208,2398.3768,2398376.7999
1,2428.0631,2398.4191,2398419.0999
1,2428.2292,2398.5852,2398585.1999
1,2428.2854,2398.6414,2398641.3999
1,2428.3371,2398.6931,2398693.0999
1,2428.6380,2398.9940,2398993.9999
1,2428.8247,2399.1807,2399180.6999
1,2428.9110,2399.2670,2399266.9999
1,2429.0004,2399.3564,2399356.3999
1,2429.0091,2399.3651,2399365.0999
1,2429.0168,2399.3728,2399372.7999
1,2429.0366,2399.3926,2399392.5999
1,2429.2438,2399.5998,2399599.7999
1,2429.3242,2399.6802,2399680.1999
1,2429.3352,2399.6912,2399691.1999
1,2429.4510,2399.8070,2399806.9999
1,2429.5494,2399.9054,2399905.3999
1,2429.6163,2399.9723,2399972.2999
1,2429.7824,2400.1384,2400138.3999
1,2429.9196,2400.2756,2400275.5999
1,2429.9400,2400.2960,2400295.9999
1,2430.0448,2400.4008,2400400.7999
1,2430.0666,2400.4226,2400422.5999
1,2430.4897,2400.8457,2400845.6999
1,2430.5060,2400.8620,2400861.9999
1,2430.5534,2400.9094,2400909.3999
1,2430.7520,2401.1080,2401107.9999
1,2430.7664,2401.1224,2401122.3999
1,2430.9301,2401.2861,2401286.0999
1,2431.0727,2401.4287,2401428.6999
1,2431.0838,2401.4398,2401439.7999
1,2431.1033,2401.4593,2401459.2999
1,2431.1315,2401.4875,2401487.4999
1,2431.2667,2401.6227,2401622.6999
1,2431.3110,2401.6670,2401666.9999
1,2431.6804,2402.0364,2402036.3999
1,2431.8938,2402.2498,2402249.7999
1,2431.9468,2402.3028,2402302.7999
1,2431.9780,2402.3340,2402333.9999
1,2431.9850,2402.3410,2402340.9999
1,2431.9957,2402.3517,2402351.6999
1,2432.2725,2402.6285,2402628.4999
1,2432.2871,2402.6431,2402643.0999
1,2432.3571,2402.7131,2402713.0999
1,2432.3851,2402.7411,2402741.0999
1,2432.3971,2402.7531,2402753.0999
1,2432.4142,2402.7702,2402770.1999
1,2432.4360,2402.7920,2402791.9999
1,2432.6727,2403.0287,2403028.6999
1,2432.6956,2403.0516,2403051.5999
1,2432.7977,2403.1537,2403153.6999
1,2432.8197,2403.1757,2403175.6999
1,2432.8717,2403.2277,2403227.6999
1,2432.8897,2403.2457,2403245.6999
1,2433.1336,2403.4896,2403489.5999
1,2433.2185,2403.5745,2403574.4999
1,2433.2552,2403.6112,2403611.1999
1,2433.3307,2403.6867,2403686.6999
1,2433.5155,2403.8715,2403871.4999
1,2433.7659,2404.1219,2404121.8999
1,2433.8712,2404.2272,2404227.1999
1,2433.8918,2404.2478,2404247.7999
1,2433.9141,2404.2701,2404270.0999
1,2434.0367,2404.3927,2404392.6999
1,2434.0974,2404.4534,2404453.3999
1,2434.1385,2404.4945,2404494.4999
1,2434.2649,2404.6209,2404620.8999
1,2434.3026,2404.6586,2404658.5999
1,2434.5346,2404.8906,2404890.5999
1,2434.6244,2404.9804,2404980.3999
1,2434.7789,2405.1349,2405134.8999
1,2434.8846,2405.2406,2405240.5999
1,2435.1775,2405.5335,2405533.4999
1,2435.2081,2405.5641,2405564.0999
1,2435.2212,2405.5772,2405577.1999
1,2435.5189,2405.8749,2405874.8999
1,2435.7066,2406.0626,2406062.5999
1,2435.7575,2406.1135,2406113.4999
1,2435.8100,2406.1660,2406165.9999
1,2435.8766,2406.2326,2406232.5999
1,2435.9082,2406.2642,2406264.1999
1,2436.0172,2406.3732,2406373.1999
1,2436.0582,2406.4142,2406414.1999
1,2436.0779,2406.4339,2406433.8999
1,2436.0897,2406.4457,2406445.6999
1,2436.0944,2406.4504,2406450.3999
1,2436.1347,2406.4907,2406490.6999
1,2436.1987,2406.5547,2406554.6999
1,2436.3376,2406.6936,2406693.5999
1,2436.4062,2406.7622,2406762.1999
1,2436.4839,2406.8399,2406839.8999
1,2436.6587,2407.0147,2407014.6999
1,2436.8533,2407.2093,2407209.2999
1,2437.0018,2407.3578,2407357.7999
1,2437.2161,2407.5721,2407572.0999
1,2437.2535,2407.6095,2407609.4999
1,2437.3027,2407.6587,2407658.6999
1,2437.3149,2407.6709,2407670.8999
1,2437.4263,2407.7823,2407782.2999
1,2437.4392,2407.7952,2407795.1999
1,2437.4544,2407.8104,2407810.3999
1,2437.4817,2407.8377,2407837.6999
1,2437.6494,2408.0054,2408005.3999
1,2437.6821,2408.0381,2408038.0999
1,2437.7931,2408.1491,2408149.0999
1,2437.8249,2408.1809,2408180.8999
1,2437.8943,2408.2503,2408250.2999
1,2438.1812,2408.5372,2408537.1999
1,2438.2247,2408.5807,2408580.6999
1,2438.2428,2408.5988,2408598.7999
1,2438.2588,2408.6148,2408614.7999
1,2438.4632,2408.8192,2408819.1999
1,2438.5301,2408.8861,2408886.0999
1,2438.6842,2409.0402,2409040.1999
1,2438.7182,2409.0742,2409074.1999
1,2439.1762,2409.5322,2409532.1999
1,2439.2539,2409.6099,2409609.8999
1,2439.2901,2409.6461,2409646.0999
1,2439.3117,2409.6677,2409667.6999
1,2439.3506,2409.7066,2409706.5999
1,2439.3774,2409.7334,2409733.3999
1,2439.5446,2409.9006,2409900.5999
1,2439.6698,2410.0258,2410025.7999
1,2439.8300,2410.1860,2410185.9999
1,2439.8352,2410.1912,2410191.1999
1,2440.0439,2410.3999,2410399.8999
1,2440.1242,2410.4802,2410480.1999
1,2440.1487,2410.5047,2410504.6999
1,2440.2599,2410.6159,2410615.8999
1,2440.2830,2410.6390,2410638.9999
1,2440.3091,2410.6651,2410665.0999
1,2440.3552,2410.7112,2410711.1999
1,2440.6936,2411.0496,2411049.5999
1,2440.8622,2411.2182,2411218.1999
1,2440.9104,2411.2664,2411266.3999
1,2440.9263,2411.2823,2411282.2999
1,2441.0981,2411.4541,2411454.0999
1,2441.1267,2411.4827,2411482.6999
1,2441.1755,2411.5315,2411531.4999
1,2441.1936,2411.5496,2411549.5999
1,2441.3357,2411.6917,2411691.6999
1,2441.5672,2411.9232,2411923.1999
1,2442.0227,2412.3787,2412378.6999
1,2442.0898,2412.4458,2412445.7999
1,2442.2185,2412.5745,2412574.4999
1,2442.2421,2412.5981,2412598.0999
1,2442.3230,2412.6790,2412678.9999
1,2442.3334,2412.6894,2412689.3999
1,2442.4992,2412.8552,2412855.1999
1,2442.6539,2413.0099,2413009.8999
1,2442.7060,2413.0620,2413061.9999
1,2442.9869,2413.3429,2413342.8999
1,2443.1025,2413.4585,2413458.4999
1,2443.1298,2413.4858,2413485.7999
1,2443.2914,2413.6474,2413647.3999
1,2443.3985,2413.7545,2413754.4999
1,2443.4366,2413.7926,2413792.5999
1,2443.5599,2413.9159,2413915.8999
1,2443.6652,2414.0212,2414021.1999
1,2443.8793,2414.2353,2414235.2999
1,2443.9174,2414.2734,2414273.3999
1,2444.0113,2414.3673,2414367.2999
1,2444.1781,2414.5341,2414534.0999
1,2444.3352,2414.6912,2414691.1999
1,2444.3587,2414.7147,2414714.6999
1,2444.3951,2414.7511,2414751.0999
1,2444.6257,2414.9817,2414981.6999
1,2444.7540,2415.1100,2415109.9999
1,2444.8555,2415.2115,2415211.4999
1,2444.8689,2415.2249,2415224.8999
1,2444.9312,2415.2872,2415287.1999
1,2445.1607,2415.5167,2415516.6999
1,2445.1787,2415.5347,2415534.6999
1,2445.3610,2415.7170,2415716.9999
1,2445.4043,2415.7603,2415760.2999
1,2445.6079,2415.9639,2415963.8999
1,2445.6549,2416.0109,2416010.8999
1,2445.6815,2416.0375,2416037.4999
1,2445.7138,2416.0698,2416069.7999
1,2445.8377,2416.1937,2416193.6999
1,2445.8642,2416.2202,2416220.1999
1,2445.8850,2416.2410,2416240.9999
1,2445.9073,2416.2633,2416263.2999
1,2446.1604,2416.5164,2416516.3999
1,2446.2787,2416.6347,2416634.6999
1,2446.3189,2416.6749,2416674.8999
1,2446.3775,2416.7335,2416733.4999
1,2446.4217,2416.7777,2416777.6999
1,2446.5974,2416.9534,2416953.3999
1,2446.7473,2417.1033,2417103.2999
1,2446.8372,2417.1932,2417193.1999
1,2446.9232,2417.2792,2417279.1999
1,2446.9447,2417.3007,2417300.6999
1,2446.9875,2417.3435,2417343.4999
1,2447.2028,2417.5588,2417558.7999
1,2447.2248,2417.5808,2417580.7999
1,2447.3166,2417.6726,2417672.5999
1,2447.3344,2417.6904,2417690.3999
1,2447.3450,2417.7010,2417700.9999
1,2447.4128,2417.7688,2417768.7999
1,2447.4226,2417.7786,2417778.5999
1,2447.6362,2417.9922,2417992.1999
1,2447.8945,2418.2505,2418250.4999
1,2448.1731,2418.5291,2418529.0999
1,2448.2096,2418.5656,2418565.5999
1,2448.2449,2418.6009,2418600.8999
1,2448.4514,2418.8074,2418807.3999
1,2448.4581,2418.8141,2418814.0999
1,2448.4875,2418.8435,2418843.4999
1,2448.5463,2418.9023,2418902.2999
1,2448.6206,2418.9766,2418976.5999
1,2448.6405,2418.9965,2418996.4999
1,2448.7502,2419.1062,2419106.1999
1,2449.2047,2419.5607,2419560.6999
1,2449.4897,2419.8457,2419845.6999
1,2449.5180,2419.8740,2419873.9999
1,2449.6523,2420.0083,2420008.2999
1,2449.8453,2420.2013,2420201.2999
1,2449.9766,2420.3326,2420332.5999
1,2450.1110,2420.4670,2420466.9999
1,2450.2761,2420.6321,2420632.0999
1,2450.3931,2420.7491,2420749.0999
1,2450.4090,2420.7650,2420764.9999
1,2450.4286,2420.7846,2420784.5999
1,2450.6549,2421.0109,2421010.8999
1,2450.6774,2421.0334,2421033.3999
1,2450.7051,2421.0611,2421061.0999
1,2451.0189,2421.3749,2421374.8999
1,2451.2501,2421.6061,2421606.0999
1,2451.3214,2421.6774,2421677.3999
1,2451.3682,2421.7242,2421724.1999
1,2451.5182,2421.8742,2421874.1999
1,2451.5481,2421.9041,2421904.0999
1,2451.5839,2421.9399,2421939.8999
1,2451.7503,2422.1063,2422106.2999
1,2451.7986,2422.1546,2422154.5999
1,2451.8836,2422.2396,2422239.5999
1,2451.9110,2422.2670,2422266.9999
1,2451.9173,2422.2733,2422273.2999
1,2451.9621,2422.3181,2422318.0999
1,2452.0939,2422.4499,2422449.8999
1,2452.1445,2422.5005,2422500.4999
1,2452.2671,2422.6231,2422623.0999
1,2452.2876,2422.6436,2422643.5999
1,2452.3116,2422.6676,2422667.5999
1,2452.5150,2422.8710,2422870.9999
1,2452.7151,2423.0711,2423071.0999
1,2452.8661,2423.2221,2423222.0999
1,2452.8776,2423.2336,2423233.5999
1,2453.0229,2423.3789,2423378.8999
1,2453.0459,2423.4019,2423401.8999
1,2453.1418,2423.4978,2423497.7999
1,2453.2381,2423.5941,2423594.0999
1,2453.2530,2423.6090,2423608.9999
1,2453.2888,2423.6448,2423644.7999
1,2453.3494,2423.7054,2423705.3999
1,2453.5240,2423.8800,2423879.9999
1,2453.5667,2423.9227,2423922.6999
1,2453.7194,2424.0754,2424075.3999
1,2453.9169,2424.2729,2424272.8999
1,2453.9358,2424.2918,2424291.7999
1,2453.9583,2424.3143,2424314.2999
1,2453.9869,2424.3429,2424342.8999
1,2454.0116,2424.3676,2424367.5999
1,2454.0408,2424.3968,2424396.7999
1,2454.2015,2424.5575,2424557.4999
1,2454.2115,2424.5675,2424567.4999
1,2454.2450,2424.6010,2424600.9999
1,2454.4466,2424.8026,2424802.5999
1,2454.6078,2424.9638,2424963.7999
1,2454.7407,2425.0967,2425096.6999
1,2454.8048,2425.1608,2425160.7999
1,2454.8297,2425.1857,2425185.6999
1,2454.9800,2425.3360,2425335.9999
1,2455.0011,2425.3571,2425357.0999
1,2455.0433,2425.3993,2425399.2999
1,2455.0502,2425.4062,2425406.1999
1,2455.0723,2425.4283,2425428.2999
1,2455.2624,2425.6184,2425618.3999
1,2455.3111,2425.6671,2425667.0999
1,2455.4369,2425.7929,2425792.8999
1,2455.4835,2425.8395,2425839.4999
1,2455.5548,2425.9108,2425910.7999
1,2455.7597,2426.1157,2426115.6999
1,2455.8179,2426.1739,2426173.8999
1,2455.9790,2426.3350,2426334.9999
1,2455.9939,2426.3499,2426349.8999
1,2456.0228,2426.3788,2426378.7999
1,2456.0262,2426.3822,2426382.1999
1,2456.0364,2426.3924,2426392.3999
1,2456.2810,2426.6370,2426636.9999
1,2456.3346,2426.6906,2426690.5999
1,2456.3498,2426.7058,2426705.7999
1,2456.3894,2426.7454,2426745.3999
1,2456.4094,2426.7654,2426765.3999
1,2456.4599,2426.8159,2426815.8999
1,2456.7323,2427.0883,2427088.2999
1,2456.7585,2427.1145,2427114.4999
1,2457.0823,2427.4383,2427438.2999
1,2457.1852,2427.5412,2427541.1999
1,2457.3220,2427.6780,2427677.9999
1,2457.3612,2427.7172,2427717.1999
1,2457.5233,2427.8793,2427879.2999
1,2457.5428,2427.8988,2427898.7999
1,2457.5596,2427.9156,2427915.5999
1,2457.6830,2428.0390,2428038.9999
1,2457.7170,2428.0730,2428072.9999
1,2457.7298,2428.0858,2428085.7999
1,2457.7410,2428.0970,2428096.9999
1,2457.7667,2428.1227,2428122.6999
1,2458.0189,2428.3749,2428374.8999
1,2458.0922,2428.4482,2428448.1999
1,2458.1225,2428.4785,2428478.4999
1,2458.1594,2428.5154,2428515.3999
1,2458.2853,2428.6413,2428641.2999
1,2458.3258,2428.6818,2428681.7999
1,2458.4111,2428.7671,2428767.0999
1,2458.4412,2428.7972,2428797.1999
1,2458.4728,2428.8288,2428828.7999
1,2458.5245,2428.8805,2428880.4999
1,2458.7867,2429.1427,2429142.6999
1,2458.8524,2429.2084,2429208.3999
1,2459.0108,2429.3668,2429366.7999
1,2459.0258,2429.3818,2429381.7999
1,2459.0996,2429.4556,2429455.5999
1,2459.1199,2429.4759,2429475.8999
1,2459.2954,2429.6514,2429651.3999
1,2459.4687,2429.8247,2429824.6999
1,2459.5009,2429.8569,2429856.8999
1,2459.5298,2429.8858,2429885.7999
1,2459.5805,2429.9365,2429936.4999
1,2459.6673,2430.0233,2430023.2999
1,2459.6949,2430.0509,2430050.8999
1,2459.8171,2430.1731,2430173.0999
1,2460.0324,2430.3884,2430388.3999
1,2460.0490,2430.4050,2430404.9999
1,2460.1028,2430.4588,2430458.7999
1,2460.3622,2430.7182,2430718.1999
1,2460.3768,2430.7328,2430732.7999
1,2460.5228,2430.8788,2430878.7999
1,2460.5566,2430.9126,2430912.5999
1,2460.5673,2430.9233,2430923.2999
1,2460.5792,2430.9352,2430935.1999
1,2460.8937,2431.2497,2431249.6999
1,2460.9229,2431.2789,2431278.8999
1,2460.9490,2431.3050,2431304.9999
1,2460.9782,2431.3342,2431334.1999
1,2461.0278,2431.3838,2431383.7999
1,2461.1473,2431.5033,2431503.2999
1,2461.2039,2431.5599,2431559.8999
1,2461.2219,2431.5779,2431577.8999
1,2461.5419,2431.8979,2431897.8999
1,2461.6249,2431.9809,2431980.8999
1,2461.7476,2432.1036,2432103.5999
1,2462.0398,2432.3958,2432395.7999
1,2462.0873,2432.4433,2432443.2999
1,2462.3001,2432.6561,2432656.0999
1,2462.3272,2432.6832,2432683.1999
1,2462.3413,2432.6973,2432697.2999
1,2462.5360,2432.8920,2432891.9999
1,2462.5553,2432.9113,2432911.2999
1,2462.7700,2433.1260,2433125.9999
1,2462.8802,2433.2362,2433236.1999
1,2462.9769,2433.3329,2433332.8999
1,2463.1602,2433.5162,2433516.1999
1,2463.1830,2433.5390,2433538.9999
1,2463.2231,2433.5791,2433579.0999
1,2463.4798,2433.8358,2433835.7999
1,2463.5295,2433.8855,2433885.4999
1,2463.5509,2433.9069,2433906.8999
1,2463.9491,2434.3051,2434305.0999
1,2463.9783,2434.3343,2434334.2999
1,2464.0028,2434.3588,2434358.7999
1,2464.3118,2434.6678,2434667.7999
1,2464.3345,2434.6905,2434690.4999
1,2464.3503,2434.7063,2434706.2999
1,2464.3848,2434.7408,2434740.7999
1,2464.5582,2434.9142,2434914.1999
1,2464.5878,2434.9438,2434943.7999
1,2464.7321,2435.0881,2435088.0999
1,2464.7628,2435.1188,2435118.7999
1,2464.9975,2435.3535,2435353.4999
1,2465.1566,2435.5126,2435512.5999
1,2465.1864,2435.5424,2435542.3999
1,2465.2031,2435.5591,2435559.0999
1,2465.3017,2435.6577,2435657.6999
1,2465.3315,2435.6875,2435687.4999
1,2465.4919,2435.8479,2435847.8999
1,2465.5007,2435.8567,2435856.6999
1,2465.5741,2435.9301,2435930.0999
1,2465.7662,2436.1222,2436122.1999
1,2465.9648,2436.3208,2436320.7999
1,2466.0233,2436.3793,2436379.2999
1,2466.0640,2436.4200,2436419.9999
1,2466.1893,2436.5453,2436545.2999
1,2466.2149,2436.5709,2436570.8999
1,2466.2842,2436.6402,2436640.1999
1,2466.7358,2437.0918,2437091.7999
1,2466.8946,2437.2506,2437250.5999
1,2467.0296,2437.3856,2437385.5999
1,2467.2786,2437.6346,2437634.5999
1,2467.5662,2437.9222,2437922.1999
1,2467.5756,2437.9316,2437931.5999
1,2467.6100,2437.9660,2437965.9999
1,2467.8153,2438.1713,2438171.2999
1,2468.1584,2438.5144,2438514.3999
1,2468.3059,2438.6619,2438661.8999
1,2468.3287,2438.6847,2438684.6999
1,2468.3459,2438.7019,2438701.8999
1,2468.3570,2438.7130,2438712.9999
1,2468.5295,2438.8855,2438885.4999
1,2468.5594,2438.9154,2438915.3999
1,2468.5767,2438.9327,2438932.6999
1,2468.5985,2438.9545,2438954.4999
1,2468.7423,2439.0983,2439098.2999
1,2468.8721,2439.2281,2439228.0999
1,2469.1319,2439.4879,2439487.8999
1,2469.2524,2439.6084,2439608.3999
1,2469.2982,2439.6542,2439654.1999
1,2469.3601,2439.7161,2439716.0999
1,2469.3911,2439.7471,2439747.0999
1,2469.4571,2439.8131,2439813.0999
1,2469.6466,2440.0026,2440002.5999
1,2469.7616,2440.1176,2440117.5999
1,2469.9447,2440.3007,2440300.6999
1,2469.9956,2440.3516,2440351.5999
1,2470.0224,2440.3784,2440378.3999
1,2470.0570,2440.4130,2440412.9999
1,2470.2106,2440.5666,2440566.5999
1,2470.2196,2440.5756,2440575.5999
1,2470.2689,2440.6249,2440624.8999
1,2470.3358,2440.6918,2440691.7999
1,2470.3945,2440.7505,2440750.4999
1,2470.4594,2440.8154,2440815.3999
1,2470.7424,2441.0984,2441098.3999
1,2470.8049,2441.1609,2441160.8999
1,2470.8286,2441.1846,2441184.5999
1,2471.0190,2441.3750,2441374.9999
1,2471.2251,2441.5811,2441581.0999
1,2471.3250,2441.6810,2441680.9999
1,2471.4680,2441.8240,2441823.9999
1,2471.5527,2441.9087,2441908.6999
1,2471.5890,2441.9450,2441944.9999
1,2471.6224,2441.9784,2441978.3999
1,2471.6398,2441.9958,2441995.7999
1,2471.6924,2442.0484,2442048.3999
1,2472.1020,2442.4580,2442457.9999
1,2472.1365,2442.4925,2442492.4999
1,2472.1799,2442.5359,2442535.8999
1,2472.1979,2442.5539,2442553.8999
1,2472.2399,2442.5959,2442595.8999
1,2472.2604,2442.6164,2442616.3999
1,2472.2821,2442.6381,2442638.0999
1,2472.3228,2442.6788,2442678.7999
1,2472.5114,2442.8674,2442867.3999
1,2472.5331,2442.8891,2442889.0999
1,2472.5537,2442.9097,2442909.6999
1,2472.5639,2442.9199,2442919.8999
1,2472.6413,2442.9973,2442997.2999
1,2472.7512,2443.1072,2443107.1999
1,2472.7690,2443.1250,2443124.9999
1,2472.9356,2443.2916,2443291.5999
1,2472.9866,2443.3426,2443342.5999
1,2473.0054,2443.3614,2443361.3999
1,2473.0161,2443.3721,2443372.0999
1,2473.0225,2443.3785,2443378.4999
1,2473.2068,2443.5628,2443562.7999
1,2473.2296,2443.5856,2443585.5999
1,2473.2423,2443.5983,2443598.2999
1,2473.3064,2443.6624,2443662.3999
1,2473.5548,2443.9108,2443910.7999
1,2473.5979,2443.9539,2443953.8999
1,2473.7769,2444.1329,2444132.8999
1,2473.8138,2444.1698,2444169.7999
1,2474.1353,2444.4913,2444491.2999
1,2474.3039,2444.6599,2444659.8999
1,2474.5636,2444.9196,2444919.5999
1,2474.8068,2445.1628,2445162.7999
1,2474.8648,2445.2208,2445220.7999
1,2474.9017,2445.2577,2445257.6999
1,2475.1131,2445.4691,2445469.0999
1,2475.1494,2445.5054,2445505.3999
1,2475.1820,2445.5380,2445537.9999
1,2475.2709,2445.6269,2445626.8999
1,2475.3853,2445.7413,2445741.2999
1,2475.3951,2445.7511,2445751.0999
1,2475.4025,2445.7585,2445758.4999
1,2475.4666,2445.8226,2445822.5999
1,2475.6600,2446.0160,2446015.9999
1,2475.7574,2446.1134,2446113.3999
1,2475.7698,2446.1258,2446125.7999
1,2475.7922,2446.1482,2446148.1999
1,2475.8242,2446.1802,2446180.1999
1,2475.9120,2446.2680,2446267.9999
1,2475.9258,2446.2818,2446281.7999
1,2475.9516,2446.3076,2446307.5999
1,2475.9843,2446.3403,2446340.2999
1,2476.0202,2446.3762,2446376.1999
1,2476.0828,2446.4388,2446438.7999
1,2476.1180,2446.4740,2446473.9999
1,2476.1739,2446.5299,2446529.8999
1,2476.3335,2446.6895,2446689.4999
1,2476.3464,2446.7024,2446702.3999
1,2476.3578,2446.7138,2446713.7999
1,2476.3894,2446.7454,2446745.3999
1,2476.5541,2446.9101,2446910.0999
1,2476.5798,2446.9358,2446935.7999
1,2476.6298,2446.9858,2446985.7999
1,2476.8196,2447.1756,2447175.5999
1,2476.8310,2447.1870,2447186.9999
1,2477.0249,2447.3809,2447380.8999
1,2477.0642,2447.4202,2447420.1999
1,2477.1953,2447.5513,2447551.2999
1,2477.2508,2447.6068,2447606.7999
1,2477.4163,2447.7723,2447772.2999
1,2477.5105,2447.8665,2447866.4999
1,2477.7422,2448.0982,2448098.1999
1,2477.8919,2448.2479,2448247.8999
1,2477.9514,2448.3074,2448307.3999
1,2477.9684,2448.3244,2448324.3999
1,2477.9787,2448.3347,2448334.6999
1,2478.0054,2448.3614,2448361.3999
1,2478.0187,2448.3747,2448374.6999
1,2478.0349,2448.3909,2448390.8999
1,2478.3192,2448.6752,2448675.1999
1,2478.4771,2448.8331,2448833.0999
1,2478.4910,2448.8470,2448846.9999
1,2478.5146,2448.8706,2448870.5999
1,2478.5263,2448.8823,2448882.2999
1,2478.6678,2449.0238,2449023.7999
1,2478.6987,2449.0547,2449054.6999
1,2478.7102,2449.0662,2449066.1999
1,2479.0857,2449.4417,2449441.6999
1,2479.2438,2449.5998,2449599.7999
1,2479.2640,2449.6200,2449619.9999
1,2479.3130,2449.6690,2449668.9999
1,2479.3648,2449.7208,2449720.7999
1,2479.3773,2449.7333,2449733.2999
1,2479.5415,2449.8975,2449897.4999
1,2479.5785,2449.9345,2449934.4999
1,2479.7001,2450.0561,2450056.0999
1,2479.9293,2450.2853,2450285.2999
1,2479.9559,2450.3119,2450311.8999
1,2480.0054,2450.3614,2450361.3999
1,2480.1148,2450.4708,2450470.7999
1,2480.3190,2450.6750,2450674.9999
1,2480.3880,2450.7440,2450743.9999
1,2480.4681,2450.8241,2450824.0999
1,2480.6313,2450.9873,2450987.2999
1,2480.7669,2451.1229,2451122.8999
1,2480.7902,2451.1462,2451146.1999
1,2480.8233,2451.1793,2451179.2999
1,2480.8418,2451.1978,2451197.7999
1,2480.8594,2451.2154,2451215.3999
1,2480.9804,2451.3364,2451336.3999
1,2481.0613,2451.4173,2451417.2999
1,2481.3098,2451.6658,2451665.7999
1,2481.3161,2451.6721,2451672.0999
1,2481.3543,2451.7103,2451710.2999
1,2481.4793,2451.8353,2451835.2999
1,2481.5222,2451.8782,2451878.1999
1,2481.5967,2451.9527,2451952.6999
1,2481.7838,2452.1398,2452139.7999
1,2482.0065,2452.3625,2452362.4999
1,2482.0634,2452.4194,2452419.3999
1,2482.1121,2452.4681,2452468.0999
1,2482.2040,2452.5600,2452559.9999
1,2482.2614,2452.6174,2452617.3999
1,2482.3778,2452.7338,2452733.7999
1,2482.3814,2452.7374,2452737.3999
1,2482.3970,2452.7530,2452752.9999
1,2482.4446,2452.8006,2452800.5999
1,2482.6663,2453.0223,2453022.2999
1,2482.7334,2453.0894,2453089.3999
1,2482.8189,2453.1749,2453174.8999
1,2482.9747,2453.3307,2453330.6999
1,2483.0788,2453.4348,2453434.7999
1,2483.1612,2453.5172,2453517.1999
1,2483.1901,2453.5461,2453546.0999
1,2483.2231,2453.5791,2453579.0999
1,2483.2712,2453.6272,2453627.1999
1,2483.3199,2453.6759,2453675.8999
1,2483.3267,2453.6827,2453682.6999
1,2483.3654,2453.7214,2453721.3999
1,2483.4781,2453.8341,2453834.0999
1,2483.4988,2453.8548,2453854.7999
1,2483.6816,2454.0376,2454037.5999
1,2483.7190,2454.0750,2454074.9999
1,2483.7829,2454.1389,2454138.8999
1,2483.9451,2454.3011,2454301.0999
1,2484.1032,2454.4592,2454459.1999
1,2484.1457,2454.5017,2454501.6999
1,2484.2563,2454.6123,2454612.2999
1,2484.3505,2454.7065,2454706.4999
1,2484.3936,2454.7496,2454749.5999
1,2484.4858,2454.8418,2454841.7999
1,2484.5569,2454.9129,2454912.8999
1,2484.6723,2455.0283,2455028.2999
1,2484.6979,2455.0539,2455053.8999
1,2484.7266,2455.0826,2455082.5999
1,2484.8397,2455.1957,2455195.6999
1,2484.9923,2455.3483,2455348.2999
1,2485.0284,2455.3844,2455384.3999
1,2485.0502,2455.4062,2455406.1999
1,2485.1472,2455.5032,2455503.1999
1,2485.2173,2455.5733,2455573.2999
1,2485.2863,2455.6423,2455642.2999
1,2485.2992,2455.6552,2455655.1999
1,2485.3937,2455.7497,2455749.6999
1,2485.5280,2455.8840,2455883.9999
1,2485.7158,2456.0718,2456071.7999
1,2485.7582,2456.1142,2456114.1999
1,2485.9130,2456.2690,2456268.9999
1,2486.0266,2456.3826,2456382.5999
1,2486.0685,2456.4245,2456424.4999
1,2486.2047,2456.5607,2456560.6999
1,2486.2332,2456.5892,2456589.1999
1,2486.4236,2456.7796,2456779.5999
1,2486.6319,2456.9879,2456987.8999
1,2486.6570,2457.0130,2457012.9999
1,2486.7033,2457.0593,2457059.2999
1,2486.8168,2457.1728,2457172.7999
1,2486.8428,2457.1988,2457198.7999
1,2486.8604,2457.2164,2457216.3999
1,2487.0250,2457.3810,2457380.9999
1,2487.0325,2457.3885,2457388.4999
1,2487.0415,2457.3975,2457397.4999
1,2487.3474,2457.7034,2457703.3999
1,2487.4245,2457.7805,2457780.4999
1,2487.4513,2457.8073,2457807.2999
1,2487.4700,2457.8260,2457825.9999
1,2487.5181,2457.8741,2457874.0999
1,2487.5358,2457.8918,2457891.7999
1,2487.5497,2457.9057,2457905.6999
1,2487.7092,2458.0652,2458065.1999
1,2487.7171,2458.0731,2458073.0999
1,2487.7338,2458.0898,2458089.7999
1,2487.7542,2458.1102,2458110.1999
1,2487.7918,2458.1478,2458147.7999
1,2487.8597,2458.2157,2458215.6999
1,2488.0174,2458.3734,2458373.3999
1,2488.0316,2458.3876,2458387.5999
1,2488.0513,2458.4073,2458407.2999
1,2488.0881,2458.4441,2458444.0999
1,2488.1153,2458.4713,2458471.2999
1,2488.1726,2458.5286,2458528.5999
1,2488.2116,2458.5676,2458567.5999
1,2488.2283,2458.5843,2458584.2999
1,2488.4056,2458.7616,2458761.5999
1,2488.4221,2458.7781,2458778.0999
1,2488.4512,2458.8072,2458807.1999
1,2488.7887,2459.1447,2459144.6999
1,2488.8562,2459.2122,2459212.1999
1,2489.0568,2459.4128,2459412.7999
1,2489.1827,2459.5387,2459538.6999
1,2489.2180,2459.5740,2459573.9999
1,2489.2517,2459.6077,2459607.6999
1,2489.3720,2459.7280,2459727.9999
1,2489.4292,2459.7852,2459785.1999
1,2489.4572,2459.8132,2459813.1999
1,2489.4798,2459.8358,2459835.7999
1,2489.5342,2459.8902,2459890.1999
1,2489.5505,2459.9065,2459906.4999
1,2489.5685,2459.9245,2459924.4999
1,2489.6005,2459.9565,2459956.4999
1,2489.7109,2460.0669,2460066.8999
1,2489.7296,2460.0856,2460085.5999
1,2489.7504,2460.1064,2460106.3999
1,2489.8282,2460.1842,2460184.1999
1,2489.8891,2460.2451,2460245.0999
1,2489.9371,2460.2931,2460293.0999
1,2490.1251,2460.4811,2460481.0999
1,2490.1639,2460.5199,2460519.8999
1,2490.1883,2460.5443,2460544.2999
1,2490.2078,2460.5638,2460563.7999
1,2490.6291,2460.9851,2460985.0999
1,2490.7425,2461.0985,2461098.4999
1,2490.8444,2461.2004,2461200.3999
1,2490.8788,2461.2348,2461234.7999
1,2490.8995,2461.2555,2461255.4999
1,2490.9132,2461.2692,2461269.1999
1,2490.9820,2461.3380,2461337.9999
1,2491.0094,2461.3654,2461365.3999
1,2491.1547,2461.5107,2461510.6999
1,2491.1792,2461.5352,2461535.1999
1,2491.4232,2461.7792,2461779.1999
1,2491.4881,2461.8441,2461844.0999
1,2491.6791,2462.0351,2462035.0999
1,2491.7143,2462.0703,2462070.2999
1,2491.7581,2462.1141,2462114.0999
1,2491.7932,2462.1492,2462149.1999
1,2491.9118,2462.2678,2462267.7999
1,2491.9755,2462.3315,2462331.4999
1,2492.0688,2462.4248,2462424.7999
1,2492.2933,2462.6493,2462649.2999
1,2492.4932,2462.8492,2462849.1999
1,2492.5842,2462.9402,2462940.1999
1,2492.7480,2463.1040,2463103.9999
1,2492.8280,2463.1840,2463183.9999
1,2492.9730,2463.3290,2463328.9999
1,2493.1556,2463.5116,2463511.5999
1,2493.3443,2463.7003,2463700.2999
1,2493.4661,2463.8221,2463822.0999
1,2493.5644,2463.9204,2463920.3999
1,2493.6878,2464.0438,2464043.7999
1,2493.7337,2464.0897,2464089.6999
1,2493.8572,2464.2132,2464213.1999
1,2493.9391,2464.2951,2464295.0999
1,2494.5155,2464.8715,2464871.4999
1,2494.5464,2464.9024,2464902.3999
1,2494.6049,2464.9609,2464960.8999
1,2494.7769,2465.1329,2465132.8999
1,2494.8022,2465.1582,2465158.1999
1,2494.8603,2465.2163,2465216.2999
1,2494.9952,2465.3512,2465351.1999
1,2495.0257,2465.3817,2465381.6999
1,2495.2323,2465.5883,2465588.2999
1,2495.2751,2465.6311,2465631.0999
1,2495.2962,2465.6522,2465652.1999
1,2495.5430,2465.8990,2465898.9999
1,2495.5727,2465.9287,2465928.6999
1,2495.7502,2466.1062,2466106.1999
1,2495.7665,2466.1225,2466122.4999
1,2495.7773,2466.1333,2466133.2999
1,2495.7972,2466.1532,2466153.1999
1,2495.9773,2466.3333,2466333.2999
1,2496.0093,2466.3653,2466365.2999
1,2496.0899,2466.4459,2466445.8999
1,2496.1106,2466.4666,2466466.5999
1,2496.1372,2466.4932,2466493.1999
1,2496.1891,2466.5451,2466545.0999
1,2496.2352,2466.5912,2466591.1999
1,2496.4901,2466.8461,2466846.0999
1,2496.6549,2467.0109,2467010.8999
1,2496.6626,2467.0186,2467018.5999
1,2496.8046,2467.1606,2467160.5999
1,2496.8535,2467.2095,2467209.4999
1,2496.8934,2467.2494,2467249.3999
1,2496.9463,2467.3023,2467302.2999
1,2497.0017,2467.3577,2467357.6999
1,2497.0364,2467.3924,2467392.3999
1,2497.1850,2467.5410,2467540.9999
1,2497.3954,2467.7514,2467751.3999
1,2497.6992,2468.0552,2468055.1999
1,2497.7391,2468.0951,2468095.0999
1,2497.7800,2468.1360,2468135.9999
1,2497.8788,2468.2348,2468234.7999
1,2498.1579,2468.5139,2468513.8999
1,2498.2673,2468.6233,2468623.2999
1,2498.2770,2468.6330,2468632.9999
1,2498.3074,2468.6634,2468663.3999
1,2498.3713,2468.7273,2468727.2999
1,2498.4136,2468.7696,2468769.5999
1,2498.4347,2468.7907,2468790.6999
1,2498.7346,2469.0906,2469090.5999
1,2498.8302,2469.1862,2469186.1999
1,2498.9047,2469.2607,2469260.6999
1,2498.9686,2469.3246,2469324.5999
1,2499.0743,2469.4303,2469430.2999
1,2499.0975,2469.4535,2469453.4999
1,2499.1691,2469.5251,2469525.0999
1,2499.2337,2469.5897,2469589.6999
1,2499.2871,2469.6431,2469643.0999
1,2499.5478,2469.9038,2469903.7999
1,2499.7913,2470.1473,2470147.2999
1,2499.9163,2470.2723,2470272.2999
1,2500.2200,2470.5760,2470575.9999
1,2500.2501,2470.6061,2470606.0999
1,2500.3781,2470.7341,2470734.0999
1,2500.4349,2470.7909,2470790.8999
1,2500.5980,2470.9540,2470953.9999
1,2500.6218,2470.9778,2470977.7999
1,2500.8479,2471.2039,2471203.8999
1,2500.9110,2471.2670,2471266.9999
1,2500.9637,2471.3197,2471319.6999
1,2501.1687,2471.5247,2471524.6999
1,2501.2866,2471.6426,2471642.5999
1,2501.3992,2471.7552,2471755.1999
1,2501.4206,2471.7766,2471776.5999
1,2501.4351,2471.7911,2471791.0999
1,2501.6956,2472.0516,2472051.5999
1,2501.7970,2472.1530,2472152.9999
1,2501.8301,2472.1861,2472186.0999
1,2501.8482,2472.2042,2472204.1999
1,2501.8762,2472.2322,2472232.1999
1,2501.9460,2472.3020,2472301.9999
1,2502.0926,2472.4486,2472448.5999
1,2502.2589,2472.6149,2472614.8999
1,2502.5195,2472.8755,2472875.4999
1,2502.6202,2472.9762,2472976.1999
1,2502.7410,2473.0970,2473096.9999
1,2502.8216,2473.1776,2473177.5999
1,2502.8323,2473.1883,2473188.2999
1,2502.8996,2473.2556,2473255.5999
1,2502.9735,2473.3295,2473329.4999
1,2503.0484,2473.4044,2473404.3999
1,2503.2345,2473.5905,2473590.4999
1,2503.2707,2473.6267,2473626.6999
1,2503.3411,2473.6971,2473697.0999
1,2503.4883,2473.8443,2473844.2999
1,2503.5770,2473.9330,2473932.9999
1,2503.8113,2474.1673,2474167.2999
1,2503.8456,2474.2016,2474201.5999
1,2504.0061,2474.3621,2474362.0999
1,2504.0228,2474.3788,2474378.7999
1,2504.0811,2474.4371,2474437.0999
1,2504.1844,2474.5404,2474540.3999
1,2504.1985,2474.5545,2474554.4999
1,2504.2083,2474.5643,2474564.2999
1,2504.2331,2474.5891,2474589.0999
1,2504.3904,2474.7464,2474746.3999
1,2504.4482,2474.8042,2474804.1999
1,2504.5979,2474.9539,2474953.8999
1,2504.6498,2475.0058,2475005.7999
1,2504.9372,2475.2932,2475293.1999
1,2504.9611,2475.3171,2475317.0999
1,2505.1941,2475.5501,2475550.0999
1,2505.2350,2475.5910,2475590.9999
1,2505.2824,2475.6384,2475638.3999
1,2505.3414,2475.6974,2475697.3999
1,2505.3906,2475.7466,2475746.5999
1,2505.4431,2475.7991,2475799.0999
1,2505.4709,2475.8269,2475826.8999
1,2505.6600,2476.0160,2476015.9999
1,2505.7742,2476.1302,2476130.1999
1,2505.8296,2476.1856,2476185.5999
1,2505.8833,2476.2393,2476239.2999
1,2505.9267,2476.2827,2476282.6999
1,2506.1033,2476.4593,2476459.2999
1,2506.1270,2476.4830,2476482.9999
1,2506.1605,2476.5165,2476516.4999
1,2506.2822,2476.6382,2476638.1999
1,2506.3322,2476.6882,2476688.1999
1,2506.3592,2476.7152,2476715.1999
