units,spikeTimeRawS,movieAlignedTimeS,movieAlignedTimeMs,trialOrder,clipWindowId,clipID,movieID,isAccurate,plotOrder,includeInPlots,clipStartTimeMs,clipEndTimeMs,spikeTimeRelativeToClipStartMs,spikeTimeRelativeToClipStartS
1,1986.2360,1956.5920,1956591.9999,1,1.0-1956450-1959456,818.0000,1.0000,1,1,True,1956450.0000,1959456.0000,141.9999,0.1420
1,1986.3161,1956.6721,1956672.0999,1,1.0-1956450-1959456,818.0000,1.0000,1,1,True,1956450.0000,1959456.0000,222.0999,0.2221
1,1986.3417,1956.6977,1956697.6999,1,1.0-1956450-1959456,818.0000,1.0000,1,1,True,1956450.0000,1959456.0000,247.6999,0.2477
1,1986.3748,1956.7308,1956730.7999,1,1.0-1956450-1959456,818.0000,1.0000,1,1,True,1956450.0000,1959456.0000,280.7999,0.2808
1,1986.4159,1956.7719,1956771.8999,1,1.0-1956450-1959456,818.0000,1.0000,1,1,True,1956450.0000,1959456.0000,321.8999,0.3219
1,1986.4266,1956.7826,1956782.5999,1,1.0-1956450-1959456,818.0000,1.0000,1,1,True,1956450.0000,1959456.0000,332.5999,0.3326
1,1986.5551,1956.9111,1956911.0999,1,1.0-1956450-1959456,818.0000,1.0000,1,1,True,1956450.0000,1959456.0000,461.0999,0.4611
1,1986.6254,1956.9814,1956981.3999,1,1.0-1956450-1959456,818.0000,1.0000,1,1,True,1956450.0000,1959456.0000,531.3999,0.5314
1,1986.6281,1956.9841,1956984.0999,1,1.0-1956450-1959456,818.0000,1.0000,1,1,True,1956450.0000,1959456.0000,534.0999,0.5341
1,1986.6378,1956.9938,1956993.7999,1,1.0-1956450-1959456,818.0000,1.0000,1,1,True,1956450.0000,1959456.0000,543.7999,0.5438
1,1986.8646,1957.2206,1957220.5999,1,1.0-1956450-1959456,818.0000,1.0000,1,1,True,1956450.0000,1959456.0000,770.5999,0.7706
1,1986.8836,1957.2396,1957239.5999,1,1.0-1956450-1959456,818.0000,1.0000,1,1,True,1956450.0000,1959456.0000,789.5999,0.7896
1,1986.9940,1957.3500,1957349.9999,1,1.0-1956450-1959456,818.0000,1.0000,1,1,True,1956450.0000,1959456.0000,899.9999,0.9000
1,1987.1351,1957.4911,1957491.0999,1,1.0-1956450-1959456,818.0000,1.0000,1,1,True,1956450.0000,1959456.0000,1041.0999,1.0411
1,1987.1603,1957.5163,1957516.2999,1,1.0-1956450-1959456,818.0000,1.0000,1,1,True,1956450.0000,1959456.0000,1066.2999,1.0663
1,1987.2579,1957.6139,1957613.8999,1,1.0-1956450-1959456,818.0000,1.0000,1,1,True,1956450.0000,1959456.0000,1163.8999,1.1639
1,1987.3020,1957.6580,1957657.9999,1,1.0-1956450-1959456,818.0000,1.0000,1,1,True,1956450.0000,1959456.0000,1207.9999,1.2080
1,1987.4804,1957.8364,1957836.3999,1,1.0-1956450-1959456,818.0000,1.0000,1,1,True,1956450.0000,1959456.0000,1386.3999,1.3864
1,1987.4971,1957.8531,1957853.0999,1,1.0-1956450-1959456,818.0000,1.0000,1,1,True,1956450.0000,1959456.0000,1403.0999,1.4031
1,1987.7333,1958.0893,1958089.2999,1,1.0-1956450-1959456,818.0000,1.0000,1,1,True,1956450.0000,1959456.0000,1639.2999,1.6393
1,1987.9535,1958.3095,1958309.4999,1,1.0-1956450-1959456,818.0000,1.0000,1,1,True,1956450.0000,1959456.0000,1859.4999,1.8595
1,1988.0526,1958.4086,1958408.5999,1,1.0-1956450-1959456,818.0000,1.0000,1,1,True,1956450.0000,1959456.0000,1958.5999,1.9586
1,1988.2071,1958.5631,1958563.0999,1,1.0-1956450-1959456,818.0000,1.0000,1,1,True,1956450.0000,1959456.0000,2113.0999,2.1131
1,1988.3120,1958.6680,1958667.9999,1,1.0-1956450-1959456,818.0000,1.0000,1,1,True,1956450.0000,1959456.0000,2217.9999,2.2180
1,1988.3886,1958.7446,1958744.5999,1,1.0-1956450-1959456,818.0000,1.0000,1,1,True,1956450.0000,1959456.0000,2294.5999,2.2946
1,1988.5732,1958.9292,1958929.1999,1,1.0-1956450-1959456,818.0000,1.0000,1,1,True,1956450.0000,1959456.0000,2479.1999,2.4792
1,1988.5899,1958.9459,1958945.8999,1,1.0-1956450-1959456,818.0000,1.0000,1,1,True,1956450.0000,1959456.0000,2495.8999,2.4959
1,1988.5959,1958.9519,1958951.8999,1,1.0-1956450-1959456,818.0000,1.0000,1,1,True,1956450.0000,1959456.0000,2501.8999,2.5019
1,1988.6148,1958.9708,1958970.7999,1,1.0-1956450-1959456,818.0000,1.0000,1,1,True,1956450.0000,1959456.0000,2520.7999,2.5208
1,1989.0132,1959.3692,1959369.1999,1,1.0-1956450-1959456,818.0000,1.0000,1,1,True,1956450.0000,1959456.0000,2919.1999,2.9192
1,924.6091,894.9651,894965.0999,2,1.0-894728-896565,387.0000,1.0000,1,2,True,894728.0000,896565.0000,237.0999,0.2371
1,924.6912,895.0472,895047.1999,2,1.0-894728-896565,387.0000,1.0000,1,2,True,894728.0000,896565.0000,319.1999,0.3192
1,924.7227,895.0787,895078.6999,2,1.0-894728-896565,387.0000,1.0000,1,2,True,894728.0000,896565.0000,350.6999,0.3507
1,924.8248,895.1808,895180.7999,2,1.0-894728-896565,387.0000,1.0000,1,2,True,894728.0000,896565.0000,452.7999,0.4528
1,924.9463,895.3023,895302.2999,2,1.0-894728-896565,387.0000,1.0000,1,2,True,894728.0000,896565.0000,574.2999,0.5743
1,925.1149,895.4709,895470.8999,2,1.0-894728-896565,387.0000,1.0000,1,2,True,894728.0000,896565.0000,742.8999,0.7429
1,925.1632,895.5192,895519.1999,2,1.0-894728-896565,387.0000,1.0000,1,2,True,894728.0000,896565.0000,791.1999,0.7912
1,925.2476,895.6036,895603.5999,2,1.0-894728-896565,387.0000,1.0000,1,2,True,894728.0000,896565.0000,875.5999,0.8756
1,925.2821,895.6381,895638.0999,2,1.0-894728-896565,387.0000,1.0000,1,2,True,894728.0000,896565.0000,910.0999,0.9101
1,925.3785,895.7345,895734.4999,2,1.0-894728-896565,387.0000,1.0000,1,2,True,894728.0000,896565.0000,1006.4999,1.0065
1,925.4807,895.8367,895836.6999,2,1.0-894728-896565,387.0000,1.0000,1,2,True,894728.0000,896565.0000,1108.6999,1.1087
1,925.5368,895.8928,895892.7999,2,1.0-894728-896565,387.0000,1.0000,1,2,True,894728.0000,896565.0000,1164.7999,1.1648
1,925.5501,895.9061,895906.0999,2,1.0-894728-896565,387.0000,1.0000,1,2,True,894728.0000,896565.0000,1178.0999,1.1781
1,925.7074,896.0634,896063.3999,2,1.0-894728-896565,387.0000,1.0000,1,2,True,894728.0000,896565.0000,1335.3999,1.3354
1,925.7441,896.1001,896100.0999,2,1.0-894728-896565,387.0000,1.0000,1,2,True,894728.0000,896565.0000,1372.0999,1.3721
1,926.0645,896.4205,896420.4999,2,1.0-894728-896565,387.0000,1.0000,1,2,True,894728.0000,896565.0000,1692.4999,1.6925
1,926.1871,896.5431,896543.0999,2,1.0-894728-896565,387.0000,1.0000,1,2,True,894728.0000,896565.0000,1815.0999,1.8151
1,1807.4168,1777.7728,1777772.7999,3,1.0-1777398-1778200,733.0000,1.0000,0,60,True,1777398.0000,1778200.0000,374.7999,0.3748
1,1807.4691,1777.8251,1777825.0999,3,1.0-1777398-1778200,733.0000,1.0000,0,60,True,1777398.0000,1778200.0000,427.0999,0.4271
1,1807.4893,1777.8453,1777845.2999,3,1.0-1777398-1778200,733.0000,1.0000,0,60,True,1777398.0000,1778200.0000,447.2999,0.4473
1,1807.6235,1777.9795,1777979.4999,3,1.0-1777398-1778200,733.0000,1.0000,0,60,True,1777398.0000,1778200.0000,581.4999,0.5815
1,1807.7772,1778.1332,1778133.1999,3,1.0-1777398-1778200,733.0000,1.0000,0,60,True,1777398.0000,1778200.0000,735.1999,0.7352
1,1807.8306,1778.1866,1778186.5999,3,1.0-1777398-1778200,733.0000,1.0000,0,60,True,1777398.0000,1778200.0000,788.5999,0.7886
1,1348.2720,1318.6280,1318627.9999,4,1.0-1318428-1321434,535.0000,1.0000,1,3,True,1318428.0000,1321434.0000,199.9999,0.2000
1,1348.4165,1318.7725,1318772.4999,4,1.0-1318428-1321434,535.0000,1.0000,1,3,True,1318428.0000,1321434.0000,344.4999,0.3445
1,1348.6167,1318.9727,1318972.6999,4,1.0-1318428-1321434,535.0000,1.0000,1,3,True,1318428.0000,1321434.0000,544.6999,0.5447
1,1348.6559,1319.0119,1319011.8999,4,1.0-1318428-1321434,535.0000,1.0000,1,3,True,1318428.0000,1321434.0000,583.8999,0.5839
1,1348.8138,1319.1698,1319169.7999,4,1.0-1318428-1321434,535.0000,1.0000,1,3,True,1318428.0000,1321434.0000,741.7999,0.7418
1,1348.9255,1319.2815,1319281.4999,4,1.0-1318428-1321434,535.0000,1.0000,1,3,True,1318428.0000,1321434.0000,853.4999,0.8535
1,1349.0347,1319.3907,1319390.6999,4,1.0-1318428-1321434,535.0000,1.0000,1,3,True,1318428.0000,1321434.0000,962.6999,0.9627
1,1349.3271,1319.6831,1319683.0999,4,1.0-1318428-1321434,535.0000,1.0000,1,3,True,1318428.0000,1321434.0000,1255.0999,1.2551
1,1349.6107,1319.9667,1319966.6999,4,1.0-1318428-1321434,535.0000,1.0000,1,3,True,1318428.0000,1321434.0000,1538.6999,1.5387
1,1349.6493,1320.0053,1320005.2999,4,1.0-1318428-1321434,535.0000,1.0000,1,3,True,1318428.0000,1321434.0000,1577.2999,1.5773
1,1349.8740,1320.2300,1320229.9999,4,1.0-1318428-1321434,535.0000,1.0000,1,3,True,1318428.0000,1321434.0000,1801.9999,1.8020
1,1350.0582,1320.4142,1320414.1999,4,1.0-1318428-1321434,535.0000,1.0000,1,3,True,1318428.0000,1321434.0000,1986.1999,1.9862
1,1350.1736,1320.5296,1320529.5999,4,1.0-1318428-1321434,535.0000,1.0000,1,3,True,1318428.0000,1321434.0000,2101.5999,2.1016
1,1350.1883,1320.5443,1320544.2999,4,1.0-1318428-1321434,535.0000,1.0000,1,3,True,1318428.0000,1321434.0000,2116.2999,2.1163
1,1350.7082,1321.0642,1321064.1999,4,1.0-1318428-1321434,535.0000,1.0000,1,3,True,1318428.0000,1321434.0000,2636.1999,2.6362
1,1350.8116,1321.1676,1321167.5999,4,1.0-1318428-1321434,535.0000,1.0000,1,3,True,1318428.0000,1321434.0000,2739.5999,2.7396
1,1350.8295,1321.1855,1321185.4999,4,1.0-1318428-1321434,535.0000,1.0000,1,3,True,1318428.0000,1321434.0000,2757.4999,2.7575
1,1350.9568,1321.3128,1321312.7999,4,1.0-1318428-1321434,535.0000,1.0000,1,3,True,1318428.0000,1321434.0000,2884.7999,2.8848
1,1350.9825,1321.3385,1321338.4999,4,1.0-1318428-1321434,535.0000,1.0000,1,3,True,1318428.0000,1321434.0000,2910.4999,2.9105
1,726.3045,696.6605,696660.4999,5,1.0-696504-698141,326.0000,1.0000,1,4,True,696504.0000,698141.0000,156.4999,0.1565
1,726.3586,696.7146,696714.5999,5,1.0-696504-698141,326.0000,1.0000,1,4,True,696504.0000,698141.0000,210.5999,0.2106
1,726.4591,696.8151,696815.0999,5,1.0-696504-698141,326.0000,1.0000,1,4,True,696504.0000,698141.0000,311.0999,0.3111
1,726.5316,696.8876,696887.5999,5,1.0-696504-698141,326.0000,1.0000,1,4,True,696504.0000,698141.0000,383.5999,0.3836
1,726.5340,696.8900,696889.9999,5,1.0-696504-698141,326.0000,1.0000,1,4,True,696504.0000,698141.0000,385.9999,0.3860
1,726.5717,696.9277,696927.6999,5,1.0-696504-698141,326.0000,1.0000,1,4,True,696504.0000,698141.0000,423.6999,0.4237
1,726.6513,697.0073,697007.2999,5,1.0-696504-698141,326.0000,1.0000,1,4,True,696504.0000,698141.0000,503.2999,0.5033
1,726.7328,697.0888,697088.7999,5,1.0-696504-698141,326.0000,1.0000,1,4,True,696504.0000,698141.0000,584.7999,0.5848
1,726.7851,697.1411,697141.0999,5,1.0-696504-698141,326.0000,1.0000,1,4,True,696504.0000,698141.0000,637.0999,0.6371
1,726.8329,697.1889,697188.8999,5,1.0-696504-698141,326.0000,1.0000,1,4,True,696504.0000,698141.0000,684.8999,0.6849
1,726.9586,697.3146,697314.5999,5,1.0-696504-698141,326.0000,1.0000,1,4,True,696504.0000,698141.0000,810.5999,0.8106
1,727.1129,697.4689,697468.8999,5,1.0-696504-698141,326.0000,1.0000,1,4,True,696504.0000,698141.0000,964.8999,0.9649
1,727.1258,697.4818,697481.7999,5,1.0-696504-698141,326.0000,1.0000,1,4,True,696504.0000,698141.0000,977.7999,0.9778
1,727.1331,697.4891,697489.0999,5,1.0-696504-698141,326.0000,1.0000,1,4,True,696504.0000,698141.0000,985.0999,0.9851
1,727.2366,697.5926,697592.5999,5,1.0-696504-698141,326.0000,1.0000,1,4,True,696504.0000,698141.0000,1088.5999,1.0886
1,727.3413,697.6973,697697.2999,5,1.0-696504-698141,326.0000,1.0000,1,4,True,696504.0000,698141.0000,1193.2999,1.1933
1,727.3604,697.7164,697716.3999,5,1.0-696504-698141,326.0000,1.0000,1,4,True,696504.0000,698141.0000,1212.3999,1.2124
1,727.3680,697.7240,697723.9999,5,1.0-696504-698141,326.0000,1.0000,1,4,True,696504.0000,698141.0000,1219.9999,1.2200
1,727.5102,697.8662,697866.1999,5,1.0-696504-698141,326.0000,1.0000,1,4,True,696504.0000,698141.0000,1362.1999,1.3622
1,727.5344,697.8904,697890.3999,5,1.0-696504-698141,326.0000,1.0000,1,4,True,696504.0000,698141.0000,1386.3999,1.3864
1,727.5807,697.9367,697936.6999,5,1.0-696504-698141,326.0000,1.0000,1,4,True,696504.0000,698141.0000,1432.6999,1.4327
1,2450.6005,2420.9565,2420956.4999,6,1.0-2420931-2423937,995.0000,1.0000,1,5,True,2420931.0000,2423937.0000,25.4999,0.0255
1,2450.6192,2420.9752,2420975.1999,6,1.0-2420931-2423937,995.0000,1.0000,1,5,True,2420931.0000,2423937.0000,44.1999,0.0442
1,2450.6473,2421.0033,2421003.2999,6,1.0-2420931-2423937,995.0000,1.0000,1,5,True,2420931.0000,2423937.0000,72.2999,0.0723
1,2450.6857,2421.0417,2421041.6999,6,1.0-2420931-2423937,995.0000,1.0000,1,5,True,2420931.0000,2423937.0000,110.6999,0.1107
1,2451.1284,2421.4844,2421484.3999,6,1.0-2420931-2423937,995.0000,1.0000,1,5,True,2420931.0000,2423937.0000,553.3999,0.5534
1,2451.1500,2421.5060,2421505.9999,6,1.0-2420931-2423937,995.0000,1.0000,1,5,True,2420931.0000,2423937.0000,574.9999,0.5750
1,2451.2381,2421.5941,2421594.0999,6,1.0-2420931-2423937,995.0000,1.0000,1,5,True,2420931.0000,2423937.0000,663.0999,0.6631
1,2451.3008,2421.6568,2421656.7999,6,1.0-2420931-2423937,995.0000,1.0000,1,5,True,2420931.0000,2423937.0000,725.7999,0.7258
1,2451.3573,2421.7133,2421713.2999,6,1.0-2420931-2423937,995.0000,1.0000,1,5,True,2420931.0000,2423937.0000,782.2999,0.7823
1,2451.3758,2421.7318,2421731.7999,6,1.0-2420931-2423937,995.0000,1.0000,1,5,True,2420931.0000,2423937.0000,800.7999,0.8008
1,2451.4185,2421.7745,2421774.4999,6,1.0-2420931-2423937,995.0000,1.0000,1,5,True,2420931.0000,2423937.0000,843.4999,0.8435
1,2451.4806,2421.8366,2421836.5999,6,1.0-2420931-2423937,995.0000,1.0000,1,5,True,2420931.0000,2423937.0000,905.5999,0.9056
1,2451.5662,2421.9222,2421922.1999,6,1.0-2420931-2423937,995.0000,1.0000,1,5,True,2420931.0000,2423937.0000,991.1999,0.9912
1,2451.5926,2421.9486,2421948.5999,6,1.0-2420931-2423937,995.0000,1.0000,1,5,True,2420931.0000,2423937.0000,1017.5999,1.0176
1,2452.2009,2422.5569,2422556.8999,6,1.0-2420931-2423937,995.0000,1.0000,1,5,True,2420931.0000,2423937.0000,1625.8999,1.6259
1,2452.2627,2422.6187,2422618.6999,6,1.0-2420931-2423937,995.0000,1.0000,1,5,True,2420931.0000,2423937.0000,1687.6999,1.6877
1,2452.2963,2422.6523,2422652.2999,6,1.0-2420931-2423937,995.0000,1.0000,1,5,True,2420931.0000,2423937.0000,1721.2999,1.7213
1,2452.6887,2423.0447,2423044.6999,6,1.0-2420931-2423937,995.0000,1.0000,1,5,True,2420931.0000,2423937.0000,2113.6999,2.1137
1,2452.7010,2423.0570,2423056.9999,6,1.0-2420931-2423937,995.0000,1.0000,1,5,True,2420931.0000,2423937.0000,2125.9999,2.1260
1,2452.8009,2423.1569,2423156.8999,6,1.0-2420931-2423937,995.0000,1.0000,1,5,True,2420931.0000,2423937.0000,2225.8999,2.2259
1,2452.8444,2423.2004,2423200.3999,6,1.0-2420931-2423937,995.0000,1.0000,1,5,True,2420931.0000,2423937.0000,2269.3999,2.2694
1,2452.8700,2423.2260,2423225.9999,6,1.0-2420931-2423937,995.0000,1.0000,1,5,True,2420931.0000,2423937.0000,2294.9999,2.2950
1,2452.8772,2423.2332,2423233.1999,6,1.0-2420931-2423937,995.0000,1.0000,1,5,True,2420931.0000,2423937.0000,2302.1999,2.3022
1,2452.9741,2423.3301,2423330.0999,6,1.0-2420931-2423937,995.0000,1.0000,1,5,True,2420931.0000,2423937.0000,2399.0999,2.3991
1,2453.1826,2423.5386,2423538.5999,6,1.0-2420931-2423937,995.0000,1.0000,1,5,True,2420931.0000,2423937.0000,2607.5999,2.6076
1,2453.5627,2423.9187,2423918.6999,6,1.0-2420931-2423937,995.0000,1.0000,1,5,True,2420931.0000,2423937.0000,2987.6999,2.9877
1,1187.7561,1158.1121,1158112.0999,7,1.0-1158046-1160117,477.0000,1.0000,1,6,True,1158046.0000,1160117.0000,66.0999,0.0661
1,1187.8353,1158.1913,1158191.2999,7,1.0-1158046-1160117,477.0000,1.0000,1,6,True,1158046.0000,1160117.0000,145.2999,0.1453
1,1188.1535,1158.5095,1158509.4999,7,1.0-1158046-1160117,477.0000,1.0000,1,6,True,1158046.0000,1160117.0000,463.4999,0.4635
1,1188.1971,1158.5531,1158553.0999,7,1.0-1158046-1160117,477.0000,1.0000,1,6,True,1158046.0000,1160117.0000,507.0999,0.5071
1,1188.4316,1158.7876,1158787.5999,7,1.0-1158046-1160117,477.0000,1.0000,1,6,True,1158046.0000,1160117.0000,741.5999,0.7416
1,1188.4583,1158.8143,1158814.2999,7,1.0-1158046-1160117,477.0000,1.0000,1,6,True,1158046.0000,1160117.0000,768.2999,0.7683
1,1188.7476,1159.1036,1159103.5999,7,1.0-1158046-1160117,477.0000,1.0000,1,6,True,1158046.0000,1160117.0000,1057.5999,1.0576
1,1188.7582,1159.1142,1159114.1999,7,1.0-1158046-1160117,477.0000,1.0000,1,6,True,1158046.0000,1160117.0000,1068.1999,1.0682
1,1189.0723,1159.4283,1159428.2999,7,1.0-1158046-1160117,477.0000,1.0000,1,6,True,1158046.0000,1160117.0000,1382.2999,1.3823
1,1189.1739,1159.5299,1159529.8999,7,1.0-1158046-1160117,477.0000,1.0000,1,6,True,1158046.0000,1160117.0000,1483.8999,1.4839
1,1189.1959,1159.5519,1159551.8999,7,1.0-1158046-1160117,477.0000,1.0000,1,6,True,1158046.0000,1160117.0000,1505.8999,1.5059
1,1189.4248,1159.7808,1159780.7999,7,1.0-1158046-1160117,477.0000,1.0000,1,6,True,1158046.0000,1160117.0000,1734.7999,1.7348
1,1189.6136,1159.9696,1159969.5999,7,1.0-1158046-1160117,477.0000,1.0000,1,6,True,1158046.0000,1160117.0000,1923.5999,1.9236
1,1189.6954,1160.0514,1160051.3999,7,1.0-1158046-1160117,477.0000,1.0000,1,6,True,1158046.0000,1160117.0000,2005.3999,2.0054
1,1189.7198,1160.0758,1160075.7999,7,1.0-1158046-1160117,477.0000,1.0000,1,6,True,1158046.0000,1160117.0000,2029.7999,2.0298
1,1189.7418,1160.0978,1160097.7999,7,1.0-1158046-1160117,477.0000,1.0000,1,6,True,1158046.0000,1160117.0000,2051.7999,2.0518
1,739.3899,709.7459,709745.8999,8,1.0-709630-711667,330.0000,1.0000,1,7,True,709630.0000,711667.0000,115.8999,0.1159
1,739.5076,709.8636,709863.5999,8,1.0-709630-711667,330.0000,1.0000,1,7,True,709630.0000,711667.0000,233.5999,0.2336
1,739.5469,709.9029,709902.8999,8,1.0-709630-711667,330.0000,1.0000,1,7,True,709630.0000,711667.0000,272.8999,0.2729
1,740.0082,710.3642,710364.1999,8,1.0-709630-711667,330.0000,1.0000,1,7,True,709630.0000,711667.0000,734.1999,0.7342
1,740.1760,710.5320,710531.9999,8,1.0-709630-711667,330.0000,1.0000,1,7,True,709630.0000,711667.0000,901.9999,0.9020
1,740.2365,710.5925,710592.4999,8,1.0-709630-711667,330.0000,1.0000,1,7,True,709630.0000,711667.0000,962.4999,0.9625
1,740.4293,710.7853,710785.2999,8,1.0-709630-711667,330.0000,1.0000,1,7,True,709630.0000,711667.0000,1155.2999,1.1553
1,740.4503,710.8063,710806.2999,8,1.0-709630-711667,330.0000,1.0000,1,7,True,709630.0000,711667.0000,1176.2999,1.1763
1,740.6190,710.9750,710974.9999,8,1.0-709630-711667,330.0000,1.0000,1,7,True,709630.0000,711667.0000,1344.9999,1.3450
1,740.6610,711.0170,711016.9999,8,1.0-709630-711667,330.0000,1.0000,1,7,True,709630.0000,711667.0000,1386.9999,1.3870
1,740.6814,711.0374,711037.3999,8,1.0-709630-711667,330.0000,1.0000,1,7,True,709630.0000,711667.0000,1407.3999,1.4074
1,740.7143,711.0703,711070.2999,8,1.0-709630-711667,330.0000,1.0000,1,7,True,709630.0000,711667.0000,1440.2999,1.4403
1,740.7628,711.1188,711118.7999,8,1.0-709630-711667,330.0000,1.0000,1,7,True,709630.0000,711667.0000,1488.7999,1.4888
1,740.8666,711.2226,711222.5999,8,1.0-709630-711667,330.0000,1.0000,1,7,True,709630.0000,711667.0000,1592.5999,1.5926
1,741.2779,711.6339,711633.8999,8,1.0-709630-711667,330.0000,1.0000,1,7,True,709630.0000,711667.0000,2003.8999,2.0039
1,2381.2862,2351.6422,2351642.1999,9,1.0-2351628-2352764,964.0000,1.0000,1,8,True,2351628.0000,2352764.0000,14.1999,0.0142
1,2381.4085,2351.7645,2351764.4999,9,1.0-2351628-2352764,964.0000,1.0000,1,8,True,2351628.0000,2352764.0000,136.4999,0.1365
1,2381.5935,2351.9495,2351949.4999,9,1.0-2351628-2352764,964.0000,1.0000,1,8,True,2351628.0000,2352764.0000,321.4999,0.3215
1,2381.6773,2352.0333,2352033.2999,9,1.0-2351628-2352764,964.0000,1.0000,1,8,True,2351628.0000,2352764.0000,405.2999,0.4053
1,2381.8619,2352.2179,2352217.8999,9,1.0-2351628-2352764,964.0000,1.0000,1,8,True,2351628.0000,2352764.0000,589.8999,0.5899
1,2382.2384,2352.5944,2352594.3999,9,1.0-2351628-2352764,964.0000,1.0000,1,8,True,2351628.0000,2352764.0000,966.3999,0.9664
1,1865.4540,1835.8100,1835809.9999,10,1.0-1835746-1837450,758.0000,1.0000,1,9,True,1835746.0000,1837450.0000,63.9999,0.0640
1,1865.4803,1835.8363,1835836.2999,10,1.0-1835746-1837450,758.0000,1.0000,1,9,True,1835746.0000,1837450.0000,90.2999,0.0903
1,1865.5563,1835.9123,1835912.2999,10,1.0-1835746-1837450,758.0000,1.0000,1,9,True,1835746.0000,1837450.0000,166.2999,0.1663
1,1865.6071,1835.9631,1835963.0999,10,1.0-1835746-1837450,758.0000,1.0000,1,9,True,1835746.0000,1837450.0000,217.0999,0.2171
1,1865.7803,1836.1363,1836136.2999,10,1.0-1835746-1837450,758.0000,1.0000,1,9,True,1835746.0000,1837450.0000,390.2999,0.3903
1,1866.4850,1836.8410,1836840.9999,10,1.0-1835746-1837450,758.0000,1.0000,1,9,True,1835746.0000,1837450.0000,1094.9999,1.0950
1,1866.6771,1837.0331,1837033.0999,10,1.0-1835746-1837450,758.0000,1.0000,1,9,True,1835746.0000,1837450.0000,1287.0999,1.2871
1,1866.7825,1837.1385,1837138.4999,10,1.0-1835746-1837450,758.0000,1.0000,1,9,True,1835746.0000,1837450.0000,1392.4999,1.3925
1,1866.8150,1837.1710,1837170.9999,10,1.0-1835746-1837450,758.0000,1.0000,1,9,True,1835746.0000,1837450.0000,1424.9999,1.4250
1,1866.9630,1837.3190,1837318.9999,10,1.0-1835746-1837450,758.0000,1.0000,1,9,True,1835746.0000,1837450.0000,1572.9999,1.5730
1,1867.0431,1837.3991,1837399.0999,10,1.0-1835746-1837450,758.0000,1.0000,1,9,True,1835746.0000,1837450.0000,1653.0999,1.6531
1,1867.0667,1837.4227,1837422.6999,10,1.0-1835746-1837450,758.0000,1.0000,1,9,True,1835746.0000,1837450.0000,1676.6999,1.6767
1,1786.9328,1757.2888,1757288.7999,11,1.0-1757225-1758928,723.0000,1.0000,1,10,True,1757225.0000,1758928.0000,63.7999,0.0638
1,1787.1973,1757.5533,1757553.2999,11,1.0-1757225-1758928,723.0000,1.0000,1,10,True,1757225.0000,1758928.0000,328.2999,0.3283
1,1787.2742,1757.6302,1757630.1999,11,1.0-1757225-1758928,723.0000,1.0000,1,10,True,1757225.0000,1758928.0000,405.1999,0.4052
1,1787.4448,1757.8008,1757800.7999,11,1.0-1757225-1758928,723.0000,1.0000,1,10,True,1757225.0000,1758928.0000,575.7999,0.5758
1,1787.6523,1758.0083,1758008.2999,11,1.0-1757225-1758928,723.0000,1.0000,1,10,True,1757225.0000,1758928.0000,783.2999,0.7833
1,1787.8859,1758.2419,1758241.8999,11,1.0-1757225-1758928,723.0000,1.0000,1,10,True,1757225.0000,1758928.0000,1016.8999,1.0169
1,1787.9415,1758.2975,1758297.4999,11,1.0-1757225-1758928,723.0000,1.0000,1,10,True,1757225.0000,1758928.0000,1072.4999,1.0725
1,1787.9720,1758.3280,1758327.9999,11,1.0-1757225-1758928,723.0000,1.0000,1,10,True,1757225.0000,1758928.0000,1102.9999,1.1030
1,1788.1616,1758.5176,1758517.5999,11,1.0-1757225-1758928,723.0000,1.0000,1,10,True,1757225.0000,1758928.0000,1292.5999,1.2926
1,1788.1808,1758.5368,1758536.7999,11,1.0-1757225-1758928,723.0000,1.0000,1,10,True,1757225.0000,1758928.0000,1311.7999,1.3118
1,1788.2049,1758.5609,1758560.8999,11,1.0-1757225-1758928,723.0000,1.0000,1,10,True,1757225.0000,1758928.0000,1335.8999,1.3359
1,1788.3378,1758.6938,1758693.7999,11,1.0-1757225-1758928,723.0000,1.0000,1,10,True,1757225.0000,1758928.0000,1468.7999,1.4688
1,1788.3407,1758.6967,1758696.6999,11,1.0-1757225-1758928,723.0000,1.0000,1,10,True,1757225.0000,1758928.0000,1471.6999,1.4717
1,1788.4818,1758.8378,1758837.7999,11,1.0-1757225-1758928,723.0000,1.0000,1,10,True,1757225.0000,1758928.0000,1612.7999,1.6128
1,1788.5470,1758.9030,1758902.9999,11,1.0-1757225-1758928,723.0000,1.0000,1,10,True,1757225.0000,1758928.0000,1677.9999,1.6780
1,549.3506,519.7066,519706.5999,12,1.0-519322-520725,264.0000,1.0000,1,11,True,519322.0000,520725.0000,384.5999,0.3846
1,549.4222,519.7782,519778.1999,12,1.0-519322-520725,264.0000,1.0000,1,11,True,519322.0000,520725.0000,456.1999,0.4562
1,549.5645,519.9205,519920.4999,12,1.0-519322-520725,264.0000,1.0000,1,11,True,519322.0000,520725.0000,598.4999,0.5985
1,549.9829,520.3389,520338.8999,12,1.0-519322-520725,264.0000,1.0000,1,11,True,519322.0000,520725.0000,1016.8999,1.0169
1,550.2090,520.5650,520564.9999,12,1.0-519322-520725,264.0000,1.0000,1,11,True,519322.0000,520725.0000,1242.9999,1.2430
1,2121.9007,2092.2567,2092256.6999,13,1.0-2092151-2093253,872.0000,1.0000,1,12,True,2092151.0000,2093253.0000,105.6999,0.1057
1,2122.3314,2092.6874,2092687.3999,13,1.0-2092151-2093253,872.0000,1.0000,1,12,True,2092151.0000,2093253.0000,536.3999,0.5364
1,2122.4679,2092.8239,2092823.8999,13,1.0-2092151-2093253,872.0000,1.0000,1,12,True,2092151.0000,2093253.0000,672.8999,0.6729
1,2122.4759,2092.8319,2092831.8999,13,1.0-2092151-2093253,872.0000,1.0000,1,12,True,2092151.0000,2093253.0000,680.8999,0.6809
1,2122.5513,2092.9073,2092907.2999,13,1.0-2092151-2093253,872.0000,1.0000,1,12,True,2092151.0000,2093253.0000,756.2999,0.7563
1,2122.5912,2092.9472,2092947.1999,13,1.0-2092151-2093253,872.0000,1.0000,1,12,True,2092151.0000,2093253.0000,796.1999,0.7962
1,2122.5950,2092.9510,2092950.9999,13,1.0-2092151-2093253,872.0000,1.0000,1,12,True,2092151.0000,2093253.0000,799.9999,0.8000
1,2122.6764,2093.0324,2093032.3999,13,1.0-2092151-2093253,872.0000,1.0000,1,12,True,2092151.0000,2093253.0000,881.3999,0.8814
1,2122.7361,2093.0921,2093092.0999,13,1.0-2092151-2093253,872.0000,1.0000,1,12,True,2092151.0000,2093253.0000,941.0999,0.9411
1,2122.7674,2093.1234,2093123.3999,13,1.0-2092151-2093253,872.0000,1.0000,1,12,True,2092151.0000,2093253.0000,972.3999,0.9724
1,2122.8013,2093.1573,2093157.2999,13,1.0-2092151-2093253,872.0000,1.0000,1,12,True,2092151.0000,2093253.0000,1006.2999,1.0063
1,1021.6857,992.0417,992041.6999,14,1.0-991785-994691,427.0000,1.0000,1,13,True,991785.0000,994691.0000,256.6999,0.2567
1,1021.7022,992.0582,992058.1999,14,1.0-991785-994691,427.0000,1.0000,1,13,True,991785.0000,994691.0000,273.1999,0.2732
1,1021.7211,992.0771,992077.0999,14,1.0-991785-994691,427.0000,1.0000,1,13,True,991785.0000,994691.0000,292.0999,0.2921
1,1021.7568,992.1128,992112.7999,14,1.0-991785-994691,427.0000,1.0000,1,13,True,991785.0000,994691.0000,327.7999,0.3278
1,1021.7807,992.1367,992136.6999,14,1.0-991785-994691,427.0000,1.0000,1,13,True,991785.0000,994691.0000,351.6999,0.3517
1,1021.9342,992.2902,992290.1999,14,1.0-991785-994691,427.0000,1.0000,1,13,True,991785.0000,994691.0000,505.1999,0.5052
1,1021.9584,992.3144,992314.3999,14,1.0-991785-994691,427.0000,1.0000,1,13,True,991785.0000,994691.0000,529.3999,0.5294
1,1021.9605,992.3165,992316.4999,14,1.0-991785-994691,427.0000,1.0000,1,13,True,991785.0000,994691.0000,531.4999,0.5315
1,1022.1798,992.5358,992535.7999,14,1.0-991785-994691,427.0000,1.0000,1,13,True,991785.0000,994691.0000,750.7999,0.7508
1,1022.2256,992.5816,992581.5999,14,1.0-991785-994691,427.0000,1.0000,1,13,True,991785.0000,994691.0000,796.5999,0.7966
1,1022.4576,992.8136,992813.5999,14,1.0-991785-994691,427.0000,1.0000,1,13,True,991785.0000,994691.0000,1028.5999,1.0286
1,1022.6048,992.9608,992960.7999,14,1.0-991785-994691,427.0000,1.0000,1,13,True,991785.0000,994691.0000,1175.7999,1.1758
1,1022.7298,993.0858,993085.7999,14,1.0-991785-994691,427.0000,1.0000,1,13,True,991785.0000,994691.0000,1300.7999,1.3008
1,1022.7822,993.1382,993138.1999,14,1.0-991785-994691,427.0000,1.0000,1,13,True,991785.0000,994691.0000,1353.1999,1.3532
1,1022.8246,993.1806,993180.5999,14,1.0-991785-994691,427.0000,1.0000,1,13,True,991785.0000,994691.0000,1395.5999,1.3956
1,1022.9000,993.2560,993255.9999,14,1.0-991785-994691,427.0000,1.0000,1,13,True,991785.0000,994691.0000,1470.9999,1.4710
1,1023.3026,993.6586,993658.5999,14,1.0-991785-994691,427.0000,1.0000,1,13,True,991785.0000,994691.0000,1873.5999,1.8736
1,1023.3638,993.7198,993719.7999,14,1.0-991785-994691,427.0000,1.0000,1,13,True,991785.0000,994691.0000,1934.7999,1.9348
1,1023.4555,993.8115,993811.4999,14,1.0-991785-994691,427.0000,1.0000,1,13,True,991785.0000,994691.0000,2026.4999,2.0265
1,1023.5275,993.8835,993883.4999,14,1.0-991785-994691,427.0000,1.0000,1,13,True,991785.0000,994691.0000,2098.4999,2.0985
1,1023.7731,994.1291,994129.0999,14,1.0-991785-994691,427.0000,1.0000,1,13,True,991785.0000,994691.0000,2344.0999,2.3441
1,1023.8872,994.2432,994243.1999,14,1.0-991785-994691,427.0000,1.0000,1,13,True,991785.0000,994691.0000,2458.1999,2.4582
1,1023.9368,994.2928,994292.7999,14,1.0-991785-994691,427.0000,1.0000,1,13,True,991785.0000,994691.0000,2507.7999,2.5078
1,1024.0713,994.4273,994427.2999,14,1.0-991785-994691,427.0000,1.0000,1,13,True,991785.0000,994691.0000,2642.2999,2.6423
1,1024.1640,994.5200,994519.9999,14,1.0-991785-994691,427.0000,1.0000,1,13,True,991785.0000,994691.0000,2734.9999,2.7350
1,206.0447,176.4007,176400.6999,15,1.0-176314-178585,105.0000,1.0000,1,14,True,176314.0000,178585.0000,86.6999,0.0867
1,206.0800,176.4360,176435.9999,15,1.0-176314-178585,105.0000,1.0000,1,14,True,176314.0000,178585.0000,121.9999,0.1220
1,206.1212,176.4772,176477.1999,15,1.0-176314-178585,105.0000,1.0000,1,14,True,176314.0000,178585.0000,163.1999,0.1632
1,206.1446,176.5006,176500.5999,15,1.0-176314-178585,105.0000,1.0000,1,14,True,176314.0000,178585.0000,186.5999,0.1866
1,206.3509,176.7069,176706.8999,15,1.0-176314-178585,105.0000,1.0000,1,14,True,176314.0000,178585.0000,392.8999,0.3929
1,206.4581,176.8141,176814.0999,15,1.0-176314-178585,105.0000,1.0000,1,14,True,176314.0000,178585.0000,500.0999,0.5001
1,206.4850,176.8410,176840.9999,15,1.0-176314-178585,105.0000,1.0000,1,14,True,176314.0000,178585.0000,526.9999,0.5270
1,206.5634,176.9194,176919.3999,15,1.0-176314-178585,105.0000,1.0000,1,14,True,176314.0000,178585.0000,605.3999,0.6054
1,206.6755,177.0315,177031.4999,15,1.0-176314-178585,105.0000,1.0000,1,14,True,176314.0000,178585.0000,717.4999,0.7175
1,206.7784,177.1344,177134.3999,15,1.0-176314-178585,105.0000,1.0000,1,14,True,176314.0000,178585.0000,820.3999,0.8204
1,206.8195,177.1755,177175.4999,15,1.0-176314-178585,105.0000,1.0000,1,14,True,176314.0000,178585.0000,861.4999,0.8615
1,206.8749,177.2309,177230.8999,15,1.0-176314-178585,105.0000,1.0000,1,14,True,176314.0000,178585.0000,916.8999,0.9169
1,206.9013,177.2573,177257.2999,15,1.0-176314-178585,105.0000,1.0000,1,14,True,176314.0000,178585.0000,943.2999,0.9433
1,207.0338,177.3898,177389.7999,15,1.0-176314-178585,105.0000,1.0000,1,14,True,176314.0000,178585.0000,1075.7999,1.0758
1,207.0684,177.4244,177424.3999,15,1.0-176314-178585,105.0000,1.0000,1,14,True,176314.0000,178585.0000,1110.3999,1.1104
1,207.0779,177.4339,177433.8999,15,1.0-176314-178585,105.0000,1.0000,1,14,True,176314.0000,178585.0000,1119.8999,1.1199
1,207.0804,177.4364,177436.3999,15,1.0-176314-178585,105.0000,1.0000,1,14,True,176314.0000,178585.0000,1122.3999,1.1224
1,207.1405,177.4965,177496.4999,15,1.0-176314-178585,105.0000,1.0000,1,14,True,176314.0000,178585.0000,1182.4999,1.1825
1,207.1643,177.5203,177520.2999,15,1.0-176314-178585,105.0000,1.0000,1,14,True,176314.0000,178585.0000,1206.2999,1.2063
1,207.1693,177.5253,177525.2999,15,1.0-176314-178585,105.0000,1.0000,1,14,True,176314.0000,178585.0000,1211.2999,1.2113
1,207.1752,177.5312,177531.1999,15,1.0-176314-178585,105.0000,1.0000,1,14,True,176314.0000,178585.0000,1217.1999,1.2172
1,207.2509,177.6069,177606.8999,15,1.0-176314-178585,105.0000,1.0000,1,14,True,176314.0000,178585.0000,1292.8999,1.2929
1,207.3254,177.6814,177681.3999,15,1.0-176314-178585,105.0000,1.0000,1,14,True,176314.0000,178585.0000,1367.3999,1.3674
1,207.3814,177.7374,177737.3999,15,1.0-176314-178585,105.0000,1.0000,1,14,True,176314.0000,178585.0000,1423.3999,1.4234
1,207.4387,177.7947,177794.6999,15,1.0-176314-178585,105.0000,1.0000,1,14,True,176314.0000,178585.0000,1480.6999,1.4807
1,207.5999,177.9559,177955.8999,15,1.0-176314-178585,105.0000,1.0000,1,14,True,176314.0000,178585.0000,1641.8999,1.6419
1,207.7443,178.1003,178100.2999,15,1.0-176314-178585,105.0000,1.0000,1,14,True,176314.0000,178585.0000,1786.2999,1.7863
1,207.8774,178.2334,178233.3999,15,1.0-176314-178585,105.0000,1.0000,1,14,True,176314.0000,178585.0000,1919.3999,1.9194
1,207.9862,178.3422,178342.1999,15,1.0-176314-178585,105.0000,1.0000,1,14,True,176314.0000,178585.0000,2028.1999,2.0282
1,208.1591,178.5151,178515.0999,15,1.0-176314-178585,105.0000,1.0000,1,14,True,176314.0000,178585.0000,2201.0999,2.2011
1,208.2136,178.5696,178569.5999,15,1.0-176314-178585,105.0000,1.0000,1,14,True,176314.0000,178585.0000,2255.5999,2.2556
1,1861.5477,1831.9037,1831903.6999,16,1.0-1831805-1832841,755.0000,1.0000,0,61,True,1831805.0000,1832841.0000,98.6999,0.0987
1,1861.6052,1831.9612,1831961.1999,16,1.0-1831805-1832841,755.0000,1.0000,0,61,True,1831805.0000,1832841.0000,156.1999,0.1562
1,1861.8665,1832.2225,1832222.4999,16,1.0-1831805-1832841,755.0000,1.0000,0,61,True,1831805.0000,1832841.0000,417.4999,0.4175
1,1861.9402,1832.2962,1832296.1999,16,1.0-1831805-1832841,755.0000,1.0000,0,61,True,1831805.0000,1832841.0000,491.1999,0.4912
1,1862.0590,1832.4150,1832414.9999,16,1.0-1831805-1832841,755.0000,1.0000,0,61,True,1831805.0000,1832841.0000,609.9999,0.6100
1,1862.1327,1832.4887,1832488.6999,16,1.0-1831805-1832841,755.0000,1.0000,0,61,True,1831805.0000,1832841.0000,683.6999,0.6837
1,1862.1488,1832.5048,1832504.7999,16,1.0-1831805-1832841,755.0000,1.0000,0,61,True,1831805.0000,1832841.0000,699.7999,0.6998
1,1862.1571,1832.5131,1832513.0999,16,1.0-1831805-1832841,755.0000,1.0000,0,61,True,1831805.0000,1832841.0000,708.0999,0.7081
1,1862.1752,1832.5312,1832531.1999,16,1.0-1831805-1832841,755.0000,1.0000,0,61,True,1831805.0000,1832841.0000,726.1999,0.7262
1,1862.2197,1832.5757,1832575.6999,16,1.0-1831805-1832841,755.0000,1.0000,0,61,True,1831805.0000,1832841.0000,770.6999,0.7707
1,1111.4562,1081.8122,1081812.1999,17,1.0-1081762-1083766,458.0000,1.0000,1,15,True,1081762.0000,1083766.0000,50.1999,0.0502
1,1111.4832,1081.8392,1081839.1999,17,1.0-1081762-1083766,458.0000,1.0000,1,15,True,1081762.0000,1083766.0000,77.1999,0.0772
1,1111.4849,1081.8409,1081840.8999,17,1.0-1081762-1083766,458.0000,1.0000,1,15,True,1081762.0000,1083766.0000,78.8999,0.0789
1,1111.5239,1081.8799,1081879.8999,17,1.0-1081762-1083766,458.0000,1.0000,1,15,True,1081762.0000,1083766.0000,117.8999,0.1179
1,1111.5696,1081.9256,1081925.5999,17,1.0-1081762-1083766,458.0000,1.0000,1,15,True,1081762.0000,1083766.0000,163.5999,0.1636
1,1111.9082,1082.2642,1082264.1999,17,1.0-1081762-1083766,458.0000,1.0000,1,15,True,1081762.0000,1083766.0000,502.1999,0.5022
1,1112.1564,1082.5124,1082512.3999,17,1.0-1081762-1083766,458.0000,1.0000,1,15,True,1081762.0000,1083766.0000,750.3999,0.7504
1,1112.4942,1082.8502,1082850.1999,17,1.0-1081762-1083766,458.0000,1.0000,1,15,True,1081762.0000,1083766.0000,1088.1999,1.0882
1,1112.5802,1082.9362,1082936.1999,17,1.0-1081762-1083766,458.0000,1.0000,1,15,True,1081762.0000,1083766.0000,1174.1999,1.1742
1,1112.7183,1083.0743,1083074.2999,17,1.0-1081762-1083766,458.0000,1.0000,1,15,True,1081762.0000,1083766.0000,1312.2999,1.3123
1,1112.9370,1083.2930,1083292.9999,17,1.0-1081762-1083766,458.0000,1.0000,1,15,True,1081762.0000,1083766.0000,1530.9999,1.5310
1,1113.1094,1083.4654,1083465.3999,17,1.0-1081762-1083766,458.0000,1.0000,1,15,True,1081762.0000,1083766.0000,1703.3999,1.7034
1,1113.2749,1083.6309,1083630.8999,17,1.0-1081762-1083766,458.0000,1.0000,1,15,True,1081762.0000,1083766.0000,1868.8999,1.8689
1,1113.2927,1083.6487,1083648.6999,17,1.0-1081762-1083766,458.0000,1.0000,1,15,True,1081762.0000,1083766.0000,1886.6999,1.8867
1,1113.3424,1083.6984,1083698.3999,17,1.0-1081762-1083766,458.0000,1.0000,1,15,True,1081762.0000,1083766.0000,1936.3999,1.9364
1,1113.3634,1083.7194,1083719.3999,17,1.0-1081762-1083766,458.0000,1.0000,1,15,True,1081762.0000,1083766.0000,1957.3999,1.9574
1,1762.6307,1732.9867,1732986.6999,18,1.0-1732911-1735916,709.0000,1.0000,1,16,True,1732911.0000,1735916.0000,75.6999,0.0757
1,1762.6543,1733.0103,1733010.2999,18,1.0-1732911-1735916,709.0000,1.0000,1,16,True,1732911.0000,1735916.0000,99.2999,0.0993
1,1762.9444,1733.3004,1733300.3999,18,1.0-1732911-1735916,709.0000,1.0000,1,16,True,1732911.0000,1735916.0000,389.3999,0.3894
1,1763.0705,1733.4265,1733426.4999,18,1.0-1732911-1735916,709.0000,1.0000,1,16,True,1732911.0000,1735916.0000,515.4999,0.5155
1,1763.1039,1733.4599,1733459.8999,18,1.0-1732911-1735916,709.0000,1.0000,1,16,True,1732911.0000,1735916.0000,548.8999,0.5489
1,1763.1245,1733.4805,1733480.4999,18,1.0-1732911-1735916,709.0000,1.0000,1,16,True,1732911.0000,1735916.0000,569.4999,0.5695
1,1763.1839,1733.5399,1733539.8999,18,1.0-1732911-1735916,709.0000,1.0000,1,16,True,1732911.0000,1735916.0000,628.8999,0.6289
1,1763.2595,1733.6155,1733615.4999,18,1.0-1732911-1735916,709.0000,1.0000,1,16,True,1732911.0000,1735916.0000,704.4999,0.7045
1,1763.3524,1733.7084,1733708.3999,18,1.0-1732911-1735916,709.0000,1.0000,1,16,True,1732911.0000,1735916.0000,797.3999,0.7974
1,1763.4093,1733.7653,1733765.2999,18,1.0-1732911-1735916,709.0000,1.0000,1,16,True,1732911.0000,1735916.0000,854.2999,0.8543
1,1763.5158,1733.8718,1733871.7999,18,1.0-1732911-1735916,709.0000,1.0000,1,16,True,1732911.0000,1735916.0000,960.7999,0.9608
1,1763.5900,1733.9460,1733945.9999,18,1.0-1732911-1735916,709.0000,1.0000,1,16,True,1732911.0000,1735916.0000,1034.9999,1.0350
1,1763.6000,1733.9560,1733955.9999,18,1.0-1732911-1735916,709.0000,1.0000,1,16,True,1732911.0000,1735916.0000,1044.9999,1.0450
1,1763.6110,1733.9670,1733966.9999,18,1.0-1732911-1735916,709.0000,1.0000,1,16,True,1732911.0000,1735916.0000,1055.9999,1.0560
1,1763.6836,1734.0396,1734039.5999,18,1.0-1732911-1735916,709.0000,1.0000,1,16,True,1732911.0000,1735916.0000,1128.5999,1.1286
1,1763.8726,1734.2286,1734228.5999,18,1.0-1732911-1735916,709.0000,1.0000,1,16,True,1732911.0000,1735916.0000,1317.5999,1.3176
1,1763.9276,1734.2836,1734283.5999,18,1.0-1732911-1735916,709.0000,1.0000,1,16,True,1732911.0000,1735916.0000,1372.5999,1.3726
1,1764.1916,1734.5476,1734547.5999,18,1.0-1732911-1735916,709.0000,1.0000,1,16,True,1732911.0000,1735916.0000,1636.5999,1.6366
1,1764.2303,1734.5863,1734586.2999,18,1.0-1732911-1735916,709.0000,1.0000,1,16,True,1732911.0000,1735916.0000,1675.2999,1.6753
1,1764.6343,1734.9903,1734990.2999,18,1.0-1732911-1735916,709.0000,1.0000,1,16,True,1732911.0000,1735916.0000,2079.2999,2.0793
1,1764.7699,1735.1259,1735125.8999,18,1.0-1732911-1735916,709.0000,1.0000,1,16,True,1732911.0000,1735916.0000,2214.8999,2.2149
1,1764.9348,1735.2908,1735290.7999,18,1.0-1732911-1735916,709.0000,1.0000,1,16,True,1732911.0000,1735916.0000,2379.7999,2.3798
1,1765.3042,1735.6602,1735660.1999,18,1.0-1732911-1735916,709.0000,1.0000,1,16,True,1732911.0000,1735916.0000,2749.1999,2.7492
1,1765.5524,1735.9084,1735908.3999,18,1.0-1732911-1735916,709.0000,1.0000,1,16,True,1732911.0000,1735916.0000,2997.3999,2.9974
1,337.9603,308.3163,308316.2999,19,1.0-308207-310611,173.0000,1.0000,1,17,True,308207.0000,310611.0000,109.2999,0.1093
1,338.3801,308.7361,308736.0999,19,1.0-308207-310611,173.0000,1.0000,1,17,True,308207.0000,310611.0000,529.0999,0.5291
1,338.4114,308.7674,308767.3999,19,1.0-308207-310611,173.0000,1.0000,1,17,True,308207.0000,310611.0000,560.3999,0.5604
1,338.6973,309.0533,309053.2999,19,1.0-308207-310611,173.0000,1.0000,1,17,True,308207.0000,310611.0000,846.2999,0.8463
1,338.7474,309.1034,309103.3999,19,1.0-308207-310611,173.0000,1.0000,1,17,True,308207.0000,310611.0000,896.3999,0.8964
1,338.7852,309.1412,309141.1999,19,1.0-308207-310611,173.0000,1.0000,1,17,True,308207.0000,310611.0000,934.1999,0.9342
1,338.8856,309.2416,309241.5999,19,1.0-308207-310611,173.0000,1.0000,1,17,True,308207.0000,310611.0000,1034.5999,1.0346
1,338.9846,309.3406,309340.5999,19,1.0-308207-310611,173.0000,1.0000,1,17,True,308207.0000,310611.0000,1133.5999,1.1336
1,339.0422,309.3982,309398.1999,19,1.0-308207-310611,173.0000,1.0000,1,17,True,308207.0000,310611.0000,1191.1999,1.1912
1,339.1535,309.5095,309509.4999,19,1.0-308207-310611,173.0000,1.0000,1,17,True,308207.0000,310611.0000,1302.4999,1.3025
1,339.3992,309.7552,309755.1999,19,1.0-308207-310611,173.0000,1.0000,1,17,True,308207.0000,310611.0000,1548.1999,1.5482
1,339.4207,309.7767,309776.6999,19,1.0-308207-310611,173.0000,1.0000,1,17,True,308207.0000,310611.0000,1569.6999,1.5697
1,339.4462,309.8022,309802.1999,19,1.0-308207-310611,173.0000,1.0000,1,17,True,308207.0000,310611.0000,1595.1999,1.5952
1,339.4807,309.8367,309836.6999,19,1.0-308207-310611,173.0000,1.0000,1,17,True,308207.0000,310611.0000,1629.6999,1.6297
1,339.5211,309.8771,309877.0999,19,1.0-308207-310611,173.0000,1.0000,1,17,True,308207.0000,310611.0000,1670.0999,1.6701
1,339.5416,309.8976,309897.5999,19,1.0-308207-310611,173.0000,1.0000,1,17,True,308207.0000,310611.0000,1690.5999,1.6906
1,339.5904,309.9464,309946.3999,19,1.0-308207-310611,173.0000,1.0000,1,17,True,308207.0000,310611.0000,1739.3999,1.7394
1,339.6458,310.0018,310001.7999,19,1.0-308207-310611,173.0000,1.0000,1,17,True,308207.0000,310611.0000,1794.7999,1.7948
1,339.8525,310.2085,310208.4999,19,1.0-308207-310611,173.0000,1.0000,1,17,True,308207.0000,310611.0000,2001.4999,2.0015
1,339.8995,310.2555,310255.4999,19,1.0-308207-310611,173.0000,1.0000,1,17,True,308207.0000,310611.0000,2048.4999,2.0485
1,340.0631,310.4191,310419.0999,19,1.0-308207-310611,173.0000,1.0000,1,17,True,308207.0000,310611.0000,2212.0999,2.2121
1,340.0918,310.4478,310447.7999,19,1.0-308207-310611,173.0000,1.0000,1,17,True,308207.0000,310611.0000,2240.7999,2.2408
1,1577.1694,1547.5254,1547525.3999,20,1.0-1547512-1548681,627.0000,1.0000,1,18,True,1547512.0000,1548681.0000,13.3999,0.0134
1,1577.2633,1547.6193,1547619.2999,20,1.0-1547512-1548681,627.0000,1.0000,1,18,True,1547512.0000,1548681.0000,107.2999,0.1073
1,1577.8356,1548.1916,1548191.5999,20,1.0-1547512-1548681,627.0000,1.0000,1,18,True,1547512.0000,1548681.0000,679.5999,0.6796
1,1577.9024,1548.2584,1548258.3999,20,1.0-1547512-1548681,627.0000,1.0000,1,18,True,1547512.0000,1548681.0000,746.3999,0.7464
1,1578.1497,1548.5057,1548505.6999,20,1.0-1547512-1548681,627.0000,1.0000,1,18,True,1547512.0000,1548681.0000,993.6999,0.9937
1,1578.3172,1548.6732,1548673.1999,20,1.0-1547512-1548681,627.0000,1.0000,1,18,True,1547512.0000,1548681.0000,1161.1999,1.1612
1,2197.7385,2168.0945,2168094.4999,21,1.0-2167733-2169737,898.0000,1.0000,1,19,True,2167733.0000,2169737.0000,361.4999,0.3615
1,2198.2189,2168.5749,2168574.8999,21,1.0-2167733-2169737,898.0000,1.0000,1,19,True,2167733.0000,2169737.0000,841.8999,0.8419
1,2198.2827,2168.6387,2168638.6999,21,1.0-2167733-2169737,898.0000,1.0000,1,19,True,2167733.0000,2169737.0000,905.6999,0.9057
1,2198.3199,2168.6759,2168675.8999,21,1.0-2167733-2169737,898.0000,1.0000,1,19,True,2167733.0000,2169737.0000,942.8999,0.9429
1,2198.3760,2168.7320,2168731.9999,21,1.0-2167733-2169737,898.0000,1.0000,1,19,True,2167733.0000,2169737.0000,998.9999,0.9990
1,2198.9673,2169.3233,2169323.2999,21,1.0-2167733-2169737,898.0000,1.0000,1,19,True,2167733.0000,2169737.0000,1590.2999,1.5903
1,2198.9912,2169.3472,2169347.1999,21,1.0-2167733-2169737,898.0000,1.0000,1,19,True,2167733.0000,2169737.0000,1614.1999,1.6142
1,2199.0302,2169.3862,2169386.1999,21,1.0-2167733-2169737,898.0000,1.0000,1,19,True,2167733.0000,2169737.0000,1653.1999,1.6532
1,2199.2908,2169.6468,2169646.7999,21,1.0-2167733-2169737,898.0000,1.0000,1,19,True,2167733.0000,2169737.0000,1913.7999,1.9138
1,2089.3589,2059.7149,2059714.8999,22,1.0-2059687-2061758,857.0000,1.0000,1,20,True,2059687.0000,2061758.0000,27.8999,0.0279
1,2089.3887,2059.7447,2059744.6999,22,1.0-2059687-2061758,857.0000,1.0000,1,20,True,2059687.0000,2061758.0000,57.6999,0.0577
1,2089.7345,2060.0905,2060090.4999,22,1.0-2059687-2061758,857.0000,1.0000,1,20,True,2059687.0000,2061758.0000,403.4999,0.4035
1,2090.2177,2060.5737,2060573.6999,22,1.0-2059687-2061758,857.0000,1.0000,1,20,True,2059687.0000,2061758.0000,886.6999,0.8867
1,2090.4083,2060.7643,2060764.2999,22,1.0-2059687-2061758,857.0000,1.0000,1,20,True,2059687.0000,2061758.0000,1077.2999,1.0773
1,2090.6001,2060.9561,2060956.0999,22,1.0-2059687-2061758,857.0000,1.0000,1,20,True,2059687.0000,2061758.0000,1269.0999,1.2691
1,408.4938,378.8498,378849.7999,23,1.0-378478-380616,210.0000,1.0000,1,21,True,378478.0000,380616.0000,371.7999,0.3718
1,408.5652,378.9212,378921.1999,23,1.0-378478-380616,210.0000,1.0000,1,21,True,378478.0000,380616.0000,443.1999,0.4432
1,408.7241,379.0801,379080.0999,23,1.0-378478-380616,210.0000,1.0000,1,21,True,378478.0000,380616.0000,602.0999,0.6021
1,408.8875,379.2435,379243.4999,23,1.0-378478-380616,210.0000,1.0000,1,21,True,378478.0000,380616.0000,765.4999,0.7655
1,408.9310,379.2870,379286.9999,23,1.0-378478-380616,210.0000,1.0000,1,21,True,378478.0000,380616.0000,808.9999,0.8090
1,409.0891,379.4451,379445.0999,23,1.0-378478-380616,210.0000,1.0000,1,21,True,378478.0000,380616.0000,967.0999,0.9671
1,409.1085,379.4645,379464.4999,23,1.0-378478-380616,210.0000,1.0000,1,21,True,378478.0000,380616.0000,986.4999,0.9865
1,409.2896,379.6456,379645.5999,23,1.0-378478-380616,210.0000,1.0000,1,21,True,378478.0000,380616.0000,1167.5999,1.1676
1,409.3165,379.6725,379672.4999,23,1.0-378478-380616,210.0000,1.0000,1,21,True,378478.0000,380616.0000,1194.4999,1.1945
1,409.7338,380.0898,380089.7999,23,1.0-378478-380616,210.0000,1.0000,1,21,True,378478.0000,380616.0000,1611.7999,1.6118
1,409.9766,380.3326,380332.5999,23,1.0-378478-380616,210.0000,1.0000,1,21,True,378478.0000,380616.0000,1854.5999,1.8546
1,410.0202,380.3762,380376.1999,23,1.0-378478-380616,210.0000,1.0000,1,21,True,378478.0000,380616.0000,1898.1999,1.8982
1,410.0484,380.4044,380404.3999,23,1.0-378478-380616,210.0000,1.0000,1,21,True,378478.0000,380616.0000,1926.3999,1.9264
1,410.0645,380.4205,380420.4999,23,1.0-378478-380616,210.0000,1.0000,1,21,True,378478.0000,380616.0000,1942.4999,1.9425
1,410.1203,380.4763,380476.2999,23,1.0-378478-380616,210.0000,1.0000,1,21,True,378478.0000,380616.0000,1998.2999,1.9983
1,410.1455,380.5015,380501.4999,23,1.0-378478-380616,210.0000,1.0000,1,21,True,378478.0000,380616.0000,2023.4999,2.0235
1,410.1781,380.5341,380534.0999,23,1.0-378478-380616,210.0000,1.0000,1,21,True,378478.0000,380616.0000,2056.0999,2.0561
1,410.2228,380.5788,380578.7999,23,1.0-378478-380616,210.0000,1.0000,1,21,True,378478.0000,380616.0000,2100.7999,2.1008
1,410.2251,380.5811,380581.0999,23,1.0-378478-380616,210.0000,1.0000,1,21,True,378478.0000,380616.0000,2103.0999,2.1031
1,521.6453,492.0013,492001.2999,24,1.0-491935-493672,257.0000,1.0000,1,22,True,491935.0000,493672.0000,66.2999,0.0663
1,521.7611,492.1171,492117.0999,24,1.0-491935-493672,257.0000,1.0000,1,22,True,491935.0000,493672.0000,182.0999,0.1821
1,521.7922,492.1482,492148.1999,24,1.0-491935-493672,257.0000,1.0000,1,22,True,491935.0000,493672.0000,213.1999,0.2132
1,521.8065,492.1625,492162.4999,24,1.0-491935-493672,257.0000,1.0000,1,22,True,491935.0000,493672.0000,227.4999,0.2275
1,521.8349,492.1909,492190.8999,24,1.0-491935-493672,257.0000,1.0000,1,22,True,491935.0000,493672.0000,255.8999,0.2559
1,521.8676,492.2236,492223.5999,24,1.0-491935-493672,257.0000,1.0000,1,22,True,491935.0000,493672.0000,288.5999,0.2886
1,522.0142,492.3702,492370.1999,24,1.0-491935-493672,257.0000,1.0000,1,22,True,491935.0000,493672.0000,435.1999,0.4352
1,522.1380,492.4940,492493.9999,24,1.0-491935-493672,257.0000,1.0000,1,22,True,491935.0000,493672.0000,558.9999,0.5590
1,522.4346,492.7906,492790.5999,24,1.0-491935-493672,257.0000,1.0000,1,22,True,491935.0000,493672.0000,855.5999,0.8556
1,522.8753,493.2313,493231.2999,24,1.0-491935-493672,257.0000,1.0000,1,22,True,491935.0000,493672.0000,1296.2999,1.2963
1,523.1454,493.5014,493501.3999,24,1.0-491935-493672,257.0000,1.0000,1,22,True,491935.0000,493672.0000,1566.3999,1.5664
1,132.2332,102.5892,102589.1999,25,1.0-102402-103170,58.0000,1.0000,1,23,True,102402.0000,103170.0000,187.1999,0.1872
1,132.7469,103.1029,103102.8999,25,1.0-102402-103170,58.0000,1.0000,1,23,True,102402.0000,103170.0000,700.8999,0.7009
1,611.4696,581.8256,581825.5999,26,1.0-581712-582747,287.0000,1.0000,0,62,True,581712.0000,582747.0000,113.5999,0.1136
1,611.5135,581.8695,581869.4999,26,1.0-581712-582747,287.0000,1.0000,0,62,True,581712.0000,582747.0000,157.4999,0.1575
1,611.5443,581.9003,581900.2999,26,1.0-581712-582747,287.0000,1.0000,0,62,True,581712.0000,582747.0000,188.2999,0.1883
1,611.6494,582.0054,582005.3999,26,1.0-581712-582747,287.0000,1.0000,0,62,True,581712.0000,582747.0000,293.3999,0.2934
1,611.7021,582.0581,582058.0999,26,1.0-581712-582747,287.0000,1.0000,0,62,True,581712.0000,582747.0000,346.0999,0.3461
1,611.7241,582.0801,582080.0999,26,1.0-581712-582747,287.0000,1.0000,0,62,True,581712.0000,582747.0000,368.0999,0.3681
1,611.7825,582.1385,582138.4999,26,1.0-581712-582747,287.0000,1.0000,0,62,True,581712.0000,582747.0000,426.4999,0.4265
1,611.8335,582.1895,582189.4999,26,1.0-581712-582747,287.0000,1.0000,0,62,True,581712.0000,582747.0000,477.4999,0.4775
1,611.8723,582.2283,582228.2999,26,1.0-581712-582747,287.0000,1.0000,0,62,True,581712.0000,582747.0000,516.2999,0.5163
1,612.0542,582.4102,582410.1999,26,1.0-581712-582747,287.0000,1.0000,0,62,True,581712.0000,582747.0000,698.1999,0.6982
1,612.0883,582.4443,582444.2999,26,1.0-581712-582747,287.0000,1.0000,0,62,True,581712.0000,582747.0000,732.2999,0.7323
1,612.3488,582.7048,582704.7999,26,1.0-581712-582747,287.0000,1.0000,0,62,True,581712.0000,582747.0000,992.7999,0.9928
1,612.3806,582.7366,582736.5999,26,1.0-581712-582747,287.0000,1.0000,0,62,True,581712.0000,582747.0000,1024.5999,1.0246
1,1444.9776,1415.3336,1415333.5999,27,1.0-1415319-1417189,560.0000,1.0000,1,24,True,1415319.0000,1417189.0000,14.5999,0.0146
1,1445.2233,1415.5793,1415579.2999,27,1.0-1415319-1417189,560.0000,1.0000,1,24,True,1415319.0000,1417189.0000,260.2999,0.2603
1,1445.3041,1415.6601,1415660.0999,27,1.0-1415319-1417189,560.0000,1.0000,1,24,True,1415319.0000,1417189.0000,341.0999,0.3411
1,1445.8378,1416.1938,1416193.7999,27,1.0-1415319-1417189,560.0000,1.0000,1,24,True,1415319.0000,1417189.0000,874.7999,0.8748
1,1445.9940,1416.3500,1416349.9999,27,1.0-1415319-1417189,560.0000,1.0000,1,24,True,1415319.0000,1417189.0000,1030.9999,1.0310
1,1446.0505,1416.4065,1416406.4999,27,1.0-1415319-1417189,560.0000,1.0000,1,24,True,1415319.0000,1417189.0000,1087.4999,1.0875
1,1446.4648,1416.8208,1416820.7999,27,1.0-1415319-1417189,560.0000,1.0000,1,24,True,1415319.0000,1417189.0000,1501.7999,1.5018
1,1446.7145,1417.0705,1417070.4999,27,1.0-1415319-1417189,560.0000,1.0000,1,24,True,1415319.0000,1417189.0000,1751.4999,1.7515
1,1927.4344,1897.7904,1897790.3999,28,1.0-1897768-1900006,799.0000,1.0000,1,25,True,1897768.0000,1900006.0000,22.3999,0.0224
1,1927.5101,1897.8661,1897866.0999,28,1.0-1897768-1900006,799.0000,1.0000,1,25,True,1897768.0000,1900006.0000,98.0999,0.0981
1,1927.5420,1897.8980,1897897.9999,28,1.0-1897768-1900006,799.0000,1.0000,1,25,True,1897768.0000,1900006.0000,129.9999,0.1300
1,1927.5633,1897.9193,1897919.2999,28,1.0-1897768-1900006,799.0000,1.0000,1,25,True,1897768.0000,1900006.0000,151.2999,0.1513
1,1927.5987,1897.9547,1897954.6999,28,1.0-1897768-1900006,799.0000,1.0000,1,25,True,1897768.0000,1900006.0000,186.6999,0.1867
1,1927.6807,1898.0367,1898036.6999,28,1.0-1897768-1900006,799.0000,1.0000,1,25,True,1897768.0000,1900006.0000,268.6999,0.2687
1,1927.7272,1898.0832,1898083.1999,28,1.0-1897768-1900006,799.0000,1.0000,1,25,True,1897768.0000,1900006.0000,315.1999,0.3152
1,1927.7648,1898.1208,1898120.7999,28,1.0-1897768-1900006,799.0000,1.0000,1,25,True,1897768.0000,1900006.0000,352.7999,0.3528
1,1927.8179,1898.1739,1898173.8999,28,1.0-1897768-1900006,799.0000,1.0000,1,25,True,1897768.0000,1900006.0000,405.8999,0.4059
1,1927.8808,1898.2368,1898236.7999,28,1.0-1897768-1900006,799.0000,1.0000,1,25,True,1897768.0000,1900006.0000,468.7999,0.4688
1,1927.9056,1898.2616,1898261.5999,28,1.0-1897768-1900006,799.0000,1.0000,1,25,True,1897768.0000,1900006.0000,493.5999,0.4936
1,1927.9473,1898.3033,1898303.2999,28,1.0-1897768-1900006,799.0000,1.0000,1,25,True,1897768.0000,1900006.0000,535.2999,0.5353
1,1927.9806,1898.3366,1898336.5999,28,1.0-1897768-1900006,799.0000,1.0000,1,25,True,1897768.0000,1900006.0000,568.5999,0.5686
1,1928.1138,1898.4698,1898469.7999,28,1.0-1897768-1900006,799.0000,1.0000,1,25,True,1897768.0000,1900006.0000,701.7999,0.7018
1,1928.2076,1898.5636,1898563.5999,28,1.0-1897768-1900006,799.0000,1.0000,1,25,True,1897768.0000,1900006.0000,795.5999,0.7956
1,1928.3205,1898.6765,1898676.4999,28,1.0-1897768-1900006,799.0000,1.0000,1,25,True,1897768.0000,1900006.0000,908.4999,0.9085
1,1928.3385,1898.6945,1898694.4999,28,1.0-1897768-1900006,799.0000,1.0000,1,25,True,1897768.0000,1900006.0000,926.4999,0.9265
1,1928.5034,1898.8594,1898859.3999,28,1.0-1897768-1900006,799.0000,1.0000,1,25,True,1897768.0000,1900006.0000,1091.3999,1.0914
1,1928.6273,1898.9833,1898983.2999,28,1.0-1897768-1900006,799.0000,1.0000,1,25,True,1897768.0000,1900006.0000,1215.2999,1.2153
1,1928.6301,1898.9861,1898986.0999,28,1.0-1897768-1900006,799.0000,1.0000,1,25,True,1897768.0000,1900006.0000,1218.0999,1.2181
1,1928.6430,1898.9990,1898998.9999,28,1.0-1897768-1900006,799.0000,1.0000,1,25,True,1897768.0000,1900006.0000,1230.9999,1.2310
1,1928.6980,1899.0540,1899053.9999,28,1.0-1897768-1900006,799.0000,1.0000,1,25,True,1897768.0000,1900006.0000,1285.9999,1.2860
1,1928.7098,1899.0658,1899065.7999,28,1.0-1897768-1900006,799.0000,1.0000,1,25,True,1897768.0000,1900006.0000,1297.7999,1.2978
1,1928.7123,1899.0683,1899068.2999,28,1.0-1897768-1900006,799.0000,1.0000,1,25,True,1897768.0000,1900006.0000,1300.2999,1.3003
1,1928.7228,1899.0788,1899078.7999,28,1.0-1897768-1900006,799.0000,1.0000,1,25,True,1897768.0000,1900006.0000,1310.7999,1.3108
1,1928.8829,1899.2389,1899238.8999,28,1.0-1897768-1900006,799.0000,1.0000,1,25,True,1897768.0000,1900006.0000,1470.8999,1.4709
1,1928.9851,1899.3411,1899341.0999,28,1.0-1897768-1900006,799.0000,1.0000,1,25,True,1897768.0000,1900006.0000,1573.0999,1.5731
1,1929.5732,1899.9292,1899929.1999,28,1.0-1897768-1900006,799.0000,1.0000,1,25,True,1897768.0000,1900006.0000,2161.1999,2.1612
1,258.8615,229.2175,229217.4999,29,1.0-229184-231589,133.0000,1.0000,1,26,True,229184.0000,231589.0000,33.4999,0.0335
1,258.9100,229.2660,229265.9999,29,1.0-229184-231589,133.0000,1.0000,1,26,True,229184.0000,231589.0000,81.9999,0.0820
1,258.9170,229.2730,229272.9999,29,1.0-229184-231589,133.0000,1.0000,1,26,True,229184.0000,231589.0000,88.9999,0.0890
1,258.9636,229.3196,229319.5999,29,1.0-229184-231589,133.0000,1.0000,1,26,True,229184.0000,231589.0000,135.5999,0.1356
1,258.9872,229.3432,229343.1999,29,1.0-229184-231589,133.0000,1.0000,1,26,True,229184.0000,231589.0000,159.1999,0.1592
1,259.2039,229.5599,229559.8999,29,1.0-229184-231589,133.0000,1.0000,1,26,True,229184.0000,231589.0000,375.8999,0.3759
1,259.2825,229.6385,229638.4999,29,1.0-229184-231589,133.0000,1.0000,1,26,True,229184.0000,231589.0000,454.4999,0.4545
1,259.2942,229.6502,229650.1999,29,1.0-229184-231589,133.0000,1.0000,1,26,True,229184.0000,231589.0000,466.1999,0.4662
1,259.3784,229.7344,229734.3999,29,1.0-229184-231589,133.0000,1.0000,1,26,True,229184.0000,231589.0000,550.3999,0.5504
1,259.4321,229.7881,229788.0999,29,1.0-229184-231589,133.0000,1.0000,1,26,True,229184.0000,231589.0000,604.0999,0.6041
1,259.4357,229.7917,229791.6999,29,1.0-229184-231589,133.0000,1.0000,1,26,True,229184.0000,231589.0000,607.6999,0.6077
1,259.4601,229.8161,229816.0999,29,1.0-229184-231589,133.0000,1.0000,1,26,True,229184.0000,231589.0000,632.0999,0.6321
1,259.4634,229.8194,229819.3999,29,1.0-229184-231589,133.0000,1.0000,1,26,True,229184.0000,231589.0000,635.3999,0.6354
1,259.4865,229.8425,229842.4999,29,1.0-229184-231589,133.0000,1.0000,1,26,True,229184.0000,231589.0000,658.4999,0.6585
1,259.7552,230.1112,230111.1999,29,1.0-229184-231589,133.0000,1.0000,1,26,True,229184.0000,231589.0000,927.1999,0.9272
1,259.8062,230.1622,230162.1999,29,1.0-229184-231589,133.0000,1.0000,1,26,True,229184.0000,231589.0000,978.1999,0.9782
1,259.9354,230.2914,230291.3999,29,1.0-229184-231589,133.0000,1.0000,1,26,True,229184.0000,231589.0000,1107.3999,1.1074
1,259.9712,230.3272,230327.1999,29,1.0-229184-231589,133.0000,1.0000,1,26,True,229184.0000,231589.0000,1143.1999,1.1432
1,259.9781,230.3341,230334.0999,29,1.0-229184-231589,133.0000,1.0000,1,26,True,229184.0000,231589.0000,1150.0999,1.1501
1,260.0076,230.3636,230363.5999,29,1.0-229184-231589,133.0000,1.0000,1,26,True,229184.0000,231589.0000,1179.5999,1.1796
1,260.1191,230.4751,230475.0999,29,1.0-229184-231589,133.0000,1.0000,1,26,True,229184.0000,231589.0000,1291.0999,1.2911
1,260.1219,230.4779,230477.8999,29,1.0-229184-231589,133.0000,1.0000,1,26,True,229184.0000,231589.0000,1293.8999,1.2939
1,260.2118,230.5678,230567.7999,29,1.0-229184-231589,133.0000,1.0000,1,26,True,229184.0000,231589.0000,1383.7999,1.3838
1,260.3167,230.6727,230672.6999,29,1.0-229184-231589,133.0000,1.0000,1,26,True,229184.0000,231589.0000,1488.6999,1.4887
1,260.3443,230.7003,230700.2999,29,1.0-229184-231589,133.0000,1.0000,1,26,True,229184.0000,231589.0000,1516.2999,1.5163
1,260.4111,230.7671,230767.0999,29,1.0-229184-231589,133.0000,1.0000,1,26,True,229184.0000,231589.0000,1583.0999,1.5831
1,260.6663,231.0223,231022.2999,29,1.0-229184-231589,133.0000,1.0000,1,26,True,229184.0000,231589.0000,1838.2999,1.8383
1,260.9801,231.3361,231336.0999,29,1.0-229184-231589,133.0000,1.0000,1,26,True,229184.0000,231589.0000,2152.0999,2.1521
1,261.0186,231.3746,231374.5999,29,1.0-229184-231589,133.0000,1.0000,1,26,True,229184.0000,231589.0000,2190.5999,2.1906
1,261.0696,231.4256,231425.5999,29,1.0-229184-231589,133.0000,1.0000,1,26,True,229184.0000,231589.0000,2241.5999,2.2416
1,1029.4082,999.7642,999764.1999,30,1.0-999701-1000536,429.0000,1.0000,1,27,True,999701.0000,1000536.0000,63.1999,0.0632
1,1029.4921,999.8481,999848.0999,30,1.0-999701-1000536,429.0000,1.0000,1,27,True,999701.0000,1000536.0000,147.0999,0.1471
1,1029.5315,999.8875,999887.4999,30,1.0-999701-1000536,429.0000,1.0000,1,27,True,999701.0000,1000536.0000,186.4999,0.1865
1,1029.5475,999.9035,999903.4999,30,1.0-999701-1000536,429.0000,1.0000,1,27,True,999701.0000,1000536.0000,202.4999,0.2025
1,1029.7195,1000.0755,1000075.4999,30,1.0-999701-1000536,429.0000,1.0000,1,27,True,999701.0000,1000536.0000,374.4999,0.3745
1,1029.8247,1000.1807,1000180.6999,30,1.0-999701-1000536,429.0000,1.0000,1,27,True,999701.0000,1000536.0000,479.6999,0.4797
1,1029.8791,1000.2351,1000235.0999,30,1.0-999701-1000536,429.0000,1.0000,1,27,True,999701.0000,1000536.0000,534.0999,0.5341
1,1030.0211,1000.3771,1000377.0999,30,1.0-999701-1000536,429.0000,1.0000,1,27,True,999701.0000,1000536.0000,676.0999,0.6761
1,1030.0946,1000.4506,1000450.5999,30,1.0-999701-1000536,429.0000,1.0000,1,27,True,999701.0000,1000536.0000,749.5999,0.7496
1,1030.1728,1000.5288,1000528.7999,30,1.0-999701-1000536,429.0000,1.0000,1,27,True,999701.0000,1000536.0000,827.7999,0.8278
1,481.7659,452.1219,452121.8999,31,1.0-451889-453726,246.0000,1.0000,1,28,True,451889.0000,453726.0000,232.8999,0.2329
1,482.1931,452.5491,452549.0999,31,1.0-451889-453726,246.0000,1.0000,1,28,True,451889.0000,453726.0000,660.0999,0.6601
1,482.3383,452.6943,452694.2999,31,1.0-451889-453726,246.0000,1.0000,1,28,True,451889.0000,453726.0000,805.2999,0.8053
1,482.4364,452.7924,452792.3999,31,1.0-451889-453726,246.0000,1.0000,1,28,True,451889.0000,453726.0000,903.3999,0.9034
1,482.5451,452.9011,452901.0999,31,1.0-451889-453726,246.0000,1.0000,1,28,True,451889.0000,453726.0000,1012.0999,1.0121
1,482.5578,452.9138,452913.7999,31,1.0-451889-453726,246.0000,1.0000,1,28,True,451889.0000,453726.0000,1024.7999,1.0248
1,482.7839,453.1399,453139.8999,31,1.0-451889-453726,246.0000,1.0000,1,28,True,451889.0000,453726.0000,1250.8999,1.2509
1,483.0015,453.3575,453357.4999,31,1.0-451889-453726,246.0000,1.0000,1,28,True,451889.0000,453726.0000,1468.4999,1.4685
1,483.0166,453.3726,453372.5999,31,1.0-451889-453726,246.0000,1.0000,1,28,True,451889.0000,453726.0000,1483.5999,1.4836
1,483.1045,453.4605,453460.4999,31,1.0-451889-453726,246.0000,1.0000,1,28,True,451889.0000,453726.0000,1571.4999,1.5715
1,483.2925,453.6485,453648.4999,31,1.0-451889-453726,246.0000,1.0000,1,28,True,451889.0000,453726.0000,1759.4999,1.7595
1,399.0670,369.4230,369422.9999,32,1.0-369293-370863,205.0000,1.0000,1,29,True,369293.0000,370863.0000,129.9999,0.1300
1,399.0961,369.4521,369452.0999,32,1.0-369293-370863,205.0000,1.0000,1,29,True,369293.0000,370863.0000,159.0999,0.1591
1,399.2066,369.5626,369562.5999,32,1.0-369293-370863,205.0000,1.0000,1,29,True,369293.0000,370863.0000,269.5999,0.2696
1,399.2542,369.6102,369610.1999,32,1.0-369293-370863,205.0000,1.0000,1,29,True,369293.0000,370863.0000,317.1999,0.3172
1,399.3116,369.6676,369667.5999,32,1.0-369293-370863,205.0000,1.0000,1,29,True,369293.0000,370863.0000,374.5999,0.3746
1,399.3187,369.6747,369674.6999,32,1.0-369293-370863,205.0000,1.0000,1,29,True,369293.0000,370863.0000,381.6999,0.3817
1,399.3252,369.6812,369681.1999,32,1.0-369293-370863,205.0000,1.0000,1,29,True,369293.0000,370863.0000,388.1999,0.3882
1,399.5026,369.8586,369858.5999,32,1.0-369293-370863,205.0000,1.0000,1,29,True,369293.0000,370863.0000,565.5999,0.5656
1,399.5626,369.9186,369918.5999,32,1.0-369293-370863,205.0000,1.0000,1,29,True,369293.0000,370863.0000,625.5999,0.6256
1,399.8962,370.2522,370252.1999,32,1.0-369293-370863,205.0000,1.0000,1,29,True,369293.0000,370863.0000,959.1999,0.9592
1,400.1763,370.5323,370532.2999,32,1.0-369293-370863,205.0000,1.0000,1,29,True,369293.0000,370863.0000,1239.2999,1.2393
1,400.2098,370.5658,370565.7999,32,1.0-369293-370863,205.0000,1.0000,1,29,True,369293.0000,370863.0000,1272.7999,1.2728
1,400.2113,370.5673,370567.2999,32,1.0-369293-370863,205.0000,1.0000,1,29,True,369293.0000,370863.0000,1274.2999,1.2743
1,400.2327,370.5887,370588.6999,32,1.0-369293-370863,205.0000,1.0000,1,29,True,369293.0000,370863.0000,1295.6999,1.2957
1,400.3203,370.6763,370676.2999,32,1.0-369293-370863,205.0000,1.0000,1,29,True,369293.0000,370863.0000,1383.2999,1.3833
1,400.3271,370.6831,370683.0999,32,1.0-369293-370863,205.0000,1.0000,1,29,True,369293.0000,370863.0000,1390.0999,1.3901
1,400.3434,370.6994,370699.3999,32,1.0-369293-370863,205.0000,1.0000,1,29,True,369293.0000,370863.0000,1406.3999,1.4064
1,400.3715,370.7275,370727.4999,32,1.0-369293-370863,205.0000,1.0000,1,29,True,369293.0000,370863.0000,1434.4999,1.4345
1,400.4007,370.7567,370756.6999,32,1.0-369293-370863,205.0000,1.0000,1,29,True,369293.0000,370863.0000,1463.6999,1.4637
1,400.4954,370.8514,370851.3999,32,1.0-369293-370863,205.0000,1.0000,1,29,True,369293.0000,370863.0000,1558.3999,1.5584
1,83.3027,53.6587,53658.6999,33,1.0-53639-55643,28.0000,1.0000,1,30,True,53639.0000,55643.0000,19.6999,0.0197
1,83.3775,53.7335,53733.4999,33,1.0-53639-55643,28.0000,1.0000,1,30,True,53639.0000,55643.0000,94.4999,0.0945
1,83.6473,54.0033,54003.2999,33,1.0-53639-55643,28.0000,1.0000,1,30,True,53639.0000,55643.0000,364.2999,0.3643
1,83.7512,54.1072,54107.1999,33,1.0-53639-55643,28.0000,1.0000,1,30,True,53639.0000,55643.0000,468.1999,0.4682
1,83.7979,54.1539,54153.8999,33,1.0-53639-55643,28.0000,1.0000,1,30,True,53639.0000,55643.0000,514.8999,0.5149
1,83.8178,54.1738,54173.7999,33,1.0-53639-55643,28.0000,1.0000,1,30,True,53639.0000,55643.0000,534.7999,0.5348
1,84.0045,54.3605,54360.4999,33,1.0-53639-55643,28.0000,1.0000,1,30,True,53639.0000,55643.0000,721.4999,0.7215
1,84.1239,54.4799,54479.8999,33,1.0-53639-55643,28.0000,1.0000,1,30,True,53639.0000,55643.0000,840.8999,0.8409
1,84.1356,54.4916,54491.5999,33,1.0-53639-55643,28.0000,1.0000,1,30,True,53639.0000,55643.0000,852.5999,0.8526
1,84.2225,54.5785,54578.4999,33,1.0-53639-55643,28.0000,1.0000,1,30,True,53639.0000,55643.0000,939.4999,0.9395
1,84.2369,54.5929,54592.8999,33,1.0-53639-55643,28.0000,1.0000,1,30,True,53639.0000,55643.0000,953.8999,0.9539
1,84.2550,54.6110,54610.9999,33,1.0-53639-55643,28.0000,1.0000,1,30,True,53639.0000,55643.0000,971.9999,0.9720
1,84.2828,54.6388,54638.7999,33,1.0-53639-55643,28.0000,1.0000,1,30,True,53639.0000,55643.0000,999.7999,0.9998
1,84.3136,54.6696,54669.5999,33,1.0-53639-55643,28.0000,1.0000,1,30,True,53639.0000,55643.0000,1030.5999,1.0306
1,84.3473,54.7033,54703.2999,33,1.0-53639-55643,28.0000,1.0000,1,30,True,53639.0000,55643.0000,1064.2999,1.0643
1,84.3980,54.7540,54753.9999,33,1.0-53639-55643,28.0000,1.0000,1,30,True,53639.0000,55643.0000,1114.9999,1.1150
1,84.4234,54.7794,54779.3999,33,1.0-53639-55643,28.0000,1.0000,1,30,True,53639.0000,55643.0000,1140.3999,1.1404
1,84.4397,54.7957,54795.6999,33,1.0-53639-55643,28.0000,1.0000,1,30,True,53639.0000,55643.0000,1156.6999,1.1567
1,84.4425,54.7985,54798.4999,33,1.0-53639-55643,28.0000,1.0000,1,30,True,53639.0000,55643.0000,1159.4999,1.1595
1,84.4609,54.8169,54816.8999,33,1.0-53639-55643,28.0000,1.0000,1,30,True,53639.0000,55643.0000,1177.8999,1.1779
1,84.4633,54.8193,54819.2999,33,1.0-53639-55643,28.0000,1.0000,1,30,True,53639.0000,55643.0000,1180.2999,1.1803
1,84.4924,54.8484,54848.3999,33,1.0-53639-55643,28.0000,1.0000,1,30,True,53639.0000,55643.0000,1209.3999,1.2094
1,84.4962,54.8522,54852.1999,33,1.0-53639-55643,28.0000,1.0000,1,30,True,53639.0000,55643.0000,1213.1999,1.2132
1,84.4978,54.8538,54853.7999,33,1.0-53639-55643,28.0000,1.0000,1,30,True,53639.0000,55643.0000,1214.7999,1.2148
1,84.5693,54.9253,54925.2999,33,1.0-53639-55643,28.0000,1.0000,1,30,True,53639.0000,55643.0000,1286.2999,1.2863
1,84.6393,54.9953,54995.2999,33,1.0-53639-55643,28.0000,1.0000,1,30,True,53639.0000,55643.0000,1356.2999,1.3563
1,84.6877,55.0437,55043.6999,33,1.0-53639-55643,28.0000,1.0000,1,30,True,53639.0000,55643.0000,1404.6999,1.4047
1,84.7032,55.0592,55059.1999,33,1.0-53639-55643,28.0000,1.0000,1,30,True,53639.0000,55643.0000,1420.1999,1.4202
1,84.7970,55.1530,55152.9999,33,1.0-53639-55643,28.0000,1.0000,1,30,True,53639.0000,55643.0000,1513.9999,1.5140
1,84.8230,55.1790,55178.9999,33,1.0-53639-55643,28.0000,1.0000,1,30,True,53639.0000,55643.0000,1539.9999,1.5400
1,84.8717,55.2277,55227.6999,33,1.0-53639-55643,28.0000,1.0000,1,30,True,53639.0000,55643.0000,1588.6999,1.5887
1,84.9489,55.3049,55304.8999,33,1.0-53639-55643,28.0000,1.0000,1,30,True,53639.0000,55643.0000,1665.8999,1.6659
1,85.0509,55.4069,55406.8999,33,1.0-53639-55643,28.0000,1.0000,1,30,True,53639.0000,55643.0000,1767.8999,1.7679
1,85.1178,55.4738,55473.7999,33,1.0-53639-55643,28.0000,1.0000,1,30,True,53639.0000,55643.0000,1834.7999,1.8348
1,85.1676,55.5236,55523.5999,33,1.0-53639-55643,28.0000,1.0000,1,30,True,53639.0000,55643.0000,1884.5999,1.8846
1,85.2340,55.5900,55589.9999,33,1.0-53639-55643,28.0000,1.0000,1,30,True,53639.0000,55643.0000,1950.9999,1.9510
1,85.2503,55.6063,55606.2999,33,1.0-53639-55643,28.0000,1.0000,1,30,True,53639.0000,55643.0000,1967.2999,1.9673
1,85.2845,55.6405,55640.4999,33,1.0-53639-55643,28.0000,1.0000,1,30,True,53639.0000,55643.0000,2001.4999,2.0015
1,2358.4187,2328.7747,2328774.6999,34,1.0-2328716-2330086,954.0000,1.0000,0,63,True,2328716.0000,2330086.0000,58.6999,0.0587
1,2359.1285,2329.4845,2329484.4999,34,1.0-2328716-2330086,954.0000,1.0000,0,63,True,2328716.0000,2330086.0000,768.4999,0.7685
1,2359.2035,2329.5595,2329559.4999,34,1.0-2328716-2330086,954.0000,1.0000,0,63,True,2328716.0000,2330086.0000,843.4999,0.8435
1,2359.2663,2329.6223,2329622.2999,34,1.0-2328716-2330086,954.0000,1.0000,0,63,True,2328716.0000,2330086.0000,906.2999,0.9063
1,2359.4026,2329.7586,2329758.5999,34,1.0-2328716-2330086,954.0000,1.0000,0,63,True,2328716.0000,2330086.0000,1042.5999,1.0426
1,122.5631,92.9191,92919.0999,35,1.0-92849-93584,54.0000,1.0000,1,31,True,92849.0000,93584.0000,70.0999,0.0701
1,122.5981,92.9541,92954.0999,35,1.0-92849-93584,54.0000,1.0000,1,31,True,92849.0000,93584.0000,105.0999,0.1051
1,122.6178,92.9738,92973.7999,35,1.0-92849-93584,54.0000,1.0000,1,31,True,92849.0000,93584.0000,124.7999,0.1248
1,122.6950,93.0510,93050.9999,35,1.0-92849-93584,54.0000,1.0000,1,31,True,92849.0000,93584.0000,201.9999,0.2020
1,122.7432,93.0992,93099.1999,35,1.0-92849-93584,54.0000,1.0000,1,31,True,92849.0000,93584.0000,250.1999,0.2502
1,122.7671,93.1231,93123.0999,35,1.0-92849-93584,54.0000,1.0000,1,31,True,92849.0000,93584.0000,274.0999,0.2741
1,122.8226,93.1786,93178.5999,35,1.0-92849-93584,54.0000,1.0000,1,31,True,92849.0000,93584.0000,329.5999,0.3296
1,122.9414,93.2974,93297.3999,35,1.0-92849-93584,54.0000,1.0000,1,31,True,92849.0000,93584.0000,448.3999,0.4484
1,123.0402,93.3962,93396.1999,35,1.0-92849-93584,54.0000,1.0000,1,31,True,92849.0000,93584.0000,547.1999,0.5472
1,123.0480,93.4040,93403.9999,35,1.0-92849-93584,54.0000,1.0000,1,31,True,92849.0000,93584.0000,554.9999,0.5550
1,123.1849,93.5409,93540.8999,35,1.0-92849-93584,54.0000,1.0000,1,31,True,92849.0000,93584.0000,691.8999,0.6919
1,1588.0938,1558.4498,1558449.7999,36,1.0-1558367-1560371,634.0000,1.0000,1,32,True,1558367.0000,1560371.0000,82.7999,0.0828
1,1588.3193,1558.6753,1558675.2999,36,1.0-1558367-1560371,634.0000,1.0000,1,32,True,1558367.0000,1560371.0000,308.2999,0.3083
1,1588.3613,1558.7173,1558717.2999,36,1.0-1558367-1560371,634.0000,1.0000,1,32,True,1558367.0000,1560371.0000,350.2999,0.3503
1,1588.3907,1558.7467,1558746.6999,36,1.0-1558367-1560371,634.0000,1.0000,1,32,True,1558367.0000,1560371.0000,379.6999,0.3797
1,1588.4355,1558.7915,1558791.4999,36,1.0-1558367-1560371,634.0000,1.0000,1,32,True,1558367.0000,1560371.0000,424.4999,0.4245
1,1588.4450,1558.8010,1558800.9999,36,1.0-1558367-1560371,634.0000,1.0000,1,32,True,1558367.0000,1560371.0000,433.9999,0.4340
1,1588.6083,1558.9643,1558964.2999,36,1.0-1558367-1560371,634.0000,1.0000,1,32,True,1558367.0000,1560371.0000,597.2999,0.5973
1,1588.7806,1559.1366,1559136.5999,36,1.0-1558367-1560371,634.0000,1.0000,1,32,True,1558367.0000,1560371.0000,769.5999,0.7696
1,1588.8836,1559.2396,1559239.5999,36,1.0-1558367-1560371,634.0000,1.0000,1,32,True,1558367.0000,1560371.0000,872.5999,0.8726
1,1589.1221,1559.4781,1559478.0999,36,1.0-1558367-1560371,634.0000,1.0000,1,32,True,1558367.0000,1560371.0000,1111.0999,1.1111
1,1589.3739,1559.7299,1559729.8999,36,1.0-1558367-1560371,634.0000,1.0000,1,32,True,1558367.0000,1560371.0000,1362.8999,1.3629
1,1589.4817,1559.8377,1559837.6999,36,1.0-1558367-1560371,634.0000,1.0000,1,32,True,1558367.0000,1560371.0000,1470.6999,1.4707
1,1589.6954,1560.0514,1560051.3999,36,1.0-1558367-1560371,634.0000,1.0000,1,32,True,1558367.0000,1560371.0000,1684.3999,1.6844
1,1589.7633,1560.1193,1560119.2999,36,1.0-1558367-1560371,634.0000,1.0000,1,32,True,1558367.0000,1560371.0000,1752.2999,1.7523
1,1589.7755,1560.1315,1560131.4999,36,1.0-1558367-1560371,634.0000,1.0000,1,32,True,1558367.0000,1560371.0000,1764.4999,1.7645
1,1589.8045,1560.1605,1560160.4999,36,1.0-1558367-1560371,634.0000,1.0000,1,32,True,1558367.0000,1560371.0000,1793.4999,1.7935
1,1590.0072,1560.3632,1560363.1999,36,1.0-1558367-1560371,634.0000,1.0000,1,32,True,1558367.0000,1560371.0000,1996.1999,1.9962
1,617.3036,587.6596,587659.5999,37,1.0-587189-590095,290.0000,1.0000,1,33,True,587189.0000,590095.0000,470.5999,0.4706
1,617.3373,587.6933,587693.2999,37,1.0-587189-590095,290.0000,1.0000,1,33,True,587189.0000,590095.0000,504.2999,0.5043
1,617.3704,587.7264,587726.3999,37,1.0-587189-590095,290.0000,1.0000,1,33,True,587189.0000,590095.0000,537.3999,0.5374
1,617.5021,587.8581,587858.0999,37,1.0-587189-590095,290.0000,1.0000,1,33,True,587189.0000,590095.0000,669.0999,0.6691
1,617.7959,588.1519,588151.8999,37,1.0-587189-590095,290.0000,1.0000,1,33,True,587189.0000,590095.0000,962.8999,0.9629
1,617.8386,588.1946,588194.5999,37,1.0-587189-590095,290.0000,1.0000,1,33,True,587189.0000,590095.0000,1005.5999,1.0056
1,617.9275,588.2835,588283.4999,37,1.0-587189-590095,290.0000,1.0000,1,33,True,587189.0000,590095.0000,1094.4999,1.0945
1,618.0429,588.3989,588398.8999,37,1.0-587189-590095,290.0000,1.0000,1,33,True,587189.0000,590095.0000,1209.8999,1.2099
1,618.1011,588.4571,588457.0999,37,1.0-587189-590095,290.0000,1.0000,1,33,True,587189.0000,590095.0000,1268.0999,1.2681
1,618.1960,588.5520,588551.9999,37,1.0-587189-590095,290.0000,1.0000,1,33,True,587189.0000,590095.0000,1362.9999,1.3630
1,618.4128,588.7688,588768.7999,37,1.0-587189-590095,290.0000,1.0000,1,33,True,587189.0000,590095.0000,1579.7999,1.5798
1,618.5104,588.8664,588866.3999,37,1.0-587189-590095,290.0000,1.0000,1,33,True,587189.0000,590095.0000,1677.3999,1.6774
1,618.8490,589.2050,589204.9999,37,1.0-587189-590095,290.0000,1.0000,1,33,True,587189.0000,590095.0000,2015.9999,2.0160
1,619.2207,589.5767,589576.6999,37,1.0-587189-590095,290.0000,1.0000,1,33,True,587189.0000,590095.0000,2387.6999,2.3877
1,619.2892,589.6452,589645.1999,37,1.0-587189-590095,290.0000,1.0000,1,33,True,587189.0000,590095.0000,2456.1999,2.4562
1,619.4510,589.8070,589806.9999,37,1.0-587189-590095,290.0000,1.0000,1,33,True,587189.0000,590095.0000,2617.9999,2.6180
1,619.5619,589.9179,589917.8999,37,1.0-587189-590095,290.0000,1.0000,1,33,True,587189.0000,590095.0000,2728.8999,2.7289
1,619.7062,590.0622,590062.1999,37,1.0-587189-590095,290.0000,1.0000,1,33,True,587189.0000,590095.0000,2873.1999,2.8732
1,1531.5731,1501.9291,1501929.0999,38,1.0-1501923-1504394,600.0000,1.0000,0,64,True,1501923.0000,1504394.0000,6.0999,0.0061
1,1531.5955,1501.9515,1501951.4999,38,1.0-1501923-1504394,600.0000,1.0000,0,64,True,1501923.0000,1504394.0000,28.4999,0.0285
1,1531.7295,1502.0855,1502085.4999,38,1.0-1501923-1504394,600.0000,1.0000,0,64,True,1501923.0000,1504394.0000,162.4999,0.1625
1,1531.7320,1502.0880,1502087.9999,38,1.0-1501923-1504394,600.0000,1.0000,0,64,True,1501923.0000,1504394.0000,164.9999,0.1650
1,1531.8065,1502.1625,1502162.4999,38,1.0-1501923-1504394,600.0000,1.0000,0,64,True,1501923.0000,1504394.0000,239.4999,0.2395
1,1531.8639,1502.2199,1502219.8999,38,1.0-1501923-1504394,600.0000,1.0000,0,64,True,1501923.0000,1504394.0000,296.8999,0.2969
1,1532.2094,1502.5654,1502565.3999,38,1.0-1501923-1504394,600.0000,1.0000,0,64,True,1501923.0000,1504394.0000,642.3999,0.6424
1,1532.4429,1502.7989,1502798.8999,38,1.0-1501923-1504394,600.0000,1.0000,0,64,True,1501923.0000,1504394.0000,875.8999,0.8759
1,1532.4782,1502.8342,1502834.1999,38,1.0-1501923-1504394,600.0000,1.0000,0,64,True,1501923.0000,1504394.0000,911.1999,0.9112
1,1532.5363,1502.8923,1502892.2999,38,1.0-1501923-1504394,600.0000,1.0000,0,64,True,1501923.0000,1504394.0000,969.2999,0.9693
1,1532.5801,1502.9361,1502936.0999,38,1.0-1501923-1504394,600.0000,1.0000,0,64,True,1501923.0000,1504394.0000,1013.0999,1.0131
1,1532.6499,1503.0059,1503005.8999,38,1.0-1501923-1504394,600.0000,1.0000,0,64,True,1501923.0000,1504394.0000,1082.8999,1.0829
1,1533.4222,1503.7782,1503778.1999,38,1.0-1501923-1504394,600.0000,1.0000,0,64,True,1501923.0000,1504394.0000,1855.1999,1.8552
1,1533.5658,1503.9218,1503921.7999,38,1.0-1501923-1504394,600.0000,1.0000,0,64,True,1501923.0000,1504394.0000,1998.7999,1.9988
1,1533.6709,1504.0269,1504026.8999,38,1.0-1501923-1504394,600.0000,1.0000,0,64,True,1501923.0000,1504394.0000,2103.8999,2.1039
1,1533.7904,1504.1464,1504146.3999,38,1.0-1501923-1504394,600.0000,1.0000,0,64,True,1501923.0000,1504394.0000,2223.3999,2.2234
1,1533.9501,1504.3061,1504306.0999,38,1.0-1501923-1504394,600.0000,1.0000,0,64,True,1501923.0000,1504394.0000,2383.0999,2.3831
1,1533.9727,1504.3287,1504328.6999,38,1.0-1501923-1504394,600.0000,1.0000,0,64,True,1501923.0000,1504394.0000,2405.6999,2.4057
1,939.7948,910.1508,910150.7999,39,1.0-910091-911594,394.0000,1.0000,0,65,True,910091.0000,911594.0000,59.7999,0.0598
1,939.8716,910.2276,910227.5999,39,1.0-910091-911594,394.0000,1.0000,0,65,True,910091.0000,911594.0000,136.5999,0.1366
1,939.8807,910.2367,910236.6999,39,1.0-910091-911594,394.0000,1.0000,0,65,True,910091.0000,911594.0000,145.6999,0.1457
1,939.9400,910.2960,910295.9999,39,1.0-910091-911594,394.0000,1.0000,0,65,True,910091.0000,911594.0000,204.9999,0.2050
1,940.2145,910.5705,910570.4999,39,1.0-910091-911594,394.0000,1.0000,0,65,True,910091.0000,911594.0000,479.4999,0.4795
1,940.3825,910.7385,910738.4999,39,1.0-910091-911594,394.0000,1.0000,0,65,True,910091.0000,911594.0000,647.4999,0.6475
1,940.4960,910.8520,910851.9999,39,1.0-910091-911594,394.0000,1.0000,0,65,True,910091.0000,911594.0000,760.9999,0.7610
1,940.5324,910.8884,910888.3999,39,1.0-910091-911594,394.0000,1.0000,0,65,True,910091.0000,911594.0000,797.3999,0.7974
1,940.8438,911.1998,911199.7999,39,1.0-910091-911594,394.0000,1.0000,0,65,True,910091.0000,911594.0000,1108.7999,1.1088
1,940.9058,911.2618,911261.7999,39,1.0-910091-911594,394.0000,1.0000,0,65,True,910091.0000,911594.0000,1170.7999,1.1708
1,940.9427,911.2987,911298.6999,39,1.0-910091-911594,394.0000,1.0000,0,65,True,910091.0000,911594.0000,1207.6999,1.2077
1,941.1586,911.5146,911514.5999,39,1.0-910091-911594,394.0000,1.0000,0,65,True,910091.0000,911594.0000,1423.5999,1.4236
1,118.5587,88.9147,88914.6999,40,1.0-88875-90545,51.0000,1.0000,1,34,True,88875.0000,90545.0000,39.6999,0.0397
1,118.6265,88.9825,88982.4999,40,1.0-88875-90545,51.0000,1.0000,1,34,True,88875.0000,90545.0000,107.4999,0.1075
1,118.6375,88.9935,88993.4999,40,1.0-88875-90545,51.0000,1.0000,1,34,True,88875.0000,90545.0000,118.4999,0.1185
1,118.7989,89.1549,89154.8999,40,1.0-88875-90545,51.0000,1.0000,1,34,True,88875.0000,90545.0000,279.8999,0.2799
1,118.8843,89.2403,89240.2999,40,1.0-88875-90545,51.0000,1.0000,1,34,True,88875.0000,90545.0000,365.2999,0.3653
1,118.9271,89.2831,89283.0999,40,1.0-88875-90545,51.0000,1.0000,1,34,True,88875.0000,90545.0000,408.0999,0.4081
1,119.0906,89.4466,89446.5999,40,1.0-88875-90545,51.0000,1.0000,1,34,True,88875.0000,90545.0000,571.5999,0.5716
1,119.1063,89.4623,89462.2999,40,1.0-88875-90545,51.0000,1.0000,1,34,True,88875.0000,90545.0000,587.2999,0.5873
1,119.2882,89.6442,89644.1999,40,1.0-88875-90545,51.0000,1.0000,1,34,True,88875.0000,90545.0000,769.1999,0.7692
1,119.3160,89.6720,89671.9999,40,1.0-88875-90545,51.0000,1.0000,1,34,True,88875.0000,90545.0000,796.9999,0.7970
1,119.4503,89.8063,89806.2999,40,1.0-88875-90545,51.0000,1.0000,1,34,True,88875.0000,90545.0000,931.2999,0.9313
1,119.7572,90.1132,90113.1999,40,1.0-88875-90545,51.0000,1.0000,1,34,True,88875.0000,90545.0000,1238.1999,1.2382
1,119.9910,90.3470,90346.9999,40,1.0-88875-90545,51.0000,1.0000,1,34,True,88875.0000,90545.0000,1471.9999,1.4720
1,120.0480,90.4040,90403.9999,40,1.0-88875-90545,51.0000,1.0000,1,34,True,88875.0000,90545.0000,1528.9999,1.5290
1,74.3351,44.6911,44691.0999,41,1.0-44655-47627,24.0000,1.0000,0,66,True,44655.0000,47627.0000,36.0999,0.0361
1,74.3670,44.7230,44722.9999,41,1.0-44655-47627,24.0000,1.0000,0,66,True,44655.0000,47627.0000,67.9999,0.0680
1,74.4378,44.7938,44793.7999,41,1.0-44655-47627,24.0000,1.0000,0,66,True,44655.0000,47627.0000,138.7999,0.1388
1,74.4832,44.8392,44839.1999,41,1.0-44655-47627,24.0000,1.0000,0,66,True,44655.0000,47627.0000,184.1999,0.1842
1,74.5491,44.9051,44905.0999,41,1.0-44655-47627,24.0000,1.0000,0,66,True,44655.0000,47627.0000,250.0999,0.2501
1,74.5719,44.9279,44927.8999,41,1.0-44655-47627,24.0000,1.0000,0,66,True,44655.0000,47627.0000,272.8999,0.2729
1,74.6721,45.0281,45028.0999,41,1.0-44655-47627,24.0000,1.0000,0,66,True,44655.0000,47627.0000,373.0999,0.3731
1,74.7509,45.1069,45106.8999,41,1.0-44655-47627,24.0000,1.0000,0,66,True,44655.0000,47627.0000,451.8999,0.4519
1,74.7533,45.1093,45109.2999,41,1.0-44655-47627,24.0000,1.0000,0,66,True,44655.0000,47627.0000,454.2999,0.4543
1,74.9635,45.3195,45319.4999,41,1.0-44655-47627,24.0000,1.0000,0,66,True,44655.0000,47627.0000,664.4999,0.6645
1,75.0674,45.4234,45423.3999,41,1.0-44655-47627,24.0000,1.0000,0,66,True,44655.0000,47627.0000,768.3999,0.7684
1,75.1083,45.4643,45464.2999,41,1.0-44655-47627,24.0000,1.0000,0,66,True,44655.0000,47627.0000,809.2999,0.8093
1,75.2133,45.5693,45569.2999,41,1.0-44655-47627,24.0000,1.0000,0,66,True,44655.0000,47627.0000,914.2999,0.9143
1,75.2868,45.6428,45642.7999,41,1.0-44655-47627,24.0000,1.0000,0,66,True,44655.0000,47627.0000,987.7999,0.9878
1,75.4606,45.8166,45816.5999,41,1.0-44655-47627,24.0000,1.0000,0,66,True,44655.0000,47627.0000,1161.5999,1.1616
1,75.4956,45.8516,45851.5999,41,1.0-44655-47627,24.0000,1.0000,0,66,True,44655.0000,47627.0000,1196.5999,1.1966
1,75.5238,45.8798,45879.7999,41,1.0-44655-47627,24.0000,1.0000,0,66,True,44655.0000,47627.0000,1224.7999,1.2248
1,75.5589,45.9149,45914.8999,41,1.0-44655-47627,24.0000,1.0000,0,66,True,44655.0000,47627.0000,1259.8999,1.2599
1,75.5783,45.9343,45934.2999,41,1.0-44655-47627,24.0000,1.0000,0,66,True,44655.0000,47627.0000,1279.2999,1.2793
1,75.6952,46.0512,46051.1999,41,1.0-44655-47627,24.0000,1.0000,0,66,True,44655.0000,47627.0000,1396.1999,1.3962
1,75.9271,46.2831,46283.0999,41,1.0-44655-47627,24.0000,1.0000,0,66,True,44655.0000,47627.0000,1628.0999,1.6281
1,75.9727,46.3287,46328.6999,41,1.0-44655-47627,24.0000,1.0000,0,66,True,44655.0000,47627.0000,1673.6999,1.6737
1,76.0116,46.3676,46367.5999,41,1.0-44655-47627,24.0000,1.0000,0,66,True,44655.0000,47627.0000,1712.5999,1.7126
1,76.0136,46.3696,46369.5999,41,1.0-44655-47627,24.0000,1.0000,0,66,True,44655.0000,47627.0000,1714.5999,1.7146
1,76.0316,46.3876,46387.5999,41,1.0-44655-47627,24.0000,1.0000,0,66,True,44655.0000,47627.0000,1732.5999,1.7326
1,76.0338,46.3898,46389.7999,41,1.0-44655-47627,24.0000,1.0000,0,66,True,44655.0000,47627.0000,1734.7999,1.7348
1,76.0579,46.4139,46413.8999,41,1.0-44655-47627,24.0000,1.0000,0,66,True,44655.0000,47627.0000,1758.8999,1.7589
1,76.3083,46.6643,46664.2999,41,1.0-44655-47627,24.0000,1.0000,0,66,True,44655.0000,47627.0000,2009.2999,2.0093
1,76.3453,46.7013,46701.2999,41,1.0-44655-47627,24.0000,1.0000,0,66,True,44655.0000,47627.0000,2046.2999,2.0463
1,76.3709,46.7269,46726.8999,41,1.0-44655-47627,24.0000,1.0000,0,66,True,44655.0000,47627.0000,2071.8999,2.0719
1,76.5343,46.8903,46890.2999,41,1.0-44655-47627,24.0000,1.0000,0,66,True,44655.0000,47627.0000,2235.2999,2.2353
1,76.5533,46.9093,46909.2999,41,1.0-44655-47627,24.0000,1.0000,0,66,True,44655.0000,47627.0000,2254.2999,2.2543
1,76.5689,46.9249,46924.8999,41,1.0-44655-47627,24.0000,1.0000,0,66,True,44655.0000,47627.0000,2269.8999,2.2699
1,76.5914,46.9474,46947.3999,41,1.0-44655-47627,24.0000,1.0000,0,66,True,44655.0000,47627.0000,2292.3999,2.2924
1,76.6296,46.9856,46985.5999,41,1.0-44655-47627,24.0000,1.0000,0,66,True,44655.0000,47627.0000,2330.5999,2.3306
1,76.7418,47.0978,47097.7999,41,1.0-44655-47627,24.0000,1.0000,0,66,True,44655.0000,47627.0000,2442.7999,2.4428
1,76.7770,47.1330,47132.9999,41,1.0-44655-47627,24.0000,1.0000,0,66,True,44655.0000,47627.0000,2477.9999,2.4780
1,76.8892,47.2452,47245.1999,41,1.0-44655-47627,24.0000,1.0000,0,66,True,44655.0000,47627.0000,2590.1999,2.5902
1,76.9833,47.3393,47339.2999,41,1.0-44655-47627,24.0000,1.0000,0,66,True,44655.0000,47627.0000,2684.2999,2.6843
1,77.1096,47.4656,47465.5999,41,1.0-44655-47627,24.0000,1.0000,0,66,True,44655.0000,47627.0000,2810.5999,2.8106
1,77.2173,47.5733,47573.2999,41,1.0-44655-47627,24.0000,1.0000,0,66,True,44655.0000,47627.0000,2918.2999,2.9183
1,77.2638,47.6198,47619.7999,41,1.0-44655-47627,24.0000,1.0000,0,66,True,44655.0000,47627.0000,2964.7999,2.9648
1,1752.2545,1722.6105,1722610.4999,42,1.0-1722557-1724561,705.0000,1.0000,1,35,True,1722557.0000,1724561.0000,53.4999,0.0535
1,1752.3262,1722.6822,1722682.1999,42,1.0-1722557-1724561,705.0000,1.0000,1,35,True,1722557.0000,1724561.0000,125.1999,0.1252
1,1752.3835,1722.7395,1722739.4999,42,1.0-1722557-1724561,705.0000,1.0000,1,35,True,1722557.0000,1724561.0000,182.4999,0.1825
1,1752.5070,1722.8630,1722862.9999,42,1.0-1722557-1724561,705.0000,1.0000,1,35,True,1722557.0000,1724561.0000,305.9999,0.3060
1,1752.6014,1722.9574,1722957.3999,42,1.0-1722557-1724561,705.0000,1.0000,1,35,True,1722557.0000,1724561.0000,400.3999,0.4004
1,1752.7784,1723.1344,1723134.3999,42,1.0-1722557-1724561,705.0000,1.0000,1,35,True,1722557.0000,1724561.0000,577.3999,0.5774
1,1752.7866,1723.1426,1723142.5999,42,1.0-1722557-1724561,705.0000,1.0000,1,35,True,1722557.0000,1724561.0000,585.5999,0.5856
1,1752.8004,1723.1564,1723156.3999,42,1.0-1722557-1724561,705.0000,1.0000,1,35,True,1722557.0000,1724561.0000,599.3999,0.5994
1,1753.0209,1723.3769,1723376.8999,42,1.0-1722557-1724561,705.0000,1.0000,1,35,True,1722557.0000,1724561.0000,819.8999,0.8199
1,1753.0432,1723.3992,1723399.1999,42,1.0-1722557-1724561,705.0000,1.0000,1,35,True,1722557.0000,1724561.0000,842.1999,0.8422
1,1753.3253,1723.6813,1723681.2999,42,1.0-1722557-1724561,705.0000,1.0000,1,35,True,1722557.0000,1724561.0000,1124.2999,1.1243
1,1753.3684,1723.7244,1723724.3999,42,1.0-1722557-1724561,705.0000,1.0000,1,35,True,1722557.0000,1724561.0000,1167.3999,1.1674
1,1753.5326,1723.8886,1723888.5999,42,1.0-1722557-1724561,705.0000,1.0000,1,35,True,1722557.0000,1724561.0000,1331.5999,1.3316
1,1753.6126,1723.9686,1723968.5999,42,1.0-1722557-1724561,705.0000,1.0000,1,35,True,1722557.0000,1724561.0000,1411.5999,1.4116
1,1753.8383,1724.1943,1724194.2999,42,1.0-1722557-1724561,705.0000,1.0000,1,35,True,1722557.0000,1724561.0000,1637.2999,1.6373
1,1754.0085,1724.3645,1724364.4999,42,1.0-1722557-1724561,705.0000,1.0000,1,35,True,1722557.0000,1724561.0000,1807.4999,1.8075
1,1754.0687,1724.4247,1724424.6999,42,1.0-1722557-1724561,705.0000,1.0000,1,35,True,1722557.0000,1724561.0000,1867.6999,1.8677
1,1068.5221,1038.8781,1038878.0999,43,1.0-1038878-1041750,444.0000,1.0000,1,36,True,1038878.0000,1041750.0000,0.0999,0.0001
1,1068.5575,1038.9135,1038913.4999,43,1.0-1038878-1041750,444.0000,1.0000,1,36,True,1038878.0000,1041750.0000,35.4999,0.0355
1,1068.6381,1038.9941,1038994.0999,43,1.0-1038878-1041750,444.0000,1.0000,1,36,True,1038878.0000,1041750.0000,116.0999,0.1161
1,1068.6807,1039.0367,1039036.6999,43,1.0-1038878-1041750,444.0000,1.0000,1,36,True,1038878.0000,1041750.0000,158.6999,0.1587
1,1068.9369,1039.2929,1039292.8999,43,1.0-1038878-1041750,444.0000,1.0000,1,36,True,1038878.0000,1041750.0000,414.8999,0.4149
1,1068.9741,1039.3301,1039330.0999,43,1.0-1038878-1041750,444.0000,1.0000,1,36,True,1038878.0000,1041750.0000,452.0999,0.4521
1,1069.0054,1039.3614,1039361.3999,43,1.0-1038878-1041750,444.0000,1.0000,1,36,True,1038878.0000,1041750.0000,483.3999,0.4834
1,1069.2030,1039.5590,1039558.9999,43,1.0-1038878-1041750,444.0000,1.0000,1,36,True,1038878.0000,1041750.0000,680.9999,0.6810
1,1069.7434,1040.0994,1040099.3999,43,1.0-1038878-1041750,444.0000,1.0000,1,36,True,1038878.0000,1041750.0000,1221.3999,1.2214
1,1069.7643,1040.1203,1040120.2999,43,1.0-1038878-1041750,444.0000,1.0000,1,36,True,1038878.0000,1041750.0000,1242.2999,1.2423
1,1069.7776,1040.1336,1040133.5999,43,1.0-1038878-1041750,444.0000,1.0000,1,36,True,1038878.0000,1041750.0000,1255.5999,1.2556
1,1069.8346,1040.1906,1040190.5999,43,1.0-1038878-1041750,444.0000,1.0000,1,36,True,1038878.0000,1041750.0000,1312.5999,1.3126
1,1069.9440,1040.3000,1040299.9999,43,1.0-1038878-1041750,444.0000,1.0000,1,36,True,1038878.0000,1041750.0000,1421.9999,1.4220
1,1070.1723,1040.5283,1040528.2999,43,1.0-1038878-1041750,444.0000,1.0000,1,36,True,1038878.0000,1041750.0000,1650.2999,1.6503
1,1070.3678,1040.7238,1040723.7999,43,1.0-1038878-1041750,444.0000,1.0000,1,36,True,1038878.0000,1041750.0000,1845.7999,1.8458
1,1070.4958,1040.8518,1040851.7999,43,1.0-1038878-1041750,444.0000,1.0000,1,36,True,1038878.0000,1041750.0000,1973.7999,1.9738
1,1070.5293,1040.8853,1040885.2999,43,1.0-1038878-1041750,444.0000,1.0000,1,36,True,1038878.0000,1041750.0000,2007.2999,2.0073
1,1070.5802,1040.9362,1040936.1999,43,1.0-1038878-1041750,444.0000,1.0000,1,36,True,1038878.0000,1041750.0000,2058.1999,2.0582
1,1070.6091,1040.9651,1040965.0999,43,1.0-1038878-1041750,444.0000,1.0000,1,36,True,1038878.0000,1041750.0000,2087.0999,2.0871
1,1070.7448,1041.1008,1041100.7999,43,1.0-1038878-1041750,444.0000,1.0000,1,36,True,1038878.0000,1041750.0000,2222.7999,2.2228
1,1070.7843,1041.1403,1041140.2999,43,1.0-1038878-1041750,444.0000,1.0000,1,36,True,1038878.0000,1041750.0000,2262.2999,2.2623
1,1070.8327,1041.1887,1041188.6999,43,1.0-1038878-1041750,444.0000,1.0000,1,36,True,1038878.0000,1041750.0000,2310.6999,2.3107
1,1071.2125,1041.5685,1041568.4999,43,1.0-1038878-1041750,444.0000,1.0000,1,36,True,1038878.0000,1041750.0000,2690.4999,2.6905
1,2112.3905,2082.7465,2082746.4999,44,1.0-2082732-2084937,867.0000,1.0000,1,37,True,2082732.0000,2084937.0000,14.4999,0.0145
1,2112.8764,2083.2324,2083232.3999,44,1.0-2082732-2084937,867.0000,1.0000,1,37,True,2082732.0000,2084937.0000,500.3999,0.5004
1,2113.1868,2083.5428,2083542.7999,44,1.0-2082732-2084937,867.0000,1.0000,1,37,True,2082732.0000,2084937.0000,810.7999,0.8108
1,2114.0867,2084.4427,2084442.6999,44,1.0-2082732-2084937,867.0000,1.0000,1,37,True,2082732.0000,2084937.0000,1710.6999,1.7107
1,2114.3362,2084.6922,2084692.1999,44,1.0-2082732-2084937,867.0000,1.0000,1,37,True,2082732.0000,2084937.0000,1960.1999,1.9602
1,452.0907,422.4467,422446.6999,45,1.0-422097-424669,230.0000,1.0000,1,38,True,422097.0000,424669.0000,349.6999,0.3497
1,452.3808,422.7368,422736.7999,45,1.0-422097-424669,230.0000,1.0000,1,38,True,422097.0000,424669.0000,639.7999,0.6398
1,452.4177,422.7737,422773.6999,45,1.0-422097-424669,230.0000,1.0000,1,38,True,422097.0000,424669.0000,676.6999,0.6767
1,452.6431,422.9991,422999.0999,45,1.0-422097-424669,230.0000,1.0000,1,38,True,422097.0000,424669.0000,902.0999,0.9021
1,452.7051,423.0611,423061.0999,45,1.0-422097-424669,230.0000,1.0000,1,38,True,422097.0000,424669.0000,964.0999,0.9641
1,452.7518,423.1078,423107.7999,45,1.0-422097-424669,230.0000,1.0000,1,38,True,422097.0000,424669.0000,1010.7999,1.0108
1,452.7590,423.1150,423114.9999,45,1.0-422097-424669,230.0000,1.0000,1,38,True,422097.0000,424669.0000,1017.9999,1.0180
1,452.7773,423.1333,423133.2999,45,1.0-422097-424669,230.0000,1.0000,1,38,True,422097.0000,424669.0000,1036.2999,1.0363
1,452.8121,423.1681,423168.0999,45,1.0-422097-424669,230.0000,1.0000,1,38,True,422097.0000,424669.0000,1071.0999,1.0711
1,452.8653,423.2213,423221.2999,45,1.0-422097-424669,230.0000,1.0000,1,38,True,422097.0000,424669.0000,1124.2999,1.1243
1,452.9253,423.2813,423281.2999,45,1.0-422097-424669,230.0000,1.0000,1,38,True,422097.0000,424669.0000,1184.2999,1.1843
1,453.0837,423.4397,423439.6999,45,1.0-422097-424669,230.0000,1.0000,1,38,True,422097.0000,424669.0000,1342.6999,1.3427
1,453.1188,423.4748,423474.7999,45,1.0-422097-424669,230.0000,1.0000,1,38,True,422097.0000,424669.0000,1377.7999,1.3778
1,453.1726,423.5286,423528.5999,45,1.0-422097-424669,230.0000,1.0000,1,38,True,422097.0000,424669.0000,1431.5999,1.4316
1,453.2125,423.5685,423568.4999,45,1.0-422097-424669,230.0000,1.0000,1,38,True,422097.0000,424669.0000,1471.4999,1.4715
1,453.2569,423.6129,423612.8999,45,1.0-422097-424669,230.0000,1.0000,1,38,True,422097.0000,424669.0000,1515.8999,1.5159
1,453.2775,423.6335,423633.4999,45,1.0-422097-424669,230.0000,1.0000,1,38,True,422097.0000,424669.0000,1536.4999,1.5365
1,453.4287,423.7847,423784.6999,45,1.0-422097-424669,230.0000,1.0000,1,38,True,422097.0000,424669.0000,1687.6999,1.6877
1,453.5069,423.8629,423862.8999,45,1.0-422097-424669,230.0000,1.0000,1,38,True,422097.0000,424669.0000,1765.8999,1.7659
1,453.5979,423.9539,423953.8999,45,1.0-422097-424669,230.0000,1.0000,1,38,True,422097.0000,424669.0000,1856.8999,1.8569
1,453.6170,423.9730,423972.9999,45,1.0-422097-424669,230.0000,1.0000,1,38,True,422097.0000,424669.0000,1875.9999,1.8760
1,453.6442,424.0002,424000.1999,45,1.0-422097-424669,230.0000,1.0000,1,38,True,422097.0000,424669.0000,1903.1999,1.9032
1,453.6488,424.0048,424004.7999,45,1.0-422097-424669,230.0000,1.0000,1,38,True,422097.0000,424669.0000,1907.7999,1.9078
1,1728.0973,1698.4533,1698453.2999,46,1.0-1698276-1701115,694.0000,1.0000,1,39,True,1698276.0000,1701115.0000,177.2999,0.1773
1,1728.3343,1698.6903,1698690.2999,46,1.0-1698276-1701115,694.0000,1.0000,1,39,True,1698276.0000,1701115.0000,414.2999,0.4143
1,1728.3487,1698.7047,1698704.6999,46,1.0-1698276-1701115,694.0000,1.0000,1,39,True,1698276.0000,1701115.0000,428.6999,0.4287
1,1728.4515,1698.8075,1698807.4999,46,1.0-1698276-1701115,694.0000,1.0000,1,39,True,1698276.0000,1701115.0000,531.4999,0.5315
1,1728.6117,1698.9677,1698967.6999,46,1.0-1698276-1701115,694.0000,1.0000,1,39,True,1698276.0000,1701115.0000,691.6999,0.6917
1,1728.7365,1699.0925,1699092.4999,46,1.0-1698276-1701115,694.0000,1.0000,1,39,True,1698276.0000,1701115.0000,816.4999,0.8165
1,1728.7954,1699.1514,1699151.3999,46,1.0-1698276-1701115,694.0000,1.0000,1,39,True,1698276.0000,1701115.0000,875.3999,0.8754
1,1729.0269,1699.3829,1699382.8999,46,1.0-1698276-1701115,694.0000,1.0000,1,39,True,1698276.0000,1701115.0000,1106.8999,1.1069
1,1729.0289,1699.3849,1699384.8999,46,1.0-1698276-1701115,694.0000,1.0000,1,39,True,1698276.0000,1701115.0000,1108.8999,1.1089
1,1729.2150,1699.5710,1699570.9999,46,1.0-1698276-1701115,694.0000,1.0000,1,39,True,1698276.0000,1701115.0000,1294.9999,1.2950
1,1729.2880,1699.6440,1699643.9999,46,1.0-1698276-1701115,694.0000,1.0000,1,39,True,1698276.0000,1701115.0000,1367.9999,1.3680
1,1729.6090,1699.9650,1699964.9999,46,1.0-1698276-1701115,694.0000,1.0000,1,39,True,1698276.0000,1701115.0000,1688.9999,1.6890
1,1729.6495,1700.0055,1700005.4999,46,1.0-1698276-1701115,694.0000,1.0000,1,39,True,1698276.0000,1701115.0000,1729.4999,1.7295
1,1729.7303,1700.0863,1700086.2999,46,1.0-1698276-1701115,694.0000,1.0000,1,39,True,1698276.0000,1701115.0000,1810.2999,1.8103
1,1730.2214,1700.5774,1700577.3999,46,1.0-1698276-1701115,694.0000,1.0000,1,39,True,1698276.0000,1701115.0000,2301.3999,2.3014
1,1730.4576,1700.8136,1700813.5999,46,1.0-1698276-1701115,694.0000,1.0000,1,39,True,1698276.0000,1701115.0000,2537.5999,2.5376
1,1730.7077,1701.0637,1701063.6999,46,1.0-1698276-1701115,694.0000,1.0000,1,39,True,1698276.0000,1701115.0000,2787.6999,2.7877
1,1714.8173,1685.1733,1685173.2999,47,1.0-1684916-1686386,688.0000,1.0000,1,40,True,1684916.0000,1686386.0000,257.2999,0.2573
1,1714.8734,1685.2294,1685229.3999,47,1.0-1684916-1686386,688.0000,1.0000,1,40,True,1684916.0000,1686386.0000,313.3999,0.3134
1,1715.4371,1685.7931,1685793.0999,47,1.0-1684916-1686386,688.0000,1.0000,1,40,True,1684916.0000,1686386.0000,877.0999,0.8771
1,1715.4513,1685.8073,1685807.2999,47,1.0-1684916-1686386,688.0000,1.0000,1,40,True,1684916.0000,1686386.0000,891.2999,0.8913
1,1715.5060,1685.8620,1685861.9999,47,1.0-1684916-1686386,688.0000,1.0000,1,40,True,1684916.0000,1686386.0000,945.9999,0.9460
1,1715.5447,1685.9007,1685900.6999,47,1.0-1684916-1686386,688.0000,1.0000,1,40,True,1684916.0000,1686386.0000,984.6999,0.9847
1,1715.5807,1685.9367,1685936.6999,47,1.0-1684916-1686386,688.0000,1.0000,1,40,True,1684916.0000,1686386.0000,1020.6999,1.0207
1,1715.7482,1686.1042,1686104.1999,47,1.0-1684916-1686386,688.0000,1.0000,1,40,True,1684916.0000,1686386.0000,1188.1999,1.1882
1,1715.7893,1686.1453,1686145.2999,47,1.0-1684916-1686386,688.0000,1.0000,1,40,True,1684916.0000,1686386.0000,1229.2999,1.2293
1,1715.8115,1686.1675,1686167.4999,47,1.0-1684916-1686386,688.0000,1.0000,1,40,True,1684916.0000,1686386.0000,1251.4999,1.2515
1,2460.2289,2430.5849,2430584.8999,48,1.0-2430584-2432588,999.0000,1.0000,1,41,True,2430584.0000,2432588.0000,0.8999,0.0009
1,2460.3448,2430.7008,2430700.7999,48,1.0-2430584-2432588,999.0000,1.0000,1,41,True,2430584.0000,2432588.0000,116.7999,0.1168
1,2460.4329,2430.7889,2430788.8999,48,1.0-2430584-2432588,999.0000,1.0000,1,41,True,2430584.0000,2432588.0000,204.8999,0.2049
1,2460.5041,2430.8601,2430860.0999,48,1.0-2430584-2432588,999.0000,1.0000,1,41,True,2430584.0000,2432588.0000,276.0999,0.2761
1,2460.6943,2431.0503,2431050.2999,48,1.0-2430584-2432588,999.0000,1.0000,1,41,True,2430584.0000,2432588.0000,466.2999,0.4663
1,2460.8212,2431.1772,2431177.1999,48,1.0-2430584-2432588,999.0000,1.0000,1,41,True,2430584.0000,2432588.0000,593.1999,0.5932
1,2460.9939,2431.3499,2431349.8999,48,1.0-2430584-2432588,999.0000,1.0000,1,41,True,2430584.0000,2432588.0000,765.8999,0.7659
1,2461.0491,2431.4051,2431405.0999,48,1.0-2430584-2432588,999.0000,1.0000,1,41,True,2430584.0000,2432588.0000,821.0999,0.8211
1,2461.0649,2431.4209,2431420.8999,48,1.0-2430584-2432588,999.0000,1.0000,1,41,True,2430584.0000,2432588.0000,836.8999,0.8369
1,2461.5371,2431.8931,2431893.0999,48,1.0-2430584-2432588,999.0000,1.0000,1,41,True,2430584.0000,2432588.0000,1309.0999,1.3091
1,2461.5790,2431.9350,2431934.9999,48,1.0-2430584-2432588,999.0000,1.0000,1,41,True,2430584.0000,2432588.0000,1350.9999,1.3510
1,2461.6871,2432.0431,2432043.0999,48,1.0-2430584-2432588,999.0000,1.0000,1,41,True,2430584.0000,2432588.0000,1459.0999,1.4591
1,2461.8195,2432.1755,2432175.4999,48,1.0-2430584-2432588,999.0000,1.0000,1,41,True,2430584.0000,2432588.0000,1591.4999,1.5915
1,2461.8459,2432.2019,2432201.8999,48,1.0-2430584-2432588,999.0000,1.0000,1,41,True,2430584.0000,2432588.0000,1617.8999,1.6179
1,2461.8587,2432.2147,2432214.6999,48,1.0-2430584-2432588,999.0000,1.0000,1,41,True,2430584.0000,2432588.0000,1630.6999,1.6307
1,2461.9427,2432.2987,2432298.6999,48,1.0-2430584-2432588,999.0000,1.0000,1,41,True,2430584.0000,2432588.0000,1714.6999,1.7147
1,2462.0139,2432.3699,2432369.8999,48,1.0-2430584-2432588,999.0000,1.0000,1,41,True,2430584.0000,2432588.0000,1785.8999,1.7859
1,2462.0400,2432.3960,2432395.9999,48,1.0-2430584-2432588,999.0000,1.0000,1,41,True,2430584.0000,2432588.0000,1811.9999,1.8120
1,2462.1879,2432.5439,2432543.8999,48,1.0-2430584-2432588,999.0000,1.0000,1,41,True,2430584.0000,2432588.0000,1959.8999,1.9599
1,2462.1998,2432.5558,2432555.7999,48,1.0-2430584-2432588,999.0000,1.0000,1,41,True,2430584.0000,2432588.0000,1971.7999,1.9718
1,1902.7856,1873.1416,1873141.5999,49,1.0-1873120-1875257,783.0000,1.0000,1,42,True,1873120.0000,1875257.0000,21.5999,0.0216
1,1902.9781,1873.3341,1873334.0999,49,1.0-1873120-1875257,783.0000,1.0000,1,42,True,1873120.0000,1875257.0000,214.0999,0.2141
1,1903.0419,1873.3979,1873397.8999,49,1.0-1873120-1875257,783.0000,1.0000,1,42,True,1873120.0000,1875257.0000,277.8999,0.2779
1,1903.0729,1873.4289,1873428.8999,49,1.0-1873120-1875257,783.0000,1.0000,1,42,True,1873120.0000,1875257.0000,308.8999,0.3089
1,1903.1181,1873.4741,1873474.0999,49,1.0-1873120-1875257,783.0000,1.0000,1,42,True,1873120.0000,1875257.0000,354.0999,0.3541
1,1903.3986,1873.7546,1873754.5999,49,1.0-1873120-1875257,783.0000,1.0000,1,42,True,1873120.0000,1875257.0000,634.5999,0.6346
1,1903.4443,1873.8003,1873800.2999,49,1.0-1873120-1875257,783.0000,1.0000,1,42,True,1873120.0000,1875257.0000,680.2999,0.6803
1,1903.5431,1873.8991,1873899.0999,49,1.0-1873120-1875257,783.0000,1.0000,1,42,True,1873120.0000,1875257.0000,779.0999,0.7791
1,1903.5688,1873.9248,1873924.7999,49,1.0-1873120-1875257,783.0000,1.0000,1,42,True,1873120.0000,1875257.0000,804.7999,0.8048
1,1903.5928,1873.9488,1873948.7999,49,1.0-1873120-1875257,783.0000,1.0000,1,42,True,1873120.0000,1875257.0000,828.7999,0.8288
1,1903.6417,1873.9977,1873997.6999,49,1.0-1873120-1875257,783.0000,1.0000,1,42,True,1873120.0000,1875257.0000,877.6999,0.8777
1,1903.6971,1874.0531,1874053.0999,49,1.0-1873120-1875257,783.0000,1.0000,1,42,True,1873120.0000,1875257.0000,933.0999,0.9331
1,1903.7121,1874.0681,1874068.0999,49,1.0-1873120-1875257,783.0000,1.0000,1,42,True,1873120.0000,1875257.0000,948.0999,0.9481
1,1903.9880,1874.3440,1874343.9999,49,1.0-1873120-1875257,783.0000,1.0000,1,42,True,1873120.0000,1875257.0000,1223.9999,1.2240
1,1904.1657,1874.5217,1874521.6999,49,1.0-1873120-1875257,783.0000,1.0000,1,42,True,1873120.0000,1875257.0000,1401.6999,1.4017
1,1904.1850,1874.5410,1874540.9999,49,1.0-1873120-1875257,783.0000,1.0000,1,42,True,1873120.0000,1875257.0000,1420.9999,1.4210
1,1904.2412,1874.5972,1874597.1999,49,1.0-1873120-1875257,783.0000,1.0000,1,42,True,1873120.0000,1875257.0000,1477.1999,1.4772
1,1904.3794,1874.7354,1874735.3999,49,1.0-1873120-1875257,783.0000,1.0000,1,42,True,1873120.0000,1875257.0000,1615.3999,1.6154
1,1904.4284,1874.7844,1874784.3999,49,1.0-1873120-1875257,783.0000,1.0000,1,42,True,1873120.0000,1875257.0000,1664.3999,1.6644
1,1904.4564,1874.8124,1874812.3999,49,1.0-1873120-1875257,783.0000,1.0000,1,42,True,1873120.0000,1875257.0000,1692.3999,1.6924
1,1904.5229,1874.8789,1874878.8999,49,1.0-1873120-1875257,783.0000,1.0000,1,42,True,1873120.0000,1875257.0000,1758.8999,1.7589
1,1904.7678,1875.1238,1875123.7999,49,1.0-1873120-1875257,783.0000,1.0000,1,42,True,1873120.0000,1875257.0000,2003.7999,2.0038
1,1775.2648,1745.6208,1745620.7999,50,1.0-1745469-1746304,716.0000,1.0000,0,67,True,1745469.0000,1746304.0000,151.7999,0.1518
1,1775.4534,1745.8094,1745809.3999,50,1.0-1745469-1746304,716.0000,1.0000,0,67,True,1745469.0000,1746304.0000,340.3999,0.3404
1,1775.4793,1745.8353,1745835.2999,50,1.0-1745469-1746304,716.0000,1.0000,0,67,True,1745469.0000,1746304.0000,366.2999,0.3663
1,1748.6845,1719.0405,1719040.4999,51,1.0-1718950-1721388,703.0000,1.0000,1,43,True,1718950.0000,1721388.0000,90.4999,0.0905
1,1748.6906,1719.0466,1719046.5999,51,1.0-1718950-1721388,703.0000,1.0000,1,43,True,1718950.0000,1721388.0000,96.5999,0.0966
1,1748.7648,1719.1208,1719120.7999,51,1.0-1718950-1721388,703.0000,1.0000,1,43,True,1718950.0000,1721388.0000,170.7999,0.1708
1,1749.0914,1719.4474,1719447.3999,51,1.0-1718950-1721388,703.0000,1.0000,1,43,True,1718950.0000,1721388.0000,497.3999,0.4974
1,1749.2627,1719.6187,1719618.6999,51,1.0-1718950-1721388,703.0000,1.0000,1,43,True,1718950.0000,1721388.0000,668.6999,0.6687
1,1749.4134,1719.7694,1719769.3999,51,1.0-1718950-1721388,703.0000,1.0000,1,43,True,1718950.0000,1721388.0000,819.3999,0.8194
1,1749.9050,1720.2610,1720260.9999,51,1.0-1718950-1721388,703.0000,1.0000,1,43,True,1718950.0000,1721388.0000,1310.9999,1.3110
1,1750.0011,1720.3571,1720357.0999,51,1.0-1718950-1721388,703.0000,1.0000,1,43,True,1718950.0000,1721388.0000,1407.0999,1.4071
1,1750.1269,1720.4829,1720482.8999,51,1.0-1718950-1721388,703.0000,1.0000,1,43,True,1718950.0000,1721388.0000,1532.8999,1.5329
1,1750.1828,1720.5388,1720538.7999,51,1.0-1718950-1721388,703.0000,1.0000,1,43,True,1718950.0000,1721388.0000,1588.7999,1.5888
1,1750.2406,1720.5966,1720596.5999,51,1.0-1718950-1721388,703.0000,1.0000,1,43,True,1718950.0000,1721388.0000,1646.5999,1.6466
1,1750.3712,1720.7272,1720727.1999,51,1.0-1718950-1721388,703.0000,1.0000,1,43,True,1718950.0000,1721388.0000,1777.1999,1.7772
1,1750.5038,1720.8598,1720859.7999,51,1.0-1718950-1721388,703.0000,1.0000,1,43,True,1718950.0000,1721388.0000,1909.7999,1.9098
1,1750.5265,1720.8825,1720882.4999,51,1.0-1718950-1721388,703.0000,1.0000,1,43,True,1718950.0000,1721388.0000,1932.4999,1.9325
1,1750.5830,1720.9390,1720938.9999,51,1.0-1718950-1721388,703.0000,1.0000,1,43,True,1718950.0000,1721388.0000,1988.9999,1.9890
1,1750.7925,1721.1485,1721148.4999,51,1.0-1718950-1721388,703.0000,1.0000,1,43,True,1718950.0000,1721388.0000,2198.4999,2.1985
1,1750.9438,1721.2998,1721299.7999,51,1.0-1718950-1721388,703.0000,1.0000,1,43,True,1718950.0000,1721388.0000,2349.7999,2.3498
1,214.2833,184.6393,184639.2999,52,1.0-184430-187335,109.0000,1.0000,1,44,True,184430.0000,187335.0000,209.2999,0.2093
1,214.7313,185.0873,185087.2999,52,1.0-184430-187335,109.0000,1.0000,1,44,True,184430.0000,187335.0000,657.2999,0.6573
1,214.7498,185.1058,185105.7999,52,1.0-184430-187335,109.0000,1.0000,1,44,True,184430.0000,187335.0000,675.7999,0.6758
1,215.0039,185.3599,185359.8999,52,1.0-184430-187335,109.0000,1.0000,1,44,True,184430.0000,187335.0000,929.8999,0.9299
1,215.3333,185.6893,185689.2999,52,1.0-184430-187335,109.0000,1.0000,1,44,True,184430.0000,187335.0000,1259.2999,1.2593
1,215.3841,185.7401,185740.0999,52,1.0-184430-187335,109.0000,1.0000,1,44,True,184430.0000,187335.0000,1310.0999,1.3101
1,215.8638,186.2198,186219.7999,52,1.0-184430-187335,109.0000,1.0000,1,44,True,184430.0000,187335.0000,1789.7999,1.7898
1,215.8710,186.2270,186226.9999,52,1.0-184430-187335,109.0000,1.0000,1,44,True,184430.0000,187335.0000,1796.9999,1.7970
1,215.9076,186.2636,186263.5999,52,1.0-184430-187335,109.0000,1.0000,1,44,True,184430.0000,187335.0000,1833.5999,1.8336
1,215.9313,186.2873,186287.2999,52,1.0-184430-187335,109.0000,1.0000,1,44,True,184430.0000,187335.0000,1857.2999,1.8573
1,216.0084,186.3644,186364.3999,52,1.0-184430-187335,109.0000,1.0000,1,44,True,184430.0000,187335.0000,1934.3999,1.9344
1,216.0795,186.4355,186435.4999,52,1.0-184430-187335,109.0000,1.0000,1,44,True,184430.0000,187335.0000,2005.4999,2.0055
1,216.2242,186.5802,186580.1999,52,1.0-184430-187335,109.0000,1.0000,1,44,True,184430.0000,187335.0000,2150.1999,2.1502
1,216.2859,186.6419,186641.8999,52,1.0-184430-187335,109.0000,1.0000,1,44,True,184430.0000,187335.0000,2211.8999,2.2119
1,216.3740,186.7300,186729.9999,52,1.0-184430-187335,109.0000,1.0000,1,44,True,184430.0000,187335.0000,2299.9999,2.3000
1,216.5048,186.8608,186860.7999,52,1.0-184430-187335,109.0000,1.0000,1,44,True,184430.0000,187335.0000,2430.7999,2.4308
1,216.5345,186.8905,186890.4999,52,1.0-184430-187335,109.0000,1.0000,1,44,True,184430.0000,187335.0000,2460.4999,2.4605
1,216.6440,187.0000,186999.9999,52,1.0-184430-187335,109.0000,1.0000,1,44,True,184430.0000,187335.0000,2569.9999,2.5700
1,216.7548,187.1108,187110.7999,52,1.0-184430-187335,109.0000,1.0000,1,44,True,184430.0000,187335.0000,2680.7999,2.6808
1,216.8640,187.2200,187219.9999,52,1.0-184430-187335,109.0000,1.0000,1,44,True,184430.0000,187335.0000,2789.9999,2.7900
1,216.9034,187.2594,187259.3999,52,1.0-184430-187335,109.0000,1.0000,1,44,True,184430.0000,187335.0000,2829.3999,2.8294
1,216.9407,187.2967,187296.6999,52,1.0-184430-187335,109.0000,1.0000,1,44,True,184430.0000,187335.0000,2866.6999,2.8667
1,216.9680,187.3240,187323.9999,52,1.0-184430-187335,109.0000,1.0000,1,44,True,184430.0000,187335.0000,2893.9999,2.8940
1,2442.5846,2412.9406,2412940.5999,53,1.0-2412682-2413851,990.0000,1.0000,0,68,True,2412682.0000,2413851.0000,258.5999,0.2586
1,2442.7441,2413.1001,2413100.0999,53,1.0-2412682-2413851,990.0000,1.0000,0,68,True,2412682.0000,2413851.0000,418.0999,0.4181
1,2443.2016,2413.5576,2413557.5999,53,1.0-2412682-2413851,990.0000,1.0000,0,68,True,2412682.0000,2413851.0000,875.5999,0.8756
1,2443.4065,2413.7625,2413762.4999,53,1.0-2412682-2413851,990.0000,1.0000,0,68,True,2412682.0000,2413851.0000,1080.4999,1.0805
1,2068.6697,2039.0257,2039025.6999,54,1.0-2038779-2041518,848.0000,1.0000,1,45,True,2038779.0000,2041518.0000,246.6999,0.2467
1,2069.4549,2039.8109,2039810.8999,54,1.0-2038779-2041518,848.0000,1.0000,1,45,True,2038779.0000,2041518.0000,1031.8999,1.0319
1,2069.5436,2039.8996,2039899.5999,54,1.0-2038779-2041518,848.0000,1.0000,1,45,True,2038779.0000,2041518.0000,1120.5999,1.1206
1,2069.6840,2040.0400,2040039.9999,54,1.0-2038779-2041518,848.0000,1.0000,1,45,True,2038779.0000,2041518.0000,1260.9999,1.2610
1,2069.7663,2040.1223,2040122.2999,54,1.0-2038779-2041518,848.0000,1.0000,1,45,True,2038779.0000,2041518.0000,1343.2999,1.3433
1,2070.2913,2040.6473,2040647.2999,54,1.0-2038779-2041518,848.0000,1.0000,1,45,True,2038779.0000,2041518.0000,1868.2999,1.8683
1,2070.3966,2040.7526,2040752.5999,54,1.0-2038779-2041518,848.0000,1.0000,1,45,True,2038779.0000,2041518.0000,1973.5999,1.9736
1,2070.4605,2040.8165,2040816.4999,54,1.0-2038779-2041518,848.0000,1.0000,1,45,True,2038779.0000,2041518.0000,2037.4999,2.0375
1,2070.9152,2041.2712,2041271.1999,54,1.0-2038779-2041518,848.0000,1.0000,1,45,True,2038779.0000,2041518.0000,2492.1999,2.4922
1,2070.9642,2041.3202,2041320.1999,54,1.0-2038779-2041518,848.0000,1.0000,1,45,True,2038779.0000,2041518.0000,2541.1999,2.5412
1,164.8647,135.2207,135220.6999,55,1.0-135099-137938,79.0000,1.0000,1,46,True,135099.0000,137938.0000,121.6999,0.1217
1,164.8754,135.2314,135231.3999,55,1.0-135099-137938,79.0000,1.0000,1,46,True,135099.0000,137938.0000,132.3999,0.1324
1,165.2354,135.5914,135591.3999,55,1.0-135099-137938,79.0000,1.0000,1,46,True,135099.0000,137938.0000,492.3999,0.4924
1,165.3546,135.7106,135710.5999,55,1.0-135099-137938,79.0000,1.0000,1,46,True,135099.0000,137938.0000,611.5999,0.6116
1,165.5838,135.9398,135939.7999,55,1.0-135099-137938,79.0000,1.0000,1,46,True,135099.0000,137938.0000,840.7999,0.8408
1,165.7042,136.0602,136060.1999,55,1.0-135099-137938,79.0000,1.0000,1,46,True,135099.0000,137938.0000,961.1999,0.9612
1,165.7868,136.1428,136142.7999,55,1.0-135099-137938,79.0000,1.0000,1,46,True,135099.0000,137938.0000,1043.7999,1.0438
1,165.8932,136.2492,136249.1999,55,1.0-135099-137938,79.0000,1.0000,1,46,True,135099.0000,137938.0000,1150.1999,1.1502
1,166.1892,136.5452,136545.1999,55,1.0-135099-137938,79.0000,1.0000,1,46,True,135099.0000,137938.0000,1446.1999,1.4462
1,166.2479,136.6039,136603.8999,55,1.0-135099-137938,79.0000,1.0000,1,46,True,135099.0000,137938.0000,1504.8999,1.5049
1,166.6596,137.0156,137015.5999,55,1.0-135099-137938,79.0000,1.0000,1,46,True,135099.0000,137938.0000,1916.5999,1.9166
1,166.6984,137.0544,137054.3999,55,1.0-135099-137938,79.0000,1.0000,1,46,True,135099.0000,137938.0000,1955.3999,1.9554
1,166.7483,137.1043,137104.2999,55,1.0-135099-137938,79.0000,1.0000,1,46,True,135099.0000,137938.0000,2005.2999,2.0053
1,166.8248,137.1808,137180.7999,55,1.0-135099-137938,79.0000,1.0000,1,46,True,135099.0000,137938.0000,2081.7999,2.0818
1,166.8395,137.1955,137195.4999,55,1.0-135099-137938,79.0000,1.0000,1,46,True,135099.0000,137938.0000,2096.4999,2.0965
1,166.8515,137.2075,137207.4999,55,1.0-135099-137938,79.0000,1.0000,1,46,True,135099.0000,137938.0000,2108.4999,2.1085
1,166.8819,137.2379,137237.8999,55,1.0-135099-137938,79.0000,1.0000,1,46,True,135099.0000,137938.0000,2138.8999,2.1389
1,166.9320,137.2880,137287.9999,55,1.0-135099-137938,79.0000,1.0000,1,46,True,135099.0000,137938.0000,2188.9999,2.1890
1,167.0028,137.3588,137358.7999,55,1.0-135099-137938,79.0000,1.0000,1,46,True,135099.0000,137938.0000,2259.7999,2.2598
1,167.1425,137.4985,137498.4999,55,1.0-135099-137938,79.0000,1.0000,1,46,True,135099.0000,137938.0000,2399.4999,2.3995
1,167.1542,137.5102,137510.1999,55,1.0-135099-137938,79.0000,1.0000,1,46,True,135099.0000,137938.0000,2411.1999,2.4112
1,167.1795,137.5355,137535.4999,55,1.0-135099-137938,79.0000,1.0000,1,46,True,135099.0000,137938.0000,2436.4999,2.4365
1,167.1833,137.5393,137539.2999,55,1.0-135099-137938,79.0000,1.0000,1,46,True,135099.0000,137938.0000,2440.2999,2.4403
1,167.2140,137.5700,137569.9999,55,1.0-135099-137938,79.0000,1.0000,1,46,True,135099.0000,137938.0000,2470.9999,2.4710
1,167.2569,137.6129,137612.8999,55,1.0-135099-137938,79.0000,1.0000,1,46,True,135099.0000,137938.0000,2513.8999,2.5139
1,167.3108,137.6668,137666.7999,55,1.0-135099-137938,79.0000,1.0000,1,46,True,135099.0000,137938.0000,2567.7999,2.5678
1,167.3427,137.6987,137698.6999,55,1.0-135099-137938,79.0000,1.0000,1,46,True,135099.0000,137938.0000,2599.6999,2.5997
1,167.5523,137.9083,137908.2999,55,1.0-135099-137938,79.0000,1.0000,1,46,True,135099.0000,137938.0000,2809.2999,2.8093
1,361.1514,331.5074,331507.3999,56,1.0-331419-334391,187.0000,1.0000,0,69,True,331419.0000,334391.0000,88.3999,0.0884
1,361.1887,331.5447,331544.6999,56,1.0-331419-334391,187.0000,1.0000,0,69,True,331419.0000,334391.0000,125.6999,0.1257
1,361.2112,331.5672,331567.1999,56,1.0-331419-334391,187.0000,1.0000,0,69,True,331419.0000,334391.0000,148.1999,0.1482
1,361.2972,331.6532,331653.1999,56,1.0-331419-334391,187.0000,1.0000,0,69,True,331419.0000,334391.0000,234.1999,0.2342
1,361.2994,331.6554,331655.3999,56,1.0-331419-334391,187.0000,1.0000,0,69,True,331419.0000,334391.0000,236.3999,0.2364
1,361.4457,331.8017,331801.6999,56,1.0-331419-334391,187.0000,1.0000,0,69,True,331419.0000,334391.0000,382.6999,0.3827
1,361.4480,331.8040,331803.9999,56,1.0-331419-334391,187.0000,1.0000,0,69,True,331419.0000,334391.0000,384.9999,0.3850
1,361.6484,332.0044,332004.3999,56,1.0-331419-334391,187.0000,1.0000,0,69,True,331419.0000,334391.0000,585.3999,0.5854
1,361.7044,332.0604,332060.3999,56,1.0-331419-334391,187.0000,1.0000,0,69,True,331419.0000,334391.0000,641.3999,0.6414
1,361.7882,332.1442,332144.1999,56,1.0-331419-334391,187.0000,1.0000,0,69,True,331419.0000,334391.0000,725.1999,0.7252
1,361.8517,332.2077,332207.6999,56,1.0-331419-334391,187.0000,1.0000,0,69,True,331419.0000,334391.0000,788.6999,0.7887
1,361.8972,332.2532,332253.1999,56,1.0-331419-334391,187.0000,1.0000,0,69,True,331419.0000,334391.0000,834.1999,0.8342
1,362.0229,332.3789,332378.8999,56,1.0-331419-334391,187.0000,1.0000,0,69,True,331419.0000,334391.0000,959.8999,0.9599
1,362.0532,332.4092,332409.1999,56,1.0-331419-334391,187.0000,1.0000,0,69,True,331419.0000,334391.0000,990.1999,0.9902
1,362.0738,332.4298,332429.7999,56,1.0-331419-334391,187.0000,1.0000,0,69,True,331419.0000,334391.0000,1010.7999,1.0108
1,362.0904,332.4464,332446.3999,56,1.0-331419-334391,187.0000,1.0000,0,69,True,331419.0000,334391.0000,1027.3999,1.0274
1,362.1288,332.4848,332484.7999,56,1.0-331419-334391,187.0000,1.0000,0,69,True,331419.0000,334391.0000,1065.7999,1.0658
1,362.2044,332.5604,332560.3999,56,1.0-331419-334391,187.0000,1.0000,0,69,True,331419.0000,334391.0000,1141.3999,1.1414
1,362.2339,332.5899,332589.8999,56,1.0-331419-334391,187.0000,1.0000,0,69,True,331419.0000,334391.0000,1170.8999,1.1709
1,362.2500,332.6060,332605.9999,56,1.0-331419-334391,187.0000,1.0000,0,69,True,331419.0000,334391.0000,1186.9999,1.1870
1,362.3364,332.6924,332692.3999,56,1.0-331419-334391,187.0000,1.0000,0,69,True,331419.0000,334391.0000,1273.3999,1.2734
1,362.3547,332.7107,332710.6999,56,1.0-331419-334391,187.0000,1.0000,0,69,True,331419.0000,334391.0000,1291.6999,1.2917
1,362.4997,332.8557,332855.6999,56,1.0-331419-334391,187.0000,1.0000,0,69,True,331419.0000,334391.0000,1436.6999,1.4367
1,362.7001,333.0561,333056.0999,56,1.0-331419-334391,187.0000,1.0000,0,69,True,331419.0000,334391.0000,1637.0999,1.6371
1,362.7304,333.0864,333086.3999,56,1.0-331419-334391,187.0000,1.0000,0,69,True,331419.0000,334391.0000,1667.3999,1.6674
1,362.8839,333.2399,333239.8999,56,1.0-331419-334391,187.0000,1.0000,0,69,True,331419.0000,334391.0000,1820.8999,1.8209
1,362.9842,333.3402,333340.1999,56,1.0-331419-334391,187.0000,1.0000,0,69,True,331419.0000,334391.0000,1921.1999,1.9212
1,363.0284,333.3844,333384.3999,56,1.0-331419-334391,187.0000,1.0000,0,69,True,331419.0000,334391.0000,1965.3999,1.9654
1,363.1065,333.4625,333462.4999,56,1.0-331419-334391,187.0000,1.0000,0,69,True,331419.0000,334391.0000,2043.4999,2.0435
1,363.1642,333.5202,333520.1999,56,1.0-331419-334391,187.0000,1.0000,0,69,True,331419.0000,334391.0000,2101.1999,2.1012
1,363.2008,333.5568,333556.7999,56,1.0-331419-334391,187.0000,1.0000,0,69,True,331419.0000,334391.0000,2137.7999,2.1378
1,363.2816,333.6376,333637.5999,56,1.0-331419-334391,187.0000,1.0000,0,69,True,331419.0000,334391.0000,2218.5999,2.2186
1,363.4004,333.7564,333756.3999,56,1.0-331419-334391,187.0000,1.0000,0,69,True,331419.0000,334391.0000,2337.3999,2.3374
1,363.5269,333.8829,333882.8999,56,1.0-331419-334391,187.0000,1.0000,0,69,True,331419.0000,334391.0000,2463.8999,2.4639
1,363.6152,333.9712,333971.1999,56,1.0-331419-334391,187.0000,1.0000,0,69,True,331419.0000,334391.0000,2552.1999,2.5522
1,363.9854,334.3414,334341.3999,56,1.0-331419-334391,187.0000,1.0000,0,69,True,331419.0000,334391.0000,2922.3999,2.9224
1,67.4184,37.7744,37774.3999,57,1.0-37607-38710,19.0000,1.0000,1,47,True,37607.0000,38710.0000,167.3999,0.1674
1,67.4774,37.8334,37833.3999,57,1.0-37607-38710,19.0000,1.0000,1,47,True,37607.0000,38710.0000,226.3999,0.2264
1,67.5380,37.8940,37893.9999,57,1.0-37607-38710,19.0000,1.0000,1,47,True,37607.0000,38710.0000,286.9999,0.2870
1,67.7222,38.0782,38078.1999,57,1.0-37607-38710,19.0000,1.0000,1,47,True,37607.0000,38710.0000,471.1999,0.4712
1,67.8060,38.1620,38161.9999,57,1.0-37607-38710,19.0000,1.0000,1,47,True,37607.0000,38710.0000,554.9999,0.5550
1,67.8723,38.2283,38228.2999,57,1.0-37607-38710,19.0000,1.0000,1,47,True,37607.0000,38710.0000,621.2999,0.6213
1,67.9239,38.2799,38279.8999,57,1.0-37607-38710,19.0000,1.0000,1,47,True,37607.0000,38710.0000,672.8999,0.6729
1,68.0200,38.3760,38375.9999,57,1.0-37607-38710,19.0000,1.0000,1,47,True,37607.0000,38710.0000,768.9999,0.7690
1,68.0592,38.4152,38415.1999,57,1.0-37607-38710,19.0000,1.0000,1,47,True,37607.0000,38710.0000,808.1999,0.8082
1,68.1259,38.4819,38481.8999,57,1.0-37607-38710,19.0000,1.0000,1,47,True,37607.0000,38710.0000,874.8999,0.8749
1,2422.1606,2392.5166,2392516.5999,58,1.0-2392509-2395515,981.0000,1.0000,0,70,True,2392509.0000,2395515.0000,7.5999,0.0076
1,2422.2531,2392.6091,2392609.0999,58,1.0-2392509-2395515,981.0000,1.0000,0,70,True,2392509.0000,2395515.0000,100.0999,0.1001
1,2422.3482,2392.7042,2392704.1999,58,1.0-2392509-2395515,981.0000,1.0000,0,70,True,2392509.0000,2395515.0000,195.1999,0.1952
1,2422.6445,2393.0005,2393000.4999,58,1.0-2392509-2395515,981.0000,1.0000,0,70,True,2392509.0000,2395515.0000,491.4999,0.4915
1,2422.8124,2393.1684,2393168.3999,58,1.0-2392509-2395515,981.0000,1.0000,0,70,True,2392509.0000,2395515.0000,659.3999,0.6594
1,2423.0811,2393.4371,2393437.0999,58,1.0-2392509-2395515,981.0000,1.0000,0,70,True,2392509.0000,2395515.0000,928.0999,0.9281
1,2423.1070,2393.4630,2393462.9999,58,1.0-2392509-2395515,981.0000,1.0000,0,70,True,2392509.0000,2395515.0000,953.9999,0.9540
1,2423.1936,2393.5496,2393549.5999,58,1.0-2392509-2395515,981.0000,1.0000,0,70,True,2392509.0000,2395515.0000,1040.5999,1.0406
1,2423.2335,2393.5895,2393589.4999,58,1.0-2392509-2395515,981.0000,1.0000,0,70,True,2392509.0000,2395515.0000,1080.4999,1.0805
1,2423.3473,2393.7033,2393703.2999,58,1.0-2392509-2395515,981.0000,1.0000,0,70,True,2392509.0000,2395515.0000,1194.2999,1.1943
1,2423.5086,2393.8646,2393864.5999,58,1.0-2392509-2395515,981.0000,1.0000,0,70,True,2392509.0000,2395515.0000,1355.5999,1.3556
1,2423.7003,2394.0563,2394056.2999,58,1.0-2392509-2395515,981.0000,1.0000,0,70,True,2392509.0000,2395515.0000,1547.2999,1.5473
1,2423.7278,2394.0838,2394083.7999,58,1.0-2392509-2395515,981.0000,1.0000,0,70,True,2392509.0000,2395515.0000,1574.7999,1.5748
1,2423.7549,2394.1109,2394110.8999,58,1.0-2392509-2395515,981.0000,1.0000,0,70,True,2392509.0000,2395515.0000,1601.8999,1.6019
1,2423.7709,2394.1269,2394126.8999,58,1.0-2392509-2395515,981.0000,1.0000,0,70,True,2392509.0000,2395515.0000,1617.8999,1.6179
1,2423.8363,2394.1923,2394192.2999,58,1.0-2392509-2395515,981.0000,1.0000,0,70,True,2392509.0000,2395515.0000,1683.2999,1.6833
1,2423.9451,2394.3011,2394301.0999,58,1.0-2392509-2395515,981.0000,1.0000,0,70,True,2392509.0000,2395515.0000,1792.0999,1.7921
1,2423.9936,2394.3496,2394349.5999,58,1.0-2392509-2395515,981.0000,1.0000,0,70,True,2392509.0000,2395515.0000,1840.5999,1.8406
1,2424.0719,2394.4279,2394427.8999,58,1.0-2392509-2395515,981.0000,1.0000,0,70,True,2392509.0000,2395515.0000,1918.8999,1.9189
1,2424.0939,2394.4499,2394449.8999,58,1.0-2392509-2395515,981.0000,1.0000,0,70,True,2392509.0000,2395515.0000,1940.8999,1.9409
1,2424.1188,2394.4748,2394474.7999,58,1.0-2392509-2395515,981.0000,1.0000,0,70,True,2392509.0000,2395515.0000,1965.7999,1.9658
1,2424.2048,2394.5608,2394560.7999,58,1.0-2392509-2395515,981.0000,1.0000,0,70,True,2392509.0000,2395515.0000,2051.7999,2.0518
1,2424.2107,2394.5667,2394566.6999,58,1.0-2392509-2395515,981.0000,1.0000,0,70,True,2392509.0000,2395515.0000,2057.6999,2.0577
1,2424.3338,2394.6898,2394689.7999,58,1.0-2392509-2395515,981.0000,1.0000,0,70,True,2392509.0000,2395515.0000,2180.7999,2.1808
1,2424.3810,2394.7370,2394736.9999,58,1.0-2392509-2395515,981.0000,1.0000,0,70,True,2392509.0000,2395515.0000,2227.9999,2.2280
1,2424.3960,2394.7520,2394751.9999,58,1.0-2392509-2395515,981.0000,1.0000,0,70,True,2392509.0000,2395515.0000,2242.9999,2.2430
1,2424.4317,2394.7877,2394787.6999,58,1.0-2392509-2395515,981.0000,1.0000,0,70,True,2392509.0000,2395515.0000,2278.6999,2.2787
1,2424.4868,2394.8428,2394842.7999,58,1.0-2392509-2395515,981.0000,1.0000,0,70,True,2392509.0000,2395515.0000,2333.7999,2.3338
1,2424.4938,2394.8498,2394849.7999,58,1.0-2392509-2395515,981.0000,1.0000,0,70,True,2392509.0000,2395515.0000,2340.7999,2.3408
1,2424.5855,2394.9415,2394941.4999,58,1.0-2392509-2395515,981.0000,1.0000,0,70,True,2392509.0000,2395515.0000,2432.4999,2.4325
1,2424.6184,2394.9744,2394974.3999,58,1.0-2392509-2395515,981.0000,1.0000,0,70,True,2392509.0000,2395515.0000,2465.3999,2.4654
1,2424.8078,2395.1638,2395163.7999,58,1.0-2392509-2395515,981.0000,1.0000,0,70,True,2392509.0000,2395515.0000,2654.7999,2.6548
1,2424.8727,2395.2287,2395228.6999,58,1.0-2392509-2395515,981.0000,1.0000,0,70,True,2392509.0000,2395515.0000,2719.6999,2.7197
1,2424.9573,2395.3133,2395313.2999,58,1.0-2392509-2395515,981.0000,1.0000,0,70,True,2392509.0000,2395515.0000,2804.2999,2.8043
1,2425.1543,2395.5103,2395510.2999,58,1.0-2392509-2395515,981.0000,1.0000,0,70,True,2392509.0000,2395515.0000,3001.2999,3.0013
1,1225.4519,1195.8079,1195807.8999,59,1.0-1195286-1197991,492.0000,1.0000,1,48,True,1195286.0000,1197991.0000,521.8999,0.5219
1,1225.4963,1195.8523,1195852.2999,59,1.0-1195286-1197991,492.0000,1.0000,1,48,True,1195286.0000,1197991.0000,566.2999,0.5663
1,1225.5245,1195.8805,1195880.4999,59,1.0-1195286-1197991,492.0000,1.0000,1,48,True,1195286.0000,1197991.0000,594.4999,0.5945
1,1225.5532,1195.9092,1195909.1999,59,1.0-1195286-1197991,492.0000,1.0000,1,48,True,1195286.0000,1197991.0000,623.1999,0.6232
1,1225.6823,1196.0383,1196038.2999,59,1.0-1195286-1197991,492.0000,1.0000,1,48,True,1195286.0000,1197991.0000,752.2999,0.7523
1,1225.8455,1196.2015,1196201.4999,59,1.0-1195286-1197991,492.0000,1.0000,1,48,True,1195286.0000,1197991.0000,915.4999,0.9155
1,1225.9585,1196.3145,1196314.4999,59,1.0-1195286-1197991,492.0000,1.0000,1,48,True,1195286.0000,1197991.0000,1028.4999,1.0285
1,1226.3007,1196.6567,1196656.6999,59,1.0-1195286-1197991,492.0000,1.0000,1,48,True,1195286.0000,1197991.0000,1370.6999,1.3707
1,1226.3218,1196.6778,1196677.7999,59,1.0-1195286-1197991,492.0000,1.0000,1,48,True,1195286.0000,1197991.0000,1391.7999,1.3918
1,1226.6437,1196.9997,1196999.6999,59,1.0-1195286-1197991,492.0000,1.0000,1,48,True,1195286.0000,1197991.0000,1713.6999,1.7137
1,1226.8252,1197.1812,1197181.1999,59,1.0-1195286-1197991,492.0000,1.0000,1,48,True,1195286.0000,1197991.0000,1895.1999,1.8952
1,1226.9144,1197.2704,1197270.3999,59,1.0-1195286-1197991,492.0000,1.0000,1,48,True,1195286.0000,1197991.0000,1984.3999,1.9844
1,1226.9166,1197.2726,1197272.5999,59,1.0-1195286-1197991,492.0000,1.0000,1,48,True,1195286.0000,1197991.0000,1986.5999,1.9866
1,1227.2088,1197.5648,1197564.7999,59,1.0-1195286-1197991,492.0000,1.0000,1,48,True,1195286.0000,1197991.0000,2278.7999,2.2788
1,1227.5520,1197.9080,1197907.9999,59,1.0-1195286-1197991,492.0000,1.0000,1,48,True,1195286.0000,1197991.0000,2621.9999,2.6220
1,2265.0011,2235.3571,2235357.0999,60,1.0-2234331-2235733,922.0000,1.0000,1,49,True,2234331.0000,2235733.0000,1026.0999,1.0261
1,2265.3638,2235.7198,2235719.7999,60,1.0-2234331-2235733,922.0000,1.0000,1,49,True,2234331.0000,2235733.0000,1388.7999,1.3888
1,1669.2224,1639.5784,1639578.3999,61,1.0-1639326-1642332,666.0000,1.0000,1,50,True,1639326.0000,1642332.0000,252.3999,0.2524
1,1669.3056,1639.6616,1639661.5999,61,1.0-1639326-1642332,666.0000,1.0000,1,50,True,1639326.0000,1642332.0000,335.5999,0.3356
1,1669.4830,1639.8390,1639838.9999,61,1.0-1639326-1642332,666.0000,1.0000,1,50,True,1639326.0000,1642332.0000,512.9999,0.5130
1,1669.5599,1639.9159,1639915.8999,61,1.0-1639326-1642332,666.0000,1.0000,1,50,True,1639326.0000,1642332.0000,589.8999,0.5899
1,1669.7735,1640.1295,1640129.4999,61,1.0-1639326-1642332,666.0000,1.0000,1,50,True,1639326.0000,1642332.0000,803.4999,0.8035
1,1670.1531,1640.5091,1640509.0999,61,1.0-1639326-1642332,666.0000,1.0000,1,50,True,1639326.0000,1642332.0000,1183.0999,1.1831
1,1670.1770,1640.5330,1640532.9999,61,1.0-1639326-1642332,666.0000,1.0000,1,50,True,1639326.0000,1642332.0000,1206.9999,1.2070
1,1670.6100,1640.9660,1640965.9999,61,1.0-1639326-1642332,666.0000,1.0000,1,50,True,1639326.0000,1642332.0000,1639.9999,1.6400
1,1670.6558,1641.0118,1641011.7999,61,1.0-1639326-1642332,666.0000,1.0000,1,50,True,1639326.0000,1642332.0000,1685.7999,1.6858
1,1670.9215,1641.2775,1641277.4999,61,1.0-1639326-1642332,666.0000,1.0000,1,50,True,1639326.0000,1642332.0000,1951.4999,1.9515
1,1670.9433,1641.2993,1641299.2999,61,1.0-1639326-1642332,666.0000,1.0000,1,50,True,1639326.0000,1642332.0000,1973.2999,1.9733
1,1671.4922,1641.8482,1641848.1999,61,1.0-1639326-1642332,666.0000,1.0000,1,50,True,1639326.0000,1642332.0000,2522.1999,2.5222
1,553.0932,523.4492,523449.1999,62,1.0-523430-525434,267.0000,1.0000,1,51,True,523430.0000,525434.0000,19.1999,0.0192
1,553.1004,523.4564,523456.3999,62,1.0-523430-525434,267.0000,1.0000,1,51,True,523430.0000,525434.0000,26.3999,0.0264
1,553.2436,523.5996,523599.5999,62,1.0-523430-525434,267.0000,1.0000,1,51,True,523430.0000,525434.0000,169.5999,0.1696
1,553.2803,523.6363,523636.2999,62,1.0-523430-525434,267.0000,1.0000,1,51,True,523430.0000,525434.0000,206.2999,0.2063
1,553.2844,523.6404,523640.3999,62,1.0-523430-525434,267.0000,1.0000,1,51,True,523430.0000,525434.0000,210.3999,0.2104
1,553.3873,523.7433,523743.2999,62,1.0-523430-525434,267.0000,1.0000,1,51,True,523430.0000,525434.0000,313.2999,0.3133
1,553.5089,523.8649,523864.8999,62,1.0-523430-525434,267.0000,1.0000,1,51,True,523430.0000,525434.0000,434.8999,0.4349
1,553.5116,523.8676,523867.5999,62,1.0-523430-525434,267.0000,1.0000,1,51,True,523430.0000,525434.0000,437.5999,0.4376
1,553.5990,523.9550,523954.9999,62,1.0-523430-525434,267.0000,1.0000,1,51,True,523430.0000,525434.0000,524.9999,0.5250
1,553.6137,523.9697,523969.6999,62,1.0-523430-525434,267.0000,1.0000,1,51,True,523430.0000,525434.0000,539.6999,0.5397
1,553.6362,523.9922,523992.1999,62,1.0-523430-525434,267.0000,1.0000,1,51,True,523430.0000,525434.0000,562.1999,0.5622
1,553.6897,524.0457,524045.6999,62,1.0-523430-525434,267.0000,1.0000,1,51,True,523430.0000,525434.0000,615.6999,0.6157
1,553.7463,524.1023,524102.2999,62,1.0-523430-525434,267.0000,1.0000,1,51,True,523430.0000,525434.0000,672.2999,0.6723
1,553.7748,524.1308,524130.7999,62,1.0-523430-525434,267.0000,1.0000,1,51,True,523430.0000,525434.0000,700.7999,0.7008
1,553.7955,524.1515,524151.4999,62,1.0-523430-525434,267.0000,1.0000,1,51,True,523430.0000,525434.0000,721.4999,0.7215
1,553.9039,524.2599,524259.8999,62,1.0-523430-525434,267.0000,1.0000,1,51,True,523430.0000,525434.0000,829.8999,0.8299
1,553.9297,524.2857,524285.6999,62,1.0-523430-525434,267.0000,1.0000,1,51,True,523430.0000,525434.0000,855.6999,0.8557
1,553.9682,524.3242,524324.1999,62,1.0-523430-525434,267.0000,1.0000,1,51,True,523430.0000,525434.0000,894.1999,0.8942
1,554.0460,524.4020,524401.9999,62,1.0-523430-525434,267.0000,1.0000,1,51,True,523430.0000,525434.0000,971.9999,0.9720
1,554.0535,524.4095,524409.4999,62,1.0-523430-525434,267.0000,1.0000,1,51,True,523430.0000,525434.0000,979.4999,0.9795
1,554.2081,524.5641,524564.0999,62,1.0-523430-525434,267.0000,1.0000,1,51,True,523430.0000,525434.0000,1134.0999,1.1341
1,554.2286,524.5846,524584.5999,62,1.0-523430-525434,267.0000,1.0000,1,51,True,523430.0000,525434.0000,1154.5999,1.1546
1,554.2325,524.5885,524588.4999,62,1.0-523430-525434,267.0000,1.0000,1,51,True,523430.0000,525434.0000,1158.4999,1.1585
1,554.2756,524.6316,524631.5999,62,1.0-523430-525434,267.0000,1.0000,1,51,True,523430.0000,525434.0000,1201.5999,1.2016
1,554.4131,524.7691,524769.0999,62,1.0-523430-525434,267.0000,1.0000,1,51,True,523430.0000,525434.0000,1339.0999,1.3391
1,554.4317,524.7877,524787.6999,62,1.0-523430-525434,267.0000,1.0000,1,51,True,523430.0000,525434.0000,1357.6999,1.3577
1,554.4809,524.8369,524836.8999,62,1.0-523430-525434,267.0000,1.0000,1,51,True,523430.0000,525434.0000,1406.8999,1.4069
1,554.5213,524.8773,524877.2999,62,1.0-523430-525434,267.0000,1.0000,1,51,True,523430.0000,525434.0000,1447.2999,1.4473
1,554.5591,524.9151,524915.0999,62,1.0-523430-525434,267.0000,1.0000,1,51,True,523430.0000,525434.0000,1485.0999,1.4851
1,554.7170,525.0730,525072.9999,62,1.0-523430-525434,267.0000,1.0000,1,51,True,523430.0000,525434.0000,1642.9999,1.6430
1,554.8189,525.1749,525174.8999,62,1.0-523430-525434,267.0000,1.0000,1,51,True,523430.0000,525434.0000,1744.8999,1.7449
1,554.8565,525.2125,525212.4999,62,1.0-523430-525434,267.0000,1.0000,1,51,True,523430.0000,525434.0000,1782.4999,1.7825
1,554.9120,525.2680,525267.9999,62,1.0-523430-525434,267.0000,1.0000,1,51,True,523430.0000,525434.0000,1837.9999,1.8380
1,554.9496,525.3056,525305.5999,62,1.0-523430-525434,267.0000,1.0000,1,51,True,523430.0000,525434.0000,1875.5999,1.8756
1,555.0360,525.3920,525391.9999,62,1.0-523430-525434,267.0000,1.0000,1,51,True,523430.0000,525434.0000,1961.9999,1.9620
1,555.0594,525.4154,525415.3999,62,1.0-523430-525434,267.0000,1.0000,1,51,True,523430.0000,525434.0000,1985.3999,1.9854
1,646.6636,617.0196,617019.5999,63,1.0-617014-620020,300.0000,1.0000,1,52,True,617014.0000,620020.0000,5.5999,0.0056
1,646.8667,617.2227,617222.6999,63,1.0-617014-620020,300.0000,1.0000,1,52,True,617014.0000,620020.0000,208.6999,0.2087
1,646.9645,617.3205,617320.4999,63,1.0-617014-620020,300.0000,1.0000,1,52,True,617014.0000,620020.0000,306.4999,0.3065
1,647.0486,617.4046,617404.5999,63,1.0-617014-620020,300.0000,1.0000,1,52,True,617014.0000,620020.0000,390.5999,0.3906
1,647.0671,617.4231,617423.0999,63,1.0-617014-620020,300.0000,1.0000,1,52,True,617014.0000,620020.0000,409.0999,0.4091
1,647.1803,617.5363,617536.2999,63,1.0-617014-620020,300.0000,1.0000,1,52,True,617014.0000,620020.0000,522.2999,0.5223
1,647.2330,617.5890,617588.9999,63,1.0-617014-620020,300.0000,1.0000,1,52,True,617014.0000,620020.0000,574.9999,0.5750
1,647.2909,617.6469,617646.8999,63,1.0-617014-620020,300.0000,1.0000,1,52,True,617014.0000,620020.0000,632.8999,0.6329
1,647.4254,617.7814,617781.3999,63,1.0-617014-620020,300.0000,1.0000,1,52,True,617014.0000,620020.0000,767.3999,0.7674
1,647.4771,617.8331,617833.0999,63,1.0-617014-620020,300.0000,1.0000,1,52,True,617014.0000,620020.0000,819.0999,0.8191
1,647.7557,618.1117,618111.6999,63,1.0-617014-620020,300.0000,1.0000,1,52,True,617014.0000,620020.0000,1097.6999,1.0977
1,647.7973,618.1533,618153.2999,63,1.0-617014-620020,300.0000,1.0000,1,52,True,617014.0000,620020.0000,1139.2999,1.1393
1,647.8619,618.2179,618217.8999,63,1.0-617014-620020,300.0000,1.0000,1,52,True,617014.0000,620020.0000,1203.8999,1.2039
1,648.3629,618.7189,618718.8999,63,1.0-617014-620020,300.0000,1.0000,1,52,True,617014.0000,620020.0000,1704.8999,1.7049
1,648.4406,618.7966,618796.5999,63,1.0-617014-620020,300.0000,1.0000,1,52,True,617014.0000,620020.0000,1782.5999,1.7826
1,648.5574,618.9134,618913.3999,63,1.0-617014-620020,300.0000,1.0000,1,52,True,617014.0000,620020.0000,1899.3999,1.8994
1,648.6176,618.9736,618973.5999,63,1.0-617014-620020,300.0000,1.0000,1,52,True,617014.0000,620020.0000,1959.5999,1.9596
1,648.8106,619.1666,619166.5999,63,1.0-617014-620020,300.0000,1.0000,1,52,True,617014.0000,620020.0000,2152.5999,2.1526
1,648.8231,619.1791,619179.0999,63,1.0-617014-620020,300.0000,1.0000,1,52,True,617014.0000,620020.0000,2165.0999,2.1651
1,649.1790,619.5350,619534.9999,63,1.0-617014-620020,300.0000,1.0000,1,52,True,617014.0000,620020.0000,2520.9999,2.5210
1,649.2447,619.6007,619600.6999,63,1.0-617014-620020,300.0000,1.0000,1,52,True,617014.0000,620020.0000,2586.6999,2.5867
1,649.2603,619.6163,619616.2999,63,1.0-617014-620020,300.0000,1.0000,1,52,True,617014.0000,620020.0000,2602.2999,2.6023
1,649.4469,619.8029,619802.8999,63,1.0-617014-620020,300.0000,1.0000,1,52,True,617014.0000,620020.0000,2788.8999,2.7889
1,649.4684,619.8244,619824.3999,63,1.0-617014-620020,300.0000,1.0000,1,52,True,617014.0000,620020.0000,2810.3999,2.8104
1,649.5085,619.8645,619864.4999,63,1.0-617014-620020,300.0000,1.0000,1,52,True,617014.0000,620020.0000,2850.4999,2.8505
1,649.5623,619.9183,619918.2999,63,1.0-617014-620020,300.0000,1.0000,1,52,True,617014.0000,620020.0000,2904.2999,2.9043
1,649.5828,619.9388,619938.7999,63,1.0-617014-620020,300.0000,1.0000,1,52,True,617014.0000,620020.0000,2924.7999,2.9248
1,649.6328,619.9888,619988.7999,63,1.0-617014-620020,300.0000,1.0000,1,52,True,617014.0000,620020.0000,2974.7999,2.9748
1,2037.2433,2007.5993,2007599.2999,64,1.0-2007451-2008854,833.0000,1.0000,0,71,True,2007451.0000,2008854.0000,148.2999,0.1483
1,2037.4317,2007.7877,2007787.6999,64,1.0-2007451-2008854,833.0000,1.0000,0,71,True,2007451.0000,2008854.0000,336.6999,0.3367
1,2037.8427,2008.1987,2008198.6999,64,1.0-2007451-2008854,833.0000,1.0000,0,71,True,2007451.0000,2008854.0000,747.6999,0.7477
1,2038.0194,2008.3754,2008375.3999,64,1.0-2007451-2008854,833.0000,1.0000,0,71,True,2007451.0000,2008854.0000,924.3999,0.9244
1,2038.1413,2008.4973,2008497.2999,64,1.0-2007451-2008854,833.0000,1.0000,0,71,True,2007451.0000,2008854.0000,1046.2999,1.0463
1,2038.3948,2008.7508,2008750.7999,64,1.0-2007451-2008854,833.0000,1.0000,0,71,True,2007451.0000,2008854.0000,1299.7999,1.2998
1,2038.4143,2008.7703,2008770.2999,64,1.0-2007451-2008854,833.0000,1.0000,0,71,True,2007451.0000,2008854.0000,1319.2999,1.3193
1,2038.4699,2008.8259,2008825.8999,64,1.0-2007451-2008854,833.0000,1.0000,0,71,True,2007451.0000,2008854.0000,1374.8999,1.3749
1,2038.4771,2008.8331,2008833.0999,64,1.0-2007451-2008854,833.0000,1.0000,0,71,True,2007451.0000,2008854.0000,1382.0999,1.3821
1,210.1225,180.4785,180478.4999,65,1.0-180455-182292,107.0000,1.0000,1,53,True,180455.0000,182292.0000,23.4999,0.0235
1,210.1603,180.5163,180516.2999,65,1.0-180455-182292,107.0000,1.0000,1,53,True,180455.0000,182292.0000,61.2999,0.0613
1,210.1869,180.5429,180542.8999,65,1.0-180455-182292,107.0000,1.0000,1,53,True,180455.0000,182292.0000,87.8999,0.0879
1,210.3586,180.7146,180714.5999,65,1.0-180455-182292,107.0000,1.0000,1,53,True,180455.0000,182292.0000,259.5999,0.2596
1,210.5023,180.8583,180858.2999,65,1.0-180455-182292,107.0000,1.0000,1,53,True,180455.0000,182292.0000,403.2999,0.4033
1,210.5696,180.9256,180925.5999,65,1.0-180455-182292,107.0000,1.0000,1,53,True,180455.0000,182292.0000,470.5999,0.4706
1,210.5941,180.9501,180950.0999,65,1.0-180455-182292,107.0000,1.0000,1,53,True,180455.0000,182292.0000,495.0999,0.4951
1,210.6210,180.9770,180976.9999,65,1.0-180455-182292,107.0000,1.0000,1,53,True,180455.0000,182292.0000,521.9999,0.5220
1,210.7523,181.1083,181108.2999,65,1.0-180455-182292,107.0000,1.0000,1,53,True,180455.0000,182292.0000,653.2999,0.6533
1,210.8040,181.1600,181159.9999,65,1.0-180455-182292,107.0000,1.0000,1,53,True,180455.0000,182292.0000,704.9999,0.7050
1,210.9044,181.2604,181260.3999,65,1.0-180455-182292,107.0000,1.0000,1,53,True,180455.0000,182292.0000,805.3999,0.8054
1,211.2404,181.5964,181596.3999,65,1.0-180455-182292,107.0000,1.0000,1,53,True,180455.0000,182292.0000,1141.3999,1.1414
1,211.2941,181.6501,181650.0999,65,1.0-180455-182292,107.0000,1.0000,1,53,True,180455.0000,182292.0000,1195.0999,1.1951
1,211.3076,181.6636,181663.5999,65,1.0-180455-182292,107.0000,1.0000,1,53,True,180455.0000,182292.0000,1208.5999,1.2086
1,211.3232,181.6792,181679.1999,65,1.0-180455-182292,107.0000,1.0000,1,53,True,180455.0000,182292.0000,1224.1999,1.2242
1,211.3496,181.7056,181705.5999,65,1.0-180455-182292,107.0000,1.0000,1,53,True,180455.0000,182292.0000,1250.5999,1.2506
1,211.4726,181.8286,181828.5999,65,1.0-180455-182292,107.0000,1.0000,1,53,True,180455.0000,182292.0000,1373.5999,1.3736
1,211.7499,182.1059,182105.8999,65,1.0-180455-182292,107.0000,1.0000,1,53,True,180455.0000,182292.0000,1650.8999,1.6509
1,211.8628,182.2188,182218.7999,65,1.0-180455-182292,107.0000,1.0000,1,53,True,180455.0000,182292.0000,1763.7999,1.7638
1,211.8872,182.2432,182243.1999,65,1.0-180455-182292,107.0000,1.0000,1,53,True,180455.0000,182292.0000,1788.1999,1.7882
1,1634.1269,1604.4829,1604482.8999,66,1.0-1604391-1607163,650.0000,1.0000,1,54,True,1604391.0000,1607163.0000,91.8999,0.0919
1,1634.1768,1604.5328,1604532.7999,66,1.0-1604391-1607163,650.0000,1.0000,1,54,True,1604391.0000,1607163.0000,141.7999,0.1418
1,1634.6290,1604.9850,1604984.9999,66,1.0-1604391-1607163,650.0000,1.0000,1,54,True,1604391.0000,1607163.0000,593.9999,0.5940
1,1634.7961,1605.1521,1605152.0999,66,1.0-1604391-1607163,650.0000,1.0000,1,54,True,1604391.0000,1607163.0000,761.0999,0.7611
1,1634.9233,1605.2793,1605279.2999,66,1.0-1604391-1607163,650.0000,1.0000,1,54,True,1604391.0000,1607163.0000,888.2999,0.8883
1,1635.1603,1605.5163,1605516.2999,66,1.0-1604391-1607163,650.0000,1.0000,1,54,True,1604391.0000,1607163.0000,1125.2999,1.1253
1,1635.4758,1605.8318,1605831.7999,66,1.0-1604391-1607163,650.0000,1.0000,1,54,True,1604391.0000,1607163.0000,1440.7999,1.4408
1,1635.5429,1605.8989,1605898.8999,66,1.0-1604391-1607163,650.0000,1.0000,1,54,True,1604391.0000,1607163.0000,1507.8999,1.5079
1,1635.6386,1605.9946,1605994.5999,66,1.0-1604391-1607163,650.0000,1.0000,1,54,True,1604391.0000,1607163.0000,1603.5999,1.6036
1,1635.6986,1606.0546,1606054.5999,66,1.0-1604391-1607163,650.0000,1.0000,1,54,True,1604391.0000,1607163.0000,1663.5999,1.6636
1,1635.7982,1606.1542,1606154.1999,66,1.0-1604391-1607163,650.0000,1.0000,1,54,True,1604391.0000,1607163.0000,1763.1999,1.7632
1,1635.9056,1606.2616,1606261.5999,66,1.0-1604391-1607163,650.0000,1.0000,1,54,True,1604391.0000,1607163.0000,1870.5999,1.8706
1,1636.0639,1606.4199,1606419.8999,66,1.0-1604391-1607163,650.0000,1.0000,1,54,True,1604391.0000,1607163.0000,2028.8999,2.0289
1,1636.4729,1606.8289,1606828.8999,66,1.0-1604391-1607163,650.0000,1.0000,1,54,True,1604391.0000,1607163.0000,2437.8999,2.4379
1,1636.5439,1606.8999,1606899.8999,66,1.0-1604391-1607163,650.0000,1.0000,1,54,True,1604391.0000,1607163.0000,2508.8999,2.5089
1,1636.7644,1607.1204,1607120.3999,66,1.0-1604391-1607163,650.0000,1.0000,1,54,True,1604391.0000,1607163.0000,2729.3999,2.7294
1,1612.8296,1583.1856,1583185.5999,67,1.0-1582782-1584786,643.0000,1.0000,1,55,True,1582782.0000,1584786.0000,403.5999,0.4036
1,1612.9071,1583.2631,1583263.0999,67,1.0-1582782-1584786,643.0000,1.0000,1,55,True,1582782.0000,1584786.0000,481.0999,0.4811
1,1613.4516,1583.8076,1583807.5999,67,1.0-1582782-1584786,643.0000,1.0000,1,55,True,1582782.0000,1584786.0000,1025.5999,1.0256
1,1613.5512,1583.9072,1583907.1999,67,1.0-1582782-1584786,643.0000,1.0000,1,55,True,1582782.0000,1584786.0000,1125.1999,1.1252
1,1613.5530,1583.9090,1583908.9999,67,1.0-1582782-1584786,643.0000,1.0000,1,55,True,1582782.0000,1584786.0000,1126.9999,1.1270
1,1613.6940,1584.0500,1584049.9999,67,1.0-1582782-1584786,643.0000,1.0000,1,55,True,1582782.0000,1584786.0000,1267.9999,1.2680
1,1613.7510,1584.1070,1584106.9999,67,1.0-1582782-1584786,643.0000,1.0000,1,55,True,1582782.0000,1584786.0000,1324.9999,1.3250
1,1613.9555,1584.3115,1584311.4999,67,1.0-1582782-1584786,643.0000,1.0000,1,55,True,1582782.0000,1584786.0000,1529.4999,1.5295
1,1614.0349,1584.3909,1584390.8999,67,1.0-1582782-1584786,643.0000,1.0000,1,55,True,1582782.0000,1584786.0000,1608.8999,1.6089
1,1614.4298,1584.7858,1584785.7999,67,1.0-1582782-1584786,643.0000,1.0000,1,55,True,1582782.0000,1584786.0000,2003.7999,2.0038
1,238.8069,209.1629,209162.8999,68,1.0-209145-210080,125.0000,1.0000,0,72,True,209145.0000,210080.0000,17.8999,0.0179
1,238.9237,209.2797,209279.6999,68,1.0-209145-210080,125.0000,1.0000,0,72,True,209145.0000,210080.0000,134.6999,0.1347
1,238.9466,209.3026,209302.5999,68,1.0-209145-210080,125.0000,1.0000,0,72,True,209145.0000,210080.0000,157.5999,0.1576
1,239.1217,209.4777,209477.6999,68,1.0-209145-210080,125.0000,1.0000,0,72,True,209145.0000,210080.0000,332.6999,0.3327
1,239.1792,209.5352,209535.1999,68,1.0-209145-210080,125.0000,1.0000,0,72,True,209145.0000,210080.0000,390.1999,0.3902
1,239.1822,209.5382,209538.1999,68,1.0-209145-210080,125.0000,1.0000,0,72,True,209145.0000,210080.0000,393.1999,0.3932
1,239.2190,209.5750,209574.9999,68,1.0-209145-210080,125.0000,1.0000,0,72,True,209145.0000,210080.0000,429.9999,0.4300
1,239.2733,209.6293,209629.2999,68,1.0-209145-210080,125.0000,1.0000,0,72,True,209145.0000,210080.0000,484.2999,0.4843
1,239.2838,209.6398,209639.7999,68,1.0-209145-210080,125.0000,1.0000,0,72,True,209145.0000,210080.0000,494.7999,0.4948
1,239.3069,209.6629,209662.8999,68,1.0-209145-210080,125.0000,1.0000,0,72,True,209145.0000,210080.0000,517.8999,0.5179
1,239.3108,209.6668,209666.7999,68,1.0-209145-210080,125.0000,1.0000,0,72,True,209145.0000,210080.0000,521.7999,0.5218
1,239.3355,209.6915,209691.4999,68,1.0-209145-210080,125.0000,1.0000,0,72,True,209145.0000,210080.0000,546.4999,0.5465
1,239.6069,209.9629,209962.8999,68,1.0-209145-210080,125.0000,1.0000,0,72,True,209145.0000,210080.0000,817.8999,0.8179
1,239.6648,210.0208,210020.7999,68,1.0-209145-210080,125.0000,1.0000,0,72,True,209145.0000,210080.0000,875.7999,0.8758
1,1478.0462,1448.4022,1448402.1999,69,1.0-1448250-1450187,574.0000,1.0000,0,73,True,1448250.0000,1450187.0000,152.1999,0.1522
1,1478.0932,1448.4492,1448449.1999,69,1.0-1448250-1450187,574.0000,1.0000,0,73,True,1448250.0000,1450187.0000,199.1999,0.1992
1,1478.1252,1448.4812,1448481.1999,69,1.0-1448250-1450187,574.0000,1.0000,0,73,True,1448250.0000,1450187.0000,231.1999,0.2312
1,1478.5208,1448.8768,1448876.7999,69,1.0-1448250-1450187,574.0000,1.0000,0,73,True,1448250.0000,1450187.0000,626.7999,0.6268
1,1478.6187,1448.9747,1448974.6999,69,1.0-1448250-1450187,574.0000,1.0000,0,73,True,1448250.0000,1450187.0000,724.6999,0.7247
1,1478.6337,1448.9897,1448989.6999,69,1.0-1448250-1450187,574.0000,1.0000,0,73,True,1448250.0000,1450187.0000,739.6999,0.7397
1,1478.9492,1449.3052,1449305.1999,69,1.0-1448250-1450187,574.0000,1.0000,0,73,True,1448250.0000,1450187.0000,1055.1999,1.0552
1,1478.9897,1449.3457,1449345.6999,69,1.0-1448250-1450187,574.0000,1.0000,0,73,True,1448250.0000,1450187.0000,1095.6999,1.0957
1,1479.0684,1449.4244,1449424.3999,69,1.0-1448250-1450187,574.0000,1.0000,0,73,True,1448250.0000,1450187.0000,1174.3999,1.1744
1,1479.1122,1449.4682,1449468.1999,69,1.0-1448250-1450187,574.0000,1.0000,0,73,True,1448250.0000,1450187.0000,1218.1999,1.2182
1,1479.2033,1449.5593,1449559.2999,69,1.0-1448250-1450187,574.0000,1.0000,0,73,True,1448250.0000,1450187.0000,1309.2999,1.3093
1,1479.6257,1449.9817,1449981.6999,69,1.0-1448250-1450187,574.0000,1.0000,0,73,True,1448250.0000,1450187.0000,1731.6999,1.7317
1,1479.6850,1450.0410,1450040.9999,69,1.0-1448250-1450187,574.0000,1.0000,0,73,True,1448250.0000,1450187.0000,1790.9999,1.7910
1,1479.7445,1450.1005,1450100.4999,69,1.0-1448250-1450187,574.0000,1.0000,0,73,True,1448250.0000,1450187.0000,1850.4999,1.8505
1,1479.8027,1450.1587,1450158.6999,69,1.0-1448250-1450187,574.0000,1.0000,0,73,True,1448250.0000,1450187.0000,1908.6999,1.9087
1,1403.1068,1373.4628,1373462.7999,70,1.0-1373036-1375040,548.0000,1.0000,0,74,True,1373036.0000,1375040.0000,426.7999,0.4268
1,1403.1536,1373.5096,1373509.5999,70,1.0-1373036-1375040,548.0000,1.0000,0,74,True,1373036.0000,1375040.0000,473.5999,0.4736
1,1403.6157,1373.9717,1373971.6999,70,1.0-1373036-1375040,548.0000,1.0000,0,74,True,1373036.0000,1375040.0000,935.6999,0.9357
1,1403.7387,1374.0947,1374094.6999,70,1.0-1373036-1375040,548.0000,1.0000,0,74,True,1373036.0000,1375040.0000,1058.6999,1.0587
1,1403.7905,1374.1465,1374146.4999,70,1.0-1373036-1375040,548.0000,1.0000,0,74,True,1373036.0000,1375040.0000,1110.4999,1.1105
1,1403.8127,1374.1687,1374168.6999,70,1.0-1373036-1375040,548.0000,1.0000,0,74,True,1373036.0000,1375040.0000,1132.6999,1.1327
1,1403.8149,1374.1709,1374170.8999,70,1.0-1373036-1375040,548.0000,1.0000,0,74,True,1373036.0000,1375040.0000,1134.8999,1.1349
1,1403.8798,1374.2358,1374235.7999,70,1.0-1373036-1375040,548.0000,1.0000,0,74,True,1373036.0000,1375040.0000,1199.7999,1.1998
1,1403.9217,1374.2777,1374277.6999,70,1.0-1373036-1375040,548.0000,1.0000,0,74,True,1373036.0000,1375040.0000,1241.6999,1.2417
1,1404.1327,1374.4887,1374488.6999,70,1.0-1373036-1375040,548.0000,1.0000,0,74,True,1373036.0000,1375040.0000,1452.6999,1.4527
1,1404.1544,1374.5104,1374510.3999,70,1.0-1373036-1375040,548.0000,1.0000,0,74,True,1373036.0000,1375040.0000,1474.3999,1.4744
1,1404.2669,1374.6229,1374622.8999,70,1.0-1373036-1375040,548.0000,1.0000,0,74,True,1373036.0000,1375040.0000,1586.8999,1.5869
1,1404.3427,1374.6987,1374698.6999,70,1.0-1373036-1375040,548.0000,1.0000,0,74,True,1373036.0000,1375040.0000,1662.6999,1.6627
1,1404.3611,1374.7171,1374717.0999,70,1.0-1373036-1375040,548.0000,1.0000,0,74,True,1373036.0000,1375040.0000,1681.0999,1.6811
1,1404.4881,1374.8441,1374844.0999,70,1.0-1373036-1375040,548.0000,1.0000,0,74,True,1373036.0000,1375040.0000,1808.0999,1.8081
1,1404.6465,1375.0025,1375002.4999,70,1.0-1373036-1375040,548.0000,1.0000,0,74,True,1373036.0000,1375040.0000,1966.4999,1.9665
1,324.9272,295.2832,295283.1999,71,1.0-295248-298120,167.0000,1.0000,0,75,True,295248.0000,298120.0000,35.1999,0.0352
1,324.9487,295.3047,295304.6999,71,1.0-295248-298120,167.0000,1.0000,0,75,True,295248.0000,298120.0000,56.6999,0.0567
1,324.9504,295.3064,295306.3999,71,1.0-295248-298120,167.0000,1.0000,0,75,True,295248.0000,298120.0000,58.3999,0.0584
1,324.9935,295.3495,295349.4999,71,1.0-295248-298120,167.0000,1.0000,0,75,True,295248.0000,298120.0000,101.4999,0.1015
1,325.0084,295.3644,295364.3999,71,1.0-295248-298120,167.0000,1.0000,0,75,True,295248.0000,298120.0000,116.3999,0.1164
1,325.1672,295.5232,295523.1999,71,1.0-295248-298120,167.0000,1.0000,0,75,True,295248.0000,298120.0000,275.1999,0.2752
1,325.1921,295.5481,295548.0999,71,1.0-295248-298120,167.0000,1.0000,0,75,True,295248.0000,298120.0000,300.0999,0.3001
1,325.2297,295.5857,295585.6999,71,1.0-295248-298120,167.0000,1.0000,0,75,True,295248.0000,298120.0000,337.6999,0.3377
1,325.2458,295.6018,295601.7999,71,1.0-295248-298120,167.0000,1.0000,0,75,True,295248.0000,298120.0000,353.7999,0.3538
1,325.3003,295.6563,295656.2999,71,1.0-295248-298120,167.0000,1.0000,0,75,True,295248.0000,298120.0000,408.2999,0.4083
1,325.3217,295.6777,295677.6999,71,1.0-295248-298120,167.0000,1.0000,0,75,True,295248.0000,298120.0000,429.6999,0.4297
1,325.3744,295.7304,295730.3999,71,1.0-295248-298120,167.0000,1.0000,0,75,True,295248.0000,298120.0000,482.3999,0.4824
1,325.4104,295.7664,295766.3999,71,1.0-295248-298120,167.0000,1.0000,0,75,True,295248.0000,298120.0000,518.3999,0.5184
1,325.4544,295.8104,295810.3999,71,1.0-295248-298120,167.0000,1.0000,0,75,True,295248.0000,298120.0000,562.3999,0.5624
1,325.4894,295.8454,295845.3999,71,1.0-295248-298120,167.0000,1.0000,0,75,True,295248.0000,298120.0000,597.3999,0.5974
1,325.5076,295.8636,295863.5999,71,1.0-295248-298120,167.0000,1.0000,0,75,True,295248.0000,298120.0000,615.5999,0.6156
1,325.5266,295.8826,295882.5999,71,1.0-295248-298120,167.0000,1.0000,0,75,True,295248.0000,298120.0000,634.5999,0.6346
1,325.6368,295.9928,295992.7999,71,1.0-295248-298120,167.0000,1.0000,0,75,True,295248.0000,298120.0000,744.7999,0.7448
1,325.8353,296.1913,296191.2999,71,1.0-295248-298120,167.0000,1.0000,0,75,True,295248.0000,298120.0000,943.2999,0.9433
1,325.8536,296.2096,296209.5999,71,1.0-295248-298120,167.0000,1.0000,0,75,True,295248.0000,298120.0000,961.5999,0.9616
1,325.9073,296.2633,296263.2999,71,1.0-295248-298120,167.0000,1.0000,0,75,True,295248.0000,298120.0000,1015.2999,1.0153
1,326.0011,296.3571,296357.0999,71,1.0-295248-298120,167.0000,1.0000,0,75,True,295248.0000,298120.0000,1109.0999,1.1091
1,326.0889,296.4449,296444.8999,71,1.0-295248-298120,167.0000,1.0000,0,75,True,295248.0000,298120.0000,1196.8999,1.1969
1,326.2310,296.5870,296586.9999,71,1.0-295248-298120,167.0000,1.0000,0,75,True,295248.0000,298120.0000,1338.9999,1.3390
1,326.2816,296.6376,296637.5999,71,1.0-295248-298120,167.0000,1.0000,0,75,True,295248.0000,298120.0000,1389.5999,1.3896
1,326.4144,296.7704,296770.3999,71,1.0-295248-298120,167.0000,1.0000,0,75,True,295248.0000,298120.0000,1522.3999,1.5224
1,326.4726,296.8286,296828.5999,71,1.0-295248-298120,167.0000,1.0000,0,75,True,295248.0000,298120.0000,1580.5999,1.5806
1,326.5502,296.9062,296906.1999,71,1.0-295248-298120,167.0000,1.0000,0,75,True,295248.0000,298120.0000,1658.1999,1.6582
1,326.6065,296.9625,296962.4999,71,1.0-295248-298120,167.0000,1.0000,0,75,True,295248.0000,298120.0000,1714.4999,1.7145
1,326.8716,297.2276,297227.5999,71,1.0-295248-298120,167.0000,1.0000,0,75,True,295248.0000,298120.0000,1979.5999,1.9796
1,326.9089,297.2649,297264.8999,71,1.0-295248-298120,167.0000,1.0000,0,75,True,295248.0000,298120.0000,2016.8999,2.0169
1,326.9343,297.2903,297290.2999,71,1.0-295248-298120,167.0000,1.0000,0,75,True,295248.0000,298120.0000,2042.2999,2.0423
1,326.9615,297.3175,297317.4999,71,1.0-295248-298120,167.0000,1.0000,0,75,True,295248.0000,298120.0000,2069.4999,2.0695
1,327.0051,297.3611,297361.0999,71,1.0-295248-298120,167.0000,1.0000,0,75,True,295248.0000,298120.0000,2113.0999,2.1131
1,327.0072,297.3632,297363.1999,71,1.0-295248-298120,167.0000,1.0000,0,75,True,295248.0000,298120.0000,2115.1999,2.1152
1,327.0179,297.3739,297373.8999,71,1.0-295248-298120,167.0000,1.0000,0,75,True,295248.0000,298120.0000,2125.8999,2.1259
1,327.0322,297.3882,297388.1999,71,1.0-295248-298120,167.0000,1.0000,0,75,True,295248.0000,298120.0000,2140.1999,2.1402
1,327.1221,297.4781,297478.0999,71,1.0-295248-298120,167.0000,1.0000,0,75,True,295248.0000,298120.0000,2230.0999,2.2301
1,327.1696,297.5256,297525.5999,71,1.0-295248-298120,167.0000,1.0000,0,75,True,295248.0000,298120.0000,2277.5999,2.2776
1,327.2256,297.5816,297581.5999,71,1.0-295248-298120,167.0000,1.0000,0,75,True,295248.0000,298120.0000,2333.5999,2.3336
1,327.3875,297.7435,297743.4999,71,1.0-295248-298120,167.0000,1.0000,0,75,True,295248.0000,298120.0000,2495.4999,2.4955
1,327.6404,297.9964,297996.3999,71,1.0-295248-298120,167.0000,1.0000,0,75,True,295248.0000,298120.0000,2748.3999,2.7484
1,239.8960,210.2520,210251.9999,72,1.0-210147-212351,126.0000,1.0000,1,56,True,210147.0000,212351.0000,104.9999,0.1050
1,239.9041,210.2601,210260.0999,72,1.0-210147-212351,126.0000,1.0000,1,56,True,210147.0000,212351.0000,113.0999,0.1131
1,239.9994,210.3554,210355.3999,72,1.0-210147-212351,126.0000,1.0000,1,56,True,210147.0000,212351.0000,208.3999,0.2084
1,240.0520,210.4080,210407.9999,72,1.0-210147-212351,126.0000,1.0000,1,56,True,210147.0000,212351.0000,260.9999,0.2610
1,240.1328,210.4888,210488.7999,72,1.0-210147-212351,126.0000,1.0000,1,56,True,210147.0000,212351.0000,341.7999,0.3418
1,240.1643,210.5203,210520.2999,72,1.0-210147-212351,126.0000,1.0000,1,56,True,210147.0000,212351.0000,373.2999,0.3733
1,240.1869,210.5429,210542.8999,72,1.0-210147-212351,126.0000,1.0000,1,56,True,210147.0000,212351.0000,395.8999,0.3959
1,240.1898,210.5458,210545.7999,72,1.0-210147-212351,126.0000,1.0000,1,56,True,210147.0000,212351.0000,398.7999,0.3988
1,240.2237,210.5797,210579.6999,72,1.0-210147-212351,126.0000,1.0000,1,56,True,210147.0000,212351.0000,432.6999,0.4327
1,240.2525,210.6085,210608.4999,72,1.0-210147-212351,126.0000,1.0000,1,56,True,210147.0000,212351.0000,461.4999,0.4615
1,240.3685,210.7245,210724.4999,72,1.0-210147-212351,126.0000,1.0000,1,56,True,210147.0000,212351.0000,577.4999,0.5775
1,240.4201,210.7761,210776.0999,72,1.0-210147-212351,126.0000,1.0000,1,56,True,210147.0000,212351.0000,629.0999,0.6291
1,240.5688,210.9248,210924.7999,72,1.0-210147-212351,126.0000,1.0000,1,56,True,210147.0000,212351.0000,777.7999,0.7778
1,240.6247,210.9807,210980.6999,72,1.0-210147-212351,126.0000,1.0000,1,56,True,210147.0000,212351.0000,833.6999,0.8337
1,240.6667,211.0227,211022.6999,72,1.0-210147-212351,126.0000,1.0000,1,56,True,210147.0000,212351.0000,875.6999,0.8757
1,240.6898,211.0458,211045.7999,72,1.0-210147-212351,126.0000,1.0000,1,56,True,210147.0000,212351.0000,898.7999,0.8988
1,240.9564,211.3124,211312.3999,72,1.0-210147-212351,126.0000,1.0000,1,56,True,210147.0000,212351.0000,1165.3999,1.1654
1,241.1053,211.4613,211461.2999,72,1.0-210147-212351,126.0000,1.0000,1,56,True,210147.0000,212351.0000,1314.2999,1.3143
1,241.1441,211.5001,211500.0999,72,1.0-210147-212351,126.0000,1.0000,1,56,True,210147.0000,212351.0000,1353.0999,1.3531
1,241.3095,211.6655,211665.4999,72,1.0-210147-212351,126.0000,1.0000,1,56,True,210147.0000,212351.0000,1518.4999,1.5185
1,241.5168,211.8728,211872.7999,72,1.0-210147-212351,126.0000,1.0000,1,56,True,210147.0000,212351.0000,1725.7999,1.7258
1,241.5734,211.9294,211929.3999,72,1.0-210147-212351,126.0000,1.0000,1,56,True,210147.0000,212351.0000,1782.3999,1.7824
1,241.6690,212.0250,212024.9999,72,1.0-210147-212351,126.0000,1.0000,1,56,True,210147.0000,212351.0000,1877.9999,1.8780
1,241.6982,212.0542,212054.1999,72,1.0-210147-212351,126.0000,1.0000,1,56,True,210147.0000,212351.0000,1907.1999,1.9072
1,241.7358,212.0918,212091.7999,72,1.0-210147-212351,126.0000,1.0000,1,56,True,210147.0000,212351.0000,1944.7999,1.9448
1,241.9805,212.3365,212336.4999,72,1.0-210147-212351,126.0000,1.0000,1,56,True,210147.0000,212351.0000,2189.4999,2.1895
1,2083.1126,2053.4686,2053468.5999,73,1.0-2053274-2054210,852.0000,1.0000,1,57,True,2053274.0000,2054210.0000,194.5999,0.1946
1,2083.3235,2053.6795,2053679.4999,73,1.0-2053274-2054210,852.0000,1.0000,1,57,True,2053274.0000,2054210.0000,405.4999,0.4055
1,2083.4024,2053.7584,2053758.3999,73,1.0-2053274-2054210,852.0000,1.0000,1,57,True,2053274.0000,2054210.0000,484.3999,0.4844
1,1485.9659,1456.3219,1456321.8999,74,1.0-1456199-1457368,577.0000,1.0000,1,58,True,1456199.0000,1457368.0000,122.8999,0.1229
1,1486.2454,1456.6014,1456601.3999,74,1.0-1456199-1457368,577.0000,1.0000,1,58,True,1456199.0000,1457368.0000,402.3999,0.4024
1,1486.2991,1456.6551,1456655.0999,74,1.0-1456199-1457368,577.0000,1.0000,1,58,True,1456199.0000,1457368.0000,456.0999,0.4561
1,1486.3509,1456.7069,1456706.8999,74,1.0-1456199-1457368,577.0000,1.0000,1,58,True,1456199.0000,1457368.0000,507.8999,0.5079
1,1486.5507,1456.9067,1456906.6999,74,1.0-1456199-1457368,577.0000,1.0000,1,58,True,1456199.0000,1457368.0000,707.6999,0.7077
1,1486.7604,1457.1164,1457116.3999,74,1.0-1456199-1457368,577.0000,1.0000,1,58,True,1456199.0000,1457368.0000,917.3999,0.9174
1,1486.7841,1457.1401,1457140.0999,74,1.0-1456199-1457368,577.0000,1.0000,1,58,True,1456199.0000,1457368.0000,941.0999,0.9411
1,872.4336,842.7896,842789.5999,75,1.0-842625-844596,368.0000,1.0000,1,59,True,842625.0000,844596.0000,164.5999,0.1646
1,872.9615,843.3175,843317.4999,75,1.0-842625-844596,368.0000,1.0000,1,59,True,842625.0000,844596.0000,692.4999,0.6925
1,873.0078,843.3638,843363.7999,75,1.0-842625-844596,368.0000,1.0000,1,59,True,842625.0000,844596.0000,738.7999,0.7388
1,873.0438,843.3998,843399.7999,75,1.0-842625-844596,368.0000,1.0000,1,59,True,842625.0000,844596.0000,774.7999,0.7748
1,873.0907,843.4467,843446.6999,75,1.0-842625-844596,368.0000,1.0000,1,59,True,842625.0000,844596.0000,821.6999,0.8217
1,873.1489,843.5049,843504.8999,75,1.0-842625-844596,368.0000,1.0000,1,59,True,842625.0000,844596.0000,879.8999,0.8799
1,873.2577,843.6137,843613.6999,75,1.0-842625-844596,368.0000,1.0000,1,59,True,842625.0000,844596.0000,988.6999,0.9887
1,874.1506,844.5066,844506.5999,75,1.0-842625-844596,368.0000,1.0000,1,59,True,842625.0000,844596.0000,1881.5999,1.8816
1,874.2040,844.5600,844559.9999,75,1.0-842625-844596,368.0000,1.0000,1,59,True,842625.0000,844596.0000,1934.9999,1.9350
