units,spikeTimeRawS,movieAlignedTimeS,movieAlignedTimeMs,trialOrder,clipWindowId,clipID,movieID,isAccurate,plotOrder,includeInPlots,clipStartTimeMs,clipEndTimeMs,spikeTimeRelativeToClipStartMs,spikeTimeRelativeToClipStartS
2,1986.3445,1956.7005,1956700.4999,1,1.0-1956450-1959456,818.0000,1.0000,1,1,True,1956450.0000,1959456.0000,250.4999,0.2505
2,1986.6335,1956.9895,1956989.4999,1,1.0-1956450-1959456,818.0000,1.0000,1,1,True,1956450.0000,1959456.0000,539.4999,0.5395
2,1986.6762,1957.0322,1957032.1999,1,1.0-1956450-1959456,818.0000,1.0000,1,1,True,1956450.0000,1959456.0000,582.1999,0.5822
2,1986.7307,1957.0867,1957086.6999,1,1.0-1956450-1959456,818.0000,1.0000,1,1,True,1956450.0000,1959456.0000,636.6999,0.6367
2,1986.8063,1957.1623,1957162.2999,1,1.0-1956450-1959456,818.0000,1.0000,1,1,True,1956450.0000,1959456.0000,712.2999,0.7123
2,1986.8442,1957.2002,1957200.1999,1,1.0-1956450-1959456,818.0000,1.0000,1,1,True,1956450.0000,1959456.0000,750.1999,0.7502
2,1986.9370,1957.2930,1957292.9999,1,1.0-1956450-1959456,818.0000,1.0000,1,1,True,1956450.0000,1959456.0000,842.9999,0.8430
2,1987.0015,1957.3575,1957357.4999,1,1.0-1956450-1959456,818.0000,1.0000,1,1,True,1956450.0000,1959456.0000,907.4999,0.9075
2,1987.0417,1957.3977,1957397.6999,1,1.0-1956450-1959456,818.0000,1.0000,1,1,True,1956450.0000,1959456.0000,947.6999,0.9477
2,1987.0840,1957.4400,1957439.9999,1,1.0-1956450-1959456,818.0000,1.0000,1,1,True,1956450.0000,1959456.0000,989.9999,0.9900
2,1987.0939,1957.4499,1957449.8999,1,1.0-1956450-1959456,818.0000,1.0000,1,1,True,1956450.0000,1959456.0000,999.8999,0.9999
2,1987.1822,1957.5382,1957538.1999,1,1.0-1956450-1959456,818.0000,1.0000,1,1,True,1956450.0000,1959456.0000,1088.1999,1.0882
2,1987.2289,1957.5849,1957584.8999,1,1.0-1956450-1959456,818.0000,1.0000,1,1,True,1956450.0000,1959456.0000,1134.8999,1.1349
2,1987.3813,1957.7373,1957737.2999,1,1.0-1956450-1959456,818.0000,1.0000,1,1,True,1956450.0000,1959456.0000,1287.2999,1.2873
2,1987.4131,1957.7691,1957769.0999,1,1.0-1956450-1959456,818.0000,1.0000,1,1,True,1956450.0000,1959456.0000,1319.0999,1.3191
2,1987.4367,1957.7927,1957792.6999,1,1.0-1956450-1959456,818.0000,1.0000,1,1,True,1956450.0000,1959456.0000,1342.6999,1.3427
2,1987.4752,1957.8312,1957831.1999,1,1.0-1956450-1959456,818.0000,1.0000,1,1,True,1956450.0000,1959456.0000,1381.1999,1.3812
2,1987.5068,1957.8628,1957862.7999,1,1.0-1956450-1959456,818.0000,1.0000,1,1,True,1956450.0000,1959456.0000,1412.7999,1.4128
2,1987.5186,1957.8746,1957874.5999,1,1.0-1956450-1959456,818.0000,1.0000,1,1,True,1956450.0000,1959456.0000,1424.5999,1.4246
2,1987.5384,1957.8944,1957894.3999,1,1.0-1956450-1959456,818.0000,1.0000,1,1,True,1956450.0000,1959456.0000,1444.3999,1.4444
2,1987.5705,1957.9265,1957926.4999,1,1.0-1956450-1959456,818.0000,1.0000,1,1,True,1956450.0000,1959456.0000,1476.4999,1.4765
2,1987.5938,1957.9498,1957949.7999,1,1.0-1956450-1959456,818.0000,1.0000,1,1,True,1956450.0000,1959456.0000,1499.7999,1.4998
2,1987.6317,1957.9877,1957987.6999,1,1.0-1956450-1959456,818.0000,1.0000,1,1,True,1956450.0000,1959456.0000,1537.6999,1.5377
2,1987.6469,1958.0029,1958002.8999,1,1.0-1956450-1959456,818.0000,1.0000,1,1,True,1956450.0000,1959456.0000,1552.8999,1.5529
2,1987.6966,1958.0526,1958052.5999,1,1.0-1956450-1959456,818.0000,1.0000,1,1,True,1956450.0000,1959456.0000,1602.5999,1.6026
2,1987.7069,1958.0629,1958062.8999,1,1.0-1956450-1959456,818.0000,1.0000,1,1,True,1956450.0000,1959456.0000,1612.8999,1.6129
2,1987.8345,1958.1905,1958190.4999,1,1.0-1956450-1959456,818.0000,1.0000,1,1,True,1956450.0000,1959456.0000,1740.4999,1.7405
2,1987.9291,1958.2851,1958285.0999,1,1.0-1956450-1959456,818.0000,1.0000,1,1,True,1956450.0000,1959456.0000,1835.0999,1.8351
2,1987.9710,1958.3270,1958326.9999,1,1.0-1956450-1959456,818.0000,1.0000,1,1,True,1956450.0000,1959456.0000,1876.9999,1.8770
2,1988.0016,1958.3576,1958357.5999,1,1.0-1956450-1959456,818.0000,1.0000,1,1,True,1956450.0000,1959456.0000,1907.5999,1.9076
2,1988.0154,1958.3714,1958371.3999,1,1.0-1956450-1959456,818.0000,1.0000,1,1,True,1956450.0000,1959456.0000,1921.3999,1.9214
2,1988.1453,1958.5013,1958501.2999,1,1.0-1956450-1959456,818.0000,1.0000,1,1,True,1956450.0000,1959456.0000,2051.2999,2.0513
2,1988.2403,1958.5963,1958596.2999,1,1.0-1956450-1959456,818.0000,1.0000,1,1,True,1956450.0000,1959456.0000,2146.2999,2.1463
2,1988.2806,1958.6366,1958636.5999,1,1.0-1956450-1959456,818.0000,1.0000,1,1,True,1956450.0000,1959456.0000,2186.5999,2.1866
2,1988.3703,1958.7263,1958726.2999,1,1.0-1956450-1959456,818.0000,1.0000,1,1,True,1956450.0000,1959456.0000,2276.2999,2.2763
2,1988.4323,1958.7883,1958788.2999,1,1.0-1956450-1959456,818.0000,1.0000,1,1,True,1956450.0000,1959456.0000,2338.2999,2.3383
2,1988.4742,1958.8302,1958830.1999,1,1.0-1956450-1959456,818.0000,1.0000,1,1,True,1956450.0000,1959456.0000,2380.1999,2.3802
2,1988.6420,1958.9980,1958997.9999,1,1.0-1956450-1959456,818.0000,1.0000,1,1,True,1956450.0000,1959456.0000,2547.9999,2.5480
2,1988.6973,1959.0533,1959053.2999,1,1.0-1956450-1959456,818.0000,1.0000,1,1,True,1956450.0000,1959456.0000,2603.2999,2.6033
2,1988.7884,1959.1444,1959144.3999,1,1.0-1956450-1959456,818.0000,1.0000,1,1,True,1956450.0000,1959456.0000,2694.3999,2.6944
2,1988.9635,1959.3195,1959319.4999,1,1.0-1956450-1959456,818.0000,1.0000,1,1,True,1956450.0000,1959456.0000,2869.4999,2.8695
2,924.3892,894.7452,894745.1999,2,1.0-894728-896565,387.0000,1.0000,1,2,True,894728.0000,896565.0000,17.1999,0.0172
2,924.4692,894.8252,894825.1999,2,1.0-894728-896565,387.0000,1.0000,1,2,True,894728.0000,896565.0000,97.1999,0.0972
2,924.6426,894.9986,894998.5999,2,1.0-894728-896565,387.0000,1.0000,1,2,True,894728.0000,896565.0000,270.5999,0.2706
2,924.9683,895.3243,895324.2999,2,1.0-894728-896565,387.0000,1.0000,1,2,True,894728.0000,896565.0000,596.2999,0.5963
2,925.0164,895.3724,895372.3999,2,1.0-894728-896565,387.0000,1.0000,1,2,True,894728.0000,896565.0000,644.3999,0.6444
2,925.3092,895.6652,895665.1999,2,1.0-894728-896565,387.0000,1.0000,1,2,True,894728.0000,896565.0000,937.1999,0.9372
2,925.3905,895.7465,895746.4999,2,1.0-894728-896565,387.0000,1.0000,1,2,True,894728.0000,896565.0000,1018.4999,1.0185
2,925.3955,895.7515,895751.4999,2,1.0-894728-896565,387.0000,1.0000,1,2,True,894728.0000,896565.0000,1023.4999,1.0235
2,925.4221,895.7781,895778.0999,2,1.0-894728-896565,387.0000,1.0000,1,2,True,894728.0000,896565.0000,1050.0999,1.0501
2,925.4795,895.8355,895835.4999,2,1.0-894728-896565,387.0000,1.0000,1,2,True,894728.0000,896565.0000,1107.4999,1.1075
2,925.5868,895.9428,895942.7999,2,1.0-894728-896565,387.0000,1.0000,1,2,True,894728.0000,896565.0000,1214.7999,1.2148
2,925.6313,895.9873,895987.2999,2,1.0-894728-896565,387.0000,1.0000,1,2,True,894728.0000,896565.0000,1259.2999,1.2593
2,925.6707,896.0267,896026.6999,2,1.0-894728-896565,387.0000,1.0000,1,2,True,894728.0000,896565.0000,1298.6999,1.2987
2,925.7384,896.0944,896094.3999,2,1.0-894728-896565,387.0000,1.0000,1,2,True,894728.0000,896565.0000,1366.3999,1.3664
2,925.9346,896.2906,896290.5999,2,1.0-894728-896565,387.0000,1.0000,1,2,True,894728.0000,896565.0000,1562.5999,1.5626
2,1807.1913,1777.5473,1777547.2999,3,1.0-1777398-1778200,733.0000,1.0000,0,60,True,1777398.0000,1778200.0000,149.2999,0.1493
2,1807.2255,1777.5815,1777581.4999,3,1.0-1777398-1778200,733.0000,1.0000,0,60,True,1777398.0000,1778200.0000,183.4999,0.1835
2,1807.4472,1777.8032,1777803.1999,3,1.0-1777398-1778200,733.0000,1.0000,0,60,True,1777398.0000,1778200.0000,405.1999,0.4052
2,1807.6890,1778.0450,1778044.9999,3,1.0-1777398-1778200,733.0000,1.0000,0,60,True,1777398.0000,1778200.0000,646.9999,0.6470
2,1807.7601,1778.1161,1778116.0999,3,1.0-1777398-1778200,733.0000,1.0000,0,60,True,1777398.0000,1778200.0000,718.0999,0.7181
2,1807.7783,1778.1343,1778134.2999,3,1.0-1777398-1778200,733.0000,1.0000,0,60,True,1777398.0000,1778200.0000,736.2999,0.7363
2,1348.0879,1318.4439,1318443.8999,4,1.0-1318428-1321434,535.0000,1.0000,1,3,True,1318428.0000,1321434.0000,15.8999,0.0159
2,1348.1268,1318.4828,1318482.7999,4,1.0-1318428-1321434,535.0000,1.0000,1,3,True,1318428.0000,1321434.0000,54.7999,0.0548
2,1348.2436,1318.5996,1318599.5999,4,1.0-1318428-1321434,535.0000,1.0000,1,3,True,1318428.0000,1321434.0000,171.5999,0.1716
2,1348.4264,1318.7824,1318782.3999,4,1.0-1318428-1321434,535.0000,1.0000,1,3,True,1318428.0000,1321434.0000,354.3999,0.3544
2,1348.4650,1318.8210,1318820.9999,4,1.0-1318428-1321434,535.0000,1.0000,1,3,True,1318428.0000,1321434.0000,392.9999,0.3930
2,1348.7006,1319.0566,1319056.5999,4,1.0-1318428-1321434,535.0000,1.0000,1,3,True,1318428.0000,1321434.0000,628.5999,0.6286
2,1348.7693,1319.1253,1319125.2999,4,1.0-1318428-1321434,535.0000,1.0000,1,3,True,1318428.0000,1321434.0000,697.2999,0.6973
2,1348.7996,1319.1556,1319155.5999,4,1.0-1318428-1321434,535.0000,1.0000,1,3,True,1318428.0000,1321434.0000,727.5999,0.7276
2,1348.9142,1319.2702,1319270.1999,4,1.0-1318428-1321434,535.0000,1.0000,1,3,True,1318428.0000,1321434.0000,842.1999,0.8422
2,1349.1238,1319.4798,1319479.7999,4,1.0-1318428-1321434,535.0000,1.0000,1,3,True,1318428.0000,1321434.0000,1051.7999,1.0518
2,1349.1696,1319.5256,1319525.5999,4,1.0-1318428-1321434,535.0000,1.0000,1,3,True,1318428.0000,1321434.0000,1097.5999,1.0976
2,1349.2097,1319.5657,1319565.6999,4,1.0-1318428-1321434,535.0000,1.0000,1,3,True,1318428.0000,1321434.0000,1137.6999,1.1377
2,1349.4816,1319.8376,1319837.5999,4,1.0-1318428-1321434,535.0000,1.0000,1,3,True,1318428.0000,1321434.0000,1409.5999,1.4096
2,1349.6082,1319.9642,1319964.1999,4,1.0-1318428-1321434,535.0000,1.0000,1,3,True,1318428.0000,1321434.0000,1536.1999,1.5362
2,1349.8378,1320.1938,1320193.7999,4,1.0-1318428-1321434,535.0000,1.0000,1,3,True,1318428.0000,1321434.0000,1765.7999,1.7658
2,1349.9037,1320.2597,1320259.6999,4,1.0-1318428-1321434,535.0000,1.0000,1,3,True,1318428.0000,1321434.0000,1831.6999,1.8317
2,1350.0575,1320.4135,1320413.4999,4,1.0-1318428-1321434,535.0000,1.0000,1,3,True,1318428.0000,1321434.0000,1985.4999,1.9855
2,1350.1704,1320.5264,1320526.3999,4,1.0-1318428-1321434,535.0000,1.0000,1,3,True,1318428.0000,1321434.0000,2098.3999,2.0984
2,1350.2319,1320.5879,1320587.8999,4,1.0-1318428-1321434,535.0000,1.0000,1,3,True,1318428.0000,1321434.0000,2159.8999,2.1599
2,1350.2959,1320.6519,1320651.8999,4,1.0-1318428-1321434,535.0000,1.0000,1,3,True,1318428.0000,1321434.0000,2223.8999,2.2239
2,1350.8129,1321.1689,1321168.8999,4,1.0-1318428-1321434,535.0000,1.0000,1,3,True,1318428.0000,1321434.0000,2740.8999,2.7409
2,1350.9668,1321.3228,1321322.7999,4,1.0-1318428-1321434,535.0000,1.0000,1,3,True,1318428.0000,1321434.0000,2894.7999,2.8948
2,1351.0218,1321.3778,1321377.7999,4,1.0-1318428-1321434,535.0000,1.0000,1,3,True,1318428.0000,1321434.0000,2949.7999,2.9498
2,1351.0489,1321.4049,1321404.8999,4,1.0-1318428-1321434,535.0000,1.0000,1,3,True,1318428.0000,1321434.0000,2976.8999,2.9769
2,726.2180,696.5740,696573.9999,5,1.0-696504-698141,326.0000,1.0000,1,4,True,696504.0000,698141.0000,69.9999,0.0700
2,726.3456,696.7016,696701.5999,5,1.0-696504-698141,326.0000,1.0000,1,4,True,696504.0000,698141.0000,197.5999,0.1976
2,726.3788,696.7348,696734.7999,5,1.0-696504-698141,326.0000,1.0000,1,4,True,696504.0000,698141.0000,230.7999,0.2308
2,726.4147,696.7707,696770.6999,5,1.0-696504-698141,326.0000,1.0000,1,4,True,696504.0000,698141.0000,266.6999,0.2667
2,726.6443,697.0003,697000.2999,5,1.0-696504-698141,326.0000,1.0000,1,4,True,696504.0000,698141.0000,496.2999,0.4963
2,726.6820,697.0380,697037.9999,5,1.0-696504-698141,326.0000,1.0000,1,4,True,696504.0000,698141.0000,533.9999,0.5340
2,726.7865,697.1425,697142.4999,5,1.0-696504-698141,326.0000,1.0000,1,4,True,696504.0000,698141.0000,638.4999,0.6385
2,726.9303,697.2863,697286.2999,5,1.0-696504-698141,326.0000,1.0000,1,4,True,696504.0000,698141.0000,782.2999,0.7823
2,726.9921,697.3481,697348.0999,5,1.0-696504-698141,326.0000,1.0000,1,4,True,696504.0000,698141.0000,844.0999,0.8441
2,727.0216,697.3776,697377.5999,5,1.0-696504-698141,326.0000,1.0000,1,4,True,696504.0000,698141.0000,873.5999,0.8736
2,727.0773,697.4333,697433.2999,5,1.0-696504-698141,326.0000,1.0000,1,4,True,696504.0000,698141.0000,929.2999,0.9293
2,727.1072,697.4632,697463.1999,5,1.0-696504-698141,326.0000,1.0000,1,4,True,696504.0000,698141.0000,959.1999,0.9592
2,727.1600,697.5160,697515.9999,5,1.0-696504-698141,326.0000,1.0000,1,4,True,696504.0000,698141.0000,1011.9999,1.0120
2,727.2382,697.5942,697594.1999,5,1.0-696504-698141,326.0000,1.0000,1,4,True,696504.0000,698141.0000,1090.1999,1.0902
2,727.4998,697.8558,697855.7999,5,1.0-696504-698141,326.0000,1.0000,1,4,True,696504.0000,698141.0000,1351.7999,1.3518
2,727.5493,697.9053,697905.2999,5,1.0-696504-698141,326.0000,1.0000,1,4,True,696504.0000,698141.0000,1401.2999,1.4013
2,727.6658,698.0218,698021.7999,5,1.0-696504-698141,326.0000,1.0000,1,4,True,696504.0000,698141.0000,1517.7999,1.5178
2,727.6929,698.0489,698048.8999,5,1.0-696504-698141,326.0000,1.0000,1,4,True,696504.0000,698141.0000,1544.8999,1.5449
2,2450.7715,2421.1275,2421127.4999,6,1.0-2420931-2423937,995.0000,1.0000,1,5,True,2420931.0000,2423937.0000,196.4999,0.1965
2,2450.9825,2421.3385,2421338.4999,6,1.0-2420931-2423937,995.0000,1.0000,1,5,True,2420931.0000,2423937.0000,407.4999,0.4075
2,2451.4797,2421.8357,2421835.6999,6,1.0-2420931-2423937,995.0000,1.0000,1,5,True,2420931.0000,2423937.0000,904.6999,0.9047
2,2451.6685,2422.0245,2422024.4999,6,1.0-2420931-2423937,995.0000,1.0000,1,5,True,2420931.0000,2423937.0000,1093.4999,1.0935
2,2451.9217,2422.2777,2422277.6999,6,1.0-2420931-2423937,995.0000,1.0000,1,5,True,2420931.0000,2423937.0000,1346.6999,1.3467
2,2452.0500,2422.4060,2422405.9999,6,1.0-2420931-2423937,995.0000,1.0000,1,5,True,2420931.0000,2423937.0000,1474.9999,1.4750
2,2452.0749,2422.4309,2422430.8999,6,1.0-2420931-2423937,995.0000,1.0000,1,5,True,2420931.0000,2423937.0000,1499.8999,1.4999
2,2452.4573,2422.8133,2422813.2999,6,1.0-2420931-2423937,995.0000,1.0000,1,5,True,2420931.0000,2423937.0000,1882.2999,1.8823
2,2452.7765,2423.1325,2423132.4999,6,1.0-2420931-2423937,995.0000,1.0000,1,5,True,2420931.0000,2423937.0000,2201.4999,2.2015
2,2452.8888,2423.2448,2423244.7999,6,1.0-2420931-2423937,995.0000,1.0000,1,5,True,2420931.0000,2423937.0000,2313.7999,2.3138
2,2453.1069,2423.4629,2423462.8999,6,1.0-2420931-2423937,995.0000,1.0000,1,5,True,2420931.0000,2423937.0000,2531.8999,2.5319
2,2453.1877,2423.5437,2423543.6999,6,1.0-2420931-2423937,995.0000,1.0000,1,5,True,2420931.0000,2423937.0000,2612.6999,2.6127
2,1187.7413,1158.0973,1158097.2999,7,1.0-1158046-1160117,477.0000,1.0000,1,6,True,1158046.0000,1160117.0000,51.2999,0.0513
2,1187.8209,1158.1769,1158176.8999,7,1.0-1158046-1160117,477.0000,1.0000,1,6,True,1158046.0000,1160117.0000,130.8999,0.1309
2,1187.8504,1158.2064,1158206.3999,7,1.0-1158046-1160117,477.0000,1.0000,1,6,True,1158046.0000,1160117.0000,160.3999,0.1604
2,1187.9344,1158.2904,1158290.3999,7,1.0-1158046-1160117,477.0000,1.0000,1,6,True,1158046.0000,1160117.0000,244.3999,0.2444
2,1188.1378,1158.4938,1158493.7999,7,1.0-1158046-1160117,477.0000,1.0000,1,6,True,1158046.0000,1160117.0000,447.7999,0.4478
2,1188.1599,1158.5159,1158515.8999,7,1.0-1158046-1160117,477.0000,1.0000,1,6,True,1158046.0000,1160117.0000,469.8999,0.4699
2,1188.2942,1158.6502,1158650.1999,7,1.0-1158046-1160117,477.0000,1.0000,1,6,True,1158046.0000,1160117.0000,604.1999,0.6042
2,1189.0119,1159.3679,1159367.8999,7,1.0-1158046-1160117,477.0000,1.0000,1,6,True,1158046.0000,1160117.0000,1321.8999,1.3219
2,1189.6062,1159.9622,1159962.1999,7,1.0-1158046-1160117,477.0000,1.0000,1,6,True,1158046.0000,1160117.0000,1916.1999,1.9162
2,1189.6534,1160.0094,1160009.3999,7,1.0-1158046-1160117,477.0000,1.0000,1,6,True,1158046.0000,1160117.0000,1963.3999,1.9634
2,1189.7316,1160.0876,1160087.5999,7,1.0-1158046-1160117,477.0000,1.0000,1,6,True,1158046.0000,1160117.0000,2041.5999,2.0416
2,739.4549,709.8109,709810.8999,8,1.0-709630-711667,330.0000,1.0000,1,7,True,709630.0000,711667.0000,180.8999,0.1809
2,739.4927,709.8487,709848.6999,8,1.0-709630-711667,330.0000,1.0000,1,7,True,709630.0000,711667.0000,218.6999,0.2187
2,739.5127,709.8687,709868.6999,8,1.0-709630-711667,330.0000,1.0000,1,7,True,709630.0000,711667.0000,238.6999,0.2387
2,739.6118,709.9678,709967.7999,8,1.0-709630-711667,330.0000,1.0000,1,7,True,709630.0000,711667.0000,337.7999,0.3378
2,739.6276,709.9836,709983.5999,8,1.0-709630-711667,330.0000,1.0000,1,7,True,709630.0000,711667.0000,353.5999,0.3536
2,739.7039,710.0599,710059.8999,8,1.0-709630-711667,330.0000,1.0000,1,7,True,709630.0000,711667.0000,429.8999,0.4299
2,739.7587,710.1147,710114.6999,8,1.0-709630-711667,330.0000,1.0000,1,7,True,709630.0000,711667.0000,484.6999,0.4847
2,739.8180,710.1740,710173.9999,8,1.0-709630-711667,330.0000,1.0000,1,7,True,709630.0000,711667.0000,543.9999,0.5440
2,739.9318,710.2878,710287.7999,8,1.0-709630-711667,330.0000,1.0000,1,7,True,709630.0000,711667.0000,657.7999,0.6578
2,739.9646,710.3206,710320.5999,8,1.0-709630-711667,330.0000,1.0000,1,7,True,709630.0000,711667.0000,690.5999,0.6906
2,740.1808,710.5368,710536.7999,8,1.0-709630-711667,330.0000,1.0000,1,7,True,709630.0000,711667.0000,906.7999,0.9068
2,740.6940,711.0500,711049.9999,8,1.0-709630-711667,330.0000,1.0000,1,7,True,709630.0000,711667.0000,1419.9999,1.4200
2,740.7506,711.1066,711106.5999,8,1.0-709630-711667,330.0000,1.0000,1,7,True,709630.0000,711667.0000,1476.5999,1.4766
2,740.7722,711.1282,711128.1999,8,1.0-709630-711667,330.0000,1.0000,1,7,True,709630.0000,711667.0000,1498.1999,1.4982
2,740.8717,711.2277,711227.6999,8,1.0-709630-711667,330.0000,1.0000,1,7,True,709630.0000,711667.0000,1597.6999,1.5977
2,740.9179,711.2739,711273.8999,8,1.0-709630-711667,330.0000,1.0000,1,7,True,709630.0000,711667.0000,1643.8999,1.6439
2,740.9755,711.3315,711331.4999,8,1.0-709630-711667,330.0000,1.0000,1,7,True,709630.0000,711667.0000,1701.4999,1.7015
2,741.1988,711.5548,711554.7999,8,1.0-709630-711667,330.0000,1.0000,1,7,True,709630.0000,711667.0000,1924.7999,1.9248
2,2381.3392,2351.6952,2351695.1999,9,1.0-2351628-2352764,964.0000,1.0000,1,8,True,2351628.0000,2352764.0000,67.1999,0.0672
2,2381.3589,2351.7149,2351714.8999,9,1.0-2351628-2352764,964.0000,1.0000,1,8,True,2351628.0000,2352764.0000,86.8999,0.0869
2,2381.3705,2351.7265,2351726.4999,9,1.0-2351628-2352764,964.0000,1.0000,1,8,True,2351628.0000,2352764.0000,98.4999,0.0985
2,2381.4207,2351.7767,2351776.6999,9,1.0-2351628-2352764,964.0000,1.0000,1,8,True,2351628.0000,2352764.0000,148.6999,0.1487
2,2381.4804,2351.8364,2351836.3999,9,1.0-2351628-2352764,964.0000,1.0000,1,8,True,2351628.0000,2352764.0000,208.3999,0.2084
2,2381.5108,2351.8668,2351866.7999,9,1.0-2351628-2352764,964.0000,1.0000,1,8,True,2351628.0000,2352764.0000,238.7999,0.2388
2,2381.5479,2351.9039,2351903.8999,9,1.0-2351628-2352764,964.0000,1.0000,1,8,True,2351628.0000,2352764.0000,275.8999,0.2759
2,2381.5688,2351.9248,2351924.7999,9,1.0-2351628-2352764,964.0000,1.0000,1,8,True,2351628.0000,2352764.0000,296.7999,0.2968
2,2381.5830,2351.9390,2351938.9999,9,1.0-2351628-2352764,964.0000,1.0000,1,8,True,2351628.0000,2352764.0000,310.9999,0.3110
2,2381.6055,2351.9615,2351961.4999,9,1.0-2351628-2352764,964.0000,1.0000,1,8,True,2351628.0000,2352764.0000,333.4999,0.3335
2,2381.6223,2351.9783,2351978.2999,9,1.0-2351628-2352764,964.0000,1.0000,1,8,True,2351628.0000,2352764.0000,350.2999,0.3503
2,2381.6385,2351.9945,2351994.4999,9,1.0-2351628-2352764,964.0000,1.0000,1,8,True,2351628.0000,2352764.0000,366.4999,0.3665
2,2381.6651,2352.0211,2352021.0999,9,1.0-2351628-2352764,964.0000,1.0000,1,8,True,2351628.0000,2352764.0000,393.0999,0.3931
2,2381.6843,2352.0403,2352040.2999,9,1.0-2351628-2352764,964.0000,1.0000,1,8,True,2351628.0000,2352764.0000,412.2999,0.4123
2,2381.7429,2352.0989,2352098.8999,9,1.0-2351628-2352764,964.0000,1.0000,1,8,True,2351628.0000,2352764.0000,470.8999,0.4709
2,2381.7833,2352.1393,2352139.2999,9,1.0-2351628-2352764,964.0000,1.0000,1,8,True,2351628.0000,2352764.0000,511.2999,0.5113
2,2381.8167,2352.1727,2352172.6999,9,1.0-2351628-2352764,964.0000,1.0000,1,8,True,2351628.0000,2352764.0000,544.6999,0.5447
2,2381.8896,2352.2456,2352245.5999,9,1.0-2351628-2352764,964.0000,1.0000,1,8,True,2351628.0000,2352764.0000,617.5999,0.6176
2,2381.9009,2352.2569,2352256.8999,9,1.0-2351628-2352764,964.0000,1.0000,1,8,True,2351628.0000,2352764.0000,628.8999,0.6289
2,2381.9589,2352.3149,2352314.8999,9,1.0-2351628-2352764,964.0000,1.0000,1,8,True,2351628.0000,2352764.0000,686.8999,0.6869
2,2382.0410,2352.3970,2352396.9999,9,1.0-2351628-2352764,964.0000,1.0000,1,8,True,2351628.0000,2352764.0000,768.9999,0.7690
2,2382.0643,2352.4203,2352420.2999,9,1.0-2351628-2352764,964.0000,1.0000,1,8,True,2351628.0000,2352764.0000,792.2999,0.7923
2,2382.1189,2352.4749,2352474.8999,9,1.0-2351628-2352764,964.0000,1.0000,1,8,True,2351628.0000,2352764.0000,846.8999,0.8469
2,2382.1388,2352.4948,2352494.7999,9,1.0-2351628-2352764,964.0000,1.0000,1,8,True,2351628.0000,2352764.0000,866.7999,0.8668
2,2382.2044,2352.5604,2352560.3999,9,1.0-2351628-2352764,964.0000,1.0000,1,8,True,2351628.0000,2352764.0000,932.3999,0.9324
2,2382.2496,2352.6056,2352605.5999,9,1.0-2351628-2352764,964.0000,1.0000,1,8,True,2351628.0000,2352764.0000,977.5999,0.9776
2,2382.2673,2352.6233,2352623.2999,9,1.0-2351628-2352764,964.0000,1.0000,1,8,True,2351628.0000,2352764.0000,995.2999,0.9953
2,2382.2877,2352.6437,2352643.6999,9,1.0-2351628-2352764,964.0000,1.0000,1,8,True,2351628.0000,2352764.0000,1015.6999,1.0157
2,2382.3192,2352.6752,2352675.1999,9,1.0-2351628-2352764,964.0000,1.0000,1,8,True,2351628.0000,2352764.0000,1047.1999,1.0472
2,2382.3667,2352.7227,2352722.6999,9,1.0-2351628-2352764,964.0000,1.0000,1,8,True,2351628.0000,2352764.0000,1094.6999,1.0947
2,1865.4438,1835.7998,1835799.7999,10,1.0-1835746-1837450,758.0000,1.0000,1,9,True,1835746.0000,1837450.0000,53.7999,0.0538
2,1865.4659,1835.8219,1835821.8999,10,1.0-1835746-1837450,758.0000,1.0000,1,9,True,1835746.0000,1837450.0000,75.8999,0.0759
2,1865.5534,1835.9094,1835909.3999,10,1.0-1835746-1837450,758.0000,1.0000,1,9,True,1835746.0000,1837450.0000,163.3999,0.1634
2,1865.6396,1835.9956,1835995.5999,10,1.0-1835746-1837450,758.0000,1.0000,1,9,True,1835746.0000,1837450.0000,249.5999,0.2496
2,1865.7828,1836.1388,1836138.7999,10,1.0-1835746-1837450,758.0000,1.0000,1,9,True,1835746.0000,1837450.0000,392.7999,0.3928
2,1865.8431,1836.1991,1836199.0999,10,1.0-1835746-1837450,758.0000,1.0000,1,9,True,1835746.0000,1837450.0000,453.0999,0.4531
2,1865.9105,1836.2665,1836266.4999,10,1.0-1835746-1837450,758.0000,1.0000,1,9,True,1835746.0000,1837450.0000,520.4999,0.5205
2,1865.9503,1836.3063,1836306.2999,10,1.0-1835746-1837450,758.0000,1.0000,1,9,True,1835746.0000,1837450.0000,560.2999,0.5603
2,1865.9938,1836.3498,1836349.7999,10,1.0-1835746-1837450,758.0000,1.0000,1,9,True,1835746.0000,1837450.0000,603.7999,0.6038
2,1866.0802,1836.4362,1836436.1999,10,1.0-1835746-1837450,758.0000,1.0000,1,9,True,1835746.0000,1837450.0000,690.1999,0.6902
2,1866.1081,1836.4641,1836464.0999,10,1.0-1835746-1837450,758.0000,1.0000,1,9,True,1835746.0000,1837450.0000,718.0999,0.7181
2,1866.2727,1836.6287,1836628.6999,10,1.0-1835746-1837450,758.0000,1.0000,1,9,True,1835746.0000,1837450.0000,882.6999,0.8827
2,1866.3966,1836.7526,1836752.5999,10,1.0-1835746-1837450,758.0000,1.0000,1,9,True,1835746.0000,1837450.0000,1006.5999,1.0066
2,1866.4702,1836.8262,1836826.1999,10,1.0-1835746-1837450,758.0000,1.0000,1,9,True,1835746.0000,1837450.0000,1080.1999,1.0802
2,1866.5367,1836.8927,1836892.6999,10,1.0-1835746-1837450,758.0000,1.0000,1,9,True,1835746.0000,1837450.0000,1146.6999,1.1467
2,1866.6156,1836.9716,1836971.5999,10,1.0-1835746-1837450,758.0000,1.0000,1,9,True,1835746.0000,1837450.0000,1225.5999,1.2256
2,1866.6985,1837.0545,1837054.4999,10,1.0-1835746-1837450,758.0000,1.0000,1,9,True,1835746.0000,1837450.0000,1308.4999,1.3085
2,1866.7575,1837.1135,1837113.4999,10,1.0-1835746-1837450,758.0000,1.0000,1,9,True,1835746.0000,1837450.0000,1367.4999,1.3675
2,1866.8040,1837.1600,1837159.9999,10,1.0-1835746-1837450,758.0000,1.0000,1,9,True,1835746.0000,1837450.0000,1413.9999,1.4140
2,1866.8407,1837.1967,1837196.6999,10,1.0-1835746-1837450,758.0000,1.0000,1,9,True,1835746.0000,1837450.0000,1450.6999,1.4507
2,1866.8954,1837.2514,1837251.3999,10,1.0-1835746-1837450,758.0000,1.0000,1,9,True,1835746.0000,1837450.0000,1505.3999,1.5054
2,1866.9098,1837.2658,1837265.7999,10,1.0-1835746-1837450,758.0000,1.0000,1,9,True,1835746.0000,1837450.0000,1519.7999,1.5198
2,1866.9408,1837.2968,1837296.7999,10,1.0-1835746-1837450,758.0000,1.0000,1,9,True,1835746.0000,1837450.0000,1550.7999,1.5508
2,1866.9602,1837.3162,1837316.1999,10,1.0-1835746-1837450,758.0000,1.0000,1,9,True,1835746.0000,1837450.0000,1570.1999,1.5702
2,1786.9312,1757.2872,1757287.1999,11,1.0-1757225-1758928,723.0000,1.0000,1,10,True,1757225.0000,1758928.0000,62.1999,0.0622
2,1786.9885,1757.3445,1757344.4999,11,1.0-1757225-1758928,723.0000,1.0000,1,10,True,1757225.0000,1758928.0000,119.4999,0.1195
2,1787.0772,1757.4332,1757433.1999,11,1.0-1757225-1758928,723.0000,1.0000,1,10,True,1757225.0000,1758928.0000,208.1999,0.2082
2,1787.0941,1757.4501,1757450.0999,11,1.0-1757225-1758928,723.0000,1.0000,1,10,True,1757225.0000,1758928.0000,225.0999,0.2251
2,1787.2026,1757.5586,1757558.5999,11,1.0-1757225-1758928,723.0000,1.0000,1,10,True,1757225.0000,1758928.0000,333.5999,0.3336
2,1787.2817,1757.6377,1757637.6999,11,1.0-1757225-1758928,723.0000,1.0000,1,10,True,1757225.0000,1758928.0000,412.6999,0.4127
2,1787.3846,1757.7406,1757740.5999,11,1.0-1757225-1758928,723.0000,1.0000,1,10,True,1757225.0000,1758928.0000,515.5999,0.5156
2,1787.6852,1758.0412,1758041.1999,11,1.0-1757225-1758928,723.0000,1.0000,1,10,True,1757225.0000,1758928.0000,816.1999,0.8162
2,1788.4319,1758.7879,1758787.8999,11,1.0-1757225-1758928,723.0000,1.0000,1,10,True,1757225.0000,1758928.0000,1562.8999,1.5629
2,1788.4411,1758.7971,1758797.0999,11,1.0-1757225-1758928,723.0000,1.0000,1,10,True,1757225.0000,1758928.0000,1572.0999,1.5721
2,1788.4670,1758.8230,1758822.9999,11,1.0-1757225-1758928,723.0000,1.0000,1,10,True,1757225.0000,1758928.0000,1597.9999,1.5980
2,1788.4914,1758.8474,1758847.3999,11,1.0-1757225-1758928,723.0000,1.0000,1,10,True,1757225.0000,1758928.0000,1622.3999,1.6224
2,1788.5523,1758.9083,1758908.2999,11,1.0-1757225-1758928,723.0000,1.0000,1,10,True,1757225.0000,1758928.0000,1683.2999,1.6833
2,549.3772,519.7332,519733.1999,12,1.0-519322-520725,264.0000,1.0000,1,11,True,519322.0000,520725.0000,411.1999,0.4112
2,549.5679,519.9239,519923.8999,12,1.0-519322-520725,264.0000,1.0000,1,11,True,519322.0000,520725.0000,601.8999,0.6019
2,549.6107,519.9667,519966.6999,12,1.0-519322-520725,264.0000,1.0000,1,11,True,519322.0000,520725.0000,644.6999,0.6447
2,549.6318,519.9878,519987.7999,12,1.0-519322-520725,264.0000,1.0000,1,11,True,519322.0000,520725.0000,665.7999,0.6658
2,549.9368,520.2928,520292.7999,12,1.0-519322-520725,264.0000,1.0000,1,11,True,519322.0000,520725.0000,970.7999,0.9708
2,550.0887,520.4447,520444.6999,12,1.0-519322-520725,264.0000,1.0000,1,11,True,519322.0000,520725.0000,1122.6999,1.1227
2,550.2307,520.5867,520586.6999,12,1.0-519322-520725,264.0000,1.0000,1,11,True,519322.0000,520725.0000,1264.6999,1.2647
2,2121.8203,2092.1763,2092176.2999,13,1.0-2092151-2093253,872.0000,1.0000,1,12,True,2092151.0000,2093253.0000,25.2999,0.0253
2,2121.9540,2092.3100,2092309.9999,13,1.0-2092151-2093253,872.0000,1.0000,1,12,True,2092151.0000,2093253.0000,158.9999,0.1590
2,2122.0768,2092.4328,2092432.7999,13,1.0-2092151-2093253,872.0000,1.0000,1,12,True,2092151.0000,2093253.0000,281.7999,0.2818
2,2122.1170,2092.4730,2092472.9999,13,1.0-2092151-2093253,872.0000,1.0000,1,12,True,2092151.0000,2093253.0000,321.9999,0.3220
2,2122.1301,2092.4861,2092486.0999,13,1.0-2092151-2093253,872.0000,1.0000,1,12,True,2092151.0000,2093253.0000,335.0999,0.3351
2,2122.3342,2092.6902,2092690.1999,13,1.0-2092151-2093253,872.0000,1.0000,1,12,True,2092151.0000,2093253.0000,539.1999,0.5392
2,2122.3786,2092.7346,2092734.5999,13,1.0-2092151-2093253,872.0000,1.0000,1,12,True,2092151.0000,2093253.0000,583.5999,0.5836
2,2122.5309,2092.8869,2092886.8999,13,1.0-2092151-2093253,872.0000,1.0000,1,12,True,2092151.0000,2093253.0000,735.8999,0.7359
2,2122.6983,2093.0543,2093054.2999,13,1.0-2092151-2093253,872.0000,1.0000,1,12,True,2092151.0000,2093253.0000,903.2999,0.9033
2,2122.7356,2093.0916,2093091.5999,13,1.0-2092151-2093253,872.0000,1.0000,1,12,True,2092151.0000,2093253.0000,940.5999,0.9406
2,2122.8270,2093.1830,2093182.9999,13,1.0-2092151-2093253,872.0000,1.0000,1,12,True,2092151.0000,2093253.0000,1031.9999,1.0320
2,1021.5317,991.8877,991887.6999,14,1.0-991785-994691,427.0000,1.0000,1,13,True,991785.0000,994691.0000,102.6999,0.1027
2,1021.5632,991.9192,991919.1999,14,1.0-991785-994691,427.0000,1.0000,1,13,True,991785.0000,994691.0000,134.1999,0.1342
2,1021.5937,991.9497,991949.6999,14,1.0-991785-994691,427.0000,1.0000,1,13,True,991785.0000,994691.0000,164.6999,0.1647
2,1021.7301,992.0861,992086.0999,14,1.0-991785-994691,427.0000,1.0000,1,13,True,991785.0000,994691.0000,301.0999,0.3011
2,1021.7842,992.1402,992140.1999,14,1.0-991785-994691,427.0000,1.0000,1,13,True,991785.0000,994691.0000,355.1999,0.3552
2,1021.8051,992.1611,992161.0999,14,1.0-991785-994691,427.0000,1.0000,1,13,True,991785.0000,994691.0000,376.0999,0.3761
2,1021.8737,992.2297,992229.6999,14,1.0-991785-994691,427.0000,1.0000,1,13,True,991785.0000,994691.0000,444.6999,0.4447
2,1021.9431,992.2991,992299.0999,14,1.0-991785-994691,427.0000,1.0000,1,13,True,991785.0000,994691.0000,514.0999,0.5141
2,1021.9494,992.3054,992305.3999,14,1.0-991785-994691,427.0000,1.0000,1,13,True,991785.0000,994691.0000,520.3999,0.5204
2,1022.0790,992.4350,992434.9999,14,1.0-991785-994691,427.0000,1.0000,1,13,True,991785.0000,994691.0000,649.9999,0.6500
2,1022.1823,992.5383,992538.2999,14,1.0-991785-994691,427.0000,1.0000,1,13,True,991785.0000,994691.0000,753.2999,0.7533
2,1022.2056,992.5616,992561.5999,14,1.0-991785-994691,427.0000,1.0000,1,13,True,991785.0000,994691.0000,776.5999,0.7766
2,1022.2994,992.6554,992655.3999,14,1.0-991785-994691,427.0000,1.0000,1,13,True,991785.0000,994691.0000,870.3999,0.8704
2,1022.4074,992.7634,992763.3999,14,1.0-991785-994691,427.0000,1.0000,1,13,True,991785.0000,994691.0000,978.3999,0.9784
2,1022.7166,993.0726,993072.5999,14,1.0-991785-994691,427.0000,1.0000,1,13,True,991785.0000,994691.0000,1287.5999,1.2876
2,1022.8881,993.2441,993244.0999,14,1.0-991785-994691,427.0000,1.0000,1,13,True,991785.0000,994691.0000,1459.0999,1.4591
2,1023.0621,993.4181,993418.0999,14,1.0-991785-994691,427.0000,1.0000,1,13,True,991785.0000,994691.0000,1633.0999,1.6331
2,1023.3530,993.7090,993708.9999,14,1.0-991785-994691,427.0000,1.0000,1,13,True,991785.0000,994691.0000,1923.9999,1.9240
2,1023.4219,993.7779,993777.8999,14,1.0-991785-994691,427.0000,1.0000,1,13,True,991785.0000,994691.0000,1992.8999,1.9929
2,1023.4613,993.8173,993817.2999,14,1.0-991785-994691,427.0000,1.0000,1,13,True,991785.0000,994691.0000,2032.2999,2.0323
2,1023.4953,993.8513,993851.2999,14,1.0-991785-994691,427.0000,1.0000,1,13,True,991785.0000,994691.0000,2066.2999,2.0663
2,1023.5432,993.8992,993899.1999,14,1.0-991785-994691,427.0000,1.0000,1,13,True,991785.0000,994691.0000,2114.1999,2.1142
2,1023.5960,993.9520,993951.9999,14,1.0-991785-994691,427.0000,1.0000,1,13,True,991785.0000,994691.0000,2166.9999,2.1670
2,1023.6237,993.9797,993979.6999,14,1.0-991785-994691,427.0000,1.0000,1,13,True,991785.0000,994691.0000,2194.6999,2.1947
2,1023.7747,994.1307,994130.6999,14,1.0-991785-994691,427.0000,1.0000,1,13,True,991785.0000,994691.0000,2345.6999,2.3457
2,1023.9082,994.2642,994264.1999,14,1.0-991785-994691,427.0000,1.0000,1,13,True,991785.0000,994691.0000,2479.1999,2.4792
2,1023.9793,994.3353,994335.2999,14,1.0-991785-994691,427.0000,1.0000,1,13,True,991785.0000,994691.0000,2550.2999,2.5503
2,1024.0467,994.4027,994402.6999,14,1.0-991785-994691,427.0000,1.0000,1,13,True,991785.0000,994691.0000,2617.6999,2.6177
2,1024.0742,994.4302,994430.1999,14,1.0-991785-994691,427.0000,1.0000,1,13,True,991785.0000,994691.0000,2645.1999,2.6452
2,1024.0948,994.4508,994450.7999,14,1.0-991785-994691,427.0000,1.0000,1,13,True,991785.0000,994691.0000,2665.7999,2.6658
2,1024.2913,994.6473,994647.2999,14,1.0-991785-994691,427.0000,1.0000,1,13,True,991785.0000,994691.0000,2862.2999,2.8623
2,1024.3320,994.6880,994687.9999,14,1.0-991785-994691,427.0000,1.0000,1,13,True,991785.0000,994691.0000,2902.9999,2.9030
2,206.2207,176.5767,176576.6999,15,1.0-176314-178585,105.0000,1.0000,1,14,True,176314.0000,178585.0000,262.6999,0.2627
2,206.8974,177.2534,177253.3999,15,1.0-176314-178585,105.0000,1.0000,1,14,True,176314.0000,178585.0000,939.3999,0.9394
2,207.1872,177.5432,177543.1999,15,1.0-176314-178585,105.0000,1.0000,1,14,True,176314.0000,178585.0000,1229.1999,1.2292
2,207.2235,177.5795,177579.4999,15,1.0-176314-178585,105.0000,1.0000,1,14,True,176314.0000,178585.0000,1265.4999,1.2655
2,207.4029,177.7589,177758.8999,15,1.0-176314-178585,105.0000,1.0000,1,14,True,176314.0000,178585.0000,1444.8999,1.4449
2,207.8258,178.1818,178181.7999,15,1.0-176314-178585,105.0000,1.0000,1,14,True,176314.0000,178585.0000,1867.7999,1.8678
2,207.8924,178.2484,178248.3999,15,1.0-176314-178585,105.0000,1.0000,1,14,True,176314.0000,178585.0000,1934.3999,1.9344
2,207.9767,178.3327,178332.6999,15,1.0-176314-178585,105.0000,1.0000,1,14,True,176314.0000,178585.0000,2018.6999,2.0187
2,208.0309,178.3869,178386.8999,15,1.0-176314-178585,105.0000,1.0000,1,14,True,176314.0000,178585.0000,2072.8999,2.0729
2,208.1168,178.4728,178472.7999,15,1.0-176314-178585,105.0000,1.0000,1,14,True,176314.0000,178585.0000,2158.7999,2.1588
2,208.1388,178.4948,178494.7999,15,1.0-176314-178585,105.0000,1.0000,1,14,True,176314.0000,178585.0000,2180.7999,2.1808
2,208.1477,178.5037,178503.6999,15,1.0-176314-178585,105.0000,1.0000,1,14,True,176314.0000,178585.0000,2189.6999,2.1897
2,208.2019,178.5579,178557.8999,15,1.0-176314-178585,105.0000,1.0000,1,14,True,176314.0000,178585.0000,2243.8999,2.2439
2,1861.5832,1831.9392,1831939.1999,16,1.0-1831805-1832841,755.0000,1.0000,0,61,True,1831805.0000,1832841.0000,134.1999,0.1342
2,1861.6633,1832.0193,1832019.2999,16,1.0-1831805-1832841,755.0000,1.0000,0,61,True,1831805.0000,1832841.0000,214.2999,0.2143
2,1861.6984,1832.0544,1832054.3999,16,1.0-1831805-1832841,755.0000,1.0000,0,61,True,1831805.0000,1832841.0000,249.3999,0.2494
2,1861.7308,1832.0868,1832086.7999,16,1.0-1831805-1832841,755.0000,1.0000,0,61,True,1831805.0000,1832841.0000,281.7999,0.2818
2,1861.7463,1832.1023,1832102.2999,16,1.0-1831805-1832841,755.0000,1.0000,0,61,True,1831805.0000,1832841.0000,297.2999,0.2973
2,1861.7819,1832.1379,1832137.8999,16,1.0-1831805-1832841,755.0000,1.0000,0,61,True,1831805.0000,1832841.0000,332.8999,0.3329
2,1861.8390,1832.1950,1832194.9999,16,1.0-1831805-1832841,755.0000,1.0000,0,61,True,1831805.0000,1832841.0000,389.9999,0.3900
2,1861.8582,1832.2142,1832214.1999,16,1.0-1831805-1832841,755.0000,1.0000,0,61,True,1831805.0000,1832841.0000,409.1999,0.4092
2,1861.8758,1832.2318,1832231.7999,16,1.0-1831805-1832841,755.0000,1.0000,0,61,True,1831805.0000,1832841.0000,426.7999,0.4268
2,1861.9229,1832.2789,1832278.8999,16,1.0-1831805-1832841,755.0000,1.0000,0,61,True,1831805.0000,1832841.0000,473.8999,0.4739
2,1861.9547,1832.3107,1832310.6999,16,1.0-1831805-1832841,755.0000,1.0000,0,61,True,1831805.0000,1832841.0000,505.6999,0.5057
2,1862.0205,1832.3765,1832376.4999,16,1.0-1831805-1832841,755.0000,1.0000,0,61,True,1831805.0000,1832841.0000,571.4999,0.5715
2,1862.1635,1832.5195,1832519.4999,16,1.0-1831805-1832841,755.0000,1.0000,0,61,True,1831805.0000,1832841.0000,714.4999,0.7145
2,1862.2363,1832.5923,1832592.2999,16,1.0-1831805-1832841,755.0000,1.0000,0,61,True,1831805.0000,1832841.0000,787.2999,0.7873
2,1862.3243,1832.6803,1832680.2999,16,1.0-1831805-1832841,755.0000,1.0000,0,61,True,1831805.0000,1832841.0000,875.2999,0.8753
2,1862.4780,1832.8340,1832833.9999,16,1.0-1831805-1832841,755.0000,1.0000,0,61,True,1831805.0000,1832841.0000,1028.9999,1.0290
2,1111.5863,1081.9423,1081942.2999,17,1.0-1081762-1083766,458.0000,1.0000,1,15,True,1081762.0000,1083766.0000,180.2999,0.1803
2,1111.7596,1082.1156,1082115.5999,17,1.0-1081762-1083766,458.0000,1.0000,1,15,True,1081762.0000,1083766.0000,353.5999,0.3536
2,1111.7771,1082.1331,1082133.0999,17,1.0-1081762-1083766,458.0000,1.0000,1,15,True,1081762.0000,1083766.0000,371.0999,0.3711
2,1111.9291,1082.2851,1082285.0999,17,1.0-1081762-1083766,458.0000,1.0000,1,15,True,1081762.0000,1083766.0000,523.0999,0.5231
2,1112.8227,1083.1787,1083178.6999,17,1.0-1081762-1083766,458.0000,1.0000,1,15,True,1081762.0000,1083766.0000,1416.6999,1.4167
2,1113.1043,1083.4603,1083460.2999,17,1.0-1081762-1083766,458.0000,1.0000,1,15,True,1081762.0000,1083766.0000,1698.2999,1.6983
2,1113.3586,1083.7146,1083714.5999,17,1.0-1081762-1083766,458.0000,1.0000,1,15,True,1081762.0000,1083766.0000,1952.5999,1.9526
2,1762.5799,1732.9359,1732935.8999,18,1.0-1732911-1735916,709.0000,1.0000,1,16,True,1732911.0000,1735916.0000,24.8999,0.0249
2,1762.6737,1733.0297,1733029.6999,18,1.0-1732911-1735916,709.0000,1.0000,1,16,True,1732911.0000,1735916.0000,118.6999,0.1187
2,1762.7987,1733.1547,1733154.6999,18,1.0-1732911-1735916,709.0000,1.0000,1,16,True,1732911.0000,1735916.0000,243.6999,0.2437
2,1762.8357,1733.1917,1733191.6999,18,1.0-1732911-1735916,709.0000,1.0000,1,16,True,1732911.0000,1735916.0000,280.6999,0.2807
2,1762.9175,1733.2735,1733273.4999,18,1.0-1732911-1735916,709.0000,1.0000,1,16,True,1732911.0000,1735916.0000,362.4999,0.3625
2,1763.0383,1733.3943,1733394.2999,18,1.0-1732911-1735916,709.0000,1.0000,1,16,True,1732911.0000,1735916.0000,483.2999,0.4833
2,1763.0718,1733.4278,1733427.7999,18,1.0-1732911-1735916,709.0000,1.0000,1,16,True,1732911.0000,1735916.0000,516.7999,0.5168
2,1763.1588,1733.5148,1733514.7999,18,1.0-1732911-1735916,709.0000,1.0000,1,16,True,1732911.0000,1735916.0000,603.7999,0.6038
2,1763.2083,1733.5643,1733564.2999,18,1.0-1732911-1735916,709.0000,1.0000,1,16,True,1732911.0000,1735916.0000,653.2999,0.6533
2,1763.3100,1733.6660,1733665.9999,18,1.0-1732911-1735916,709.0000,1.0000,1,16,True,1732911.0000,1735916.0000,754.9999,0.7550
2,1763.5563,1733.9123,1733912.2999,18,1.0-1732911-1735916,709.0000,1.0000,1,16,True,1732911.0000,1735916.0000,1001.2999,1.0013
2,1763.6289,1733.9849,1733984.8999,18,1.0-1732911-1735916,709.0000,1.0000,1,16,True,1732911.0000,1735916.0000,1073.8999,1.0739
2,1763.8814,1734.2374,1734237.3999,18,1.0-1732911-1735916,709.0000,1.0000,1,16,True,1732911.0000,1735916.0000,1326.3999,1.3264
2,1763.9453,1734.3013,1734301.2999,18,1.0-1732911-1735916,709.0000,1.0000,1,16,True,1732911.0000,1735916.0000,1390.2999,1.3903
2,1764.0957,1734.4517,1734451.6999,18,1.0-1732911-1735916,709.0000,1.0000,1,16,True,1732911.0000,1735916.0000,1540.6999,1.5407
2,1764.2012,1734.5572,1734557.1999,18,1.0-1732911-1735916,709.0000,1.0000,1,16,True,1732911.0000,1735916.0000,1646.1999,1.6462
2,1764.2135,1734.5695,1734569.4999,18,1.0-1732911-1735916,709.0000,1.0000,1,16,True,1732911.0000,1735916.0000,1658.4999,1.6585
2,1764.3544,1734.7104,1734710.3999,18,1.0-1732911-1735916,709.0000,1.0000,1,16,True,1732911.0000,1735916.0000,1799.3999,1.7994
2,1764.4869,1734.8429,1734842.8999,18,1.0-1732911-1735916,709.0000,1.0000,1,16,True,1732911.0000,1735916.0000,1931.8999,1.9319
2,1764.5097,1734.8657,1734865.6999,18,1.0-1732911-1735916,709.0000,1.0000,1,16,True,1732911.0000,1735916.0000,1954.6999,1.9547
2,1764.5222,1734.8782,1734878.1999,18,1.0-1732911-1735916,709.0000,1.0000,1,16,True,1732911.0000,1735916.0000,1967.1999,1.9672
2,1764.5363,1734.8923,1734892.2999,18,1.0-1732911-1735916,709.0000,1.0000,1,16,True,1732911.0000,1735916.0000,1981.2999,1.9813
2,1764.5431,1734.8991,1734899.0999,18,1.0-1732911-1735916,709.0000,1.0000,1,16,True,1732911.0000,1735916.0000,1988.0999,1.9881
2,1764.5814,1734.9374,1734937.3999,18,1.0-1732911-1735916,709.0000,1.0000,1,16,True,1732911.0000,1735916.0000,2026.3999,2.0264
2,1764.6066,1734.9626,1734962.5999,18,1.0-1732911-1735916,709.0000,1.0000,1,16,True,1732911.0000,1735916.0000,2051.5999,2.0516
2,1764.6456,1735.0016,1735001.5999,18,1.0-1732911-1735916,709.0000,1.0000,1,16,True,1732911.0000,1735916.0000,2090.5999,2.0906
2,1764.6636,1735.0196,1735019.5999,18,1.0-1732911-1735916,709.0000,1.0000,1,16,True,1732911.0000,1735916.0000,2108.5999,2.1086
2,1764.6763,1735.0323,1735032.2999,18,1.0-1732911-1735916,709.0000,1.0000,1,16,True,1732911.0000,1735916.0000,2121.2999,2.1213
2,1764.7045,1735.0605,1735060.4999,18,1.0-1732911-1735916,709.0000,1.0000,1,16,True,1732911.0000,1735916.0000,2149.4999,2.1495
2,1764.7347,1735.0907,1735090.6999,18,1.0-1732911-1735916,709.0000,1.0000,1,16,True,1732911.0000,1735916.0000,2179.6999,2.1797
2,1764.7484,1735.1044,1735104.3999,18,1.0-1732911-1735916,709.0000,1.0000,1,16,True,1732911.0000,1735916.0000,2193.3999,2.1934
2,1764.7753,1735.1313,1735131.2999,18,1.0-1732911-1735916,709.0000,1.0000,1,16,True,1732911.0000,1735916.0000,2220.2999,2.2203
2,1764.8256,1735.1816,1735181.5999,18,1.0-1732911-1735916,709.0000,1.0000,1,16,True,1732911.0000,1735916.0000,2270.5999,2.2706
2,1764.8394,1735.1954,1735195.3999,18,1.0-1732911-1735916,709.0000,1.0000,1,16,True,1732911.0000,1735916.0000,2284.3999,2.2844
2,1764.8617,1735.2177,1735217.6999,18,1.0-1732911-1735916,709.0000,1.0000,1,16,True,1732911.0000,1735916.0000,2306.6999,2.3067
2,1764.8925,1735.2485,1735248.4999,18,1.0-1732911-1735916,709.0000,1.0000,1,16,True,1732911.0000,1735916.0000,2337.4999,2.3375
2,1764.9137,1735.2697,1735269.6999,18,1.0-1732911-1735916,709.0000,1.0000,1,16,True,1732911.0000,1735916.0000,2358.6999,2.3587
2,1764.9404,1735.2964,1735296.3999,18,1.0-1732911-1735916,709.0000,1.0000,1,16,True,1732911.0000,1735916.0000,2385.3999,2.3854
2,1765.4445,1735.8005,1735800.4999,18,1.0-1732911-1735916,709.0000,1.0000,1,16,True,1732911.0000,1735916.0000,2889.4999,2.8895
2,1765.4692,1735.8252,1735825.1999,18,1.0-1732911-1735916,709.0000,1.0000,1,16,True,1732911.0000,1735916.0000,2914.1999,2.9142
2,1765.5032,1735.8592,1735859.1999,18,1.0-1732911-1735916,709.0000,1.0000,1,16,True,1732911.0000,1735916.0000,2948.1999,2.9482
2,1765.5276,1735.8836,1735883.5999,18,1.0-1732911-1735916,709.0000,1.0000,1,16,True,1732911.0000,1735916.0000,2972.5999,2.9726
2,337.9491,308.3051,308305.0999,19,1.0-308207-310611,173.0000,1.0000,1,17,True,308207.0000,310611.0000,98.0999,0.0981
2,337.9917,308.3477,308347.6999,19,1.0-308207-310611,173.0000,1.0000,1,17,True,308207.0000,310611.0000,140.6999,0.1407
2,338.1563,308.5123,308512.2999,19,1.0-308207-310611,173.0000,1.0000,1,17,True,308207.0000,310611.0000,305.2999,0.3053
2,338.2051,308.5611,308561.0999,19,1.0-308207-310611,173.0000,1.0000,1,17,True,308207.0000,310611.0000,354.0999,0.3541
2,338.4854,308.8414,308841.3999,19,1.0-308207-310611,173.0000,1.0000,1,17,True,308207.0000,310611.0000,634.3999,0.6344
2,338.5213,308.8773,308877.2999,19,1.0-308207-310611,173.0000,1.0000,1,17,True,308207.0000,310611.0000,670.2999,0.6703
2,338.6317,308.9877,308987.6999,19,1.0-308207-310611,173.0000,1.0000,1,17,True,308207.0000,310611.0000,780.6999,0.7807
2,338.6802,309.0362,309036.1999,19,1.0-308207-310611,173.0000,1.0000,1,17,True,308207.0000,310611.0000,829.1999,0.8292
2,338.7870,309.1430,309142.9999,19,1.0-308207-310611,173.0000,1.0000,1,17,True,308207.0000,310611.0000,935.9999,0.9360
2,338.8323,309.1883,309188.2999,19,1.0-308207-310611,173.0000,1.0000,1,17,True,308207.0000,310611.0000,981.2999,0.9813
2,338.8532,309.2092,309209.1999,19,1.0-308207-310611,173.0000,1.0000,1,17,True,308207.0000,310611.0000,1002.1999,1.0022
2,338.9062,309.2622,309262.1999,19,1.0-308207-310611,173.0000,1.0000,1,17,True,308207.0000,310611.0000,1055.1999,1.0552
2,338.9231,309.2791,309279.0999,19,1.0-308207-310611,173.0000,1.0000,1,17,True,308207.0000,310611.0000,1072.0999,1.0721
2,338.9612,309.3172,309317.1999,19,1.0-308207-310611,173.0000,1.0000,1,17,True,308207.0000,310611.0000,1110.1999,1.1102
2,338.9907,309.3467,309346.6999,19,1.0-308207-310611,173.0000,1.0000,1,17,True,308207.0000,310611.0000,1139.6999,1.1397
2,338.9996,309.3556,309355.5999,19,1.0-308207-310611,173.0000,1.0000,1,17,True,308207.0000,310611.0000,1148.5999,1.1486
2,339.0389,309.3949,309394.8999,19,1.0-308207-310611,173.0000,1.0000,1,17,True,308207.0000,310611.0000,1187.8999,1.1879
2,339.1010,309.4570,309456.9999,19,1.0-308207-310611,173.0000,1.0000,1,17,True,308207.0000,310611.0000,1249.9999,1.2500
2,339.1165,309.4725,309472.4999,19,1.0-308207-310611,173.0000,1.0000,1,17,True,308207.0000,310611.0000,1265.4999,1.2655
2,339.1435,309.4995,309499.4999,19,1.0-308207-310611,173.0000,1.0000,1,17,True,308207.0000,310611.0000,1292.4999,1.2925
2,339.2272,309.5832,309583.1999,19,1.0-308207-310611,173.0000,1.0000,1,17,True,308207.0000,310611.0000,1376.1999,1.3762
2,339.2387,309.5947,309594.6999,19,1.0-308207-310611,173.0000,1.0000,1,17,True,308207.0000,310611.0000,1387.6999,1.3877
2,339.3543,309.7103,309710.2999,19,1.0-308207-310611,173.0000,1.0000,1,17,True,308207.0000,310611.0000,1503.2999,1.5033
2,339.4170,309.7730,309772.9999,19,1.0-308207-310611,173.0000,1.0000,1,17,True,308207.0000,310611.0000,1565.9999,1.5660
2,339.4587,309.8147,309814.6999,19,1.0-308207-310611,173.0000,1.0000,1,17,True,308207.0000,310611.0000,1607.6999,1.6077
2,339.6029,309.9589,309958.8999,19,1.0-308207-310611,173.0000,1.0000,1,17,True,308207.0000,310611.0000,1751.8999,1.7519
2,339.6091,309.9651,309965.0999,19,1.0-308207-310611,173.0000,1.0000,1,17,True,308207.0000,310611.0000,1758.0999,1.7581
2,339.6679,310.0239,310023.8999,19,1.0-308207-310611,173.0000,1.0000,1,17,True,308207.0000,310611.0000,1816.8999,1.8169
2,339.6912,310.0472,310047.1999,19,1.0-308207-310611,173.0000,1.0000,1,17,True,308207.0000,310611.0000,1840.1999,1.8402
2,339.7094,310.0654,310065.3999,19,1.0-308207-310611,173.0000,1.0000,1,17,True,308207.0000,310611.0000,1858.3999,1.8584
2,339.7573,310.1133,310113.2999,19,1.0-308207-310611,173.0000,1.0000,1,17,True,308207.0000,310611.0000,1906.2999,1.9063
2,339.7892,310.1452,310145.1999,19,1.0-308207-310611,173.0000,1.0000,1,17,True,308207.0000,310611.0000,1938.1999,1.9382
2,339.8141,310.1701,310170.0999,19,1.0-308207-310611,173.0000,1.0000,1,17,True,308207.0000,310611.0000,1963.0999,1.9631
2,339.8389,310.1949,310194.8999,19,1.0-308207-310611,173.0000,1.0000,1,17,True,308207.0000,310611.0000,1987.8999,1.9879
2,339.9069,310.2629,310262.8999,19,1.0-308207-310611,173.0000,1.0000,1,17,True,308207.0000,310611.0000,2055.8999,2.0559
2,339.9341,310.2901,310290.0999,19,1.0-308207-310611,173.0000,1.0000,1,17,True,308207.0000,310611.0000,2083.0999,2.0831
2,339.9600,310.3160,310315.9999,19,1.0-308207-310611,173.0000,1.0000,1,17,True,308207.0000,310611.0000,2108.9999,2.1090
2,339.9981,310.3541,310354.0999,19,1.0-308207-310611,173.0000,1.0000,1,17,True,308207.0000,310611.0000,2147.0999,2.1471
2,340.0180,310.3740,310373.9999,19,1.0-308207-310611,173.0000,1.0000,1,17,True,308207.0000,310611.0000,2166.9999,2.1670
2,340.0913,310.4473,310447.2999,19,1.0-308207-310611,173.0000,1.0000,1,17,True,308207.0000,310611.0000,2240.2999,2.2403
2,340.1673,310.5233,310523.2999,19,1.0-308207-310611,173.0000,1.0000,1,17,True,308207.0000,310611.0000,2316.2999,2.3163
2,340.1794,310.5354,310535.3999,19,1.0-308207-310611,173.0000,1.0000,1,17,True,308207.0000,310611.0000,2328.3999,2.3284
2,1577.1705,1547.5265,1547526.4999,20,1.0-1547512-1548681,627.0000,1.0000,1,18,True,1547512.0000,1548681.0000,14.4999,0.0145
2,1577.2208,1547.5768,1547576.7999,20,1.0-1547512-1548681,627.0000,1.0000,1,18,True,1547512.0000,1548681.0000,64.7999,0.0648
2,1577.2655,1547.6215,1547621.4999,20,1.0-1547512-1548681,627.0000,1.0000,1,18,True,1547512.0000,1548681.0000,109.4999,0.1095
2,1577.2934,1547.6494,1547649.3999,20,1.0-1547512-1548681,627.0000,1.0000,1,18,True,1547512.0000,1548681.0000,137.3999,0.1374
2,1577.5724,1547.9284,1547928.3999,20,1.0-1547512-1548681,627.0000,1.0000,1,18,True,1547512.0000,1548681.0000,416.3999,0.4164
2,1577.5998,1547.9558,1547955.7999,20,1.0-1547512-1548681,627.0000,1.0000,1,18,True,1547512.0000,1548681.0000,443.7999,0.4438
2,1577.6236,1547.9796,1547979.5999,20,1.0-1547512-1548681,627.0000,1.0000,1,18,True,1547512.0000,1548681.0000,467.5999,0.4676
2,1577.7718,1548.1278,1548127.7999,20,1.0-1547512-1548681,627.0000,1.0000,1,18,True,1547512.0000,1548681.0000,615.7999,0.6158
2,1578.0637,1548.4197,1548419.6999,20,1.0-1547512-1548681,627.0000,1.0000,1,18,True,1547512.0000,1548681.0000,907.6999,0.9077
2,1578.1419,1548.4979,1548497.8999,20,1.0-1547512-1548681,627.0000,1.0000,1,18,True,1547512.0000,1548681.0000,985.8999,0.9859
2,2197.3953,2167.7513,2167751.2999,21,1.0-2167733-2169737,898.0000,1.0000,1,19,True,2167733.0000,2169737.0000,18.2999,0.0183
2,2197.4084,2167.7644,2167764.3999,21,1.0-2167733-2169737,898.0000,1.0000,1,19,True,2167733.0000,2169737.0000,31.3999,0.0314
2,2197.5102,2167.8662,2167866.1999,21,1.0-2167733-2169737,898.0000,1.0000,1,19,True,2167733.0000,2169737.0000,133.1999,0.1332
2,2197.5719,2167.9279,2167927.8999,21,1.0-2167733-2169737,898.0000,1.0000,1,19,True,2167733.0000,2169737.0000,194.8999,0.1949
2,2197.7463,2168.1023,2168102.2999,21,1.0-2167733-2169737,898.0000,1.0000,1,19,True,2167733.0000,2169737.0000,369.2999,0.3693
2,2197.8041,2168.1601,2168160.0999,21,1.0-2167733-2169737,898.0000,1.0000,1,19,True,2167733.0000,2169737.0000,427.0999,0.4271
2,2197.9301,2168.2861,2168286.0999,21,1.0-2167733-2169737,898.0000,1.0000,1,19,True,2167733.0000,2169737.0000,553.0999,0.5531
2,2198.7853,2169.1413,2169141.2999,21,1.0-2167733-2169737,898.0000,1.0000,1,19,True,2167733.0000,2169737.0000,1408.2999,1.4083
2,2198.8171,2169.1731,2169173.0999,21,1.0-2167733-2169737,898.0000,1.0000,1,19,True,2167733.0000,2169737.0000,1440.0999,1.4401
2,2198.8730,2169.2290,2169228.9999,21,1.0-2167733-2169737,898.0000,1.0000,1,19,True,2167733.0000,2169737.0000,1495.9999,1.4960
2,2198.9661,2169.3221,2169322.0999,21,1.0-2167733-2169737,898.0000,1.0000,1,19,True,2167733.0000,2169737.0000,1589.0999,1.5891
2,2198.9903,2169.3463,2169346.2999,21,1.0-2167733-2169737,898.0000,1.0000,1,19,True,2167733.0000,2169737.0000,1613.2999,1.6133
2,2199.0313,2169.3873,2169387.2999,21,1.0-2167733-2169737,898.0000,1.0000,1,19,True,2167733.0000,2169737.0000,1654.2999,1.6543
2,2199.0970,2169.4530,2169452.9999,21,1.0-2167733-2169737,898.0000,1.0000,1,19,True,2167733.0000,2169737.0000,1719.9999,1.7200
2,2199.2895,2169.6455,2169645.4999,21,1.0-2167733-2169737,898.0000,1.0000,1,19,True,2167733.0000,2169737.0000,1912.4999,1.9125
2,2199.3026,2169.6586,2169658.5999,21,1.0-2167733-2169737,898.0000,1.0000,1,19,True,2167733.0000,2169737.0000,1925.5999,1.9256
2,2089.3456,2059.7016,2059701.5999,22,1.0-2059687-2061758,857.0000,1.0000,1,20,True,2059687.0000,2061758.0000,14.5999,0.0146
2,2089.4800,2059.8360,2059835.9999,22,1.0-2059687-2061758,857.0000,1.0000,1,20,True,2059687.0000,2061758.0000,148.9999,0.1490
2,2089.4972,2059.8532,2059853.1999,22,1.0-2059687-2061758,857.0000,1.0000,1,20,True,2059687.0000,2061758.0000,166.1999,0.1662
2,2089.5075,2059.8635,2059863.4999,22,1.0-2059687-2061758,857.0000,1.0000,1,20,True,2059687.0000,2061758.0000,176.4999,0.1765
2,2089.5360,2059.8920,2059891.9999,22,1.0-2059687-2061758,857.0000,1.0000,1,20,True,2059687.0000,2061758.0000,204.9999,0.2050
2,2089.5644,2059.9204,2059920.3999,22,1.0-2059687-2061758,857.0000,1.0000,1,20,True,2059687.0000,2061758.0000,233.3999,0.2334
2,2089.5843,2059.9403,2059940.2999,22,1.0-2059687-2061758,857.0000,1.0000,1,20,True,2059687.0000,2061758.0000,253.2999,0.2533
2,2089.6362,2059.9922,2059992.1999,22,1.0-2059687-2061758,857.0000,1.0000,1,20,True,2059687.0000,2061758.0000,305.1999,0.3052
2,2089.6635,2060.0195,2060019.4999,22,1.0-2059687-2061758,857.0000,1.0000,1,20,True,2059687.0000,2061758.0000,332.4999,0.3325
2,2089.7536,2060.1096,2060109.5999,22,1.0-2059687-2061758,857.0000,1.0000,1,20,True,2059687.0000,2061758.0000,422.5999,0.4226
2,2089.7767,2060.1327,2060132.6999,22,1.0-2059687-2061758,857.0000,1.0000,1,20,True,2059687.0000,2061758.0000,445.6999,0.4457
2,2089.8148,2060.1708,2060170.7999,22,1.0-2059687-2061758,857.0000,1.0000,1,20,True,2059687.0000,2061758.0000,483.7999,0.4838
2,2089.8350,2060.1910,2060190.9999,22,1.0-2059687-2061758,857.0000,1.0000,1,20,True,2059687.0000,2061758.0000,503.9999,0.5040
2,2089.8544,2060.2104,2060210.3999,22,1.0-2059687-2061758,857.0000,1.0000,1,20,True,2059687.0000,2061758.0000,523.3999,0.5234
2,2089.8758,2060.2318,2060231.7999,22,1.0-2059687-2061758,857.0000,1.0000,1,20,True,2059687.0000,2061758.0000,544.7999,0.5448
2,2089.8981,2060.2541,2060254.0999,22,1.0-2059687-2061758,857.0000,1.0000,1,20,True,2059687.0000,2061758.0000,567.0999,0.5671
2,2090.0232,2060.3792,2060379.1999,22,1.0-2059687-2061758,857.0000,1.0000,1,20,True,2059687.0000,2061758.0000,692.1999,0.6922
2,2090.0528,2060.4088,2060408.7999,22,1.0-2059687-2061758,857.0000,1.0000,1,20,True,2059687.0000,2061758.0000,721.7999,0.7218
2,2090.0994,2060.4554,2060455.3999,22,1.0-2059687-2061758,857.0000,1.0000,1,20,True,2059687.0000,2061758.0000,768.3999,0.7684
2,2090.1188,2060.4748,2060474.7999,22,1.0-2059687-2061758,857.0000,1.0000,1,20,True,2059687.0000,2061758.0000,787.7999,0.7878
2,2090.1528,2060.5088,2060508.7999,22,1.0-2059687-2061758,857.0000,1.0000,1,20,True,2059687.0000,2061758.0000,821.7999,0.8218
2,2090.1736,2060.5296,2060529.5999,22,1.0-2059687-2061758,857.0000,1.0000,1,20,True,2059687.0000,2061758.0000,842.5999,0.8426
2,2090.1913,2060.5473,2060547.2999,22,1.0-2059687-2061758,857.0000,1.0000,1,20,True,2059687.0000,2061758.0000,860.2999,0.8603
2,2090.2541,2060.6101,2060610.0999,22,1.0-2059687-2061758,857.0000,1.0000,1,20,True,2059687.0000,2061758.0000,923.0999,0.9231
2,2090.2731,2060.6291,2060629.0999,22,1.0-2059687-2061758,857.0000,1.0000,1,20,True,2059687.0000,2061758.0000,942.0999,0.9421
2,2090.3059,2060.6619,2060661.8999,22,1.0-2059687-2061758,857.0000,1.0000,1,20,True,2059687.0000,2061758.0000,974.8999,0.9749
2,2090.3769,2060.7329,2060732.8999,22,1.0-2059687-2061758,857.0000,1.0000,1,20,True,2059687.0000,2061758.0000,1045.8999,1.0459
2,2090.3861,2060.7421,2060742.0999,22,1.0-2059687-2061758,857.0000,1.0000,1,20,True,2059687.0000,2061758.0000,1055.0999,1.0551
2,2090.4148,2060.7708,2060770.7999,22,1.0-2059687-2061758,857.0000,1.0000,1,20,True,2059687.0000,2061758.0000,1083.7999,1.0838
2,2090.4348,2060.7908,2060790.7999,22,1.0-2059687-2061758,857.0000,1.0000,1,20,True,2059687.0000,2061758.0000,1103.7999,1.1038
2,2090.4412,2060.7972,2060797.1999,22,1.0-2059687-2061758,857.0000,1.0000,1,20,True,2059687.0000,2061758.0000,1110.1999,1.1102
2,2090.4494,2060.8054,2060805.3999,22,1.0-2059687-2061758,857.0000,1.0000,1,20,True,2059687.0000,2061758.0000,1118.3999,1.1184
2,2090.4804,2060.8364,2060836.3999,22,1.0-2059687-2061758,857.0000,1.0000,1,20,True,2059687.0000,2061758.0000,1149.3999,1.1494
2,2090.4958,2060.8518,2060851.7999,22,1.0-2059687-2061758,857.0000,1.0000,1,20,True,2059687.0000,2061758.0000,1164.7999,1.1648
2,2090.5085,2060.8645,2060864.4999,22,1.0-2059687-2061758,857.0000,1.0000,1,20,True,2059687.0000,2061758.0000,1177.4999,1.1775
2,2090.5548,2060.9108,2060910.7999,22,1.0-2059687-2061758,857.0000,1.0000,1,20,True,2059687.0000,2061758.0000,1223.7999,1.2238
2,2090.5673,2060.9233,2060923.2999,22,1.0-2059687-2061758,857.0000,1.0000,1,20,True,2059687.0000,2061758.0000,1236.2999,1.2363
2,2090.5814,2060.9374,2060937.3999,22,1.0-2059687-2061758,857.0000,1.0000,1,20,True,2059687.0000,2061758.0000,1250.3999,1.2504
2,2090.6039,2060.9599,2060959.8999,22,1.0-2059687-2061758,857.0000,1.0000,1,20,True,2059687.0000,2061758.0000,1272.8999,1.2729
2,2090.6257,2060.9817,2060981.6999,22,1.0-2059687-2061758,857.0000,1.0000,1,20,True,2059687.0000,2061758.0000,1294.6999,1.2947
2,2090.6445,2061.0005,2061000.4999,22,1.0-2059687-2061758,857.0000,1.0000,1,20,True,2059687.0000,2061758.0000,1313.4999,1.3135
2,2090.6659,2061.0219,2061021.8999,22,1.0-2059687-2061758,857.0000,1.0000,1,20,True,2059687.0000,2061758.0000,1334.8999,1.3349
2,2090.7332,2061.0892,2061089.1999,22,1.0-2059687-2061758,857.0000,1.0000,1,20,True,2059687.0000,2061758.0000,1402.1999,1.4022
2,2090.8600,2061.2160,2061215.9999,22,1.0-2059687-2061758,857.0000,1.0000,1,20,True,2059687.0000,2061758.0000,1528.9999,1.5290
2,2090.8828,2061.2388,2061238.7999,22,1.0-2059687-2061758,857.0000,1.0000,1,20,True,2059687.0000,2061758.0000,1551.7999,1.5518
2,2090.9123,2061.2683,2061268.2999,22,1.0-2059687-2061758,857.0000,1.0000,1,20,True,2059687.0000,2061758.0000,1581.2999,1.5813
2,2090.9555,2061.3115,2061311.4999,22,1.0-2059687-2061758,857.0000,1.0000,1,20,True,2059687.0000,2061758.0000,1624.4999,1.6245
2,2091.0219,2061.3779,2061377.8999,22,1.0-2059687-2061758,857.0000,1.0000,1,20,True,2059687.0000,2061758.0000,1690.8999,1.6909
2,2091.0500,2061.4060,2061405.9999,22,1.0-2059687-2061758,857.0000,1.0000,1,20,True,2059687.0000,2061758.0000,1718.9999,1.7190
2,2091.0752,2061.4312,2061431.1999,22,1.0-2059687-2061758,857.0000,1.0000,1,20,True,2059687.0000,2061758.0000,1744.1999,1.7442
2,2091.1196,2061.4756,2061475.5999,22,1.0-2059687-2061758,857.0000,1.0000,1,20,True,2059687.0000,2061758.0000,1788.5999,1.7886
2,2091.1330,2061.4890,2061488.9999,22,1.0-2059687-2061758,857.0000,1.0000,1,20,True,2059687.0000,2061758.0000,1801.9999,1.8020
2,2091.1673,2061.5233,2061523.2999,22,1.0-2059687-2061758,857.0000,1.0000,1,20,True,2059687.0000,2061758.0000,1836.2999,1.8363
2,2091.1891,2061.5451,2061545.0999,22,1.0-2059687-2061758,857.0000,1.0000,1,20,True,2059687.0000,2061758.0000,1858.0999,1.8581
2,2091.1993,2061.5553,2061555.2999,22,1.0-2059687-2061758,857.0000,1.0000,1,20,True,2059687.0000,2061758.0000,1868.2999,1.8683
2,2091.2319,2061.5879,2061587.8999,22,1.0-2059687-2061758,857.0000,1.0000,1,20,True,2059687.0000,2061758.0000,1900.8999,1.9009
2,2091.2370,2061.5930,2061592.9999,22,1.0-2059687-2061758,857.0000,1.0000,1,20,True,2059687.0000,2061758.0000,1905.9999,1.9060
2,2091.2719,2061.6279,2061627.8999,22,1.0-2059687-2061758,857.0000,1.0000,1,20,True,2059687.0000,2061758.0000,1940.8999,1.9409
2,2091.2905,2061.6465,2061646.4999,22,1.0-2059687-2061758,857.0000,1.0000,1,20,True,2059687.0000,2061758.0000,1959.4999,1.9595
2,2091.2998,2061.6558,2061655.7999,22,1.0-2059687-2061758,857.0000,1.0000,1,20,True,2059687.0000,2061758.0000,1968.7999,1.9688
2,2091.3445,2061.7005,2061700.4999,22,1.0-2059687-2061758,857.0000,1.0000,1,20,True,2059687.0000,2061758.0000,2013.4999,2.0135
2,2091.3544,2061.7104,2061710.3999,22,1.0-2059687-2061758,857.0000,1.0000,1,20,True,2059687.0000,2061758.0000,2023.3999,2.0234
2,408.4204,378.7764,378776.3999,23,1.0-378478-380616,210.0000,1.0000,1,21,True,378478.0000,380616.0000,298.3999,0.2984
2,408.5445,378.9005,378900.4999,23,1.0-378478-380616,210.0000,1.0000,1,21,True,378478.0000,380616.0000,422.4999,0.4225
2,408.6568,379.0128,379012.7999,23,1.0-378478-380616,210.0000,1.0000,1,21,True,378478.0000,380616.0000,534.7999,0.5348
2,408.7114,379.0674,379067.3999,23,1.0-378478-380616,210.0000,1.0000,1,21,True,378478.0000,380616.0000,589.3999,0.5894
2,408.7926,379.1486,379148.5999,23,1.0-378478-380616,210.0000,1.0000,1,21,True,378478.0000,380616.0000,670.5999,0.6706
2,408.8754,379.2314,379231.3999,23,1.0-378478-380616,210.0000,1.0000,1,21,True,378478.0000,380616.0000,753.3999,0.7534
2,409.5024,379.8584,379858.3999,23,1.0-378478-380616,210.0000,1.0000,1,21,True,378478.0000,380616.0000,1380.3999,1.3804
2,409.5324,379.8884,379888.3999,23,1.0-378478-380616,210.0000,1.0000,1,21,True,378478.0000,380616.0000,1410.3999,1.4104
2,409.6276,379.9836,379983.5999,23,1.0-378478-380616,210.0000,1.0000,1,21,True,378478.0000,380616.0000,1505.5999,1.5056
2,409.7267,380.0827,380082.6999,23,1.0-378478-380616,210.0000,1.0000,1,21,True,378478.0000,380616.0000,1604.6999,1.6047
2,409.7621,380.1181,380118.0999,23,1.0-378478-380616,210.0000,1.0000,1,21,True,378478.0000,380616.0000,1640.0999,1.6401
2,409.8552,380.2112,380211.1999,23,1.0-378478-380616,210.0000,1.0000,1,21,True,378478.0000,380616.0000,1733.1999,1.7332
2,409.8790,380.2350,380234.9999,23,1.0-378478-380616,210.0000,1.0000,1,21,True,378478.0000,380616.0000,1756.9999,1.7570
2,409.9269,380.2829,380282.8999,23,1.0-378478-380616,210.0000,1.0000,1,21,True,378478.0000,380616.0000,1804.8999,1.8049
2,410.0183,380.3743,380374.2999,23,1.0-378478-380616,210.0000,1.0000,1,21,True,378478.0000,380616.0000,1896.2999,1.8963
2,410.0995,380.4555,380455.4999,23,1.0-378478-380616,210.0000,1.0000,1,21,True,378478.0000,380616.0000,1977.4999,1.9775
2,410.2008,380.5568,380556.7999,23,1.0-378478-380616,210.0000,1.0000,1,21,True,378478.0000,380616.0000,2078.7999,2.0788
2,521.5967,491.9527,491952.6999,24,1.0-491935-493672,257.0000,1.0000,1,22,True,491935.0000,493672.0000,17.6999,0.0177
2,521.6975,492.0535,492053.4999,24,1.0-491935-493672,257.0000,1.0000,1,22,True,491935.0000,493672.0000,118.4999,0.1185
2,521.8665,492.2225,492222.4999,24,1.0-491935-493672,257.0000,1.0000,1,22,True,491935.0000,493672.0000,287.4999,0.2875
2,521.9553,492.3113,492311.2999,24,1.0-491935-493672,257.0000,1.0000,1,22,True,491935.0000,493672.0000,376.2999,0.3763
2,522.3580,492.7140,492713.9999,24,1.0-491935-493672,257.0000,1.0000,1,22,True,491935.0000,493672.0000,778.9999,0.7790
2,522.3970,492.7530,492752.9999,24,1.0-491935-493672,257.0000,1.0000,1,22,True,491935.0000,493672.0000,817.9999,0.8180
2,522.4246,492.7806,492780.5999,24,1.0-491935-493672,257.0000,1.0000,1,22,True,491935.0000,493672.0000,845.5999,0.8456
2,522.5046,492.8606,492860.5999,24,1.0-491935-493672,257.0000,1.0000,1,22,True,491935.0000,493672.0000,925.5999,0.9256
2,522.6174,492.9734,492973.3999,24,1.0-491935-493672,257.0000,1.0000,1,22,True,491935.0000,493672.0000,1038.3999,1.0384
2,522.6365,492.9925,492992.4999,24,1.0-491935-493672,257.0000,1.0000,1,22,True,491935.0000,493672.0000,1057.4999,1.0575
2,522.7061,493.0621,493062.0999,24,1.0-491935-493672,257.0000,1.0000,1,22,True,491935.0000,493672.0000,1127.0999,1.1271
2,522.8224,493.1784,493178.3999,24,1.0-491935-493672,257.0000,1.0000,1,22,True,491935.0000,493672.0000,1243.3999,1.2434
2,522.9889,493.3449,493344.8999,24,1.0-491935-493672,257.0000,1.0000,1,22,True,491935.0000,493672.0000,1409.8999,1.4099
2,611.5251,581.8811,581881.0999,26,1.0-581712-582747,287.0000,1.0000,0,62,True,581712.0000,582747.0000,169.0999,0.1691
2,611.6110,581.9670,581966.9999,26,1.0-581712-582747,287.0000,1.0000,0,62,True,581712.0000,582747.0000,254.9999,0.2550
2,611.6768,582.0328,582032.7999,26,1.0-581712-582747,287.0000,1.0000,0,62,True,581712.0000,582747.0000,320.7999,0.3208
2,611.7628,582.1188,582118.7999,26,1.0-581712-582747,287.0000,1.0000,0,62,True,581712.0000,582747.0000,406.7999,0.4068
2,611.7759,582.1319,582131.8999,26,1.0-581712-582747,287.0000,1.0000,0,62,True,581712.0000,582747.0000,419.8999,0.4199
2,611.9951,582.3511,582351.0999,26,1.0-581712-582747,287.0000,1.0000,0,62,True,581712.0000,582747.0000,639.0999,0.6391
2,612.0286,582.3846,582384.5999,26,1.0-581712-582747,287.0000,1.0000,0,62,True,581712.0000,582747.0000,672.5999,0.6726
2,612.0636,582.4196,582419.5999,26,1.0-581712-582747,287.0000,1.0000,0,62,True,581712.0000,582747.0000,707.5999,0.7076
2,612.0960,582.4520,582451.9999,26,1.0-581712-582747,287.0000,1.0000,0,62,True,581712.0000,582747.0000,739.9999,0.7400
2,612.2005,582.5565,582556.4999,26,1.0-581712-582747,287.0000,1.0000,0,62,True,581712.0000,582747.0000,844.4999,0.8445
2,612.2820,582.6380,582637.9999,26,1.0-581712-582747,287.0000,1.0000,0,62,True,581712.0000,582747.0000,925.9999,0.9260
2,1445.0180,1415.3740,1415373.9999,27,1.0-1415319-1417189,560.0000,1.0000,1,24,True,1415319.0000,1417189.0000,54.9999,0.0550
2,1445.1463,1415.5023,1415502.2999,27,1.0-1415319-1417189,560.0000,1.0000,1,24,True,1415319.0000,1417189.0000,183.2999,0.1833
2,1445.2789,1415.6349,1415634.8999,27,1.0-1415319-1417189,560.0000,1.0000,1,24,True,1415319.0000,1417189.0000,315.8999,0.3159
2,1445.3307,1415.6867,1415686.6999,27,1.0-1415319-1417189,560.0000,1.0000,1,24,True,1415319.0000,1417189.0000,367.6999,0.3677
2,1445.6720,1416.0280,1416027.9999,27,1.0-1415319-1417189,560.0000,1.0000,1,24,True,1415319.0000,1417189.0000,708.9999,0.7090
2,1445.7199,1416.0759,1416075.8999,27,1.0-1415319-1417189,560.0000,1.0000,1,24,True,1415319.0000,1417189.0000,756.8999,0.7569
2,1445.7409,1416.0969,1416096.8999,27,1.0-1415319-1417189,560.0000,1.0000,1,24,True,1415319.0000,1417189.0000,777.8999,0.7779
2,1445.7821,1416.1381,1416138.0999,27,1.0-1415319-1417189,560.0000,1.0000,1,24,True,1415319.0000,1417189.0000,819.0999,0.8191
2,1445.9081,1416.2641,1416264.0999,27,1.0-1415319-1417189,560.0000,1.0000,1,24,True,1415319.0000,1417189.0000,945.0999,0.9451
2,1445.9592,1416.3152,1416315.1999,27,1.0-1415319-1417189,560.0000,1.0000,1,24,True,1415319.0000,1417189.0000,996.1999,0.9962
2,1446.1252,1416.4812,1416481.1999,27,1.0-1415319-1417189,560.0000,1.0000,1,24,True,1415319.0000,1417189.0000,1162.1999,1.1622
2,1446.2287,1416.5847,1416584.6999,27,1.0-1415319-1417189,560.0000,1.0000,1,24,True,1415319.0000,1417189.0000,1265.6999,1.2657
2,1446.2562,1416.6122,1416612.1999,27,1.0-1415319-1417189,560.0000,1.0000,1,24,True,1415319.0000,1417189.0000,1293.1999,1.2932
2,1446.4444,1416.8004,1416800.3999,27,1.0-1415319-1417189,560.0000,1.0000,1,24,True,1415319.0000,1417189.0000,1481.3999,1.4814
2,1446.4668,1416.8228,1416822.7999,27,1.0-1415319-1417189,560.0000,1.0000,1,24,True,1415319.0000,1417189.0000,1503.7999,1.5038
2,1927.4824,1897.8384,1897838.3999,28,1.0-1897768-1900006,799.0000,1.0000,1,25,True,1897768.0000,1900006.0000,70.3999,0.0704
2,1927.5299,1897.8859,1897885.8999,28,1.0-1897768-1900006,799.0000,1.0000,1,25,True,1897768.0000,1900006.0000,117.8999,0.1179
2,1927.6102,1897.9662,1897966.1999,28,1.0-1897768-1900006,799.0000,1.0000,1,25,True,1897768.0000,1900006.0000,198.1999,0.1982
2,1927.7381,1898.0941,1898094.0999,28,1.0-1897768-1900006,799.0000,1.0000,1,25,True,1897768.0000,1900006.0000,326.0999,0.3261
2,1927.7628,1898.1188,1898118.7999,28,1.0-1897768-1900006,799.0000,1.0000,1,25,True,1897768.0000,1900006.0000,350.7999,0.3508
2,1927.8035,1898.1595,1898159.4999,28,1.0-1897768-1900006,799.0000,1.0000,1,25,True,1897768.0000,1900006.0000,391.4999,0.3915
2,1927.9695,1898.3255,1898325.4999,28,1.0-1897768-1900006,799.0000,1.0000,1,25,True,1897768.0000,1900006.0000,557.4999,0.5575
2,1928.0155,1898.3715,1898371.4999,28,1.0-1897768-1900006,799.0000,1.0000,1,25,True,1897768.0000,1900006.0000,603.4999,0.6035
2,1928.0495,1898.4055,1898405.4999,28,1.0-1897768-1900006,799.0000,1.0000,1,25,True,1897768.0000,1900006.0000,637.4999,0.6375
2,1928.1496,1898.5056,1898505.5999,28,1.0-1897768-1900006,799.0000,1.0000,1,25,True,1897768.0000,1900006.0000,737.5999,0.7376
2,1928.2288,1898.5848,1898584.7999,28,1.0-1897768-1900006,799.0000,1.0000,1,25,True,1897768.0000,1900006.0000,816.7999,0.8168
2,1928.4651,1898.8211,1898821.0999,28,1.0-1897768-1900006,799.0000,1.0000,1,25,True,1897768.0000,1900006.0000,1053.0999,1.0531
2,1928.7889,1899.1449,1899144.8999,28,1.0-1897768-1900006,799.0000,1.0000,1,25,True,1897768.0000,1900006.0000,1376.8999,1.3769
2,1929.0364,1899.3924,1899392.3999,28,1.0-1897768-1900006,799.0000,1.0000,1,25,True,1897768.0000,1900006.0000,1624.3999,1.6244
2,1929.0722,1899.4282,1899428.1999,28,1.0-1897768-1900006,799.0000,1.0000,1,25,True,1897768.0000,1900006.0000,1660.1999,1.6602
2,1929.1291,1899.4851,1899485.0999,28,1.0-1897768-1900006,799.0000,1.0000,1,25,True,1897768.0000,1900006.0000,1717.0999,1.7171
2,1929.1508,1899.5068,1899506.7999,28,1.0-1897768-1900006,799.0000,1.0000,1,25,True,1897768.0000,1900006.0000,1738.7999,1.7388
2,1929.2769,1899.6329,1899632.8999,28,1.0-1897768-1900006,799.0000,1.0000,1,25,True,1897768.0000,1900006.0000,1864.8999,1.8649
2,1929.4122,1899.7682,1899768.1999,28,1.0-1897768-1900006,799.0000,1.0000,1,25,True,1897768.0000,1900006.0000,2000.1999,2.0002
2,258.9909,229.3469,229346.8999,29,1.0-229184-231589,133.0000,1.0000,1,26,True,229184.0000,231589.0000,162.8999,0.1629
2,259.2519,229.6079,229607.8999,29,1.0-229184-231589,133.0000,1.0000,1,26,True,229184.0000,231589.0000,423.8999,0.4239
2,259.3500,229.7060,229705.9999,29,1.0-229184-231589,133.0000,1.0000,1,26,True,229184.0000,231589.0000,521.9999,0.5220
2,259.3771,229.7331,229733.0999,29,1.0-229184-231589,133.0000,1.0000,1,26,True,229184.0000,231589.0000,549.0999,0.5491
2,259.5904,229.9464,229946.3999,29,1.0-229184-231589,133.0000,1.0000,1,26,True,229184.0000,231589.0000,762.3999,0.7624
2,259.9228,230.2788,230278.7999,29,1.0-229184-231589,133.0000,1.0000,1,26,True,229184.0000,231589.0000,1094.7999,1.0948
2,259.9719,230.3279,230327.8999,29,1.0-229184-231589,133.0000,1.0000,1,26,True,229184.0000,231589.0000,1143.8999,1.1439
2,260.0980,230.4540,230453.9999,29,1.0-229184-231589,133.0000,1.0000,1,26,True,229184.0000,231589.0000,1269.9999,1.2700
2,260.2204,230.5764,230576.3999,29,1.0-229184-231589,133.0000,1.0000,1,26,True,229184.0000,231589.0000,1392.3999,1.3924
2,260.2411,230.5971,230597.0999,29,1.0-229184-231589,133.0000,1.0000,1,26,True,229184.0000,231589.0000,1413.0999,1.4131
2,260.2763,230.6323,230632.2999,29,1.0-229184-231589,133.0000,1.0000,1,26,True,229184.0000,231589.0000,1448.2999,1.4483
2,260.3181,230.6741,230674.0999,29,1.0-229184-231589,133.0000,1.0000,1,26,True,229184.0000,231589.0000,1490.0999,1.4901
2,260.4266,230.7826,230782.5999,29,1.0-229184-231589,133.0000,1.0000,1,26,True,229184.0000,231589.0000,1598.5999,1.5986
2,260.8440,231.2000,231199.9999,29,1.0-229184-231589,133.0000,1.0000,1,26,True,229184.0000,231589.0000,2015.9999,2.0160
2,260.8654,231.2214,231221.3999,29,1.0-229184-231589,133.0000,1.0000,1,26,True,229184.0000,231589.0000,2037.3999,2.0374
2,260.8900,231.2460,231245.9999,29,1.0-229184-231589,133.0000,1.0000,1,26,True,229184.0000,231589.0000,2061.9999,2.0620
2,260.9534,231.3094,231309.3999,29,1.0-229184-231589,133.0000,1.0000,1,26,True,229184.0000,231589.0000,2125.3999,2.1254
2,1029.3719,999.7279,999727.8999,30,1.0-999701-1000536,429.0000,1.0000,1,27,True,999701.0000,1000536.0000,26.8999,0.0269
2,1029.4198,999.7758,999775.7999,30,1.0-999701-1000536,429.0000,1.0000,1,27,True,999701.0000,1000536.0000,74.7999,0.0748
2,1029.4976,999.8536,999853.5999,30,1.0-999701-1000536,429.0000,1.0000,1,27,True,999701.0000,1000536.0000,152.5999,0.1526
2,1029.9592,1000.3152,1000315.1999,30,1.0-999701-1000536,429.0000,1.0000,1,27,True,999701.0000,1000536.0000,614.1999,0.6142
2,1030.0141,1000.3701,1000370.0999,30,1.0-999701-1000536,429.0000,1.0000,1,27,True,999701.0000,1000536.0000,669.0999,0.6691
2,1030.0367,1000.3927,1000392.6999,30,1.0-999701-1000536,429.0000,1.0000,1,27,True,999701.0000,1000536.0000,691.6999,0.6917
2,481.5890,451.9450,451944.9999,31,1.0-451889-453726,246.0000,1.0000,1,28,True,451889.0000,453726.0000,55.9999,0.0560
2,481.7223,452.0783,452078.2999,31,1.0-451889-453726,246.0000,1.0000,1,28,True,451889.0000,453726.0000,189.2999,0.1893
2,481.9214,452.2774,452277.3999,31,1.0-451889-453726,246.0000,1.0000,1,28,True,451889.0000,453726.0000,388.3999,0.3884
2,481.9855,452.3415,452341.4999,31,1.0-451889-453726,246.0000,1.0000,1,28,True,451889.0000,453726.0000,452.4999,0.4525
2,482.0044,452.3604,452360.3999,31,1.0-451889-453726,246.0000,1.0000,1,28,True,451889.0000,453726.0000,471.3999,0.4714
2,482.0453,452.4013,452401.2999,31,1.0-451889-453726,246.0000,1.0000,1,28,True,451889.0000,453726.0000,512.2999,0.5123
2,482.2432,452.5992,452599.1999,31,1.0-451889-453726,246.0000,1.0000,1,28,True,451889.0000,453726.0000,710.1999,0.7102
2,482.2918,452.6478,452647.7999,31,1.0-451889-453726,246.0000,1.0000,1,28,True,451889.0000,453726.0000,758.7999,0.7588
2,482.3387,452.6947,452694.6999,31,1.0-451889-453726,246.0000,1.0000,1,28,True,451889.0000,453726.0000,805.6999,0.8057
2,482.3532,452.7092,452709.1999,31,1.0-451889-453726,246.0000,1.0000,1,28,True,451889.0000,453726.0000,820.1999,0.8202
2,482.3638,452.7198,452719.7999,31,1.0-451889-453726,246.0000,1.0000,1,28,True,451889.0000,453726.0000,830.7999,0.8308
2,482.3931,452.7491,452749.0999,31,1.0-451889-453726,246.0000,1.0000,1,28,True,451889.0000,453726.0000,860.0999,0.8601
2,482.5025,452.8585,452858.4999,31,1.0-451889-453726,246.0000,1.0000,1,28,True,451889.0000,453726.0000,969.4999,0.9695
2,483.0152,453.3712,453371.1999,31,1.0-451889-453726,246.0000,1.0000,1,28,True,451889.0000,453726.0000,1482.1999,1.4822
2,483.0765,453.4325,453432.4999,31,1.0-451889-453726,246.0000,1.0000,1,28,True,451889.0000,453726.0000,1543.4999,1.5435
2,483.1284,453.4844,453484.3999,31,1.0-451889-453726,246.0000,1.0000,1,28,True,451889.0000,453726.0000,1595.3999,1.5954
2,483.2950,453.6510,453650.9999,31,1.0-451889-453726,246.0000,1.0000,1,28,True,451889.0000,453726.0000,1761.9999,1.7620
2,398.9561,369.3121,369312.0999,32,1.0-369293-370863,205.0000,1.0000,1,29,True,369293.0000,370863.0000,19.0999,0.0191
2,399.0463,369.4023,369402.2999,32,1.0-369293-370863,205.0000,1.0000,1,29,True,369293.0000,370863.0000,109.2999,0.1093
2,399.1199,369.4759,369475.8999,32,1.0-369293-370863,205.0000,1.0000,1,29,True,369293.0000,370863.0000,182.8999,0.1829
2,399.1724,369.5284,369528.3999,32,1.0-369293-370863,205.0000,1.0000,1,29,True,369293.0000,370863.0000,235.3999,0.2354
2,399.1793,369.5353,369535.2999,32,1.0-369293-370863,205.0000,1.0000,1,29,True,369293.0000,370863.0000,242.2999,0.2423
2,399.1913,369.5473,369547.2999,32,1.0-369293-370863,205.0000,1.0000,1,29,True,369293.0000,370863.0000,254.2999,0.2543
2,399.2351,369.5911,369591.0999,32,1.0-369293-370863,205.0000,1.0000,1,29,True,369293.0000,370863.0000,298.0999,0.2981
2,399.3532,369.7092,369709.1999,32,1.0-369293-370863,205.0000,1.0000,1,29,True,369293.0000,370863.0000,416.1999,0.4162
2,399.4038,369.7598,369759.7999,32,1.0-369293-370863,205.0000,1.0000,1,29,True,369293.0000,370863.0000,466.7999,0.4668
2,399.4281,369.7841,369784.0999,32,1.0-369293-370863,205.0000,1.0000,1,29,True,369293.0000,370863.0000,491.0999,0.4911
2,399.4471,369.8031,369803.0999,32,1.0-369293-370863,205.0000,1.0000,1,29,True,369293.0000,370863.0000,510.0999,0.5101
2,399.4901,369.8461,369846.0999,32,1.0-369293-370863,205.0000,1.0000,1,29,True,369293.0000,370863.0000,553.0999,0.5531
2,399.5378,369.8938,369893.7999,32,1.0-369293-370863,205.0000,1.0000,1,29,True,369293.0000,370863.0000,600.7999,0.6008
2,399.6154,369.9714,369971.3999,32,1.0-369293-370863,205.0000,1.0000,1,29,True,369293.0000,370863.0000,678.3999,0.6784
2,399.6722,370.0282,370028.1999,32,1.0-369293-370863,205.0000,1.0000,1,29,True,369293.0000,370863.0000,735.1999,0.7352
2,399.6999,370.0559,370055.8999,32,1.0-369293-370863,205.0000,1.0000,1,29,True,369293.0000,370863.0000,762.8999,0.7629
2,399.7336,370.0896,370089.5999,32,1.0-369293-370863,205.0000,1.0000,1,29,True,369293.0000,370863.0000,796.5999,0.7966
2,399.7499,370.1059,370105.8999,32,1.0-369293-370863,205.0000,1.0000,1,29,True,369293.0000,370863.0000,812.8999,0.8129
2,399.7794,370.1354,370135.3999,32,1.0-369293-370863,205.0000,1.0000,1,29,True,369293.0000,370863.0000,842.3999,0.8424
2,399.7881,370.1441,370144.0999,32,1.0-369293-370863,205.0000,1.0000,1,29,True,369293.0000,370863.0000,851.0999,0.8511
2,399.8111,370.1671,370167.0999,32,1.0-369293-370863,205.0000,1.0000,1,29,True,369293.0000,370863.0000,874.0999,0.8741
2,399.9205,370.2765,370276.4999,32,1.0-369293-370863,205.0000,1.0000,1,29,True,369293.0000,370863.0000,983.4999,0.9835
2,400.0556,370.4116,370411.5999,32,1.0-369293-370863,205.0000,1.0000,1,29,True,369293.0000,370863.0000,1118.5999,1.1186
2,400.3990,370.7550,370754.9999,32,1.0-369293-370863,205.0000,1.0000,1,29,True,369293.0000,370863.0000,1461.9999,1.4620
2,400.5045,370.8605,370860.4999,32,1.0-369293-370863,205.0000,1.0000,1,29,True,369293.0000,370863.0000,1567.4999,1.5675
2,83.6234,53.9794,53979.3999,33,1.0-53639-55643,28.0000,1.0000,1,30,True,53639.0000,55643.0000,340.3999,0.3404
2,83.6802,54.0362,54036.1999,33,1.0-53639-55643,28.0000,1.0000,1,30,True,53639.0000,55643.0000,397.1999,0.3972
2,83.7417,54.0977,54097.6999,33,1.0-53639-55643,28.0000,1.0000,1,30,True,53639.0000,55643.0000,458.6999,0.4587
2,83.7720,54.1280,54127.9999,33,1.0-53639-55643,28.0000,1.0000,1,30,True,53639.0000,55643.0000,488.9999,0.4890
2,83.8390,54.1950,54194.9999,33,1.0-53639-55643,28.0000,1.0000,1,30,True,53639.0000,55643.0000,555.9999,0.5560
2,84.0530,54.4090,54408.9999,33,1.0-53639-55643,28.0000,1.0000,1,30,True,53639.0000,55643.0000,769.9999,0.7700
2,84.1258,54.4818,54481.7999,33,1.0-53639-55643,28.0000,1.0000,1,30,True,53639.0000,55643.0000,842.7999,0.8428
2,84.7236,55.0796,55079.5999,33,1.0-53639-55643,28.0000,1.0000,1,30,True,53639.0000,55643.0000,1440.5999,1.4406
2,84.7692,55.1252,55125.1999,33,1.0-53639-55643,28.0000,1.0000,1,30,True,53639.0000,55643.0000,1486.1999,1.4862
2,84.8987,55.2547,55254.6999,33,1.0-53639-55643,28.0000,1.0000,1,30,True,53639.0000,55643.0000,1615.6999,1.6157
2,85.2240,55.5800,55579.9999,33,1.0-53639-55643,28.0000,1.0000,1,30,True,53639.0000,55643.0000,1940.9999,1.9410
2,85.2732,55.6292,55629.1999,33,1.0-53639-55643,28.0000,1.0000,1,30,True,53639.0000,55643.0000,1990.1999,1.9902
2,2358.4031,2328.7591,2328759.0999,34,1.0-2328716-2330086,954.0000,1.0000,0,63,True,2328716.0000,2330086.0000,43.0999,0.0431
2,2358.4485,2328.8045,2328804.4999,34,1.0-2328716-2330086,954.0000,1.0000,0,63,True,2328716.0000,2330086.0000,88.4999,0.0885
2,2358.4837,2328.8397,2328839.6999,34,1.0-2328716-2330086,954.0000,1.0000,0,63,True,2328716.0000,2330086.0000,123.6999,0.1237
2,2358.5086,2328.8646,2328864.5999,34,1.0-2328716-2330086,954.0000,1.0000,0,63,True,2328716.0000,2330086.0000,148.5999,0.1486
2,2358.5196,2328.8756,2328875.5999,34,1.0-2328716-2330086,954.0000,1.0000,0,63,True,2328716.0000,2330086.0000,159.5999,0.1596
2,2358.5257,2328.8817,2328881.6999,34,1.0-2328716-2330086,954.0000,1.0000,0,63,True,2328716.0000,2330086.0000,165.6999,0.1657
2,2358.5322,2328.8882,2328888.1999,34,1.0-2328716-2330086,954.0000,1.0000,0,63,True,2328716.0000,2330086.0000,172.1999,0.1722
2,2358.5526,2328.9086,2328908.5999,34,1.0-2328716-2330086,954.0000,1.0000,0,63,True,2328716.0000,2330086.0000,192.5999,0.1926
2,2358.5607,2328.9167,2328916.6999,34,1.0-2328716-2330086,954.0000,1.0000,0,63,True,2328716.0000,2330086.0000,200.6999,0.2007
2,2358.5740,2328.9300,2328929.9999,34,1.0-2328716-2330086,954.0000,1.0000,0,63,True,2328716.0000,2330086.0000,213.9999,0.2140
2,2358.5950,2328.9510,2328950.9999,34,1.0-2328716-2330086,954.0000,1.0000,0,63,True,2328716.0000,2330086.0000,234.9999,0.2350
2,2358.6113,2328.9673,2328967.2999,34,1.0-2328716-2330086,954.0000,1.0000,0,63,True,2328716.0000,2330086.0000,251.2999,0.2513
2,2358.6203,2328.9763,2328976.2999,34,1.0-2328716-2330086,954.0000,1.0000,0,63,True,2328716.0000,2330086.0000,260.2999,0.2603
2,2358.6499,2329.0059,2329005.8999,34,1.0-2328716-2330086,954.0000,1.0000,0,63,True,2328716.0000,2330086.0000,289.8999,0.2899
2,2358.6573,2329.0133,2329013.2999,34,1.0-2328716-2330086,954.0000,1.0000,0,63,True,2328716.0000,2330086.0000,297.2999,0.2973
2,2358.6744,2329.0304,2329030.3999,34,1.0-2328716-2330086,954.0000,1.0000,0,63,True,2328716.0000,2330086.0000,314.3999,0.3144
2,2358.6896,2329.0456,2329045.5999,34,1.0-2328716-2330086,954.0000,1.0000,0,63,True,2328716.0000,2330086.0000,329.5999,0.3296
2,2358.7095,2329.0655,2329065.4999,34,1.0-2328716-2330086,954.0000,1.0000,0,63,True,2328716.0000,2330086.0000,349.4999,0.3495
2,2358.7417,2329.0977,2329097.6999,34,1.0-2328716-2330086,954.0000,1.0000,0,63,True,2328716.0000,2330086.0000,381.6999,0.3817
2,2358.7655,2329.1215,2329121.4999,34,1.0-2328716-2330086,954.0000,1.0000,0,63,True,2328716.0000,2330086.0000,405.4999,0.4055
2,2358.7707,2329.1267,2329126.6999,34,1.0-2328716-2330086,954.0000,1.0000,0,63,True,2328716.0000,2330086.0000,410.6999,0.4107
2,2358.7791,2329.1351,2329135.0999,34,1.0-2328716-2330086,954.0000,1.0000,0,63,True,2328716.0000,2330086.0000,419.0999,0.4191
2,2358.8392,2329.1952,2329195.1999,34,1.0-2328716-2330086,954.0000,1.0000,0,63,True,2328716.0000,2330086.0000,479.1999,0.4792
2,2358.8996,2329.2556,2329255.5999,34,1.0-2328716-2330086,954.0000,1.0000,0,63,True,2328716.0000,2330086.0000,539.5999,0.5396
2,2359.1309,2329.4869,2329486.8999,34,1.0-2328716-2330086,954.0000,1.0000,0,63,True,2328716.0000,2330086.0000,770.8999,0.7709
2,2359.1380,2329.4940,2329493.9999,34,1.0-2328716-2330086,954.0000,1.0000,0,63,True,2328716.0000,2330086.0000,777.9999,0.7780
2,2359.2686,2329.6246,2329624.5999,34,1.0-2328716-2330086,954.0000,1.0000,0,63,True,2328716.0000,2330086.0000,908.5999,0.9086
2,2359.4093,2329.7653,2329765.2999,34,1.0-2328716-2330086,954.0000,1.0000,0,63,True,2328716.0000,2330086.0000,1049.2999,1.0493
2,2359.4428,2329.7988,2329798.7999,34,1.0-2328716-2330086,954.0000,1.0000,0,63,True,2328716.0000,2330086.0000,1082.7999,1.0828
2,2359.5031,2329.8591,2329859.0999,34,1.0-2328716-2330086,954.0000,1.0000,0,63,True,2328716.0000,2330086.0000,1143.0999,1.1431
2,2359.5536,2329.9096,2329909.5999,34,1.0-2328716-2330086,954.0000,1.0000,0,63,True,2328716.0000,2330086.0000,1193.5999,1.1936
2,2359.5603,2329.9163,2329916.2999,34,1.0-2328716-2330086,954.0000,1.0000,0,63,True,2328716.0000,2330086.0000,1200.2999,1.2003
2,2359.6939,2330.0499,2330049.8999,34,1.0-2328716-2330086,954.0000,1.0000,0,63,True,2328716.0000,2330086.0000,1333.8999,1.3339
2,2359.7070,2330.0630,2330062.9999,34,1.0-2328716-2330086,954.0000,1.0000,0,63,True,2328716.0000,2330086.0000,1346.9999,1.3470
2,1588.1220,1558.4780,1558477.9999,36,1.0-1558367-1560371,634.0000,1.0000,1,32,True,1558367.0000,1560371.0000,110.9999,0.1110
2,1588.2116,1558.5676,1558567.5999,36,1.0-1558367-1560371,634.0000,1.0000,1,32,True,1558367.0000,1560371.0000,200.5999,0.2006
2,1588.3287,1558.6847,1558684.6999,36,1.0-1558367-1560371,634.0000,1.0000,1,32,True,1558367.0000,1560371.0000,317.6999,0.3177
2,1588.3663,1558.7223,1558722.2999,36,1.0-1558367-1560371,634.0000,1.0000,1,32,True,1558367.0000,1560371.0000,355.2999,0.3553
2,1588.3870,1558.7430,1558742.9999,36,1.0-1558367-1560371,634.0000,1.0000,1,32,True,1558367.0000,1560371.0000,375.9999,0.3760
2,1588.4343,1558.7903,1558790.2999,36,1.0-1558367-1560371,634.0000,1.0000,1,32,True,1558367.0000,1560371.0000,423.2999,0.4233
2,1588.4618,1558.8178,1558817.7999,36,1.0-1558367-1560371,634.0000,1.0000,1,32,True,1558367.0000,1560371.0000,450.7999,0.4508
2,1588.5284,1558.8844,1558884.3999,36,1.0-1558367-1560371,634.0000,1.0000,1,32,True,1558367.0000,1560371.0000,517.3999,0.5174
2,1588.5396,1558.8956,1558895.5999,36,1.0-1558367-1560371,634.0000,1.0000,1,32,True,1558367.0000,1560371.0000,528.5999,0.5286
2,1588.6218,1558.9778,1558977.7999,36,1.0-1558367-1560371,634.0000,1.0000,1,32,True,1558367.0000,1560371.0000,610.7999,0.6108
2,1588.6455,1559.0015,1559001.4999,36,1.0-1558367-1560371,634.0000,1.0000,1,32,True,1558367.0000,1560371.0000,634.4999,0.6345
2,1588.6531,1559.0091,1559009.0999,36,1.0-1558367-1560371,634.0000,1.0000,1,32,True,1558367.0000,1560371.0000,642.0999,0.6421
2,1588.6767,1559.0327,1559032.6999,36,1.0-1558367-1560371,634.0000,1.0000,1,32,True,1558367.0000,1560371.0000,665.6999,0.6657
2,1588.7259,1559.0819,1559081.8999,36,1.0-1558367-1560371,634.0000,1.0000,1,32,True,1558367.0000,1560371.0000,714.8999,0.7149
2,1588.7495,1559.1055,1559105.4999,36,1.0-1558367-1560371,634.0000,1.0000,1,32,True,1558367.0000,1560371.0000,738.4999,0.7385
2,1588.9062,1559.2622,1559262.1999,36,1.0-1558367-1560371,634.0000,1.0000,1,32,True,1558367.0000,1560371.0000,895.1999,0.8952
2,1589.2782,1559.6342,1559634.1999,36,1.0-1558367-1560371,634.0000,1.0000,1,32,True,1558367.0000,1560371.0000,1267.1999,1.2672
2,1589.4618,1559.8178,1559817.7999,36,1.0-1558367-1560371,634.0000,1.0000,1,32,True,1558367.0000,1560371.0000,1450.7999,1.4508
2,616.8621,587.2181,587218.0999,37,1.0-587189-590095,290.0000,1.0000,1,33,True,587189.0000,590095.0000,29.0999,0.0291
2,617.0634,587.4194,587419.3999,37,1.0-587189-590095,290.0000,1.0000,1,33,True,587189.0000,590095.0000,230.3999,0.2304
2,617.1117,587.4677,587467.6999,37,1.0-587189-590095,290.0000,1.0000,1,33,True,587189.0000,590095.0000,278.6999,0.2787
2,617.2720,587.6280,587627.9999,37,1.0-587189-590095,290.0000,1.0000,1,33,True,587189.0000,590095.0000,438.9999,0.4390
2,617.2843,587.6403,587640.2999,37,1.0-587189-590095,290.0000,1.0000,1,33,True,587189.0000,590095.0000,451.2999,0.4513
2,617.3362,587.6922,587692.1999,37,1.0-587189-590095,290.0000,1.0000,1,33,True,587189.0000,590095.0000,503.1999,0.5032
2,617.4210,587.7770,587776.9999,37,1.0-587189-590095,290.0000,1.0000,1,33,True,587189.0000,590095.0000,587.9999,0.5880
2,617.5043,587.8603,587860.2999,37,1.0-587189-590095,290.0000,1.0000,1,33,True,587189.0000,590095.0000,671.2999,0.6713
2,617.7168,588.0728,588072.7999,37,1.0-587189-590095,290.0000,1.0000,1,33,True,587189.0000,590095.0000,883.7999,0.8838
2,617.7585,588.1145,588114.4999,37,1.0-587189-590095,290.0000,1.0000,1,33,True,587189.0000,590095.0000,925.4999,0.9255
2,618.0002,588.3562,588356.1999,37,1.0-587189-590095,290.0000,1.0000,1,33,True,587189.0000,590095.0000,1167.1999,1.1672
2,618.0572,588.4132,588413.1999,37,1.0-587189-590095,290.0000,1.0000,1,33,True,587189.0000,590095.0000,1224.1999,1.2242
2,618.1405,588.4965,588496.4999,37,1.0-587189-590095,290.0000,1.0000,1,33,True,587189.0000,590095.0000,1307.4999,1.3075
2,618.2970,588.6530,588652.9999,37,1.0-587189-590095,290.0000,1.0000,1,33,True,587189.0000,590095.0000,1463.9999,1.4640
2,618.3587,588.7147,588714.6999,37,1.0-587189-590095,290.0000,1.0000,1,33,True,587189.0000,590095.0000,1525.6999,1.5257
2,618.3695,588.7255,588725.4999,37,1.0-587189-590095,290.0000,1.0000,1,33,True,587189.0000,590095.0000,1536.4999,1.5365
2,618.3853,588.7413,588741.2999,37,1.0-587189-590095,290.0000,1.0000,1,33,True,587189.0000,590095.0000,1552.2999,1.5523
2,618.4491,588.8051,588805.0999,37,1.0-587189-590095,290.0000,1.0000,1,33,True,587189.0000,590095.0000,1616.0999,1.6161
2,618.4872,588.8432,588843.1999,37,1.0-587189-590095,290.0000,1.0000,1,33,True,587189.0000,590095.0000,1654.1999,1.6542
2,618.4967,588.8527,588852.6999,37,1.0-587189-590095,290.0000,1.0000,1,33,True,587189.0000,590095.0000,1663.6999,1.6637
2,618.5237,588.8797,588879.6999,37,1.0-587189-590095,290.0000,1.0000,1,33,True,587189.0000,590095.0000,1690.6999,1.6907
2,618.6123,588.9683,588968.2999,37,1.0-587189-590095,290.0000,1.0000,1,33,True,587189.0000,590095.0000,1779.2999,1.7793
2,618.6226,588.9786,588978.5999,37,1.0-587189-590095,290.0000,1.0000,1,33,True,587189.0000,590095.0000,1789.5999,1.7896
2,618.7366,589.0926,589092.5999,37,1.0-587189-590095,290.0000,1.0000,1,33,True,587189.0000,590095.0000,1903.5999,1.9036
2,618.8141,589.1701,589170.0999,37,1.0-587189-590095,290.0000,1.0000,1,33,True,587189.0000,590095.0000,1981.0999,1.9811
2,618.8712,589.2272,589227.1999,37,1.0-587189-590095,290.0000,1.0000,1,33,True,587189.0000,590095.0000,2038.1999,2.0382
2,619.0136,589.3696,589369.5999,37,1.0-587189-590095,290.0000,1.0000,1,33,True,587189.0000,590095.0000,2180.5999,2.1806
2,619.0321,589.3881,589388.0999,37,1.0-587189-590095,290.0000,1.0000,1,33,True,587189.0000,590095.0000,2199.0999,2.1991
2,619.1160,589.4720,589471.9999,37,1.0-587189-590095,290.0000,1.0000,1,33,True,587189.0000,590095.0000,2282.9999,2.2830
2,619.6905,590.0465,590046.4999,37,1.0-587189-590095,290.0000,1.0000,1,33,True,587189.0000,590095.0000,2857.4999,2.8575
2,1531.6997,1502.0557,1502055.6999,38,1.0-1501923-1504394,600.0000,1.0000,0,64,True,1501923.0000,1504394.0000,132.6999,0.1327
2,1531.8091,1502.1651,1502165.0999,38,1.0-1501923-1504394,600.0000,1.0000,0,64,True,1501923.0000,1504394.0000,242.0999,0.2421
2,1531.8183,1502.1743,1502174.2999,38,1.0-1501923-1504394,600.0000,1.0000,0,64,True,1501923.0000,1504394.0000,251.2999,0.2513
2,1531.9165,1502.2725,1502272.4999,38,1.0-1501923-1504394,600.0000,1.0000,0,64,True,1501923.0000,1504394.0000,349.4999,0.3495
2,1532.0043,1502.3603,1502360.2999,38,1.0-1501923-1504394,600.0000,1.0000,0,64,True,1501923.0000,1504394.0000,437.2999,0.4373
2,1532.0764,1502.4324,1502432.3999,38,1.0-1501923-1504394,600.0000,1.0000,0,64,True,1501923.0000,1504394.0000,509.3999,0.5094
2,1532.1001,1502.4561,1502456.0999,38,1.0-1501923-1504394,600.0000,1.0000,0,64,True,1501923.0000,1504394.0000,533.0999,0.5331
2,1532.1344,1502.4904,1502490.3999,38,1.0-1501923-1504394,600.0000,1.0000,0,64,True,1501923.0000,1504394.0000,567.3999,0.5674
2,1532.1565,1502.5125,1502512.4999,38,1.0-1501923-1504394,600.0000,1.0000,0,64,True,1501923.0000,1504394.0000,589.4999,0.5895
2,1532.2601,1502.6161,1502616.0999,38,1.0-1501923-1504394,600.0000,1.0000,0,64,True,1501923.0000,1504394.0000,693.0999,0.6931
2,1532.4071,1502.7631,1502763.0999,38,1.0-1501923-1504394,600.0000,1.0000,0,64,True,1501923.0000,1504394.0000,840.0999,0.8401
2,1532.4290,1502.7850,1502784.9999,38,1.0-1501923-1504394,600.0000,1.0000,0,64,True,1501923.0000,1504394.0000,861.9999,0.8620
2,1532.5448,1502.9008,1502900.7999,38,1.0-1501923-1504394,600.0000,1.0000,0,64,True,1501923.0000,1504394.0000,977.7999,0.9778
2,1532.8127,1503.1687,1503168.6999,38,1.0-1501923-1504394,600.0000,1.0000,0,64,True,1501923.0000,1504394.0000,1245.6999,1.2457
2,940.1757,910.5317,910531.6999,39,1.0-910091-911594,394.0000,1.0000,0,65,True,910091.0000,911594.0000,440.6999,0.4407
2,940.2045,910.5605,910560.4999,39,1.0-910091-911594,394.0000,1.0000,0,65,True,910091.0000,911594.0000,469.4999,0.4695
2,940.2569,910.6129,910612.8999,39,1.0-910091-911594,394.0000,1.0000,0,65,True,910091.0000,911594.0000,521.8999,0.5219
2,940.3203,910.6763,910676.2999,39,1.0-910091-911594,394.0000,1.0000,0,65,True,910091.0000,911594.0000,585.2999,0.5853
2,940.4057,910.7617,910761.6999,39,1.0-910091-911594,394.0000,1.0000,0,65,True,910091.0000,911594.0000,670.6999,0.6707
2,940.6037,910.9597,910959.6999,39,1.0-910091-911594,394.0000,1.0000,0,65,True,910091.0000,911594.0000,868.6999,0.8687
2,940.9269,911.2829,911282.8999,39,1.0-910091-911594,394.0000,1.0000,0,65,True,910091.0000,911594.0000,1191.8999,1.1919
2,941.0532,911.4092,911409.1999,39,1.0-910091-911594,394.0000,1.0000,0,65,True,910091.0000,911594.0000,1318.1999,1.3182
2,941.2067,911.5627,911562.6999,39,1.0-910091-911594,394.0000,1.0000,0,65,True,910091.0000,911594.0000,1471.6999,1.4717
2,118.5326,88.8886,88888.5999,40,1.0-88875-90545,51.0000,1.0000,1,34,True,88875.0000,90545.0000,13.5999,0.0136
2,118.6616,89.0176,89017.5999,40,1.0-88875-90545,51.0000,1.0000,1,34,True,88875.0000,90545.0000,142.5999,0.1426
2,118.7553,89.1113,89111.2999,40,1.0-88875-90545,51.0000,1.0000,1,34,True,88875.0000,90545.0000,236.2999,0.2363
2,118.8559,89.2119,89211.8999,40,1.0-88875-90545,51.0000,1.0000,1,34,True,88875.0000,90545.0000,336.8999,0.3369
2,118.8802,89.2362,89236.1999,40,1.0-88875-90545,51.0000,1.0000,1,34,True,88875.0000,90545.0000,361.1999,0.3612
2,118.9235,89.2795,89279.4999,40,1.0-88875-90545,51.0000,1.0000,1,34,True,88875.0000,90545.0000,404.4999,0.4045
2,118.9521,89.3081,89308.0999,40,1.0-88875-90545,51.0000,1.0000,1,34,True,88875.0000,90545.0000,433.0999,0.4331
2,119.0280,89.3840,89383.9999,40,1.0-88875-90545,51.0000,1.0000,1,34,True,88875.0000,90545.0000,508.9999,0.5090
2,119.1752,89.5312,89531.1999,40,1.0-88875-90545,51.0000,1.0000,1,34,True,88875.0000,90545.0000,656.1999,0.6562
2,119.4081,89.7641,89764.0999,40,1.0-88875-90545,51.0000,1.0000,1,34,True,88875.0000,90545.0000,889.0999,0.8891
2,119.5422,89.8982,89898.1999,40,1.0-88875-90545,51.0000,1.0000,1,34,True,88875.0000,90545.0000,1023.1999,1.0232
2,119.6029,89.9589,89958.8999,40,1.0-88875-90545,51.0000,1.0000,1,34,True,88875.0000,90545.0000,1083.8999,1.0839
2,119.6369,89.9929,89992.8999,40,1.0-88875-90545,51.0000,1.0000,1,34,True,88875.0000,90545.0000,1117.8999,1.1179
2,119.6791,90.0351,90035.0999,40,1.0-88875-90545,51.0000,1.0000,1,34,True,88875.0000,90545.0000,1160.0999,1.1601
2,119.7749,90.1309,90130.8999,40,1.0-88875-90545,51.0000,1.0000,1,34,True,88875.0000,90545.0000,1255.8999,1.2559
2,119.9808,90.3368,90336.7999,40,1.0-88875-90545,51.0000,1.0000,1,34,True,88875.0000,90545.0000,1461.7999,1.4618
2,120.0872,90.4432,90443.1999,40,1.0-88875-90545,51.0000,1.0000,1,34,True,88875.0000,90545.0000,1568.1999,1.5682
2,74.5553,44.9113,44911.2999,41,1.0-44655-47627,24.0000,1.0000,0,66,True,44655.0000,47627.0000,256.2999,0.2563
2,74.6523,45.0083,45008.2999,41,1.0-44655-47627,24.0000,1.0000,0,66,True,44655.0000,47627.0000,353.2999,0.3533
2,74.6829,45.0389,45038.8999,41,1.0-44655-47627,24.0000,1.0000,0,66,True,44655.0000,47627.0000,383.8999,0.3839
2,74.7185,45.0745,45074.4999,41,1.0-44655-47627,24.0000,1.0000,0,66,True,44655.0000,47627.0000,419.4999,0.4195
2,74.8721,45.2281,45228.0999,41,1.0-44655-47627,24.0000,1.0000,0,66,True,44655.0000,47627.0000,573.0999,0.5731
2,75.1276,45.4836,45483.5999,41,1.0-44655-47627,24.0000,1.0000,0,66,True,44655.0000,47627.0000,828.5999,0.8286
2,75.6775,46.0335,46033.4999,41,1.0-44655-47627,24.0000,1.0000,0,66,True,44655.0000,47627.0000,1378.4999,1.3785
2,75.7026,46.0586,46058.5999,41,1.0-44655-47627,24.0000,1.0000,0,66,True,44655.0000,47627.0000,1403.5999,1.4036
2,75.7455,46.1015,46101.4999,41,1.0-44655-47627,24.0000,1.0000,0,66,True,44655.0000,47627.0000,1446.4999,1.4465
2,75.8735,46.2295,46229.4999,41,1.0-44655-47627,24.0000,1.0000,0,66,True,44655.0000,47627.0000,1574.4999,1.5745
2,75.9715,46.3275,46327.4999,41,1.0-44655-47627,24.0000,1.0000,0,66,True,44655.0000,47627.0000,1672.4999,1.6725
2,76.2711,46.6271,46627.0999,41,1.0-44655-47627,24.0000,1.0000,0,66,True,44655.0000,47627.0000,1972.0999,1.9721
2,76.3292,46.6852,46685.1999,41,1.0-44655-47627,24.0000,1.0000,0,66,True,44655.0000,47627.0000,2030.1999,2.0302
2,76.4224,46.7784,46778.3999,41,1.0-44655-47627,24.0000,1.0000,0,66,True,44655.0000,47627.0000,2123.3999,2.1234
2,76.4559,46.8119,46811.8999,41,1.0-44655-47627,24.0000,1.0000,0,66,True,44655.0000,47627.0000,2156.8999,2.1569
2,76.5038,46.8598,46859.7999,41,1.0-44655-47627,24.0000,1.0000,0,66,True,44655.0000,47627.0000,2204.7999,2.2048
2,76.5301,46.8861,46886.0999,41,1.0-44655-47627,24.0000,1.0000,0,66,True,44655.0000,47627.0000,2231.0999,2.2311
2,76.5841,46.9401,46940.0999,41,1.0-44655-47627,24.0000,1.0000,0,66,True,44655.0000,47627.0000,2285.0999,2.2851
2,76.9204,47.2764,47276.3999,41,1.0-44655-47627,24.0000,1.0000,0,66,True,44655.0000,47627.0000,2621.3999,2.6214
2,76.9577,47.3137,47313.6999,41,1.0-44655-47627,24.0000,1.0000,0,66,True,44655.0000,47627.0000,2658.6999,2.6587
2,76.9812,47.3372,47337.1999,41,1.0-44655-47627,24.0000,1.0000,0,66,True,44655.0000,47627.0000,2682.1999,2.6822
2,77.1458,47.5018,47501.7999,41,1.0-44655-47627,24.0000,1.0000,0,66,True,44655.0000,47627.0000,2846.7999,2.8468
2,77.2387,47.5947,47594.6999,41,1.0-44655-47627,24.0000,1.0000,0,66,True,44655.0000,47627.0000,2939.6999,2.9397
2,1752.2987,1722.6547,1722654.6999,42,1.0-1722557-1724561,705.0000,1.0000,1,35,True,1722557.0000,1724561.0000,97.6999,0.0977
2,1752.3319,1722.6879,1722687.8999,42,1.0-1722557-1724561,705.0000,1.0000,1,35,True,1722557.0000,1724561.0000,130.8999,0.1309
2,1752.3951,1722.7511,1722751.0999,42,1.0-1722557-1724561,705.0000,1.0000,1,35,True,1722557.0000,1724561.0000,194.0999,0.1941
2,1752.4270,1722.7830,1722782.9999,42,1.0-1722557-1724561,705.0000,1.0000,1,35,True,1722557.0000,1724561.0000,225.9999,0.2260
2,1752.6154,1722.9714,1722971.3999,42,1.0-1722557-1724561,705.0000,1.0000,1,35,True,1722557.0000,1724561.0000,414.3999,0.4144
2,1752.6300,1722.9860,1722985.9999,42,1.0-1722557-1724561,705.0000,1.0000,1,35,True,1722557.0000,1724561.0000,428.9999,0.4290
2,1752.6444,1723.0004,1723000.3999,42,1.0-1722557-1724561,705.0000,1.0000,1,35,True,1722557.0000,1724561.0000,443.3999,0.4434
2,1752.6832,1723.0392,1723039.1999,42,1.0-1722557-1724561,705.0000,1.0000,1,35,True,1722557.0000,1724561.0000,482.1999,0.4822
2,1752.7134,1723.0694,1723069.3999,42,1.0-1722557-1724561,705.0000,1.0000,1,35,True,1722557.0000,1724561.0000,512.3999,0.5124
2,1752.7691,1723.1251,1723125.0999,42,1.0-1722557-1724561,705.0000,1.0000,1,35,True,1722557.0000,1724561.0000,568.0999,0.5681
2,1752.9617,1723.3177,1723317.6999,42,1.0-1722557-1724561,705.0000,1.0000,1,35,True,1722557.0000,1724561.0000,760.6999,0.7607
2,1753.0713,1723.4273,1723427.2999,42,1.0-1722557-1724561,705.0000,1.0000,1,35,True,1722557.0000,1724561.0000,870.2999,0.8703
2,1753.2624,1723.6184,1723618.3999,42,1.0-1722557-1724561,705.0000,1.0000,1,35,True,1722557.0000,1724561.0000,1061.3999,1.0614
2,1753.3555,1723.7115,1723711.4999,42,1.0-1722557-1724561,705.0000,1.0000,1,35,True,1722557.0000,1724561.0000,1154.4999,1.1545
2,1753.4965,1723.8525,1723852.4999,42,1.0-1722557-1724561,705.0000,1.0000,1,35,True,1722557.0000,1724561.0000,1295.4999,1.2955
2,1753.5230,1723.8790,1723878.9999,42,1.0-1722557-1724561,705.0000,1.0000,1,35,True,1722557.0000,1724561.0000,1321.9999,1.3220
2,1753.5600,1723.9160,1723915.9999,42,1.0-1722557-1724561,705.0000,1.0000,1,35,True,1722557.0000,1724561.0000,1358.9999,1.3590
2,1753.5701,1723.9261,1723926.0999,42,1.0-1722557-1724561,705.0000,1.0000,1,35,True,1722557.0000,1724561.0000,1369.0999,1.3691
2,1753.6016,1723.9576,1723957.5999,42,1.0-1722557-1724561,705.0000,1.0000,1,35,True,1722557.0000,1724561.0000,1400.5999,1.4006
2,1753.6163,1723.9723,1723972.2999,42,1.0-1722557-1724561,705.0000,1.0000,1,35,True,1722557.0000,1724561.0000,1415.2999,1.4153
2,1753.7396,1724.0956,1724095.5999,42,1.0-1722557-1724561,705.0000,1.0000,1,35,True,1722557.0000,1724561.0000,1538.5999,1.5386
2,1753.8805,1724.2365,1724236.4999,42,1.0-1722557-1724561,705.0000,1.0000,1,35,True,1722557.0000,1724561.0000,1679.4999,1.6795
2,1753.9218,1724.2778,1724277.7999,42,1.0-1722557-1724561,705.0000,1.0000,1,35,True,1722557.0000,1724561.0000,1720.7999,1.7208
2,1753.9265,1724.2825,1724282.4999,42,1.0-1722557-1724561,705.0000,1.0000,1,35,True,1722557.0000,1724561.0000,1725.4999,1.7255
2,1754.0130,1724.3690,1724368.9999,42,1.0-1722557-1724561,705.0000,1.0000,1,35,True,1722557.0000,1724561.0000,1811.9999,1.8120
2,1754.0559,1724.4119,1724411.8999,42,1.0-1722557-1724561,705.0000,1.0000,1,35,True,1722557.0000,1724561.0000,1854.8999,1.8549
2,1754.0807,1724.4367,1724436.6999,42,1.0-1722557-1724561,705.0000,1.0000,1,35,True,1722557.0000,1724561.0000,1879.6999,1.8797
2,1068.5723,1038.9283,1038928.2999,43,1.0-1038878-1041750,444.0000,1.0000,1,36,True,1038878.0000,1041750.0000,50.2999,0.0503
2,1068.6769,1039.0329,1039032.8999,43,1.0-1038878-1041750,444.0000,1.0000,1,36,True,1038878.0000,1041750.0000,154.8999,0.1549
2,1068.8356,1039.1916,1039191.5999,43,1.0-1038878-1041750,444.0000,1.0000,1,36,True,1038878.0000,1041750.0000,313.5999,0.3136
2,1068.8786,1039.2346,1039234.5999,43,1.0-1038878-1041750,444.0000,1.0000,1,36,True,1038878.0000,1041750.0000,356.5999,0.3566
2,1068.9067,1039.2627,1039262.6999,43,1.0-1038878-1041750,444.0000,1.0000,1,36,True,1038878.0000,1041750.0000,384.6999,0.3847
2,1069.0141,1039.3701,1039370.0999,43,1.0-1038878-1041750,444.0000,1.0000,1,36,True,1038878.0000,1041750.0000,492.0999,0.4921
2,1069.0475,1039.4035,1039403.4999,43,1.0-1038878-1041750,444.0000,1.0000,1,36,True,1038878.0000,1041750.0000,525.4999,0.5255
2,1069.0748,1039.4308,1039430.7999,43,1.0-1038878-1041750,444.0000,1.0000,1,36,True,1038878.0000,1041750.0000,552.7999,0.5528
2,1069.0975,1039.4535,1039453.4999,43,1.0-1038878-1041750,444.0000,1.0000,1,36,True,1038878.0000,1041750.0000,575.4999,0.5755
2,1069.1698,1039.5258,1039525.7999,43,1.0-1038878-1041750,444.0000,1.0000,1,36,True,1038878.0000,1041750.0000,647.7999,0.6478
2,1069.2139,1039.5699,1039569.8999,43,1.0-1038878-1041750,444.0000,1.0000,1,36,True,1038878.0000,1041750.0000,691.8999,0.6919
2,1069.3028,1039.6588,1039658.7999,43,1.0-1038878-1041750,444.0000,1.0000,1,36,True,1038878.0000,1041750.0000,780.7999,0.7808
2,1069.3652,1039.7212,1039721.1999,43,1.0-1038878-1041750,444.0000,1.0000,1,36,True,1038878.0000,1041750.0000,843.1999,0.8432
2,1069.4989,1039.8549,1039854.8999,43,1.0-1038878-1041750,444.0000,1.0000,1,36,True,1038878.0000,1041750.0000,976.8999,0.9769
2,1069.5389,1039.8949,1039894.8999,43,1.0-1038878-1041750,444.0000,1.0000,1,36,True,1038878.0000,1041750.0000,1016.8999,1.0169
2,1069.5617,1039.9177,1039917.6999,43,1.0-1038878-1041750,444.0000,1.0000,1,36,True,1038878.0000,1041750.0000,1039.6999,1.0397
2,1069.6861,1040.0421,1040042.0999,43,1.0-1038878-1041750,444.0000,1.0000,1,36,True,1038878.0000,1041750.0000,1164.0999,1.1641
2,1069.7042,1040.0602,1040060.1999,43,1.0-1038878-1041750,444.0000,1.0000,1,36,True,1038878.0000,1041750.0000,1182.1999,1.1822
2,1069.7539,1040.1099,1040109.8999,43,1.0-1038878-1041750,444.0000,1.0000,1,36,True,1038878.0000,1041750.0000,1231.8999,1.2319
2,1069.8044,1040.1604,1040160.3999,43,1.0-1038878-1041750,444.0000,1.0000,1,36,True,1038878.0000,1041750.0000,1282.3999,1.2824
2,1069.8188,1040.1748,1040174.7999,43,1.0-1038878-1041750,444.0000,1.0000,1,36,True,1038878.0000,1041750.0000,1296.7999,1.2968
2,1069.8326,1040.1886,1040188.5999,43,1.0-1038878-1041750,444.0000,1.0000,1,36,True,1038878.0000,1041750.0000,1310.5999,1.3106
2,1069.9222,1040.2782,1040278.1999,43,1.0-1038878-1041750,444.0000,1.0000,1,36,True,1038878.0000,1041750.0000,1400.1999,1.4002
2,1069.9703,1040.3263,1040326.2999,43,1.0-1038878-1041750,444.0000,1.0000,1,36,True,1038878.0000,1041750.0000,1448.2999,1.4483
2,1069.9889,1040.3449,1040344.8999,43,1.0-1038878-1041750,444.0000,1.0000,1,36,True,1038878.0000,1041750.0000,1466.8999,1.4669
2,1070.0656,1040.4216,1040421.5999,43,1.0-1038878-1041750,444.0000,1.0000,1,36,True,1038878.0000,1041750.0000,1543.5999,1.5436
2,1070.1581,1040.5141,1040514.0999,43,1.0-1038878-1041750,444.0000,1.0000,1,36,True,1038878.0000,1041750.0000,1636.0999,1.6361
2,1070.1859,1040.5419,1040541.8999,43,1.0-1038878-1041750,444.0000,1.0000,1,36,True,1038878.0000,1041750.0000,1663.8999,1.6639
2,1070.2330,1040.5890,1040588.9999,43,1.0-1038878-1041750,444.0000,1.0000,1,36,True,1038878.0000,1041750.0000,1710.9999,1.7110
2,1070.3167,1040.6727,1040672.6999,43,1.0-1038878-1041750,444.0000,1.0000,1,36,True,1038878.0000,1041750.0000,1794.6999,1.7947
2,1070.4175,1040.7735,1040773.4999,43,1.0-1038878-1041750,444.0000,1.0000,1,36,True,1038878.0000,1041750.0000,1895.4999,1.8955
2,1070.4754,1040.8314,1040831.3999,43,1.0-1038878-1041750,444.0000,1.0000,1,36,True,1038878.0000,1041750.0000,1953.3999,1.9534
2,1070.5021,1040.8581,1040858.0999,43,1.0-1038878-1041750,444.0000,1.0000,1,36,True,1038878.0000,1041750.0000,1980.0999,1.9801
2,1070.6029,1040.9589,1040958.8999,43,1.0-1038878-1041750,444.0000,1.0000,1,36,True,1038878.0000,1041750.0000,2080.8999,2.0809
2,1070.7472,1041.1032,1041103.1999,43,1.0-1038878-1041750,444.0000,1.0000,1,36,True,1038878.0000,1041750.0000,2225.1999,2.2252
2,1070.7949,1041.1509,1041150.8999,43,1.0-1038878-1041750,444.0000,1.0000,1,36,True,1038878.0000,1041750.0000,2272.8999,2.2729
2,1070.8081,1041.1641,1041164.0999,43,1.0-1038878-1041750,444.0000,1.0000,1,36,True,1038878.0000,1041750.0000,2286.0999,2.2861
2,1070.9339,1041.2899,1041289.8999,43,1.0-1038878-1041750,444.0000,1.0000,1,36,True,1038878.0000,1041750.0000,2411.8999,2.4119
2,1070.9699,1041.3259,1041325.8999,43,1.0-1038878-1041750,444.0000,1.0000,1,36,True,1038878.0000,1041750.0000,2447.8999,2.4479
2,1071.0340,1041.3900,1041389.9999,43,1.0-1038878-1041750,444.0000,1.0000,1,36,True,1038878.0000,1041750.0000,2511.9999,2.5120
2,1071.0401,1041.3961,1041396.0999,43,1.0-1038878-1041750,444.0000,1.0000,1,36,True,1038878.0000,1041750.0000,2518.0999,2.5181
2,1071.0665,1041.4225,1041422.4999,43,1.0-1038878-1041750,444.0000,1.0000,1,36,True,1038878.0000,1041750.0000,2544.4999,2.5445
2,1071.1323,1041.4883,1041488.2999,43,1.0-1038878-1041750,444.0000,1.0000,1,36,True,1038878.0000,1041750.0000,2610.2999,2.6103
2,1071.2360,1041.5920,1041591.9999,43,1.0-1038878-1041750,444.0000,1.0000,1,36,True,1038878.0000,1041750.0000,2713.9999,2.7140
2,1071.3314,1041.6874,1041687.3999,43,1.0-1038878-1041750,444.0000,1.0000,1,36,True,1038878.0000,1041750.0000,2809.3999,2.8094
2,1071.3644,1041.7204,1041720.3999,43,1.0-1038878-1041750,444.0000,1.0000,1,36,True,1038878.0000,1041750.0000,2842.3999,2.8424
2,2112.4026,2082.7586,2082758.5999,44,1.0-2082732-2084937,867.0000,1.0000,1,37,True,2082732.0000,2084937.0000,26.5999,0.0266
2,2112.4350,2082.7910,2082790.9999,44,1.0-2082732-2084937,867.0000,1.0000,1,37,True,2082732.0000,2084937.0000,58.9999,0.0590
2,2112.5653,2082.9213,2082921.2999,44,1.0-2082732-2084937,867.0000,1.0000,1,37,True,2082732.0000,2084937.0000,189.2999,0.1893
2,2112.6363,2082.9923,2082992.2999,44,1.0-2082732-2084937,867.0000,1.0000,1,37,True,2082732.0000,2084937.0000,260.2999,0.2603
2,2112.8975,2083.2535,2083253.4999,44,1.0-2082732-2084937,867.0000,1.0000,1,37,True,2082732.0000,2084937.0000,521.4999,0.5215
2,2113.1096,2083.4656,2083465.5999,44,1.0-2082732-2084937,867.0000,1.0000,1,37,True,2082732.0000,2084937.0000,733.5999,0.7336
2,2113.3506,2083.7066,2083706.5999,44,1.0-2082732-2084937,867.0000,1.0000,1,37,True,2082732.0000,2084937.0000,974.5999,0.9746
2,2113.4472,2083.8032,2083803.1999,44,1.0-2082732-2084937,867.0000,1.0000,1,37,True,2082732.0000,2084937.0000,1071.1999,1.0712
2,2113.4923,2083.8483,2083848.2999,44,1.0-2082732-2084937,867.0000,1.0000,1,37,True,2082732.0000,2084937.0000,1116.2999,1.1163
2,2113.6602,2084.0162,2084016.1999,44,1.0-2082732-2084937,867.0000,1.0000,1,37,True,2082732.0000,2084937.0000,1284.1999,1.2842
2,2113.7992,2084.1552,2084155.1999,44,1.0-2082732-2084937,867.0000,1.0000,1,37,True,2082732.0000,2084937.0000,1423.1999,1.4232
2,2113.9154,2084.2714,2084271.3999,44,1.0-2082732-2084937,867.0000,1.0000,1,37,True,2082732.0000,2084937.0000,1539.3999,1.5394
2,2113.9884,2084.3444,2084344.3999,44,1.0-2082732-2084937,867.0000,1.0000,1,37,True,2082732.0000,2084937.0000,1612.3999,1.6124
2,2114.0243,2084.3803,2084380.2999,44,1.0-2082732-2084937,867.0000,1.0000,1,37,True,2082732.0000,2084937.0000,1648.2999,1.6483
2,2114.0322,2084.3882,2084388.1999,44,1.0-2082732-2084937,867.0000,1.0000,1,37,True,2082732.0000,2084937.0000,1656.1999,1.6562
2,2114.2601,2084.6161,2084616.0999,44,1.0-2082732-2084937,867.0000,1.0000,1,37,True,2082732.0000,2084937.0000,1884.0999,1.8841
2,2114.3142,2084.6702,2084670.1999,44,1.0-2082732-2084937,867.0000,1.0000,1,37,True,2082732.0000,2084937.0000,1938.1999,1.9382
2,2114.4187,2084.7747,2084774.6999,44,1.0-2082732-2084937,867.0000,1.0000,1,37,True,2082732.0000,2084937.0000,2042.6999,2.0427
2,2114.4476,2084.8036,2084803.5999,44,1.0-2082732-2084937,867.0000,1.0000,1,37,True,2082732.0000,2084937.0000,2071.5999,2.0716
2,2114.4704,2084.8264,2084826.3999,44,1.0-2082732-2084937,867.0000,1.0000,1,37,True,2082732.0000,2084937.0000,2094.3999,2.0944
2,2114.5063,2084.8623,2084862.2999,44,1.0-2082732-2084937,867.0000,1.0000,1,37,True,2082732.0000,2084937.0000,2130.2999,2.1303
2,452.3340,422.6900,422689.9999,45,1.0-422097-424669,230.0000,1.0000,1,38,True,422097.0000,424669.0000,592.9999,0.5930
2,452.3902,422.7462,422746.1999,45,1.0-422097-424669,230.0000,1.0000,1,38,True,422097.0000,424669.0000,649.1999,0.6492
2,452.4925,422.8485,422848.4999,45,1.0-422097-424669,230.0000,1.0000,1,38,True,422097.0000,424669.0000,751.4999,0.7515
2,452.8305,423.1865,423186.4999,45,1.0-422097-424669,230.0000,1.0000,1,38,True,422097.0000,424669.0000,1089.4999,1.0895
2,452.9082,423.2642,423264.1999,45,1.0-422097-424669,230.0000,1.0000,1,38,True,422097.0000,424669.0000,1167.1999,1.1672
2,452.9565,423.3125,423312.4999,45,1.0-422097-424669,230.0000,1.0000,1,38,True,422097.0000,424669.0000,1215.4999,1.2155
2,453.0075,423.3635,423363.4999,45,1.0-422097-424669,230.0000,1.0000,1,38,True,422097.0000,424669.0000,1266.4999,1.2665
2,453.0353,423.3913,423391.2999,45,1.0-422097-424669,230.0000,1.0000,1,38,True,422097.0000,424669.0000,1294.2999,1.2943
2,453.1825,423.5385,423538.4999,45,1.0-422097-424669,230.0000,1.0000,1,38,True,422097.0000,424669.0000,1441.4999,1.4415
2,453.3687,423.7247,423724.6999,45,1.0-422097-424669,230.0000,1.0000,1,38,True,422097.0000,424669.0000,1627.6999,1.6277
2,453.4440,423.8000,423799.9999,45,1.0-422097-424669,230.0000,1.0000,1,38,True,422097.0000,424669.0000,1702.9999,1.7030
2,453.6165,423.9725,423972.4999,45,1.0-422097-424669,230.0000,1.0000,1,38,True,422097.0000,424669.0000,1875.4999,1.8755
2,453.7516,424.1076,424107.5999,45,1.0-422097-424669,230.0000,1.0000,1,38,True,422097.0000,424669.0000,2010.5999,2.0106
2,453.8765,424.2325,424232.4999,45,1.0-422097-424669,230.0000,1.0000,1,38,True,422097.0000,424669.0000,2135.4999,2.1355
2,454.1335,424.4895,424489.4999,45,1.0-422097-424669,230.0000,1.0000,1,38,True,422097.0000,424669.0000,2392.4999,2.3925
2,1728.1075,1698.4635,1698463.4999,46,1.0-1698276-1701115,694.0000,1.0000,1,39,True,1698276.0000,1701115.0000,187.4999,0.1875
2,1728.1432,1698.4992,1698499.1999,46,1.0-1698276-1701115,694.0000,1.0000,1,39,True,1698276.0000,1701115.0000,223.1999,0.2232
2,1728.1725,1698.5285,1698528.4999,46,1.0-1698276-1701115,694.0000,1.0000,1,39,True,1698276.0000,1701115.0000,252.4999,0.2525
2,1728.4005,1698.7565,1698756.4999,46,1.0-1698276-1701115,694.0000,1.0000,1,39,True,1698276.0000,1701115.0000,480.4999,0.4805
2,1728.4435,1698.7995,1698799.4999,46,1.0-1698276-1701115,694.0000,1.0000,1,39,True,1698276.0000,1701115.0000,523.4999,0.5235
2,1728.4774,1698.8334,1698833.3999,46,1.0-1698276-1701115,694.0000,1.0000,1,39,True,1698276.0000,1701115.0000,557.3999,0.5574
2,1728.4976,1698.8536,1698853.5999,46,1.0-1698276-1701115,694.0000,1.0000,1,39,True,1698276.0000,1701115.0000,577.5999,0.5776
2,1728.5236,1698.8796,1698879.5999,46,1.0-1698276-1701115,694.0000,1.0000,1,39,True,1698276.0000,1701115.0000,603.5999,0.6036
2,1728.5849,1698.9409,1698940.8999,46,1.0-1698276-1701115,694.0000,1.0000,1,39,True,1698276.0000,1701115.0000,664.8999,0.6649
2,1728.6608,1699.0168,1699016.7999,46,1.0-1698276-1701115,694.0000,1.0000,1,39,True,1698276.0000,1701115.0000,740.7999,0.7408
2,1728.7891,1699.1451,1699145.0999,46,1.0-1698276-1701115,694.0000,1.0000,1,39,True,1698276.0000,1701115.0000,869.0999,0.8691
2,1728.8233,1699.1793,1699179.2999,46,1.0-1698276-1701115,694.0000,1.0000,1,39,True,1698276.0000,1701115.0000,903.2999,0.9033
2,1728.8974,1699.2534,1699253.3999,46,1.0-1698276-1701115,694.0000,1.0000,1,39,True,1698276.0000,1701115.0000,977.3999,0.9774
2,1728.9275,1699.2835,1699283.4999,46,1.0-1698276-1701115,694.0000,1.0000,1,39,True,1698276.0000,1701115.0000,1007.4999,1.0075
2,1728.9792,1699.3352,1699335.1999,46,1.0-1698276-1701115,694.0000,1.0000,1,39,True,1698276.0000,1701115.0000,1059.1999,1.0592
2,1729.0122,1699.3682,1699368.1999,46,1.0-1698276-1701115,694.0000,1.0000,1,39,True,1698276.0000,1701115.0000,1092.1999,1.0922
2,1729.0389,1699.3949,1699394.8999,46,1.0-1698276-1701115,694.0000,1.0000,1,39,True,1698276.0000,1701115.0000,1118.8999,1.1189
2,1729.0726,1699.4286,1699428.5999,46,1.0-1698276-1701115,694.0000,1.0000,1,39,True,1698276.0000,1701115.0000,1152.5999,1.1526
2,1729.1180,1699.4740,1699473.9999,46,1.0-1698276-1701115,694.0000,1.0000,1,39,True,1698276.0000,1701115.0000,1197.9999,1.1980
2,1729.1318,1699.4878,1699487.7999,46,1.0-1698276-1701115,694.0000,1.0000,1,39,True,1698276.0000,1701115.0000,1211.7999,1.2118
2,1729.3783,1699.7343,1699734.2999,46,1.0-1698276-1701115,694.0000,1.0000,1,39,True,1698276.0000,1701115.0000,1458.2999,1.4583
2,1729.4232,1699.7792,1699779.1999,46,1.0-1698276-1701115,694.0000,1.0000,1,39,True,1698276.0000,1701115.0000,1503.1999,1.5032
2,1729.4760,1699.8320,1699831.9999,46,1.0-1698276-1701115,694.0000,1.0000,1,39,True,1698276.0000,1701115.0000,1555.9999,1.5560
2,1729.6724,1700.0284,1700028.3999,46,1.0-1698276-1701115,694.0000,1.0000,1,39,True,1698276.0000,1701115.0000,1752.3999,1.7524
2,1729.7600,1700.1160,1700115.9999,46,1.0-1698276-1701115,694.0000,1.0000,1,39,True,1698276.0000,1701115.0000,1839.9999,1.8400
2,1729.8016,1700.1576,1700157.5999,46,1.0-1698276-1701115,694.0000,1.0000,1,39,True,1698276.0000,1701115.0000,1881.5999,1.8816
2,1729.9387,1700.2947,1700294.6999,46,1.0-1698276-1701115,694.0000,1.0000,1,39,True,1698276.0000,1701115.0000,2018.6999,2.0187
2,1730.0560,1700.4120,1700411.9999,46,1.0-1698276-1701115,694.0000,1.0000,1,39,True,1698276.0000,1701115.0000,2135.9999,2.1360
2,1730.1144,1700.4704,1700470.3999,46,1.0-1698276-1701115,694.0000,1.0000,1,39,True,1698276.0000,1701115.0000,2194.3999,2.1944
2,1730.1406,1700.4966,1700496.5999,46,1.0-1698276-1701115,694.0000,1.0000,1,39,True,1698276.0000,1701115.0000,2220.5999,2.2206
2,1730.1560,1700.5120,1700511.9999,46,1.0-1698276-1701115,694.0000,1.0000,1,39,True,1698276.0000,1701115.0000,2235.9999,2.2360
2,1730.1766,1700.5326,1700532.5999,46,1.0-1698276-1701115,694.0000,1.0000,1,39,True,1698276.0000,1701115.0000,2256.5999,2.2566
2,1730.1834,1700.5394,1700539.3999,46,1.0-1698276-1701115,694.0000,1.0000,1,39,True,1698276.0000,1701115.0000,2263.3999,2.2634
2,1730.1999,1700.5559,1700555.8999,46,1.0-1698276-1701115,694.0000,1.0000,1,39,True,1698276.0000,1701115.0000,2279.8999,2.2799
2,1730.2114,1700.5674,1700567.3999,46,1.0-1698276-1701115,694.0000,1.0000,1,39,True,1698276.0000,1701115.0000,2291.3999,2.2914
2,1730.2400,1700.5960,1700595.9999,46,1.0-1698276-1701115,694.0000,1.0000,1,39,True,1698276.0000,1701115.0000,2319.9999,2.3200
2,1730.2542,1700.6102,1700610.1999,46,1.0-1698276-1701115,694.0000,1.0000,1,39,True,1698276.0000,1701115.0000,2334.1999,2.3342
2,1730.3039,1700.6599,1700659.8999,46,1.0-1698276-1701115,694.0000,1.0000,1,39,True,1698276.0000,1701115.0000,2383.8999,2.3839
2,1730.3309,1700.6869,1700686.8999,46,1.0-1698276-1701115,694.0000,1.0000,1,39,True,1698276.0000,1701115.0000,2410.8999,2.4109
2,1730.3548,1700.7108,1700710.7999,46,1.0-1698276-1701115,694.0000,1.0000,1,39,True,1698276.0000,1701115.0000,2434.7999,2.4348
2,1730.3792,1700.7352,1700735.1999,46,1.0-1698276-1701115,694.0000,1.0000,1,39,True,1698276.0000,1701115.0000,2459.1999,2.4592
2,1730.4443,1700.8003,1700800.2999,46,1.0-1698276-1701115,694.0000,1.0000,1,39,True,1698276.0000,1701115.0000,2524.2999,2.5243
2,1730.4646,1700.8206,1700820.5999,46,1.0-1698276-1701115,694.0000,1.0000,1,39,True,1698276.0000,1701115.0000,2544.5999,2.5446
2,1730.4742,1700.8302,1700830.1999,46,1.0-1698276-1701115,694.0000,1.0000,1,39,True,1698276.0000,1701115.0000,2554.1999,2.5542
2,1730.4996,1700.8556,1700855.5999,46,1.0-1698276-1701115,694.0000,1.0000,1,39,True,1698276.0000,1701115.0000,2579.5999,2.5796
2,1730.5298,1700.8858,1700885.7999,46,1.0-1698276-1701115,694.0000,1.0000,1,39,True,1698276.0000,1701115.0000,2609.7999,2.6098
2,1730.5409,1700.8969,1700896.8999,46,1.0-1698276-1701115,694.0000,1.0000,1,39,True,1698276.0000,1701115.0000,2620.8999,2.6209
2,1714.6310,1684.9870,1684986.9999,47,1.0-1684916-1686386,688.0000,1.0000,1,40,True,1684916.0000,1686386.0000,70.9999,0.0710
2,1714.7072,1685.0632,1685063.1999,47,1.0-1684916-1686386,688.0000,1.0000,1,40,True,1684916.0000,1686386.0000,147.1999,0.1472
2,1714.7202,1685.0762,1685076.1999,47,1.0-1684916-1686386,688.0000,1.0000,1,40,True,1684916.0000,1686386.0000,160.1999,0.1602
2,1714.7473,1685.1033,1685103.2999,47,1.0-1684916-1686386,688.0000,1.0000,1,40,True,1684916.0000,1686386.0000,187.2999,0.1873
2,1714.7952,1685.1512,1685151.1999,47,1.0-1684916-1686386,688.0000,1.0000,1,40,True,1684916.0000,1686386.0000,235.1999,0.2352
2,1714.8750,1685.2310,1685230.9999,47,1.0-1684916-1686386,688.0000,1.0000,1,40,True,1684916.0000,1686386.0000,314.9999,0.3150
2,1714.8928,1685.2488,1685248.7999,47,1.0-1684916-1686386,688.0000,1.0000,1,40,True,1684916.0000,1686386.0000,332.7999,0.3328
2,1714.9614,1685.3174,1685317.3999,47,1.0-1684916-1686386,688.0000,1.0000,1,40,True,1684916.0000,1686386.0000,401.3999,0.4014
2,1715.0164,1685.3724,1685372.3999,47,1.0-1684916-1686386,688.0000,1.0000,1,40,True,1684916.0000,1686386.0000,456.3999,0.4564
2,1715.0739,1685.4299,1685429.8999,47,1.0-1684916-1686386,688.0000,1.0000,1,40,True,1684916.0000,1686386.0000,513.8999,0.5139
2,1715.1167,1685.4727,1685472.6999,47,1.0-1684916-1686386,688.0000,1.0000,1,40,True,1684916.0000,1686386.0000,556.6999,0.5567
2,1715.1534,1685.5094,1685509.3999,47,1.0-1684916-1686386,688.0000,1.0000,1,40,True,1684916.0000,1686386.0000,593.3999,0.5934
2,1715.2249,1685.5809,1685580.8999,47,1.0-1684916-1686386,688.0000,1.0000,1,40,True,1684916.0000,1686386.0000,664.8999,0.6649
2,1715.2493,1685.6053,1685605.2999,47,1.0-1684916-1686386,688.0000,1.0000,1,40,True,1684916.0000,1686386.0000,689.2999,0.6893
2,1715.2971,1685.6531,1685653.0999,47,1.0-1684916-1686386,688.0000,1.0000,1,40,True,1684916.0000,1686386.0000,737.0999,0.7371
2,1715.3252,1685.6812,1685681.1999,47,1.0-1684916-1686386,688.0000,1.0000,1,40,True,1684916.0000,1686386.0000,765.1999,0.7652
2,1715.5484,1685.9044,1685904.3999,47,1.0-1684916-1686386,688.0000,1.0000,1,40,True,1684916.0000,1686386.0000,988.3999,0.9884
2,1715.7341,1686.0901,1686090.0999,47,1.0-1684916-1686386,688.0000,1.0000,1,40,True,1684916.0000,1686386.0000,1174.0999,1.1741
2,1715.8518,1686.2078,1686207.7999,47,1.0-1684916-1686386,688.0000,1.0000,1,40,True,1684916.0000,1686386.0000,1291.7999,1.2918
2,1715.8725,1686.2285,1686228.4999,47,1.0-1684916-1686386,688.0000,1.0000,1,40,True,1684916.0000,1686386.0000,1312.4999,1.3125
2,1715.9139,1686.2699,1686269.8999,47,1.0-1684916-1686386,688.0000,1.0000,1,40,True,1684916.0000,1686386.0000,1353.8999,1.3539
2,2460.2629,2430.6189,2430618.8999,48,1.0-2430584-2432588,999.0000,1.0000,1,41,True,2430584.0000,2432588.0000,34.8999,0.0349
2,2460.4522,2430.8082,2430808.1999,48,1.0-2430584-2432588,999.0000,1.0000,1,41,True,2430584.0000,2432588.0000,224.1999,0.2242
2,2460.9119,2431.2679,2431267.8999,48,1.0-2430584-2432588,999.0000,1.0000,1,41,True,2430584.0000,2432588.0000,683.8999,0.6839
2,2460.9694,2431.3254,2431325.3999,48,1.0-2430584-2432588,999.0000,1.0000,1,41,True,2430584.0000,2432588.0000,741.3999,0.7414
2,2461.0929,2431.4489,2431448.8999,48,1.0-2430584-2432588,999.0000,1.0000,1,41,True,2430584.0000,2432588.0000,864.8999,0.8649
2,2461.1201,2431.4761,2431476.0999,48,1.0-2430584-2432588,999.0000,1.0000,1,41,True,2430584.0000,2432588.0000,892.0999,0.8921
2,2461.1357,2431.4917,2431491.6999,48,1.0-2430584-2432588,999.0000,1.0000,1,41,True,2430584.0000,2432588.0000,907.6999,0.9077
2,2461.1964,2431.5524,2431552.3999,48,1.0-2430584-2432588,999.0000,1.0000,1,41,True,2430584.0000,2432588.0000,968.3999,0.9684
2,2461.2259,2431.5819,2431581.8999,48,1.0-2430584-2432588,999.0000,1.0000,1,41,True,2430584.0000,2432588.0000,997.8999,0.9979
2,2461.3168,2431.6728,2431672.7999,48,1.0-2430584-2432588,999.0000,1.0000,1,41,True,2430584.0000,2432588.0000,1088.7999,1.0888
2,2461.3479,2431.7039,2431703.8999,48,1.0-2430584-2432588,999.0000,1.0000,1,41,True,2430584.0000,2432588.0000,1119.8999,1.1199
2,2461.3941,2431.7501,2431750.0999,48,1.0-2430584-2432588,999.0000,1.0000,1,41,True,2430584.0000,2432588.0000,1166.0999,1.1661
2,2461.4379,2431.7939,2431793.8999,48,1.0-2430584-2432588,999.0000,1.0000,1,41,True,2430584.0000,2432588.0000,1209.8999,1.2099
2,2461.4654,2431.8214,2431821.3999,48,1.0-2430584-2432588,999.0000,1.0000,1,41,True,2430584.0000,2432588.0000,1237.3999,1.2374
2,2461.5903,2431.9463,2431946.2999,48,1.0-2430584-2432588,999.0000,1.0000,1,41,True,2430584.0000,2432588.0000,1362.2999,1.3623
2,2461.6153,2431.9713,2431971.2999,48,1.0-2430584-2432588,999.0000,1.0000,1,41,True,2430584.0000,2432588.0000,1387.2999,1.3873
2,2461.7071,2432.0631,2432063.0999,48,1.0-2430584-2432588,999.0000,1.0000,1,41,True,2430584.0000,2432588.0000,1479.0999,1.4791
2,2461.8244,2432.1804,2432180.3999,48,1.0-2430584-2432588,999.0000,1.0000,1,41,True,2430584.0000,2432588.0000,1596.3999,1.5964
2,2461.8320,2432.1880,2432187.9999,48,1.0-2430584-2432588,999.0000,1.0000,1,41,True,2430584.0000,2432588.0000,1603.9999,1.6040
2,2461.8389,2432.1949,2432194.8999,48,1.0-2430584-2432588,999.0000,1.0000,1,41,True,2430584.0000,2432588.0000,1610.8999,1.6109
2,2461.9319,2432.2879,2432287.8999,48,1.0-2430584-2432588,999.0000,1.0000,1,41,True,2430584.0000,2432588.0000,1703.8999,1.7039
2,2461.9418,2432.2978,2432297.7999,48,1.0-2430584-2432588,999.0000,1.0000,1,41,True,2430584.0000,2432588.0000,1713.7999,1.7138
2,2461.9486,2432.3046,2432304.5999,48,1.0-2430584-2432588,999.0000,1.0000,1,41,True,2430584.0000,2432588.0000,1720.5999,1.7206
2,2461.9537,2432.3097,2432309.6999,48,1.0-2430584-2432588,999.0000,1.0000,1,41,True,2430584.0000,2432588.0000,1725.6999,1.7257
2,2462.0683,2432.4243,2432424.2999,48,1.0-2430584-2432588,999.0000,1.0000,1,41,True,2430584.0000,2432588.0000,1840.2999,1.8403
2,2462.1550,2432.5110,2432510.9999,48,1.0-2430584-2432588,999.0000,1.0000,1,41,True,2430584.0000,2432588.0000,1926.9999,1.9270
2,2462.1642,2432.5202,2432520.1999,48,1.0-2430584-2432588,999.0000,1.0000,1,41,True,2430584.0000,2432588.0000,1936.1999,1.9362
2,2462.2284,2432.5844,2432584.3999,48,1.0-2430584-2432588,999.0000,1.0000,1,41,True,2430584.0000,2432588.0000,2000.3999,2.0004
2,1902.8056,1873.1616,1873161.5999,49,1.0-1873120-1875257,783.0000,1.0000,1,42,True,1873120.0000,1875257.0000,41.5999,0.0416
2,1902.9032,1873.2592,1873259.1999,49,1.0-1873120-1875257,783.0000,1.0000,1,42,True,1873120.0000,1875257.0000,139.1999,0.1392
2,1903.1647,1873.5207,1873520.6999,49,1.0-1873120-1875257,783.0000,1.0000,1,42,True,1873120.0000,1875257.0000,400.6999,0.4007
2,1903.3882,1873.7442,1873744.1999,49,1.0-1873120-1875257,783.0000,1.0000,1,42,True,1873120.0000,1875257.0000,624.1999,0.6242
2,1903.8499,1874.2059,1874205.8999,49,1.0-1873120-1875257,783.0000,1.0000,1,42,True,1873120.0000,1875257.0000,1085.8999,1.0859
2,1903.8941,1874.2501,1874250.0999,49,1.0-1873120-1875257,783.0000,1.0000,1,42,True,1873120.0000,1875257.0000,1130.0999,1.1301
2,1904.4267,1874.7827,1874782.6999,49,1.0-1873120-1875257,783.0000,1.0000,1,42,True,1873120.0000,1875257.0000,1662.6999,1.6627
2,1904.8663,1875.2223,1875222.2999,49,1.0-1873120-1875257,783.0000,1.0000,1,42,True,1873120.0000,1875257.0000,2102.2999,2.1023
2,1775.2061,1745.5621,1745562.0999,50,1.0-1745469-1746304,716.0000,1.0000,0,67,True,1745469.0000,1746304.0000,93.0999,0.0931
2,1775.2930,1745.6490,1745648.9999,50,1.0-1745469-1746304,716.0000,1.0000,0,67,True,1745469.0000,1746304.0000,179.9999,0.1800
2,1775.5562,1745.9122,1745912.1999,50,1.0-1745469-1746304,716.0000,1.0000,0,67,True,1745469.0000,1746304.0000,443.1999,0.4432
2,1775.6163,1745.9723,1745972.2999,50,1.0-1745469-1746304,716.0000,1.0000,0,67,True,1745469.0000,1746304.0000,503.2999,0.5033
2,1775.7064,1746.0624,1746062.3999,50,1.0-1745469-1746304,716.0000,1.0000,0,67,True,1745469.0000,1746304.0000,593.3999,0.5934
2,1775.7236,1746.0796,1746079.5999,50,1.0-1745469-1746304,716.0000,1.0000,0,67,True,1745469.0000,1746304.0000,610.5999,0.6106
2,1775.7403,1746.0963,1746096.2999,50,1.0-1745469-1746304,716.0000,1.0000,0,67,True,1745469.0000,1746304.0000,627.2999,0.6273
2,1775.7958,1746.1518,1746151.7999,50,1.0-1745469-1746304,716.0000,1.0000,0,67,True,1745469.0000,1746304.0000,682.7999,0.6828
2,1775.8152,1746.1712,1746171.1999,50,1.0-1745469-1746304,716.0000,1.0000,0,67,True,1745469.0000,1746304.0000,702.1999,0.7022
2,1775.8544,1746.2104,1746210.3999,50,1.0-1745469-1746304,716.0000,1.0000,0,67,True,1745469.0000,1746304.0000,741.3999,0.7414
2,1775.9037,1746.2597,1746259.6999,50,1.0-1745469-1746304,716.0000,1.0000,0,67,True,1745469.0000,1746304.0000,790.6999,0.7907
2,1749.0772,1719.4332,1719433.1999,51,1.0-1718950-1721388,703.0000,1.0000,1,43,True,1718950.0000,1721388.0000,483.1999,0.4832
2,1749.1927,1719.5487,1719548.6999,51,1.0-1718950-1721388,703.0000,1.0000,1,43,True,1718950.0000,1721388.0000,598.6999,0.5987
2,1749.3085,1719.6645,1719664.4999,51,1.0-1718950-1721388,703.0000,1.0000,1,43,True,1718950.0000,1721388.0000,714.4999,0.7145
2,1749.5053,1719.8613,1719861.2999,51,1.0-1718950-1721388,703.0000,1.0000,1,43,True,1718950.0000,1721388.0000,911.2999,0.9113
2,1749.5371,1719.8931,1719893.0999,51,1.0-1718950-1721388,703.0000,1.0000,1,43,True,1718950.0000,1721388.0000,943.0999,0.9431
2,1749.5855,1719.9415,1719941.4999,51,1.0-1718950-1721388,703.0000,1.0000,1,43,True,1718950.0000,1721388.0000,991.4999,0.9915
2,1749.6303,1719.9863,1719986.2999,51,1.0-1718950-1721388,703.0000,1.0000,1,43,True,1718950.0000,1721388.0000,1036.2999,1.0363
2,1749.7286,1720.0846,1720084.5999,51,1.0-1718950-1721388,703.0000,1.0000,1,43,True,1718950.0000,1721388.0000,1134.5999,1.1346
2,1749.7752,1720.1312,1720131.1999,51,1.0-1718950-1721388,703.0000,1.0000,1,43,True,1718950.0000,1721388.0000,1181.1999,1.1812
2,1749.7861,1720.1421,1720142.0999,51,1.0-1718950-1721388,703.0000,1.0000,1,43,True,1718950.0000,1721388.0000,1192.0999,1.1921
2,1749.9041,1720.2601,1720260.0999,51,1.0-1718950-1721388,703.0000,1.0000,1,43,True,1718950.0000,1721388.0000,1310.0999,1.3101
2,1750.0001,1720.3561,1720356.0999,51,1.0-1718950-1721388,703.0000,1.0000,1,43,True,1718950.0000,1721388.0000,1406.0999,1.4061
2,1750.0477,1720.4037,1720403.6999,51,1.0-1718950-1721388,703.0000,1.0000,1,43,True,1718950.0000,1721388.0000,1453.6999,1.4537
2,1750.1397,1720.4957,1720495.6999,51,1.0-1718950-1721388,703.0000,1.0000,1,43,True,1718950.0000,1721388.0000,1545.6999,1.5457
2,1750.1977,1720.5537,1720553.6999,51,1.0-1718950-1721388,703.0000,1.0000,1,43,True,1718950.0000,1721388.0000,1603.6999,1.6037
2,1750.2833,1720.6393,1720639.2999,51,1.0-1718950-1721388,703.0000,1.0000,1,43,True,1718950.0000,1721388.0000,1689.2999,1.6893
2,1750.3645,1720.7205,1720720.4999,51,1.0-1718950-1721388,703.0000,1.0000,1,43,True,1718950.0000,1721388.0000,1770.4999,1.7705
2,1750.3793,1720.7353,1720735.2999,51,1.0-1718950-1721388,703.0000,1.0000,1,43,True,1718950.0000,1721388.0000,1785.2999,1.7853
2,1750.3867,1720.7427,1720742.6999,51,1.0-1718950-1721388,703.0000,1.0000,1,43,True,1718950.0000,1721388.0000,1792.6999,1.7927
2,1750.4551,1720.8111,1720811.0999,51,1.0-1718950-1721388,703.0000,1.0000,1,43,True,1718950.0000,1721388.0000,1861.0999,1.8611
2,1750.4792,1720.8352,1720835.1999,51,1.0-1718950-1721388,703.0000,1.0000,1,43,True,1718950.0000,1721388.0000,1885.1999,1.8852
2,1750.5366,1720.8926,1720892.5999,51,1.0-1718950-1721388,703.0000,1.0000,1,43,True,1718950.0000,1721388.0000,1942.5999,1.9426
2,1750.7413,1721.0973,1721097.2999,51,1.0-1718950-1721388,703.0000,1.0000,1,43,True,1718950.0000,1721388.0000,2147.2999,2.1473
2,1750.7487,1721.1047,1721104.6999,51,1.0-1718950-1721388,703.0000,1.0000,1,43,True,1718950.0000,1721388.0000,2154.6999,2.1547
2,1750.8601,1721.2161,1721216.0999,51,1.0-1718950-1721388,703.0000,1.0000,1,43,True,1718950.0000,1721388.0000,2266.0999,2.2661
2,1750.8778,1721.2338,1721233.7999,51,1.0-1718950-1721388,703.0000,1.0000,1,43,True,1718950.0000,1721388.0000,2283.7999,2.2838
2,1750.9143,1721.2703,1721270.2999,51,1.0-1718950-1721388,703.0000,1.0000,1,43,True,1718950.0000,1721388.0000,2320.2999,2.3203
2,1750.9397,1721.2957,1721295.6999,51,1.0-1718950-1721388,703.0000,1.0000,1,43,True,1718950.0000,1721388.0000,2345.6999,2.3457
2,1750.9565,1721.3125,1721312.4999,51,1.0-1718950-1721388,703.0000,1.0000,1,43,True,1718950.0000,1721388.0000,2362.4999,2.3625
2,1750.9873,1721.3433,1721343.2999,51,1.0-1718950-1721388,703.0000,1.0000,1,43,True,1718950.0000,1721388.0000,2393.2999,2.3933
2,1751.0099,1721.3659,1721365.8999,51,1.0-1718950-1721388,703.0000,1.0000,1,43,True,1718950.0000,1721388.0000,2415.8999,2.4159
2,214.1027,184.4587,184458.6999,52,1.0-184430-187335,109.0000,1.0000,1,44,True,184430.0000,187335.0000,28.6999,0.0287
2,214.1577,184.5137,184513.6999,52,1.0-184430-187335,109.0000,1.0000,1,44,True,184430.0000,187335.0000,83.6999,0.0837
2,214.2600,184.6160,184615.9999,52,1.0-184430-187335,109.0000,1.0000,1,44,True,184430.0000,187335.0000,185.9999,0.1860
2,214.4627,184.8187,184818.6999,52,1.0-184430-187335,109.0000,1.0000,1,44,True,184430.0000,187335.0000,388.6999,0.3887
2,214.6155,184.9715,184971.4999,52,1.0-184430-187335,109.0000,1.0000,1,44,True,184430.0000,187335.0000,541.4999,0.5415
2,214.7172,185.0732,185073.1999,52,1.0-184430-187335,109.0000,1.0000,1,44,True,184430.0000,187335.0000,643.1999,0.6432
2,214.7602,185.1162,185116.1999,52,1.0-184430-187335,109.0000,1.0000,1,44,True,184430.0000,187335.0000,686.1999,0.6862
2,214.9577,185.3137,185313.6999,52,1.0-184430-187335,109.0000,1.0000,1,44,True,184430.0000,187335.0000,883.6999,0.8837
2,214.9948,185.3508,185350.7999,52,1.0-184430-187335,109.0000,1.0000,1,44,True,184430.0000,187335.0000,920.7999,0.9208
2,215.0459,185.4019,185401.8999,52,1.0-184430-187335,109.0000,1.0000,1,44,True,184430.0000,187335.0000,971.8999,0.9719
2,215.1091,185.4651,185465.0999,52,1.0-184430-187335,109.0000,1.0000,1,44,True,184430.0000,187335.0000,1035.0999,1.0351
2,215.3035,185.6595,185659.4999,52,1.0-184430-187335,109.0000,1.0000,1,44,True,184430.0000,187335.0000,1229.4999,1.2295
2,215.3503,185.7063,185706.2999,52,1.0-184430-187335,109.0000,1.0000,1,44,True,184430.0000,187335.0000,1276.2999,1.2763
2,215.4157,185.7717,185771.6999,52,1.0-184430-187335,109.0000,1.0000,1,44,True,184430.0000,187335.0000,1341.6999,1.3417
2,215.5092,185.8652,185865.1999,52,1.0-184430-187335,109.0000,1.0000,1,44,True,184430.0000,187335.0000,1435.1999,1.4352
2,215.5224,185.8784,185878.3999,52,1.0-184430-187335,109.0000,1.0000,1,44,True,184430.0000,187335.0000,1448.3999,1.4484
2,215.7175,186.0735,186073.4999,52,1.0-184430-187335,109.0000,1.0000,1,44,True,184430.0000,187335.0000,1643.4999,1.6435
2,215.7421,186.0981,186098.0999,52,1.0-184430-187335,109.0000,1.0000,1,44,True,184430.0000,187335.0000,1668.0999,1.6681
2,215.9298,186.2858,186285.7999,52,1.0-184430-187335,109.0000,1.0000,1,44,True,184430.0000,187335.0000,1855.7999,1.8558
2,215.9392,186.2952,186295.1999,52,1.0-184430-187335,109.0000,1.0000,1,44,True,184430.0000,187335.0000,1865.1999,1.8652
2,215.9570,186.3130,186312.9999,52,1.0-184430-187335,109.0000,1.0000,1,44,True,184430.0000,187335.0000,1882.9999,1.8830
2,216.0321,186.3881,186388.0999,52,1.0-184430-187335,109.0000,1.0000,1,44,True,184430.0000,187335.0000,1958.0999,1.9581
2,216.1234,186.4794,186479.3999,52,1.0-184430-187335,109.0000,1.0000,1,44,True,184430.0000,187335.0000,2049.3999,2.0494
2,216.1686,186.5246,186524.5999,52,1.0-184430-187335,109.0000,1.0000,1,44,True,184430.0000,187335.0000,2094.5999,2.0946
2,216.4659,186.8219,186821.8999,52,1.0-184430-187335,109.0000,1.0000,1,44,True,184430.0000,187335.0000,2391.8999,2.3919
2,216.5858,186.9418,186941.7999,52,1.0-184430-187335,109.0000,1.0000,1,44,True,184430.0000,187335.0000,2511.7999,2.5118
2,216.6649,187.0209,187020.8999,52,1.0-184430-187335,109.0000,1.0000,1,44,True,184430.0000,187335.0000,2590.8999,2.5909
2,216.7153,187.0713,187071.2999,52,1.0-184430-187335,109.0000,1.0000,1,44,True,184430.0000,187335.0000,2641.2999,2.6413
2,216.7636,187.1196,187119.5999,52,1.0-184430-187335,109.0000,1.0000,1,44,True,184430.0000,187335.0000,2689.5999,2.6896
2,216.8064,187.1624,187162.3999,52,1.0-184430-187335,109.0000,1.0000,1,44,True,184430.0000,187335.0000,2732.3999,2.7324
2,216.8224,187.1784,187178.3999,52,1.0-184430-187335,109.0000,1.0000,1,44,True,184430.0000,187335.0000,2748.3999,2.7484
2,2442.5818,2412.9378,2412937.7999,53,1.0-2412682-2413851,990.0000,1.0000,0,68,True,2412682.0000,2413851.0000,255.7999,0.2558
2,2443.2742,2413.6302,2413630.1999,53,1.0-2412682-2413851,990.0000,1.0000,0,68,True,2412682.0000,2413851.0000,948.1999,0.9482
2,2068.6624,2039.0184,2039018.3999,54,1.0-2038779-2041518,848.0000,1.0000,1,45,True,2038779.0000,2041518.0000,239.3999,0.2394
2,2068.7833,2039.1393,2039139.2999,54,1.0-2038779-2041518,848.0000,1.0000,1,45,True,2038779.0000,2041518.0000,360.2999,0.3603
2,2068.8235,2039.1795,2039179.4999,54,1.0-2038779-2041518,848.0000,1.0000,1,45,True,2038779.0000,2041518.0000,400.4999,0.4005
2,2069.1742,2039.5302,2039530.1999,54,1.0-2038779-2041518,848.0000,1.0000,1,45,True,2038779.0000,2041518.0000,751.1999,0.7512
2,2069.2177,2039.5737,2039573.6999,54,1.0-2038779-2041518,848.0000,1.0000,1,45,True,2038779.0000,2041518.0000,794.6999,0.7947
2,2069.2489,2039.6049,2039604.8999,54,1.0-2038779-2041518,848.0000,1.0000,1,45,True,2038779.0000,2041518.0000,825.8999,0.8259
2,2069.3421,2039.6981,2039698.0999,54,1.0-2038779-2041518,848.0000,1.0000,1,45,True,2038779.0000,2041518.0000,919.0999,0.9191
2,2069.4095,2039.7655,2039765.4999,54,1.0-2038779-2041518,848.0000,1.0000,1,45,True,2038779.0000,2041518.0000,986.4999,0.9865
2,2069.4191,2039.7751,2039775.0999,54,1.0-2038779-2041518,848.0000,1.0000,1,45,True,2038779.0000,2041518.0000,996.0999,0.9961
2,2069.4375,2039.7935,2039793.4999,54,1.0-2038779-2041518,848.0000,1.0000,1,45,True,2038779.0000,2041518.0000,1014.4999,1.0145
2,2069.4645,2039.8205,2039820.4999,54,1.0-2038779-2041518,848.0000,1.0000,1,45,True,2038779.0000,2041518.0000,1041.4999,1.0415
2,2069.5212,2039.8772,2039877.1999,54,1.0-2038779-2041518,848.0000,1.0000,1,45,True,2038779.0000,2041518.0000,1098.1999,1.0982
2,2069.6080,2039.9640,2039963.9999,54,1.0-2038779-2041518,848.0000,1.0000,1,45,True,2038779.0000,2041518.0000,1184.9999,1.1850
2,2069.6355,2039.9915,2039991.4999,54,1.0-2038779-2041518,848.0000,1.0000,1,45,True,2038779.0000,2041518.0000,1212.4999,1.2125
2,2069.6555,2040.0115,2040011.4999,54,1.0-2038779-2041518,848.0000,1.0000,1,45,True,2038779.0000,2041518.0000,1232.4999,1.2325
2,2069.7187,2040.0747,2040074.6999,54,1.0-2038779-2041518,848.0000,1.0000,1,45,True,2038779.0000,2041518.0000,1295.6999,1.2957
2,2069.7594,2040.1154,2040115.3999,54,1.0-2038779-2041518,848.0000,1.0000,1,45,True,2038779.0000,2041518.0000,1336.3999,1.3364
2,2069.9616,2040.3176,2040317.5999,54,1.0-2038779-2041518,848.0000,1.0000,1,45,True,2038779.0000,2041518.0000,1538.5999,1.5386
2,2070.0730,2040.4290,2040428.9999,54,1.0-2038779-2041518,848.0000,1.0000,1,45,True,2038779.0000,2041518.0000,1649.9999,1.6500
2,2070.1566,2040.5126,2040512.5999,54,1.0-2038779-2041518,848.0000,1.0000,1,45,True,2038779.0000,2041518.0000,1733.5999,1.7336
2,2070.2275,2040.5835,2040583.4999,54,1.0-2038779-2041518,848.0000,1.0000,1,45,True,2038779.0000,2041518.0000,1804.4999,1.8045
2,2070.3188,2040.6748,2040674.7999,54,1.0-2038779-2041518,848.0000,1.0000,1,45,True,2038779.0000,2041518.0000,1895.7999,1.8958
2,2070.3734,2040.7294,2040729.3999,54,1.0-2038779-2041518,848.0000,1.0000,1,45,True,2038779.0000,2041518.0000,1950.3999,1.9504
2,2070.4277,2040.7837,2040783.6999,54,1.0-2038779-2041518,848.0000,1.0000,1,45,True,2038779.0000,2041518.0000,2004.6999,2.0047
2,2070.7738,2041.1298,2041129.7999,54,1.0-2038779-2041518,848.0000,1.0000,1,45,True,2038779.0000,2041518.0000,2350.7999,2.3508
2,2070.8136,2041.1696,2041169.5999,54,1.0-2038779-2041518,848.0000,1.0000,1,45,True,2038779.0000,2041518.0000,2390.5999,2.3906
2,2070.8974,2041.2534,2041253.3999,54,1.0-2038779-2041518,848.0000,1.0000,1,45,True,2038779.0000,2041518.0000,2474.3999,2.4744
2,165.4233,135.7793,135779.2999,55,1.0-135099-137938,79.0000,1.0000,1,46,True,135099.0000,137938.0000,680.2999,0.6803
2,165.4773,135.8333,135833.2999,55,1.0-135099-137938,79.0000,1.0000,1,46,True,135099.0000,137938.0000,734.2999,0.7343
2,165.5270,135.8830,135882.9999,55,1.0-135099-137938,79.0000,1.0000,1,46,True,135099.0000,137938.0000,783.9999,0.7840
2,165.6855,136.0415,136041.4999,55,1.0-135099-137938,79.0000,1.0000,1,46,True,135099.0000,137938.0000,942.4999,0.9425
2,165.8942,136.2502,136250.1999,55,1.0-135099-137938,79.0000,1.0000,1,46,True,135099.0000,137938.0000,1151.1999,1.1512
2,165.9743,136.3303,136330.2999,55,1.0-135099-137938,79.0000,1.0000,1,46,True,135099.0000,137938.0000,1231.2999,1.2313
2,166.4053,136.7613,136761.2999,55,1.0-135099-137938,79.0000,1.0000,1,46,True,135099.0000,137938.0000,1662.2999,1.6623
2,166.4250,136.7810,136780.9999,55,1.0-135099-137938,79.0000,1.0000,1,46,True,135099.0000,137938.0000,1681.9999,1.6820
2,166.4392,136.7952,136795.1999,55,1.0-135099-137938,79.0000,1.0000,1,46,True,135099.0000,137938.0000,1696.1999,1.6962
2,166.4934,136.8494,136849.3999,55,1.0-135099-137938,79.0000,1.0000,1,46,True,135099.0000,137938.0000,1750.3999,1.7504
2,166.7141,137.0701,137070.0999,55,1.0-135099-137938,79.0000,1.0000,1,46,True,135099.0000,137938.0000,1971.0999,1.9711
2,167.0814,137.4374,137437.3999,55,1.0-135099-137938,79.0000,1.0000,1,46,True,135099.0000,137938.0000,2338.3999,2.3384
2,167.1735,137.5295,137529.4999,55,1.0-135099-137938,79.0000,1.0000,1,46,True,135099.0000,137938.0000,2430.4999,2.4305
2,167.2642,137.6202,137620.1999,55,1.0-135099-137938,79.0000,1.0000,1,46,True,135099.0000,137938.0000,2521.1999,2.5212
2,167.3929,137.7489,137748.8999,55,1.0-135099-137938,79.0000,1.0000,1,46,True,135099.0000,137938.0000,2649.8999,2.6499
2,361.2924,331.6484,331648.3999,56,1.0-331419-334391,187.0000,1.0000,0,69,True,331419.0000,334391.0000,229.3999,0.2294
2,361.4179,331.7739,331773.8999,56,1.0-331419-334391,187.0000,1.0000,0,69,True,331419.0000,334391.0000,354.8999,0.3549
2,361.4670,331.8230,331822.9999,56,1.0-331419-334391,187.0000,1.0000,0,69,True,331419.0000,334391.0000,403.9999,0.4040
2,361.5409,331.8969,331896.8999,56,1.0-331419-334391,187.0000,1.0000,0,69,True,331419.0000,334391.0000,477.8999,0.4779
2,361.5875,331.9435,331943.4999,56,1.0-331419-334391,187.0000,1.0000,0,69,True,331419.0000,334391.0000,524.4999,0.5245
2,361.6666,332.0226,332022.5999,56,1.0-331419-334391,187.0000,1.0000,0,69,True,331419.0000,334391.0000,603.5999,0.6036
2,361.6841,332.0401,332040.0999,56,1.0-331419-334391,187.0000,1.0000,0,69,True,331419.0000,334391.0000,621.0999,0.6211
2,361.7874,332.1434,332143.3999,56,1.0-331419-334391,187.0000,1.0000,0,69,True,331419.0000,334391.0000,724.3999,0.7244
2,361.8979,332.2539,332253.8999,56,1.0-331419-334391,187.0000,1.0000,0,69,True,331419.0000,334391.0000,834.8999,0.8349
2,361.9292,332.2852,332285.1999,56,1.0-331419-334391,187.0000,1.0000,0,69,True,331419.0000,334391.0000,866.1999,0.8662
2,361.9591,332.3151,332315.0999,56,1.0-331419-334391,187.0000,1.0000,0,69,True,331419.0000,334391.0000,896.0999,0.8961
2,362.0037,332.3597,332359.6999,56,1.0-331419-334391,187.0000,1.0000,0,69,True,331419.0000,334391.0000,940.6999,0.9407
2,362.1391,332.4951,332495.0999,56,1.0-331419-334391,187.0000,1.0000,0,69,True,331419.0000,334391.0000,1076.0999,1.0761
2,362.2018,332.5578,332557.7999,56,1.0-331419-334391,187.0000,1.0000,0,69,True,331419.0000,334391.0000,1138.7999,1.1388
2,362.2682,332.6242,332624.1999,56,1.0-331419-334391,187.0000,1.0000,0,69,True,331419.0000,334391.0000,1205.1999,1.2052
2,362.3957,332.7517,332751.6999,56,1.0-331419-334391,187.0000,1.0000,0,69,True,331419.0000,334391.0000,1332.6999,1.3327
2,362.4450,332.8010,332800.9999,56,1.0-331419-334391,187.0000,1.0000,0,69,True,331419.0000,334391.0000,1381.9999,1.3820
2,362.7910,333.1470,333146.9999,56,1.0-331419-334391,187.0000,1.0000,0,69,True,331419.0000,334391.0000,1727.9999,1.7280
2,362.9029,333.2589,333258.8999,56,1.0-331419-334391,187.0000,1.0000,0,69,True,331419.0000,334391.0000,1839.8999,1.8399
2,363.1141,333.4701,333470.0999,56,1.0-331419-334391,187.0000,1.0000,0,69,True,331419.0000,334391.0000,2051.0999,2.0511
2,363.2264,333.5824,333582.3999,56,1.0-331419-334391,187.0000,1.0000,0,69,True,331419.0000,334391.0000,2163.3999,2.1634
2,363.4961,333.8521,333852.0999,56,1.0-331419-334391,187.0000,1.0000,0,69,True,331419.0000,334391.0000,2433.0999,2.4331
2,363.5757,333.9317,333931.6999,56,1.0-331419-334391,187.0000,1.0000,0,69,True,331419.0000,334391.0000,2512.6999,2.5127
2,363.6698,334.0258,334025.7999,56,1.0-331419-334391,187.0000,1.0000,0,69,True,331419.0000,334391.0000,2606.7999,2.6068
2,363.8134,334.1694,334169.3999,56,1.0-331419-334391,187.0000,1.0000,0,69,True,331419.0000,334391.0000,2750.3999,2.7504
2,67.2567,37.6127,37612.6999,57,1.0-37607-38710,19.0000,1.0000,1,47,True,37607.0000,38710.0000,5.6999,0.0057
2,67.4979,37.8539,37853.8999,57,1.0-37607-38710,19.0000,1.0000,1,47,True,37607.0000,38710.0000,246.8999,0.2469
2,67.5661,37.9221,37922.0999,57,1.0-37607-38710,19.0000,1.0000,1,47,True,37607.0000,38710.0000,315.0999,0.3151
2,67.6880,38.0440,38043.9999,57,1.0-37607-38710,19.0000,1.0000,1,47,True,37607.0000,38710.0000,436.9999,0.4370
2,67.7388,38.0948,38094.7999,57,1.0-37607-38710,19.0000,1.0000,1,47,True,37607.0000,38710.0000,487.7999,0.4878
2,67.7774,38.1334,38133.3999,57,1.0-37607-38710,19.0000,1.0000,1,47,True,37607.0000,38710.0000,526.3999,0.5264
2,67.8034,38.1594,38159.3999,57,1.0-37607-38710,19.0000,1.0000,1,47,True,37607.0000,38710.0000,552.3999,0.5524
2,67.8362,38.1922,38192.1999,57,1.0-37607-38710,19.0000,1.0000,1,47,True,37607.0000,38710.0000,585.1999,0.5852
2,67.9508,38.3068,38306.7999,57,1.0-37607-38710,19.0000,1.0000,1,47,True,37607.0000,38710.0000,699.7999,0.6998
2,68.1347,38.4907,38490.6999,57,1.0-37607-38710,19.0000,1.0000,1,47,True,37607.0000,38710.0000,883.6999,0.8837
2,68.2639,38.6199,38619.8999,57,1.0-37607-38710,19.0000,1.0000,1,47,True,37607.0000,38710.0000,1012.8999,1.0129
2,2422.1759,2392.5319,2392531.8999,58,1.0-2392509-2395515,981.0000,1.0000,0,70,True,2392509.0000,2395515.0000,22.8999,0.0229
2,2422.3831,2392.7391,2392739.0999,58,1.0-2392509-2395515,981.0000,1.0000,0,70,True,2392509.0000,2395515.0000,230.0999,0.2301
2,2422.4484,2392.8044,2392804.3999,58,1.0-2392509-2395515,981.0000,1.0000,0,70,True,2392509.0000,2395515.0000,295.3999,0.2954
2,2422.4685,2392.8245,2392824.4999,58,1.0-2392509-2395515,981.0000,1.0000,0,70,True,2392509.0000,2395515.0000,315.4999,0.3155
2,2422.5177,2392.8737,2392873.6999,58,1.0-2392509-2395515,981.0000,1.0000,0,70,True,2392509.0000,2395515.0000,364.6999,0.3647
2,2422.8181,2393.1741,2393174.0999,58,1.0-2392509-2395515,981.0000,1.0000,0,70,True,2392509.0000,2395515.0000,665.0999,0.6651
2,2422.8434,2393.1994,2393199.3999,58,1.0-2392509-2395515,981.0000,1.0000,0,70,True,2392509.0000,2395515.0000,690.3999,0.6904
2,2422.8909,2393.2469,2393246.8999,58,1.0-2392509-2395515,981.0000,1.0000,0,70,True,2392509.0000,2395515.0000,737.8999,0.7379
2,2422.9403,2393.2963,2393296.2999,58,1.0-2392509-2395515,981.0000,1.0000,0,70,True,2392509.0000,2395515.0000,787.2999,0.7873
2,2423.0007,2393.3567,2393356.6999,58,1.0-2392509-2395515,981.0000,1.0000,0,70,True,2392509.0000,2395515.0000,847.6999,0.8477
2,2423.3224,2393.6784,2393678.3999,58,1.0-2392509-2395515,981.0000,1.0000,0,70,True,2392509.0000,2395515.0000,1169.3999,1.1694
2,2423.3759,2393.7319,2393731.8999,58,1.0-2392509-2395515,981.0000,1.0000,0,70,True,2392509.0000,2395515.0000,1222.8999,1.2229
2,2423.4515,2393.8075,2393807.4999,58,1.0-2392509-2395515,981.0000,1.0000,0,70,True,2392509.0000,2395515.0000,1298.4999,1.2985
2,2423.7051,2394.0611,2394061.0999,58,1.0-2392509-2395515,981.0000,1.0000,0,70,True,2392509.0000,2395515.0000,1552.0999,1.5521
2,2424.0607,2394.4167,2394416.6999,58,1.0-2392509-2395515,981.0000,1.0000,0,70,True,2392509.0000,2395515.0000,1907.6999,1.9077
2,2424.0958,2394.4518,2394451.7999,58,1.0-2392509-2395515,981.0000,1.0000,0,70,True,2392509.0000,2395515.0000,1942.7999,1.9428
2,2424.1488,2394.5048,2394504.7999,58,1.0-2392509-2395515,981.0000,1.0000,0,70,True,2392509.0000,2395515.0000,1995.7999,1.9958
2,2424.2216,2394.5776,2394577.5999,58,1.0-2392509-2395515,981.0000,1.0000,0,70,True,2392509.0000,2395515.0000,2068.5999,2.0686
2,2424.3550,2394.7110,2394710.9999,58,1.0-2392509-2395515,981.0000,1.0000,0,70,True,2392509.0000,2395515.0000,2201.9999,2.2020
2,2424.5432,2394.8992,2394899.1999,58,1.0-2392509-2395515,981.0000,1.0000,0,70,True,2392509.0000,2395515.0000,2390.1999,2.3902
2,2424.5874,2394.9434,2394943.3999,58,1.0-2392509-2395515,981.0000,1.0000,0,70,True,2392509.0000,2395515.0000,2434.3999,2.4344
2,2424.6426,2394.9986,2394998.5999,58,1.0-2392509-2395515,981.0000,1.0000,0,70,True,2392509.0000,2395515.0000,2489.5999,2.4896
2,2424.6711,2395.0271,2395027.0999,58,1.0-2392509-2395515,981.0000,1.0000,0,70,True,2392509.0000,2395515.0000,2518.0999,2.5181
2,2424.7077,2395.0637,2395063.6999,58,1.0-2392509-2395515,981.0000,1.0000,0,70,True,2392509.0000,2395515.0000,2554.6999,2.5547
2,2424.7324,2395.0884,2395088.3999,58,1.0-2392509-2395515,981.0000,1.0000,0,70,True,2392509.0000,2395515.0000,2579.3999,2.5794
2,2424.8491,2395.2051,2395205.0999,58,1.0-2392509-2395515,981.0000,1.0000,0,70,True,2392509.0000,2395515.0000,2696.0999,2.6961
2,2424.9185,2395.2745,2395274.4999,58,1.0-2392509-2395515,981.0000,1.0000,0,70,True,2392509.0000,2395515.0000,2765.4999,2.7655
2,2425.0075,2395.3635,2395363.4999,58,1.0-2392509-2395515,981.0000,1.0000,0,70,True,2392509.0000,2395515.0000,2854.4999,2.8545
2,1224.9449,1195.3009,1195300.8999,59,1.0-1195286-1197991,492.0000,1.0000,1,48,True,1195286.0000,1197991.0000,14.8999,0.0149
2,1224.9522,1195.3082,1195308.1999,59,1.0-1195286-1197991,492.0000,1.0000,1,48,True,1195286.0000,1197991.0000,22.1999,0.0222
2,1224.9968,1195.3528,1195352.7999,59,1.0-1195286-1197991,492.0000,1.0000,1,48,True,1195286.0000,1197991.0000,66.7999,0.0668
2,1225.1086,1195.4646,1195464.5999,59,1.0-1195286-1197991,492.0000,1.0000,1,48,True,1195286.0000,1197991.0000,178.5999,0.1786
2,1225.1626,1195.5186,1195518.5999,59,1.0-1195286-1197991,492.0000,1.0000,1,48,True,1195286.0000,1197991.0000,232.5999,0.2326
2,1225.2133,1195.5693,1195569.2999,59,1.0-1195286-1197991,492.0000,1.0000,1,48,True,1195286.0000,1197991.0000,283.2999,0.2833
2,1225.2404,1195.5964,1195596.3999,59,1.0-1195286-1197991,492.0000,1.0000,1,48,True,1195286.0000,1197991.0000,310.3999,0.3104
2,1225.2714,1195.6274,1195627.3999,59,1.0-1195286-1197991,492.0000,1.0000,1,48,True,1195286.0000,1197991.0000,341.3999,0.3414
2,1225.2866,1195.6426,1195642.5999,59,1.0-1195286-1197991,492.0000,1.0000,1,48,True,1195286.0000,1197991.0000,356.5999,0.3566
2,1225.3286,1195.6846,1195684.5999,59,1.0-1195286-1197991,492.0000,1.0000,1,48,True,1195286.0000,1197991.0000,398.5999,0.3986
2,1225.3659,1195.7219,1195721.8999,59,1.0-1195286-1197991,492.0000,1.0000,1,48,True,1195286.0000,1197991.0000,435.8999,0.4359
2,1225.3915,1195.7475,1195747.4999,59,1.0-1195286-1197991,492.0000,1.0000,1,48,True,1195286.0000,1197991.0000,461.4999,0.4615
2,1225.4476,1195.8036,1195803.5999,59,1.0-1195286-1197991,492.0000,1.0000,1,48,True,1195286.0000,1197991.0000,517.5999,0.5176
2,1225.4699,1195.8259,1195825.8999,59,1.0-1195286-1197991,492.0000,1.0000,1,48,True,1195286.0000,1197991.0000,539.8999,0.5399
2,1225.4811,1195.8371,1195837.0999,59,1.0-1195286-1197991,492.0000,1.0000,1,48,True,1195286.0000,1197991.0000,551.0999,0.5511
2,1225.4939,1195.8499,1195849.8999,59,1.0-1195286-1197991,492.0000,1.0000,1,48,True,1195286.0000,1197991.0000,563.8999,0.5639
2,1225.5309,1195.8869,1195886.8999,59,1.0-1195286-1197991,492.0000,1.0000,1,48,True,1195286.0000,1197991.0000,600.8999,0.6009
2,1225.5481,1195.9041,1195904.0999,59,1.0-1195286-1197991,492.0000,1.0000,1,48,True,1195286.0000,1197991.0000,618.0999,0.6181
2,1225.6196,1195.9756,1195975.5999,59,1.0-1195286-1197991,492.0000,1.0000,1,48,True,1195286.0000,1197991.0000,689.5999,0.6896
2,1225.6604,1196.0164,1196016.3999,59,1.0-1195286-1197991,492.0000,1.0000,1,48,True,1195286.0000,1197991.0000,730.3999,0.7304
2,1225.7039,1196.0599,1196059.8999,59,1.0-1195286-1197991,492.0000,1.0000,1,48,True,1195286.0000,1197991.0000,773.8999,0.7739
2,1225.7511,1196.1071,1196107.0999,59,1.0-1195286-1197991,492.0000,1.0000,1,48,True,1195286.0000,1197991.0000,821.0999,0.8211
2,1225.8111,1196.1671,1196167.0999,59,1.0-1195286-1197991,492.0000,1.0000,1,48,True,1195286.0000,1197991.0000,881.0999,0.8811
2,1225.8268,1196.1828,1196182.7999,59,1.0-1195286-1197991,492.0000,1.0000,1,48,True,1195286.0000,1197991.0000,896.7999,0.8968
2,1225.8364,1196.1924,1196192.3999,59,1.0-1195286-1197991,492.0000,1.0000,1,48,True,1195286.0000,1197991.0000,906.3999,0.9064
2,1225.8681,1196.2241,1196224.0999,59,1.0-1195286-1197991,492.0000,1.0000,1,48,True,1195286.0000,1197991.0000,938.0999,0.9381
2,1225.9344,1196.2904,1196290.3999,59,1.0-1195286-1197991,492.0000,1.0000,1,48,True,1195286.0000,1197991.0000,1004.3999,1.0044
2,1225.9724,1196.3284,1196328.3999,59,1.0-1195286-1197991,492.0000,1.0000,1,48,True,1195286.0000,1197991.0000,1042.3999,1.0424
2,1226.0420,1196.3980,1196397.9999,59,1.0-1195286-1197991,492.0000,1.0000,1,48,True,1195286.0000,1197991.0000,1111.9999,1.1120
2,1226.0928,1196.4488,1196448.7999,59,1.0-1195286-1197991,492.0000,1.0000,1,48,True,1195286.0000,1197991.0000,1162.7999,1.1628
2,1226.1328,1196.4888,1196488.7999,59,1.0-1195286-1197991,492.0000,1.0000,1,48,True,1195286.0000,1197991.0000,1202.7999,1.2028
2,1226.1645,1196.5205,1196520.4999,59,1.0-1195286-1197991,492.0000,1.0000,1,48,True,1195286.0000,1197991.0000,1234.4999,1.2345
2,1226.2417,1196.5977,1196597.6999,59,1.0-1195286-1197991,492.0000,1.0000,1,48,True,1195286.0000,1197991.0000,1311.6999,1.3117
2,1226.3212,1196.6772,1196677.1999,59,1.0-1195286-1197991,492.0000,1.0000,1,48,True,1195286.0000,1197991.0000,1391.1999,1.3912
2,1226.3397,1196.6957,1196695.6999,59,1.0-1195286-1197991,492.0000,1.0000,1,48,True,1195286.0000,1197991.0000,1409.6999,1.4097
2,1226.3663,1196.7223,1196722.2999,59,1.0-1195286-1197991,492.0000,1.0000,1,48,True,1195286.0000,1197991.0000,1436.2999,1.4363
2,1226.4037,1196.7597,1196759.6999,59,1.0-1195286-1197991,492.0000,1.0000,1,48,True,1195286.0000,1197991.0000,1473.6999,1.4737
2,1226.5657,1196.9217,1196921.6999,59,1.0-1195286-1197991,492.0000,1.0000,1,48,True,1195286.0000,1197991.0000,1635.6999,1.6357
2,1226.6297,1196.9857,1196985.6999,59,1.0-1195286-1197991,492.0000,1.0000,1,48,True,1195286.0000,1197991.0000,1699.6999,1.6997
2,1226.6993,1197.0553,1197055.2999,59,1.0-1195286-1197991,492.0000,1.0000,1,48,True,1195286.0000,1197991.0000,1769.2999,1.7693
2,1226.7201,1197.0761,1197076.0999,59,1.0-1195286-1197991,492.0000,1.0000,1,48,True,1195286.0000,1197991.0000,1790.0999,1.7901
2,1226.7788,1197.1348,1197134.7999,59,1.0-1195286-1197991,492.0000,1.0000,1,48,True,1195286.0000,1197991.0000,1848.7999,1.8488
2,1226.7977,1197.1537,1197153.6999,59,1.0-1195286-1197991,492.0000,1.0000,1,48,True,1195286.0000,1197991.0000,1867.6999,1.8677
2,1227.1124,1197.4684,1197468.3999,59,1.0-1195286-1197991,492.0000,1.0000,1,48,True,1195286.0000,1197991.0000,2182.3999,2.1824
2,1227.1606,1197.5166,1197516.5999,59,1.0-1195286-1197991,492.0000,1.0000,1,48,True,1195286.0000,1197991.0000,2230.5999,2.2306
2,1227.2775,1197.6335,1197633.4999,59,1.0-1195286-1197991,492.0000,1.0000,1,48,True,1195286.0000,1197991.0000,2347.4999,2.3475
2,1227.3915,1197.7475,1197747.4999,59,1.0-1195286-1197991,492.0000,1.0000,1,48,True,1195286.0000,1197991.0000,2461.4999,2.4615
2,1227.4181,1197.7741,1197774.0999,59,1.0-1195286-1197991,492.0000,1.0000,1,48,True,1195286.0000,1197991.0000,2488.0999,2.4881
2,1227.4731,1197.8291,1197829.0999,59,1.0-1195286-1197991,492.0000,1.0000,1,48,True,1195286.0000,1197991.0000,2543.0999,2.5431
2,1227.5242,1197.8802,1197880.1999,59,1.0-1195286-1197991,492.0000,1.0000,1,48,True,1195286.0000,1197991.0000,2594.1999,2.5942
2,1227.5435,1197.8995,1197899.4999,59,1.0-1195286-1197991,492.0000,1.0000,1,48,True,1195286.0000,1197991.0000,2613.4999,2.6135
2,1227.5940,1197.9500,1197949.9999,59,1.0-1195286-1197991,492.0000,1.0000,1,48,True,1195286.0000,1197991.0000,2663.9999,2.6640
2,2264.1011,2234.4571,2234457.0999,60,1.0-2234331-2235733,922.0000,1.0000,1,49,True,2234331.0000,2235733.0000,126.0999,0.1261
2,2264.1302,2234.4862,2234486.1999,60,1.0-2234331-2235733,922.0000,1.0000,1,49,True,2234331.0000,2235733.0000,155.1999,0.1552
2,2264.1961,2234.5521,2234552.0999,60,1.0-2234331-2235733,922.0000,1.0000,1,49,True,2234331.0000,2235733.0000,221.0999,0.2211
2,2264.2385,2234.5945,2234594.4999,60,1.0-2234331-2235733,922.0000,1.0000,1,49,True,2234331.0000,2235733.0000,263.4999,0.2635
2,2264.3320,2234.6880,2234687.9999,60,1.0-2234331-2235733,922.0000,1.0000,1,49,True,2234331.0000,2235733.0000,356.9999,0.3570
2,2264.3848,2234.7408,2234740.7999,60,1.0-2234331-2235733,922.0000,1.0000,1,49,True,2234331.0000,2235733.0000,409.7999,0.4098
2,2264.4287,2234.7847,2234784.6999,60,1.0-2234331-2235733,922.0000,1.0000,1,49,True,2234331.0000,2235733.0000,453.6999,0.4537
2,2264.5071,2234.8631,2234863.0999,60,1.0-2234331-2235733,922.0000,1.0000,1,49,True,2234331.0000,2235733.0000,532.0999,0.5321
2,2264.5969,2234.9529,2234952.8999,60,1.0-2234331-2235733,922.0000,1.0000,1,49,True,2234331.0000,2235733.0000,621.8999,0.6219
2,2264.6209,2234.9769,2234976.8999,60,1.0-2234331-2235733,922.0000,1.0000,1,49,True,2234331.0000,2235733.0000,645.8999,0.6459
2,2264.6607,2235.0167,2235016.6999,60,1.0-2234331-2235733,922.0000,1.0000,1,49,True,2234331.0000,2235733.0000,685.6999,0.6857
2,2264.7349,2235.0909,2235090.8999,60,1.0-2234331-2235733,922.0000,1.0000,1,49,True,2234331.0000,2235733.0000,759.8999,0.7599
2,2264.9482,2235.3042,2235304.1999,60,1.0-2234331-2235733,922.0000,1.0000,1,49,True,2234331.0000,2235733.0000,973.1999,0.9732
2,2265.1804,2235.5364,2235536.3999,60,1.0-2234331-2235733,922.0000,1.0000,1,49,True,2234331.0000,2235733.0000,1205.3999,1.2054
2,1668.9765,1639.3325,1639332.4999,61,1.0-1639326-1642332,666.0000,1.0000,1,50,True,1639326.0000,1642332.0000,6.4999,0.0065
2,1669.0739,1639.4299,1639429.8999,61,1.0-1639326-1642332,666.0000,1.0000,1,50,True,1639326.0000,1642332.0000,103.8999,0.1039
2,1669.9338,1640.2898,1640289.7999,61,1.0-1639326-1642332,666.0000,1.0000,1,50,True,1639326.0000,1642332.0000,963.7999,0.9638
2,1669.9516,1640.3076,1640307.5999,61,1.0-1639326-1642332,666.0000,1.0000,1,50,True,1639326.0000,1642332.0000,981.5999,0.9816
2,1669.9816,1640.3376,1640337.5999,61,1.0-1639326-1642332,666.0000,1.0000,1,50,True,1639326.0000,1642332.0000,1011.5999,1.0116
2,1670.1186,1640.4746,1640474.5999,61,1.0-1639326-1642332,666.0000,1.0000,1,50,True,1639326.0000,1642332.0000,1148.5999,1.1486
2,1670.7554,1641.1114,1641111.3999,61,1.0-1639326-1642332,666.0000,1.0000,1,50,True,1639326.0000,1642332.0000,1785.3999,1.7854
2,1671.0347,1641.3907,1641390.6999,61,1.0-1639326-1642332,666.0000,1.0000,1,50,True,1639326.0000,1642332.0000,2064.6999,2.0647
2,1671.2486,1641.6046,1641604.5999,61,1.0-1639326-1642332,666.0000,1.0000,1,50,True,1639326.0000,1642332.0000,2278.5999,2.2786
2,1671.4457,1641.8017,1641801.6999,61,1.0-1639326-1642332,666.0000,1.0000,1,50,True,1639326.0000,1642332.0000,2475.6999,2.4757
2,1671.5106,1641.8666,1641866.5999,61,1.0-1639326-1642332,666.0000,1.0000,1,50,True,1639326.0000,1642332.0000,2540.5999,2.5406
2,1671.6066,1641.9626,1641962.5999,61,1.0-1639326-1642332,666.0000,1.0000,1,50,True,1639326.0000,1642332.0000,2636.5999,2.6366
2,1671.8188,1642.1748,1642174.7999,61,1.0-1639326-1642332,666.0000,1.0000,1,50,True,1639326.0000,1642332.0000,2848.7999,2.8488
2,553.5597,523.9157,523915.6999,62,1.0-523430-525434,267.0000,1.0000,1,51,True,523430.0000,525434.0000,485.6999,0.4857
2,553.5835,523.9395,523939.4999,62,1.0-523430-525434,267.0000,1.0000,1,51,True,523430.0000,525434.0000,509.4999,0.5095
2,554.2216,524.5776,524577.5999,62,1.0-523430-525434,267.0000,1.0000,1,51,True,523430.0000,525434.0000,1147.5999,1.1476
2,554.3122,524.6682,524668.1999,62,1.0-523430-525434,267.0000,1.0000,1,51,True,523430.0000,525434.0000,1238.1999,1.2382
2,554.7287,525.0847,525084.6999,62,1.0-523430-525434,267.0000,1.0000,1,51,True,523430.0000,525434.0000,1654.6999,1.6547
2,554.8410,525.1970,525196.9999,62,1.0-523430-525434,267.0000,1.0000,1,51,True,523430.0000,525434.0000,1766.9999,1.7670
2,554.9103,525.2663,525266.2999,62,1.0-523430-525434,267.0000,1.0000,1,51,True,523430.0000,525434.0000,1836.2999,1.8363
2,554.9858,525.3418,525341.7999,62,1.0-523430-525434,267.0000,1.0000,1,51,True,523430.0000,525434.0000,1911.7999,1.9118
2,646.8909,617.2469,617246.8999,63,1.0-617014-620020,300.0000,1.0000,1,52,True,617014.0000,620020.0000,232.8999,0.2329
2,646.9771,617.3331,617333.0999,63,1.0-617014-620020,300.0000,1.0000,1,52,True,617014.0000,620020.0000,319.0999,0.3191
2,647.0448,617.4008,617400.7999,63,1.0-617014-620020,300.0000,1.0000,1,52,True,617014.0000,620020.0000,386.7999,0.3868
2,647.2339,617.5899,617589.8999,63,1.0-617014-620020,300.0000,1.0000,1,52,True,617014.0000,620020.0000,575.8999,0.5759
2,647.3320,617.6880,617687.9999,63,1.0-617014-620020,300.0000,1.0000,1,52,True,617014.0000,620020.0000,673.9999,0.6740
2,647.3403,617.6963,617696.2999,63,1.0-617014-620020,300.0000,1.0000,1,52,True,617014.0000,620020.0000,682.2999,0.6823
2,647.4449,617.8009,617800.8999,63,1.0-617014-620020,300.0000,1.0000,1,52,True,617014.0000,620020.0000,786.8999,0.7869
2,647.4864,617.8424,617842.3999,63,1.0-617014-620020,300.0000,1.0000,1,52,True,617014.0000,620020.0000,828.3999,0.8284
2,647.7481,618.1041,618104.0999,63,1.0-617014-620020,300.0000,1.0000,1,52,True,617014.0000,620020.0000,1090.0999,1.0901
2,647.8160,618.1720,618171.9999,63,1.0-617014-620020,300.0000,1.0000,1,52,True,617014.0000,620020.0000,1157.9999,1.1580
2,647.8461,618.2021,618202.0999,63,1.0-617014-620020,300.0000,1.0000,1,52,True,617014.0000,620020.0000,1188.0999,1.1881
2,647.9638,618.3198,618319.7999,63,1.0-617014-620020,300.0000,1.0000,1,52,True,617014.0000,620020.0000,1305.7999,1.3058
2,647.9951,618.3511,618351.0999,63,1.0-617014-620020,300.0000,1.0000,1,52,True,617014.0000,620020.0000,1337.0999,1.3371
2,648.1038,618.4598,618459.7999,63,1.0-617014-620020,300.0000,1.0000,1,52,True,617014.0000,620020.0000,1445.7999,1.4458
2,648.1499,618.5059,618505.8999,63,1.0-617014-620020,300.0000,1.0000,1,52,True,617014.0000,620020.0000,1491.8999,1.4919
2,648.1806,618.5366,618536.5999,63,1.0-617014-620020,300.0000,1.0000,1,52,True,617014.0000,620020.0000,1522.5999,1.5226
2,648.1975,618.5535,618553.4999,63,1.0-617014-620020,300.0000,1.0000,1,52,True,617014.0000,620020.0000,1539.4999,1.5395
2,648.2170,618.5730,618572.9999,63,1.0-617014-620020,300.0000,1.0000,1,52,True,617014.0000,620020.0000,1558.9999,1.5590
2,648.2418,618.5978,618597.7999,63,1.0-617014-620020,300.0000,1.0000,1,52,True,617014.0000,620020.0000,1583.7999,1.5838
2,648.2520,618.6080,618607.9999,63,1.0-617014-620020,300.0000,1.0000,1,52,True,617014.0000,620020.0000,1593.9999,1.5940
2,648.2607,618.6167,618616.6999,63,1.0-617014-620020,300.0000,1.0000,1,52,True,617014.0000,620020.0000,1602.6999,1.6027
2,648.3813,618.7373,618737.2999,63,1.0-617014-620020,300.0000,1.0000,1,52,True,617014.0000,620020.0000,1723.2999,1.7233
2,648.4466,618.8026,618802.5999,63,1.0-617014-620020,300.0000,1.0000,1,52,True,617014.0000,620020.0000,1788.5999,1.7886
2,648.4938,618.8498,618849.7999,63,1.0-617014-620020,300.0000,1.0000,1,52,True,617014.0000,620020.0000,1835.7999,1.8358
2,648.5437,618.8997,618899.6999,63,1.0-617014-620020,300.0000,1.0000,1,52,True,617014.0000,620020.0000,1885.6999,1.8857
2,648.5996,618.9556,618955.5999,63,1.0-617014-620020,300.0000,1.0000,1,52,True,617014.0000,620020.0000,1941.5999,1.9416
2,648.6331,618.9891,618989.0999,63,1.0-617014-620020,300.0000,1.0000,1,52,True,617014.0000,620020.0000,1975.0999,1.9751
2,648.7040,619.0600,619059.9999,63,1.0-617014-620020,300.0000,1.0000,1,52,True,617014.0000,620020.0000,2045.9999,2.0460
2,648.7977,619.1537,619153.6999,63,1.0-617014-620020,300.0000,1.0000,1,52,True,617014.0000,620020.0000,2139.6999,2.1397
2,649.0801,619.4361,619436.0999,63,1.0-617014-620020,300.0000,1.0000,1,52,True,617014.0000,620020.0000,2422.0999,2.4221
2,649.1613,619.5173,619517.2999,63,1.0-617014-620020,300.0000,1.0000,1,52,True,617014.0000,620020.0000,2503.2999,2.5033
2,649.5848,619.9408,619940.7999,63,1.0-617014-620020,300.0000,1.0000,1,52,True,617014.0000,620020.0000,2926.7999,2.9268
2,2037.2424,2007.5984,2007598.3999,64,1.0-2007451-2008854,833.0000,1.0000,0,71,True,2007451.0000,2008854.0000,147.3999,0.1474
2,2037.5359,2007.8919,2007891.8999,64,1.0-2007451-2008854,833.0000,1.0000,0,71,True,2007451.0000,2008854.0000,440.8999,0.4409
2,2037.7323,2008.0883,2008088.2999,64,1.0-2007451-2008854,833.0000,1.0000,0,71,True,2007451.0000,2008854.0000,637.2999,0.6373
2,2037.7809,2008.1369,2008136.8999,64,1.0-2007451-2008854,833.0000,1.0000,0,71,True,2007451.0000,2008854.0000,685.8999,0.6859
2,2037.8026,2008.1586,2008158.5999,64,1.0-2007451-2008854,833.0000,1.0000,0,71,True,2007451.0000,2008854.0000,707.5999,0.7076
2,2038.1581,2008.5141,2008514.0999,64,1.0-2007451-2008854,833.0000,1.0000,0,71,True,2007451.0000,2008854.0000,1063.0999,1.0631
2,2038.1803,2008.5363,2008536.2999,64,1.0-2007451-2008854,833.0000,1.0000,0,71,True,2007451.0000,2008854.0000,1085.2999,1.0853
2,2038.2942,2008.6502,2008650.1999,64,1.0-2007451-2008854,833.0000,1.0000,0,71,True,2007451.0000,2008854.0000,1199.1999,1.1992
2,2038.3799,2008.7359,2008735.8999,64,1.0-2007451-2008854,833.0000,1.0000,0,71,True,2007451.0000,2008854.0000,1284.8999,1.2849
2,2038.3933,2008.7493,2008749.2999,64,1.0-2007451-2008854,833.0000,1.0000,0,71,True,2007451.0000,2008854.0000,1298.2999,1.2983
2,2038.4785,2008.8345,2008834.4999,64,1.0-2007451-2008854,833.0000,1.0000,0,71,True,2007451.0000,2008854.0000,1383.4999,1.3835
2,210.1370,180.4930,180492.9999,65,1.0-180455-182292,107.0000,1.0000,1,53,True,180455.0000,182292.0000,37.9999,0.0380
2,210.2109,180.5669,180566.8999,65,1.0-180455-182292,107.0000,1.0000,1,53,True,180455.0000,182292.0000,111.8999,0.1119
2,210.3323,180.6883,180688.2999,65,1.0-180455-182292,107.0000,1.0000,1,53,True,180455.0000,182292.0000,233.2999,0.2333
2,210.3589,180.7149,180714.8999,65,1.0-180455-182292,107.0000,1.0000,1,53,True,180455.0000,182292.0000,259.8999,0.2599
2,210.4634,180.8194,180819.3999,65,1.0-180455-182292,107.0000,1.0000,1,53,True,180455.0000,182292.0000,364.3999,0.3644
2,210.5441,180.9001,180900.0999,65,1.0-180455-182292,107.0000,1.0000,1,53,True,180455.0000,182292.0000,445.0999,0.4451
2,210.5587,180.9147,180914.6999,65,1.0-180455-182292,107.0000,1.0000,1,53,True,180455.0000,182292.0000,459.6999,0.4597
2,210.6073,180.9633,180963.2999,65,1.0-180455-182292,107.0000,1.0000,1,53,True,180455.0000,182292.0000,508.2999,0.5083
2,210.9873,181.3433,181343.2999,65,1.0-180455-182292,107.0000,1.0000,1,53,True,180455.0000,182292.0000,888.2999,0.8883
2,211.1802,181.5362,181536.1999,65,1.0-180455-182292,107.0000,1.0000,1,53,True,180455.0000,182292.0000,1081.1999,1.0812
2,211.2063,181.5623,181562.2999,65,1.0-180455-182292,107.0000,1.0000,1,53,True,180455.0000,182292.0000,1107.2999,1.1073
2,211.2280,181.5840,181583.9999,65,1.0-180455-182292,107.0000,1.0000,1,53,True,180455.0000,182292.0000,1128.9999,1.1290
2,211.2708,181.6268,181626.7999,65,1.0-180455-182292,107.0000,1.0000,1,53,True,180455.0000,182292.0000,1171.7999,1.1718
2,211.3230,181.6790,181678.9999,65,1.0-180455-182292,107.0000,1.0000,1,53,True,180455.0000,182292.0000,1223.9999,1.2240
2,211.7829,182.1389,182138.8999,65,1.0-180455-182292,107.0000,1.0000,1,53,True,180455.0000,182292.0000,1683.8999,1.6839
2,211.9023,182.2583,182258.2999,65,1.0-180455-182292,107.0000,1.0000,1,53,True,180455.0000,182292.0000,1803.2999,1.8033
2,1634.1118,1604.4678,1604467.7999,66,1.0-1604391-1607163,650.0000,1.0000,1,54,True,1604391.0000,1607163.0000,76.7999,0.0768
2,1634.1553,1604.5113,1604511.2999,66,1.0-1604391-1607163,650.0000,1.0000,1,54,True,1604391.0000,1607163.0000,120.2999,0.1203
2,1634.1715,1604.5275,1604527.4999,66,1.0-1604391-1607163,650.0000,1.0000,1,54,True,1604391.0000,1607163.0000,136.4999,0.1365
2,1634.2257,1604.5817,1604581.6999,66,1.0-1604391-1607163,650.0000,1.0000,1,54,True,1604391.0000,1607163.0000,190.6999,0.1907
2,1634.6735,1605.0295,1605029.4999,66,1.0-1604391-1607163,650.0000,1.0000,1,54,True,1604391.0000,1607163.0000,638.4999,0.6385
2,1634.9468,1605.3028,1605302.7999,66,1.0-1604391-1607163,650.0000,1.0000,1,54,True,1604391.0000,1607163.0000,911.7999,0.9118
2,1635.0104,1605.3664,1605366.3999,66,1.0-1604391-1607163,650.0000,1.0000,1,54,True,1604391.0000,1607163.0000,975.3999,0.9754
2,1635.0649,1605.4209,1605420.8999,66,1.0-1604391-1607163,650.0000,1.0000,1,54,True,1604391.0000,1607163.0000,1029.8999,1.0299
2,1635.0835,1605.4395,1605439.4999,66,1.0-1604391-1607163,650.0000,1.0000,1,54,True,1604391.0000,1607163.0000,1048.4999,1.0485
2,1635.1918,1605.5478,1605547.7999,66,1.0-1604391-1607163,650.0000,1.0000,1,54,True,1604391.0000,1607163.0000,1156.7999,1.1568
2,1635.5895,1605.9455,1605945.4999,66,1.0-1604391-1607163,650.0000,1.0000,1,54,True,1604391.0000,1607163.0000,1554.4999,1.5545
2,1635.6304,1605.9864,1605986.3999,66,1.0-1604391-1607163,650.0000,1.0000,1,54,True,1604391.0000,1607163.0000,1595.3999,1.5954
2,1635.6587,1606.0147,1606014.6999,66,1.0-1604391-1607163,650.0000,1.0000,1,54,True,1604391.0000,1607163.0000,1623.6999,1.6237
2,1635.7468,1606.1028,1606102.7999,66,1.0-1604391-1607163,650.0000,1.0000,1,54,True,1604391.0000,1607163.0000,1711.7999,1.7118
2,1635.8253,1606.1813,1606181.2999,66,1.0-1604391-1607163,650.0000,1.0000,1,54,True,1604391.0000,1607163.0000,1790.2999,1.7903
2,1635.9010,1606.2570,1606256.9999,66,1.0-1604391-1607163,650.0000,1.0000,1,54,True,1604391.0000,1607163.0000,1865.9999,1.8660
2,1635.9073,1606.2633,1606263.2999,66,1.0-1604391-1607163,650.0000,1.0000,1,54,True,1604391.0000,1607163.0000,1872.2999,1.8723
2,1635.9755,1606.3315,1606331.4999,66,1.0-1604391-1607163,650.0000,1.0000,1,54,True,1604391.0000,1607163.0000,1940.4999,1.9405
2,1636.0899,1606.4459,1606445.8999,66,1.0-1604391-1607163,650.0000,1.0000,1,54,True,1604391.0000,1607163.0000,2054.8999,2.0549
2,1636.1242,1606.4802,1606480.1999,66,1.0-1604391-1607163,650.0000,1.0000,1,54,True,1604391.0000,1607163.0000,2089.1999,2.0892
2,1636.1775,1606.5335,1606533.4999,66,1.0-1604391-1607163,650.0000,1.0000,1,54,True,1604391.0000,1607163.0000,2142.4999,2.1425
2,1636.3032,1606.6592,1606659.1999,66,1.0-1604391-1607163,650.0000,1.0000,1,54,True,1604391.0000,1607163.0000,2268.1999,2.2682
2,1636.3189,1606.6749,1606674.8999,66,1.0-1604391-1607163,650.0000,1.0000,1,54,True,1604391.0000,1607163.0000,2283.8999,2.2839
2,1636.3985,1606.7545,1606754.4999,66,1.0-1604391-1607163,650.0000,1.0000,1,54,True,1604391.0000,1607163.0000,2363.4999,2.3635
2,1636.4596,1606.8156,1606815.5999,66,1.0-1604391-1607163,650.0000,1.0000,1,54,True,1604391.0000,1607163.0000,2424.5999,2.4246
2,1636.4761,1606.8321,1606832.0999,66,1.0-1604391-1607163,650.0000,1.0000,1,54,True,1604391.0000,1607163.0000,2441.0999,2.4411
2,1636.5636,1606.9196,1606919.5999,66,1.0-1604391-1607163,650.0000,1.0000,1,54,True,1604391.0000,1607163.0000,2528.5999,2.5286
2,1636.7015,1607.0575,1607057.4999,66,1.0-1604391-1607163,650.0000,1.0000,1,54,True,1604391.0000,1607163.0000,2666.4999,2.6665
2,1612.9729,1583.3289,1583328.8999,67,1.0-1582782-1584786,643.0000,1.0000,1,55,True,1582782.0000,1584786.0000,546.8999,0.5469
2,1613.0529,1583.4089,1583408.8999,67,1.0-1582782-1584786,643.0000,1.0000,1,55,True,1582782.0000,1584786.0000,626.8999,0.6269
2,1613.2368,1583.5928,1583592.7999,67,1.0-1582782-1584786,643.0000,1.0000,1,55,True,1582782.0000,1584786.0000,810.7999,0.8108
2,1613.5304,1583.8864,1583886.3999,67,1.0-1582782-1584786,643.0000,1.0000,1,55,True,1582782.0000,1584786.0000,1104.3999,1.1044
2,1613.5449,1583.9009,1583900.8999,67,1.0-1582782-1584786,643.0000,1.0000,1,55,True,1582782.0000,1584786.0000,1118.8999,1.1189
2,1613.5611,1583.9171,1583917.0999,67,1.0-1582782-1584786,643.0000,1.0000,1,55,True,1582782.0000,1584786.0000,1135.0999,1.1351
2,1613.6439,1583.9999,1583999.8999,67,1.0-1582782-1584786,643.0000,1.0000,1,55,True,1582782.0000,1584786.0000,1217.8999,1.2179
2,1613.7074,1584.0634,1584063.3999,67,1.0-1582782-1584786,643.0000,1.0000,1,55,True,1582782.0000,1584786.0000,1281.3999,1.2814
2,1613.8833,1584.2393,1584239.2999,67,1.0-1582782-1584786,643.0000,1.0000,1,55,True,1582782.0000,1584786.0000,1457.2999,1.4573
2,1613.9142,1584.2702,1584270.1999,67,1.0-1582782-1584786,643.0000,1.0000,1,55,True,1582782.0000,1584786.0000,1488.1999,1.4882
2,1613.9285,1584.2845,1584284.4999,67,1.0-1582782-1584786,643.0000,1.0000,1,55,True,1582782.0000,1584786.0000,1502.4999,1.5025
2,1614.1614,1584.5174,1584517.3999,67,1.0-1582782-1584786,643.0000,1.0000,1,55,True,1582782.0000,1584786.0000,1735.3999,1.7354
2,1614.1929,1584.5489,1584548.8999,67,1.0-1582782-1584786,643.0000,1.0000,1,55,True,1582782.0000,1584786.0000,1766.8999,1.7669
2,238.8476,209.2036,209203.5999,68,1.0-209145-210080,125.0000,1.0000,0,72,True,209145.0000,210080.0000,58.5999,0.0586
2,238.8802,209.2362,209236.1999,68,1.0-209145-210080,125.0000,1.0000,0,72,True,209145.0000,210080.0000,91.1999,0.0912
2,1477.9515,1448.3075,1448307.4999,69,1.0-1448250-1450187,574.0000,1.0000,0,73,True,1448250.0000,1450187.0000,57.4999,0.0575
2,1477.9761,1448.3321,1448332.0999,69,1.0-1448250-1450187,574.0000,1.0000,0,73,True,1448250.0000,1450187.0000,82.0999,0.0821
2,1477.9877,1448.3437,1448343.6999,69,1.0-1448250-1450187,574.0000,1.0000,0,73,True,1448250.0000,1450187.0000,93.6999,0.0937
2,1478.0427,1448.3987,1448398.6999,69,1.0-1448250-1450187,574.0000,1.0000,0,73,True,1448250.0000,1450187.0000,148.6999,0.1487
2,1478.0594,1448.4154,1448415.3999,69,1.0-1448250-1450187,574.0000,1.0000,0,73,True,1448250.0000,1450187.0000,165.3999,0.1654
2,1478.0820,1448.4380,1448437.9999,69,1.0-1448250-1450187,574.0000,1.0000,0,73,True,1448250.0000,1450187.0000,187.9999,0.1880
2,1478.2107,1448.5667,1448566.6999,69,1.0-1448250-1450187,574.0000,1.0000,0,73,True,1448250.0000,1450187.0000,316.6999,0.3167
2,1478.2574,1448.6134,1448613.3999,69,1.0-1448250-1450187,574.0000,1.0000,0,73,True,1448250.0000,1450187.0000,363.3999,0.3634
2,1478.2864,1448.6424,1448642.3999,69,1.0-1448250-1450187,574.0000,1.0000,0,73,True,1448250.0000,1450187.0000,392.3999,0.3924
2,1478.3638,1448.7198,1448719.7999,69,1.0-1448250-1450187,574.0000,1.0000,0,73,True,1448250.0000,1450187.0000,469.7999,0.4698
2,1478.3762,1448.7322,1448732.1999,69,1.0-1448250-1450187,574.0000,1.0000,0,73,True,1448250.0000,1450187.0000,482.1999,0.4822
2,1478.4080,1448.7640,1448763.9999,69,1.0-1448250-1450187,574.0000,1.0000,0,73,True,1448250.0000,1450187.0000,513.9999,0.5140
2,1478.4346,1448.7906,1448790.5999,69,1.0-1448250-1450187,574.0000,1.0000,0,73,True,1448250.0000,1450187.0000,540.5999,0.5406
2,1478.4764,1448.8324,1448832.3999,69,1.0-1448250-1450187,574.0000,1.0000,0,73,True,1448250.0000,1450187.0000,582.3999,0.5824
2,1478.4967,1448.8527,1448852.6999,69,1.0-1448250-1450187,574.0000,1.0000,0,73,True,1448250.0000,1450187.0000,602.6999,0.6027
2,1478.5332,1448.8892,1448889.1999,69,1.0-1448250-1450187,574.0000,1.0000,0,73,True,1448250.0000,1450187.0000,639.1999,0.6392
2,1478.5582,1448.9142,1448914.1999,69,1.0-1448250-1450187,574.0000,1.0000,0,73,True,1448250.0000,1450187.0000,664.1999,0.6642
2,1478.5799,1448.9359,1448935.8999,69,1.0-1448250-1450187,574.0000,1.0000,0,73,True,1448250.0000,1450187.0000,685.8999,0.6859
2,1478.5978,1448.9538,1448953.7999,69,1.0-1448250-1450187,574.0000,1.0000,0,73,True,1448250.0000,1450187.0000,703.7999,0.7038
2,1478.6176,1448.9736,1448973.5999,69,1.0-1448250-1450187,574.0000,1.0000,0,73,True,1448250.0000,1450187.0000,723.5999,0.7236
2,1478.6495,1449.0055,1449005.4999,69,1.0-1448250-1450187,574.0000,1.0000,0,73,True,1448250.0000,1450187.0000,755.4999,0.7555
2,1478.6935,1449.0495,1449049.4999,69,1.0-1448250-1450187,574.0000,1.0000,0,73,True,1448250.0000,1450187.0000,799.4999,0.7995
2,1478.7054,1449.0614,1449061.3999,69,1.0-1448250-1450187,574.0000,1.0000,0,73,True,1448250.0000,1450187.0000,811.3999,0.8114
2,1478.7360,1449.0920,1449091.9999,69,1.0-1448250-1450187,574.0000,1.0000,0,73,True,1448250.0000,1450187.0000,841.9999,0.8420
2,1478.7688,1449.1248,1449124.7999,69,1.0-1448250-1450187,574.0000,1.0000,0,73,True,1448250.0000,1450187.0000,874.7999,0.8748
2,1478.8027,1449.1587,1449158.6999,69,1.0-1448250-1450187,574.0000,1.0000,0,73,True,1448250.0000,1450187.0000,908.6999,0.9087
2,1478.8252,1449.1812,1449181.1999,69,1.0-1448250-1450187,574.0000,1.0000,0,73,True,1448250.0000,1450187.0000,931.1999,0.9312
2,1478.8458,1449.2018,1449201.7999,69,1.0-1448250-1450187,574.0000,1.0000,0,73,True,1448250.0000,1450187.0000,951.7999,0.9518
2,1478.8566,1449.2126,1449212.5999,69,1.0-1448250-1450187,574.0000,1.0000,0,73,True,1448250.0000,1450187.0000,962.5999,0.9626
2,1478.8625,1449.2185,1449218.4999,69,1.0-1448250-1450187,574.0000,1.0000,0,73,True,1448250.0000,1450187.0000,968.4999,0.9685
2,1478.8783,1449.2343,1449234.2999,69,1.0-1448250-1450187,574.0000,1.0000,0,73,True,1448250.0000,1450187.0000,984.2999,0.9843
2,1478.8889,1449.2449,1449244.8999,69,1.0-1448250-1450187,574.0000,1.0000,0,73,True,1448250.0000,1450187.0000,994.8999,0.9949
2,1478.9017,1449.2577,1449257.6999,69,1.0-1448250-1450187,574.0000,1.0000,0,73,True,1448250.0000,1450187.0000,1007.6999,1.0077
2,1478.9250,1449.2810,1449280.9999,69,1.0-1448250-1450187,574.0000,1.0000,0,73,True,1448250.0000,1450187.0000,1030.9999,1.0310
2,1478.9610,1449.3170,1449316.9999,69,1.0-1448250-1450187,574.0000,1.0000,0,73,True,1448250.0000,1450187.0000,1066.9999,1.0670
2,1478.9724,1449.3284,1449328.3999,69,1.0-1448250-1450187,574.0000,1.0000,0,73,True,1448250.0000,1450187.0000,1078.3999,1.0784
2,1479.0349,1449.3909,1449390.8999,69,1.0-1448250-1450187,574.0000,1.0000,0,73,True,1448250.0000,1450187.0000,1140.8999,1.1409
2,1479.1514,1449.5074,1449507.3999,69,1.0-1448250-1450187,574.0000,1.0000,0,73,True,1448250.0000,1450187.0000,1257.3999,1.2574
2,1479.1824,1449.5384,1449538.3999,69,1.0-1448250-1450187,574.0000,1.0000,0,73,True,1448250.0000,1450187.0000,1288.3999,1.2884
2,1479.2126,1449.5686,1449568.5999,69,1.0-1448250-1450187,574.0000,1.0000,0,73,True,1448250.0000,1450187.0000,1318.5999,1.3186
2,1479.2578,1449.6138,1449613.7999,69,1.0-1448250-1450187,574.0000,1.0000,0,73,True,1448250.0000,1450187.0000,1363.7999,1.3638
2,1479.2697,1449.6257,1449625.6999,69,1.0-1448250-1450187,574.0000,1.0000,0,73,True,1448250.0000,1450187.0000,1375.6999,1.3757
2,1479.3048,1449.6608,1449660.7999,69,1.0-1448250-1450187,574.0000,1.0000,0,73,True,1448250.0000,1450187.0000,1410.7999,1.4108
2,1479.3735,1449.7295,1449729.4999,69,1.0-1448250-1450187,574.0000,1.0000,0,73,True,1448250.0000,1450187.0000,1479.4999,1.4795
2,1479.4513,1449.8073,1449807.2999,69,1.0-1448250-1450187,574.0000,1.0000,0,73,True,1448250.0000,1450187.0000,1557.2999,1.5573
2,1479.4774,1449.8334,1449833.3999,69,1.0-1448250-1450187,574.0000,1.0000,0,73,True,1448250.0000,1450187.0000,1583.3999,1.5834
2,1479.5026,1449.8586,1449858.5999,69,1.0-1448250-1450187,574.0000,1.0000,0,73,True,1448250.0000,1450187.0000,1608.5999,1.6086
2,1479.5162,1449.8722,1449872.1999,69,1.0-1448250-1450187,574.0000,1.0000,0,73,True,1448250.0000,1450187.0000,1622.1999,1.6222
2,1479.5454,1449.9014,1449901.3999,69,1.0-1448250-1450187,574.0000,1.0000,0,73,True,1448250.0000,1450187.0000,1651.3999,1.6514
2,1479.5815,1449.9375,1449937.4999,69,1.0-1448250-1450187,574.0000,1.0000,0,73,True,1448250.0000,1450187.0000,1687.4999,1.6875
2,1479.6106,1449.9666,1449966.5999,69,1.0-1448250-1450187,574.0000,1.0000,0,73,True,1448250.0000,1450187.0000,1716.5999,1.7166
2,1479.6308,1449.9868,1449986.7999,69,1.0-1448250-1450187,574.0000,1.0000,0,73,True,1448250.0000,1450187.0000,1736.7999,1.7368
2,1479.6652,1450.0212,1450021.1999,69,1.0-1448250-1450187,574.0000,1.0000,0,73,True,1448250.0000,1450187.0000,1771.1999,1.7712
2,1479.6732,1450.0292,1450029.1999,69,1.0-1448250-1450187,574.0000,1.0000,0,73,True,1448250.0000,1450187.0000,1779.1999,1.7792
2,1479.7435,1450.0995,1450099.4999,69,1.0-1448250-1450187,574.0000,1.0000,0,73,True,1448250.0000,1450187.0000,1849.4999,1.8495
2,1479.7726,1450.1286,1450128.5999,69,1.0-1448250-1450187,574.0000,1.0000,0,73,True,1448250.0000,1450187.0000,1878.5999,1.8786
2,1402.9552,1373.3112,1373311.1999,70,1.0-1373036-1375040,548.0000,1.0000,0,74,True,1373036.0000,1375040.0000,275.1999,0.2752
2,1402.9847,1373.3407,1373340.6999,70,1.0-1373036-1375040,548.0000,1.0000,0,74,True,1373036.0000,1375040.0000,304.6999,0.3047
2,1403.0072,1373.3632,1373363.1999,70,1.0-1373036-1375040,548.0000,1.0000,0,74,True,1373036.0000,1375040.0000,327.1999,0.3272
2,1403.0390,1373.3950,1373394.9999,70,1.0-1373036-1375040,548.0000,1.0000,0,74,True,1373036.0000,1375040.0000,358.9999,0.3590
2,1403.0856,1373.4416,1373441.5999,70,1.0-1373036-1375040,548.0000,1.0000,0,74,True,1373036.0000,1375040.0000,405.5999,0.4056
2,1403.1059,1373.4619,1373461.8999,70,1.0-1373036-1375040,548.0000,1.0000,0,74,True,1373036.0000,1375040.0000,425.8999,0.4259
2,1403.2075,1373.5635,1373563.4999,70,1.0-1373036-1375040,548.0000,1.0000,0,74,True,1373036.0000,1375040.0000,527.4999,0.5275
2,1403.2572,1373.6132,1373613.1999,70,1.0-1373036-1375040,548.0000,1.0000,0,74,True,1373036.0000,1375040.0000,577.1999,0.5772
2,1403.4971,1373.8531,1373853.0999,70,1.0-1373036-1375040,548.0000,1.0000,0,74,True,1373036.0000,1375040.0000,817.0999,0.8171
2,1403.5319,1373.8879,1373887.8999,70,1.0-1373036-1375040,548.0000,1.0000,0,74,True,1373036.0000,1375040.0000,851.8999,0.8519
2,1403.5482,1373.9042,1373904.1999,70,1.0-1373036-1375040,548.0000,1.0000,0,74,True,1373036.0000,1375040.0000,868.1999,0.8682
2,1403.5802,1373.9362,1373936.1999,70,1.0-1373036-1375040,548.0000,1.0000,0,74,True,1373036.0000,1375040.0000,900.1999,0.9002
2,1403.6127,1373.9687,1373968.6999,70,1.0-1373036-1375040,548.0000,1.0000,0,74,True,1373036.0000,1375040.0000,932.6999,0.9327
2,1403.6727,1374.0287,1374028.6999,70,1.0-1373036-1375040,548.0000,1.0000,0,74,True,1373036.0000,1375040.0000,992.6999,0.9927
2,1403.6858,1374.0418,1374041.7999,70,1.0-1373036-1375040,548.0000,1.0000,0,74,True,1373036.0000,1375040.0000,1005.7999,1.0058
2,1403.6992,1374.0552,1374055.1999,70,1.0-1373036-1375040,548.0000,1.0000,0,74,True,1373036.0000,1375040.0000,1019.1999,1.0192
2,1403.7230,1374.0790,1374078.9999,70,1.0-1373036-1375040,548.0000,1.0000,0,74,True,1373036.0000,1375040.0000,1042.9999,1.0430
2,1403.7504,1374.1064,1374106.3999,70,1.0-1373036-1375040,548.0000,1.0000,0,74,True,1373036.0000,1375040.0000,1070.3999,1.0704
2,1403.9569,1374.3129,1374312.8999,70,1.0-1373036-1375040,548.0000,1.0000,0,74,True,1373036.0000,1375040.0000,1276.8999,1.2769
2,1404.0460,1374.4020,1374401.9999,70,1.0-1373036-1375040,548.0000,1.0000,0,74,True,1373036.0000,1375040.0000,1365.9999,1.3660
2,1404.1230,1374.4790,1374478.9999,70,1.0-1373036-1375040,548.0000,1.0000,0,74,True,1373036.0000,1375040.0000,1442.9999,1.4430
2,1404.1780,1374.5340,1374533.9999,70,1.0-1373036-1375040,548.0000,1.0000,0,74,True,1373036.0000,1375040.0000,1497.9999,1.4980
2,1404.2193,1374.5753,1374575.2999,70,1.0-1373036-1375040,548.0000,1.0000,0,74,True,1373036.0000,1375040.0000,1539.2999,1.5393
2,1404.2715,1374.6275,1374627.4999,70,1.0-1373036-1375040,548.0000,1.0000,0,74,True,1373036.0000,1375040.0000,1591.4999,1.5915
2,1404.3077,1374.6637,1374663.6999,70,1.0-1373036-1375040,548.0000,1.0000,0,74,True,1373036.0000,1375040.0000,1627.6999,1.6277
2,1404.3646,1374.7206,1374720.5999,70,1.0-1373036-1375040,548.0000,1.0000,0,74,True,1373036.0000,1375040.0000,1684.5999,1.6846
2,1404.3893,1374.7453,1374745.2999,70,1.0-1373036-1375040,548.0000,1.0000,0,74,True,1373036.0000,1375040.0000,1709.2999,1.7093
2,1404.4389,1374.7949,1374794.8999,70,1.0-1373036-1375040,548.0000,1.0000,0,74,True,1373036.0000,1375040.0000,1758.8999,1.7589
2,1404.5202,1374.8762,1374876.1999,70,1.0-1373036-1375040,548.0000,1.0000,0,74,True,1373036.0000,1375040.0000,1840.1999,1.8402
2,1404.5656,1374.9216,1374921.5999,70,1.0-1373036-1375040,548.0000,1.0000,0,74,True,1373036.0000,1375040.0000,1885.5999,1.8856
2,1404.5814,1374.9374,1374937.3999,70,1.0-1373036-1375040,548.0000,1.0000,0,74,True,1373036.0000,1375040.0000,1901.3999,1.9014
2,1404.6467,1375.0027,1375002.6999,70,1.0-1373036-1375040,548.0000,1.0000,0,74,True,1373036.0000,1375040.0000,1966.6999,1.9667
2,1404.6713,1375.0273,1375027.2999,70,1.0-1373036-1375040,548.0000,1.0000,0,74,True,1373036.0000,1375040.0000,1991.2999,1.9913
2,325.5580,295.9140,295913.9999,71,1.0-295248-298120,167.0000,1.0000,0,75,True,295248.0000,298120.0000,665.9999,0.6660
2,325.6381,295.9941,295994.0999,71,1.0-295248-298120,167.0000,1.0000,0,75,True,295248.0000,298120.0000,746.0999,0.7461
2,325.6708,296.0268,296026.7999,71,1.0-295248-298120,167.0000,1.0000,0,75,True,295248.0000,298120.0000,778.7999,0.7788
2,325.7496,296.1056,296105.5999,71,1.0-295248-298120,167.0000,1.0000,0,75,True,295248.0000,298120.0000,857.5999,0.8576
2,325.8803,296.2363,296236.2999,71,1.0-295248-298120,167.0000,1.0000,0,75,True,295248.0000,298120.0000,988.2999,0.9883
2,326.0618,296.4178,296417.7999,71,1.0-295248-298120,167.0000,1.0000,0,75,True,295248.0000,298120.0000,1169.7999,1.1698
2,326.3739,296.7299,296729.8999,71,1.0-295248-298120,167.0000,1.0000,0,75,True,295248.0000,298120.0000,1481.8999,1.4819
2,326.4179,296.7739,296773.8999,71,1.0-295248-298120,167.0000,1.0000,0,75,True,295248.0000,298120.0000,1525.8999,1.5259
2,326.4366,296.7926,296792.5999,71,1.0-295248-298120,167.0000,1.0000,0,75,True,295248.0000,298120.0000,1544.5999,1.5446
2,326.7096,297.0656,297065.5999,71,1.0-295248-298120,167.0000,1.0000,0,75,True,295248.0000,298120.0000,1817.5999,1.8176
2,239.9250,210.2810,210280.9999,72,1.0-210147-212351,126.0000,1.0000,1,56,True,210147.0000,212351.0000,133.9999,0.1340
2,240.0345,210.3905,210390.4999,72,1.0-210147-212351,126.0000,1.0000,1,56,True,210147.0000,212351.0000,243.4999,0.2435
2,240.0744,210.4304,210430.3999,72,1.0-210147-212351,126.0000,1.0000,1,56,True,210147.0000,212351.0000,283.3999,0.2834
2,240.1249,210.4809,210480.8999,72,1.0-210147-212351,126.0000,1.0000,1,56,True,210147.0000,212351.0000,333.8999,0.3339
2,240.2372,210.5932,210593.1999,72,1.0-210147-212351,126.0000,1.0000,1,56,True,210147.0000,212351.0000,446.1999,0.4462
2,240.3082,210.6642,210664.1999,72,1.0-210147-212351,126.0000,1.0000,1,56,True,210147.0000,212351.0000,517.1999,0.5172
2,240.3833,210.7393,210739.2999,72,1.0-210147-212351,126.0000,1.0000,1,56,True,210147.0000,212351.0000,592.2999,0.5923
2,240.4594,210.8154,210815.3999,72,1.0-210147-212351,126.0000,1.0000,1,56,True,210147.0000,212351.0000,668.3999,0.6684
2,240.6351,210.9911,210991.0999,72,1.0-210147-212351,126.0000,1.0000,1,56,True,210147.0000,212351.0000,844.0999,0.8441
2,240.6981,211.0541,211054.0999,72,1.0-210147-212351,126.0000,1.0000,1,56,True,210147.0000,212351.0000,907.0999,0.9071
2,240.8495,211.2055,211205.4999,72,1.0-210147-212351,126.0000,1.0000,1,56,True,210147.0000,212351.0000,1058.4999,1.0585
2,241.1212,211.4772,211477.1999,72,1.0-210147-212351,126.0000,1.0000,1,56,True,210147.0000,212351.0000,1330.1999,1.3302
2,241.1942,211.5502,211550.1999,72,1.0-210147-212351,126.0000,1.0000,1,56,True,210147.0000,212351.0000,1403.1999,1.4032
2,241.3211,211.6771,211677.0999,72,1.0-210147-212351,126.0000,1.0000,1,56,True,210147.0000,212351.0000,1530.0999,1.5301
2,2083.1099,2053.4659,2053465.8999,73,1.0-2053274-2054210,852.0000,1.0000,1,57,True,2053274.0000,2054210.0000,191.8999,0.1919
2,2083.2779,2053.6339,2053633.8999,73,1.0-2053274-2054210,852.0000,1.0000,1,57,True,2053274.0000,2054210.0000,359.8999,0.3599
2,2083.4039,2053.7599,2053759.8999,73,1.0-2053274-2054210,852.0000,1.0000,1,57,True,2053274.0000,2054210.0000,485.8999,0.4859
2,2083.4947,2053.8507,2053850.6999,73,1.0-2053274-2054210,852.0000,1.0000,1,57,True,2053274.0000,2054210.0000,576.6999,0.5767
2,2083.5088,2053.8648,2053864.7999,73,1.0-2053274-2054210,852.0000,1.0000,1,57,True,2053274.0000,2054210.0000,590.7999,0.5908
2,2083.5523,2053.9083,2053908.2999,73,1.0-2053274-2054210,852.0000,1.0000,1,57,True,2053274.0000,2054210.0000,634.2999,0.6343
2,2083.6283,2053.9843,2053984.2999,73,1.0-2053274-2054210,852.0000,1.0000,1,57,True,2053274.0000,2054210.0000,710.2999,0.7103
2,2083.6783,2054.0343,2054034.2999,73,1.0-2053274-2054210,852.0000,1.0000,1,57,True,2053274.0000,2054210.0000,760.2999,0.7603
2,2083.7747,2054.1307,2054130.6999,73,1.0-2053274-2054210,852.0000,1.0000,1,57,True,2053274.0000,2054210.0000,856.6999,0.8567
2,2083.8325,2054.1885,2054188.4999,73,1.0-2053274-2054210,852.0000,1.0000,1,57,True,2053274.0000,2054210.0000,914.4999,0.9145
2,1485.8899,1456.2459,1456245.8999,74,1.0-1456199-1457368,577.0000,1.0000,1,58,True,1456199.0000,1457368.0000,46.8999,0.0469
2,1486.0096,1456.3656,1456365.5999,74,1.0-1456199-1457368,577.0000,1.0000,1,58,True,1456199.0000,1457368.0000,166.5999,0.1666
2,1486.0527,1456.4087,1456408.6999,74,1.0-1456199-1457368,577.0000,1.0000,1,58,True,1456199.0000,1457368.0000,209.6999,0.2097
2,1486.1170,1456.4730,1456472.9999,74,1.0-1456199-1457368,577.0000,1.0000,1,58,True,1456199.0000,1457368.0000,273.9999,0.2740
2,1486.3920,1456.7480,1456747.9999,74,1.0-1456199-1457368,577.0000,1.0000,1,58,True,1456199.0000,1457368.0000,548.9999,0.5490
2,1486.4222,1456.7782,1456778.1999,74,1.0-1456199-1457368,577.0000,1.0000,1,58,True,1456199.0000,1457368.0000,579.1999,0.5792
2,1486.4454,1456.8014,1456801.3999,74,1.0-1456199-1457368,577.0000,1.0000,1,58,True,1456199.0000,1457368.0000,602.3999,0.6024
2,1486.4867,1456.8427,1456842.6999,74,1.0-1456199-1457368,577.0000,1.0000,1,58,True,1456199.0000,1457368.0000,643.6999,0.6437
2,1486.5682,1456.9242,1456924.1999,74,1.0-1456199-1457368,577.0000,1.0000,1,58,True,1456199.0000,1457368.0000,725.1999,0.7252
2,1486.6015,1456.9575,1456957.4999,74,1.0-1456199-1457368,577.0000,1.0000,1,58,True,1456199.0000,1457368.0000,758.4999,0.7585
2,1486.6430,1456.9990,1456998.9999,74,1.0-1456199-1457368,577.0000,1.0000,1,58,True,1456199.0000,1457368.0000,799.9999,0.8000
2,1486.6707,1457.0267,1457026.6999,74,1.0-1456199-1457368,577.0000,1.0000,1,58,True,1456199.0000,1457368.0000,827.6999,0.8277
2,1486.8388,1457.1948,1457194.7999,74,1.0-1456199-1457368,577.0000,1.0000,1,58,True,1456199.0000,1457368.0000,995.7999,0.9958
2,1487.0091,1457.3651,1457365.0999,74,1.0-1456199-1457368,577.0000,1.0000,1,58,True,1456199.0000,1457368.0000,1166.0999,1.1661
2,872.3536,842.7096,842709.5999,75,1.0-842625-844596,368.0000,1.0000,1,59,True,842625.0000,844596.0000,84.5999,0.0846
2,872.4053,842.7613,842761.2999,75,1.0-842625-844596,368.0000,1.0000,1,59,True,842625.0000,844596.0000,136.2999,0.1363
2,872.4309,842.7869,842786.8999,75,1.0-842625-844596,368.0000,1.0000,1,59,True,842625.0000,844596.0000,161.8999,0.1619
2,872.6871,843.0431,843043.0999,75,1.0-842625-844596,368.0000,1.0000,1,59,True,842625.0000,844596.0000,418.0999,0.4181
2,872.7550,843.1110,843110.9999,75,1.0-842625-844596,368.0000,1.0000,1,59,True,842625.0000,844596.0000,485.9999,0.4860
2,872.7745,843.1305,843130.4999,75,1.0-842625-844596,368.0000,1.0000,1,59,True,842625.0000,844596.0000,505.4999,0.5055
2,872.8115,843.1675,843167.4999,75,1.0-842625-844596,368.0000,1.0000,1,59,True,842625.0000,844596.0000,542.4999,0.5425
2,872.8941,843.2501,843250.0999,75,1.0-842625-844596,368.0000,1.0000,1,59,True,842625.0000,844596.0000,625.0999,0.6251
2,873.0773,843.4333,843433.2999,75,1.0-842625-844596,368.0000,1.0000,1,59,True,842625.0000,844596.0000,808.2999,0.8083
2,873.2113,843.5673,843567.2999,75,1.0-842625-844596,368.0000,1.0000,1,59,True,842625.0000,844596.0000,942.2999,0.9423
2,873.4663,843.8223,843822.2999,75,1.0-842625-844596,368.0000,1.0000,1,59,True,842625.0000,844596.0000,1197.2999,1.1973
2,873.5621,843.9181,843918.0999,75,1.0-842625-844596,368.0000,1.0000,1,59,True,842625.0000,844596.0000,1293.0999,1.2931
2,873.7374,844.0934,844093.3999,75,1.0-842625-844596,368.0000,1.0000,1,59,True,842625.0000,844596.0000,1468.3999,1.4684
