units,spikeTimeRawS,movieAlignedTimeS,movieAlignedTimeMs
1,364.1750,0.0710,70.9999
1,364.3305,0.2265,226.4999
1,364.4091,0.3051,305.0999
1,364.6041,0.5001,500.0999
1,364.8745,0.7705,770.4999
1,364.8852,0.7812,781.1999
1,365.0407,0.9367,936.6999
1,365.2561,1.1521,1152.0999
1,365.4842,1.3802,1380.1999
1,365.6341,1.5301,1530.0999
1,365.7085,1.6045,1604.4999
1,366.1383,2.0343,2034.2999
1,366.1487,2.0447,2044.6999
1,366.1869,2.0829,2082.8999
1,368.3459,4.2419,4241.8999
1,368.5866,4.4826,4482.5999
1,369.4520,5.3480,5347.9999
1,369.5060,5.4020,5401.9999
1,369.5673,5.4633,5463.2999
1,369.5909,5.4869,5486.8999
1,369.6012,5.4972,5497.1999
1,369.6104,5.5064,5506.3999
1,369.6441,5.5401,5540.0999
1,369.6729,5.5689,5568.8999
1,369.7560,5.6520,5651.9999
1,369.9120,5.8080,5807.9999
1,370.0830,5.9790,5978.9999
1,370.5466,6.4426,6442.5999
1,370.7063,6.6023,6602.2999
1,370.7217,6.6177,6617.6999
1,371.0177,6.9137,6913.6999
1,371.0510,6.9470,6946.9999
1,371.0602,6.9562,6956.1999
1,371.1226,7.0186,7018.5999
1,371.1596,7.0556,7055.5999
1,371.2486,7.1446,7144.5999
1,371.2580,7.1540,7153.9999
1,371.2656,7.1616,7161.5999
1,371.3304,7.2264,7226.3999
1,371.4610,7.3570,7356.9999
1,371.5232,7.4192,7419.1999
1,371.6220,7.5180,7517.9999
1,371.7553,7.6513,7651.2999
1,371.7906,7.6866,7686.5999
1,373.8239,9.7199,9719.8999
1,373.8416,9.7376,9737.5999
1,374.3752,10.2712,10271.1999
1,375.9416,11.8376,11837.5999
1,376.0260,11.9220,11921.9999
1,376.1008,11.9968,11996.7999
1,376.2757,12.1717,12171.6999
1,376.3137,12.2097,12209.6999
1,376.5024,12.3984,12398.3999
1,376.8895,12.7855,12785.4999
1,377.0343,12.9303,12930.2999
1,377.1538,13.0498,13049.7999
1,377.2118,13.1078,13107.7999
1,377.4039,13.2999,13299.8999
1,377.6912,13.5872,13587.1999
1,378.0829,13.9789,13978.8999
1,378.7083,14.6043,14604.2999
1,379.6813,15.5773,15577.2999
1,379.7070,15.6030,15602.9999
1,380.0689,15.9649,15964.8999
1,380.5914,16.4874,16487.3999
1,380.6476,16.5436,16543.5999
1,380.6808,16.5768,16576.7999
1,381.1177,17.0137,17013.6999
1,381.4834,17.3794,17379.3999
1,382.1414,18.0374,18037.3999
1,382.3356,18.2316,18231.5999
1,382.4371,18.3331,18333.0999
1,382.4937,18.3897,18389.6999
1,382.5196,18.4156,18415.5999
1,382.5262,18.4222,18422.1999
1,382.5326,18.4286,18428.5999
1,383.0787,18.9747,18974.6999
1,383.1989,19.0949,19094.8999
1,383.3701,19.2661,19266.0999
1,383.5705,19.4665,19466.4999
1,383.7465,19.6425,19642.4999
1,383.8301,19.7261,19726.0999
1,384.1027,19.9987,19998.6999
1,384.1961,20.0921,20092.0999
1,384.3060,20.2020,20201.9999
1,384.3437,20.2397,20239.6999
1,384.5000,20.3960,20395.9999
1,384.5498,20.4458,20445.7999
1,384.6183,20.5143,20514.2999
1,384.6810,20.5770,20576.9999
1,384.7572,20.6532,20653.1999
1,384.8730,20.7690,20768.9999
1,385.0117,20.9077,20907.6999
1,385.1158,21.0118,21011.7999
1,385.2641,21.1601,21160.0999
1,385.4037,21.2997,21299.6999
1,385.5227,21.4187,21418.6999
1,385.6970,21.5930,21592.9999
1,385.7357,21.6317,21631.6999
1,385.8300,21.7260,21725.9999
1,385.8550,21.7510,21750.9999
1,385.8751,21.7711,21771.0999
1,386.0742,21.9702,21970.1999
1,386.1241,22.0201,22020.0999
1,386.1928,22.0888,22088.7999
1,386.2724,22.1684,22168.3999
1,386.3062,22.2022,22202.1999
1,386.7855,22.6815,22681.4999
1,386.9330,22.8290,22828.9999
1,387.1519,23.0479,23047.8999
1,387.1943,23.0903,23090.2999
1,387.2213,23.1173,23117.2999
1,387.3200,23.2160,23215.9999
1,387.3402,23.2362,23236.1999
1,387.6640,23.5600,23559.9999
1,387.9322,23.8282,23828.1999
1,388.0441,23.9401,23940.0999
1,388.0492,23.9452,23945.1999
1,388.0970,23.9930,23992.9999
1,388.1053,24.0013,24001.2999
1,388.1355,24.0315,24031.4999
1,388.2202,24.1162,24116.1999
1,388.3136,24.2096,24209.5999
1,388.3884,24.2844,24284.3999
1,388.4252,24.3212,24321.1999
1,388.4798,24.3758,24375.7999
1,388.5150,24.4110,24410.9999
1,388.5298,24.4258,24425.7999
1,388.5318,24.4278,24427.7999
1,388.5459,24.4419,24441.8999
1,388.7107,24.6067,24606.6999
1,388.7834,24.6794,24679.3999
1,389.0044,24.9004,24900.3999
1,389.0179,24.9139,24913.8999
1,389.0328,24.9288,24928.7999
1,389.2312,25.1272,25127.1999
1,389.3166,25.2126,25212.5999
1,389.3199,25.2159,25215.8999
1,389.3755,25.2715,25271.4999
1,389.4987,25.3947,25394.6999
1,389.8868,25.7828,25782.7999
1,389.9213,25.8173,25817.2999
1,390.1624,26.0584,26058.3999
1,390.3132,26.2092,26209.1999
1,390.8035,26.6995,26699.4999
1,391.0069,26.9029,26902.8999
1,391.0542,26.9502,26950.1999
1,391.0599,26.9559,26955.8999
1,391.0662,26.9622,26962.1999
1,391.0874,26.9834,26983.3999
1,391.1102,27.0062,27006.1999
1,391.1405,27.0365,27036.4999
1,391.2416,27.1376,27137.5999
1,391.2906,27.1866,27186.5999
1,391.4366,27.3326,27332.5999
1,391.5539,27.4499,27449.8999
1,391.6393,27.5353,27535.2999
1,391.9600,27.8560,27855.9999
1,391.9845,27.8805,27880.4999
1,392.1375,28.0335,28033.4999
1,392.1680,28.0640,28063.9999
1,392.2183,28.1143,28114.2999
1,392.2331,28.1291,28129.0999
1,392.2780,28.1740,28173.9999
1,392.5462,28.4422,28442.1999
1,392.7507,28.6467,28646.6999
1,393.2175,29.1135,29113.4999
1,393.4970,29.3930,29392.9999
1,393.7059,29.6019,29601.8999
1,394.1549,30.0509,30050.8999
1,394.2798,30.1758,30175.7999
1,394.3225,30.2185,30218.4999
1,394.4733,30.3693,30369.2999
1,394.6872,30.5832,30583.1999
1,394.7111,30.6071,30607.0999
1,394.8384,30.7344,30734.3999
1,394.8507,30.7467,30746.6999
1,394.9647,30.8607,30860.6999
1,395.0002,30.8962,30896.1999
1,395.0459,30.9419,30941.8999
1,395.0838,30.9798,30979.7999
1,395.2016,31.0976,31097.5999
1,395.3503,31.2463,31246.2999
1,395.3717,31.2677,31267.6999
1,395.3857,31.2817,31281.6999
1,395.3933,31.2893,31289.2999
1,395.6715,31.5675,31567.4999
1,395.6836,31.5796,31579.5999
1,395.7511,31.6471,31647.0999
1,395.7702,31.6662,31666.1999
1,395.8295,31.7255,31725.4999
1,395.8513,31.7473,31747.2999
1,395.8581,31.7541,31754.0999
1,395.8860,31.7820,31781.9999
1,395.9049,31.8009,31800.8999
1,396.0157,31.9117,31911.6999
1,396.0214,31.9174,31917.3999
1,396.0812,31.9772,31977.1999
1,396.3080,32.2040,32203.9999
1,396.3147,32.2107,32210.6999
1,396.3613,32.2573,32257.2999
1,396.8000,32.6960,32695.9999
1,396.9012,32.7972,32797.1999
1,397.6294,33.5254,33525.3999
1,397.6498,33.5458,33545.7999
1,397.6827,33.5787,33578.6999
1,397.7228,33.6188,33618.7999
1,397.9622,33.8582,33858.1999
1,398.3040,34.2000,34199.9999
1,398.5505,34.4465,34446.4999
1,398.8285,34.7245,34724.4999
1,399.0860,34.9820,34981.9999
1,399.5127,35.4087,35408.6999
1,399.5304,35.4264,35426.3999
1,399.9655,35.8615,35861.4999
1,400.0408,35.9368,35936.7999
1,400.1302,36.0262,36026.1999
1,400.9143,36.8103,36810.2999
1,400.9174,36.8134,36813.3999
1,400.9273,36.8233,36823.2999
1,401.1369,37.0329,37032.8999
1,401.7305,37.6265,37626.4999
1,401.8243,37.7203,37720.2999
1,402.0374,37.9334,37933.3999
1,402.0465,37.9425,37942.4999
1,402.1056,38.0016,38001.5999
1,402.1232,38.0192,38019.1999
1,402.2338,38.1298,38129.7999
1,402.2560,38.1520,38151.9999
1,402.4055,38.3015,38301.4999
1,402.5987,38.4947,38494.6999
1,402.9251,38.8211,38821.0999
1,403.3327,39.2287,39228.6999
1,403.4700,39.3660,39365.9999
1,403.6075,39.5035,39503.4999
1,403.6436,39.5396,39539.5999
1,404.1706,40.0666,40066.5999
1,404.4183,40.3143,40314.2999
1,404.6748,40.5708,40570.7999
1,404.8279,40.7239,40723.8999
1,405.0984,40.9944,40994.3999
1,405.7483,41.6443,41644.2999
1,405.9772,41.8732,41873.1999
1,406.1801,42.0761,42076.0999
1,406.2007,42.0967,42096.6999
1,406.4029,42.2989,42298.8999
1,406.6254,42.5214,42521.3999
1,407.2116,43.1076,43107.5999
1,407.7355,43.6315,43631.4999
1,407.8364,43.7324,43732.3999
1,407.8525,43.7485,43748.4999
1,409.3051,45.2011,45201.0999
1,409.7566,45.6526,45652.5999
1,409.8050,45.7010,45700.9999
1,410.2738,46.1698,46169.7999
1,412.6646,48.5606,48560.5999
1,414.6586,50.5546,50554.5999
1,414.7695,50.6655,50665.4999
1,414.8130,50.7090,50708.9999
1,414.8158,50.7118,50711.7999
1,414.8651,50.7611,50761.0999
1,415.3531,51.2491,51249.0999
1,416.1043,52.0003,52000.2999
1,416.1265,52.0225,52022.4999
1,416.1494,52.0454,52045.3999
1,416.4186,52.3146,52314.5999
1,416.6524,52.5484,52548.3999
1,417.0483,52.9443,52944.2999
1,419.1418,55.0378,55037.7999
1,422.5748,58.4708,58470.7999
1,422.5769,58.4729,58472.8999
1,422.6047,58.5007,58500.6999
1,422.8317,58.7277,58727.6999
1,424.4118,60.3078,60307.7999
1,424.4175,60.3135,60313.4999
1,424.4195,60.3155,60315.4999
1,426.1245,62.0205,62020.4999
1,426.2997,62.1957,62195.6999
1,426.3770,62.2730,62272.9999
1,426.4150,62.3110,62310.9999
1,427.0100,62.9060,62905.9999
1,427.6184,63.5144,63514.3999
1,427.6329,63.5289,63528.8999
1,427.6379,63.5339,63533.8999
1,429.1143,65.0103,65010.2999
1,429.3352,65.2312,65231.1999
1,429.3776,65.2736,65273.5999
1,429.4295,65.3255,65325.4999
1,429.5129,65.4089,65408.8999
1,429.5286,65.4246,65424.5999
1,429.6051,65.5011,65501.0999
1,429.6102,65.5062,65506.1999
1,429.8766,65.7726,65772.5999
1,430.7334,66.6294,66629.3999
1,430.8104,66.7064,66706.3999
1,430.9623,66.8583,66858.2999
1,430.9786,66.8746,66874.5999
1,431.0048,66.9008,66900.7999
1,431.2471,67.1431,67143.0999
1,431.2491,67.1451,67145.0999
1,431.4398,67.3358,67335.7999
1,431.4429,67.3389,67338.8999
1,431.4800,67.3760,67375.9999
1,431.5241,67.4201,67420.0999
1,431.5460,67.4420,67441.9999
1,431.6509,67.5469,67546.8999
1,431.8735,67.7695,67769.4999
1,432.5268,68.4228,68422.7999
1,432.6382,68.5342,68534.1999
1,432.7550,68.6510,68650.9999
1,432.9194,68.8154,68815.3999
1,433.9349,69.8309,69830.8999
1,434.0271,69.9231,69923.0999
1,434.2083,70.1043,70104.2999
1,434.8587,70.7547,70754.6999
1,435.1048,71.0008,71000.7999
1,435.4562,71.3522,71352.1999
1,435.5267,71.4227,71422.6999
1,435.5346,71.4306,71430.5999
1,435.5461,71.4421,71442.0999
1,435.5729,71.4689,71468.8999
1,435.7934,71.6894,71689.3999
1,436.1344,72.0304,72030.3999
1,436.3491,72.2451,72245.0999
1,436.9961,72.8921,72892.0999
1,437.0441,72.9401,72940.0999
1,437.5436,73.4396,73439.5999
1,437.6660,73.5620,73561.9999
1,437.8069,73.7029,73702.8999
1,438.0317,73.9277,73927.6999
1,438.0811,73.9771,73977.0999
1,438.1133,74.0093,74009.2999
1,438.1339,74.0299,74029.8999
1,438.2667,74.1627,74162.6999
1,438.3989,74.2949,74294.8999
1,438.4964,74.3924,74392.3999
1,438.7198,74.6158,74615.7999
1,438.7605,74.6565,74656.4999
1,438.8763,74.7723,74772.2999
1,438.9031,74.7991,74799.0999
1,439.5362,75.4322,75432.1999
1,441.2084,77.1044,77104.3999
1,441.4792,77.3752,77375.1999
1,441.6709,77.5669,77566.8999
1,441.8848,77.7808,77780.7999
1,441.9813,77.8773,77877.2999
1,444.0628,79.9588,79958.7999
1,444.9304,80.8264,80826.3999
1,444.9922,80.8882,80888.1999
1,445.0613,80.9573,80957.2999
1,445.0994,80.9954,80995.3999
1,445.8486,81.7446,81744.5999
1,446.1378,82.0338,82033.7999
1,446.2334,82.1294,82129.3999
1,446.2721,82.1681,82168.0999
1,446.4017,82.2977,82297.6999
1,446.4036,82.2996,82299.5999
1,446.4197,82.3157,82315.6999
1,446.4537,82.3497,82349.6999
1,446.5076,82.4036,82403.5999
1,446.5216,82.4176,82417.5999
1,446.5999,82.4959,82495.8999
1,446.6760,82.5720,82571.9999
1,446.7469,82.6429,82642.8999
1,446.9794,82.8754,82875.3999
1,447.6311,83.5271,83527.0999
1,447.6331,83.5291,83529.0999
1,447.6349,83.5309,83530.8999
1,447.8525,83.7485,83748.4999
1,447.8816,83.7776,83777.5999
1,447.8865,83.7825,83782.4999
1,447.9430,83.8390,83838.9999
1,448.8731,84.7691,84769.0999
1,448.9495,84.8455,84845.4999
1,449.0029,84.8989,84898.8999
1,449.1724,85.0684,85068.3999
1,449.5929,85.4889,85488.8999
1,449.7153,85.6113,85611.2999
1,449.9064,85.8024,85802.3999
1,450.4044,86.3004,86300.3999
1,450.5243,86.4203,86420.2999
1,450.6960,86.5920,86591.9999
1,450.7756,86.6716,86671.5999
1,450.7814,86.6774,86677.3999
1,450.7913,86.6873,86687.2999
1,450.8012,86.6972,86697.1999
1,450.8920,86.7880,86787.9999
1,451.0469,86.9429,86942.8999
1,451.2083,87.1043,87104.2999
1,451.2374,87.1334,87133.3999
1,451.3135,87.2095,87209.4999
1,451.3239,87.2199,87219.8999
1,451.3269,87.2229,87222.8999
1,451.3340,87.2300,87229.9999
1,451.3449,87.2409,87240.8999
1,451.4431,87.3391,87339.0999
1,451.4740,87.3700,87369.9999
1,451.6355,87.5315,87531.4999
1,452.0521,87.9481,87948.0999
1,452.0654,87.9614,87961.3999
1,452.1013,87.9973,87997.2999
1,452.4944,88.3904,88390.3999
1,452.6701,88.5661,88566.0999
1,453.4446,89.3406,89340.5999
1,453.4507,89.3467,89346.6999
1,453.4527,89.3487,89348.6999
1,455.7300,91.6260,91625.9999
1,455.9038,91.7998,91799.7999
1,456.5298,92.4258,92425.7999
1,456.5602,92.4562,92456.1999
1,457.2056,93.1016,93101.5999
1,457.3172,93.2132,93213.1999
1,458.1901,94.0861,94086.0999
1,458.3563,94.2523,94252.2999
1,458.3802,94.2762,94276.1999
1,458.4193,94.3153,94315.2999
1,458.4348,94.3308,94330.7999
1,458.6328,94.5288,94528.7999
1,459.1951,95.0911,95091.0999
1,459.8165,95.7125,95712.4999
1,459.8733,95.7693,95769.2999
1,460.2384,96.1344,96134.3999
1,462.3346,98.2306,98230.5999
1,462.7956,98.6916,98691.5999
1,462.9702,98.8662,98866.1999
1,463.0866,98.9826,98982.5999
1,463.1429,99.0389,99038.8999
1,464.1703,100.0663,100066.2999
1,464.5632,100.4592,100459.1999
1,464.5907,100.4867,100486.6999
1,464.6022,100.4982,100498.1999
1,464.7066,100.6026,100602.5999
1,464.8043,100.7003,100700.2999
1,465.3196,101.2156,101215.5999
1,466.0453,101.9413,101941.2999
1,466.3370,102.2330,102232.9999
1,466.6915,102.5875,102587.4999
1,466.9319,102.8279,102827.8999
1,467.1949,103.0909,103090.8999
1,467.2033,103.0993,103099.2999
1,467.4619,103.3579,103357.8999
1,467.7657,103.6617,103661.6999
1,468.0630,103.9590,103958.9999
1,468.1472,104.0432,104043.1999
1,468.2165,104.1125,104112.4999
1,469.5441,105.4401,105440.0999
1,469.8088,105.7048,105704.7999
1,469.8658,105.7618,105761.7999
1,470.1105,106.0065,106006.4999
1,470.2659,106.1619,106161.8999
1,470.8375,106.7335,106733.4999
1,470.8581,106.7541,106754.0999
1,474.6147,110.5107,110510.6999
1,474.6330,110.5290,110528.9999
1,474.6490,110.5450,110544.9999
1,475.2413,111.1373,111137.2999
1,475.7415,111.6375,111637.4999
1,475.9545,111.8505,111850.4999
1,476.5871,112.4831,112483.0999
1,477.4649,113.3609,113360.8999
1,478.8783,114.7743,114774.2999
1,479.4375,115.3335,115333.4999
1,479.4397,115.3357,115335.6999
1,480.6783,116.5743,116574.2999
1,480.8616,116.7576,116757.5999
1,481.0694,116.9654,116965.3999
1,481.4592,117.3552,117355.1999
1,481.7632,117.6592,117659.1999
1,481.7719,117.6679,117667.8999
1,481.7745,117.6705,117670.4999
1,481.9071,117.8031,117803.0999
1,481.9842,117.8802,117880.1999
1,481.9997,117.8957,117895.6999
1,482.0141,117.9101,117910.0999
1,482.0316,117.9276,117927.5999
1,482.0555,117.9515,117951.4999
1,482.1083,118.0043,118004.2999
1,482.3055,118.2015,118201.4999
1,482.5481,118.4441,118444.0999
1,482.7063,118.6023,118602.2999
1,483.1884,119.0844,119084.3999
1,483.4973,119.3933,119393.2999
1,483.9749,119.8709,119870.8999
1,484.4154,120.3114,120311.3999
1,484.6484,120.5444,120544.3999
1,484.6668,120.5628,120562.7999
1,484.9853,120.8813,120881.2999
1,485.0197,120.9157,120915.6999
1,485.2063,121.1023,121102.2999
1,485.3549,121.2509,121250.8999
1,485.6041,121.5001,121500.0999
1,485.7370,121.6330,121632.9999
1,486.1727,122.0687,122068.6999
1,486.2040,122.1000,122099.9999
1,486.8481,122.7441,122744.0999
1,488.2358,124.1318,124131.7999
1,488.7344,124.6304,124630.3999
1,489.1641,125.0601,125060.0999
1,489.6526,125.5486,125548.5999
1,490.3171,126.2131,126213.0999
1,490.3671,126.2631,126263.0999
1,490.4850,126.3810,126380.9999
1,490.4901,126.3861,126386.0999
1,490.9245,126.8205,126820.4999
1,491.1566,127.0526,127052.5999
1,491.7154,127.6114,127611.3999
1,491.9683,127.8643,127864.2999
1,492.0463,127.9423,127942.2999
1,492.3814,128.2774,128277.3999
1,492.6913,128.5873,128587.2999
1,495.2024,131.0984,131098.3999
1,495.2206,131.1166,131116.5999
1,495.2967,131.1927,131192.6999
1,495.5985,131.4945,131494.4999
1,495.8495,131.7455,131745.4999
1,495.9672,131.8632,131863.1999
1,496.0852,131.9812,131981.1999
1,496.2798,132.1758,132175.7999
1,496.3253,132.2213,132221.2999
1,497.1456,133.0416,133041.5999
1,497.1580,133.0540,133053.9999
1,497.6128,133.5088,133508.7999
1,497.7477,133.6437,133643.6999
1,499.8036,135.6996,135699.5999
1,500.2302,136.1262,136126.1999
1,500.2760,136.1720,136171.9999
1,500.9685,136.8645,136864.4999
1,501.2065,137.1025,137102.4999
1,502.0269,137.9229,137922.8999
1,502.2470,138.1430,138142.9999
1,502.4340,138.3300,138329.9999
1,502.7803,138.6763,138676.2999
1,503.0635,138.9595,138959.4999
1,503.1582,139.0542,139054.1999
1,503.7185,139.6145,139614.4999
1,504.2452,140.1412,140141.1999
1,504.5769,140.4729,140472.8999
1,504.7025,140.5985,140598.4999
1,504.8429,140.7389,140738.8999
1,505.3455,141.2415,141241.4999
1,506.4462,142.3422,142342.1999
1,506.5225,142.4185,142418.4999
1,506.8090,142.7050,142704.9999
1,507.1761,143.0721,143072.0999
1,507.2219,143.1179,143117.8999
1,507.2859,143.1819,143181.8999
1,507.3842,143.2802,143280.1999
1,507.5705,143.4665,143466.4999
1,507.9884,143.8844,143884.3999
1,508.2882,144.1842,144184.1999
1,508.8036,144.6996,144699.5999
1,508.8982,144.7942,144794.1999
1,508.9659,144.8619,144861.8999
1,509.0506,144.9466,144946.5999
1,509.1657,145.0617,145061.6999
1,509.3633,145.2593,145259.2999
1,509.5530,145.4490,145448.9999
1,509.7590,145.6550,145654.9999
1,510.5430,146.4390,146438.9999
1,510.6117,146.5077,146507.6999
1,510.6521,146.5481,146548.0999
1,510.6616,146.5576,146557.5999
1,510.7337,146.6297,146629.6999
1,511.0041,146.9001,146900.0999
1,511.0637,146.9597,146959.6999
1,511.1659,147.0619,147061.8999
1,511.3032,147.1992,147199.1999
1,511.4535,147.3495,147349.4999
1,511.5384,147.4344,147434.3999
1,511.5966,147.4926,147492.5999
1,511.6700,147.5660,147565.9999
1,511.7594,147.6554,147655.3999
1,511.8164,147.7124,147712.3999
1,511.8201,147.7161,147716.0999
1,511.8842,147.7802,147780.1999
1,511.9160,147.8120,147811.9999
1,511.9375,147.8335,147833.4999
1,511.9521,147.8481,147848.0999
1,511.9624,147.8584,147858.3999
1,511.9683,147.8643,147864.2999
1,512.0238,147.9198,147919.7999
1,512.0955,147.9915,147991.4999
1,512.1193,148.0153,148015.2999
1,512.1312,148.0272,148027.1999
1,512.4398,148.3358,148335.7999
1,512.5029,148.3989,148398.8999
1,512.5998,148.4958,148495.7999
1,512.7161,148.6121,148612.0999
1,512.7590,148.6550,148654.9999
1,512.8476,148.7436,148743.5999
1,512.8631,148.7591,148759.0999
1,513.0339,148.9299,148929.8999
1,513.0740,148.9700,148969.9999
1,513.2375,149.1335,149133.4999
1,513.3367,149.2327,149232.6999
1,513.5310,149.4270,149426.9999
1,513.5473,149.4433,149443.2999
1,513.5594,149.4554,149455.3999
1,513.7065,149.6025,149602.4999
1,513.7265,149.6225,149622.4999
1,513.7560,149.6520,149651.9999
1,513.9052,149.8012,149801.1999
1,514.2266,150.1226,150122.5999
1,514.2993,150.1953,150195.2999
1,514.3851,150.2811,150281.0999
1,514.4684,150.3644,150364.3999
1,514.5914,150.4874,150487.3999
1,514.6692,150.5652,150565.1999
1,514.7024,150.5984,150598.3999
1,514.7473,150.6433,150643.2999
1,514.7547,150.6507,150650.6999
1,514.8004,150.6964,150696.3999
1,514.8333,150.7293,150729.2999
1,514.8811,150.7771,150777.0999
1,514.8975,150.7935,150793.4999
1,515.1215,151.0175,151017.4999
1,515.1301,151.0261,151026.0999
1,515.1978,151.0938,151093.7999
1,515.2605,151.1565,151156.4999
1,515.5467,151.4427,151442.6999
1,516.1579,152.0539,152053.8999
1,516.2637,152.1597,152159.6999
1,516.2700,152.1660,152165.9999
1,516.2720,152.1680,152167.9999
1,516.4088,152.3048,152304.7999
1,516.4847,152.3807,152380.6999
1,516.6773,152.5733,152573.2999
1,516.6925,152.5885,152588.4999
1,516.7454,152.6414,152641.3999
1,516.9764,152.8724,152872.3999
1,517.8861,153.7821,153782.0999
1,517.8937,153.7897,153789.6999
1,518.2699,154.1659,154165.8999
1,518.3211,154.2171,154217.0999
1,520.4562,156.3522,156352.1999
1,520.5791,156.4751,156475.0999
1,521.0056,156.9016,156901.5999
1,521.0133,156.9093,156909.2999
1,521.0191,156.9151,156915.0999
1,521.4658,157.3618,157361.7999
1,522.3263,158.2223,158222.2999
1,523.1081,159.0041,159004.0999
1,523.1098,159.0058,159005.7999
1,523.1915,159.0875,159087.4999
1,524.2283,160.1243,160124.2999
1,524.2963,160.1923,160192.2999
1,524.3052,160.2012,160201.1999
1,526.4979,162.3939,162393.8999
1,527.7903,163.6863,163686.2999
1,527.8066,163.7026,163702.5999
1,528.8561,164.7521,164752.0999
1,530.8264,166.7224,166722.3999
1,531.2131,167.1091,167109.0999
1,531.6628,167.5588,167558.7999
1,531.8265,167.7225,167722.4999
1,534.6781,170.5741,170574.0999
1,534.7331,170.6291,170629.0999
1,535.0378,170.9338,170933.7999
1,535.3252,171.2212,171221.1999
1,535.3845,171.2805,171280.4999
1,535.4090,171.3050,171304.9999
1,535.4897,171.3857,171385.6999
1,535.5545,171.4505,171450.4999
1,535.9531,171.8491,171849.0999
1,536.3033,172.1993,172199.2999
1,536.4155,172.3115,172311.4999
1,536.4378,172.3338,172333.7999
1,536.4457,172.3417,172341.6999
1,536.4641,172.3601,172360.0999
1,536.6283,172.5243,172524.2999
1,536.6301,172.5261,172526.0999
1,536.6340,172.5300,172529.9999
1,536.6523,172.5483,172548.2999
1,536.6779,172.5739,172573.8999
1,536.6896,172.5856,172585.5999
1,536.7569,172.6529,172652.8999
1,539.0274,174.9234,174923.3999
1,539.0802,174.9762,174976.1999
1,539.3381,175.2341,175234.0999
1,539.7068,175.6028,175602.7999
1,539.9043,175.8003,175800.2999
1,540.4042,176.3002,176300.1999
1,540.6486,176.5446,176544.5999
1,541.1692,177.0652,177065.1999
1,541.2144,177.1104,177110.3999
1,541.3193,177.2153,177215.2999
1,541.4349,177.3309,177330.8999
1,542.2467,178.1427,178142.6999
1,542.3502,178.2462,178246.1999
1,543.1597,179.0557,179055.6999
1,543.3635,179.2595,179259.4999
1,543.4396,179.3356,179335.5999
1,544.5961,180.4921,180492.0999
1,544.9272,180.8232,180823.1999
1,545.1887,181.0847,181084.6999
1,545.2222,181.1182,181118.1999
1,545.2413,181.1373,181137.2999
1,545.3500,181.2460,181245.9999
1,545.5888,181.4848,181484.7999
1,545.9233,181.8193,181819.2999
1,545.9288,181.8248,181824.7999
1,546.1091,182.0051,182005.0999
1,546.2187,182.1147,182114.6999
1,546.2501,182.1461,182146.0999
1,546.3395,182.2355,182235.4999
1,546.4913,182.3873,182387.2999
1,546.5752,182.4712,182471.1999
1,546.6990,182.5950,182594.9999
1,546.8057,182.7017,182701.6999
1,546.8443,182.7403,182740.2999
1,546.8523,182.7483,182748.2999
1,546.9342,182.8302,182830.1999
1,546.9662,182.8622,182862.1999
1,547.1177,183.0137,183013.6999
1,547.1773,183.0733,183073.2999
1,547.4366,183.3326,183332.5999
1,547.5274,183.4234,183423.3999
1,547.6910,183.5870,183586.9999
1,548.0882,183.9842,183984.1999
1,549.8201,185.7161,185716.0999
1,551.2927,187.1887,187188.6999
1,551.5454,187.4414,187441.3999
1,551.7579,187.6539,187653.8999
1,552.2847,188.1807,188180.6999
1,552.3528,188.2488,188248.7999
1,553.9566,189.8526,189852.5999
1,554.4669,190.3629,190362.8999
1,554.9089,190.8049,190804.8999
1,555.2131,191.1091,191109.0999
1,555.3020,191.1980,191197.9999
1,555.3182,191.2142,191214.1999
1,555.4527,191.3487,191348.6999
1,555.7651,191.6611,191661.0999
1,556.0467,191.9427,191942.6999
1,556.9012,192.7972,192797.1999
1,557.0113,192.9073,192907.2999
1,557.1842,193.0802,193080.1999
1,557.2660,193.1620,193161.9999
1,557.2699,193.1659,193165.8999
1,557.4127,193.3087,193308.6999
1,557.5056,193.4016,193401.5999
1,557.8354,193.7314,193731.3999
1,558.0555,193.9515,193951.4999
1,558.8848,194.7808,194780.7999
1,559.0337,194.9297,194929.6999
1,559.4779,195.3739,195373.8999
1,559.6179,195.5139,195513.8999
1,559.7879,195.6839,195683.8999
1,560.4107,196.3067,196306.6999
1,560.4987,196.3947,196394.6999
1,560.5532,196.4492,196449.1999
1,560.9121,196.8081,196808.0999
1,560.9330,196.8290,196828.9999
1,560.9856,196.8816,196881.5999
1,561.0587,196.9547,196954.6999
1,561.3403,197.2363,197236.2999
1,561.3960,197.2920,197291.9999
1,561.4162,197.3122,197312.1999
1,561.4297,197.3257,197325.6999
1,561.5955,197.4915,197491.4999
1,561.6165,197.5125,197512.4999
1,561.9329,197.8289,197828.8999
1,561.9579,197.8539,197853.8999
1,562.1920,198.0880,198087.9999
1,562.5330,198.4290,198428.9999
1,562.5717,198.4677,198467.6999
1,562.6666,198.5626,198562.5999
1,562.7657,198.6617,198661.6999
1,562.7938,198.6898,198689.7999
1,562.8730,198.7690,198768.9999
1,562.9094,198.8054,198805.3999
1,562.9357,198.8317,198831.6999
1,563.0064,198.9024,198902.3999
1,563.0257,198.9217,198921.6999
1,563.0977,198.9937,198993.6999
1,563.1157,199.0117,199011.6999
1,563.1224,199.0184,199018.3999
1,563.1961,199.0921,199092.0999
1,563.2024,199.0984,199098.3999
1,563.6407,199.5367,199536.6999
1,563.8750,199.7710,199770.9999
1,564.1313,200.0273,200027.2999
1,564.2015,200.0975,200097.4999
1,564.4211,200.3171,200317.0999
1,564.5433,200.4393,200439.2999
1,564.7824,200.6784,200678.3999
1,565.1612,201.0572,201057.1999
1,565.2585,201.1545,201154.4999
1,565.3027,201.1987,201198.6999
1,565.3809,201.2769,201276.8999
1,565.5918,201.4878,201487.7999
1,565.6375,201.5335,201533.4999
1,565.8228,201.7188,201718.7999
1,567.2334,203.1294,203129.3999
1,567.2573,203.1533,203153.2999
1,567.2595,203.1555,203155.4999
1,567.8931,203.7891,203789.0999
1,568.4957,204.3917,204391.6999
1,568.7008,204.5968,204596.7999
1,569.0468,204.9428,204942.7999
1,569.4818,205.3778,205377.7999
1,569.5121,205.4081,205408.0999
1,569.9730,205.8690,205868.9999
1,570.1383,206.0343,206034.2999
1,570.1522,206.0482,206048.1999
1,570.2901,206.1861,206186.0999
1,570.3058,206.2018,206201.7999
1,570.3525,206.2485,206248.4999
1,570.8849,206.7809,206780.8999
1,572.2647,208.1607,208160.6999
1,572.4721,208.3681,208368.0999
1,572.5056,208.4016,208401.5999
1,573.2214,209.1174,209117.3999
1,573.3627,209.2587,209258.6999
1,573.6270,209.5230,209522.9999
1,575.4753,211.3713,211371.2999
1,575.7139,211.6099,211609.8999
1,575.7540,211.6500,211649.9999
1,576.0918,211.9878,211987.7999
1,576.2492,212.1452,212145.1999
1,576.4074,212.3034,212303.3999
1,577.2810,213.1770,213176.9999
1,577.4140,213.3100,213309.9999
1,577.7261,213.6221,213622.0999
1,577.9551,213.8511,213851.0999
1,578.0383,213.9343,213934.2999
1,578.1312,214.0272,214027.1999
1,578.2282,214.1242,214124.1999
1,579.4586,215.3546,215354.5999
1,579.4987,215.3947,215394.6999
1,579.9795,215.8755,215875.4999
1,581.4509,217.3469,217346.8999
1,581.4663,217.3623,217362.2999
1,581.5644,217.4604,217460.3999
1,581.7111,217.6071,217607.0999
1,581.7183,217.6143,217614.2999
1,581.8814,217.7774,217777.3999
1,581.9505,217.8465,217846.4999
1,582.1150,218.0110,218010.9999
1,582.1564,218.0524,218052.3999
1,582.1902,218.0862,218086.1999
1,582.4226,218.3186,218318.5999
1,582.5729,218.4689,218468.8999
1,582.5759,218.4719,218471.8999
1,582.5878,218.4838,218483.7999
1,582.7887,218.6847,218684.6999
1,583.0923,218.9883,218988.2999
1,583.7438,219.6398,219639.7999
1,583.7700,219.6660,219665.9999
1,583.9361,219.8321,219832.0999
1,584.1713,220.0673,220067.2999
1,584.3778,220.2738,220273.7999
1,585.9256,221.8216,221821.5999
1,586.3169,222.2129,222212.8999
1,586.4561,222.3521,222352.0999
1,586.5142,222.4102,222410.1999
1,586.6270,222.5230,222522.9999
1,586.6439,222.5399,222539.8999
1,586.7197,222.6157,222615.6999
1,586.7275,222.6235,222623.4999
1,587.0337,222.9297,222929.6999
1,587.4976,223.3936,223393.5999
1,587.5710,223.4670,223466.9999
1,587.5833,223.4793,223479.2999
1,588.9977,224.8937,224893.6999
1,589.0365,224.9325,224932.4999
1,589.1215,225.0175,225017.4999
1,589.1364,225.0324,225032.3999
1,589.2099,225.1059,225105.8999
1,589.3155,225.2115,225211.4999
1,589.7599,225.6559,225655.8999
1,589.9980,225.8940,225893.9999
1,590.1725,226.0685,226068.4999
1,590.3858,226.2818,226281.7999
1,590.9765,226.8725,226872.4999
1,591.1697,227.0657,227065.6999
1,591.2458,227.1418,227141.7999
1,594.0590,229.9550,229954.9999
1,596.2140,232.1100,232109.9999
1,597.4504,233.3464,233346.3999
1,597.4954,233.3914,233391.3999
1,597.6375,233.5335,233533.4999
1,597.7449,233.6409,233640.8999
1,597.7656,233.6616,233661.5999
1,597.8539,233.7499,233749.8999
1,597.8630,233.7590,233758.9999
1,597.8697,233.7657,233765.6999
1,597.8827,233.7787,233778.6999
1,597.9282,233.8242,233824.1999
1,597.9841,233.8801,233880.0999
1,597.9966,233.8926,233892.5999
1,598.2797,234.1757,234175.6999
1,598.3381,234.2341,234234.0999
1,598.7215,234.6175,234617.4999
1,600.2394,236.1354,236135.3999
1,600.2577,236.1537,236153.6999
1,600.4794,236.3754,236375.3999
1,601.5136,237.4096,237409.5999
1,602.3175,238.2135,238213.4999
1,602.9085,238.8045,238804.4999
1,603.1497,239.0457,239045.6999
1,603.2168,239.1128,239112.7999
1,603.4194,239.3154,239315.3999
1,603.4947,239.3907,239390.6999
1,603.6029,239.4989,239498.8999
1,604.0393,239.9353,239935.2999
1,604.2701,240.1661,240166.0999
1,604.5502,240.4462,240446.1999
1,604.5852,240.4812,240481.1999
1,604.9946,240.8906,240890.5999
1,606.6051,242.5011,242501.0999
1,607.8411,243.7371,243737.0999
1,607.9385,243.8345,243834.4999
1,608.1212,244.0172,244017.1999
1,608.1768,244.0728,244072.7999
1,608.2632,244.1592,244159.1999
1,608.6993,244.5953,244595.2999
1,608.9419,244.8379,244837.8999
1,608.9496,244.8456,244845.5999
1,608.9980,244.8940,244893.9999
1,609.5038,245.3998,245399.7999
1,609.6615,245.5575,245557.4999
1,611.1143,247.0103,247010.2999
1,611.1508,247.0468,247046.7999
1,611.1627,247.0587,247058.6999
1,611.6422,247.5382,247538.1999
1,611.8596,247.7556,247755.5999
1,611.8923,247.7883,247788.2999
1,611.9500,247.8460,247845.9999
1,612.1551,248.0511,248051.0999
1,612.2041,248.1001,248100.0999
1,612.2270,248.1230,248122.9999
1,615.6546,251.5506,251550.5999
1,616.8810,252.7770,252776.9999
1,617.3508,253.2468,253246.7999
1,617.8501,253.7461,253746.0999
1,617.9892,253.8852,253885.1999
1,618.1271,254.0231,254023.0999
1,618.1630,254.0590,254058.9999
1,618.2529,254.1489,254148.8999
1,618.2848,254.1808,254180.7999
1,618.3764,254.2724,254272.3999
1,618.8193,254.7153,254715.2999
1,619.1685,255.0645,255064.4999
1,619.4098,255.3058,255305.7999
1,619.5058,255.4018,255401.7999
1,619.5701,255.4661,255466.0999
1,619.8583,255.7543,255754.2999
1,620.0332,255.9292,255929.1999
1,620.0874,255.9834,255983.3999
1,620.3147,256.2107,256210.6999
1,620.4404,256.3364,256336.3999
1,620.5141,256.4101,256410.0999
1,620.6179,256.5139,256513.8999
1,620.6653,256.5613,256561.2999
1,620.6914,256.5874,256587.3999
1,620.8155,256.7115,256711.4999
1,620.8501,256.7461,256746.0999
1,620.9136,256.8096,256809.5999
1,621.0667,256.9627,256962.6999
1,621.0744,256.9704,256970.3999
1,621.1627,257.0587,257058.6999
1,621.2132,257.1092,257109.1999
1,621.3150,257.2110,257210.9999
1,621.3520,257.2480,257247.9999
1,621.3934,257.2894,257289.3999
1,621.5620,257.4580,257457.9999
1,621.6023,257.4983,257498.2999
1,621.8002,257.6962,257696.1999
1,621.8815,257.7775,257777.4999
1,621.9082,257.8042,257804.1999
1,621.9302,257.8262,257826.1999
1,621.9883,257.8843,257884.2999
1,622.0519,257.9479,257947.8999
1,622.1883,258.0843,258084.2999
1,622.2243,258.1203,258120.2999
1,622.2885,258.1845,258184.4999
1,622.6120,258.5080,258507.9999
1,622.6790,258.5750,258574.9999
1,622.7206,258.6166,258616.5999
1,622.7982,258.6942,258694.1999
1,623.0995,258.9955,258995.4999
1,623.5562,259.4522,259452.1999
1,623.6542,259.5502,259550.1999
1,623.6962,259.5922,259592.1999
1,623.7165,259.6125,259612.4999
1,623.7987,259.6947,259694.6999
1,623.8090,259.7050,259704.9999
1,623.8449,259.7409,259740.8999
1,623.9159,259.8119,259811.8999
1,623.9774,259.8734,259873.3999
1,623.9896,259.8856,259885.5999
1,624.0962,259.9922,259992.1999
1,624.1354,260.0314,260031.3999
1,624.1662,260.0622,260062.1999
1,624.2213,260.1173,260117.2999
1,624.2623,260.1583,260158.2999
1,624.2680,260.1640,260163.9999
1,624.3028,260.1988,260198.7999
1,624.3060,260.2020,260201.9999
1,624.3718,260.2678,260267.7999
1,624.4094,260.3054,260305.3999
1,624.4456,260.3416,260341.5999
1,624.5073,260.4033,260403.2999
1,624.5190,260.4150,260414.9999
1,624.5518,260.4478,260447.7999
1,624.6721,260.5681,260568.0999
1,624.7409,260.6369,260636.8999
1,624.8012,260.6972,260697.1999
1,624.8257,260.7217,260721.6999
1,624.9630,260.8590,260858.9999
1,624.9970,260.8930,260892.9999
1,625.0977,260.9937,260993.6999
1,625.1168,261.0128,261012.7999
1,625.1309,261.0269,261026.8999
1,625.2937,261.1897,261189.6999
1,625.3351,261.2311,261231.0999
1,625.3565,261.2525,261252.4999
1,625.5305,261.4265,261426.4999
1,625.7178,261.6138,261613.7999
1,625.8122,261.7082,261708.1999
1,625.9599,261.8559,261855.8999
1,626.2167,262.1127,262112.6999
1,626.3023,262.1983,262198.2999
1,626.5382,262.4342,262434.1999
1,626.5602,262.4562,262456.1999
1,626.6564,262.5524,262552.3999
1,626.7807,262.6767,262676.6999
1,626.8246,262.7206,262720.5999
1,627.0290,262.9250,262924.9999
1,627.2498,263.1458,263145.7999
1,627.2658,263.1618,263161.7999
1,627.2782,263.1742,263174.1999
1,627.3585,263.2545,263254.4999
1,627.3717,263.2677,263267.6999
1,627.4663,263.3623,263362.2999
1,627.7563,263.6523,263652.2999
1,627.9796,263.8756,263875.5999
1,628.0651,263.9611,263961.0999
1,628.2116,264.1076,264107.5999
1,628.3650,264.2610,264260.9999
1,628.4085,264.3045,264304.4999
1,628.4822,264.3782,264378.1999
1,628.7618,264.6578,264657.7999
1,628.9499,264.8459,264845.8999
1,628.9941,264.8901,264890.0999
1,629.0230,264.9190,264918.9999
1,629.2795,265.1755,265175.4999
1,629.3696,265.2656,265265.5999
1,629.4248,265.3208,265320.7999
1,629.4444,265.3404,265340.3999
1,629.4740,265.3700,265369.9999
1,629.5070,265.4030,265402.9999
1,629.6908,265.5868,265586.7999
1,629.7469,265.6429,265642.8999
1,629.7933,265.6893,265689.2999
1,630.0006,265.8966,265896.5999
1,630.0513,265.9473,265947.2999
1,630.0691,265.9651,265965.0999
1,630.0944,265.9904,265990.3999
1,630.1007,265.9967,265996.6999
1,630.1571,266.0531,266053.0999
1,630.1592,266.0552,266055.1999
1,630.1991,266.0951,266095.0999
1,630.2605,266.1565,266156.4999
1,630.3998,266.2958,266295.7999
1,630.4377,266.3337,266333.6999
1,630.4443,266.3403,266340.2999
1,630.4622,266.3582,266358.1999
1,630.6655,266.5615,266561.4999
1,630.9196,266.8156,266815.5999
1,631.0398,266.9358,266935.7999
1,631.1854,267.0814,267081.3999
1,631.2819,267.1779,267177.8999
1,631.6159,267.5119,267511.8999
1,631.7880,267.6840,267683.9999
1,631.9663,267.8623,267862.2999
1,632.2139,268.1099,268109.8999
1,632.8867,268.7827,268782.6999
1,633.0980,268.9940,268993.9999
1,633.3257,269.2217,269221.6999
1,633.4699,269.3659,269365.8999
1,633.6587,269.5547,269554.6999
1,633.8903,269.7863,269786.2999
1,634.3605,270.2565,270256.4999
1,634.5045,270.4005,270400.4999
1,634.5685,270.4645,270464.4999
1,634.6324,270.5284,270528.3999
1,634.7431,270.6391,270639.0999
1,634.7782,270.6742,270674.1999
1,635.6397,271.5357,271535.6999
1,636.1542,272.0502,272050.1999
1,638.4006,274.2966,274296.5999
1,638.9402,274.8362,274836.1999
1,639.1060,275.0020,275001.9999
1,639.2479,275.1439,275143.8999
1,639.2968,275.1928,275192.7999
1,639.3135,275.2095,275209.4999
1,639.7164,275.6124,275612.3999
1,640.4111,276.3071,276307.0999
1,641.1204,277.0164,277016.3999
1,641.1963,277.0923,277092.2999
1,641.3418,277.2378,277237.7999
1,641.3777,277.2737,277273.6999
1,642.1676,278.0636,278063.5999
1,642.2466,278.1426,278142.5999
1,642.3619,278.2579,278257.8999
1,642.4131,278.3091,278309.0999
1,642.4741,278.3701,278370.0999
1,642.7463,278.6423,278642.2999
1,642.7891,278.6851,278685.0999
1,642.8786,278.7746,278774.5999
1,642.9701,278.8661,278866.0999
1,643.0017,278.8977,278897.6999
1,643.2112,279.1072,279107.1999
1,643.4143,279.3103,279310.2999
1,643.5470,279.4430,279442.9999
1,643.5779,279.4739,279473.8999
1,643.6300,279.5260,279525.9999
1,643.6870,279.5830,279582.9999
1,643.8327,279.7287,279728.6999
1,643.9094,279.8054,279805.3999
1,644.1413,280.0373,280037.2999
1,644.3081,280.2041,280204.0999
1,644.3861,280.2821,280282.0999
1,644.4786,280.3746,280374.5999
1,644.6119,280.5079,280507.8999
1,644.8495,280.7455,280745.4999
1,645.0979,280.9939,280993.8999
1,645.1985,281.0945,281094.4999
1,645.2893,281.1853,281185.2999
1,645.4562,281.3522,281352.1999
1,645.6512,281.5472,281547.1999
1,645.8037,281.6997,281699.6999
1,646.3381,282.2341,282234.0999
1,646.4131,282.3091,282309.0999
1,646.5026,282.3986,282398.5999
1,646.7547,282.6507,282650.6999
1,647.2261,283.1221,283122.0999
1,647.3973,283.2933,283293.2999
1,647.6134,283.5094,283509.3999
1,647.7376,283.6336,283633.5999
1,647.7761,283.6721,283672.0999
1,647.8322,283.7282,283728.1999
1,647.8910,283.7870,283786.9999
1,648.0585,283.9545,283954.4999
1,648.1453,284.0413,284041.2999
1,648.1706,284.0666,284066.5999
1,648.2734,284.1694,284169.3999
1,648.2946,284.1906,284190.5999
1,648.3351,284.2311,284231.0999
1,648.3487,284.2447,284244.6999
1,648.3944,284.2904,284290.3999
1,648.5104,284.4064,284406.3999
1,648.6089,284.5049,284504.8999
1,648.6205,284.5165,284516.4999
1,648.8209,284.7169,284716.8999
1,648.8901,284.7861,284786.0999
1,648.9351,284.8311,284831.0999
1,649.2743,285.1703,285170.2999
1,649.4818,285.3778,285377.7999
1,649.7360,285.6320,285631.9999
1,649.7745,285.6705,285670.4999
1,649.7856,285.6816,285681.5999
1,649.8989,285.7949,285794.8999
1,649.9833,285.8793,285879.2999
1,650.1343,286.0303,286030.2999
1,650.8146,286.7106,286710.5999
1,650.9755,286.8715,286871.4999
1,651.0880,286.9840,286983.9999
1,651.1573,287.0533,287053.2999
1,651.8758,287.7718,287771.7999
1,651.8788,287.7748,287774.7999
1,651.9932,287.8892,287889.1999
1,652.0293,287.9253,287925.2999
1,652.1761,288.0721,288072.0999
1,652.1860,288.0820,288081.9999
1,652.1989,288.0949,288094.8999
1,652.2562,288.1522,288152.1999
1,652.3036,288.1996,288199.5999
1,652.4741,288.3701,288370.0999
1,652.4885,288.3845,288384.4999
1,652.5536,288.4496,288449.5999
1,652.5896,288.4856,288485.5999
1,652.6214,288.5174,288517.3999
1,652.9200,288.8160,288815.9999
1,653.0269,288.9229,288922.8999
1,653.4217,289.3177,289317.6999
1,654.4274,290.3234,290323.3999
1,655.6169,291.5129,291512.8999
1,655.7502,291.6462,291646.1999
1,655.7895,291.6855,291685.4999
1,655.8208,291.7168,291716.7999
1,655.8973,291.7933,291793.2999
1,656.0519,291.9479,291947.8999
1,657.0383,292.9343,292934.2999
1,657.4210,293.3170,293316.9999
1,657.4268,293.3228,293322.7999
1,657.5716,293.4676,293467.5999
1,657.5810,293.4770,293476.9999
1,657.5893,293.4853,293485.2999
1,657.6235,293.5195,293519.4999
1,657.6513,293.5473,293547.2999
1,657.8558,293.7518,293751.7999
1,657.9740,293.8700,293869.9999
1,658.1093,294.0053,294005.2999
1,658.4634,294.3594,294359.3999
1,658.5376,294.4336,294433.5999
1,658.7019,294.5979,294597.8999
1,659.0083,294.9043,294904.2999
1,659.3165,295.2125,295212.4999
1,659.3858,295.2818,295281.7999
1,659.5604,295.4564,295456.3999
1,659.6780,295.5740,295573.9999
1,659.6798,295.5758,295575.7999
1,659.6896,295.5856,295585.5999
1,659.7136,295.6096,295609.5999
1,659.8037,295.6997,295699.6999
1,659.8235,295.7195,295719.4999
1,660.2099,296.1059,296105.8999
1,660.2950,296.1910,296190.9999
1,660.4724,296.3684,296368.3999
1,660.6842,296.5802,296580.1999
1,660.7020,296.5980,296597.9999
1,660.7150,296.6110,296610.9999
1,660.9610,296.8570,296856.9999
1,661.0386,296.9346,296934.5999
1,661.2248,297.1208,297120.7999
1,661.2633,297.1593,297159.2999
1,661.4365,297.3325,297332.4999
1,661.4500,297.3460,297345.9999
1,661.5507,297.4467,297446.6999
1,661.7608,297.6568,297656.7999
1,661.8934,297.7894,297789.3999
1,662.5458,298.4418,298441.7999
1,663.0016,298.8976,298897.5999
1,663.9025,299.7985,299798.4999
1,664.2462,300.1422,300142.1999
1,664.4062,300.3022,300302.1999
1,665.6550,301.5510,301550.9999
1,665.8407,301.7367,301736.6999
1,666.0000,301.8960,301895.9999
1,666.0409,301.9369,301936.8999
1,666.0689,301.9649,301964.8999
1,666.1714,302.0674,302067.3999
1,666.4467,302.3427,302342.6999
1,666.5877,302.4837,302483.6999
1,667.0306,302.9266,302926.5999
1,667.0506,302.9466,302946.5999
1,667.1820,303.0780,303077.9999
1,667.2900,303.1860,303185.9999
1,667.3323,303.2283,303228.2999
1,667.5410,303.4370,303436.9999
1,667.9357,303.8317,303831.6999
1,668.2333,304.1293,304129.2999
1,668.3538,304.2498,304249.7999
1,668.4920,304.3880,304387.9999
1,668.5669,304.4629,304462.8999
1,668.6457,304.5417,304541.6999
1,669.4339,305.3299,305329.8999
1,669.9192,305.8152,305815.1999
1,669.9561,305.8521,305852.0999
1,670.0138,305.9098,305909.7999
1,670.0239,305.9199,305919.8999
1,670.1807,306.0767,306076.6999
1,670.2316,306.1276,306127.5999
1,670.3051,306.2011,306201.0999
1,670.3372,306.2332,306233.1999
1,670.7319,306.6279,306627.8999
1,670.9250,306.8210,306820.9999
1,670.9675,306.8635,306863.4999
1,670.9985,306.8945,306894.4999
1,671.0183,306.9143,306914.2999
1,671.1739,307.0699,307069.8999
1,671.5328,307.4288,307428.7999
1,671.9866,307.8826,307882.5999
1,672.0275,307.9235,307923.4999
1,672.3530,308.2490,308248.9999
1,672.3718,308.2678,308267.7999
1,672.5955,308.4915,308491.4999
1,672.7319,308.6279,308627.8999
1,673.8606,309.7566,309756.5999
1,674.2571,310.1531,310153.0999
1,674.2589,310.1549,310154.8999
1,674.2683,310.1643,310164.2999
1,674.2756,310.1716,310171.5999
1,674.2810,310.1770,310176.9999
1,674.2849,310.1809,310180.8999
1,674.6977,310.5937,310593.6999
1,675.6216,311.5176,311517.5999
1,675.7067,311.6027,311602.6999
1,676.0847,311.9807,311980.6999
1,676.0932,311.9892,311989.1999
1,676.7366,312.6326,312632.5999
1,676.7789,312.6749,312674.8999
1,676.9556,312.8516,312851.5999
1,677.7047,313.6007,313600.6999
1,677.7974,313.6934,313693.3999
1,677.8684,313.7644,313764.3999
1,677.9313,313.8273,313827.2999
1,678.2739,314.1699,314169.8999
1,678.3738,314.2698,314269.7999
1,678.6874,314.5834,314583.3999
1,678.7211,314.6171,314617.0999
1,678.8723,314.7683,314768.2999
1,679.3376,315.2336,315233.5999
1,679.6612,315.5572,315557.1999
1,680.4753,316.3713,316371.2999
1,680.5534,316.4494,316449.3999
1,681.0511,316.9471,316947.0999
1,681.3165,317.2125,317212.4999
1,681.3411,317.2371,317237.0999
1,681.4449,317.3409,317340.8999
1,681.5638,317.4598,317459.7999
1,681.6308,317.5268,317526.7999
1,681.9129,317.8089,317808.8999
1,682.0197,317.9157,317915.6999
1,682.8078,318.7038,318703.7999
1,683.1475,319.0435,319043.4999
1,683.1907,319.0867,319086.6999
1,683.2406,319.1366,319136.5999
1,683.5749,319.4709,319470.8999
1,683.6067,319.5027,319502.6999
1,683.6372,319.5332,319533.1999
1,683.7302,319.6262,319626.1999
1,683.8802,319.7762,319776.1999
1,683.9048,319.8008,319800.7999
1,684.0262,319.9222,319922.1999
1,684.0467,319.9427,319942.6999
1,684.2090,320.1050,320104.9999
1,684.3690,320.2650,320264.9999
1,685.0784,320.9744,320974.3999
1,685.4259,321.3219,321321.8999
1,685.7139,321.6099,321609.8999
1,685.8717,321.7677,321767.6999
1,686.2389,322.1349,322134.8999
1,686.3524,322.2484,322248.3999
1,686.5604,322.4564,322456.3999
1,686.5749,322.4709,322470.8999
1,686.7499,322.6459,322645.8999
1,686.7726,322.6686,322668.5999
1,686.9708,322.8668,322866.7999
1,687.1842,323.0802,323080.1999
1,687.2732,323.1692,323169.1999
1,687.3006,323.1966,323196.5999
1,687.3127,323.2087,323208.6999
1,687.5437,323.4397,323439.6999
1,687.6168,323.5128,323512.7999
1,688.1321,324.0281,324028.0999
1,688.2848,324.1808,324180.7999
1,689.0303,324.9263,324926.2999
1,689.5538,325.4498,325449.7999
1,689.7300,325.6260,325625.9999
1,689.9084,325.8044,325804.3999
1,691.2033,327.0993,327099.2999
1,691.5452,327.4412,327441.1999
1,691.6877,327.5837,327583.6999
1,692.0639,327.9599,327959.8999
1,692.6788,328.5748,328574.7999
1,694.6004,330.4964,330496.3999
1,695.4065,331.3025,331302.4999
1,695.6583,331.5543,331554.2999
1,695.8397,331.7357,331735.6999
1,695.8485,331.7445,331744.4999
1,695.9006,331.7966,331796.5999
1,696.1787,332.0747,332074.6999
1,696.9233,332.8193,332819.2999
1,697.0165,332.9125,332912.4999
1,697.0373,332.9333,332933.2999
1,697.4306,333.3266,333326.5999
1,697.6784,333.5744,333574.3999
1,698.1103,334.0063,334006.2999
1,698.1265,334.0225,334022.4999
1,698.4319,334.3279,334327.8999
1,698.4785,334.3745,334374.4999
1,698.6283,334.5243,334524.2999
1,698.6870,334.5830,334582.9999
1,698.7263,334.6223,334622.2999
1,698.8741,334.7701,334770.0999
1,698.9316,334.8276,334827.5999
1,699.1045,335.0005,335000.4999
1,699.1071,335.0031,335003.0999
1,699.1313,335.0273,335027.2999
1,699.1636,335.0596,335059.5999
1,699.2137,335.1097,335109.6999
1,699.2165,335.1125,335112.4999
1,699.2776,335.1736,335173.5999
1,699.3542,335.2502,335250.1999
1,699.3987,335.2947,335294.6999
1,699.4438,335.3398,335339.7999
1,699.5799,335.4759,335475.8999
1,699.6323,335.5283,335528.2999
1,699.6510,335.5470,335546.9999
1,699.6589,335.5549,335554.8999
1,699.6690,335.5650,335564.9999
1,699.6898,335.5858,335585.7999
1,699.9526,335.8486,335848.5999
1,700.0689,335.9649,335964.8999
1,700.2124,336.1084,336108.3999
1,700.3256,336.2216,336221.5999
1,700.3656,336.2616,336261.5999
1,700.4607,336.3567,336356.6999
1,700.5058,336.4018,336401.7999
1,700.5838,336.4798,336479.7999
1,701.1729,337.0689,337068.8999
1,701.9672,337.8632,337863.1999
1,703.1716,339.0676,339067.5999
1,703.2727,339.1687,339168.6999
1,703.4248,339.3208,339320.7999
1,704.5972,340.4932,340493.1999
1,704.6639,340.5599,340559.8999
1,704.7053,340.6013,340601.2999
1,704.8575,340.7535,340753.4999
1,704.8837,340.7797,340779.6999
1,704.9392,340.8352,340835.1999
1,705.0076,340.9036,340903.5999
1,705.1392,341.0352,341035.1999
1,705.1888,341.0848,341084.7999
1,705.2853,341.1813,341181.2999
1,705.3815,341.2775,341277.4999
1,705.4970,341.3930,341392.9999
1,705.5539,341.4499,341449.8999
1,705.5770,341.4730,341472.9999
1,705.5874,341.4834,341483.3999
1,705.6028,341.4988,341498.7999
1,705.6819,341.5779,341577.8999
1,705.6844,341.5804,341580.3999
1,705.6971,341.5931,341593.0999
1,705.8623,341.7583,341758.2999
1,705.9612,341.8572,341857.1999
1,706.0094,341.9054,341905.3999
1,706.4839,342.3799,342379.8999
1,706.6519,342.5479,342547.8999
1,706.9504,342.8464,342846.3999
1,707.8577,343.7537,343753.6999
1,708.1816,344.0776,344077.5999
1,708.9820,344.8780,344877.9999
1,708.9846,344.8806,344880.5999
1,709.0444,344.9404,344940.3999
1,709.1112,345.0072,345007.1999
1,709.1627,345.0587,345058.6999
1,709.1936,345.0896,345089.5999
1,709.2856,345.1816,345181.5999
1,709.3328,345.2288,345228.7999
1,709.4275,345.3235,345323.4999
1,709.5028,345.3988,345398.7999
1,709.5496,345.4456,345445.5999
1,709.6057,345.5017,345501.6999
1,709.8695,345.7655,345765.4999
1,710.2560,346.1520,346151.9999
1,710.2813,346.1773,346177.2999
1,710.4765,346.3725,346372.4999
1,712.2785,348.1745,348174.4999
1,713.2846,349.1806,349180.5999
1,713.2900,349.1860,349185.9999
1,713.3008,349.1968,349196.7999
1,713.4150,349.3110,349310.9999
1,713.5120,349.4080,349407.9999
1,715.4224,351.3184,351318.3999
1,715.6995,351.5955,351595.4999
1,715.7094,351.6054,351605.3999
1,718.0454,353.9414,353941.3999
1,718.4191,354.3151,354315.0999
1,718.9474,354.8434,354843.3999
1,720.3221,356.2181,356218.0999
1,721.7198,357.6158,357615.7999
1,722.4041,358.3001,358300.0999
1,726.1421,362.0381,362038.0999
1,726.8440,362.7400,362739.9999
1,726.8999,362.7959,362795.8999
1,727.0435,362.9395,362939.4999
1,727.0984,362.9944,362994.3999
1,727.1295,363.0255,363025.4999
1,728.3181,364.2141,364214.0999
1,728.9551,364.8511,364851.0999
1,729.1811,365.0771,365077.0999
1,729.5749,365.4709,365470.8999
1,729.6056,365.5016,365501.5999
1,729.9575,365.8535,365853.4999
1,730.0656,365.9616,365961.5999
1,730.1095,366.0055,366005.4999
1,730.2206,366.1166,366116.5999
1,730.2628,366.1588,366158.7999
1,730.5398,366.4358,366435.7999
1,730.5840,366.4800,366479.9999
1,730.6592,366.5552,366555.1999
1,730.6892,366.5852,366585.1999
1,730.9183,366.8143,366814.2999
1,731.0745,366.9705,366970.4999
1,731.1113,367.0073,367007.2999
1,731.3175,367.2135,367213.4999
1,731.4984,367.3944,367394.3999
1,731.6079,367.5039,367503.8999
1,731.6283,367.5243,367524.2999
1,731.8805,367.7765,367776.4999
1,732.4576,368.3536,368353.5999
1,732.4596,368.3556,368355.5999
1,732.4893,368.3853,368385.2999
1,735.0768,370.9728,370972.7999
1,735.8243,371.7203,371720.2999
1,737.5780,373.4740,373473.9999
1,739.0337,374.9297,374929.6999
1,739.1341,375.0301,375030.0999
1,739.5507,375.4467,375446.6999
1,739.5848,375.4808,375480.7999
1,739.6129,375.5089,375508.8999
1,740.2397,376.1357,376135.6999
1,740.5020,376.3980,376397.9999
1,740.5851,376.4811,376481.0999
1,741.4524,377.3484,377348.3999
1,741.7418,377.6378,377637.7999
1,741.8043,377.7003,377700.2999
1,741.8186,377.7146,377714.5999
1,741.8462,377.7422,377742.1999
1,743.0946,378.9906,378990.5999
1,743.5502,379.4462,379446.1999
1,743.7006,379.5966,379596.5999
1,744.5371,380.4331,380433.0999
1,744.8161,380.7121,380712.0999
1,744.9877,380.8837,380883.6999
1,745.5288,381.4248,381424.7999
1,745.9012,381.7972,381797.1999
1,745.9706,381.8666,381866.5999
1,746.0042,381.9002,381900.1999
1,746.0082,381.9042,381904.1999
1,746.0827,381.9787,381978.6999
1,746.1672,382.0632,382063.1999
1,746.2451,382.1411,382141.0999
1,746.4165,382.3125,382312.4999
1,746.7743,382.6703,382670.2999
1,747.7335,383.6295,383629.4999
1,747.8913,383.7873,383787.2999
1,747.9370,383.8330,383832.9999
1,748.1032,383.9992,383999.1999
1,748.1748,384.0708,384070.7999
1,748.6005,384.4965,384496.4999
1,748.8184,384.7144,384714.3999
1,749.1654,385.0614,385061.3999
1,749.1997,385.0957,385095.6999
1,749.2409,385.1369,385136.8999
1,749.2660,385.1620,385161.9999
1,749.2857,385.1817,385181.6999
1,749.4273,385.3233,385323.2999
1,749.4631,385.3591,385359.0999
1,749.5246,385.4206,385420.5999
1,749.6702,385.5662,385566.1999
1,749.8357,385.7317,385731.6999
1,749.9294,385.8254,385825.3999
1,750.1305,386.0265,386026.4999
1,750.2663,386.1623,386162.2999
1,750.3070,386.2030,386202.9999
1,750.4245,386.3205,386320.4999
1,750.7170,386.6130,386612.9999
1,751.0623,386.9583,386958.2999
1,751.1488,387.0448,387044.7999
1,751.3565,387.2525,387252.4999
1,752.2728,388.1688,388168.7999
1,753.0910,388.9870,388986.9999
1,753.2474,389.1434,389143.3999
1,753.2606,389.1566,389156.5999
1,753.2632,389.1592,389159.1999
1,753.3192,389.2152,389215.1999
1,753.3388,389.2348,389234.7999
1,753.7938,389.6898,389689.7999
1,753.9960,389.8920,389891.9999
1,754.0329,389.9289,389928.8999
1,754.2975,390.1935,390193.4999
1,754.5471,390.4431,390443.0999
1,754.5827,390.4787,390478.6999
1,755.6245,391.5205,391520.4999
1,755.6310,391.5270,391526.9999
1,756.3604,392.2564,392256.3999
1,756.8329,392.7289,392728.8999
1,756.9058,392.8018,392801.7999
1,757.0109,392.9069,392906.8999
1,757.1454,393.0414,393041.3999
1,759.0602,394.9562,394956.1999
1,759.2789,395.1749,395174.8999
1,759.7801,395.6761,395676.0999
1,760.0770,395.9730,395972.9999
1,760.7668,396.6628,396662.7999
1,761.1125,397.0085,397008.4999
1,762.9695,398.8655,398865.4999
1,764.0200,399.9160,399915.9999
1,764.1062,400.0022,400002.1999
1,764.2564,400.1524,400152.3999
1,764.3046,400.2006,400200.5999
1,764.9308,400.8268,400826.7999
1,765.2973,401.1933,401193.2999
1,765.5269,401.4229,401422.8999
1,765.6997,401.5957,401595.6999
1,765.8053,401.7013,401701.2999
1,765.9327,401.8287,401828.6999
1,766.0832,401.9792,401979.1999
1,766.2092,402.1052,402105.1999
1,766.2825,402.1785,402178.4999
1,766.4964,402.3924,402392.3999
1,766.5535,402.4495,402449.4999
1,766.6884,402.5844,402584.3999
1,766.8178,402.7138,402713.7999
1,766.9548,402.8508,402850.7999
1,767.1372,403.0332,403033.1999
1,767.2167,403.1127,403112.6999
1,767.4842,403.3802,403380.1999
1,767.6740,403.5700,403569.9999
1,767.7231,403.6191,403619.0999
1,767.8566,403.7526,403752.5999
1,768.0481,403.9441,403944.0999
1,768.3705,404.2665,404266.4999
1,768.4146,404.3106,404310.5999
1,768.5461,404.4421,404442.0999
1,768.5802,404.4762,404476.1999
1,768.7083,404.6043,404604.2999
1,768.8207,404.7167,404716.6999
1,768.8307,404.7267,404726.6999
1,768.8609,404.7569,404756.8999
1,769.0773,404.9733,404973.2999
1,769.2710,405.1670,405166.9999
1,769.3218,405.2178,405217.7999
1,769.5565,405.4525,405452.4999
1,769.6180,405.5140,405513.9999
1,769.7669,405.6629,405662.8999
1,769.7928,405.6888,405688.7999
1,769.8867,405.7827,405782.6999
1,769.9182,405.8142,405814.1999
1,769.9405,405.8365,405836.4999
1,769.9766,405.8726,405872.5999
1,770.0312,405.9272,405927.1999
1,770.4004,406.2964,406296.3999
1,770.6430,406.5390,406538.9999
1,770.7167,406.6127,406612.6999
1,770.7483,406.6443,406644.2999
1,770.7725,406.6685,406668.4999
1,770.7849,406.6809,406680.8999
1,770.8341,406.7301,406730.0999
1,770.8371,406.7331,406733.0999
1,770.8622,406.7582,406758.1999
1,771.0506,406.9466,406946.5999
1,771.4552,407.3512,407351.1999
1,771.6934,407.5894,407589.3999
1,771.9352,407.8312,407831.1999
1,772.0316,407.9276,407927.5999
1,772.0463,407.9423,407942.2999
1,772.0486,407.9446,407944.5999
1,772.1431,408.0391,408039.0999
1,772.2862,408.1822,408182.1999
1,772.3986,408.2946,408294.5999
1,772.5355,408.4315,408431.4999
1,772.6122,408.5082,408508.1999
1,772.7992,408.6952,408695.1999
1,772.9588,408.8548,408854.7999
1,773.0770,408.9730,408972.9999
1,773.1593,409.0553,409055.2999
1,773.3078,409.2038,409203.7999
1,773.3401,409.2361,409236.0999
1,773.5733,409.4693,409469.2999
1,773.9544,409.8504,409850.3999
1,774.1937,410.0897,410089.6999
1,774.4313,410.3273,410327.2999
1,774.4861,410.3821,410382.0999
1,774.6555,410.5515,410551.4999
1,774.7688,410.6648,410664.7999
1,774.8351,410.7311,410731.0999
1,774.8506,410.7466,410746.5999
1,775.3084,411.2044,411204.3999
1,775.6023,411.4983,411498.2999
1,775.7197,411.6157,411615.6999
1,775.8540,411.7500,411749.9999
1,775.9227,411.8187,411818.6999
1,776.1776,412.0736,412073.5999
1,776.2641,412.1601,412160.0999
1,776.3743,412.2703,412270.2999
1,776.3899,412.2859,412285.8999
1,776.4092,412.3052,412305.1999
1,776.4178,412.3138,412313.7999
1,776.4532,412.3492,412349.1999
1,776.6376,412.5336,412533.5999
1,776.6586,412.5546,412554.5999
1,776.8777,412.7737,412773.6999
1,776.9485,412.8445,412844.4999
1,777.3503,413.2463,413246.2999
1,777.3607,413.2567,413256.6999
1,777.3723,413.2683,413268.2999
1,777.3803,413.2763,413276.2999
1,777.4821,413.3781,413378.0999
1,777.5266,413.4226,413422.5999
1,777.5887,413.4847,413484.6999
1,777.6927,413.5887,413588.6999
1,777.7441,413.6401,413640.0999
1,777.7598,413.6558,413655.7999
1,777.7786,413.6746,413674.5999
1,777.8239,413.7199,413719.8999
1,777.9384,413.8344,413834.3999
1,777.9651,413.8611,413861.0999
1,778.1156,414.0116,414011.5999
1,778.2433,414.1393,414139.2999
1,778.4523,414.3483,414348.2999
1,778.5014,414.3974,414397.3999
1,778.5762,414.4722,414472.1999
1,778.8422,414.7382,414738.1999
1,778.8699,414.7659,414765.8999
1,779.1440,415.0400,415039.9999
1,779.4554,415.3514,415351.3999
1,779.5999,415.4959,415495.8999
1,779.6322,415.5282,415528.1999
1,779.8547,415.7507,415750.6999
1,779.9462,415.8422,415842.1999
1,780.0680,415.9640,415963.9999
1,780.0969,415.9929,415992.8999
1,780.4378,416.3338,416333.7999
1,780.5949,416.4909,416490.8999
1,780.6078,416.5038,416503.7999
1,780.6375,416.5335,416533.4999
1,780.6658,416.5618,416561.7999
1,780.6693,416.5653,416565.2999
1,780.6923,416.5883,416588.2999
1,780.7046,416.6006,416600.5999
1,780.7445,416.6405,416640.4999
1,780.8747,416.7707,416770.6999
1,781.1656,417.0616,417061.5999
1,781.2825,417.1785,417178.4999
1,781.3733,417.2693,417269.2999
1,781.5963,417.4923,417492.2999
1,782.3670,418.2630,418262.9999
1,782.4789,418.3749,418374.8999
1,782.5022,418.3982,418398.1999
1,782.8532,418.7492,418749.1999
1,782.8792,418.7752,418775.1999
1,782.8949,418.7909,418790.8999
1,782.9148,418.8108,418810.7999
1,782.9238,418.8198,418819.7999
1,783.2223,419.1183,419118.2999
1,783.5588,419.4548,419454.7999
1,783.7345,419.6305,419630.4999
1,783.8072,419.7032,419703.1999
1,783.9642,419.8602,419860.1999
1,784.3679,420.2639,420263.8999
1,784.8192,420.7152,420715.1999
1,785.0498,420.9458,420945.7999
1,785.5414,421.4374,421437.3999
1,786.9774,422.8734,422873.3999
1,787.2122,423.1082,423108.1999
1,787.6193,423.5153,423515.2999
1,788.1950,424.0910,424090.9999
1,788.2065,424.1025,424102.4999
1,789.6405,425.5365,425536.4999
1,789.9640,425.8600,425859.9999
1,790.0698,425.9658,425965.7999
1,790.9974,426.8934,426893.3999
1,791.0309,426.9269,426926.8999
1,791.0799,426.9759,426975.8999
1,791.0912,426.9872,426987.1999
1,791.2520,427.1480,427147.9999
1,791.3926,427.2886,427288.5999
1,791.4731,427.3691,427369.0999
1,792.5575,428.4535,428453.4999
1,792.5850,428.4810,428480.9999
1,793.0456,428.9416,428941.5999
1,794.4930,430.3890,430388.9999
1,794.5376,430.4336,430433.5999
1,794.7553,430.6513,430651.2999
1,794.8126,430.7086,430708.5999
1,795.4268,431.3228,431322.7999
1,795.5904,431.4864,431486.3999
1,795.6082,431.5042,431504.1999
1,795.6177,431.5137,431513.6999
1,795.6259,431.5219,431521.8999
1,795.6946,431.5906,431590.5999
1,795.7161,431.6121,431612.0999
1,796.0313,431.9273,431927.2999
1,797.4271,433.3231,433323.0999
1,797.7570,433.6530,433652.9999
1,799.3690,435.2650,435264.9999
1,799.4807,435.3767,435376.6999
1,799.4977,435.3937,435393.6999
1,799.5508,435.4468,435446.7999
1,799.6331,435.5291,435529.0999
1,799.6534,435.5494,435549.3999
1,799.6972,435.5932,435593.1999
1,799.7012,435.5972,435597.1999
1,799.7336,435.6296,435629.5999
1,799.7778,435.6738,435673.7999
1,800.2860,436.1820,436181.9999
1,801.0778,436.9738,436973.7999
1,803.1135,439.0095,439009.4999
1,805.0186,440.9146,440914.5999
1,808.0830,443.9790,443978.9999
1,808.0857,443.9817,443981.6999
1,808.1323,444.0283,444028.2999
1,808.1814,444.0774,444077.3999
1,808.6558,444.5518,444551.7999
1,808.6646,444.5606,444560.5999
1,809.6374,445.5334,445533.3999
1,810.7973,446.6933,446693.2999
1,810.8837,446.7797,446779.6999
1,811.2723,447.1683,447168.2999
1,811.7813,447.6773,447677.2999
1,811.9548,447.8508,447850.7999
1,812.2116,448.1076,448107.5999
1,812.2237,448.1197,448119.6999
1,812.3203,448.2163,448216.2999
1,812.8385,448.7345,448734.4999
1,813.3925,449.2885,449288.4999
1,814.1839,450.0799,450079.8999
1,815.1094,451.0054,451005.3999
1,815.1944,451.0904,451090.3999
1,815.3660,451.2620,451261.9999
1,815.5006,451.3966,451396.5999
1,816.8331,452.7291,452729.0999
1,817.3168,453.2128,453212.7999
1,818.1715,454.0675,454067.4999
1,818.3955,454.2915,454291.4999
1,819.1060,455.0020,455001.9999
1,819.2256,455.1216,455121.5999
1,819.2454,455.1414,455141.3999
1,819.5935,455.4895,455489.4999
1,821.2597,457.1557,457155.6999
1,822.7298,458.6258,458625.7999
1,823.5790,459.4750,459474.9999
1,823.5869,459.4829,459482.8999
1,825.0202,460.9162,460916.1999
1,825.1925,461.0885,461088.4999
1,825.2813,461.1773,461177.2999
1,826.0283,461.9243,461924.2999
1,826.1730,462.0690,462068.9999
1,826.6262,462.5222,462522.1999
1,826.7140,462.6100,462609.9999
1,826.9514,462.8474,462847.3999
1,827.3795,463.2755,463275.4999
1,827.5444,463.4404,463440.3999
1,827.5631,463.4591,463459.0999
1,828.2208,464.1168,464116.7999
1,828.8279,464.7239,464723.8999
1,828.8528,464.7488,464748.7999
1,828.8798,464.7758,464775.7999
1,828.9262,464.8222,464822.1999
1,829.1819,465.0779,465077.8999
1,829.9244,465.8204,465820.3999
1,831.0326,466.9286,466928.5999
1,831.4499,467.3459,467345.8999
1,831.8544,467.7504,467750.3999
1,832.0132,467.9092,467909.1999
1,832.0355,467.9315,467931.4999
1,832.2125,468.1085,468108.4999
1,833.1349,469.0309,469030.8999
1,834.2196,470.1156,470115.5999
1,834.6986,470.5946,470594.5999
1,834.8346,470.7306,470730.5999
1,834.9334,470.8294,470829.3999
1,835.0389,470.9349,470934.8999
1,835.0723,470.9683,470968.2999
1,835.0862,470.9822,470982.1999
1,835.1105,471.0065,471006.4999
1,835.1284,471.0244,471024.3999
1,835.1918,471.0878,471087.7999
1,835.3751,471.2711,471271.0999
1,835.4970,471.3930,471392.9999
1,837.3965,473.2925,473292.4999
1,837.4943,473.3903,473390.2999
1,838.6501,474.5461,474546.0999
1,838.8511,474.7471,474747.0999
1,838.8669,474.7629,474762.8999
1,839.1807,475.0767,475076.6999
1,840.6774,476.5734,476573.3999
1,840.7712,476.6672,476667.1999
1,841.0689,476.9649,476964.8999
1,841.7773,477.6733,477673.2999
1,842.1790,478.0750,478074.9999
1,842.7573,478.6533,478653.2999
1,843.0937,478.9897,478989.6999
1,843.0990,478.9950,478994.9999
1,843.9919,479.8879,479887.8999
1,844.0381,479.9341,479934.0999
1,844.1185,480.0145,480014.4999
1,844.1217,480.0177,480017.6999
1,844.2033,480.0993,480099.2999
1,844.2435,480.1395,480139.4999
1,844.3822,480.2782,480278.1999
1,844.5113,480.4073,480407.2999
1,844.6438,480.5398,480539.7999
1,844.9538,480.8498,480849.7999
1,845.2180,481.1140,481113.9999
1,845.4539,481.3499,481349.8999
1,845.4973,481.3933,481393.2999
1,845.5270,481.4230,481422.9999
1,845.5371,481.4331,481433.0999
1,845.5699,481.4659,481465.8999
1,845.5763,481.4723,481472.2999
1,845.5801,481.4761,481476.0999
1,845.6172,481.5132,481513.1999
1,845.6191,481.5151,481515.0999
1,845.7756,481.6716,481671.5999
1,846.5327,482.4287,482428.6999
1,846.6861,482.5821,482582.0999
1,846.8780,482.7740,482773.9999
1,846.9138,482.8098,482809.7999
1,846.9390,482.8350,482834.9999
1,846.9448,482.8408,482840.7999
1,846.9794,482.8754,482875.3999
1,847.0387,482.9347,482934.6999
1,847.1133,483.0093,483009.2999
1,847.2551,483.1511,483151.0999
1,848.0247,483.9207,483920.6999
1,848.0606,483.9566,483956.5999
1,848.0849,483.9809,483980.8999
1,848.6283,484.5243,484524.2999
1,848.8598,484.7558,484755.7999
1,849.2980,485.1940,485193.9999
1,849.3301,485.2261,485226.0999
1,849.4332,485.3292,485329.1999
1,849.4680,485.3640,485363.9999
1,849.5903,485.4863,485486.2999
1,849.6108,485.5068,485506.7999
1,849.6715,485.5675,485567.4999
1,849.8034,485.6994,485699.3999
1,849.9698,485.8658,485865.7999
1,850.0338,485.9298,485929.7999
1,850.0704,485.9664,485966.3999
1,850.2157,486.1117,486111.6999
1,850.2488,486.1448,486144.7999
1,850.3389,486.2349,486234.8999
1,850.3683,486.2643,486264.2999
1,850.4060,486.3020,486301.9999
1,850.4422,486.3382,486338.1999
1,850.5076,486.4036,486403.5999
1,850.5716,486.4676,486467.5999
1,850.6247,486.5207,486520.6999
1,850.7399,486.6359,486635.8999
1,850.7856,486.6816,486681.5999
1,851.0746,486.9706,486970.5999
1,851.2871,487.1831,487183.0999
1,851.3411,487.2371,487237.0999
1,851.4205,487.3165,487316.4999
1,851.6867,487.5827,487582.6999
1,851.8146,487.7106,487710.5999
1,851.8663,487.7623,487762.2999
1,851.9664,487.8624,487862.3999
1,852.2486,488.1446,488144.5999
1,852.7978,488.6938,488693.7999
1,852.8452,488.7412,488741.1999
1,852.8699,488.7659,488765.8999
1,853.2823,489.1783,489178.2999
1,853.5723,489.4683,489468.2999
1,853.6478,489.5438,489543.7999
1,853.6996,489.5956,489595.5999
1,854.2981,490.1941,490194.0999
1,854.4237,490.3197,490319.6999
1,854.5191,490.4151,490415.0999
1,854.6387,490.5347,490534.6999
1,855.6926,491.5886,491588.5999
1,856.0670,491.9630,491962.9999
1,857.2834,493.1794,493179.3999
1,857.4027,493.2987,493298.6999
1,857.9673,493.8633,493863.2999
1,858.4486,494.3446,494344.5999
1,861.7667,497.6627,497662.6999
1,863.1307,499.0267,499026.6999
1,863.3125,499.2085,499208.4999
1,863.3371,499.2331,499233.0999
1,863.4897,499.3857,499385.6999
1,863.5083,499.4043,499404.2999
1,863.6055,499.5015,499501.4999
1,863.9514,499.8474,499847.3999
1,864.0025,499.8985,499898.4999
1,864.2099,500.1059,500105.8999
1,864.2633,500.1593,500159.2999
1,864.2673,500.1633,500163.2999
1,864.2935,500.1895,500189.4999
1,864.4494,500.3454,500345.3999
1,864.4828,500.3788,500378.7999
1,864.7593,500.6553,500655.2999
1,864.7811,500.6771,500677.0999
1,864.8607,500.7567,500756.6999
1,864.8717,500.7677,500767.6999
1,865.0675,500.9635,500963.4999
1,865.1739,501.0699,501069.8999
1,865.2348,501.1308,501130.7999
1,865.2721,501.1681,501168.0999
1,865.3685,501.2645,501264.4999
1,865.4229,501.3189,501318.8999
1,865.4444,501.3404,501340.3999
1,865.5291,501.4251,501425.0999
1,865.5438,501.4398,501439.7999
1,865.6145,501.5105,501510.4999
1,865.6626,501.5586,501558.5999
1,866.2559,502.1519,502151.8999
1,866.4857,502.3817,502381.6999
1,866.5661,502.4621,502462.0999
1,866.6401,502.5361,502536.0999
1,866.6882,502.5842,502584.1999
1,866.7387,502.6347,502634.6999
1,866.7549,502.6509,502650.8999
1,867.1103,503.0063,503006.2999
1,867.2002,503.0962,503096.1999
1,867.2281,503.1241,503124.0999
1,867.3351,503.2311,503231.0999
1,867.3757,503.2717,503271.6999
1,867.4002,503.2962,503296.1999
1,867.6847,503.5807,503580.6999
1,867.6985,503.5945,503594.4999
1,868.0642,503.9602,503960.1999
1,868.2507,504.1467,504146.6999
1,868.4855,504.3815,504381.4999
1,869.1560,505.0520,505051.9999
1,869.3773,505.2733,505273.2999
1,869.4338,505.3298,505329.7999
1,869.4656,505.3616,505361.5999
1,869.4673,505.3633,505363.2999
1,869.4749,505.3709,505370.8999
1,869.4767,505.3727,505372.6999
1,869.4971,505.3931,505393.0999
1,869.4991,505.3951,505395.0999
1,869.5029,505.3989,505398.8999
1,869.5084,505.4044,505404.3999
1,869.5105,505.4065,505406.4999
1,869.5142,505.4102,505410.1999
1,869.5232,505.4192,505419.1999
1,869.5345,505.4305,505430.4999
1,869.5363,505.4323,505432.2999
1,869.5457,505.4417,505441.6999
1,869.6392,505.5352,505535.1999
1,869.6730,505.5690,505568.9999
1,869.6767,505.5727,505572.6999
1,869.7340,505.6300,505629.9999
1,869.9879,505.8839,505883.8999
1,869.9992,505.8952,505895.1999
1,870.0100,505.9060,505905.9999
1,870.2146,506.1106,506110.5999
1,870.5021,506.3981,506398.0999
1,870.9606,506.8566,506856.5999
1,871.0806,506.9766,506976.5999
1,872.3723,508.2683,508268.2999
1,872.3820,508.2780,508277.9999
1,873.5340,509.4300,509429.9999
1,873.5459,509.4419,509441.8999
1,874.9450,510.8410,510840.9999
1,874.9699,510.8659,510865.8999
1,875.1387,511.0347,511034.6999
1,875.7037,511.5997,511599.6999
1,875.9232,511.8192,511819.1999
1,876.0169,511.9129,511912.8999
1,876.1383,512.0343,512034.2999
1,876.1607,512.0567,512056.6999
1,876.2696,512.1656,512165.5999
1,876.3574,512.2534,512253.3999
1,876.3693,512.2653,512265.2999
1,877.4429,513.3389,513338.8999
1,877.4819,513.3779,513377.8999
1,877.8139,513.7099,513709.8999
1,877.9181,513.8141,513814.0999
1,878.4459,514.3419,514341.8999
1,878.7679,514.6639,514663.8999
1,879.2094,515.1054,515105.3999
1,879.3051,515.2011,515201.0999
1,879.3374,515.2334,515233.3999
1,879.4633,515.3593,515359.2999
1,879.4663,515.3623,515362.2999
1,879.8901,515.7861,515786.0999
1,880.0129,515.9089,515908.8999
1,880.5119,516.4079,516407.8999
1,880.5837,516.4797,516479.6999
1,880.6959,516.5919,516591.8999
1,881.1466,517.0426,517042.5999
1,881.2422,517.1382,517138.1999
1,881.3127,517.2087,517208.6999
1,881.3988,517.2948,517294.7999
1,881.4223,517.3183,517318.2999
1,881.7914,517.6874,517687.3999
1,881.9132,517.8092,517809.1999
1,881.9696,517.8656,517865.5999
1,882.8212,518.7172,518717.1999
1,883.7808,519.6768,519676.7999
1,886.1521,522.0481,522048.0999
1,886.3236,522.2196,522219.5999
1,886.3624,522.2584,522258.3999
1,886.3882,522.2842,522284.1999
1,886.5262,522.4222,522422.1999
1,886.8688,522.7648,522764.7999
1,887.1894,523.0854,523085.3999
1,887.2081,523.1041,523104.0999
1,887.2416,523.1376,523137.5999
1,887.3249,523.2209,523220.8999
1,887.3544,523.2504,523250.3999
1,887.4090,523.3050,523304.9999
1,887.7332,523.6292,523629.1999
1,887.8029,523.6989,523698.8999
1,887.8361,523.7321,523732.0999
1,888.6773,524.5733,524573.2999
1,888.9394,524.8354,524835.3999
1,891.6669,527.5629,527562.8999
1,891.6839,527.5799,527579.8999
1,891.6876,527.5836,527583.5999
1,891.6973,527.5933,527593.2999
1,891.6994,527.5954,527595.3999
1,891.7175,527.6135,527613.4999
1,892.7554,528.6514,528651.3999
1,893.7766,529.6726,529672.5999
1,894.4403,530.3363,530336.2999
1,894.7235,530.6195,530619.4999
1,894.7776,530.6736,530673.5999
1,895.0565,530.9525,530952.4999
1,895.1955,531.0915,531091.4999
1,895.3004,531.1964,531196.3999
1,896.5798,532.4758,532475.7999
1,896.8470,532.7430,532742.9999
1,896.8849,532.7809,532780.8999
1,897.0024,532.8984,532898.3999
1,897.6171,533.5131,533513.0999
1,897.7214,533.6174,533617.3999
1,898.0243,533.9203,533920.2999
1,898.2610,534.1570,534156.9999
1,898.3378,534.2338,534233.7999
1,898.6443,534.5403,534540.2999
1,898.7696,534.6656,534665.5999
1,899.2059,535.1019,535101.8999
1,899.3753,535.2713,535271.2999
1,899.5684,535.4644,535464.3999
1,899.6878,535.5838,535583.7999
1,899.9575,535.8535,535853.4999
1,900.1100,536.0060,536005.9999
1,900.3372,536.2332,536233.1999
1,901.5798,537.4758,537475.7999
1,901.7225,537.6185,537618.4999
1,901.7921,537.6881,537688.0999
1,901.8416,537.7376,537737.5999
1,901.8551,537.7511,537751.0999
1,901.8631,537.7591,537759.0999
1,902.3341,538.2301,538230.0999
1,902.3425,538.2385,538238.4999
1,902.5289,538.4249,538424.8999
1,902.7873,538.6833,538683.2999
1,902.8219,538.7179,538717.8999
1,903.2585,539.1545,539154.4999
1,903.3429,539.2389,539238.8999
1,903.3771,539.2731,539273.0999
1,903.3978,539.2938,539293.7999
1,903.4431,539.3391,539339.0999
1,903.5222,539.4182,539418.1999
1,903.5653,539.4613,539461.2999
1,903.8033,539.6993,539699.2999
1,904.2365,540.1325,540132.4999
1,904.6807,540.5767,540576.6999
1,905.2579,541.1539,541153.8999
1,905.7494,541.6454,541645.3999
1,905.9533,541.8493,541849.2999
1,906.0344,541.9304,541930.3999
1,907.1763,543.0723,543072.2999
1,907.4794,543.3754,543375.3999
1,908.0999,543.9959,543995.8999
1,908.1383,544.0343,544034.2999
1,908.2070,544.1030,544102.9999
1,908.7641,544.6601,544660.0999
1,908.9394,544.8354,544835.3999
1,908.9588,544.8548,544854.7999
1,909.5112,545.4072,545407.1999
1,909.6293,545.5253,545525.2999
1,909.6991,545.5951,545595.0999
1,909.8718,545.7678,545767.7999
1,910.9063,546.8023,546802.2999
1,911.7189,547.6149,547614.8999
1,911.9724,547.8684,547868.3999
1,912.2093,548.1053,548105.2999
1,912.7374,548.6334,548633.3999
1,912.8330,548.7290,548728.9999
1,912.8374,548.7334,548733.3999
1,912.9778,548.8738,548873.7999
1,914.6864,550.5824,550582.3999
1,914.7198,550.6158,550615.7999
1,914.7674,550.6634,550663.3999
1,914.7752,550.6712,550671.1999
1,914.7843,550.6803,550680.2999
1,914.8599,550.7559,550755.8999
1,915.0368,550.9328,550932.7999
1,915.0513,550.9473,550947.2999
1,915.0590,550.9550,550954.9999
1,915.1130,551.0090,551008.9999
1,915.1699,551.0659,551065.8999
1,915.2783,551.1743,551174.2999
1,916.2400,552.1360,552135.9999
1,916.5444,552.4404,552440.3999
1,916.7092,552.6052,552605.1999
1,916.7489,552.6449,552644.8999
1,916.7827,552.6787,552678.6999
1,916.8277,552.7237,552723.6999
1,916.9929,552.8889,552888.8999
1,917.2643,553.1603,553160.2999
1,917.3264,553.2224,553222.3999
1,917.4171,553.3131,553313.0999
1,917.4901,553.3861,553386.0999
1,917.9435,553.8395,553839.4999
1,917.9927,553.8887,553888.6999
1,918.0151,553.9111,553911.0999
1,918.0952,553.9912,553991.1999
1,918.1535,554.0495,554049.4999
1,918.1836,554.0796,554079.5999
1,918.2740,554.1700,554169.9999
1,918.8473,554.7433,554743.2999
1,919.8901,555.7861,555786.0999
1,919.9373,555.8333,555833.2999
1,920.0032,555.8992,555899.1999
1,920.0732,555.9692,555969.1999
1,920.2788,556.1748,556174.7999
1,920.4591,556.3551,556355.0999
1,920.4620,556.3580,556357.9999
1,920.4802,556.3762,556376.1999
1,920.4879,556.3839,556383.8999
1,920.9065,556.8025,556802.4999
1,920.9600,556.8560,556855.9999
1,920.9625,556.8585,556858.4999
1,920.9892,556.8852,556885.1999
1,921.0614,556.9574,556957.3999
1,921.2216,557.1176,557117.5999
1,921.2365,557.1325,557132.4999
1,921.2494,557.1454,557145.3999
1,921.2609,557.1569,557156.8999
1,921.2647,557.1607,557160.6999
1,921.2667,557.1627,557162.6999
1,921.2810,557.1770,557176.9999
1,921.2869,557.1829,557182.8999
1,921.3169,557.2129,557212.8999
1,921.3228,557.2188,557218.7999
1,921.3341,557.2301,557230.0999
1,921.3641,557.2601,557260.0999
1,921.3698,557.2658,557265.7999
1,921.4579,557.3539,557353.8999
1,921.6041,557.5001,557500.0999
1,921.7890,557.6850,557684.9999
1,921.8756,557.7716,557771.5999
1,921.9544,557.8504,557850.3999
1,922.0034,557.8994,557899.3999
1,922.1814,558.0774,558077.3999
1,922.6383,558.5343,558534.2999
1,923.0661,558.9621,558962.0999
1,923.4754,559.3714,559371.3999
1,923.5060,559.4020,559401.9999
1,924.1265,560.0225,560022.4999
1,924.5941,560.4901,560490.0999
1,924.6688,560.5648,560564.7999
1,924.9915,560.8875,560887.4999
1,925.8632,561.7592,561759.1999
1,926.2958,562.1918,562191.7999
1,926.2996,562.1956,562195.5999
1,926.3599,562.2559,562255.8999
1,926.4736,562.3696,562369.5999
1,926.5387,562.4347,562434.6999
1,926.6888,562.5848,562584.7999
1,926.7193,562.6153,562615.2999
1,926.7454,562.6414,562641.3999
1,926.8688,562.7648,562764.7999
1,926.9689,562.8649,562864.8999
1,927.1723,563.0683,563068.2999
1,927.7125,563.6085,563608.4999
1,927.8728,563.7688,563768.7999
1,927.9783,563.8743,563874.2999
1,927.9890,563.8850,563884.9999
1,928.8283,564.7243,564724.2999
1,928.9543,564.8503,564850.2999
1,929.0195,564.9155,564915.4999
1,929.2157,565.1117,565111.6999
1,930.8673,566.7633,566763.2999
1,930.8796,566.7756,566775.5999
1,930.9088,566.8048,566804.7999
1,931.1880,567.0840,567083.9999
1,931.4617,567.3577,567357.6999
1,931.4971,567.3931,567393.0999
1,931.5107,567.4067,567406.6999
1,932.0396,567.9356,567935.5999
1,933.7562,569.6522,569652.1999
1,933.8201,569.7161,569716.0999
1,933.8376,569.7336,569733.5999
1,933.9130,569.8090,569808.9999
1,933.9182,569.8142,569814.1999
1,934.0085,569.9045,569904.4999
1,934.0363,569.9323,569932.2999
1,934.1194,570.0154,570015.3999
1,934.4241,570.3201,570320.0999
1,934.5683,570.4643,570464.2999
1,934.5955,570.4915,570491.4999
1,934.6982,570.5942,570594.1999
1,934.9959,570.8919,570891.8999
1,935.0763,570.9723,570972.2999
1,935.2755,571.1715,571171.4999
1,935.5316,571.4276,571427.5999
1,935.6798,571.5758,571575.7999
1,936.3316,572.2276,572227.5999
1,936.4702,572.3662,572366.1999
1,936.5268,572.4228,572422.7999
1,936.5861,572.4821,572482.0999
1,936.6190,572.5150,572514.9999
1,936.6499,572.5459,572545.8999
1,936.9387,572.8347,572834.6999
1,937.0679,572.9639,572963.8999
1,937.3649,573.2609,573260.8999
1,937.5179,573.4139,573413.8999
1,937.9895,573.8855,573885.4999
1,938.1728,574.0688,574068.7999
1,938.2719,574.1679,574167.8999
1,938.9621,574.8581,574858.0999
1,939.2165,575.1125,575112.4999
1,939.7232,575.6192,575619.1999
1,940.1312,576.0272,576027.1999
1,940.3099,576.2059,576205.8999
1,940.3935,576.2895,576289.4999
1,940.4701,576.3661,576366.0999
1,940.5758,576.4718,576471.7999
1,940.6539,576.5499,576549.8999
1,941.0931,576.9891,576989.0999
1,942.1267,578.0227,578022.6999
1,942.2867,578.1827,578182.6999
1,942.6693,578.5653,578565.2999
1,942.6855,578.5815,578581.4999
1,942.7033,578.5993,578599.2999
1,942.7662,578.6622,578662.1999
1,942.7718,578.6678,578667.7999
1,943.3069,579.2029,579202.8999
1,943.4870,579.3830,579382.9999
1,943.7979,579.6939,579693.8999
1,945.1822,581.0782,581078.1999
1,945.1919,581.0879,581087.8999
1,945.1958,581.0918,581091.7999
1,945.2504,581.1464,581146.3999
1,945.2831,581.1791,581179.0999
1,945.4670,581.3630,581362.9999
1,945.9238,581.8198,581819.7999
1,945.9873,581.8833,581883.2999
1,947.2128,583.1088,583108.7999
1,947.2516,583.1476,583147.5999
1,948.0553,583.9513,583951.2999
1,950.4351,586.3311,586331.0999
1,950.5977,586.4937,586493.6999
1,950.6992,586.5952,586595.1999
1,950.7998,586.6958,586695.7999
1,950.9230,586.8190,586818.9999
1,951.0017,586.8977,586897.6999
1,951.0514,586.9474,586947.3999
1,951.1221,587.0181,587018.0999
1,951.2613,587.1573,587157.2999
1,951.2863,587.1823,587182.2999
1,951.3251,587.2211,587221.0999
1,951.3486,587.2446,587244.5999
1,951.3673,587.2633,587263.2999
1,951.4152,587.3112,587311.1999
1,951.4676,587.3636,587363.5999
1,951.4909,587.3869,587386.8999
1,951.5004,587.3964,587396.3999
1,951.5604,587.4564,587456.3999
1,951.8846,587.7806,587780.5999
1,951.9810,587.8770,587876.9999
1,952.2320,588.1280,588127.9999
1,952.4144,588.3104,588310.3999
1,952.7704,588.6664,588666.3999
1,952.8357,588.7317,588731.6999
1,952.9140,588.8100,588809.9999
1,952.9634,588.8594,588859.3999
1,953.0891,588.9851,588985.0999
1,953.1288,589.0248,589024.7999
1,953.1587,589.0547,589054.6999
1,953.4806,589.3766,589376.5999
1,953.5229,589.4189,589418.8999
1,953.6944,589.5904,589590.3999
1,953.7358,589.6318,589631.7999
1,953.7583,589.6543,589654.2999
1,953.7628,589.6588,589658.7999
1,953.8552,589.7512,589751.1999
1,954.1791,590.0751,590075.0999
1,954.2480,590.1440,590143.9999
1,954.2875,590.1835,590183.4999
1,954.4364,590.3324,590332.3999
1,954.6626,590.5586,590558.5999
1,954.7762,590.6722,590672.1999
1,954.8543,590.7503,590750.2999
1,954.9316,590.8276,590827.5999
1,955.0256,590.9216,590921.5999
1,955.0767,590.9727,590972.6999
1,955.8788,591.7748,591774.7999
1,956.0331,591.9291,591929.0999
1,956.1095,592.0055,592005.4999
1,956.2927,592.1887,592188.6999
1,956.5596,592.4556,592455.5999
1,956.6728,592.5688,592568.7999
1,956.7444,592.6404,592640.3999
1,956.7896,592.6856,592685.5999
1,957.2638,593.1598,593159.7999
1,958.3671,594.2631,594263.0999
1,958.4084,594.3044,594304.3999
1,958.4315,594.3275,594327.4999
1,958.6249,594.5209,594520.8999
1,959.1718,595.0678,595067.7999
1,959.3046,595.2006,595200.5999
1,959.3111,595.2071,595207.0999
1,959.3869,595.2829,595282.8999
1,959.5061,595.4021,595402.0999
1,959.6849,595.5809,595580.8999
1,959.7801,595.6761,595676.0999
1,960.2650,596.1610,596160.9999
1,960.3151,596.2111,596211.0999
1,961.5115,597.4075,597407.4999
1,961.5524,597.4484,597448.3999
1,961.8351,597.7311,597731.0999
1,961.9677,597.8637,597863.6999
1,962.1338,598.0298,598029.7999
1,962.2169,598.1129,598112.8999
1,962.3433,598.2393,598239.2999
1,962.3753,598.2713,598271.2999
1,962.6388,598.5348,598534.7999
1,962.7951,598.6911,598691.0999
1,962.8115,598.7075,598707.4999
1,963.0784,598.9744,598974.3999
1,963.0879,598.9839,598983.8999
1,963.0944,598.9904,598990.3999
1,963.3180,599.2140,599213.9999
1,963.3372,599.2332,599233.1999
1,963.5838,599.4798,599479.7999
1,963.8703,599.7663,599766.2999
1,963.9801,599.8761,599876.0999
1,964.0648,599.9608,599960.7999
1,964.2518,600.1478,600147.7999
1,964.3186,600.2146,600214.5999
1,964.4230,600.3190,600318.9999
1,964.4935,600.3895,600389.4999
1,964.5366,600.4326,600432.5999
1,964.6881,600.5841,600584.0999
1,964.8068,600.7028,600702.7999
1,964.8739,600.7699,600769.8999
1,964.8926,600.7886,600788.5999
1,964.9933,600.8893,600889.2999
1,965.2145,601.1105,601110.4999
1,965.5311,601.4271,601427.0999
1,965.6930,601.5890,601588.9999
1,965.7463,601.6423,601642.2999
1,965.8977,601.7937,601793.6999
1,966.0135,601.9095,601909.4999
1,966.1286,602.0246,602024.5999
1,966.2660,602.1620,602161.9999
1,966.5323,602.4283,602428.2999
1,967.4237,603.3197,603319.6999
1,967.5399,603.4359,603435.8999
1,967.6557,603.5517,603551.6999
1,968.0605,603.9565,603956.4999
1,968.0726,603.9686,603968.5999
1,968.4591,604.3551,604355.0999
1,968.5190,604.4150,604414.9999
1,969.6949,605.5909,605590.8999
1,969.7497,605.6457,605645.6999
1,969.9151,605.8111,605811.0999
1,969.9419,605.8379,605837.8999
1,969.9751,605.8711,605871.0999
1,970.0668,605.9628,605962.7999
1,970.8458,606.7418,606741.7999
1,970.9651,606.8611,606861.0999
1,971.0740,606.9700,606969.9999
1,971.2651,607.1611,607161.0999
1,971.3024,607.1984,607198.3999
1,971.3293,607.2253,607225.2999
1,971.4253,607.3213,607321.2999
1,971.5558,607.4518,607451.7999
1,971.6774,607.5734,607573.3999
1,971.6935,607.5895,607589.4999
1,971.7973,607.6933,607693.2999
1,971.8595,607.7555,607755.4999
1,978.3516,614.2476,614247.5999
1,978.3630,614.2590,614258.9999
1,978.3778,614.2738,614273.7999
1,978.6476,614.5436,614543.5999
1,979.9055,615.8015,615801.4999
1,980.2350,616.1310,616130.9999
1,980.2577,616.1537,616153.6999
1,980.7315,616.6275,616627.4999
1,980.7343,616.6303,616630.2999
1,980.7639,616.6599,616659.8999
1,980.8224,616.7184,616718.3999
1,980.8589,616.7549,616754.8999
1,980.9064,616.8024,616802.3999
1,980.9830,616.8790,616878.9999
1,981.1429,617.0389,617038.8999
1,981.2526,617.1486,617148.5999
1,981.2600,617.1560,617155.9999
1,981.2754,617.1714,617171.3999
1,981.3711,617.2671,617267.0999
1,981.4590,617.3550,617354.9999
1,981.4887,617.3847,617384.6999
1,981.5472,617.4432,617443.1999
1,981.5803,617.4763,617476.2999
1,981.7245,617.6205,617620.4999
1,981.7874,617.6834,617683.3999
1,981.8446,617.7406,617740.5999
1,981.9217,617.8177,617817.6999
1,981.9278,617.8238,617823.7999
1,981.9524,617.8484,617848.3999
1,982.0835,617.9795,617979.4999
1,982.2352,618.1312,618131.1999
1,982.2490,618.1450,618144.9999
1,982.4685,618.3645,618364.4999
1,982.6116,618.5076,618507.5999
1,982.7747,618.6707,618670.6999
1,982.9554,618.8514,618851.3999
1,983.0536,618.9496,618949.5999
1,983.6314,619.5274,619527.3999
1,984.4809,620.3769,620376.8999
1,984.6770,620.5730,620572.9999
1,985.7126,621.6086,621608.5999
1,985.8230,621.7190,621718.9999
1,986.6190,622.5150,622514.9999
1,986.6281,622.5241,622524.0999
1,986.9712,622.8672,622867.1999
1,987.0099,622.9059,622905.8999
1,987.2273,623.1233,623123.2999
1,987.2352,623.1312,623131.1999
1,987.2919,623.1879,623187.8999
1,987.3136,623.2096,623209.5999
1,987.3269,623.2229,623222.8999
1,987.3294,623.2254,623225.3999
1,987.3352,623.2312,623231.1999
1,987.3873,623.2833,623283.2999
1,987.4257,623.3217,623321.6999
1,987.4883,623.3843,623384.2999
1,987.4960,623.3920,623391.9999
1,987.5002,623.3962,623396.1999
1,987.5531,623.4491,623449.0999
1,987.5992,623.4952,623495.1999
1,987.7355,623.6315,623631.4999
1,987.7421,623.6381,623638.0999
1,988.0191,623.9151,623915.0999
1,988.1835,624.0795,624079.4999
1,988.1867,624.0827,624082.6999
1,988.6625,624.5585,624558.4999
1,988.8090,624.7050,624704.9999
1,988.8719,624.7679,624767.8999
1,989.0919,624.9879,624987.8999
1,989.1998,625.0958,625095.7999
1,989.2868,625.1828,625182.7999
1,989.2957,625.1917,625191.6999
1,989.5770,625.4730,625472.9999
1,989.6136,625.5096,625509.5999
1,989.9132,625.8092,625809.1999
1,989.9461,625.8421,625842.0999
1,989.9821,625.8781,625878.0999
1,991.0135,626.9095,626909.4999
1,991.1165,627.0125,627012.4999
1,992.1907,628.0867,628086.6999
1,996.3667,632.2627,632262.6999
1,1000.1158,636.0118,636011.7999
1,1000.1711,636.0671,636067.0999
1,1001.1409,637.0369,637036.8999
1,1001.1894,637.0854,637085.3999
1,1001.3073,637.2033,637203.2999
1,1002.2657,638.1617,638161.6999
1,1002.3100,638.2060,638205.9999
1,1003.0538,638.9498,638949.7999
1,1003.2303,639.1263,639126.2999
1,1003.5048,639.4008,639400.7999
1,1004.5766,640.4726,640472.5999
1,1004.7497,640.6457,640645.6999
1,1004.8663,640.7623,640762.2999
1,1005.0007,640.8967,640896.6999
1,1005.2559,641.1519,641151.8999
1,1005.3464,641.2424,641242.3999
1,1005.4005,641.2965,641296.4999
1,1005.4433,641.3393,641339.2999
1,1005.4487,641.3447,641344.6999
1,1005.4835,641.3795,641379.4999
1,1006.5536,642.4496,642449.5999
1,1007.0876,642.9836,642983.5999
1,1007.4150,643.3110,643310.9999
1,1007.4441,643.3401,643340.0999
1,1007.5473,643.4433,643443.2999
1,1007.9444,643.8404,643840.3999
1,1008.4021,644.2981,644298.0999
1,1008.4894,644.3854,644385.3999
1,1008.7232,644.6192,644619.1999
1,1008.7687,644.6647,644664.6999
1,1009.5397,645.4357,645435.6999
1,1009.7198,645.6158,645615.7999
1,1009.9093,645.8053,645805.2999
1,1010.0259,645.9219,645921.8999
1,1010.2178,646.1138,646113.7999
1,1010.3352,646.2312,646231.1999
1,1010.3770,646.2730,646272.9999
1,1010.5893,646.4853,646485.2999
1,1010.7675,646.6635,646663.4999
1,1010.8030,646.6990,646698.9999
1,1010.9561,646.8521,646852.0999
1,1011.1313,647.0273,647027.2999
1,1011.9510,647.8470,647846.9999
1,1012.8602,648.7562,648756.1999
1,1013.2232,649.1192,649119.1999
1,1013.8112,649.7072,649707.1999
1,1015.0053,650.9013,650901.2999
1,1017.0176,652.9136,652913.5999
1,1017.1082,653.0042,653004.1999
1,1017.1376,653.0336,653033.5999
1,1017.3455,653.2415,653241.4999
1,1017.5139,653.4099,653409.8999
1,1017.6267,653.5227,653522.6999
1,1017.7287,653.6247,653624.6999
1,1017.8529,653.7489,653748.8999
1,1017.8960,653.7920,653791.9999
1,1017.9043,653.8003,653800.2999
1,1017.9645,653.8605,653860.4999
1,1018.0206,653.9166,653916.5999
1,1018.2862,654.1822,654182.1999
1,1018.3376,654.2336,654233.5999
1,1018.3704,654.2664,654266.3999
1,1018.5708,654.4668,654466.7999
1,1020.5661,656.4621,656462.0999
1,1020.7188,656.6148,656614.7999
1,1020.7308,656.6268,656626.7999
1,1021.8276,657.7236,657723.5999
1,1021.8574,657.7534,657753.3999
1,1021.8636,657.7596,657759.5999
1,1021.9592,657.8552,657855.1999
1,1022.6498,658.5458,658545.7999
1,1022.9418,658.8378,658837.7999
1,1023.0206,658.9166,658916.5999
1,1023.5505,659.4465,659446.4999
1,1024.1021,659.9981,659998.0999
1,1024.1716,660.0676,660067.5999
1,1024.7178,660.6138,660613.7999
1,1024.9462,660.8422,660842.1999
1,1025.3128,661.2088,661208.7999
1,1026.8950,662.7910,662790.9999
1,1026.9278,662.8238,662823.7999
1,1027.0032,662.8992,662899.1999
1,1027.0208,662.9168,662916.7999
1,1027.0234,662.9194,662919.3999
1,1027.0618,662.9578,662957.7999
1,1027.1763,663.0723,663072.2999
1,1027.7482,663.6442,663644.1999
1,1027.8344,663.7304,663730.3999
1,1028.2703,664.1663,664166.2999
1,1028.8639,664.7599,664759.8999
1,1029.5665,665.4625,665462.4999
1,1030.0364,665.9324,665932.3999
1,1030.3831,666.2791,666279.0999
1,1031.1036,666.9996,666999.5999
1,1032.7948,668.6908,668690.7999
1,1032.8286,668.7246,668724.5999
1,1033.0450,668.9410,668940.9999
1,1033.1751,669.0711,669071.0999
1,1033.7270,669.6230,669622.9999
1,1034.4247,670.3207,670320.6999
1,1034.5798,670.4758,670475.7999
1,1034.6584,670.5544,670554.3999
1,1034.8685,670.7645,670764.4999
1,1034.9106,670.8066,670806.5999
1,1036.0111,671.9071,671907.0999
1,1036.2711,672.1671,672167.0999
1,1036.5315,672.4275,672427.4999
1,1037.0131,672.9091,672909.0999
1,1037.1250,673.0210,673020.9999
1,1037.3482,673.2442,673244.1999
1,1037.4958,673.3918,673391.7999
1,1037.5022,673.3982,673398.1999
1,1037.6775,673.5735,673573.4999
1,1038.3896,674.2856,674285.5999
1,1038.5117,674.4077,674407.6999
1,1038.9917,674.8877,674887.6999
1,1039.2582,675.1542,675154.1999
1,1039.6143,675.5103,675510.2999
1,1039.7048,675.6008,675600.7999
1,1041.1259,677.0219,677021.8999
1,1041.2676,677.1636,677163.5999
1,1041.6196,677.5156,677515.5999
1,1041.6660,677.5620,677561.9999
1,1041.7442,677.6402,677640.1999
1,1045.0258,680.9218,680921.7999
1,1045.0406,680.9366,680936.5999
1,1046.3444,682.2404,682240.3999
1,1046.3846,682.2806,682280.5999
1,1046.4369,682.3329,682332.8999
1,1046.5157,682.4117,682411.6999
1,1046.5221,682.4181,682418.0999
1,1046.6269,682.5229,682522.8999
1,1046.6504,682.5464,682546.3999
1,1046.6757,682.5717,682571.6999
1,1046.7458,682.6418,682641.7999
1,1046.7734,682.6694,682669.3999
1,1046.7853,682.6813,682681.2999
1,1047.3416,683.2376,683237.5999
1,1047.4997,683.3957,683395.6999
1,1047.5290,683.4250,683424.9999
1,1047.5312,683.4272,683427.1999
1,1047.5531,683.4491,683449.0999
1,1047.9896,683.8856,683885.5999
1,1048.0895,683.9855,683985.4999
1,1048.1057,684.0017,684001.6999
1,1048.1174,684.0134,684013.3999
1,1048.1277,684.0237,684023.6999
1,1048.2155,684.1115,684111.4999
1,1048.2783,684.1743,684174.2999
1,1048.6024,684.4984,684498.3999
1,1048.6058,684.5018,684501.7999
1,1048.6644,684.5604,684560.3999
1,1048.6668,684.5628,684562.7999
1,1048.6747,684.5707,684570.6999
1,1048.6780,684.5740,684573.9999
1,1048.6972,684.5932,684593.1999
1,1048.7053,684.6013,684601.2999
1,1048.7423,684.6383,684638.2999
1,1048.7512,684.6472,684647.1999
1,1048.8152,684.7112,684711.1999
1,1049.0098,684.9058,684905.7999
1,1049.2509,685.1469,685146.8999
1,1049.3112,685.2072,685207.1999
1,1049.3336,685.2296,685229.5999
1,1049.3420,685.2380,685237.9999
1,1049.5367,685.4327,685432.6999
1,1049.5836,685.4796,685479.5999
1,1049.6033,685.4993,685499.2999
1,1050.9047,686.8007,686800.6999
1,1050.9281,686.8241,686824.0999
1,1051.0207,686.9167,686916.6999
1,1051.0360,686.9320,686931.9999
1,1051.2652,687.1612,687161.1999
1,1051.3108,687.2068,687206.7999
1,1051.4251,687.3211,687321.0999
1,1051.4643,687.3603,687360.2999
1,1051.6019,687.4979,687497.8999
1,1051.7555,687.6515,687651.4999
1,1051.8640,687.7600,687759.9999
1,1052.2517,688.1477,688147.6999
1,1052.4897,688.3857,688385.6999
1,1052.5497,688.4457,688445.6999
1,1052.6365,688.5325,688532.4999
1,1052.8182,688.7142,688714.1999
1,1052.9092,688.8052,688805.1999
1,1053.0844,688.9804,688980.3999
1,1053.0940,688.9900,688989.9999
1,1053.1734,689.0694,689069.3999
1,1053.1966,689.0926,689092.5999
1,1053.6343,689.5303,689530.2999
1,1054.6891,690.5851,690585.0999
1,1055.4565,691.3525,691352.4999
1,1056.7296,692.6256,692625.5999
1,1057.2725,693.1685,693168.4999
1,1058.7484,694.6444,694644.3999
1,1058.9737,694.8697,694869.6999
1,1059.5154,695.4114,695411.3999
1,1059.8681,695.7641,695764.0999
1,1060.2374,696.1334,696133.3999
1,1061.1781,697.0741,697074.0999
1,1061.6079,697.5039,697503.8999
1,1061.7126,697.6086,697608.5999
1,1061.8821,697.7781,697778.0999
1,1061.8918,697.7878,697787.7999
1,1061.9435,697.8395,697839.4999
1,1062.1653,698.0613,698061.2999
1,1062.2005,698.0965,698096.4999
1,1062.2107,698.1067,698106.6999
1,1062.2305,698.1265,698126.4999
1,1062.2381,698.1341,698134.0999
1,1062.2941,698.1901,698190.0999
1,1062.6676,698.5636,698563.5999
1,1062.6868,698.5828,698582.7999
1,1063.5214,699.4174,699417.3999
1,1063.6390,699.5350,699534.9999
1,1064.0234,699.9194,699919.3999
1,1064.6133,700.5093,700509.2999
1,1065.3024,701.1984,701198.3999
1,1065.3265,701.2225,701222.4999
1,1065.3949,701.2909,701290.8999
1,1065.4123,701.3083,701308.2999
1,1065.5111,701.4071,701407.0999
1,1066.2712,702.1672,702167.1999
1,1066.4388,702.3348,702334.7999
1,1066.6154,702.5114,702511.3999
1,1067.1990,703.0950,703094.9999
1,1067.3734,703.2694,703269.3999
1,1067.3873,703.2833,703283.2999
1,1067.4123,703.3083,703308.2999
1,1067.6335,703.5295,703529.4999
1,1067.7941,703.6901,703690.0999
1,1067.8094,703.7054,703705.3999
1,1067.9772,703.8732,703873.1999
1,1067.9996,703.8956,703895.5999
1,1068.0051,703.9011,703901.0999
1,1068.0852,703.9812,703981.1999
1,1068.1939,704.0899,704089.8999
1,1068.2054,704.1014,704101.3999
1,1068.8346,704.7306,704730.5999
1,1070.5670,706.4630,706462.9999
1,1075.0643,710.9603,710960.2999
1,1076.0643,711.9603,711960.2999
1,1076.1099,712.0059,712005.8999
1,1076.2306,712.1266,712126.5999
1,1076.2496,712.1456,712145.5999
1,1076.4388,712.3348,712334.7999
1,1076.7819,712.6779,712677.8999
1,1077.7132,713.6092,713609.1999
1,1077.7233,713.6193,713619.2999
1,1077.7314,713.6274,713627.3999
1,1077.7342,713.6302,713630.1999
1,1077.7914,713.6874,713687.3999
1,1077.9898,713.8858,713885.7999
1,1078.0438,713.9398,713939.7999
1,1079.0458,714.9418,714941.7999
1,1079.8672,715.7632,715763.1999
1,1080.8107,716.7067,716706.6999
1,1081.1222,717.0182,717018.1999
1,1081.1307,717.0267,717026.6999
1,1081.1413,717.0373,717037.2999
1,1081.1724,717.0684,717068.3999
1,1083.2654,719.1614,719161.3999
1,1084.0474,719.9434,719943.3999
1,1084.0745,719.9705,719970.4999
1,1085.0773,720.9733,720973.2999
1,1088.6163,724.5123,724512.2999
1,1088.6613,724.5573,724557.2999
1,1089.2206,725.1166,725116.5999
1,1089.3292,725.2252,725225.1999
1,1089.5600,725.4560,725455.9999
1,1090.6982,726.5942,726594.1999
1,1090.9519,726.8479,726847.8999
1,1091.4119,727.3079,727307.8999
1,1091.5476,727.4436,727443.5999
1,1091.5591,727.4551,727455.0999
1,1093.3696,729.2656,729265.5999
1,1093.3998,729.2958,729295.7999
1,1093.4035,729.2995,729299.4999
1,1093.4054,729.3014,729301.3999
1,1093.5358,729.4318,729431.7999
1,1093.9125,729.8085,729808.4999
1,1094.4932,730.3892,730389.1999
1,1094.7867,730.6827,730682.6999
1,1095.6066,731.5026,731502.5999
1,1095.9277,731.8237,731823.6999
1,1096.1379,732.0339,732033.8999
1,1096.2927,732.1887,732188.6999
1,1096.3765,732.2725,732272.4999
1,1096.6843,732.5803,732580.2999
1,1097.2766,733.1726,733172.5999
1,1097.3752,733.2712,733271.1999
1,1097.5399,733.4359,733435.8999
1,1097.6490,733.5450,733544.9999
1,1097.7231,733.6191,733619.0999
1,1097.7419,733.6379,733637.8999
1,1098.2227,734.1187,734118.6999
1,1098.2980,734.1940,734193.9999
1,1098.7272,734.6232,734623.1999
1,1098.8875,734.7835,734783.4999
1,1099.2117,735.1077,735107.6999
1,1099.4740,735.3700,735369.9999
1,1099.6518,735.5478,735547.7999
1,1099.7131,735.6091,735609.0999
1,1100.2925,736.1885,736188.4999
1,1100.4869,736.3829,736382.8999
1,1100.5121,736.4081,736408.0999
1,1100.6429,736.5389,736538.8999
1,1100.7057,736.6017,736601.6999
1,1100.7675,736.6635,736663.4999
1,1100.7702,736.6662,736666.1999
1,1101.0660,736.9620,736961.9999
1,1101.1246,737.0206,737020.5999
1,1101.1677,737.0637,737063.6999
1,1101.3397,737.2357,737235.6999
1,1101.3602,737.2562,737256.1999
1,1101.4331,737.3291,737329.0999
1,1101.4717,737.3677,737367.6999
1,1101.8342,737.7302,737730.1999
1,1102.1610,738.0570,738056.9999
1,1102.3802,738.2762,738276.1999
1,1102.4948,738.3908,738390.7999
1,1102.7283,738.6243,738624.2999
1,1103.7945,739.6905,739690.4999
1,1103.8011,739.6971,739697.0999
1,1103.9452,739.8412,739841.1999
1,1104.4121,740.3081,740308.0999
1,1104.4308,740.3268,740326.7999
1,1104.6583,740.5543,740554.2999
1,1104.7625,740.6585,740658.4999
1,1104.8196,740.7156,740715.5999
1,1105.3306,741.2266,741226.5999
1,1105.3688,741.2648,741264.7999
1,1105.6563,741.5523,741552.2999
1,1106.3664,742.2624,742262.3999
1,1106.9931,742.8891,742889.0999
1,1109.5137,745.4097,745409.6999
1,1109.5416,745.4376,745437.5999
1,1109.8103,745.7063,745706.2999
1,1109.8372,745.7332,745733.1999
1,1109.9006,745.7966,745796.5999
1,1109.9441,745.8401,745840.0999
1,1110.1953,746.0913,746091.2999
1,1110.4787,746.3747,746374.6999
1,1111.0537,746.9497,746949.6999
1,1111.1093,747.0053,747005.2999
1,1111.1329,747.0289,747028.8999
1,1111.1444,747.0404,747040.3999
1,1111.1892,747.0852,747085.1999
1,1111.4570,747.3530,747352.9999
1,1112.0673,747.9633,747963.2999
1,1112.2114,748.1074,748107.3999
1,1112.3965,748.2925,748292.4999
1,1112.5209,748.4169,748416.8999
1,1112.6796,748.5756,748575.5999
1,1114.0056,749.9016,749901.5999
1,1114.0340,749.9300,749929.9999
1,1114.0387,749.9347,749934.6999
1,1114.1725,750.0685,750068.4999
1,1114.1761,750.0721,750072.0999
1,1114.2630,750.1590,750158.9999
1,1114.2792,750.1752,750175.1999
1,1114.3532,750.2492,750249.1999
1,1114.3678,750.2638,750263.7999
1,1115.2692,751.1652,751165.1999
1,1115.3936,751.2896,751289.5999
1,1116.2721,752.1681,752168.0999
1,1116.3004,752.1964,752196.3999
1,1116.4303,752.3263,752326.2999
1,1116.6563,752.5523,752552.2999
1,1116.7338,752.6298,752629.7999
1,1117.2096,753.1056,753105.5999
1,1117.4482,753.3442,753344.1999
1,1117.5191,753.4151,753415.0999
1,1117.6715,753.5675,753567.4999
1,1118.8437,754.7397,754739.6999
1,1118.8493,754.7453,754745.2999
1,1119.6961,755.5921,755592.0999
1,1119.7527,755.6487,755648.6999
1,1119.8542,755.7502,755750.1999
1,1119.8685,755.7645,755764.4999
1,1119.8814,755.7774,755777.3999
1,1119.8940,755.7900,755789.9999
1,1119.9488,755.8448,755844.7999
1,1121.4440,757.3400,757339.9999
1,1121.4505,757.3465,757346.4999
1,1121.8132,757.7092,757709.1999
1,1121.8499,757.7459,757745.8999
1,1124.3630,760.2590,760258.9999
1,1124.4840,760.3800,760379.9999
1,1124.8711,760.7671,760767.0999
1,1124.9608,760.8568,760856.7999
1,1125.0244,760.9204,760920.3999
1,1125.3848,761.2808,761280.7999
1,1125.4740,761.3700,761369.9999
1,1127.4666,763.3626,763362.5999
1,1128.8825,764.7785,764778.4999
1,1128.9721,764.8681,764868.0999
1,1129.0181,764.9141,764914.0999
1,1129.3137,765.2097,765209.6999
1,1129.3467,765.2427,765242.6999
1,1129.4140,765.3100,765309.9999
1,1129.5620,765.4580,765457.9999
1,1129.6120,765.5080,765507.9999
1,1129.7960,765.6920,765691.9999
1,1129.8211,765.7171,765717.0999
1,1130.0309,765.9269,765926.8999
1,1130.6000,766.4960,766495.9999
1,1130.6401,766.5361,766536.0999
1,1130.8816,766.7776,766777.5999
1,1131.0304,766.9264,766926.3999
1,1131.3683,767.2643,767264.2999
1,1131.5704,767.4664,767466.3999
1,1131.7159,767.6119,767611.8999
1,1131.7360,767.6320,767631.9999
1,1131.7636,767.6596,767659.5999
1,1131.8795,767.7755,767775.4999
1,1131.9323,767.8283,767828.2999
1,1132.7825,768.6785,768678.4999
1,1132.8172,768.7132,768713.1999
1,1132.9291,768.8251,768825.0999
1,1133.0461,768.9421,768942.0999
1,1133.2870,769.1830,769182.9999
1,1133.4951,769.3911,769391.0999
1,1133.6584,769.5544,769554.3999
1,1133.7577,769.6537,769653.6999
1,1133.8110,769.7070,769706.9999
1,1133.8917,769.7877,769787.6999
1,1134.1840,770.0800,770079.9999
1,1134.3583,770.2543,770254.2999
1,1134.3760,770.2720,770271.9999
1,1134.4045,770.3005,770300.4999
1,1134.4123,770.3083,770308.2999
1,1134.6874,770.5834,770583.3999
1,1134.6961,770.5921,770592.0999
1,1134.7737,770.6697,770669.6999
1,1135.0022,770.8982,770898.1999
1,1135.1488,771.0448,771044.7999
1,1135.2769,771.1729,771172.8999
1,1135.3681,771.2641,771264.0999
1,1135.4988,771.3948,771394.7999
1,1135.5513,771.4473,771447.2999
1,1135.5868,771.4828,771482.7999
1,1135.6911,771.5871,771587.0999
1,1135.7552,771.6512,771651.1999
1,1135.8383,771.7343,771734.2999
1,1135.8616,771.7576,771757.5999
1,1135.9568,771.8528,771852.7999
1,1136.1233,772.0193,772019.2999
1,1136.2047,772.1007,772100.6999
1,1136.3195,772.2155,772215.4999
1,1136.5139,772.4099,772409.8999
1,1136.6336,772.5296,772529.5999
1,1136.6454,772.5414,772541.3999
1,1136.6679,772.5639,772563.8999
1,1136.6891,772.5851,772585.0999
1,1136.8381,772.7341,772734.0999
1,1137.0745,772.9705,772970.4999
1,1137.2370,773.1330,773132.9999
1,1137.2664,773.1624,773162.3999
1,1137.2909,773.1869,773186.8999
1,1137.4307,773.3267,773326.6999
1,1137.4915,773.3875,773387.4999
1,1137.4962,773.3922,773392.1999
1,1137.5144,773.4104,773410.3999
1,1137.6857,773.5817,773581.6999
1,1138.2328,774.1288,774128.7999
1,1138.2649,774.1609,774160.8999
1,1138.5032,774.3992,774399.1999
1,1138.5813,774.4773,774477.2999
1,1138.5904,774.4864,774486.3999
1,1138.6043,774.5003,774500.2999
1,1138.8778,774.7738,774773.7999
1,1138.9039,774.7999,774799.8999
1,1139.3142,775.2102,775210.1999
1,1139.4519,775.3479,775347.8999
1,1139.6478,775.5438,775543.7999
1,1139.6707,775.5667,775566.6999
1,1139.7110,775.6070,775606.9999
1,1139.7171,775.6131,775613.0999
1,1143.0441,778.9401,778940.0999
1,1143.0784,778.9744,778974.3999
1,1143.2230,779.1190,779118.9999
1,1143.3132,779.2092,779209.1999
1,1144.6457,780.5417,780541.6999
1,1144.7429,780.6389,780638.8999
1,1144.7470,780.6430,780642.9999
1,1145.3428,781.2388,781238.7999
1,1145.8377,781.7337,781733.6999
1,1146.1004,781.9964,781996.3999
1,1146.8584,782.7544,782754.3999
1,1146.9170,782.8130,782812.9999
1,1147.0327,782.9287,782928.6999
1,1147.0546,782.9506,782950.5999
1,1147.8543,783.7503,783750.2999
1,1148.0187,783.9147,783914.6999
1,1148.1809,784.0769,784076.8999
1,1148.1829,784.0789,784078.8999
1,1148.2638,784.1598,784159.7999
1,1148.3023,784.1983,784198.2999
1,1148.4598,784.3558,784355.7999
1,1148.7280,784.6240,784623.9999
1,1148.9265,784.8225,784822.4999
1,1148.9770,784.8730,784872.9999
1,1148.9797,784.8757,784875.6999
1,1148.9929,784.8889,784888.8999
1,1149.0031,784.8991,784899.0999
1,1149.0199,784.9159,784915.8999
1,1149.3717,785.2677,785267.6999
1,1149.7150,785.6110,785610.9999
1,1149.7506,785.6466,785646.5999
1,1149.7599,785.6559,785655.8999
1,1149.7869,785.6829,785682.8999
1,1150.3815,786.2775,786277.4999
1,1150.4637,786.3597,786359.6999
1,1150.5940,786.4900,786489.9999
1,1150.6270,786.5230,786522.9999
1,1150.7570,786.6530,786652.9999
1,1150.8760,786.7720,786771.9999
1,1151.7261,787.6221,787622.0999
1,1151.7604,787.6564,787656.3999
1,1151.7739,787.6699,787669.8999
1,1152.0423,787.9383,787938.2999
1,1152.2034,788.0994,788099.3999
1,1152.2664,788.1624,788162.3999
1,1152.3966,788.2926,788292.5999
1,1152.7068,788.6028,788602.7999
1,1152.8054,788.7014,788701.3999
1,1152.8843,788.7803,788780.2999
1,1152.8925,788.7885,788788.4999
1,1153.0544,788.9504,788950.3999
1,1153.5707,789.4667,789466.6999
1,1153.7064,789.6024,789602.3999
1,1153.7991,789.6951,789695.0999
1,1154.1438,790.0398,790039.7999
1,1154.2888,790.1848,790184.7999
1,1154.5078,790.4038,790403.7999
1,1155.2685,791.1645,791164.4999
1,1155.4233,791.3193,791319.2999
1,1155.6492,791.5452,791545.1999
1,1155.6602,791.5562,791556.1999
1,1155.8270,791.7230,791722.9999
1,1155.8647,791.7607,791760.6999
1,1155.8722,791.7682,791768.1999
1,1155.9176,791.8136,791813.5999
1,1156.2421,792.1381,792138.0999
1,1157.0412,792.9372,792937.1999
1,1157.1846,793.0806,793080.5999
1,1157.2987,793.1947,793194.6999
1,1157.6170,793.5130,793512.9999
1,1157.8003,793.6963,793696.2999
1,1158.3147,794.2107,794210.6999
1,1158.5198,794.4158,794415.7999
1,1158.9411,794.8371,794837.0999
1,1159.5440,795.4400,795439.9999
1,1159.7697,795.6657,795665.6999
1,1159.8867,795.7827,795782.6999
1,1160.2008,796.0968,796096.7999
1,1160.5111,796.4071,796407.0999
1,1160.5378,796.4338,796433.7999
1,1160.5884,796.4844,796484.3999
1,1160.6273,796.5233,796523.2999
1,1160.7431,796.6391,796639.0999
1,1160.7575,796.6535,796653.4999
1,1160.7667,796.6627,796662.6999
1,1161.1684,797.0644,797064.3999
1,1162.0458,797.9418,797941.7999
1,1162.1614,798.0574,798057.3999
1,1162.5553,798.4513,798451.2999
1,1162.6429,798.5389,798538.8999
1,1162.8817,798.7777,798777.6999
1,1163.4713,799.3673,799367.2999
1,1163.8158,799.7118,799711.7999
1,1167.1134,803.0094,803009.3999
1,1167.1506,803.0466,803046.5999
1,1167.1915,803.0875,803087.4999
1,1167.2253,803.1213,803121.2999
1,1167.2531,803.1491,803149.0999
1,1167.2826,803.1786,803178.5999
1,1167.3051,803.2011,803201.0999
1,1167.3179,803.2139,803213.8999
1,1167.3306,803.2266,803226.5999
1,1167.5153,803.4113,803411.2999
1,1167.5385,803.4345,803434.4999
1,1167.7970,803.6930,803692.9999
1,1167.8325,803.7285,803728.4999
1,1167.9254,803.8214,803821.3999
1,1167.9801,803.8761,803876.0999
1,1168.1429,804.0389,804038.8999
1,1168.8548,804.7508,804750.7999
1,1169.3795,805.2755,805275.4999
1,1169.8679,805.7639,805763.8999
1,1169.8987,805.7947,805794.6999
1,1170.0507,805.9467,805946.6999
1,1170.0908,805.9868,805986.7999
1,1170.1403,806.0363,806036.2999
1,1170.7296,806.6256,806625.5999
1,1170.8535,806.7495,806749.4999
1,1171.1568,807.0528,807052.7999
1,1171.3664,807.2624,807262.3999
1,1171.5080,807.4040,807403.9999
1,1171.5581,807.4541,807454.0999
1,1171.5973,807.4933,807493.2999
1,1171.7731,807.6691,807669.0999
1,1172.1227,808.0187,808018.6999
1,1172.2364,808.1324,808132.3999
1,1172.2519,808.1479,808147.8999
1,1174.2740,810.1700,810169.9999
1,1174.3883,810.2843,810284.2999
1,1174.4620,810.3580,810357.9999
1,1174.6788,810.5748,810574.7999
1,1174.9768,810.8728,810872.7999
1,1175.0737,810.9697,810969.6999
1,1175.0940,810.9900,810989.9999
1,1175.7085,811.6045,811604.4999
1,1175.7162,811.6122,811612.1999
1,1175.9918,811.8878,811887.7999
1,1176.0407,811.9367,811936.6999
1,1176.2401,812.1361,812136.0999
1,1176.3532,812.2492,812249.1999
1,1176.5020,812.3980,812397.9999
1,1176.5629,812.4589,812458.8999
1,1176.5980,812.4940,812493.9999
1,1176.6655,812.5615,812561.4999
1,1176.6790,812.5750,812574.9999
1,1176.7714,812.6674,812667.3999
1,1176.7835,812.6795,812679.4999
1,1176.9127,812.8087,812808.6999
1,1176.9562,812.8522,812852.1999
1,1176.9827,812.8787,812878.6999
1,1177.0387,812.9347,812934.6999
1,1177.2273,813.1233,813123.2999
1,1177.6007,813.4967,813496.6999
1,1177.6817,813.5777,813577.6999
1,1177.8707,813.7667,813766.6999
1,1178.0339,813.9299,813929.8999
1,1178.0812,813.9772,813977.1999
1,1178.2688,814.1648,814164.7999
1,1178.4698,814.3658,814365.7999
1,1178.9105,814.8065,814806.4999
1,1179.1027,814.9987,814998.6999
1,1179.1145,815.0105,815010.4999
1,1179.7776,815.6736,815673.5999
1,1179.9898,815.8858,815885.7999
1,1181.3990,817.2950,817294.9999
1,1181.6073,817.5033,817503.2999
1,1181.8585,817.7545,817754.4999
1,1181.9257,817.8217,817821.6999
1,1182.8895,818.7855,818785.4999
1,1183.1976,819.0936,819093.5999
1,1183.4004,819.2964,819296.3999
1,1183.4362,819.3322,819332.1999
1,1184.3617,820.2577,820257.6999
1,1184.4602,820.3562,820356.1999
1,1184.6256,820.5216,820521.5999
1,1184.7241,820.6201,820620.0999
1,1184.9661,820.8621,820862.0999
1,1185.1083,821.0043,821004.2999
1,1185.3049,821.2009,821200.8999
1,1185.3956,821.2916,821291.5999
1,1185.4195,821.3155,821315.4999
1,1185.6435,821.5395,821539.4999
1,1185.9983,821.8943,821894.2999
1,1186.2586,822.1546,822154.5999
1,1186.4082,822.3042,822304.1999
1,1187.3336,823.2296,823229.5999
1,1187.5003,823.3963,823396.2999
1,1187.9468,823.8428,823842.7999
1,1188.2659,824.1619,824161.8999
1,1188.2969,824.1929,824192.8999
1,1188.3506,824.2466,824246.5999
1,1188.3602,824.2562,824256.1999
1,1188.3720,824.2680,824267.9999
1,1188.4859,824.3819,824381.8999
1,1188.9835,824.8795,824879.4999
1,1189.7377,825.6337,825633.6999
1,1190.9491,826.8451,826845.0999
1,1191.2566,827.1526,827152.5999
1,1192.0764,827.9724,827972.3999
1,1192.2677,828.1637,828163.6999
1,1192.4133,828.3093,828309.2999
1,1192.4586,828.3546,828354.5999
1,1192.5319,828.4279,828427.8999
1,1192.5671,828.4631,828463.0999
1,1192.7512,828.6472,828647.1999
1,1192.7913,828.6873,828687.2999
1,1192.8031,828.6991,828699.0999
1,1192.8167,828.7127,828712.6999
1,1193.2574,829.1534,829153.3999
1,1193.8672,829.7632,829763.1999
1,1194.6043,830.5003,830500.2999
1,1194.6181,830.5141,830514.0999
1,1194.8086,830.7046,830704.5999
1,1194.8263,830.7223,830722.2999
1,1194.8427,830.7387,830738.6999
1,1194.8485,830.7445,830744.4999
1,1194.8783,830.7743,830774.2999
1,1195.5676,831.4636,831463.5999
1,1195.7083,831.6043,831604.2999
1,1195.7241,831.6201,831620.0999
1,1195.7312,831.6272,831627.1999
1,1195.7763,831.6723,831672.2999
1,1195.9754,831.8714,831871.3999
1,1197.1608,833.0568,833056.7999
1,1197.6739,833.5699,833569.8999
1,1197.7776,833.6736,833673.5999
1,1198.8363,834.7323,834732.2999
1,1198.8971,834.7931,834793.0999
1,1199.0982,834.9942,834994.1999
1,1199.5877,835.4837,835483.6999
1,1199.8768,835.7728,835772.7999
1,1199.9380,835.8340,835833.9999
1,1199.9680,835.8640,835863.9999
1,1202.0805,837.9765,837976.4999
1,1203.1815,839.0775,839077.4999
1,1203.6726,839.5686,839568.5999
1,1204.4239,840.3199,840319.8999
1,1207.6044,843.5004,843500.3999
1,1207.9703,843.8663,843866.2999
1,1207.9850,843.8810,843880.9999
1,1208.0023,843.8983,843898.2999
1,1208.4668,844.3628,844362.7999
1,1210.1744,846.0704,846070.3999
1,1210.1872,846.0832,846083.1999
1,1211.2966,847.1926,847192.5999
1,1212.3068,848.2028,848202.7999
1,1213.2907,849.1867,849186.6999
1,1217.3700,853.2660,853265.9999
1,1219.9053,855.8013,855801.2999
1,1221.3353,857.2313,857231.2999
1,1221.5841,857.4801,857480.0999
1,1221.9065,857.8025,857802.4999
1,1221.9724,857.8684,857868.3999
1,1223.9570,859.8530,859852.9999
1,1226.1500,862.0460,862045.9999
1,1226.3198,862.2158,862215.7999
1,1228.1581,864.0541,864054.0999
1,1228.8580,864.7540,864753.9999
1,1228.8609,864.7569,864756.8999
1,1228.8781,864.7741,864774.0999
1,1229.2686,865.1646,865164.5999
1,1232.8071,868.7031,868703.0999
1,1233.0011,868.8971,868897.0999
1,1234.0469,869.9429,869942.8999
1,1234.1961,870.0921,870092.0999
1,1234.2191,870.1151,870115.0999
1,1234.3869,870.2829,870282.8999
1,1234.7207,870.6167,870616.6999
1,1234.9233,870.8193,870819.2999
1,1235.0154,870.9114,870911.3999
1,1235.0346,870.9306,870930.5999
1,1235.3221,871.2181,871218.0999
1,1235.3805,871.2765,871276.4999
1,1235.4962,871.3922,871392.1999
1,1235.6649,871.5609,871560.8999
1,1235.9213,871.8173,871817.2999
1,1236.1361,872.0321,872032.0999
1,1238.6773,874.5733,874573.2999
1,1239.7244,875.6204,875620.3999
1,1239.8081,875.7041,875704.0999
1,1239.9182,875.8142,875814.1999
1,1239.9283,875.8243,875824.2999
1,1240.3846,876.2806,876280.5999
1,1240.4340,876.3300,876329.9999
1,1240.5109,876.4069,876406.8999
1,1240.6433,876.5393,876539.2999
1,1240.7170,876.6130,876612.9999
1,1240.8727,876.7687,876768.6999
1,1240.9571,876.8531,876853.0999
1,1241.0934,876.9894,876989.3999
1,1241.1257,877.0217,877021.6999
1,1241.2137,877.1097,877109.6999
1,1241.5297,877.4257,877425.6999
1,1241.7423,877.6383,877638.2999
1,1241.7683,877.6643,877664.2999
1,1242.0009,877.8969,877896.8999
1,1242.0194,877.9154,877915.3999
1,1242.0804,877.9764,877976.3999
1,1242.1606,878.0566,878056.5999
1,1242.2633,878.1593,878159.2999
1,1242.3885,878.2845,878284.4999
1,1242.7570,878.6530,878652.9999
1,1242.8081,878.7041,878704.0999
1,1242.8798,878.7758,878775.7999
1,1242.8913,878.7873,878787.2999
1,1242.8982,878.7942,878794.1999
1,1242.9068,878.8028,878802.7999
1,1242.9419,878.8379,878837.8999
1,1242.9521,878.8481,878848.0999
1,1242.9987,878.8947,878894.6999
1,1243.0325,878.9285,878928.4999
1,1243.1802,879.0762,879076.1999
1,1243.2275,879.1235,879123.4999
1,1243.3373,879.2333,879233.2999
1,1243.5549,879.4509,879450.8999
1,1243.7496,879.6456,879645.5999
1,1243.7633,879.6593,879659.2999
1,1243.7963,879.6923,879692.2999
1,1243.9630,879.8590,879858.9999
1,1243.9716,879.8676,879867.5999
1,1244.1477,880.0437,880043.6999
1,1244.5417,880.4377,880437.6999
1,1244.5648,880.4608,880460.7999
1,1244.5935,880.4895,880489.4999
1,1244.7545,880.6505,880650.4999
1,1244.8379,880.7339,880733.8999
1,1244.9264,880.8224,880822.3999
1,1245.1333,881.0293,881029.2999
1,1245.1666,881.0626,881062.5999
1,1245.9328,881.8288,881828.7999
1,1246.4576,882.3536,882353.5999
1,1246.4751,882.3711,882371.0999
1,1246.4893,882.3853,882385.2999
1,1246.4988,882.3948,882394.7999
1,1246.5057,882.4017,882401.6999
1,1246.5283,882.4243,882424.2999
1,1246.5488,882.4448,882444.7999
1,1246.5512,882.4472,882447.1999
1,1246.5677,882.4637,882463.6999
1,1246.5962,882.4922,882492.1999
1,1246.6110,882.5070,882506.9999
1,1246.7224,882.6184,882618.3999
1,1246.7808,882.6768,882676.7999
1,1246.8085,882.7045,882704.4999
1,1246.8238,882.7198,882719.7999
1,1246.8566,882.7526,882752.5999
1,1246.9797,882.8757,882875.6999
1,1246.9833,882.8793,882879.2999
1,1247.0252,882.9212,882921.1999
1,1247.0350,882.9310,882930.9999
1,1247.0403,882.9363,882936.2999
1,1247.0747,882.9707,882970.6999
1,1247.0821,882.9781,882978.0999
1,1247.1211,883.0171,883017.0999
1,1247.1830,883.0790,883078.9999
1,1247.2808,883.1768,883176.7999
1,1247.3258,883.2218,883221.7999
1,1247.3971,883.2931,883293.0999
1,1247.6099,883.5059,883505.8999
1,1247.6397,883.5357,883535.6999
1,1247.7337,883.6297,883629.6999
1,1247.7742,883.6702,883670.1999
1,1247.7924,883.6884,883688.3999
1,1247.9060,883.8020,883801.9999
1,1247.9107,883.8067,883806.6999
1,1247.9750,883.8710,883870.9999
1,1248.6796,884.5756,884575.5999
1,1248.7551,884.6511,884651.0999
1,1249.0313,884.9273,884927.2999
1,1249.3157,885.2117,885211.6999
1,1249.4904,885.3864,885386.3999
1,1249.5012,885.3972,885397.1999
1,1249.5501,885.4461,885446.0999
1,1249.6805,885.5765,885576.4999
1,1249.7085,885.6045,885604.4999
1,1250.1225,886.0185,886018.4999
1,1250.4746,886.3706,886370.5999
1,1251.0550,886.9510,886950.9999
1,1251.2071,887.1031,887103.0999
1,1251.2741,887.1701,887170.0999
1,1251.3137,887.2097,887209.6999
1,1251.6359,887.5319,887531.8999
1,1251.8644,887.7604,887760.3999
1,1251.8731,887.7691,887769.0999
1,1252.0827,887.9787,887978.6999
1,1252.1133,888.0093,888009.2999
1,1252.1768,888.0728,888072.7999
1,1252.3653,888.2613,888261.2999
1,1252.8728,888.7688,888768.7999
1,1253.0446,888.9406,888940.5999
1,1253.1946,889.0906,889090.5999
1,1253.2536,889.1496,889149.5999
1,1253.5552,889.4512,889451.1999
1,1253.5660,889.4620,889461.9999
1,1253.9387,889.8347,889834.6999
1,1254.1704,890.0664,890066.3999
1,1254.3370,890.2330,890232.9999
1,1254.3911,890.2871,890287.0999
1,1254.5171,890.4131,890413.0999
1,1254.5468,890.4428,890442.7999
1,1254.7503,890.6463,890646.2999
1,1255.2600,891.1560,891155.9999
1,1255.3167,891.2127,891212.6999
1,1255.8598,891.7558,891755.7999
1,1255.8627,891.7587,891758.6999
1,1255.9802,891.8762,891876.1999
1,1256.2709,892.1669,892166.8999
1,1256.4515,892.3475,892347.4999
1,1256.6512,892.5472,892547.1999
1,1256.8830,892.7790,892778.9999
1,1257.3592,893.2552,893255.1999
1,1257.3734,893.2694,893269.3999
1,1257.4608,893.3568,893356.7999
1,1257.7391,893.6351,893635.0999
1,1257.9745,893.8705,893870.4999
1,1257.9988,893.8948,893894.7999
1,1258.0275,893.9235,893923.4999
1,1258.5782,894.4742,894474.1999
1,1258.6878,894.5838,894583.7999
1,1258.9003,894.7963,894796.2999
1,1258.9964,894.8924,894892.3999
1,1259.2532,895.1492,895149.1999
1,1259.4167,895.3127,895312.6999
1,1259.4272,895.3232,895323.1999
1,1259.4917,895.3877,895387.6999
1,1259.9282,895.8242,895824.1999
1,1260.0356,895.9316,895931.5999
1,1260.9102,896.8062,896806.1999
1,1261.0228,896.9188,896918.7999
1,1261.1992,897.0952,897095.1999
1,1261.3706,897.2666,897266.5999
1,1261.3958,897.2918,897291.7999
1,1261.4893,897.3853,897385.2999
1,1261.7387,897.6347,897634.6999
1,1261.8445,897.7405,897740.4999
1,1262.0483,897.9443,897944.2999
1,1262.0624,897.9584,897958.3999
1,1262.1325,898.0285,898028.4999
1,1262.2189,898.1149,898114.8999
1,1263.1819,899.0779,899077.8999
1,1263.3645,899.2605,899260.4999
1,1263.4327,899.3287,899328.6999
1,1263.5658,899.4618,899461.7999
1,1264.1243,900.0203,900020.2999
1,1264.1844,900.0804,900080.3999
1,1264.2458,900.1418,900141.7999
1,1264.2709,900.1669,900166.8999
1,1264.2925,900.1885,900188.4999
1,1264.5215,900.4175,900417.4999
1,1264.5768,900.4728,900472.7999
1,1264.6787,900.5747,900574.6999
1,1264.7116,900.6076,900607.5999
1,1264.8435,900.7395,900739.4999
1,1264.9154,900.8114,900811.3999
1,1264.9484,900.8444,900844.3999
1,1264.9686,900.8646,900864.5999
1,1264.9825,900.8785,900878.4999
1,1265.0261,900.9221,900922.0999
1,1265.4655,901.3615,901361.4999
1,1265.4923,901.3883,901388.2999
1,1265.5069,901.4029,901402.8999
1,1265.7773,901.6733,901673.2999
1,1265.8352,901.7312,901731.1999
1,1266.7047,902.6007,902600.6999
1,1266.8380,902.7340,902733.9999
1,1266.9446,902.8406,902840.5999
1,1266.9484,902.8444,902844.3999
1,1266.9570,902.8530,902852.9999
1,1267.1323,903.0283,903028.2999
1,1267.2190,903.1150,903114.9999
1,1267.3554,903.2514,903251.3999
1,1267.3712,903.2672,903267.1999
1,1267.4065,903.3025,903302.4999
1,1267.4106,903.3066,903306.5999
1,1267.5177,903.4137,903413.6999
1,1267.5424,903.4384,903438.3999
1,1267.5657,903.4617,903461.6999
1,1267.6877,903.5837,903583.6999
1,1267.7420,903.6380,903637.9999
1,1267.7560,903.6520,903651.9999
1,1267.8825,903.7785,903778.4999
1,1268.0322,903.9282,903928.1999
1,1268.6301,904.5261,904526.0999
1,1268.8009,904.6969,904696.8999
1,1268.8258,904.7218,904721.7999
1,1269.2123,905.1083,905108.2999
1,1269.4843,905.3803,905380.2999
1,1270.5365,906.4325,906432.4999
1,1270.6369,906.5329,906532.8999
1,1270.6943,906.5903,906590.2999
1,1270.7833,906.6793,906679.2999
1,1271.7711,907.6671,907667.0999
1,1271.8714,907.7674,907767.3999
1,1272.2793,908.1753,908175.2999
1,1274.5978,910.4938,910493.7999
1,1274.7992,910.6952,910695.1999
1,1275.5787,911.4747,911474.6999
1,1275.8647,911.7607,911760.6999
1,1276.0880,911.9840,911983.9999
1,1276.3774,912.2734,912273.3999
1,1276.7263,912.6223,912622.2999
1,1276.7833,912.6793,912679.2999
1,1276.9346,912.8306,912830.5999
1,1277.0628,912.9588,912958.7999
1,1277.0695,912.9655,912965.4999
1,1277.2424,913.1384,913138.3999
1,1278.2549,914.1509,914150.8999
1,1278.3135,914.2095,914209.4999
1,1278.3430,914.2390,914238.9999
1,1278.3460,914.2420,914241.9999
1,1278.3555,914.2515,914251.4999
1,1278.4007,914.2967,914296.6999
1,1278.4186,914.3146,914314.5999
1,1278.5122,914.4082,914408.1999
1,1278.5779,914.4739,914473.8999
1,1278.9881,914.8841,914884.0999
1,1279.0274,914.9234,914923.3999
1,1279.0818,914.9778,914977.7999
1,1279.0908,914.9868,914986.7999
1,1280.3060,916.2020,916201.9999
1,1282.2537,918.1497,918149.6999
1,1282.7200,918.6160,918615.9999
1,1282.8002,918.6962,918696.1999
1,1282.8969,918.7929,918792.8999
1,1282.8994,918.7954,918795.3999
1,1282.9204,918.8164,918816.3999
1,1282.9401,918.8361,918836.0999
1,1283.0016,918.8976,918897.5999
1,1283.0082,918.9042,918904.1999
1,1284.2940,920.1900,920189.9999
1,1284.9011,920.7971,920797.0999
1,1285.0032,920.8992,920899.1999
1,1285.1336,921.0296,921029.5999
1,1285.5635,921.4595,921459.4999
1,1285.7195,921.6155,921615.4999
1,1286.8232,922.7192,922719.1999
1,1287.2140,923.1100,923109.9999
1,1287.2710,923.1670,923166.9999
1,1287.3693,923.2653,923265.2999
1,1287.3749,923.2709,923270.8999
1,1287.3820,923.2780,923277.9999
1,1288.3016,924.1976,924197.5999
1,1288.7932,924.6892,924689.1999
1,1289.0062,924.9022,924902.1999
1,1289.0590,924.9550,924954.9999
1,1289.0650,924.9610,924960.9999
1,1289.7293,925.6253,925625.2999
1,1289.8401,925.7361,925736.0999
1,1289.8990,925.7950,925794.9999
1,1290.2404,926.1364,926136.3999
1,1290.2440,926.1400,926139.9999
1,1290.5508,926.4468,926446.7999
1,1291.0813,926.9773,926977.2999
1,1291.1239,927.0199,927019.8999
1,1291.2002,927.0962,927096.1999
1,1291.2934,927.1894,927189.3999
1,1291.7055,927.6015,927601.4999
1,1291.7353,927.6313,927631.2999
1,1291.8493,927.7453,927745.2999
1,1291.9323,927.8283,927828.2999
1,1292.3595,928.2555,928255.4999
1,1292.5076,928.4036,928403.5999
1,1293.0932,928.9892,928989.1999
1,1294.0787,929.9747,929974.6999
1,1295.0907,930.9867,930986.6999
1,1295.3841,931.2801,931280.0999
1,1295.9168,931.8128,931812.7999
1,1295.9372,931.8332,931833.1999
1,1296.3322,932.2282,932228.1999
1,1296.4605,932.3565,932356.4999
1,1296.5348,932.4308,932430.7999
1,1296.7039,932.5999,932599.8999
1,1296.7370,932.6330,932632.9999
1,1296.9226,932.8186,932818.5999
1,1297.0504,932.9464,932946.3999
1,1297.1373,933.0333,933033.2999
1,1297.1467,933.0427,933042.6999
1,1297.1628,933.0588,933058.7999
1,1297.2998,933.1958,933195.7999
1,1297.3755,933.2715,933271.4999
1,1297.7447,933.6407,933640.6999
1,1300.0944,935.9904,935990.3999
1,1300.1016,935.9976,935997.5999
1,1300.1477,936.0437,936043.6999
1,1300.2031,936.0991,936099.0999
1,1300.3514,936.2474,936247.3999
1,1300.4955,936.3915,936391.4999
1,1300.5016,936.3976,936397.5999
1,1300.6355,936.5315,936531.4999
1,1300.6669,936.5629,936562.8999
1,1300.6692,936.5652,936565.1999
1,1300.7070,936.6030,936602.9999
1,1301.5424,937.4384,937438.3999
1,1301.8132,937.7092,937709.1999
1,1302.2498,938.1458,938145.7999
1,1302.6896,938.5856,938585.5999
1,1302.9194,938.8154,938815.3999
1,1303.1507,939.0467,939046.6999
1,1303.2205,939.1165,939116.4999
1,1303.2400,939.1360,939135.9999
1,1303.4991,939.3951,939395.0999
1,1303.8169,939.7129,939712.8999
1,1304.3145,940.2105,940210.4999
1,1304.4690,940.3650,940364.9999
1,1304.6674,940.5634,940563.3999
1,1304.7239,940.6199,940619.8999
1,1304.7406,940.6366,940636.5999
1,1305.1496,941.0456,941045.5999
1,1305.1699,941.0659,941065.8999
1,1305.2305,941.1265,941126.4999
1,1305.6035,941.4995,941499.4999
1,1305.7718,941.6678,941667.7999
1,1305.7806,941.6766,941676.5999
1,1305.8036,941.6996,941699.5999
1,1305.8120,941.7080,941707.9999
1,1305.9821,941.8781,941878.0999
1,1306.0279,941.9239,941923.8999
1,1306.2743,942.1703,942170.2999
1,1306.3657,942.2617,942261.6999
1,1306.3874,942.2834,942283.3999
1,1306.4854,942.3814,942381.3999
1,1306.5049,942.4009,942400.8999
1,1306.5719,942.4679,942467.8999
1,1306.5851,942.4811,942481.0999
1,1306.6906,942.5866,942586.5999
1,1306.7132,942.6092,942609.1999
1,1306.7264,942.6224,942622.3999
1,1306.8467,942.7427,942742.6999
1,1306.8897,942.7857,942785.6999
1,1306.9069,942.8029,942802.8999
1,1306.9549,942.8509,942850.8999
1,1306.9738,942.8698,942869.7999
1,1307.0119,942.9079,942907.8999
1,1307.0731,942.9691,942969.0999
1,1307.3918,943.2878,943287.7999
1,1307.4065,943.3025,943302.4999
1,1307.7649,943.6609,943660.8999
1,1307.8489,943.7449,943744.8999
1,1307.9567,943.8527,943852.6999
1,1308.2994,944.1954,944195.3999
1,1308.4427,944.3387,944338.6999
1,1308.4451,944.3411,944341.0999
1,1308.4949,944.3909,944390.8999
1,1308.6385,944.5345,944534.4999
1,1308.7109,944.6069,944606.8999
1,1308.7180,944.6140,944613.9999
1,1309.2879,945.1839,945183.8999
1,1309.2963,945.1923,945192.2999
1,1309.3564,945.2524,945252.3999
1,1309.3912,945.2872,945287.1999
1,1309.4459,945.3419,945341.8999
1,1309.7021,945.5981,945598.0999
1,1309.8301,945.7261,945726.0999
1,1310.3082,946.2042,946204.1999
1,1310.4714,946.3674,946367.3999
1,1310.5363,946.4323,946432.2999
1,1310.7465,946.6425,946642.4999
1,1310.7881,946.6841,946684.0999
1,1310.8282,946.7242,946724.1999
1,1310.9993,946.8953,946895.2999
1,1311.1342,947.0302,947030.1999
1,1311.4043,947.3003,947300.2999
1,1311.4367,947.3327,947332.6999
1,1311.8756,947.7716,947771.5999
1,1312.0310,947.9270,947926.9999
1,1312.4610,948.3570,948356.9999
1,1312.5395,948.4355,948435.4999
1,1312.6629,948.5589,948558.8999
1,1313.1452,949.0412,949041.1999
1,1313.1810,949.0770,949076.9999
1,1313.3642,949.2602,949260.1999
1,1313.4441,949.3401,949340.0999
1,1313.5332,949.4292,949429.1999
1,1313.9243,949.8203,949820.2999
1,1314.3840,950.2800,950279.9999
1,1314.5889,950.4849,950484.8999
1,1314.8428,950.7388,950738.7999
1,1315.0828,950.9788,950978.7999
1,1315.0908,950.9868,950986.7999
1,1315.1115,951.0075,951007.4999
1,1315.1194,951.0154,951015.3999
1,1315.2920,951.1880,951187.9999
1,1315.3782,951.2742,951274.1999
1,1315.4667,951.3627,951362.6999
1,1315.4780,951.3740,951373.9999
1,1315.5395,951.4355,951435.4999
1,1315.5420,951.4380,951437.9999
1,1315.7004,951.5964,951596.3999
1,1315.7154,951.6114,951611.3999
1,1315.9880,951.8840,951883.9999
1,1316.6865,952.5825,952582.4999
1,1316.7096,952.6056,952605.5999
1,1317.1144,953.0104,953010.3999
1,1317.1771,953.0731,953073.0999
1,1317.2396,953.1356,953135.5999
1,1317.3274,953.2234,953223.3999
1,1317.4556,953.3516,953351.5999
1,1317.5424,953.4384,953438.3999
1,1317.6650,953.5610,953560.9999
1,1317.7823,953.6783,953678.2999
1,1318.1412,954.0372,954037.1999
1,1318.2091,954.1051,954105.0999
1,1318.2472,954.1432,954143.1999
1,1318.3128,954.2088,954208.7999
1,1319.1378,955.0338,955033.7999
1,1319.3041,955.2001,955200.0999
1,1319.7917,955.6877,955687.6999
1,1319.9393,955.8353,955835.2999
1,1319.9646,955.8606,955860.5999
1,1320.0926,955.9886,955988.5999
1,1320.1312,956.0272,956027.1999
1,1320.1380,956.0340,956033.9999
1,1320.1583,956.0543,956054.2999
1,1320.6460,956.5420,956541.9999
1,1320.7280,956.6240,956623.9999
1,1320.8581,956.7541,956754.0999
1,1320.9353,956.8313,956831.2999
1,1321.1229,957.0189,957018.8999
1,1321.4714,957.3674,957367.3999
1,1321.6238,957.5198,957519.7999
1,1321.6859,957.5819,957581.8999
1,1321.8764,957.7724,957772.3999
1,1322.8741,958.7701,958770.0999
1,1323.3849,959.2809,959280.8999
1,1323.4143,959.3103,959310.2999
1,1323.5773,959.4733,959473.2999
1,1323.6843,959.5803,959580.2999
1,1323.7248,959.6208,959620.7999
1,1324.3714,960.2674,960267.3999
1,1324.6926,960.5886,960588.5999
1,1325.2510,961.1470,961146.9999
1,1326.0858,961.9818,961981.7999
1,1326.9320,962.8280,962827.9999
1,1327.2746,963.1706,963170.5999
1,1327.5382,963.4342,963434.1999
1,1327.6490,963.5450,963544.9999
1,1327.8317,963.7277,963727.6999
1,1327.9010,963.7970,963796.9999
1,1328.0857,963.9817,963981.6999
1,1328.1903,964.0863,964086.2999
1,1328.3560,964.2520,964251.9999
1,1328.4013,964.2973,964297.2999
1,1328.4393,964.3353,964335.2999
1,1328.6532,964.5492,964549.1999
1,1329.1752,965.0712,965071.1999
1,1329.4041,965.3001,965300.0999
1,1329.4555,965.3515,965351.4999
1,1329.7409,965.6369,965636.8999
1,1329.7628,965.6588,965658.7999
1,1329.7777,965.6737,965673.6999
1,1329.9092,965.8052,965805.1999
1,1331.6243,967.5203,967520.2999
1,1331.6547,967.5507,967550.6999
1,1331.7914,967.6874,967687.3999
1,1332.0793,967.9753,967975.2999
1,1332.6907,968.5867,968586.6999
1,1333.2430,969.1390,969138.9999
1,1333.3427,969.2387,969238.6999
1,1333.3697,969.2657,969265.6999
1,1334.2416,970.1376,970137.5999
1,1334.4881,970.3841,970384.0999
1,1334.5086,970.4046,970404.5999
1,1334.9310,970.8270,970826.9999
1,1334.9513,970.8473,970847.2999
1,1334.9641,970.8601,970860.0999
1,1334.9717,970.8677,970867.6999
1,1335.1791,971.0751,971075.0999
1,1335.2363,971.1323,971132.2999
1,1336.1918,972.0878,972087.7999
1,1336.3826,972.2786,972278.5999
1,1336.3875,972.2835,972283.4999
1,1336.4061,972.3021,972302.0999
1,1336.4792,972.3752,972375.1999
1,1336.5291,972.4251,972425.0999
1,1336.6982,972.5942,972594.1999
1,1336.8668,972.7628,972762.7999
1,1336.8744,972.7704,972770.3999
1,1336.9334,972.8294,972829.3999
1,1336.9964,972.8924,972892.3999
1,1337.0094,972.9054,972905.3999
1,1337.0319,972.9279,972927.8999
1,1337.0800,972.9760,972975.9999
1,1337.3581,973.2541,973254.0999
1,1337.4891,973.3851,973385.0999
1,1337.4948,973.3908,973390.7999
1,1337.5947,973.4907,973490.6999
1,1337.6233,973.5193,973519.2999
1,1337.6502,973.5462,973546.1999
1,1337.7909,973.6869,973686.8999
1,1337.8426,973.7386,973738.5999
1,1337.9059,973.8019,973801.8999
1,1338.0007,973.8967,973896.6999
1,1338.0225,973.9185,973918.4999
1,1338.0266,973.9226,973922.5999
1,1338.0316,973.9276,973927.5999
1,1338.0513,973.9473,973947.2999
1,1338.0605,973.9565,973956.4999
1,1338.1078,974.0038,974003.7999
1,1338.3927,974.2887,974288.6999
1,1338.5474,974.4434,974443.3999
1,1338.5619,974.4579,974457.8999
1,1338.6329,974.5289,974528.8999
1,1338.6522,974.5482,974548.1999
1,1338.8147,974.7107,974710.6999
1,1338.8768,974.7728,974772.7999
1,1338.8912,974.7872,974787.1999
1,1338.9287,974.8247,974824.6999
1,1339.0691,974.9651,974965.0999
1,1339.2144,975.1104,975110.3999
1,1339.2279,975.1239,975123.8999
1,1339.3785,975.2745,975274.4999
1,1339.4803,975.3763,975376.2999
1,1339.5390,975.4350,975434.9999
1,1339.5884,975.4844,975484.3999
1,1339.8495,975.7455,975745.4999
1,1339.9191,975.8151,975815.0999
1,1339.9314,975.8274,975827.3999
1,1339.9747,975.8707,975870.6999
1,1340.0985,975.9945,975994.4999
1,1340.6314,976.5274,976527.3999
1,1340.8031,976.6991,976699.0999
1,1340.9043,976.8003,976800.2999
1,1340.9297,976.8257,976825.6999
1,1343.4844,979.3804,979380.3999
1,1344.1896,980.0856,980085.5999
1,1344.2009,980.0969,980096.8999
1,1344.3931,980.2891,980289.0999
1,1344.9374,980.8334,980833.3999
1,1345.3073,981.2033,981203.2999
1,1346.1504,982.0464,982046.3999
1,1347.2873,983.1833,983183.2999
1,1347.2984,983.1944,983194.3999
1,1347.3300,983.2260,983225.9999
1,1347.7507,983.6467,983646.6999
1,1348.7740,984.6700,984669.9999
1,1349.0834,984.9794,984979.3999
1,1349.1522,985.0482,985048.1999
1,1349.2301,985.1261,985126.0999
1,1349.2808,985.1768,985176.7999
1,1349.5667,985.4627,985462.6999
1,1349.8049,985.7009,985700.8999
1,1349.8368,985.7328,985732.7999
1,1349.8486,985.7446,985744.5999
1,1349.8731,985.7691,985769.0999
1,1349.9543,985.8503,985850.2999
1,1351.0114,986.9074,986907.3999
1,1351.0366,986.9326,986932.5999
1,1351.0631,986.9591,986959.0999
1,1351.0868,986.9828,986982.7999
1,1351.1174,987.0134,987013.3999
1,1351.2081,987.1041,987104.0999
1,1351.2812,987.1772,987177.1999
1,1352.0281,987.9241,987924.0999
1,1352.1486,988.0446,988044.5999
1,1352.1851,988.0811,988081.0999
1,1352.2491,988.1451,988145.0999
1,1352.4234,988.3194,988319.3999
1,1352.4268,988.3228,988322.7999
1,1352.4740,988.3700,988369.9999
1,1352.6226,988.5186,988518.5999
1,1352.9016,988.7976,988797.5999
1,1352.9916,988.8876,988887.5999
1,1353.0486,988.9446,988944.5999
1,1353.0889,988.9849,988984.8999
1,1353.1345,989.0305,989030.4999
1,1353.1490,989.0450,989044.9999
1,1353.1548,989.0508,989050.7999
1,1353.1810,989.0770,989076.9999
1,1353.1906,989.0866,989086.5999
1,1353.2130,989.1090,989108.9999
1,1353.2665,989.1625,989162.4999
1,1353.3242,989.2202,989220.1999
1,1353.4363,989.3323,989332.2999
1,1353.6389,989.5349,989534.8999
1,1353.7071,989.6031,989603.0999
1,1353.7627,989.6587,989658.6999
1,1353.7666,989.6626,989662.5999
1,1353.9970,989.8930,989892.9999
1,1354.0236,989.9196,989919.5999
1,1354.0441,989.9401,989940.0999
1,1354.0909,989.9869,989986.8999
1,1354.1523,990.0483,990048.2999
1,1355.1123,991.0083,991008.2999
1,1355.1883,991.0843,991084.2999
1,1355.3461,991.2421,991242.0999
1,1356.9011,992.7971,992797.0999
1,1356.9655,992.8615,992861.4999
1,1356.9770,992.8730,992872.9999
1,1357.0023,992.8983,992898.2999
1,1357.0068,992.9028,992902.7999
1,1357.4286,993.3246,993324.5999
1,1357.4983,993.3943,993394.2999
1,1357.5754,993.4714,993471.3999
1,1357.6753,993.5713,993571.2999
1,1357.7999,993.6959,993695.8999
1,1357.8731,993.7691,993769.0999
1,1357.8939,993.7899,993789.8999
1,1358.0457,993.9417,993941.6999
1,1358.0595,993.9555,993955.4999
1,1358.0900,993.9860,993985.9999
1,1358.8784,994.7744,994774.3999
1,1359.0240,994.9200,994919.9999
1,1359.2140,995.1100,995109.9999
1,1359.3318,995.2278,995227.7999
1,1359.4634,995.3594,995359.3999
1,1359.6852,995.5812,995581.1999
1,1359.7160,995.6120,995611.9999
1,1359.7192,995.6152,995615.1999
1,1359.8025,995.6985,995698.4999
1,1359.8545,995.7505,995750.4999
1,1359.8578,995.7538,995753.7999
1,1359.8646,995.7606,995760.5999
1,1359.8885,995.7845,995784.4999
1,1359.9346,995.8306,995830.5999
1,1360.8604,996.7564,996756.3999
1,1361.2567,997.1527,997152.6999
1,1361.2821,997.1781,997178.0999
1,1361.2939,997.1899,997189.8999
1,1361.3349,997.2309,997230.8999
1,1361.3555,997.2515,997251.4999
1,1361.9662,997.8622,997862.1999
1,1361.9829,997.8789,997878.8999
1,1362.0082,997.9042,997904.1999
1,1363.0955,998.9915,998991.4999
1,1363.3064,999.2024,999202.3999
1,1363.6963,999.5923,999592.2999
1,1363.7145,999.6105,999610.4999
1,1363.7206,999.6166,999616.5999
1,1363.8358,999.7318,999731.7999
1,1364.0060,999.9020,999901.9999
1,1364.2462,1000.1422,1000142.1999
1,1364.2786,1000.1746,1000174.5999
1,1364.4710,1000.3670,1000366.9999
1,1364.5162,1000.4122,1000412.1999
1,1364.6904,1000.5864,1000586.3999
1,1364.7050,1000.6010,1000600.9999
1,1364.8269,1000.7229,1000722.8999
1,1364.9154,1000.8114,1000811.3999
1,1365.2453,1001.1413,1001141.2999
1,1365.3063,1001.2023,1001202.2999
1,1365.5772,1001.4732,1001473.1999
1,1365.6180,1001.5140,1001513.9999
1,1365.6919,1001.5879,1001587.8999
1,1365.9455,1001.8415,1001841.4999
1,1366.0696,1001.9656,1001965.5999
1,1366.1977,1002.0937,1002093.6999
1,1366.3862,1002.2822,1002282.1999
1,1366.4940,1002.3900,1002389.9999
1,1366.5539,1002.4499,1002449.8999
1,1366.6255,1002.5215,1002521.4999
1,1366.6419,1002.5379,1002537.8999
1,1366.7792,1002.6752,1002675.1999
1,1366.8139,1002.7099,1002709.8999
1,1367.4383,1003.3343,1003334.2999
1,1367.5605,1003.4565,1003456.4999
1,1367.7502,1003.6462,1003646.1999
1,1368.0030,1003.8990,1003898.9999
1,1368.1136,1004.0096,1004009.5999
1,1368.1576,1004.0536,1004053.5999
1,1368.1710,1004.0670,1004066.9999
1,1368.3277,1004.2237,1004223.6999
1,1368.4564,1004.3524,1004352.3999
1,1368.6269,1004.5229,1004522.8999
1,1368.7473,1004.6433,1004643.2999
1,1368.7532,1004.6492,1004649.1999
1,1368.8600,1004.7560,1004755.9999
1,1369.0449,1004.9409,1004940.8999
1,1369.0706,1004.9666,1004966.5999
1,1369.0900,1004.9860,1004985.9999
1,1369.7950,1005.6910,1005690.9999
1,1370.1757,1006.0717,1006071.6999
1,1370.4457,1006.3417,1006341.6999
1,1370.4580,1006.3540,1006353.9999
1,1370.5195,1006.4155,1006415.4999
1,1370.9453,1006.8413,1006841.2999
1,1373.4902,1009.3862,1009386.1999
1,1373.6518,1009.5478,1009547.7999
1,1373.7408,1009.6368,1009636.7999
1,1373.7549,1009.6509,1009650.8999
1,1374.6975,1010.5935,1010593.4999
1,1375.5581,1011.4541,1011454.0999
1,1375.6083,1011.5043,1011504.2999
1,1375.6689,1011.5649,1011564.8999
1,1375.7488,1011.6448,1011644.7999
1,1375.8172,1011.7132,1011713.1999
1,1375.9072,1011.8032,1011803.1999
1,1376.0927,1011.9887,1011988.6999
1,1376.2109,1012.1069,1012106.8999
1,1376.5502,1012.4462,1012446.1999
1,1376.6881,1012.5841,1012584.0999
1,1376.7042,1012.6002,1012600.1999
1,1376.7119,1012.6079,1012607.8999
1,1376.7882,1012.6842,1012684.1999
1,1377.3252,1013.2212,1013221.1999
1,1377.5257,1013.4217,1013421.6999
1,1377.6464,1013.5424,1013542.3999
1,1378.2030,1014.0990,1014098.9999
1,1380.0215,1015.9175,1015917.4999
1,1380.5835,1016.4795,1016479.4999
1,1380.6269,1016.5229,1016522.8999
1,1380.6505,1016.5465,1016546.4999
1,1380.6814,1016.5774,1016577.3999
1,1380.8501,1016.7461,1016746.0999
1,1380.8733,1016.7693,1016769.2999
1,1380.9119,1016.8079,1016807.8999
1,1381.0973,1016.9933,1016993.2999
1,1381.1629,1017.0589,1017058.8999
1,1381.3984,1017.2944,1017294.3999
1,1381.5034,1017.3994,1017399.3999
1,1381.6147,1017.5107,1017510.6999
1,1382.3184,1018.2144,1018214.3999
1,1382.4052,1018.3012,1018301.1999
1,1383.1107,1019.0067,1019006.6999
1,1383.3076,1019.2036,1019203.5999
1,1383.4146,1019.3106,1019310.5999
1,1383.6262,1019.5222,1019522.1999
1,1384.5672,1020.4632,1020463.1999
1,1384.5969,1020.4929,1020492.8999
1,1385.0995,1020.9955,1020995.4999
1,1385.3294,1021.2254,1021225.3999
1,1385.3655,1021.2615,1021261.4999
1,1385.3726,1021.2686,1021268.5999
1,1385.4738,1021.3698,1021369.7999
1,1385.4836,1021.3796,1021379.5999
1,1385.4896,1021.3856,1021385.5999
1,1385.8117,1021.7077,1021707.6999
1,1385.8562,1021.7522,1021752.1999
1,1385.9633,1021.8593,1021859.2999
1,1386.2584,1022.1544,1022154.3999
1,1386.7291,1022.6251,1022625.0999
1,1386.8267,1022.7227,1022722.6999
1,1386.8923,1022.7883,1022788.2999
1,1386.9573,1022.8533,1022853.2999
1,1387.0339,1022.9299,1022929.8999
1,1387.0565,1022.9525,1022952.4999
1,1387.2324,1023.1284,1023128.3999
1,1387.2733,1023.1693,1023169.2999
1,1388.2196,1024.1156,1024115.5999
1,1388.2611,1024.1571,1024157.0999
1,1388.4793,1024.3753,1024375.2999
1,1388.5358,1024.4318,1024431.7999
1,1388.9311,1024.8271,1024827.0999
1,1389.0782,1024.9742,1024974.1999
1,1390.1008,1025.9968,1025996.7999
1,1390.2224,1026.1184,1026118.3999
1,1390.4960,1026.3920,1026391.9999
1,1390.6788,1026.5748,1026574.7999
1,1391.3037,1027.1997,1027199.6999
1,1391.6380,1027.5340,1027533.9999
1,1391.9623,1027.8583,1027858.2999
1,1392.0854,1027.9814,1027981.3999
1,1392.2036,1028.0996,1028099.5999
1,1392.2830,1028.1790,1028178.9999
1,1392.5641,1028.4601,1028460.0999
1,1392.6337,1028.5297,1028529.6999
1,1392.9043,1028.8003,1028800.2999
1,1393.0138,1028.9098,1028909.7999
1,1393.1254,1029.0214,1029021.3999
1,1393.1473,1029.0433,1029043.2999
1,1393.1805,1029.0765,1029076.4999
1,1393.2526,1029.1486,1029148.5999
1,1393.3145,1029.2105,1029210.4999
1,1393.4509,1029.3469,1029346.8999
1,1393.6140,1029.5100,1029509.9999
1,1394.6261,1030.5221,1030522.0999
1,1394.7996,1030.6956,1030695.5999
1,1394.9422,1030.8382,1030838.1999
1,1395.1553,1031.0513,1031051.2999
1,1395.2008,1031.0968,1031096.7999
1,1395.3908,1031.2868,1031286.7999
1,1395.4363,1031.3323,1031332.2999
1,1396.1358,1032.0318,1032031.7999
1,1397.9105,1033.8065,1033806.4999
1,1398.0341,1033.9301,1033930.0999
1,1398.3418,1034.2378,1034237.7999
1,1399.2239,1035.1199,1035119.8999
1,1399.2258,1035.1218,1035121.7999
1,1399.5830,1035.4790,1035478.9999
1,1399.6073,1035.5033,1035503.2999
1,1399.6587,1035.5547,1035554.6999
1,1399.8022,1035.6982,1035698.1999
1,1400.6592,1036.5552,1036555.1999
1,1400.9053,1036.8013,1036801.2999
1,1400.9105,1036.8065,1036806.4999
1,1402.0992,1037.9952,1037995.1999
1,1402.2730,1038.1690,1038168.9999
1,1402.3282,1038.2242,1038224.1999
1,1402.4534,1038.3494,1038349.3999
1,1402.6317,1038.5277,1038527.6999
1,1403.0518,1038.9478,1038947.7999
1,1403.3717,1039.2677,1039267.6999
1,1403.7911,1039.6871,1039687.0999
1,1405.3094,1041.2054,1041205.3999
1,1405.3892,1041.2852,1041285.1999
1,1406.2058,1042.1018,1042101.7999
1,1406.4090,1042.3050,1042304.9999
1,1406.5220,1042.4180,1042417.9999
1,1406.5700,1042.4660,1042465.9999
1,1407.4584,1043.3544,1043354.3999
1,1408.3643,1044.2603,1044260.2999
1,1408.5367,1044.4327,1044432.6999
1,1408.6439,1044.5399,1044539.8999
1,1408.6650,1044.5610,1044560.9999
1,1408.7556,1044.6516,1044651.5999
1,1408.7790,1044.6750,1044674.9999
1,1408.9988,1044.8948,1044894.7999
1,1409.1841,1045.0801,1045080.0999
1,1409.2168,1045.1128,1045112.7999
1,1410.3425,1046.2385,1046238.4999
1,1410.3781,1046.2741,1046274.0999
1,1410.4257,1046.3217,1046321.6999
1,1410.5369,1046.4329,1046432.8999
1,1410.5879,1046.4839,1046483.8999
1,1410.5936,1046.4896,1046489.5999
1,1410.6970,1046.5930,1046592.9999
1,1410.8266,1046.7226,1046722.5999
1,1411.0888,1046.9848,1046984.7999
1,1411.1528,1047.0488,1047048.7999
1,1411.1695,1047.0655,1047065.4999
1,1411.6323,1047.5283,1047528.2999
1,1412.0924,1047.9884,1047988.3999
1,1416.4978,1052.3938,1052393.7999
1,1416.5346,1052.4306,1052430.5999
1,1417.0416,1052.9376,1052937.5999
1,1417.0646,1052.9606,1052960.5999
1,1417.9151,1053.8111,1053811.0999
1,1419.0986,1054.9946,1054994.5999
1,1421.7565,1057.6525,1057652.4999
1,1423.9636,1059.8596,1059859.5999
1,1424.4106,1060.3066,1060306.5999
1,1424.4331,1060.3291,1060329.0999
1,1424.9408,1060.8368,1060836.7999
1,1425.1253,1061.0213,1061021.2999
1,1425.4354,1061.3314,1061331.3999
1,1425.4720,1061.3680,1061367.9999
1,1425.8223,1061.7183,1061718.2999
1,1425.9200,1061.8160,1061815.9999
1,1426.3211,1062.2171,1062217.0999
1,1426.3394,1062.2354,1062235.3999
1,1426.3522,1062.2482,1062248.1999
1,1426.3718,1062.2678,1062267.7999
1,1426.4434,1062.3394,1062339.3999
1,1426.4611,1062.3571,1062357.0999
1,1426.4973,1062.3933,1062393.2999
1,1426.5056,1062.4016,1062401.5999
1,1426.6217,1062.5177,1062517.6999
1,1426.6586,1062.5546,1062554.5999
1,1426.6820,1062.5780,1062577.9999
1,1426.8108,1062.7068,1062706.7999
1,1426.8238,1062.7198,1062719.7999
1,1427.1643,1063.0603,1063060.2999
1,1427.3887,1063.2847,1063284.6999
1,1427.4241,1063.3201,1063320.0999
1,1427.4394,1063.3354,1063335.3999
1,1427.9636,1063.8596,1063859.5999
1,1428.1446,1064.0406,1064040.5999
1,1428.1620,1064.0580,1064057.9999
1,1428.2974,1064.1934,1064193.3999
1,1428.3079,1064.2039,1064203.8999
1,1428.4219,1064.3179,1064317.8999
1,1428.6893,1064.5853,1064585.2999
1,1428.7112,1064.6072,1064607.1999
1,1428.8292,1064.7252,1064725.1999
1,1430.2786,1066.1746,1066174.5999
1,1430.3038,1066.1998,1066199.7999
1,1430.5766,1066.4726,1066472.5999
1,1430.6214,1066.5174,1066517.3999
1,1430.6681,1066.5641,1066564.0999
1,1430.7691,1066.6651,1066665.0999
1,1433.6472,1069.5432,1069543.1999
1,1433.9239,1069.8199,1069819.8999
1,1433.9619,1069.8579,1069857.8999
1,1437.4681,1073.3641,1073364.0999
1,1437.5760,1073.4720,1073471.9999
1,1439.5806,1075.4766,1075476.5999
1,1440.2950,1076.1910,1076190.9999
1,1440.6905,1076.5865,1076586.4999
1,1441.1522,1077.0482,1077048.1999
1,1441.7757,1077.6717,1077671.6999
1,1442.7901,1078.6861,1078686.0999
1,1442.8031,1078.6991,1078699.0999
1,1442.8405,1078.7365,1078736.4999
1,1442.9400,1078.8360,1078835.9999
1,1442.9450,1078.8410,1078840.9999
1,1443.0546,1078.9506,1078950.5999
1,1443.1828,1079.0788,1079078.7999
1,1443.8193,1079.7153,1079715.2999
1,1444.0622,1079.9582,1079958.1999
1,1444.2868,1080.1828,1080182.7999
1,1444.3635,1080.2595,1080259.4999
1,1444.5463,1080.4423,1080442.2999
1,1444.5669,1080.4629,1080462.8999
1,1445.0572,1080.9532,1080953.1999
1,1445.3623,1081.2583,1081258.2999
1,1445.6603,1081.5563,1081556.2999
1,1445.7270,1081.6230,1081622.9999
1,1445.7520,1081.6480,1081647.9999
1,1445.8207,1081.7167,1081716.6999
1,1445.8259,1081.7219,1081721.8999
1,1445.9333,1081.8293,1081829.2999
1,1445.9488,1081.8448,1081844.7999
1,1445.9886,1081.8846,1081884.5999
1,1446.0488,1081.9448,1081944.7999
1,1446.0912,1081.9872,1081987.1999
1,1446.1590,1082.0550,1082054.9999
1,1446.1894,1082.0854,1082085.3999
1,1446.2937,1082.1897,1082189.6999
1,1446.3399,1082.2359,1082235.8999
1,1446.3823,1082.2783,1082278.2999
1,1446.4973,1082.3933,1082393.2999
1,1446.5731,1082.4691,1082469.0999
1,1446.7095,1082.6055,1082605.4999
1,1446.8503,1082.7463,1082746.2999
1,1447.2225,1083.1185,1083118.4999
1,1447.4715,1083.3675,1083367.4999
1,1448.3898,1084.2858,1084285.7999
1,1448.6989,1084.5949,1084594.8999
1,1448.7114,1084.6074,1084607.3999
1,1449.0834,1084.9794,1084979.3999
1,1449.1089,1085.0049,1085004.8999
1,1449.1448,1085.0408,1085040.7999
1,1449.2644,1085.1604,1085160.3999
1,1449.3003,1085.1963,1085196.2999
1,1451.1073,1087.0033,1087003.2999
1,1451.1277,1087.0237,1087023.6999
1,1451.2437,1087.1397,1087139.6999
1,1451.7351,1087.6311,1087631.0999
1,1452.8031,1088.6991,1088699.0999
1,1453.0427,1088.9387,1088938.6999
1,1453.4727,1089.3687,1089368.6999
1,1453.8542,1089.7502,1089750.1999
1,1453.9274,1089.8234,1089823.3999
1,1453.9717,1089.8677,1089867.6999
1,1454.0011,1089.8971,1089897.0999
1,1454.0878,1089.9838,1089983.7999
1,1454.1278,1090.0238,1090023.7999
1,1454.2356,1090.1316,1090131.5999
1,1454.2585,1090.1545,1090154.4999
1,1454.5284,1090.4244,1090424.3999
1,1454.7137,1090.6097,1090609.6999
1,1454.9499,1090.8459,1090845.8999
1,1455.4759,1091.3719,1091371.8999
1,1455.6111,1091.5071,1091507.0999
1,1455.6599,1091.5559,1091555.8999
1,1455.7081,1091.6041,1091604.0999
1,1456.5942,1092.4902,1092490.1999
1,1456.6406,1092.5366,1092536.5999
1,1456.7148,1092.6108,1092610.7999
1,1457.0714,1092.9674,1092967.3999
1,1458.1288,1094.0248,1094024.7999
1,1458.3482,1094.2442,1094244.1999
1,1458.4634,1094.3594,1094359.3999
1,1458.6370,1094.5330,1094532.9999
1,1458.8274,1094.7234,1094723.3999
1,1460.9471,1096.8431,1096843.0999
1,1464.3853,1100.2813,1100281.2999
1,1464.6485,1100.5445,1100544.4999
1,1464.7490,1100.6450,1100644.9999
1,1464.8431,1100.7391,1100739.0999
1,1465.8003,1101.6963,1101696.2999
1,1466.0776,1101.9736,1101973.5999
1,1466.1340,1102.0300,1102029.9999
1,1466.1372,1102.0332,1102033.1999
1,1466.4088,1102.3048,1102304.7999
1,1467.1258,1103.0218,1103021.7999
1,1467.3824,1103.2784,1103278.3999
1,1467.6079,1103.5039,1103503.8999
1,1467.9614,1103.8574,1103857.3999
1,1468.0113,1103.9073,1103907.2999
1,1468.3751,1104.2711,1104271.0999
1,1468.4035,1104.2995,1104299.4999
1,1469.3069,1105.2029,1105202.8999
1,1469.9252,1105.8212,1105821.1999
1,1470.9336,1106.8296,1106829.5999
1,1470.9821,1106.8781,1106878.0999
1,1471.4294,1107.3254,1107325.3999
1,1471.4873,1107.3833,1107383.2999
1,1471.5107,1107.4067,1107406.6999
1,1471.6948,1107.5908,1107590.7999
1,1471.7328,1107.6288,1107628.7999
1,1471.9591,1107.8551,1107855.0999
1,1471.9914,1107.8874,1107887.3999
1,1472.0127,1107.9087,1107908.6999
1,1472.5526,1108.4486,1108448.5999
1,1472.6089,1108.5049,1108504.8999
1,1472.6919,1108.5879,1108587.8999
1,1472.8271,1108.7231,1108723.0999
1,1473.1994,1109.0954,1109095.3999
1,1474.8751,1110.7711,1110771.0999
1,1475.9124,1111.8084,1111808.3999
1,1475.9391,1111.8351,1111835.0999
1,1488.1894,1124.0854,1124085.3999
1,1488.2703,1124.1663,1124166.2999
1,1488.3651,1124.2611,1124261.0999
1,1488.8174,1124.7134,1124713.3999
1,1488.8368,1124.7328,1124732.7999
1,1489.1137,1125.0097,1125009.6999
1,1489.1897,1125.0857,1125085.6999
1,1489.3925,1125.2885,1125288.4999
1,1489.6115,1125.5075,1125507.4999
1,1490.6281,1126.5241,1126524.0999
1,1490.7145,1126.6105,1126610.4999
1,1490.8770,1126.7730,1126772.9999
1,1494.2588,1130.1548,1130154.7999
1,1497.1314,1133.0274,1133027.3999
1,1497.2800,1133.1760,1133175.9999
1,1497.3488,1133.2448,1133244.7999
1,1497.4539,1133.3499,1133349.8999
1,1497.4967,1133.3927,1133392.6999
1,1497.7044,1133.6004,1133600.3999
1,1498.4661,1134.3621,1134362.0999
1,1498.5028,1134.3988,1134398.7999
1,1499.1415,1135.0375,1135037.4999
1,1500.7294,1136.6254,1136625.3999
1,1501.0275,1136.9235,1136923.4999
1,1501.0486,1136.9446,1136944.5999
1,1501.2205,1137.1165,1137116.4999
1,1501.2924,1137.1884,1137188.3999
1,1501.4949,1137.3909,1137390.8999
1,1501.6757,1137.5717,1137571.6999
1,1501.7870,1137.6830,1137682.9999
1,1501.8777,1137.7737,1137773.6999
1,1501.8935,1137.7895,1137789.4999
1,1501.9473,1137.8433,1137843.2999
1,1501.9951,1137.8911,1137891.0999
1,1502.3204,1138.2164,1138216.3999
1,1502.5396,1138.4356,1138435.5999
1,1502.6764,1138.5724,1138572.3999
1,1502.7080,1138.6040,1138603.9999
1,1502.7439,1138.6399,1138639.8999
1,1502.8190,1138.7150,1138714.9999
1,1503.0606,1138.9566,1138956.5999
1,1503.1923,1139.0883,1139088.2999
1,1503.2716,1139.1676,1139167.5999
1,1503.3595,1139.2555,1139255.4999
1,1503.4553,1139.3513,1139351.2999
1,1503.4685,1139.3645,1139364.4999
1,1503.4791,1139.3751,1139375.0999
1,1503.5260,1139.4220,1139421.9999
1,1503.5585,1139.4545,1139454.4999
1,1503.5810,1139.4770,1139476.9999
1,1503.6194,1139.5154,1139515.3999
1,1503.6456,1139.5416,1139541.5999
1,1504.7086,1140.6046,1140604.5999
1,1505.8705,1141.7665,1141766.4999
1,1505.8891,1141.7851,1141785.0999
1,1505.8948,1141.7908,1141790.7999
1,1505.9056,1141.8016,1141801.5999
1,1512.7130,1148.6090,1148608.9999
1,1515.6426,1151.5386,1151538.5999
1,1516.2230,1152.1190,1152118.9999
1,1516.5795,1152.4755,1152475.4999
1,1516.6317,1152.5277,1152527.6999
1,1516.6540,1152.5500,1152549.9999
1,1516.6977,1152.5937,1152593.6999
1,1516.7070,1152.6030,1152602.9999
1,1516.7203,1152.6163,1152616.2999
1,1517.3268,1153.2228,1153222.7999
1,1518.8940,1154.7900,1154789.9999
1,1518.9279,1154.8239,1154823.8999
1,1518.9670,1154.8630,1154862.9999
1,1518.9916,1154.8876,1154887.5999
1,1518.9987,1154.8947,1154894.6999
1,1519.1083,1155.0043,1155004.2999
1,1519.1670,1155.0630,1155062.9999
1,1519.3998,1155.2958,1155295.7999
1,1519.9942,1155.8902,1155890.1999
1,1520.1640,1156.0600,1156059.9999
1,1520.2274,1156.1234,1156123.3999
1,1520.7262,1156.6222,1156622.1999
1,1522.2953,1158.1913,1158191.2999
1,1522.3083,1158.2043,1158204.2999
1,1522.3710,1158.2670,1158266.9999
1,1523.2788,1159.1748,1159174.7999
1,1525.5541,1161.4501,1161450.0999
1,1525.5700,1161.4660,1161465.9999
1,1525.5807,1161.4767,1161476.6999
1,1525.6131,1161.5091,1161509.0999
1,1525.7397,1161.6357,1161635.6999
1,1525.9342,1161.8302,1161830.1999
1,1525.9947,1161.8907,1161890.6999
1,1526.0088,1161.9048,1161904.7999
1,1526.4358,1162.3318,1162331.7999
1,1527.5171,1163.4131,1163413.0999
1,1527.7379,1163.6339,1163633.8999
1,1527.8427,1163.7387,1163738.6999
1,1528.3077,1164.2037,1164203.6999
1,1528.3756,1164.2716,1164271.5999
1,1528.4118,1164.3078,1164307.7999
1,1528.6854,1164.5814,1164581.3999
1,1528.9898,1164.8858,1164885.7999
1,1529.4680,1165.3640,1165363.9999
1,1529.7262,1165.6222,1165622.1999
1,1529.9398,1165.8358,1165835.7999
1,1529.9611,1165.8571,1165857.0999
1,1531.6232,1167.5192,1167519.1999
1,1532.2131,1168.1091,1168109.0999
1,1532.5325,1168.4285,1168428.4999
1,1533.0310,1168.9270,1168926.9999
1,1533.2668,1169.1628,1169162.7999
1,1533.7767,1169.6727,1169672.6999
1,1535.0843,1170.9803,1170980.2999
1,1536.0953,1171.9913,1171991.2999
1,1536.4625,1172.3585,1172358.4999
1,1536.7768,1172.6728,1172672.7999
1,1536.8258,1172.7218,1172721.7999
1,1536.8902,1172.7862,1172786.1999
1,1537.1744,1173.0704,1173070.3999
1,1537.5471,1173.4431,1173443.0999
1,1537.7584,1173.6544,1173654.3999
1,1537.8786,1173.7746,1173774.5999
1,1537.9766,1173.8726,1173872.5999
1,1538.0691,1173.9651,1173965.0999
1,1538.0769,1173.9729,1173972.8999
1,1538.4997,1174.3957,1174395.6999
1,1538.5333,1174.4293,1174429.2999
1,1538.8861,1174.7821,1174782.0999
1,1539.0228,1174.9188,1174918.7999
1,1539.2806,1175.1766,1175176.5999
1,1539.2993,1175.1953,1175195.2999
1,1539.3088,1175.2048,1175204.7999
1,1539.3289,1175.2249,1175224.8999
1,1539.4443,1175.3403,1175340.2999
1,1539.4954,1175.3914,1175391.3999
1,1539.5331,1175.4291,1175429.0999
1,1539.5862,1175.4822,1175482.1999
1,1539.6311,1175.5271,1175527.0999
1,1539.8118,1175.7078,1175707.7999
1,1539.9197,1175.8157,1175815.6999
1,1540.2809,1176.1769,1176176.8999
1,1540.3208,1176.2168,1176216.7999
1,1540.5169,1176.4129,1176412.8999
1,1540.6154,1176.5114,1176511.3999
1,1540.7780,1176.6740,1176673.9999
1,1540.9305,1176.8265,1176826.4999
1,1541.8309,1177.7269,1177726.8999
1,1542.0785,1177.9745,1177974.4999
1,1542.1511,1178.0471,1178047.0999
1,1542.2511,1178.1471,1178147.0999
1,1542.5678,1178.4638,1178463.7999
1,1542.7895,1178.6855,1178685.4999
1,1542.8062,1178.7022,1178702.1999
1,1542.8713,1178.7673,1178767.2999
1,1542.9115,1178.8075,1178807.4999
1,1543.0396,1178.9356,1178935.5999
1,1543.0924,1178.9884,1178988.3999
1,1543.1419,1179.0379,1179037.8999
1,1543.2478,1179.1438,1179143.7999
1,1543.4098,1179.3058,1179305.7999
1,1543.6936,1179.5896,1179589.5999
1,1543.7793,1179.6753,1179675.2999
1,1544.4341,1180.3301,1180330.0999
1,1544.8478,1180.7438,1180743.7999
1,1545.3127,1181.2087,1181208.6999
1,1545.7513,1181.6473,1181647.2999
1,1545.7710,1181.6670,1181666.9999
1,1545.7927,1181.6887,1181688.6999
1,1545.8446,1181.7406,1181740.5999
1,1546.0975,1181.9935,1181993.4999
1,1546.1600,1182.0560,1182055.9999
1,1546.2561,1182.1521,1182152.0999
1,1546.7152,1182.6112,1182611.1999
1,1546.9102,1182.8062,1182806.1999
1,1547.0430,1182.9390,1182938.9999
1,1547.0881,1182.9841,1182984.0999
1,1547.1448,1183.0408,1183040.7999
1,1547.8171,1183.7131,1183713.0999
1,1547.9669,1183.8629,1183862.8999
1,1548.5462,1184.4422,1184442.1999
1,1549.0033,1184.8993,1184899.2999
1,1549.1983,1185.0943,1185094.2999
1,1549.3813,1185.2773,1185277.2999
1,1549.3869,1185.2829,1185282.8999
1,1549.3911,1185.2871,1185287.0999
1,1549.4034,1185.2994,1185299.3999
1,1549.6332,1185.5292,1185529.1999
1,1549.8518,1185.7478,1185747.7999
1,1549.9103,1185.8063,1185806.2999
1,1550.5268,1186.4228,1186422.7999
1,1551.0142,1186.9102,1186910.1999
1,1551.0616,1186.9576,1186957.5999
1,1551.1323,1187.0283,1187028.2999
1,1552.0742,1187.9702,1187970.1999
1,1552.6529,1188.5489,1188548.8999
1,1552.6842,1188.5802,1188580.1999
1,1553.0942,1188.9902,1188990.1999
1,1553.1327,1189.0287,1189028.6999
1,1553.1523,1189.0483,1189048.2999
1,1553.9892,1189.8852,1189885.1999
1,1554.1098,1190.0058,1190005.7999
1,1554.3109,1190.2069,1190206.8999
1,1554.5733,1190.4693,1190469.2999
1,1554.5762,1190.4722,1190472.1999
1,1554.6062,1190.5022,1190502.1999
1,1554.9029,1190.7989,1190798.8999
1,1555.0551,1190.9511,1190951.0999
1,1555.1752,1191.0712,1191071.1999
1,1555.7269,1191.6229,1191622.8999
1,1555.9147,1191.8107,1191810.6999
1,1556.0294,1191.9254,1191925.3999
1,1556.1039,1191.9999,1191999.8999
1,1556.2825,1192.1785,1192178.4999
1,1556.4651,1192.3611,1192361.0999
1,1556.4782,1192.3742,1192374.1999
1,1556.7152,1192.6112,1192611.1999
1,1556.7274,1192.6234,1192623.3999
1,1556.9111,1192.8071,1192807.0999
1,1557.2459,1193.1419,1193141.8999
1,1557.6428,1193.5388,1193538.7999
1,1557.7894,1193.6854,1193685.3999
1,1558.3013,1194.1973,1194197.2999
1,1558.3062,1194.2022,1194202.1999
1,1558.4082,1194.3042,1194304.1999
1,1558.4272,1194.3232,1194323.1999
1,1558.6782,1194.5742,1194574.1999
1,1559.3668,1195.2628,1195262.7999
1,1559.8412,1195.7372,1195737.1999
1,1559.8577,1195.7537,1195753.6999
1,1559.8769,1195.7729,1195772.8999
1,1559.9527,1195.8487,1195848.6999
1,1560.0933,1195.9893,1195989.2999
1,1560.4166,1196.3126,1196312.5999
1,1560.9705,1196.8665,1196866.4999
1,1561.0601,1196.9561,1196956.0999
1,1562.0860,1197.9820,1197981.9999
1,1562.1602,1198.0562,1198056.1999
1,1562.1832,1198.0792,1198079.1999
1,1562.5482,1198.4442,1198444.1999
1,1562.6789,1198.5749,1198574.8999
1,1562.6839,1198.5799,1198579.8999
1,1562.7182,1198.6142,1198614.1999
1,1562.7406,1198.6366,1198636.5999
1,1562.7671,1198.6631,1198663.0999
1,1563.0228,1198.9188,1198918.7999
1,1563.6799,1199.5759,1199575.8999
1,1564.0372,1199.9332,1199933.1999
1,1564.4193,1200.3153,1200315.2999
1,1566.1694,1202.0654,1202065.3999
1,1566.4012,1202.2972,1202297.1999
1,1568.3280,1204.2240,1204223.9999
1,1568.3783,1204.2743,1204274.2999
1,1568.9890,1204.8850,1204884.9999
1,1569.3977,1205.2937,1205293.6999
1,1569.6206,1205.5166,1205516.5999
1,1569.6589,1205.5549,1205554.8999
1,1569.6613,1205.5573,1205557.2999
1,1569.6697,1205.5657,1205565.6999
1,1569.6788,1205.5748,1205574.7999
1,1569.7570,1205.6530,1205652.9999
1,1569.9877,1205.8837,1205883.6999
1,1570.0136,1205.9096,1205909.5999
1,1570.0211,1205.9171,1205917.0999
1,1570.0992,1205.9952,1205995.1999
1,1570.1645,1206.0605,1206060.4999
1,1570.1849,1206.0809,1206080.8999
1,1570.2075,1206.1035,1206103.4999
1,1571.0413,1206.9373,1206937.2999
1,1571.0621,1206.9581,1206958.0999
1,1572.0851,1207.9811,1207981.0999
1,1572.2207,1208.1167,1208116.6999
1,1574.2867,1210.1827,1210182.6999
1,1575.3881,1211.2841,1211284.0999
1,1575.9184,1211.8144,1211814.3999
1,1576.4063,1212.3023,1212302.2999
1,1576.6900,1212.5860,1212585.9999
1,1576.7149,1212.6109,1212610.8999
1,1577.5646,1213.4606,1213460.5999
1,1577.5860,1213.4820,1213481.9999
1,1577.6248,1213.5208,1213520.7999
1,1577.7477,1213.6437,1213643.6999
1,1577.8208,1213.7168,1213716.7999
1,1577.8921,1213.7881,1213788.0999
1,1577.9778,1213.8738,1213873.7999
1,1577.9800,1213.8760,1213875.9999
1,1578.2311,1214.1271,1214127.0999
1,1578.3382,1214.2342,1214234.1999
1,1578.3402,1214.2362,1214236.1999
1,1578.3838,1214.2798,1214279.7999
1,1578.4406,1214.3366,1214336.5999
1,1579.1384,1215.0344,1215034.3999
1,1579.1557,1215.0517,1215051.6999
1,1579.2427,1215.1387,1215138.6999
1,1579.3483,1215.2443,1215244.2999
1,1579.3927,1215.2887,1215288.6999
1,1579.4978,1215.3938,1215393.7999
1,1579.5111,1215.4071,1215407.0999
1,1579.8191,1215.7151,1215715.0999
1,1579.9256,1215.8216,1215821.5999
1,1580.1433,1216.0393,1216039.2999
1,1580.3936,1216.2896,1216289.5999
1,1580.6318,1216.5278,1216527.7999
1,1580.7491,1216.6451,1216645.0999
1,1581.3531,1217.2491,1217249.0999
1,1581.4313,1217.3273,1217327.2999
1,1581.5086,1217.4046,1217404.5999
1,1581.6956,1217.5916,1217591.5999
1,1581.7106,1217.6066,1217606.5999
1,1581.7794,1217.6754,1217675.3999
1,1582.5296,1218.4256,1218425.5999
1,1582.5430,1218.4390,1218438.9999
1,1584.1801,1220.0761,1220076.0999
1,1586.5881,1222.4841,1222484.0999
1,1586.6996,1222.5956,1222595.5999
1,1586.7041,1222.6001,1222600.0999
1,1587.6637,1223.5597,1223559.6999
1,1587.7494,1223.6454,1223645.3999
1,1588.0151,1223.9111,1223911.0999
1,1588.1590,1224.0550,1224054.9999
1,1588.1743,1224.0703,1224070.2999
1,1588.1819,1224.0779,1224077.8999
1,1589.6048,1225.5008,1225500.7999
1,1589.6286,1225.5246,1225524.5999
1,1589.6709,1225.5669,1225566.8999
1,1589.6935,1225.5895,1225589.4999
1,1590.3623,1226.2583,1226258.2999
1,1590.4723,1226.3683,1226368.2999
1,1590.5056,1226.4016,1226401.5999
1,1590.5574,1226.4534,1226453.3999
1,1591.0640,1226.9600,1226959.9999
1,1591.2600,1227.1560,1227155.9999
1,1592.2873,1228.1833,1228183.2999
1,1592.2899,1228.1859,1228185.8999
1,1592.4129,1228.3089,1228308.8999
1,1592.5587,1228.4547,1228454.6999
1,1592.5994,1228.4954,1228495.3999
1,1592.6032,1228.4992,1228499.1999
1,1592.6252,1228.5212,1228521.1999
1,1592.7648,1228.6608,1228660.7999
1,1592.8856,1228.7816,1228781.5999
1,1593.3330,1229.2290,1229228.9999
1,1593.5833,1229.4793,1229479.2999
1,1593.5924,1229.4884,1229488.3999
1,1593.6289,1229.5249,1229524.8999
1,1594.3934,1230.2894,1230289.3999
1,1594.5179,1230.4139,1230413.8999
1,1594.5903,1230.4863,1230486.2999
1,1594.7040,1230.6000,1230599.9999
1,1594.7096,1230.6056,1230605.5999
1,1595.9957,1231.8917,1231891.6999
1,1596.3180,1232.2140,1232213.9999
1,1596.4815,1232.3775,1232377.4999
1,1596.6499,1232.5459,1232545.8999
1,1596.7248,1232.6208,1232620.7999
1,1596.9360,1232.8320,1232831.9999
1,1597.2807,1233.1767,1233176.6999
1,1597.4994,1233.3954,1233395.3999
1,1597.6813,1233.5773,1233577.2999
1,1597.7932,1233.6892,1233689.1999
1,1598.2565,1234.1525,1234152.4999
1,1598.3573,1234.2533,1234253.2999
1,1598.3939,1234.2899,1234289.8999
1,1598.4311,1234.3271,1234327.0999
1,1599.0212,1234.9172,1234917.1999
1,1600.3430,1236.2390,1236238.9999
1,1600.3852,1236.2812,1236281.1999
1,1600.3932,1236.2892,1236289.1999
1,1600.3954,1236.2914,1236291.3999
1,1600.5562,1236.4522,1236452.1999
1,1600.5601,1236.4561,1236456.0999
1,1600.6137,1236.5097,1236509.6999
1,1600.7557,1236.6517,1236651.6999
1,1601.2909,1237.1869,1237186.8999
1,1601.6828,1237.5788,1237578.7999
1,1601.7537,1237.6497,1237649.6999
1,1601.9917,1237.8877,1237887.6999
1,1602.1374,1238.0334,1238033.3999
1,1602.3524,1238.2484,1238248.3999
1,1602.7240,1238.6200,1238619.9999
1,1603.2322,1239.1282,1239128.1999
1,1605.2048,1241.1008,1241100.7999
1,1607.6697,1243.5657,1243565.6999
1,1607.7381,1243.6341,1243634.0999
1,1607.8819,1243.7779,1243777.8999
1,1608.6754,1244.5714,1244571.3999
1,1608.8667,1244.7627,1244762.6999
1,1609.3762,1245.2722,1245272.1999
1,1609.6830,1245.5790,1245578.9999
1,1609.9712,1245.8672,1245867.1999
1,1610.1155,1246.0115,1246011.4999
1,1610.1664,1246.0624,1246062.3999
1,1610.2900,1246.1860,1246185.9999
1,1610.4235,1246.3195,1246319.4999
1,1610.7484,1246.6444,1246644.3999
1,1611.0129,1246.9089,1246908.8999
1,1611.1276,1247.0236,1247023.5999
1,1611.3344,1247.2304,1247230.3999
1,1611.5553,1247.4513,1247451.2999
1,1612.7585,1248.6545,1248654.4999
1,1613.5482,1249.4442,1249444.1999
1,1613.9586,1249.8546,1249854.5999
1,1614.5057,1250.4017,1250401.6999
1,1614.6982,1250.5942,1250594.1999
1,1614.8224,1250.7184,1250718.3999
1,1614.9639,1250.8599,1250859.8999
1,1614.9992,1250.8952,1250895.1999
1,1615.0250,1250.9210,1250920.9999
1,1615.0945,1250.9905,1250990.4999
1,1615.2147,1251.1107,1251110.6999
1,1615.3737,1251.2697,1251269.6999
1,1615.6066,1251.5026,1251502.5999
1,1615.6585,1251.5545,1251554.4999
1,1615.6863,1251.5823,1251582.2999
1,1615.7999,1251.6959,1251695.8999
1,1615.8142,1251.7102,1251710.1999
1,1615.8409,1251.7369,1251736.8999
1,1615.8724,1251.7684,1251768.3999
1,1615.8755,1251.7715,1251771.4999
1,1616.2783,1252.1743,1252174.2999
1,1616.3133,1252.2093,1252209.2999
1,1616.4932,1252.3892,1252389.1999
1,1616.5317,1252.4277,1252427.6999
1,1616.5993,1252.4953,1252495.2999
1,1616.8401,1252.7361,1252736.0999
1,1616.8825,1252.7785,1252778.4999
1,1616.9581,1252.8541,1252854.0999
1,1617.0718,1252.9678,1252967.7999
1,1617.3945,1253.2905,1253290.4999
1,1617.9388,1253.8348,1253834.7999
1,1619.4145,1255.3105,1255310.4999
1,1620.9998,1256.8958,1256895.7999
1,1621.1547,1257.0507,1257050.6999
1,1621.2068,1257.1028,1257102.7999
1,1621.3505,1257.2465,1257246.4999
1,1621.4687,1257.3647,1257364.6999
1,1621.5000,1257.3960,1257395.9999
1,1621.5019,1257.3979,1257397.8999
1,1621.6238,1257.5198,1257519.7999
1,1621.7546,1257.6506,1257650.5999
1,1621.7775,1257.6735,1257673.4999
1,1621.9407,1257.8367,1257836.6999
1,1622.2342,1258.1302,1258130.1999
1,1622.3180,1258.2140,1258213.9999
1,1622.4530,1258.3490,1258348.9999
1,1622.5004,1258.3964,1258396.3999
1,1622.6338,1258.5298,1258529.7999
1,1622.6480,1258.5440,1258543.9999
1,1622.6986,1258.5946,1258594.5999
1,1622.7011,1258.5971,1258597.0999
1,1622.7264,1258.6224,1258622.3999
1,1622.8526,1258.7486,1258748.5999
1,1623.0205,1258.9165,1258916.4999
1,1623.0376,1258.9336,1258933.5999
1,1623.2261,1259.1221,1259122.0999
1,1623.3017,1259.1977,1259197.6999
1,1623.4054,1259.3014,1259301.3999
1,1623.4371,1259.3331,1259333.0999
1,1623.4791,1259.3751,1259375.0999
1,1623.5936,1259.4896,1259489.5999
1,1623.7836,1259.6796,1259679.5999
1,1623.7896,1259.6856,1259685.5999
1,1623.8791,1259.7751,1259775.0999
1,1623.9583,1259.8543,1259854.2999
1,1623.9798,1259.8758,1259875.7999
1,1624.0892,1259.9852,1259985.1999
1,1624.1426,1260.0386,1260038.5999
1,1624.1585,1260.0545,1260054.4999
1,1624.2669,1260.1629,1260162.8999
1,1624.3237,1260.2197,1260219.6999
1,1624.4404,1260.3364,1260336.3999
1,1624.4921,1260.3881,1260388.0999
1,1624.5452,1260.4412,1260441.1999
1,1624.5665,1260.4625,1260462.4999
1,1624.6301,1260.5261,1260526.0999
1,1624.6389,1260.5349,1260534.8999
1,1624.8885,1260.7845,1260784.4999
1,1624.9099,1260.8059,1260805.8999
1,1625.0042,1260.9002,1260900.1999
1,1625.2705,1261.1665,1261166.4999
1,1625.3309,1261.2269,1261226.8999
1,1625.3616,1261.2576,1261257.5999
1,1625.4913,1261.3873,1261387.2999
1,1625.5167,1261.4127,1261412.6999
1,1625.5703,1261.4663,1261466.2999
1,1625.5922,1261.4882,1261488.1999
1,1625.6141,1261.5101,1261510.0999
1,1625.6466,1261.5426,1261542.5999
1,1625.9440,1261.8400,1261839.9999
1,1626.2319,1262.1279,1262127.8999
1,1626.3078,1262.2038,1262203.7999
1,1626.4263,1262.3223,1262322.2999
1,1626.5440,1262.4400,1262439.9999
1,1626.6576,1262.5536,1262553.5999
1,1626.6976,1262.5936,1262593.5999
1,1626.7704,1262.6664,1262666.3999
1,1626.8255,1262.7215,1262721.4999
1,1626.9576,1262.8536,1262853.5999
1,1626.9768,1262.8728,1262872.7999
1,1627.0473,1262.9433,1262943.2999
1,1627.1156,1263.0116,1263011.5999
1,1627.2068,1263.1028,1263102.7999
1,1627.2968,1263.1928,1263192.7999
1,1627.4983,1263.3943,1263394.2999
1,1627.6289,1263.5249,1263524.8999
1,1627.7649,1263.6609,1263660.8999
1,1627.8792,1263.7752,1263775.1999
1,1627.9763,1263.8723,1263872.2999
1,1628.0813,1263.9773,1263977.2999
1,1628.2480,1264.1440,1264143.9999
1,1629.4377,1265.3337,1265333.6999
1,1629.6165,1265.5125,1265512.4999
1,1629.6830,1265.5790,1265578.9999
1,1629.7472,1265.6432,1265643.1999
1,1629.8853,1265.7813,1265781.2999
1,1629.9448,1265.8408,1265840.7999
1,1630.0663,1265.9623,1265962.2999
1,1630.2249,1266.1209,1266120.8999
1,1630.6721,1266.5681,1266568.0999
1,1631.5486,1267.4446,1267444.5999
1,1631.5504,1267.4464,1267446.3999
1,1631.5524,1267.4484,1267448.3999
1,1631.5643,1267.4603,1267460.2999
1,1631.5666,1267.4626,1267462.5999
1,1631.5765,1267.4725,1267472.4999
1,1631.5803,1267.4763,1267476.2999
1,1631.6518,1267.5478,1267547.7999
1,1631.7005,1267.5965,1267596.4999
1,1631.8176,1267.7136,1267713.5999
1,1631.9494,1267.8454,1267845.3999
1,1632.2982,1268.1942,1268194.1999
1,1633.2615,1269.1575,1269157.4999
1,1633.8024,1269.6984,1269698.3999
1,1633.8346,1269.7306,1269730.5999
1,1634.0961,1269.9921,1269992.0999
1,1634.1212,1270.0172,1270017.1999
1,1634.5877,1270.4837,1270483.6999
1,1634.5992,1270.4952,1270495.1999
1,1635.0035,1270.8995,1270899.4999
1,1635.2043,1271.1003,1271100.2999
1,1635.3444,1271.2404,1271240.3999
1,1635.5173,1271.4133,1271413.2999
1,1635.7775,1271.6735,1271673.4999
1,1635.8280,1271.7240,1271723.9999
1,1636.1493,1272.0453,1272045.2999
1,1636.3871,1272.2831,1272283.0999
1,1636.4098,1272.3058,1272305.7999
1,1636.5961,1272.4921,1272492.0999
1,1636.6856,1272.5816,1272581.5999
1,1636.7734,1272.6694,1272669.3999
1,1636.9904,1272.8864,1272886.3999
1,1637.2483,1273.1443,1273144.2999
1,1637.2952,1273.1912,1273191.1999
1,1637.3153,1273.2113,1273211.2999
1,1637.4361,1273.3321,1273332.0999
1,1638.1384,1274.0344,1274034.3999
1,1638.3366,1274.2326,1274232.5999
1,1638.4660,1274.3620,1274361.9999
1,1638.6479,1274.5439,1274543.8999
1,1638.6802,1274.5762,1274576.1999
1,1638.8729,1274.7689,1274768.8999
1,1639.0635,1274.9595,1274959.4999
1,1639.1489,1275.0449,1275044.8999
1,1639.3340,1275.2300,1275229.9999
1,1639.3995,1275.2955,1275295.4999
1,1639.6802,1275.5762,1275576.1999
1,1639.7721,1275.6681,1275668.0999
1,1639.8811,1275.7771,1275777.0999
1,1639.9142,1275.8102,1275810.1999
1,1639.9547,1275.8507,1275850.6999
1,1640.0647,1275.9607,1275960.6999
1,1640.6893,1276.5853,1276585.2999
1,1640.7739,1276.6699,1276669.8999
1,1640.7935,1276.6895,1276689.4999
1,1640.9747,1276.8707,1276870.6999
1,1641.1924,1277.0884,1277088.3999
1,1641.1942,1277.0902,1277090.1999
1,1641.2400,1277.1360,1277135.9999
1,1641.4300,1277.3260,1277325.9999
1,1641.5408,1277.4368,1277436.7999
1,1641.7642,1277.6602,1277660.1999
1,1642.0322,1277.9282,1277928.1999
1,1642.3336,1278.2296,1278229.5999
1,1642.4562,1278.3522,1278352.1999
1,1642.5871,1278.4831,1278483.0999
1,1642.6717,1278.5677,1278567.6999
1,1642.7440,1278.6400,1278639.9999
1,1642.9702,1278.8662,1278866.1999
1,1642.9979,1278.8939,1278893.8999
1,1643.1183,1279.0143,1279014.2999
1,1643.1376,1279.0336,1279033.5999
1,1643.2250,1279.1210,1279120.9999
1,1643.2327,1279.1287,1279128.6999
1,1643.3222,1279.2182,1279218.1999
1,1643.3561,1279.2521,1279252.0999
1,1643.5324,1279.4284,1279428.3999
1,1643.6107,1279.5067,1279506.6999
1,1643.6492,1279.5452,1279545.1999
1,1643.6943,1279.5903,1279590.2999
1,1643.9025,1279.7985,1279798.4999
1,1643.9198,1279.8158,1279815.7999
1,1643.9282,1279.8242,1279824.1999
1,1643.9562,1279.8522,1279852.1999
1,1644.1671,1280.0631,1280063.0999
1,1644.2427,1280.1387,1280138.6999
1,1644.2858,1280.1818,1280181.7999
1,1644.3007,1280.1967,1280196.6999
1,1644.3216,1280.2176,1280217.5999
1,1644.3897,1280.2857,1280285.6999
1,1644.4690,1280.3650,1280364.9999
1,1644.6049,1280.5009,1280500.8999
1,1645.0469,1280.9429,1280942.8999
1,1645.1649,1281.0609,1281060.8999
1,1645.2239,1281.1199,1281119.8999
1,1645.4109,1281.3069,1281306.8999
1,1645.6082,1281.5042,1281504.1999
1,1645.6530,1281.5490,1281548.9999
1,1645.6655,1281.5615,1281561.4999
1,1645.7408,1281.6368,1281636.7999
1,1645.7762,1281.6722,1281672.1999
1,1645.9220,1281.8180,1281817.9999
1,1646.2370,1282.1330,1282132.9999
1,1646.2528,1282.1488,1282148.7999
1,1646.4424,1282.3384,1282338.3999
1,1646.4968,1282.3928,1282392.7999
1,1646.6854,1282.5814,1282581.3999
1,1646.8337,1282.7297,1282729.6999
1,1646.9471,1282.8431,1282843.0999
1,1647.0972,1282.9932,1282993.1999
1,1647.1524,1283.0484,1283048.3999
1,1647.1838,1283.0798,1283079.7999
1,1647.2434,1283.1394,1283139.3999
1,1647.2581,1283.1541,1283154.0999
1,1647.2747,1283.1707,1283170.6999
1,1647.4642,1283.3602,1283360.1999
1,1647.4918,1283.3878,1283387.7999
1,1647.5121,1283.4081,1283408.0999
1,1648.0379,1283.9339,1283933.8999
1,1648.4678,1284.3638,1284363.7999
1,1648.6024,1284.4984,1284498.3999
1,1648.6601,1284.5561,1284556.0999
1,1648.7929,1284.6889,1284688.8999
1,1648.8903,1284.7863,1284786.2999
1,1649.0599,1284.9559,1284955.8999
1,1649.4090,1285.3050,1285304.9999
1,1649.4382,1285.3342,1285334.1999
1,1649.6151,1285.5111,1285511.0999
1,1649.7574,1285.6534,1285653.3999
1,1649.8957,1285.7917,1285791.6999
1,1649.9380,1285.8340,1285833.9999
1,1650.0635,1285.9595,1285959.4999
1,1650.0879,1285.9839,1285983.8999
1,1650.5810,1286.4770,1286476.9999
1,1651.0522,1286.9482,1286948.1999
1,1651.3654,1287.2614,1287261.3999
1,1651.6291,1287.5251,1287525.0999
1,1651.8665,1287.7625,1287762.4999
1,1652.0404,1287.9364,1287936.3999
1,1652.2228,1288.1188,1288118.7999
1,1652.3086,1288.2046,1288204.5999
1,1652.3813,1288.2773,1288277.2999
1,1652.5244,1288.4204,1288420.3999
1,1652.7319,1288.6279,1288627.8999
1,1653.1210,1289.0170,1289016.9999
1,1653.2394,1289.1354,1289135.3999
1,1653.3383,1289.2343,1289234.2999
1,1653.5288,1289.4248,1289424.7999
1,1653.6008,1289.4968,1289496.7999
1,1653.6247,1289.5207,1289520.6999
1,1653.8535,1289.7495,1289749.4999
1,1653.8750,1289.7710,1289770.9999
1,1653.9645,1289.8605,1289860.4999
1,1653.9780,1289.8740,1289873.9999
1,1653.9916,1289.8876,1289887.5999
1,1654.1311,1290.0271,1290027.0999
1,1654.2106,1290.1066,1290106.5999
1,1654.2931,1290.1891,1290189.0999
1,1654.4205,1290.3165,1290316.4999
1,1654.6322,1290.5282,1290528.1999
1,1654.7141,1290.6101,1290610.0999
1,1654.7281,1290.6241,1290624.0999
1,1654.8659,1290.7619,1290761.8999
1,1654.9374,1290.8334,1290833.3999
1,1655.0575,1290.9535,1290953.4999
1,1655.1083,1291.0043,1291004.2999
1,1655.1498,1291.0458,1291045.7999
1,1655.2112,1291.1072,1291107.1999
1,1655.2204,1291.1164,1291116.3999
1,1655.2650,1291.1610,1291160.9999
1,1655.2857,1291.1817,1291181.6999
1,1655.2970,1291.1930,1291192.9999
1,1655.3318,1291.2278,1291227.7999
1,1655.3518,1291.2478,1291247.7999
1,1655.3612,1291.2572,1291257.1999
1,1655.5784,1291.4744,1291474.3999
1,1655.6410,1291.5370,1291536.9999
1,1655.7737,1291.6697,1291669.6999
1,1655.8513,1291.7473,1291747.2999
1,1655.9579,1291.8539,1291853.8999
1,1656.0836,1291.9796,1291979.5999
1,1656.1211,1292.0171,1292017.0999
1,1656.1729,1292.0689,1292068.8999
1,1656.2921,1292.1881,1292188.0999
1,1656.4914,1292.3874,1292387.3999
1,1656.7031,1292.5991,1292599.0999
1,1656.7231,1292.6191,1292619.0999
1,1656.9183,1292.8143,1292814.2999
1,1656.9481,1292.8441,1292844.0999
1,1657.0724,1292.9684,1292968.3999
1,1657.0937,1292.9897,1292989.6999
1,1657.1217,1293.0177,1293017.6999
1,1657.1295,1293.0255,1293025.4999
1,1658.0289,1293.9249,1293924.8999
1,1658.4807,1294.3767,1294376.6999
1,1658.5293,1294.4253,1294425.2999
1,1658.6961,1294.5921,1294592.0999
1,1659.7767,1295.6727,1295672.6999
1,1659.8227,1295.7187,1295718.6999
1,1659.8866,1295.7826,1295782.5999
1,1659.9009,1295.7969,1295796.8999
1,1660.1391,1296.0351,1296035.0999
1,1660.3540,1296.2500,1296249.9999
1,1660.7342,1296.6302,1296630.1999
1,1660.7612,1296.6572,1296657.1999
1,1661.1863,1297.0823,1297082.2999
1,1661.2161,1297.1121,1297112.0999
1,1661.2355,1297.1315,1297131.4999
1,1661.3586,1297.2546,1297254.5999
1,1661.7663,1297.6623,1297662.2999
1,1661.9538,1297.8498,1297849.7999
1,1662.3681,1298.2641,1298264.0999
1,1662.5832,1298.4792,1298479.1999
1,1662.6900,1298.5860,1298585.9999
1,1662.7617,1298.6577,1298657.6999
1,1662.9928,1298.8888,1298888.7999
1,1663.1896,1299.0856,1299085.5999
1,1663.8301,1299.7261,1299726.0999
1,1663.8790,1299.7750,1299774.9999
1,1664.0627,1299.9587,1299958.6999
1,1664.1839,1300.0799,1300079.8999
1,1664.2148,1300.1108,1300110.7999
1,1664.3229,1300.2189,1300218.8999
1,1665.7368,1301.6328,1301632.7999
1,1665.7396,1301.6356,1301635.5999
1,1666.0122,1301.9082,1301908.1999
1,1666.1244,1302.0204,1302020.3999
1,1666.2859,1302.1819,1302181.8999
1,1666.3358,1302.2318,1302231.7999
1,1666.9555,1302.8515,1302851.4999
1,1667.0416,1302.9376,1302937.5999
1,1667.1343,1303.0303,1303030.2999
1,1667.2745,1303.1705,1303170.4999
1,1667.4729,1303.3689,1303368.8999
1,1667.6567,1303.5527,1303552.6999
1,1667.6599,1303.5559,1303555.8999
1,1667.6702,1303.5662,1303566.1999
1,1667.7158,1303.6118,1303611.7999
1,1668.2561,1304.1521,1304152.0999
1,1668.2866,1304.1826,1304182.5999
1,1668.3022,1304.1982,1304198.1999
1,1669.0866,1304.9826,1304982.5999
1,1670.5995,1306.4955,1306495.4999
1,1672.4393,1308.3353,1308335.2999
1,1672.4953,1308.3913,1308391.2999
1,1673.1652,1309.0612,1309061.1999
1,1684.1269,1320.0229,1320022.8999
1,1684.5031,1320.3991,1320399.0999
1,1685.1949,1321.0909,1321090.8999
1,1685.4551,1321.3511,1321351.0999
1,1685.4865,1321.3825,1321382.4999
1,1685.8446,1321.7406,1321740.5999
1,1685.9165,1321.8125,1321812.4999
1,1685.9464,1321.8424,1321842.3999
1,1686.0541,1321.9501,1321950.0999
1,1687.2259,1323.1219,1323121.8999
1,1687.2466,1323.1426,1323142.5999
1,1687.5988,1323.4948,1323494.7999
1,1688.7727,1324.6687,1324668.6999
1,1690.1193,1326.0153,1326015.2999
1,1690.7240,1326.6200,1326619.9999
1,1691.8197,1327.7157,1327715.6999
1,1691.8569,1327.7529,1327752.8999
1,1692.1434,1328.0394,1328039.3999
1,1692.1634,1328.0594,1328059.3999
1,1692.1835,1328.0795,1328079.4999
1,1692.2093,1328.1053,1328105.2999
1,1692.2958,1328.1918,1328191.7999
1,1692.4005,1328.2965,1328296.4999
1,1692.4329,1328.3289,1328328.8999
1,1692.4750,1328.3710,1328370.9999
1,1692.5362,1328.4322,1328432.1999
1,1692.5532,1328.4492,1328449.1999
1,1692.7034,1328.5994,1328599.3999
1,1693.2419,1329.1379,1329137.8999
1,1693.2790,1329.1750,1329174.9999
1,1693.5137,1329.4097,1329409.6999
1,1693.6536,1329.5496,1329549.5999
1,1693.6610,1329.5570,1329556.9999
1,1693.6805,1329.5765,1329576.4999
1,1693.7677,1329.6637,1329663.6999
1,1693.8413,1329.7373,1329737.2999
1,1695.4347,1331.3307,1331330.6999
1,1695.6850,1331.5810,1331580.9999
1,1695.7226,1331.6186,1331618.5999
1,1695.7385,1331.6345,1331634.4999
1,1695.7736,1331.6696,1331669.5999
1,1695.9726,1331.8686,1331868.5999
1,1696.8042,1332.7002,1332700.1999
1,1697.8088,1333.7048,1333704.7999
1,1698.4726,1334.3686,1334368.5999
1,1698.9561,1334.8521,1334852.0999
1,1699.4958,1335.3918,1335391.7999
1,1699.7745,1335.6705,1335670.4999
1,1700.6913,1336.5873,1336587.2999
1,1700.8530,1336.7490,1336748.9999
1,1700.8769,1336.7729,1336772.8999
1,1704.2122,1340.1082,1340108.1999
1,1704.2394,1340.1354,1340135.3999
1,1704.2780,1340.1740,1340173.9999
1,1704.3145,1340.2105,1340210.4999
1,1704.5225,1340.4185,1340418.4999
1,1704.5700,1340.4660,1340465.9999
1,1704.6575,1340.5535,1340553.4999
1,1704.8794,1340.7754,1340775.3999
1,1705.7714,1341.6674,1341667.3999
1,1705.7887,1341.6847,1341684.6999
1,1705.8064,1341.7024,1341702.3999
1,1705.8257,1341.7217,1341721.6999
1,1706.2409,1342.1369,1342136.8999
1,1706.3020,1342.1980,1342197.9999
1,1706.3863,1342.2823,1342282.2999
1,1706.4258,1342.3218,1342321.7999
1,1706.6230,1342.5190,1342518.9999
1,1706.7048,1342.6008,1342600.7999
1,1706.7287,1342.6247,1342624.6999
1,1706.7542,1342.6502,1342650.1999
1,1706.7942,1342.6902,1342690.1999
1,1706.8348,1342.7308,1342730.7999
1,1706.8715,1342.7675,1342767.4999
1,1706.9285,1342.8245,1342824.4999
1,1706.9558,1342.8518,1342851.7999
1,1706.9609,1342.8569,1342856.8999
1,1706.9793,1342.8753,1342875.2999
1,1706.9844,1342.8804,1342880.3999
1,1706.9903,1342.8863,1342886.2999
1,1707.1312,1343.0272,1343027.1999
1,1707.3592,1343.2552,1343255.1999
1,1707.4206,1343.3166,1343316.5999
1,1707.5181,1343.4141,1343414.0999
1,1707.5732,1343.4692,1343469.1999
1,1707.5821,1343.4781,1343478.0999
1,1707.6136,1343.5096,1343509.5999
1,1707.6194,1343.5154,1343515.3999
1,1707.8607,1343.7567,1343756.6999
1,1707.9372,1343.8332,1343833.1999
1,1708.2396,1344.1356,1344135.5999
1,1708.2821,1344.1781,1344178.0999
1,1708.5029,1344.3989,1344398.8999
1,1708.7861,1344.6821,1344682.0999
1,1708.8073,1344.7033,1344703.2999
1,1708.9717,1344.8677,1344867.6999
1,1709.0198,1344.9158,1344915.7999
1,1709.2856,1345.1816,1345181.5999
1,1709.3133,1345.2093,1345209.2999
1,1709.4379,1345.3339,1345333.8999
1,1709.9466,1345.8426,1345842.5999
1,1709.9557,1345.8517,1345851.6999
1,1710.7101,1346.6061,1346606.0999
1,1710.7734,1346.6694,1346669.3999
1,1710.8284,1346.7244,1346724.3999
1,1710.9264,1346.8224,1346822.3999
1,1711.0739,1346.9699,1346969.8999
1,1711.1549,1347.0509,1347050.8999
1,1711.3508,1347.2468,1347246.7999
1,1711.3819,1347.2779,1347277.8999
1,1712.2769,1348.1729,1348172.8999
1,1712.3795,1348.2755,1348275.4999
1,1712.4161,1348.3121,1348312.0999
1,1712.5122,1348.4082,1348408.1999
1,1712.5642,1348.4602,1348460.1999
1,1712.6154,1348.5114,1348511.3999
1,1712.9266,1348.8226,1348822.5999
1,1713.1492,1349.0452,1349045.1999
1,1713.1963,1349.0923,1349092.2999
1,1713.3002,1349.1962,1349196.1999
1,1713.4212,1349.3172,1349317.1999
1,1713.5615,1349.4575,1349457.4999
1,1713.7661,1349.6621,1349662.0999
1,1713.7776,1349.6736,1349673.5999
1,1713.8184,1349.7144,1349714.3999
1,1713.9356,1349.8316,1349831.5999
1,1714.1504,1350.0464,1350046.3999
1,1714.3009,1350.1969,1350196.8999
1,1714.5520,1350.4480,1350447.9999
1,1714.8488,1350.7448,1350744.7999
1,1714.9216,1350.8176,1350817.5999
1,1715.3282,1351.2242,1351224.1999
1,1715.3770,1351.2730,1351272.9999
1,1715.4900,1351.3860,1351385.9999
1,1716.3216,1352.2176,1352217.5999
1,1716.4425,1352.3385,1352338.4999
1,1717.0918,1352.9878,1352987.7999
1,1717.6345,1353.5305,1353530.4999
1,1721.1181,1357.0141,1357014.0999
1,1721.9461,1357.8421,1357842.0999
1,1722.1536,1358.0496,1358049.5999
1,1722.6266,1358.5226,1358522.5999
1,1723.2819,1359.1779,1359177.8999
1,1725.2922,1361.1882,1361188.1999
1,1725.5293,1361.4253,1361425.2999
1,1726.2735,1362.1695,1362169.4999
1,1727.1565,1363.0525,1363052.4999
1,1728.5247,1364.4207,1364420.6999
1,1728.5371,1364.4331,1364433.0999
1,1728.5534,1364.4494,1364449.3999
1,1728.7606,1364.6566,1364656.5999
1,1728.8410,1364.7370,1364736.9999
1,1728.8600,1364.7560,1364755.9999
1,1728.8759,1364.7719,1364771.8999
1,1729.7679,1365.6639,1365663.8999
1,1729.8561,1365.7521,1365752.0999
1,1729.9385,1365.8345,1365834.4999
1,1730.0145,1365.9105,1365910.4999
1,1730.2782,1366.1742,1366174.1999
1,1730.6232,1366.5192,1366519.1999
1,1730.6316,1366.5276,1366527.5999
1,1730.6733,1366.5693,1366569.2999
1,1730.9758,1366.8718,1366871.7999
1,1731.0147,1366.9107,1366910.6999
1,1731.0656,1366.9616,1366961.5999
1,1731.1154,1367.0114,1367011.3999
1,1731.1842,1367.0802,1367080.1999
1,1731.1865,1367.0825,1367082.4999
1,1731.2306,1367.1266,1367126.5999
1,1731.2760,1367.1720,1367171.9999
1,1731.3153,1367.2113,1367211.2999
1,1731.3339,1367.2299,1367229.8999
1,1731.9339,1367.8299,1367829.8999
1,1731.9515,1367.8475,1367847.4999
1,1732.3845,1368.2805,1368280.4999
1,1732.4858,1368.3818,1368381.7999
1,1732.7373,1368.6333,1368633.2999
1,1732.9150,1368.8110,1368810.9999
1,1733.1266,1369.0226,1369022.5999
1,1734.3782,1370.2742,1370274.1999
1,1734.3820,1370.2780,1370277.9999
1,1734.7960,1370.6920,1370691.9999
1,1735.5104,1371.4064,1371406.3999
1,1735.5145,1371.4105,1371410.4999
1,1736.2600,1372.1560,1372155.9999
1,1736.4858,1372.3818,1372381.7999
1,1736.5919,1372.4879,1372487.8999
1,1736.7301,1372.6261,1372626.0999
1,1738.5337,1374.4297,1374429.6999
1,1738.5437,1374.4397,1374439.6999
1,1738.9207,1374.8167,1374816.6999
1,1739.0380,1374.9340,1374933.9999
1,1739.1910,1375.0870,1375086.9999
1,1739.2952,1375.1912,1375191.1999
1,1739.4261,1375.3221,1375322.0999
1,1739.5312,1375.4272,1375427.1999
1,1739.5541,1375.4501,1375450.0999
1,1739.6891,1375.5851,1375585.0999
1,1739.6914,1375.5874,1375587.3999
1,1739.7718,1375.6678,1375667.7999
1,1739.8876,1375.7836,1375783.5999
1,1740.0131,1375.9091,1375909.0999
1,1740.1301,1376.0261,1376026.0999
1,1740.1817,1376.0777,1376077.6999
1,1740.3315,1376.2275,1376227.4999
1,1740.5218,1376.4178,1376417.7999
1,1741.0139,1376.9099,1376909.8999
1,1741.0644,1376.9604,1376960.3999
1,1741.0676,1376.9636,1376963.5999
1,1741.1160,1377.0120,1377011.9999
1,1741.7140,1377.6100,1377609.9999
1,1742.5086,1378.4046,1378404.5999
1,1746.7374,1382.6334,1382633.3999
1,1746.7680,1382.6640,1382663.9999
1,1747.1303,1383.0263,1383026.2999
1,1747.1455,1383.0415,1383041.4999
1,1747.3119,1383.2079,1383207.8999
1,1747.5374,1383.4334,1383433.3999
1,1747.6446,1383.5406,1383540.5999
1,1747.8778,1383.7738,1383773.7999
1,1748.8008,1384.6968,1384696.7999
1,1748.9707,1384.8667,1384866.6999
1,1750.8662,1386.7622,1386762.1999
1,1752.0852,1387.9812,1387981.1999
1,1752.2872,1388.1832,1388183.1999
1,1753.2466,1389.1426,1389142.5999
1,1753.3286,1389.2246,1389224.5999
1,1753.4178,1389.3138,1389313.7999
1,1753.7021,1389.5981,1389598.0999
1,1753.7762,1389.6722,1389672.1999
1,1754.2445,1390.1405,1390140.4999
1,1754.3263,1390.2223,1390222.2999
1,1754.3862,1390.2822,1390282.1999
1,1754.7308,1390.6268,1390626.7999
1,1754.7763,1390.6723,1390672.2999
1,1754.9236,1390.8196,1390819.5999
1,1755.0094,1390.9054,1390905.3999
1,1755.2107,1391.1067,1391106.6999
1,1755.4195,1391.3155,1391315.4999
1,1756.5508,1392.4468,1392446.7999
1,1756.6901,1392.5861,1392586.0999
1,1756.6943,1392.5903,1392590.2999
1,1756.7549,1392.6509,1392650.8999
1,1756.9033,1392.7993,1392799.2999
1,1756.9397,1392.8357,1392835.6999
1,1756.9591,1392.8551,1392855.0999
1,1757.3650,1393.2610,1393260.9999
1,1757.4022,1393.2982,1393298.1999
1,1757.8693,1393.7653,1393765.2999
1,1758.5281,1394.4241,1394424.0999
1,1758.5699,1394.4659,1394465.8999
1,1758.8395,1394.7355,1394735.4999
1,1758.9779,1394.8739,1394873.8999
1,1759.2065,1395.1025,1395102.4999
1,1759.2143,1395.1103,1395110.2999
1,1759.2372,1395.1332,1395133.1999
1,1759.8793,1395.7753,1395775.2999
1,1760.0231,1395.9191,1395919.0999
1,1760.2276,1396.1236,1396123.5999
1,1760.2980,1396.1940,1396193.9999
1,1760.3158,1396.2118,1396211.7999
1,1761.1511,1397.0471,1397047.0999
1,1761.2044,1397.1004,1397100.3999
1,1762.0302,1397.9262,1397926.1999
1,1762.9909,1398.8869,1398886.8999
1,1763.1333,1399.0293,1399029.2999
1,1763.1970,1399.0930,1399092.9999
1,1763.3091,1399.2051,1399205.0999
1,1763.3359,1399.2319,1399231.8999
1,1763.4548,1399.3508,1399350.7999
1,1763.5185,1399.4145,1399414.4999
1,1763.5745,1399.4705,1399470.4999
1,1763.5928,1399.4888,1399488.7999
1,1763.7572,1399.6532,1399653.1999
1,1764.0014,1399.8974,1399897.3999
1,1764.5005,1400.3965,1400396.4999
1,1764.5038,1400.3998,1400399.7999
1,1764.6969,1400.5929,1400592.8999
1,1764.7156,1400.6116,1400611.5999
1,1764.9623,1400.8583,1400858.2999
1,1765.0149,1400.9109,1400910.8999
1,1765.1010,1400.9970,1400996.9999
1,1765.1971,1401.0931,1401093.0999
1,1765.2575,1401.1535,1401153.4999
1,1765.2873,1401.1833,1401183.2999
1,1765.3589,1401.2549,1401254.8999
1,1765.4068,1401.3028,1401302.7999
1,1765.4281,1401.3241,1401324.0999
1,1765.4476,1401.3436,1401343.5999
1,1765.4609,1401.3569,1401356.8999
1,1765.4818,1401.3778,1401377.7999
1,1765.5748,1401.4708,1401470.7999
1,1765.6908,1401.5868,1401586.7999
1,1765.7498,1401.6458,1401645.7999
1,1766.0454,1401.9414,1401941.3999
1,1766.1029,1401.9989,1401998.8999
1,1766.1181,1402.0141,1402014.0999
1,1766.1420,1402.0380,1402037.9999
1,1766.2076,1402.1036,1402103.5999
1,1766.2747,1402.1707,1402170.6999
1,1766.3651,1402.2611,1402261.0999
1,1766.5525,1402.4485,1402448.4999
1,1766.5652,1402.4612,1402461.1999
1,1766.6303,1402.5263,1402526.2999
1,1766.8007,1402.6967,1402696.6999
1,1766.9326,1402.8286,1402828.5999
1,1767.0732,1402.9692,1402969.1999
1,1767.1101,1403.0061,1403006.0999
1,1767.1278,1403.0238,1403023.7999
1,1767.3519,1403.2479,1403247.8999
1,1767.4604,1403.3564,1403356.3999
1,1767.4960,1403.3920,1403391.9999
1,1767.8221,1403.7181,1403718.0999
1,1768.0350,1403.9310,1403930.9999
1,1768.4089,1404.3049,1404304.8999
1,1768.4658,1404.3618,1404361.7999
1,1768.6054,1404.5014,1404501.3999
1,1768.6655,1404.5615,1404561.4999
1,1768.6678,1404.5638,1404563.7999
1,1768.7132,1404.6092,1404609.1999
1,1768.7259,1404.6219,1404621.8999
1,1768.7587,1404.6547,1404654.6999
1,1768.9378,1404.8338,1404833.7999
1,1769.0176,1404.9136,1404913.5999
1,1769.0262,1404.9222,1404922.1999
1,1769.0692,1404.9652,1404965.1999
1,1769.1200,1405.0160,1405015.9999
1,1769.1281,1405.0241,1405024.0999
1,1769.2302,1405.1262,1405126.1999
1,1769.2729,1405.1689,1405168.8999
1,1770.1722,1406.0682,1406068.1999
1,1770.5887,1406.4847,1406484.6999
1,1770.7515,1406.6475,1406647.4999
1,1770.9370,1406.8330,1406832.9999
1,1771.1105,1407.0065,1407006.4999
1,1771.1792,1407.0752,1407075.1999
1,1771.2717,1407.1677,1407167.6999
1,1771.3740,1407.2700,1407269.9999
1,1771.3939,1407.2899,1407289.8999
1,1771.5034,1407.3994,1407399.3999
1,1771.7060,1407.6020,1407601.9999
1,1771.7264,1407.6224,1407622.3999
1,1771.7590,1407.6550,1407654.9999
1,1771.7854,1407.6814,1407681.3999
1,1771.8579,1407.7539,1407753.8999
1,1771.8761,1407.7721,1407772.0999
1,1772.0243,1407.9203,1407920.2999
1,1772.0383,1407.9343,1407934.2999
1,1772.0502,1407.9462,1407946.1999
1,1772.0534,1407.9494,1407949.3999
1,1772.2173,1408.1133,1408113.2999
1,1772.2726,1408.1686,1408168.5999
1,1772.2879,1408.1839,1408183.8999
1,1772.3205,1408.2165,1408216.4999
1,1772.4469,1408.3429,1408342.8999
1,1772.5111,1408.4071,1408407.0999
1,1772.6911,1408.5871,1408587.0999
1,1772.7306,1408.6266,1408626.5999
1,1772.7528,1408.6488,1408648.7999
1,1772.8231,1408.7191,1408719.0999
1,1772.9144,1408.8104,1408810.3999
1,1772.9786,1408.8746,1408874.5999
1,1773.0105,1408.9065,1408906.4999
1,1773.0399,1408.9359,1408935.8999
1,1773.2068,1409.1028,1409102.7999
1,1773.3983,1409.2943,1409294.2999
1,1773.4666,1409.3626,1409362.5999
1,1773.5132,1409.4092,1409409.1999
1,1773.5172,1409.4132,1409413.1999
1,1773.5356,1409.4316,1409431.5999
1,1773.5882,1409.4842,1409484.1999
1,1773.8050,1409.7010,1409700.9999
1,1774.0761,1409.9721,1409972.0999
1,1774.1536,1410.0496,1410049.5999
1,1774.2621,1410.1581,1410158.0999
1,1774.3022,1410.1982,1410198.1999
1,1774.3474,1410.2434,1410243.3999
1,1774.4015,1410.2975,1410297.4999
1,1774.4194,1410.3154,1410315.3999
1,1774.5110,1410.4070,1410406.9999
1,1774.5299,1410.4259,1410425.8999
1,1774.5815,1410.4775,1410477.4999
1,1774.6632,1410.5592,1410559.1999
1,1774.7462,1410.6422,1410642.1999
1,1774.9922,1410.8882,1410888.1999
1,1775.1443,1411.0403,1411040.2999
1,1775.1725,1411.0685,1411068.4999
1,1775.2355,1411.1315,1411131.4999
1,1775.2420,1411.1380,1411137.9999
1,1775.3009,1411.1969,1411196.8999
1,1775.4130,1411.3090,1411308.9999
1,1775.4156,1411.3116,1411311.5999
1,1775.5023,1411.3983,1411398.2999
1,1775.5140,1411.4100,1411409.9999
1,1775.5237,1411.4197,1411419.6999
1,1775.6864,1411.5824,1411582.3999
1,1775.9837,1411.8797,1411879.6999
1,1775.9860,1411.8820,1411881.9999
1,1776.0621,1411.9581,1411958.0999
1,1776.2183,1412.1143,1412114.2999
1,1776.3215,1412.2175,1412217.4999
1,1776.5507,1412.4467,1412446.6999
1,1776.5804,1412.4764,1412476.3999
1,1776.6503,1412.5463,1412546.2999
1,1776.8206,1412.7166,1412716.5999
1,1776.8358,1412.7318,1412731.7999
1,1776.9323,1412.8283,1412828.2999
1,1777.1917,1413.0877,1413087.6999
1,1777.5368,1413.4328,1413432.7999
1,1777.5957,1413.4917,1413491.6999
1,1777.7001,1413.5961,1413596.0999
1,1777.7268,1413.6228,1413622.7999
1,1777.7391,1413.6351,1413635.0999
1,1777.8286,1413.7246,1413724.5999
1,1777.8657,1413.7617,1413761.6999
1,1777.9298,1413.8258,1413825.7999
1,1777.9401,1413.8361,1413836.0999
1,1777.9833,1413.8793,1413879.2999
1,1778.0041,1413.9001,1413900.0999
1,1778.2551,1414.1511,1414151.0999
1,1778.4828,1414.3788,1414378.7999
1,1778.4853,1414.3813,1414381.2999
1,1778.6253,1414.5213,1414521.2999
1,1778.7449,1414.6409,1414640.8999
1,1778.8858,1414.7818,1414781.7999
1,1778.9335,1414.8295,1414829.4999
1,1778.9782,1414.8742,1414874.1999
1,1779.1105,1415.0065,1415006.4999
1,1779.2167,1415.1127,1415112.6999
1,1779.3235,1415.2195,1415219.4999
1,1779.3962,1415.2922,1415292.1999
1,1779.5584,1415.4544,1415454.3999
1,1779.5835,1415.4795,1415479.4999
1,1779.8406,1415.7366,1415736.5999
1,1779.8750,1415.7710,1415770.9999
1,1780.4894,1416.3854,1416385.3999
1,1782.1020,1417.9980,1417997.9999
1,1782.2373,1418.1333,1418133.2999
1,1782.5107,1418.4067,1418406.6999
1,1782.8583,1418.7543,1418754.2999
1,1782.9650,1418.8610,1418860.9999
1,1783.0429,1418.9389,1418938.8999
1,1783.2510,1419.1470,1419146.9999
1,1783.3323,1419.2283,1419228.2999
1,1783.4909,1419.3869,1419386.8999
1,1783.5649,1419.4609,1419460.8999
1,1783.5928,1419.4888,1419488.7999
1,1783.8549,1419.7509,1419750.8999
1,1783.9056,1419.8016,1419801.5999
1,1784.4108,1420.3068,1420306.7999
1,1784.5238,1420.4198,1420419.7999
1,1784.5485,1420.4445,1420444.4999
1,1784.6067,1420.5027,1420502.6999
1,1784.6669,1420.5629,1420562.8999
1,1784.6931,1420.5891,1420589.0999
1,1784.7864,1420.6824,1420682.3999
1,1784.9566,1420.8526,1420852.5999
1,1784.9796,1420.8756,1420875.5999
1,1785.5143,1421.4103,1421410.2999
1,1785.6022,1421.4982,1421498.1999
1,1785.7213,1421.6173,1421617.2999
1,1785.8916,1421.7876,1421787.5999
1,1786.2475,1422.1435,1422143.4999
1,1786.2742,1422.1702,1422170.1999
1,1786.4861,1422.3821,1422382.0999
1,1786.6508,1422.5468,1422546.7999
1,1786.7123,1422.6083,1422608.2999
1,1786.8165,1422.7125,1422712.4999
1,1787.0743,1422.9703,1422970.2999
1,1787.1267,1423.0227,1423022.6999
1,1787.1643,1423.0603,1423060.2999
1,1787.1678,1423.0638,1423063.7999
1,1787.3577,1423.2537,1423253.6999
1,1787.3973,1423.2933,1423293.2999
1,1787.5373,1423.4333,1423433.2999
1,1787.5897,1423.4857,1423485.6999
1,1788.9588,1424.8548,1424854.7999
1,1789.0107,1424.9067,1424906.6999
1,1789.6357,1425.5317,1425531.6999
1,1789.9102,1425.8062,1425806.1999
1,1789.9896,1425.8856,1425885.5999
1,1790.0043,1425.9003,1425900.2999
1,1790.3734,1426.2694,1426269.3999
1,1790.5702,1426.4662,1426466.1999
1,1790.8486,1426.7446,1426744.5999
1,1790.8966,1426.7926,1426792.5999
1,1791.0216,1426.9176,1426917.5999
1,1791.1548,1427.0508,1427050.7999
1,1791.2024,1427.0984,1427098.3999
1,1791.2966,1427.1926,1427192.5999
1,1791.3379,1427.2339,1427233.8999
1,1791.4159,1427.3119,1427311.8999
1,1791.9603,1427.8563,1427856.2999
1,1791.9862,1427.8822,1427882.1999
1,1792.0446,1427.9406,1427940.5999
1,1792.0507,1427.9467,1427946.6999
1,1792.1146,1428.0106,1428010.5999
1,1792.2341,1428.1301,1428130.0999
1,1792.2656,1428.1616,1428161.5999
1,1792.3707,1428.2667,1428266.6999
1,1792.4154,1428.3114,1428311.3999
1,1792.4217,1428.3177,1428317.6999
1,1792.4246,1428.3206,1428320.5999
1,1792.5088,1428.4048,1428404.7999
1,1792.5963,1428.4923,1428492.2999
1,1792.6537,1428.5497,1428549.6999
1,1792.8553,1428.7513,1428751.2999
1,1792.9615,1428.8575,1428857.4999
1,1793.1869,1429.0829,1429082.8999
1,1793.2653,1429.1613,1429161.2999
1,1793.2725,1429.1685,1429168.4999
1,1793.3053,1429.2013,1429201.2999
1,1793.4025,1429.2985,1429298.4999
1,1793.4902,1429.3862,1429386.1999
1,1793.5150,1429.4110,1429410.9999
1,1793.5436,1429.4396,1429439.5999
1,1793.8081,1429.7041,1429704.0999
1,1793.8984,1429.7944,1429794.3999
1,1794.1661,1430.0621,1430062.0999
1,1796.0088,1431.9048,1431904.7999
1,1796.1432,1432.0392,1432039.1999
1,1796.5909,1432.4869,1432486.8999
1,1796.8312,1432.7272,1432727.1999
1,1796.8400,1432.7360,1432735.9999
1,1796.9407,1432.8367,1432836.6999
1,1797.1329,1433.0289,1433028.8999
1,1797.4003,1433.2963,1433296.2999
1,1797.5412,1433.4372,1433437.1999
1,1797.9537,1433.8497,1433849.6999
1,1798.0173,1433.9133,1433913.2999
1,1798.0342,1433.9302,1433930.1999
1,1798.0419,1433.9379,1433937.8999
1,1798.2064,1434.1024,1434102.3999
1,1798.3108,1434.2068,1434206.7999
1,1798.7637,1434.6597,1434659.6999
1,1799.1027,1434.9987,1434998.6999
1,1799.3676,1435.2636,1435263.5999
1,1799.4153,1435.3113,1435311.2999
1,1799.4556,1435.3516,1435351.5999
1,1799.7240,1435.6200,1435619.9999
1,1799.8945,1435.7905,1435790.4999
1,1800.2680,1436.1640,1436163.9999
1,1800.5740,1436.4700,1436469.9999
1,1800.6369,1436.5329,1436532.8999
1,1800.9570,1436.8530,1436852.9999
1,1801.1200,1437.0160,1437015.9999
1,1802.1884,1438.0844,1438084.3999
1,1802.2842,1438.1802,1438180.1999
1,1802.3284,1438.2244,1438224.3999
1,1802.3841,1438.2801,1438280.0999
1,1802.4536,1438.3496,1438349.5999
1,1803.5361,1439.4321,1439432.0999
1,1803.5602,1439.4562,1439456.1999
1,1803.5743,1439.4703,1439470.2999
1,1803.5862,1439.4822,1439482.1999
1,1804.0500,1439.9460,1439945.9999
1,1804.0525,1439.9485,1439948.4999
1,1804.1014,1439.9974,1439997.3999
1,1804.1106,1440.0066,1440006.5999
1,1804.3456,1440.2416,1440241.5999
1,1805.2840,1441.1800,1441179.9999
1,1805.2943,1441.1903,1441190.2999
1,1805.3087,1441.2047,1441204.6999
1,1805.3246,1441.2206,1441220.5999
1,1814.5399,1450.4359,1450435.8999
1,1814.8222,1450.7182,1450718.1999
1,1814.8495,1450.7455,1450745.4999
1,1814.8839,1450.7799,1450779.8999
1,1814.9124,1450.8084,1450808.3999
1,1815.4785,1451.3745,1451374.4999
1,1816.3739,1452.2699,1452269.8999
1,1818.0992,1453.9952,1453995.1999
1,1818.3575,1454.2535,1454253.4999
1,1818.4037,1454.2997,1454299.6999
1,1821.9616,1457.8576,1457857.5999
1,1822.3479,1458.2439,1458243.8999
1,1822.4008,1458.2968,1458296.7999
1,1822.9392,1458.8352,1458835.1999
1,1823.0952,1458.9912,1458991.1999
1,1823.6834,1459.5794,1459579.3999
1,1823.8352,1459.7312,1459731.1999
1,1823.8419,1459.7379,1459737.8999
1,1823.8559,1459.7519,1459751.8999
1,1823.8595,1459.7555,1459755.4999
1,1824.0800,1459.9760,1459975.9999
1,1824.6076,1460.5036,1460503.5999
1,1824.8553,1460.7513,1460751.2999
1,1824.8946,1460.7906,1460790.5999
1,1824.9306,1460.8266,1460826.5999
1,1825.0768,1460.9728,1460972.7999
1,1825.1754,1461.0714,1461071.3999
1,1825.1948,1461.0908,1461090.7999
1,1825.2230,1461.1190,1461118.9999
1,1825.4995,1461.3955,1461395.4999
1,1825.5345,1461.4305,1461430.4999
1,1825.5378,1461.4338,1461433.7999
1,1825.5497,1461.4457,1461445.6999
1,1825.5664,1461.4624,1461462.3999
1,1825.6693,1461.5653,1461565.2999
1,1825.8153,1461.7113,1461711.2999
1,1825.9941,1461.8901,1461890.0999
1,1827.4217,1463.3177,1463317.6999
1,1827.6023,1463.4983,1463498.2999
1,1827.7732,1463.6692,1463669.1999
1,1827.8085,1463.7045,1463704.4999
1,1827.9188,1463.8148,1463814.7999
1,1827.9676,1463.8636,1463863.5999
1,1828.6797,1464.5757,1464575.6999
1,1828.7548,1464.6508,1464650.7999
1,1829.5418,1465.4378,1465437.7999
1,1829.5548,1465.4508,1465450.7999
1,1829.8053,1465.7013,1465701.2999
1,1830.8569,1466.7529,1466752.8999
1,1831.2230,1467.1190,1467118.9999
1,1831.2469,1467.1429,1467142.8999
1,1831.3866,1467.2826,1467282.5999
1,1831.7510,1467.6470,1467646.9999
1,1831.9434,1467.8394,1467839.3999
1,1831.9650,1467.8610,1467860.9999
1,1832.1680,1468.0640,1468063.9999
1,1832.3815,1468.2775,1468277.4999
1,1832.6364,1468.5324,1468532.3999
1,1833.0355,1468.9315,1468931.4999
1,1833.1296,1469.0256,1469025.5999
1,1833.3133,1469.2093,1469209.2999
1,1833.3356,1469.2316,1469231.5999
1,1833.3569,1469.2529,1469252.8999
1,1833.9174,1469.8134,1469813.3999
1,1833.9920,1469.8880,1469887.9999
1,1834.1927,1470.0887,1470088.6999
1,1835.6602,1471.5562,1471556.1999
1,1835.6848,1471.5808,1471580.7999
1,1835.9064,1471.8024,1471802.3999
1,1836.3813,1472.2773,1472277.2999
1,1836.8842,1472.7802,1472780.1999
1,1836.9252,1472.8212,1472821.1999
1,1836.9287,1472.8247,1472824.6999
1,1837.6190,1473.5150,1473514.9999
1,1837.8599,1473.7559,1473755.8999
1,1838.0533,1473.9493,1473949.2999
1,1838.2832,1474.1792,1474179.1999
1,1838.4995,1474.3955,1474395.4999
1,1838.6860,1474.5820,1474581.9999
1,1839.7867,1475.6827,1475682.6999
1,1839.9349,1475.8309,1475830.8999
1,1840.0093,1475.9053,1475905.2999
1,1840.2508,1476.1468,1476146.7999
1,1840.6784,1476.5744,1476574.3999
1,1841.4620,1477.3580,1477357.9999
1,1841.5040,1477.4000,1477399.9999
1,1841.5836,1477.4796,1477479.5999
1,1841.9710,1477.8670,1477866.9999
1,1846.7825,1482.6785,1482678.4999
1,1846.8719,1482.7679,1482767.8999
1,1847.0401,1482.9361,1482936.0999
1,1847.1400,1483.0360,1483035.9999
1,1847.2705,1483.1665,1483166.4999
1,1847.3528,1483.2488,1483248.7999
1,1847.4708,1483.3668,1483366.7999
1,1848.4034,1484.2994,1484299.3999
1,1848.6116,1484.5076,1484507.5999
1,1848.7298,1484.6258,1484625.7999
1,1848.8072,1484.7032,1484703.1999
1,1849.4555,1485.3515,1485351.4999
1,1849.6388,1485.5348,1485534.7999
1,1849.8022,1485.6982,1485698.1999
1,1849.9217,1485.8177,1485817.6999
1,1850.2819,1486.1779,1486177.8999
1,1850.4259,1486.3219,1486321.8999
1,1850.9692,1486.8652,1486865.1999
1,1851.0956,1486.9916,1486991.5999
1,1851.5360,1487.4320,1487431.9999
1,1852.0337,1487.9297,1487929.6999
1,1852.2826,1488.1786,1488178.5999
1,1852.3676,1488.2636,1488263.5999
1,1852.6732,1488.5692,1488569.1999
1,1852.8275,1488.7235,1488723.4999
1,1852.9699,1488.8659,1488865.8999
1,1853.1430,1489.0390,1489038.9999
1,1853.4929,1489.3889,1489388.8999
1,1853.5730,1489.4690,1489468.9999
1,1853.6085,1489.5045,1489504.4999
1,1853.8129,1489.7089,1489708.8999
1,1853.8292,1489.7252,1489725.1999
1,1853.8487,1489.7447,1489744.6999
1,1853.9954,1489.8914,1489891.3999
1,1854.3223,1490.2183,1490218.2999
1,1854.4896,1490.3856,1490385.5999
1,1854.7297,1490.6257,1490625.6999
1,1854.7806,1490.6766,1490676.5999
1,1854.8573,1490.7533,1490753.2999
1,1854.9289,1490.8249,1490824.8999
1,1855.0009,1490.8969,1490896.8999
1,1855.0252,1490.9212,1490921.1999
1,1855.1067,1491.0027,1491002.6999
1,1855.1333,1491.0293,1491029.2999
1,1855.1569,1491.0529,1491052.8999
1,1857.7004,1493.5964,1493596.3999
1,1857.7175,1493.6135,1493613.4999
1,1857.7641,1493.6601,1493660.0999
1,1857.7675,1493.6635,1493663.4999
1,1857.9763,1493.8723,1493872.2999
1,1858.4494,1494.3454,1494345.3999
1,1858.5251,1494.4211,1494421.0999
1,1858.9178,1494.8138,1494813.7999
1,1859.5134,1495.4094,1495409.3999
1,1859.7650,1495.6610,1495660.9999
1,1859.8630,1495.7590,1495758.9999
1,1859.8878,1495.7838,1495783.7999
1,1860.0963,1495.9923,1495992.2999
1,1860.1457,1496.0417,1496041.6999
1,1860.2804,1496.1764,1496176.3999
1,1860.6453,1496.5413,1496541.2999
1,1860.7268,1496.6228,1496622.7999
1,1861.5340,1497.4300,1497429.9999
1,1861.6242,1497.5202,1497520.1999
1,1861.7509,1497.6469,1497646.8999
1,1861.8895,1497.7855,1497785.4999
1,1862.1538,1498.0498,1498049.7999
1,1862.2323,1498.1283,1498128.2999
1,1862.3854,1498.2814,1498281.3999
1,1862.4023,1498.2983,1498298.2999
1,1862.4095,1498.3055,1498305.4999
1,1862.4114,1498.3074,1498307.3999
1,1862.4160,1498.3120,1498311.9999
1,1862.6273,1498.5233,1498523.2999
1,1862.6419,1498.5379,1498537.8999
1,1862.9585,1498.8545,1498854.4999
1,1863.1295,1499.0255,1499025.4999
1,1863.6101,1499.5061,1499506.0999
1,1863.6478,1499.5438,1499543.7999
1,1863.6549,1499.5509,1499550.8999
1,1863.6962,1499.5922,1499592.1999
1,1863.6983,1499.5943,1499594.2999
1,1863.7109,1499.6069,1499606.8999
1,1863.7597,1499.6557,1499655.6999
1,1864.4613,1500.3573,1500357.2999
1,1864.9207,1500.8167,1500816.6999
1,1865.0997,1500.9957,1500995.6999
1,1865.2201,1501.1161,1501116.0999
1,1865.5890,1501.4850,1501484.9999
1,1865.7499,1501.6459,1501645.8999
1,1866.0369,1501.9329,1501932.8999
1,1866.0437,1501.9397,1501939.6999
1,1866.1736,1502.0696,1502069.5999
1,1866.4270,1502.3230,1502322.9999
1,1866.4600,1502.3560,1502355.9999
1,1866.4912,1502.3872,1502387.1999
1,1866.5192,1502.4152,1502415.1999
1,1866.5857,1502.4817,1502481.6999
1,1866.9939,1502.8899,1502889.8999
1,1867.6874,1503.5834,1503583.3999
1,1868.2299,1504.1259,1504125.8999
1,1868.3434,1504.2394,1504239.3999
1,1868.6086,1504.5046,1504504.5999
1,1869.2444,1505.1404,1505140.3999
1,1869.6871,1505.5831,1505583.0999
1,1869.8207,1505.7167,1505716.6999
1,1869.8557,1505.7517,1505751.6999
1,1869.8800,1505.7760,1505775.9999
1,1870.0029,1505.8989,1505898.8999
1,1870.0704,1505.9664,1505966.3999
1,1870.1418,1506.0378,1506037.7999
1,1870.1958,1506.0918,1506091.7999
1,1870.2091,1506.1051,1506105.0999
1,1870.2531,1506.1491,1506149.0999
1,1870.3237,1506.2197,1506219.6999
1,1870.6677,1506.5637,1506563.6999
1,1870.8467,1506.7427,1506742.6999
1,1871.4159,1507.3119,1507311.8999
1,1872.9855,1508.8815,1508881.4999
1,1873.1076,1509.0036,1509003.5999
1,1873.2552,1509.1512,1509151.1999
1,1873.7258,1509.6218,1509621.7999
1,1873.9644,1509.8604,1509860.3999
1,1873.9988,1509.8948,1509894.7999
1,1874.1159,1510.0119,1510011.8999
1,1874.1583,1510.0543,1510054.2999
1,1874.5441,1510.4401,1510440.0999
1,1874.7860,1510.6820,1510681.9999
1,1875.0500,1510.9460,1510945.9999
1,1875.2561,1511.1521,1511152.0999
1,1875.3337,1511.2297,1511229.6999
1,1875.7245,1511.6205,1511620.4999
1,1876.1348,1512.0308,1512030.7999
1,1876.2099,1512.1059,1512105.8999
1,1876.3978,1512.2938,1512293.7999
1,1876.7302,1512.6262,1512626.1999
1,1876.8156,1512.7116,1512711.5999
1,1876.8513,1512.7473,1512747.2999
1,1877.1140,1513.0100,1513009.9999
1,1877.1287,1513.0247,1513024.6999
1,1877.2037,1513.0997,1513099.6999
1,1877.3036,1513.1996,1513199.5999
1,1877.7797,1513.6757,1513675.6999
1,1878.0705,1513.9665,1513966.4999
1,1878.2973,1514.1933,1514193.2999
1,1878.3774,1514.2734,1514273.3999
1,1878.6358,1514.5318,1514531.7999
1,1878.6634,1514.5594,1514559.3999
1,1878.6930,1514.5890,1514588.9999
1,1878.7189,1514.6149,1514614.8999
1,1878.7265,1514.6225,1514622.4999
1,1878.9550,1514.8510,1514850.9999
1,1879.0578,1514.9538,1514953.7999
1,1879.2912,1515.1872,1515187.1999
1,1879.2981,1515.1941,1515194.0999
1,1879.4666,1515.3626,1515362.5999
1,1879.5047,1515.4007,1515400.6999
1,1879.5892,1515.4852,1515485.1999
1,1879.5910,1515.4870,1515486.9999
1,1880.4063,1516.3023,1516302.2999
1,1880.5692,1516.4652,1516465.1999
1,1880.7649,1516.6609,1516660.8999
1,1880.8404,1516.7364,1516736.3999
1,1880.9864,1516.8824,1516882.3999
1,1884.0252,1519.9212,1519921.1999
1,1884.3167,1520.2127,1520212.6999
1,1884.3281,1520.2241,1520224.0999
1,1884.3683,1520.2643,1520264.2999
1,1884.8594,1520.7554,1520755.3999
1,1884.9261,1520.8221,1520822.0999
1,1885.8546,1521.7506,1521750.5999
1,1885.9855,1521.8815,1521881.4999
1,1886.0272,1521.9232,1521923.1999
1,1886.1721,1522.0681,1522068.0999
1,1886.2221,1522.1181,1522118.0999
1,1886.2784,1522.1744,1522174.3999
1,1886.4510,1522.3470,1522346.9999
1,1886.6981,1522.5941,1522594.0999
1,1887.5251,1523.4211,1523421.0999
1,1887.6590,1523.5550,1523554.9999
1,1887.6721,1523.5681,1523568.0999
1,1887.6792,1523.5752,1523575.1999
1,1887.7727,1523.6687,1523668.6999
1,1887.8205,1523.7165,1523716.4999
1,1888.3006,1524.1966,1524196.5999
1,1888.3259,1524.2219,1524221.8999
1,1888.4591,1524.3551,1524355.0999
1,1888.5024,1524.3984,1524398.3999
1,1888.6553,1524.5513,1524551.2999
1,1888.8006,1524.6966,1524696.5999
1,1888.8323,1524.7283,1524728.2999
1,1888.9488,1524.8448,1524844.7999
1,1888.9900,1524.8860,1524885.9999
1,1888.9918,1524.8878,1524887.7999
1,1889.1702,1525.0662,1525066.1999
1,1889.3386,1525.2346,1525234.5999
1,1889.5895,1525.4855,1525485.4999
1,1890.0767,1525.9727,1525972.6999
1,1890.1345,1526.0305,1526030.4999
1,1890.1870,1526.0830,1526082.9999
1,1890.2561,1526.1521,1526152.0999
1,1890.2925,1526.1885,1526188.4999
1,1890.3608,1526.2568,1526256.7999
1,1890.4154,1526.3114,1526311.3999
1,1890.4270,1526.3230,1526322.9999
1,1890.8169,1526.7129,1526712.8999
1,1890.9447,1526.8407,1526840.6999
1,1891.6306,1527.5266,1527526.5999
1,1892.5716,1528.4676,1528467.5999
1,1892.8320,1528.7280,1528727.9999
1,1892.9449,1528.8409,1528840.8999
1,1892.9935,1528.8895,1528889.4999
1,1893.2169,1529.1129,1529112.8999
1,1893.3036,1529.1996,1529199.5999
1,1893.4672,1529.3632,1529363.1999
1,1893.6158,1529.5118,1529511.7999
1,1893.8026,1529.6986,1529698.5999
1,1893.8393,1529.7353,1529735.2999
1,1893.8851,1529.7811,1529781.0999
1,1894.0018,1529.8978,1529897.7999
1,1894.0041,1529.9001,1529900.0999
1,1894.0575,1529.9535,1529953.4999
1,1894.1062,1530.0022,1530002.1999
1,1894.2298,1530.1258,1530125.7999
1,1895.2294,1531.1254,1531125.3999
1,1896.0875,1531.9835,1531983.4999
1,1896.1599,1532.0559,1532055.8999
1,1896.2649,1532.1609,1532160.8999
1,1896.3316,1532.2276,1532227.5999
1,1896.3940,1532.2900,1532289.9999
1,1896.4812,1532.3772,1532377.1999
1,1896.5516,1532.4476,1532447.5999
1,1896.6030,1532.4990,1532498.9999
1,1896.7056,1532.6016,1532601.5999
1,1897.6400,1533.5360,1533535.9999
1,1897.7063,1533.6023,1533602.2999
1,1897.7564,1533.6524,1533652.3999
1,1897.9045,1533.8005,1533800.4999
1,1898.1390,1534.0350,1534034.9999
1,1898.3155,1534.2115,1534211.4999
1,1898.7407,1534.6367,1534636.6999
1,1898.9078,1534.8038,1534803.7999
1,1899.2305,1535.1265,1535126.4999
1,1899.3282,1535.2242,1535224.1999
1,1899.5859,1535.4819,1535481.8999
1,1899.7613,1535.6573,1535657.2999
1,1899.8796,1535.7756,1535775.5999
1,1900.2291,1536.1251,1536125.0999
1,1900.2315,1536.1275,1536127.4999
1,1900.5688,1536.4648,1536464.7999
1,1900.7540,1536.6500,1536649.9999
1,1900.8666,1536.7626,1536762.5999
1,1900.9694,1536.8654,1536865.3999
1,1901.1920,1537.0880,1537087.9999
1,1901.2286,1537.1246,1537124.5999
1,1901.3804,1537.2764,1537276.3999
1,1901.4043,1537.3003,1537300.2999
1,1901.4215,1537.3175,1537317.4999
1,1901.8259,1537.7219,1537721.8999
1,1901.9427,1537.8387,1537838.6999
1,1902.1085,1538.0045,1538004.4999
1,1902.6829,1538.5789,1538578.8999
1,1903.1800,1539.0760,1539075.9999
1,1903.2313,1539.1273,1539127.2999
1,1905.1107,1541.0067,1541006.6999
1,1905.1774,1541.0734,1541073.3999
1,1905.2127,1541.1087,1541108.6999
1,1905.2181,1541.1141,1541114.0999
1,1905.2866,1541.1826,1541182.5999
1,1905.3476,1541.2436,1541243.5999
1,1905.7010,1541.5970,1541596.9999
1,1905.7130,1541.6090,1541608.9999
1,1905.8399,1541.7359,1541735.8999
1,1905.8473,1541.7433,1541743.2999
1,1905.8665,1541.7625,1541762.4999
1,1905.9995,1541.8955,1541895.4999
1,1906.0592,1541.9552,1541955.1999
1,1906.8377,1542.7337,1542733.6999
1,1907.4376,1543.3336,1543333.5999
1,1907.4592,1543.3552,1543355.1999
1,1907.5037,1543.3997,1543399.6999
1,1907.6690,1543.5650,1543564.9999
1,1907.8778,1543.7738,1543773.7999
1,1908.0506,1543.9466,1543946.5999
1,1908.1479,1544.0439,1544043.8999
1,1908.1742,1544.0702,1544070.1999
1,1908.4210,1544.3170,1544316.9999
1,1908.5967,1544.4927,1544492.6999
1,1908.6783,1544.5743,1544574.2999
1,1908.8776,1544.7736,1544773.5999
1,1908.9818,1544.8778,1544877.7999
1,1909.1654,1545.0614,1545061.3999
1,1909.1795,1545.0755,1545075.4999
1,1909.1837,1545.0797,1545079.6999
1,1909.3031,1545.1991,1545199.0999
1,1909.3489,1545.2449,1545244.8999
1,1909.5861,1545.4821,1545482.0999
1,1909.6038,1545.4998,1545499.7999
1,1909.6825,1545.5785,1545578.4999
1,1909.8532,1545.7492,1545749.1999
1,1909.9957,1545.8917,1545891.6999
1,1910.9649,1546.8609,1546860.8999
1,1911.3923,1547.2883,1547288.2999
1,1911.7638,1547.6598,1547659.7999
1,1911.7661,1547.6621,1547662.0999
1,1912.0942,1547.9902,1547990.1999
1,1912.2629,1548.1589,1548158.8999
1,1912.7513,1548.6473,1548647.2999
1,1913.6983,1549.5943,1549594.2999
1,1913.8218,1549.7178,1549717.7999
1,1913.8330,1549.7290,1549728.9999
1,1914.4524,1550.3484,1550348.3999
1,1914.7226,1550.6186,1550618.5999
1,1914.8025,1550.6985,1550698.4999
1,1914.8682,1550.7642,1550764.1999
1,1915.0553,1550.9513,1550951.2999
1,1915.6051,1551.5011,1551501.0999
1,1915.9576,1551.8536,1551853.5999
1,1916.1495,1552.0455,1552045.4999
1,1916.1640,1552.0600,1552059.9999
1,1916.2255,1552.1215,1552121.4999
1,1916.5415,1552.4375,1552437.4999
1,1917.3920,1553.2880,1553287.9999
1,1917.4296,1553.3256,1553325.5999
1,1918.1448,1554.0408,1554040.7999
1,1918.2980,1554.1940,1554193.9999
1,1918.3200,1554.2160,1554215.9999
1,1918.3496,1554.2456,1554245.5999
1,1918.6828,1554.5788,1554578.7999
1,1918.7501,1554.6461,1554646.0999
1,1919.4433,1555.3393,1555339.2999
1,1919.5108,1555.4068,1555406.7999
1,1919.6599,1555.5559,1555555.8999
1,1919.8937,1555.7897,1555789.6999
1,1920.0986,1555.9946,1555994.5999
1,1920.1287,1556.0247,1556024.6999
1,1920.1537,1556.0497,1556049.6999
1,1920.1597,1556.0557,1556055.6999
1,1920.1688,1556.0648,1556064.7999
1,1920.2745,1556.1705,1556170.4999
1,1920.6680,1556.5640,1556563.9999
1,1920.7310,1556.6270,1556626.9999
1,1921.5933,1557.4893,1557489.2999
1,1921.7112,1557.6072,1557607.1999
1,1921.7721,1557.6681,1557668.0999
1,1921.7769,1557.6729,1557672.8999
1,1922.7612,1558.6572,1558657.1999
1,1922.7725,1558.6685,1558668.4999
1,1922.8338,1558.7298,1558729.7999
1,1923.3769,1559.2729,1559272.8999
1,1923.5479,1559.4439,1559443.8999
1,1923.5933,1559.4893,1559489.2999
1,1923.6599,1559.5559,1559555.8999
1,1923.7925,1559.6885,1559688.4999
1,1923.8028,1559.6988,1559698.7999
1,1923.8309,1559.7269,1559726.8999
1,1923.8615,1559.7575,1559757.4999
1,1923.9636,1559.8596,1559859.5999
1,1924.0394,1559.9354,1559935.3999
1,1924.1731,1560.0691,1560069.0999
1,1924.8270,1560.7230,1560722.9999
1,1924.8538,1560.7498,1560749.7999
1,1924.8814,1560.7774,1560777.3999
1,1924.8881,1560.7841,1560784.0999
1,1924.8984,1560.7944,1560794.3999
1,1924.9039,1560.7999,1560799.8999
1,1924.9407,1560.8367,1560836.6999
1,1924.9441,1560.8401,1560840.0999
1,1925.3832,1561.2792,1561279.1999
1,1925.5537,1561.4497,1561449.6999
1,1925.5589,1561.4549,1561454.8999
1,1925.7335,1561.6295,1561629.4999
1,1925.8521,1561.7481,1561748.0999
1,1925.8645,1561.7605,1561760.4999
1,1925.8726,1561.7686,1561768.5999
1,1925.8795,1561.7755,1561775.4999
1,1925.9716,1561.8676,1561867.5999
1,1926.0672,1561.9632,1561963.1999
1,1926.0758,1561.9718,1561971.7999
1,1926.1943,1562.0903,1562090.2999
1,1926.2939,1562.1899,1562189.8999
1,1926.3557,1562.2517,1562251.6999
1,1926.3631,1562.2591,1562259.0999
1,1926.4093,1562.3053,1562305.2999
1,1926.5122,1562.4082,1562408.1999
1,1926.5388,1562.4348,1562434.7999
1,1926.5536,1562.4496,1562449.5999
1,1926.5685,1562.4645,1562464.4999
1,1926.6625,1562.5585,1562558.4999
1,1926.8773,1562.7733,1562773.2999
1,1926.9878,1562.8838,1562883.7999
1,1927.1169,1563.0129,1563012.8999
1,1927.1328,1563.0288,1563028.7999
1,1927.4853,1563.3813,1563381.2999
1,1927.8355,1563.7315,1563731.4999
1,1927.9589,1563.8549,1563854.8999
1,1928.0071,1563.9031,1563903.0999
1,1928.9567,1564.8527,1564852.6999
1,1929.9682,1565.8642,1565864.1999
1,1930.2842,1566.1802,1566180.1999
1,1930.3603,1566.2563,1566256.2999
1,1930.7840,1566.6800,1566679.9999
1,1930.8256,1566.7216,1566721.5999
1,1930.9207,1566.8167,1566816.6999
1,1930.9774,1566.8734,1566873.3999
1,1931.1022,1566.9982,1566998.1999
1,1931.5353,1567.4313,1567431.2999
1,1931.6603,1567.5563,1567556.2999
1,1931.9603,1567.8563,1567856.2999
1,1931.9908,1567.8868,1567886.7999
1,1933.0019,1568.8979,1568897.8999
1,1933.1430,1569.0390,1569038.9999
1,1933.2448,1569.1408,1569140.7999
1,1933.9528,1569.8488,1569848.7999
1,1934.8592,1570.7552,1570755.1999
1,1934.9836,1570.8796,1570879.5999
1,1935.0076,1570.9036,1570903.5999
1,1935.0528,1570.9488,1570948.7999
1,1935.1145,1571.0105,1571010.4999
1,1935.1616,1571.0576,1571057.5999
1,1935.4481,1571.3441,1571344.0999
1,1935.7295,1571.6255,1571625.4999
1,1935.7848,1571.6808,1571680.7999
1,1935.9108,1571.8068,1571806.7999
1,1935.9467,1571.8427,1571842.6999
1,1936.1017,1571.9977,1571997.6999
1,1936.3507,1572.2467,1572246.6999
1,1936.8271,1572.7231,1572723.0999
1,1937.0523,1572.9483,1572948.2999
1,1937.7119,1573.6079,1573607.8999
1,1937.9397,1573.8357,1573835.6999
1,1938.0058,1573.9018,1573901.7999
1,1938.1883,1574.0843,1574084.2999
1,1938.2545,1574.1505,1574150.4999
1,1938.3663,1574.2623,1574262.2999
1,1938.9593,1574.8553,1574855.2999
1,1939.8103,1575.7063,1575706.2999
1,1939.9179,1575.8139,1575813.8999
1,1939.9837,1575.8797,1575879.6999
1,1940.0422,1575.9382,1575938.1999
1,1940.1174,1576.0134,1576013.3999
1,1940.8479,1576.7439,1576743.8999
1,1941.1723,1577.0683,1577068.2999
1,1941.9995,1577.8955,1577895.4999
1,1942.4454,1578.3414,1578341.3999
1,1942.5066,1578.4026,1578402.5999
1,1942.7960,1578.6920,1578691.9999
1,1942.8157,1578.7117,1578711.6999
1,1945.1561,1581.0521,1581052.0999
1,1945.1964,1581.0924,1581092.3999
1,1945.2604,1581.1564,1581156.3999
1,1945.2912,1581.1872,1581187.1999
1,1945.3729,1581.2689,1581268.8999
1,1946.1474,1582.0434,1582043.3999
1,1946.4967,1582.3927,1582392.6999
1,1946.5803,1582.4763,1582476.2999
1,1947.5877,1583.4837,1583483.6999
1,1947.5951,1583.4911,1583491.0999
1,1947.9905,1583.8865,1583886.4999
1,1948.5305,1584.4265,1584426.4999
1,1948.5763,1584.4723,1584472.2999
1,1948.9921,1584.8881,1584888.0999
1,1949.6899,1585.5859,1585585.8999
1,1949.8386,1585.7346,1585734.5999
1,1950.1702,1586.0662,1586066.1999
1,1950.2519,1586.1479,1586147.8999
1,1950.2574,1586.1534,1586153.3999
1,1950.6424,1586.5384,1586538.3999
1,1950.6822,1586.5782,1586578.1999
1,1951.0251,1586.9211,1586921.0999
1,1951.1477,1587.0437,1587043.6999
1,1951.1848,1587.0808,1587080.7999
1,1951.5812,1587.4772,1587477.1999
1,1951.6426,1587.5386,1587538.5999
1,1951.8140,1587.7100,1587709.9999
1,1952.0337,1587.9297,1587929.6999
1,1952.2296,1588.1256,1588125.5999
1,1952.5433,1588.4393,1588439.2999
1,1952.7400,1588.6360,1588635.9999
1,1952.9082,1588.8042,1588804.1999
1,1953.5287,1589.4247,1589424.6999
1,1953.7455,1589.6415,1589641.4999
1,1953.7722,1589.6682,1589668.1999
1,1953.8667,1589.7627,1589762.6999
1,1954.0067,1589.9027,1589902.6999
1,1954.7769,1590.6729,1590672.8999
1,1954.9535,1590.8495,1590849.4999
1,1955.8987,1591.7947,1591794.6999
1,1956.0402,1591.9362,1591936.1999
1,1956.0902,1591.9862,1591986.1999
1,1956.1870,1592.0830,1592082.9999
1,1956.2799,1592.1759,1592175.8999
1,1956.2830,1592.1790,1592178.9999
1,1956.4790,1592.3750,1592374.9999
1,1957.1522,1593.0482,1593048.1999
1,1957.3198,1593.2158,1593215.7999
1,1957.6546,1593.5506,1593550.5999
1,1959.1263,1595.0223,1595022.2999
1,1959.5098,1595.4058,1595405.7999
1,1959.8507,1595.7467,1595746.6999
1,1960.3977,1596.2937,1596293.6999
1,1960.5467,1596.4427,1596442.6999
1,1961.2923,1597.1883,1597188.2999
1,1961.3211,1597.2171,1597217.0999
1,1962.2151,1598.1111,1598111.0999
1,1962.3013,1598.1973,1598197.2999
1,1962.3300,1598.2260,1598225.9999
1,1962.9799,1598.8759,1598875.8999
1,1963.0791,1598.9751,1598975.0999
1,1963.3204,1599.2164,1599216.3999
1,1963.9535,1599.8495,1599849.4999
1,1964.0885,1599.9845,1599984.4999
1,1964.1176,1600.0136,1600013.5999
1,1964.4277,1600.3237,1600323.6999
1,1964.5824,1600.4784,1600478.3999
1,1964.7260,1600.6220,1600621.9999
1,1965.1704,1601.0664,1601066.3999
1,1965.1821,1601.0781,1601078.0999
1,1965.2099,1601.1059,1601105.8999
1,1965.2200,1601.1160,1601115.9999
1,1965.2278,1601.1238,1601123.7999
1,1965.5228,1601.4188,1601418.7999
1,1965.6975,1601.5935,1601593.4999
1,1965.8156,1601.7116,1601711.5999
1,1965.9505,1601.8465,1601846.4999
1,1966.1222,1602.0182,1602018.1999
1,1966.4557,1602.3517,1602351.6999
1,1966.6235,1602.5195,1602519.4999
1,1967.5228,1603.4188,1603418.7999
1,1967.5983,1603.4943,1603494.2999
1,1967.7443,1603.6403,1603640.2999
1,1967.7740,1603.6700,1603669.9999
1,1967.8969,1603.7929,1603792.8999
1,1968.0615,1603.9575,1603957.4999
1,1968.0636,1603.9596,1603959.5999
1,1968.5331,1604.4291,1604429.0999
1,1968.6388,1604.5348,1604534.7999
1,1968.6721,1604.5681,1604568.0999
1,1969.0594,1604.9554,1604955.3999
1,1969.0789,1604.9749,1604974.8999
1,1969.0839,1604.9799,1604979.8999
1,1969.1069,1605.0029,1605002.8999
1,1969.1143,1605.0103,1605010.2999
1,1969.4142,1605.3102,1605310.1999
1,1969.4328,1605.3288,1605328.7999
1,1969.7644,1605.6604,1605660.3999
1,1969.8866,1605.7826,1605782.5999
1,1969.9395,1605.8355,1605835.4999
1,1970.0574,1605.9534,1605953.3999
1,1970.1127,1606.0087,1606008.6999
1,1970.1280,1606.0240,1606023.9999
1,1970.1764,1606.0724,1606072.3999
1,1970.2199,1606.1159,1606115.8999
1,1970.3627,1606.2587,1606258.6999
1,1970.5527,1606.4487,1606448.6999
1,1970.6693,1606.5653,1606565.2999
1,1970.7456,1606.6416,1606641.5999
1,1970.8415,1606.7375,1606737.4999
1,1970.8647,1606.7607,1606760.6999
1,1971.8649,1607.7609,1607760.8999
1,1972.8795,1608.7755,1608775.4999
1,1973.0010,1608.8970,1608896.9999
1,1973.0977,1608.9937,1608993.6999
1,1973.1689,1609.0649,1609064.8999
1,1973.3512,1609.2472,1609247.1999
1,1973.5007,1609.3967,1609396.6999
1,1973.8439,1609.7399,1609739.8999
1,1973.9102,1609.8062,1609806.1999
1,1974.3425,1610.2385,1610238.4999
1,1974.4011,1610.2971,1610297.0999
1,1974.5164,1610.4124,1610412.3999
1,1975.1867,1611.0827,1611082.6999
1,1975.7992,1611.6952,1611695.1999
1,1975.9220,1611.8180,1611817.9999
1,1976.3315,1612.2275,1612227.4999
1,1976.3875,1612.2835,1612283.4999
1,1976.5541,1612.4501,1612450.0999
1,1976.5630,1612.4590,1612458.9999
1,1976.7600,1612.6560,1612655.9999
1,1976.8294,1612.7254,1612725.3999
1,1976.8652,1612.7612,1612761.1999
1,1977.5291,1613.4251,1613425.0999
1,1978.0372,1613.9332,1613933.1999
1,1978.3364,1614.2324,1614232.3999
1,1978.4223,1614.3183,1614318.2999
1,1978.5154,1614.4114,1614411.3999
1,1978.8129,1614.7089,1614708.8999
1,1978.9622,1614.8582,1614858.1999
1,1979.1378,1615.0338,1615033.7999
1,1979.1482,1615.0442,1615044.1999
1,1979.2524,1615.1484,1615148.3999
1,1979.3163,1615.2123,1615212.2999
1,1979.3230,1615.2190,1615218.9999
1,1979.4472,1615.3432,1615343.1999
1,1979.4689,1615.3649,1615364.8999
1,1979.6422,1615.5382,1615538.1999
1,1979.6525,1615.5485,1615548.4999
1,1979.6967,1615.5927,1615592.6999
1,1980.0353,1615.9313,1615931.2999
1,1980.1683,1616.0643,1616064.2999
1,1980.7420,1616.6380,1616637.9999
1,1981.0700,1616.9660,1616965.9999
1,1981.4400,1617.3360,1617335.9999
1,1981.4420,1617.3380,1617337.9999
1,1981.4527,1617.3487,1617348.6999
1,1981.4545,1617.3505,1617350.4999
1,1981.4565,1617.3525,1617352.4999
1,1981.4605,1617.3565,1617356.4999
1,1981.4624,1617.3584,1617358.3999
1,1982.2136,1618.1096,1618109.5999
1,1982.7446,1618.6406,1618640.5999
1,1982.9389,1618.8349,1618834.8999
1,1982.9448,1618.8408,1618840.7999
1,1983.0182,1618.9142,1618914.1999
1,1983.0473,1618.9433,1618943.2999
1,1983.0734,1618.9694,1618969.3999
1,1983.6946,1619.5906,1619590.5999
1,1983.9315,1619.8275,1619827.4999
1,1984.1289,1620.0249,1620024.8999
1,1984.1355,1620.0315,1620031.4999
1,1984.1751,1620.0711,1620071.0999
1,1984.1892,1620.0852,1620085.1999
1,1984.2061,1620.1021,1620102.0999
1,1984.3825,1620.2785,1620278.4999
1,1985.4853,1621.3813,1621381.2999
1,1986.1702,1622.0662,1622066.1999
1,1986.7767,1622.6727,1622672.6999
1,1987.1960,1623.0920,1623091.9999
1,1987.2442,1623.1402,1623140.1999
1,1987.4674,1623.3634,1623363.3999
1,1987.7291,1623.6251,1623625.0999
1,1989.5315,1625.4275,1625427.4999
1,1989.6853,1625.5813,1625581.2999
1,1989.7772,1625.6732,1625673.1999
1,1989.9934,1625.8894,1625889.3999
1,1990.0810,1625.9770,1625976.9999
1,1990.0913,1625.9873,1625987.2999
1,1990.5420,1626.4380,1626437.9999
1,1990.5448,1626.4408,1626440.7999
1,1990.6185,1626.5145,1626514.4999
1,1992.1046,1628.0006,1628000.5999
1,1992.1434,1628.0394,1628039.3999
1,1992.1776,1628.0736,1628073.5999
1,1992.4983,1628.3943,1628394.2999
1,1992.7183,1628.6143,1628614.2999
1,1992.7919,1628.6879,1628687.8999
1,1992.9117,1628.8077,1628807.6999
1,1993.0244,1628.9204,1628920.3999
1,1993.1290,1629.0250,1629024.9999
1,1993.7134,1629.6094,1629609.3999
1,1993.8219,1629.7179,1629717.8999
1,1993.9852,1629.8812,1629881.1999
1,1994.0512,1629.9472,1629947.1999
1,1994.3523,1630.2483,1630248.2999
1,1994.6590,1630.5550,1630554.9999
1,1994.7368,1630.6328,1630632.7999
1,1995.0076,1630.9036,1630903.5999
1,1995.0993,1630.9953,1630995.2999
1,1997.1896,1633.0856,1633085.5999
1,1997.3626,1633.2586,1633258.5999
1,1998.3940,1634.2900,1634289.9999
1,1998.6186,1634.5146,1634514.5999
1,1998.8365,1634.7325,1634732.4999
1,1998.8746,1634.7706,1634770.5999
1,1999.0255,1634.9215,1634921.4999
1,1999.3672,1635.2632,1635263.1999
1,1999.5398,1635.4358,1635435.7999
1,1999.6415,1635.5375,1635537.4999
1,1999.6479,1635.5439,1635543.8999
1,1999.6921,1635.5881,1635588.0999
1,1999.8295,1635.7255,1635725.4999
1,1999.8539,1635.7499,1635749.8999
1,2000.1046,1636.0006,1636000.5999
1,2000.1253,1636.0213,1636021.2999
1,2000.2886,1636.1846,1636184.5999
1,2000.7056,1636.6016,1636601.5999
1,2000.9323,1636.8283,1636828.2999
1,2000.9555,1636.8515,1636851.4999
1,2000.9840,1636.8800,1636879.9999
1,2001.0730,1636.9690,1636968.9999
1,2001.1555,1637.0515,1637051.4999
1,2001.2396,1637.1356,1637135.5999
1,2001.2967,1637.1927,1637192.6999
1,2001.3321,1637.2281,1637228.0999
1,2001.4177,1637.3137,1637313.6999
1,2001.4814,1637.3774,1637377.3999
1,2001.6759,1637.5719,1637571.8999
1,2001.8867,1637.7827,1637782.6999
1,2002.0450,1637.9410,1637940.9999
1,2002.3649,1638.2609,1638260.8999
1,2002.5994,1638.4954,1638495.3999
1,2003.2255,1639.1215,1639121.4999
1,2003.2357,1639.1317,1639131.6999
1,2003.3166,1639.2126,1639212.5999
1,2003.4903,1639.3863,1639386.2999
1,2003.8085,1639.7045,1639704.4999
1,2004.8868,1640.7828,1640782.7999
1,2005.1599,1641.0559,1641055.8999
1,2005.3097,1641.2057,1641205.6999
1,2005.3794,1641.2754,1641275.3999
1,2005.4364,1641.3324,1641332.3999
1,2005.6390,1641.5350,1641534.9999
1,2006.0488,1641.9448,1641944.7999
1,2006.0599,1641.9559,1641955.8999
1,2006.0851,1641.9811,1641981.0999
1,2006.1025,1641.9985,1641998.4999
1,2006.1277,1642.0237,1642023.6999
1,2006.2185,1642.1145,1642114.4999
1,2006.4581,1642.3541,1642354.0999
1,2007.0870,1642.9830,1642982.9999
1,2007.3701,1643.2661,1643266.0999
1,2007.7124,1643.6084,1643608.3999
1,2007.8493,1643.7453,1643745.2999
1,2008.2180,1644.1140,1644113.9999
1,2008.3418,1644.2378,1644237.7999
1,2008.8101,1644.7061,1644706.0999
1,2008.9120,1644.8080,1644807.9999
1,2009.5104,1645.4064,1645406.3999
1,2009.5317,1645.4277,1645427.6999
1,2009.7453,1645.6413,1645641.2999
1,2009.7939,1645.6899,1645689.8999
1,2010.3196,1646.2156,1646215.5999
1,2010.5367,1646.4327,1646432.6999
1,2010.6328,1646.5288,1646528.7999
1,2010.9539,1646.8499,1646849.8999
1,2011.1307,1647.0267,1647026.6999
1,2011.5608,1647.4568,1647456.7999
1,2011.8993,1647.7953,1647795.2999
1,2012.0226,1647.9186,1647918.5999
1,2012.0867,1647.9827,1647982.6999
1,2012.3258,1648.2218,1648221.7999
1,2012.5738,1648.4698,1648469.7999
1,2012.6570,1648.5530,1648552.9999
1,2012.6911,1648.5871,1648587.0999
1,2013.5532,1649.4492,1649449.1999
1,2013.5948,1649.4908,1649490.7999
1,2013.8277,1649.7237,1649723.6999
1,2013.9645,1649.8605,1649860.4999
1,2014.0448,1649.9408,1649940.7999
1,2014.3152,1650.2112,1650211.1999
1,2014.5285,1650.4245,1650424.4999
1,2014.7176,1650.6136,1650613.5999
1,2015.0253,1650.9213,1650921.2999
1,2015.1201,1651.0161,1651016.0999
1,2015.1478,1651.0438,1651043.7999
1,2015.1533,1651.0493,1651049.2999
1,2015.3369,1651.2329,1651232.8999
1,2015.3386,1651.2346,1651234.5999
1,2015.3894,1651.2854,1651285.3999
1,2015.5240,1651.4200,1651419.9999
1,2015.6002,1651.4962,1651496.1999
1,2015.6488,1651.5448,1651544.7999
1,2015.7001,1651.5961,1651596.0999
1,2015.8500,1651.7460,1651745.9999
1,2016.0300,1651.9260,1651925.9999
1,2016.1398,1652.0358,1652035.7999
1,2016.2307,1652.1267,1652126.6999
1,2016.2922,1652.1882,1652188.1999
1,2016.3900,1652.2860,1652285.9999
1,2016.5043,1652.4003,1652400.2999
1,2016.5233,1652.4193,1652419.2999
1,2016.6001,1652.4961,1652496.0999
1,2016.9841,1652.8801,1652880.0999
1,2017.2018,1653.0978,1653097.7999
1,2017.2108,1653.1068,1653106.7999
1,2017.3826,1653.2786,1653278.5999
1,2017.4452,1653.3412,1653341.1999
1,2017.4731,1653.3691,1653369.0999
1,2018.0614,1653.9574,1653957.3999
1,2018.2110,1654.1070,1654106.9999
1,2018.4621,1654.3581,1654358.0999
1,2018.4685,1654.3645,1654364.4999
1,2018.5307,1654.4267,1654426.6999
1,2018.8188,1654.7148,1654714.7999
1,2018.9128,1654.8088,1654808.7999
1,2018.9179,1654.8139,1654813.8999
1,2019.1180,1655.0140,1655013.9999
1,2019.9628,1655.8588,1655858.7999
1,2020.1287,1656.0247,1656024.6999
1,2020.1704,1656.0664,1656066.3999
1,2022.5261,1658.4221,1658422.0999
1,2023.0313,1658.9273,1658927.2999
1,2023.2178,1659.1138,1659113.7999
1,2023.3130,1659.2090,1659208.9999
1,2023.3173,1659.2133,1659213.2999
1,2025.3769,1661.2729,1661272.8999
1,2025.8049,1661.7009,1661700.8999
1,2025.8599,1661.7559,1661755.8999
1,2025.8843,1661.7803,1661780.2999
1,2025.9392,1661.8352,1661835.1999
1,2025.9681,1661.8641,1661864.0999
1,2026.0617,1661.9577,1661957.6999
1,2026.1976,1662.0936,1662093.5999
1,2026.2155,1662.1115,1662111.4999
1,2026.3548,1662.2508,1662250.7999
1,2026.5561,1662.4521,1662452.0999
1,2026.7318,1662.6278,1662627.7999
1,2026.9170,1662.8130,1662812.9999
1,2027.0801,1662.9761,1662976.0999
1,2027.2524,1663.1484,1663148.3999
1,2027.3357,1663.2317,1663231.6999
1,2027.7804,1663.6764,1663676.3999
1,2028.2389,1664.1349,1664134.8999
1,2028.3446,1664.2406,1664240.5999
1,2028.3728,1664.2688,1664268.7999
1,2028.9559,1664.8519,1664851.8999
1,2029.0681,1664.9641,1664964.0999
1,2029.2254,1665.1214,1665121.3999
1,2029.2593,1665.1553,1665155.2999
1,2029.9102,1665.8062,1665806.1999
1,2030.1961,1666.0921,1666092.0999
1,2030.7097,1666.6057,1666605.6999
1,2030.9822,1666.8782,1666878.1999
1,2031.3258,1667.2218,1667221.7999
1,2031.3962,1667.2922,1667292.1999
1,2031.5321,1667.4281,1667428.0999
1,2031.6509,1667.5469,1667546.8999
1,2031.7239,1667.6199,1667619.8999
1,2031.8134,1667.7094,1667709.3999
1,2031.8318,1667.7278,1667727.7999
1,2032.4973,1668.3933,1668393.2999
1,2032.5344,1668.4304,1668430.3999
1,2032.8818,1668.7778,1668777.7999
1,2033.0292,1668.9252,1668925.1999
1,2033.7677,1669.6637,1669663.6999
1,2033.9969,1669.8929,1669892.8999
1,2034.3844,1670.2804,1670280.3999
1,2034.5414,1670.4374,1670437.3999
1,2036.5930,1672.4890,1672488.9999
1,2036.7891,1672.6851,1672685.0999
1,2036.8105,1672.7065,1672706.4999
1,2037.2707,1673.1667,1673166.6999
1,2037.2729,1673.1689,1673168.8999
1,2037.2843,1673.1803,1673180.2999
1,2037.2924,1673.1884,1673188.3999
1,2037.3437,1673.2397,1673239.6999
1,2037.5530,1673.4490,1673448.9999
1,2037.5944,1673.4904,1673490.3999
1,2037.7982,1673.6942,1673694.1999
1,2038.0419,1673.9379,1673937.8999
1,2038.9700,1674.8660,1674865.9999
1,2039.1049,1675.0009,1675000.8999
1,2039.2133,1675.1093,1675109.2999
1,2039.2719,1675.1679,1675167.8999
1,2039.4024,1675.2984,1675298.3999
1,2039.4946,1675.3906,1675390.5999
1,2040.6496,1676.5456,1676545.5999
1,2040.7198,1676.6158,1676615.7999
1,2040.7646,1676.6606,1676660.5999
1,2040.7876,1676.6836,1676683.5999
1,2041.3976,1677.2936,1677293.5999
1,2041.5865,1677.4825,1677482.4999
1,2041.6011,1677.4971,1677497.0999
1,2041.7480,1677.6440,1677643.9999
1,2041.8371,1677.7331,1677733.0999
1,2041.9283,1677.8243,1677824.2999
1,2042.6468,1678.5428,1678542.7999
1,2042.6911,1678.5871,1678587.0999
1,2043.2460,1679.1420,1679141.9999
1,2043.6479,1679.5439,1679543.8999
1,2043.8797,1679.7757,1679775.6999
1,2044.1885,1680.0845,1680084.4999
1,2044.2826,1680.1786,1680178.5999
1,2044.3047,1680.2007,1680200.6999
1,2044.3276,1680.2236,1680223.5999
1,2044.4394,1680.3354,1680335.3999
1,2044.4820,1680.3780,1680377.9999
1,2044.5344,1680.4304,1680430.3999
1,2046.8722,1682.7682,1682768.1999
1,2047.1656,1683.0616,1683061.5999
1,2047.3659,1683.2619,1683261.8999
1,2047.6159,1683.5119,1683511.8999
1,2048.0886,1683.9846,1683984.5999
1,2048.4694,1684.3654,1684365.3999
1,2049.6245,1685.5205,1685520.4999
1,2050.0800,1685.9760,1685975.9999
1,2050.0976,1685.9936,1685993.5999
1,2050.3022,1686.1982,1686198.1999
1,2050.4819,1686.3779,1686377.8999
1,2050.6449,1686.5409,1686540.8999
1,2050.6806,1686.5766,1686576.5999
1,2050.7266,1686.6226,1686622.5999
1,2050.7860,1686.6820,1686681.9999
1,2051.2460,1687.1420,1687141.9999
1,2051.5865,1687.4825,1687482.4999
1,2051.6119,1687.5079,1687507.8999
1,2051.8920,1687.7880,1687787.9999
1,2051.9790,1687.8750,1687874.9999
1,2052.1678,1688.0638,1688063.7999
1,2052.6301,1688.5261,1688526.0999
1,2052.9953,1688.8913,1688891.2999
1,2054.0940,1689.9900,1689989.9999
1,2054.1642,1690.0602,1690060.1999
1,2055.1948,1691.0908,1691090.7999
1,2055.3837,1691.2797,1691279.6999
1,2055.6522,1691.5482,1691548.1999
1,2056.9446,1692.8406,1692840.5999
1,2057.0805,1692.9765,1692976.4999
1,2057.1720,1693.0680,1693067.9999
1,2057.2871,1693.1831,1693183.0999
1,2057.8226,1693.7186,1693718.5999
1,2058.2943,1694.1903,1694190.2999
1,2058.7290,1694.6250,1694624.9999
1,2059.1223,1695.0183,1695018.2999
1,2059.5274,1695.4234,1695423.3999
1,2059.7675,1695.6635,1695663.4999
1,2059.7966,1695.6926,1695692.5999
1,2059.8198,1695.7158,1695715.7999
1,2060.0155,1695.9115,1695911.4999
1,2060.1916,1696.0876,1696087.5999
1,2060.3693,1696.2653,1696265.2999
1,2060.6111,1696.5071,1696507.0999
1,2060.6838,1696.5798,1696579.7999
1,2060.6942,1696.5902,1696590.1999
1,2060.8103,1696.7063,1696706.2999
1,2060.8366,1696.7326,1696732.5999
1,2060.9259,1696.8219,1696821.8999
1,2061.0111,1696.9071,1696907.0999
1,2061.1403,1697.0363,1697036.2999
1,2061.2899,1697.1859,1697185.8999
1,2061.2929,1697.1889,1697188.8999
1,2061.3034,1697.1994,1697199.3999
1,2061.5106,1697.4066,1697406.5999
1,2061.6210,1697.5170,1697516.9999
1,2061.8081,1697.7041,1697704.0999
1,2061.8484,1697.7444,1697744.3999
1,2061.8686,1697.7646,1697764.5999
1,2061.8770,1697.7730,1697772.9999
1,2061.8841,1697.7801,1697780.0999
1,2061.8952,1697.7912,1697791.1999
1,2061.9066,1697.8026,1697802.5999
1,2061.9454,1697.8414,1697841.3999
1,2062.0019,1697.8979,1697897.8999
1,2062.0592,1697.9552,1697955.1999
1,2062.1050,1698.0010,1698000.9999
1,2062.1206,1698.0166,1698016.5999
1,2062.1236,1698.0196,1698019.5999
1,2062.1546,1698.0506,1698050.5999
1,2062.1742,1698.0702,1698070.1999
1,2062.2007,1698.0967,1698096.6999
1,2062.3084,1698.2044,1698204.3999
1,2062.3280,1698.2240,1698223.9999
1,2062.3357,1698.2317,1698231.6999
1,2062.3384,1698.2344,1698234.3999
1,2062.4035,1698.2995,1698299.4999
1,2062.6410,1698.5370,1698536.9999
1,2062.7039,1698.5999,1698599.8999
1,2062.8378,1698.7338,1698733.7999
1,2062.8417,1698.7377,1698737.6999
1,2062.8509,1698.7469,1698746.8999
1,2062.8558,1698.7518,1698751.7999
1,2062.9094,1698.8054,1698805.3999
1,2063.1114,1699.0074,1699007.3999
1,2063.1173,1699.0133,1699013.2999
1,2063.1536,1699.0496,1699049.5999
1,2063.2989,1699.1949,1699194.8999
1,2063.3719,1699.2679,1699267.8999
1,2063.4700,1699.3660,1699365.9999
1,2063.4834,1699.3794,1699379.3999
1,2063.8547,1699.7507,1699750.6999
1,2064.0409,1699.9369,1699936.8999
1,2064.0814,1699.9774,1699977.3999
1,2064.0949,1699.9909,1699990.8999
1,2064.1719,1700.0679,1700067.8999
1,2064.2524,1700.1484,1700148.3999
1,2065.2785,1701.1745,1701174.4999
1,2065.7160,1701.6120,1701611.9999
1,2065.8290,1701.7250,1701724.9999
1,2065.8329,1701.7289,1701728.8999
1,2065.8718,1701.7678,1701767.7999
1,2065.9017,1701.7977,1701797.6999
1,2065.9163,1701.8123,1701812.2999
1,2066.0172,1701.9132,1701913.1999
1,2066.1757,1702.0717,1702071.6999
1,2066.5114,1702.4074,1702407.3999
1,2066.5484,1702.4444,1702444.3999
1,2066.6368,1702.5328,1702532.7999
1,2066.6940,1702.5900,1702589.9999
1,2066.7061,1702.6021,1702602.0999
1,2066.7420,1702.6380,1702637.9999
1,2067.0093,1702.9053,1702905.2999
1,2067.0649,1702.9609,1702960.8999
1,2067.2315,1703.1275,1703127.4999
1,2067.3797,1703.2757,1703275.6999
1,2067.7649,1703.6609,1703660.8999
1,2067.8130,1703.7090,1703708.9999
1,2068.3228,1704.2188,1704218.7999
1,2068.5461,1704.4421,1704442.0999
1,2068.6020,1704.4980,1704497.9999
1,2068.6581,1704.5541,1704554.0999
1,2069.0604,1704.9564,1704956.3999
1,2069.0805,1704.9765,1704976.4999
1,2069.0968,1704.9928,1704992.7999
1,2069.1007,1704.9967,1704996.6999
1,2069.2033,1705.0993,1705099.2999
1,2069.2306,1705.1266,1705126.5999
1,2069.2523,1705.1483,1705148.2999
1,2069.4075,1705.3035,1705303.4999
1,2069.4374,1705.3334,1705333.3999
1,2069.5008,1705.3968,1705396.7999
1,2069.5423,1705.4383,1705438.2999
1,2070.1457,1706.0417,1706041.6999
1,2070.2964,1706.1924,1706192.3999
1,2070.2994,1706.1954,1706195.3999
1,2070.3631,1706.2591,1706259.0999
1,2070.6661,1706.5621,1706562.0999
1,2070.6893,1706.5853,1706585.2999
1,2070.7236,1706.6196,1706619.5999
1,2071.0334,1706.9294,1706929.3999
1,2071.0826,1706.9786,1706978.5999
1,2071.1229,1707.0189,1707018.8999
1,2071.1937,1707.0897,1707089.6999
1,2071.5243,1707.4203,1707420.2999
1,2071.9791,1707.8751,1707875.0999
1,2072.3719,1708.2679,1708267.8999
1,2072.8219,1708.7179,1708717.8999
1,2072.8584,1708.7544,1708754.3999
1,2073.3772,1709.2732,1709273.1999
1,2073.4975,1709.3935,1709393.4999
1,2073.8042,1709.7002,1709700.1999
1,2073.9082,1709.8042,1709804.1999
1,2074.1281,1710.0241,1710024.0999
1,2074.6629,1710.5589,1710558.8999
1,2074.8614,1710.7574,1710757.3999
1,2074.8846,1710.7806,1710780.5999
1,2075.3556,1711.2516,1711251.5999
1,2075.4109,1711.3069,1711306.8999
1,2075.6765,1711.5725,1711572.4999
1,2075.8770,1711.7730,1711772.9999
1,2075.9171,1711.8131,1711813.0999
1,2075.9474,1711.8434,1711843.3999
1,2076.0413,1711.9373,1711937.2999
1,2076.4687,1712.3647,1712364.6999
1,2076.7671,1712.6631,1712663.0999
1,2077.0692,1712.9652,1712965.1999
1,2077.3069,1713.2029,1713202.8999
1,2077.7590,1713.6550,1713654.9999
1,2077.9702,1713.8662,1713866.1999
1,2080.6272,1716.5232,1716523.1999
1,2080.7098,1716.6058,1716605.7999
1,2081.1461,1717.0421,1717042.0999
1,2081.6821,1717.5781,1717578.0999
1,2081.9374,1717.8334,1717833.3999
1,2081.9394,1717.8354,1717835.3999
1,2081.9494,1717.8454,1717845.3999
1,2081.9534,1717.8494,1717849.3999
1,2082.0573,1717.9533,1717953.2999
1,2082.2896,1718.1856,1718185.5999
1,2082.3079,1718.2039,1718203.8999
1,2083.8036,1719.6996,1719699.5999
1,2083.8397,1719.7357,1719735.6999
1,2084.5490,1720.4450,1720444.9999
1,2084.8779,1720.7739,1720773.8999
1,2085.0488,1720.9448,1720944.7999
1,2085.2292,1721.1252,1721125.1999
1,2085.2353,1721.1313,1721131.2999
1,2085.2998,1721.1958,1721195.7999
1,2085.3164,1721.2124,1721212.3999
1,2085.3926,1721.2886,1721288.5999
1,2085.9938,1721.8898,1721889.7999
1,2086.3458,1722.2418,1722241.7999
1,2086.3808,1722.2768,1722276.7999
1,2086.4188,1722.3148,1722314.7999
1,2086.5848,1722.4808,1722480.7999
1,2086.6584,1722.5544,1722554.3999
1,2086.7778,1722.6738,1722673.7999
1,2086.8166,1722.7126,1722712.5999
1,2086.8455,1722.7415,1722741.4999
1,2086.9631,1722.8591,1722859.0999
1,2087.0627,1722.9587,1722958.6999
1,2087.5579,1723.4539,1723453.8999
1,2088.0386,1723.9346,1723934.5999
1,2088.0701,1723.9661,1723966.0999
1,2088.3218,1724.2178,1724217.7999
1,2088.3382,1724.2342,1724234.1999
1,2088.9713,1724.8673,1724867.2999
1,2089.4052,1725.3012,1725301.1999
1,2089.4982,1725.3942,1725394.1999
1,2090.6149,1726.5109,1726510.8999
1,2090.6718,1726.5678,1726567.7999
1,2090.8060,1726.7020,1726701.9999
1,2091.0270,1726.9230,1726922.9999
1,2092.0022,1727.8982,1727898.1999
1,2092.0785,1727.9745,1727974.4999
1,2093.0770,1728.9730,1728972.9999
1,2093.2964,1729.1924,1729192.3999
1,2093.4606,1729.3566,1729356.5999
1,2093.4686,1729.3646,1729364.5999
1,2094.6566,1730.5526,1730552.5999
1,2094.7271,1730.6231,1730623.0999
1,2094.8231,1730.7191,1730719.0999
1,2094.8769,1730.7729,1730772.8999
1,2095.2942,1731.1902,1731190.1999
1,2095.8863,1731.7823,1731782.2999
1,2095.9281,1731.8241,1731824.0999
1,2095.9547,1731.8507,1731850.6999
1,2095.9782,1731.8742,1731874.1999
1,2096.1815,1732.0775,1732077.4999
1,2096.2219,1732.1179,1732117.8999
1,2096.2299,1732.1259,1732125.8999
1,2096.2346,1732.1306,1732130.5999
1,2096.6756,1732.5716,1732571.5999
1,2099.6744,1735.5704,1735570.3999
1,2099.7255,1735.6215,1735621.4999
1,2099.7838,1735.6798,1735679.7999
1,2100.0148,1735.9108,1735910.7999
1,2100.0994,1735.9954,1735995.3999
1,2100.1834,1736.0794,1736079.3999
1,2100.6176,1736.5136,1736513.5999
1,2100.9002,1736.7962,1736796.1999
1,2100.9043,1736.8003,1736800.2999
1,2101.0392,1736.9352,1736935.1999
1,2101.0916,1736.9876,1736987.5999
1,2101.1082,1737.0042,1737004.1999
1,2101.2167,1737.1127,1737112.6999
1,2101.4891,1737.3851,1737385.0999
1,2101.6898,1737.5858,1737585.7999
1,2101.8929,1737.7889,1737788.8999
1,2102.0155,1737.9115,1737911.4999
1,2102.3398,1738.2358,1738235.7999
1,2102.4811,1738.3771,1738377.0999
1,2102.7938,1738.6898,1738689.7999
1,2102.8602,1738.7562,1738756.1999
1,2103.0541,1738.9501,1738950.0999
1,2103.1091,1739.0051,1739005.0999
1,2103.8832,1739.7792,1739779.1999
1,2103.9265,1739.8225,1739822.4999
1,2104.1573,1740.0533,1740053.2999
1,2104.7730,1740.6690,1740668.9999
1,2104.9889,1740.8849,1740884.8999
1,2105.4062,1741.3022,1741302.1999
1,2106.8229,1742.7189,1742718.8999
1,2107.4240,1743.3200,1743319.9999
1,2107.7149,1743.6109,1743610.8999
1,2108.0034,1743.8994,1743899.3999
1,2109.8076,1745.7036,1745703.5999
1,2111.1443,1747.0403,1747040.2999
1,2111.8849,1747.7809,1747780.8999
1,2112.3959,1748.2919,1748291.8999
1,2113.1199,1749.0159,1749015.8999
1,2113.3139,1749.2099,1749209.8999
1,2113.3417,1749.2377,1749237.6999
1,2113.3547,1749.2507,1749250.6999
1,2113.3700,1749.2660,1749265.9999
1,2113.5227,1749.4187,1749418.6999
1,2113.6186,1749.5146,1749514.5999
1,2113.6827,1749.5787,1749578.6999
1,2113.7160,1749.6120,1749611.9999
1,2114.6453,1750.5413,1750541.2999
1,2114.7351,1750.6311,1750631.0999
1,2114.9803,1750.8763,1750876.2999
1,2115.0212,1750.9172,1750917.1999
1,2115.7522,1751.6482,1751648.1999
1,2115.8077,1751.7037,1751703.6999
1,2117.0616,1752.9576,1752957.5999
1,2117.1037,1752.9997,1752999.6999
1,2117.2785,1753.1745,1753174.4999
1,2117.3719,1753.2679,1753267.8999
1,2117.5883,1753.4843,1753484.2999
1,2118.1071,1754.0031,1754003.0999
1,2118.2960,1754.1920,1754191.9999
1,2118.3292,1754.2252,1754225.1999
1,2118.3831,1754.2791,1754279.0999
1,2118.4076,1754.3036,1754303.5999
1,2118.7020,1754.5980,1754597.9999
1,2118.9334,1754.8294,1754829.3999
1,2119.5003,1755.3963,1755396.2999
1,2119.7532,1755.6492,1755649.1999
1,2119.7717,1755.6677,1755667.6999
1,2119.8025,1755.6985,1755698.4999
1,2120.0936,1755.9896,1755989.5999
1,2120.3275,1756.2235,1756223.4999
1,2120.3614,1756.2574,1756257.3999
1,2120.4621,1756.3581,1756358.0999
1,2120.5782,1756.4742,1756474.1999
1,2120.6191,1756.5151,1756515.0999
1,2120.6643,1756.5603,1756560.2999
1,2120.8177,1756.7137,1756713.6999
1,2120.8433,1756.7393,1756739.2999
1,2120.8701,1756.7661,1756766.0999
1,2120.8798,1756.7758,1756775.7999
1,2120.9580,1756.8540,1756853.9999
1,2121.0202,1756.9162,1756916.1999
1,2121.3890,1757.2850,1757284.9999
1,2121.4602,1757.3562,1757356.1999
1,2121.6981,1757.5941,1757594.0999
1,2121.8808,1757.7768,1757776.7999
1,2121.8912,1757.7872,1757787.1999
1,2122.1120,1758.0080,1758007.9999
1,2122.1679,1758.0639,1758063.8999
1,2122.2044,1758.1004,1758100.3999
1,2122.4547,1758.3507,1758350.6999
1,2122.6355,1758.5315,1758531.4999
1,2122.6740,1758.5700,1758569.9999
1,2122.8630,1758.7590,1758758.9999
1,2123.0678,1758.9638,1758963.7999
1,2123.1689,1759.0649,1759064.8999
1,2123.5786,1759.4746,1759474.5999
1,2123.8329,1759.7289,1759728.8999
1,2123.8441,1759.7401,1759740.0999
1,2124.1795,1760.0755,1760075.4999
1,2124.2019,1760.0979,1760097.8999
1,2124.5257,1760.4217,1760421.6999
1,2124.7477,1760.6437,1760643.6999
1,2124.8391,1760.7351,1760735.0999
1,2124.9680,1760.8640,1760863.9999
1,2125.0191,1760.9151,1760915.0999
1,2125.2741,1761.1701,1761170.0999
1,2125.4049,1761.3009,1761300.8999
1,2125.4358,1761.3318,1761331.7999
1,2125.5677,1761.4637,1761463.6999
1,2125.7850,1761.6810,1761680.9999
1,2125.8448,1761.7408,1761740.7999
1,2126.0355,1761.9315,1761931.4999
1,2126.0849,1761.9809,1761980.8999
1,2126.3489,1762.2449,1762244.8999
1,2126.5114,1762.4074,1762407.3999
1,2126.5298,1762.4258,1762425.7999
1,2126.8741,1762.7701,1762770.0999
1,2126.9579,1762.8539,1762853.8999
1,2127.0052,1762.9012,1762901.1999
1,2127.1950,1763.0910,1763090.9999
1,2127.3104,1763.2064,1763206.3999
1,2127.5955,1763.4915,1763491.4999
1,2127.6549,1763.5509,1763550.8999
1,2127.7514,1763.6474,1763647.3999
1,2127.7899,1763.6859,1763685.8999
1,2128.1922,1764.0882,1764088.1999
1,2128.2580,1764.1540,1764153.9999
1,2128.3193,1764.2153,1764215.2999
1,2128.3454,1764.2414,1764241.3999
1,2128.5668,1764.4628,1764462.7999
1,2128.7483,1764.6443,1764644.2999
1,2128.8315,1764.7275,1764727.4999
1,2128.8949,1764.7909,1764790.8999
1,2129.0794,1764.9754,1764975.3999
1,2129.0858,1764.9818,1764981.7999
1,2129.1562,1765.0522,1765052.1999
1,2129.2031,1765.0991,1765099.0999
1,2129.6295,1765.5255,1765525.4999
1,2129.6725,1765.5685,1765568.4999
1,2129.6956,1765.5916,1765591.5999
1,2129.6979,1765.5939,1765593.8999
1,2130.1593,1766.0553,1766055.2999
1,2130.1613,1766.0573,1766057.2999
1,2130.6479,1766.5439,1766543.8999
1,2130.8242,1766.7202,1766720.1999
1,2130.9111,1766.8071,1766807.0999
1,2131.0579,1766.9539,1766953.8999
1,2131.2356,1767.1316,1767131.5999
1,2131.2982,1767.1942,1767194.1999
1,2131.3444,1767.2404,1767240.3999
1,2131.4006,1767.2966,1767296.5999
1,2131.5548,1767.4508,1767450.7999
1,2131.7002,1767.5962,1767596.1999
1,2131.7908,1767.6868,1767686.7999
1,2131.8196,1767.7156,1767715.5999
1,2131.9842,1767.8802,1767880.1999
1,2132.0909,1767.9869,1767986.8999
1,2132.1857,1768.0817,1768081.6999
1,2132.3508,1768.2468,1768246.7999
1,2132.3687,1768.2647,1768264.6999
1,2132.4053,1768.3013,1768301.2999
1,2132.4301,1768.3261,1768326.0999
1,2132.4473,1768.3433,1768343.2999
1,2132.4587,1768.3547,1768354.6999
1,2132.6795,1768.5755,1768575.4999
1,2132.7241,1768.6201,1768620.0999
1,2132.7618,1768.6578,1768657.7999
1,2132.7648,1768.6608,1768660.7999
1,2132.7821,1768.6781,1768678.0999
1,2132.8023,1768.6983,1768698.2999
1,2132.8188,1768.7148,1768714.7999
1,2132.8213,1768.7173,1768717.2999
1,2132.8386,1768.7346,1768734.5999
1,2132.9970,1768.8930,1768892.9999
1,2133.1509,1769.0469,1769046.8999
1,2133.1583,1769.0543,1769054.2999
1,2133.2019,1769.0979,1769097.8999
1,2133.2262,1769.1222,1769122.1999
1,2133.2283,1769.1243,1769124.2999
1,2133.2493,1769.1453,1769145.2999
1,2133.2707,1769.1667,1769166.6999
1,2133.2906,1769.1866,1769186.5999
1,2133.3048,1769.2008,1769200.7999
1,2133.3752,1769.2712,1769271.1999
1,2133.5289,1769.4249,1769424.8999
1,2133.5597,1769.4557,1769455.6999
1,2133.7706,1769.6666,1769666.5999
1,2133.7871,1769.6831,1769683.0999
1,2133.8280,1769.7240,1769723.9999
1,2133.9245,1769.8205,1769820.4999
1,2133.9934,1769.8894,1769889.3999
1,2134.0027,1769.8987,1769898.6999
1,2134.1419,1770.0379,1770037.8999
1,2134.2443,1770.1403,1770140.2999
1,2134.3995,1770.2955,1770295.4999
1,2134.4603,1770.3563,1770356.2999
1,2134.5505,1770.4465,1770446.4999
1,2134.5864,1770.4824,1770482.3999
1,2134.6678,1770.5638,1770563.7999
1,2134.7169,1770.6129,1770612.8999
1,2134.9219,1770.8179,1770817.8999
1,2135.0908,1770.9868,1770986.7999
1,2135.1791,1771.0751,1771075.0999
1,2135.2604,1771.1564,1771156.3999
1,2135.2993,1771.1953,1771195.2999
1,2135.4088,1771.3048,1771304.7999
1,2135.4493,1771.3453,1771345.2999
1,2135.4874,1771.3834,1771383.3999
1,2135.5755,1771.4715,1771471.4999
1,2135.7217,1771.6177,1771617.6999
1,2135.7444,1771.6404,1771640.3999
1,2135.8228,1771.7188,1771718.7999
1,2135.8836,1771.7796,1771779.5999
1,2135.9201,1771.8161,1771816.0999
1,2136.0258,1771.9218,1771921.7999
1,2136.3878,1772.2838,1772283.7999
1,2136.4253,1772.3213,1772321.2999
1,2136.4315,1772.3275,1772327.4999
1,2136.4372,1772.3332,1772333.1999
1,2136.5237,1772.4197,1772419.6999
1,2136.7188,1772.6148,1772614.7999
1,2136.9665,1772.8625,1772862.4999
1,2137.2042,1773.1002,1773100.1999
1,2137.3820,1773.2780,1773277.9999
1,2137.4208,1773.3168,1773316.7999
1,2137.4392,1773.3352,1773335.1999
1,2137.4472,1773.3432,1773343.1999
1,2137.4732,1773.3692,1773369.1999
1,2137.9241,1773.8201,1773820.0999
1,2137.9851,1773.8811,1773881.0999
1,2138.1486,1774.0446,1774044.5999
1,2138.2470,1774.1430,1774142.9999
1,2138.2615,1774.1575,1774157.4999
1,2138.3195,1774.2155,1774215.4999
1,2138.3377,1774.2337,1774233.6999
1,2138.4512,1774.3472,1774347.1999
1,2138.4852,1774.3812,1774381.1999
1,2138.6260,1774.5220,1774521.9999
1,2138.6659,1774.5619,1774561.8999
1,2138.6931,1774.5891,1774589.0999
1,2138.7025,1774.5985,1774598.4999
1,2138.7064,1774.6024,1774602.3999
1,2139.2280,1775.1240,1775123.9999
1,2139.3115,1775.2075,1775207.4999
1,2139.3720,1775.2680,1775267.9999
1,2139.4173,1775.3133,1775313.2999
1,2139.4569,1775.3529,1775352.8999
1,2139.4685,1775.3645,1775364.4999
1,2139.4710,1775.3670,1775366.9999
1,2139.4905,1775.3865,1775386.4999
1,2139.5042,1775.4002,1775400.1999
1,2139.5182,1775.4142,1775414.1999
1,2139.5295,1775.4255,1775425.4999
1,2139.9038,1775.7998,1775799.7999
1,2139.9301,1775.8261,1775826.0999
1,2140.1310,1776.0270,1776026.9999
1,2140.1888,1776.0848,1776084.7999
1,2140.3891,1776.2851,1776285.0999
1,2140.6934,1776.5894,1776589.3999
1,2140.8231,1776.7191,1776719.0999
1,2140.8683,1776.7643,1776764.2999
1,2140.9921,1776.8881,1776888.0999
1,2141.0680,1776.9640,1776963.9999
1,2141.3131,1777.2091,1777209.0999
1,2141.4119,1777.3079,1777307.8999
1,2141.5026,1777.3986,1777398.5999
1,2141.5615,1777.4575,1777457.4999
1,2141.6156,1777.5116,1777511.5999
1,2143.2624,1779.1584,1779158.3999
1,2143.4901,1779.3861,1779386.0999
1,2143.8297,1779.7257,1779725.6999
1,2143.8524,1779.7484,1779748.3999
1,2143.9188,1779.8148,1779814.7999
1,2143.9345,1779.8305,1779830.4999
1,2144.0312,1779.9272,1779927.1999
1,2144.0642,1779.9602,1779960.1999
1,2144.0753,1779.9713,1779971.2999
1,2144.0957,1779.9917,1779991.6999
1,2144.8318,1780.7278,1780727.7999
1,2145.0485,1780.9445,1780944.4999
1,2145.0708,1780.9668,1780966.7999
1,2145.1383,1781.0343,1781034.2999
1,2145.2532,1781.1492,1781149.1999
1,2145.4854,1781.3814,1781381.3999
1,2145.5193,1781.4153,1781415.2999
1,2145.7064,1781.6024,1781602.3999
1,2145.8277,1781.7237,1781723.6999
1,2145.9097,1781.8057,1781805.6999
1,2146.0921,1781.9881,1781988.0999
1,2146.2703,1782.1663,1782166.2999
1,2146.3482,1782.2442,1782244.1999
1,2146.4251,1782.3211,1782321.0999
1,2146.4687,1782.3647,1782364.6999
1,2146.7332,1782.6292,1782629.1999
1,2146.8063,1782.7023,1782702.2999
1,2146.8453,1782.7413,1782741.2999
1,2146.8582,1782.7542,1782754.1999
1,2146.8987,1782.7947,1782794.6999
1,2147.5659,1783.4619,1783461.8999
1,2147.6180,1783.5140,1783513.9999
1,2147.7407,1783.6367,1783636.6999
1,2148.0805,1783.9765,1783976.4999
1,2148.1120,1784.0080,1784007.9999
1,2148.7992,1784.6952,1784695.1999
1,2148.8519,1784.7479,1784747.8999
1,2148.9025,1784.7985,1784798.4999
1,2149.0320,1784.9280,1784927.9999
1,2149.0567,1784.9527,1784952.6999
1,2149.0878,1784.9838,1784983.7999
1,2149.4245,1785.3205,1785320.4999
1,2149.7191,1785.6151,1785615.0999
1,2149.8514,1785.7474,1785747.3999
1,2149.9300,1785.8260,1785825.9999
1,2149.9339,1785.8299,1785829.8999
1,2149.9462,1785.8422,1785842.1999
1,2149.9619,1785.8579,1785857.8999
1,2150.0672,1785.9632,1785963.1999
1,2151.4647,1787.3607,1787360.6999
1,2151.5567,1787.4527,1787452.6999
1,2152.0236,1787.9196,1787919.5999
1,2152.0992,1787.9952,1787995.1999
1,2152.1378,1788.0338,1788033.7999
1,2152.1967,1788.0927,1788092.6999
1,2152.2338,1788.1298,1788129.7999
1,2152.2807,1788.1767,1788176.6999
1,2152.4602,1788.3562,1788356.1999
1,2152.4954,1788.3914,1788391.3999
1,2152.5183,1788.4143,1788414.2999
1,2152.6589,1788.5549,1788554.8999
1,2152.7620,1788.6580,1788657.9999
1,2153.1632,1789.0592,1789059.1999
1,2153.2758,1789.1718,1789171.7999
1,2153.5848,1789.4808,1789480.7999
1,2153.5880,1789.4840,1789483.9999
1,2153.8818,1789.7778,1789777.7999
1,2154.1365,1790.0325,1790032.4999
1,2155.4936,1791.3896,1791389.5999
1,2155.7533,1791.6493,1791649.2999
1,2156.5890,1792.4850,1792484.9999
1,2156.6252,1792.5212,1792521.1999
1,2157.0593,1792.9553,1792955.2999
1,2157.2795,1793.1755,1793175.4999
1,2157.3203,1793.2163,1793216.2999
1,2157.4570,1793.3530,1793352.9999
1,2157.5226,1793.4186,1793418.5999
1,2157.5542,1793.4502,1793450.1999
1,2157.5728,1793.4688,1793468.7999
1,2157.7705,1793.6665,1793666.4999
1,2157.7777,1793.6737,1793673.6999
1,2157.9119,1793.8079,1793807.8999
1,2158.4039,1794.2999,1794299.8999
1,2158.4724,1794.3684,1794368.3999
1,2158.4873,1794.3833,1794383.2999
1,2158.8688,1794.7648,1794764.7999
1,2158.9303,1794.8263,1794826.2999
1,2158.9668,1794.8628,1794862.7999
1,2159.1229,1795.0189,1795018.8999
1,2159.3761,1795.2721,1795272.0999
1,2159.4237,1795.3197,1795319.6999
1,2159.4266,1795.3226,1795322.5999
1,2159.5539,1795.4499,1795449.8999
1,2159.5567,1795.4527,1795452.6999
1,2159.9736,1795.8696,1795869.5999
1,2160.1423,1796.0383,1796038.2999
1,2160.2883,1796.1843,1796184.2999
1,2160.4335,1796.3295,1796329.4999
1,2160.5036,1796.3996,1796399.5999
1,2160.5574,1796.4534,1796453.3999
1,2160.8132,1796.7092,1796709.1999
1,2160.8170,1796.7130,1796712.9999
1,2160.9050,1796.8010,1796800.9999
1,2160.9067,1796.8027,1796802.6999
1,2160.9148,1796.8108,1796810.7999
1,2161.3431,1797.2391,1797239.0999
1,2162.0282,1797.9242,1797924.1999
1,2162.2875,1798.1835,1798183.4999
1,2162.4173,1798.3133,1798313.2999
1,2162.7453,1798.6413,1798641.2999
1,2162.7773,1798.6733,1798673.2999
1,2162.7937,1798.6897,1798689.6999
1,2163.2054,1799.1014,1799101.3999
1,2163.3029,1799.1989,1799198.8999
1,2163.5753,1799.4713,1799471.2999
1,2163.8102,1799.7062,1799706.1999
1,2163.9290,1799.8250,1799824.9999
1,2164.7722,1800.6682,1800668.1999
1,2165.3987,1801.2947,1801294.6999
1,2165.4315,1801.3275,1801327.4999
1,2165.9794,1801.8754,1801875.3999
1,2166.1798,1802.0758,1802075.7999
1,2166.3806,1802.2766,1802276.5999
1,2166.7902,1802.6862,1802686.1999
1,2166.9013,1802.7973,1802797.2999
1,2166.9920,1802.8880,1802887.9999
1,2167.0708,1802.9668,1802966.7999
1,2167.0753,1802.9713,1802971.2999
1,2167.2504,1803.1464,1803146.3999
1,2167.2693,1803.1653,1803165.2999
1,2167.5004,1803.3964,1803396.3999
1,2167.5214,1803.4174,1803417.3999
1,2167.6625,1803.5585,1803558.4999
1,2167.8468,1803.7428,1803742.7999
1,2168.1182,1804.0142,1804014.1999
1,2168.3572,1804.2532,1804253.1999
1,2168.4662,1804.3622,1804362.1999
1,2168.7201,1804.6161,1804616.0999
1,2168.7970,1804.6930,1804692.9999
1,2169.8972,1805.7932,1805793.1999
1,2170.0093,1805.9053,1805905.2999
1,2170.0539,1805.9499,1805949.8999
1,2170.0917,1805.9877,1805987.6999
1,2170.1678,1806.0638,1806063.7999
1,2170.2615,1806.1575,1806157.4999
1,2170.4653,1806.3613,1806361.2999
1,2170.6471,1806.5431,1806543.0999
1,2170.8765,1806.7725,1806772.4999
1,2171.0018,1806.8978,1806897.7999
1,2171.2844,1807.1804,1807180.3999
1,2171.3733,1807.2693,1807269.2999
1,2171.4772,1807.3732,1807373.1999
1,2171.6817,1807.5777,1807577.6999
1,2171.7466,1807.6426,1807642.5999
1,2171.7951,1807.6911,1807691.0999
1,2172.2913,1808.1873,1808187.2999
1,2172.4643,1808.3603,1808360.2999
1,2172.7678,1808.6638,1808663.7999
1,2173.3204,1809.2164,1809216.3999
1,2173.4400,1809.3360,1809335.9999
1,2173.5531,1809.4491,1809449.0999
1,2173.7412,1809.6372,1809637.1999
1,2173.8596,1809.7556,1809755.5999
1,2173.8632,1809.7592,1809759.1999
1,2173.8880,1809.7840,1809783.9999
1,2174.4308,1810.3268,1810326.7999
1,2175.1802,1811.0762,1811076.1999
1,2175.3552,1811.2512,1811251.1999
1,2175.5609,1811.4569,1811456.8999
1,2175.7530,1811.6490,1811648.9999
1,2175.7628,1811.6588,1811658.7999
1,2175.9298,1811.8258,1811825.7999
1,2175.9412,1811.8372,1811837.1999
1,2175.9617,1811.8577,1811857.6999
1,2176.0488,1811.9448,1811944.7999
1,2176.0704,1811.9664,1811966.3999
1,2176.6678,1812.5638,1812563.7999
1,2176.6909,1812.5869,1812586.8999
1,2176.8453,1812.7413,1812741.2999
1,2176.9691,1812.8651,1812865.0999
1,2176.9839,1812.8799,1812879.8999
1,2177.1677,1813.0637,1813063.6999
1,2177.2252,1813.1212,1813121.1999
1,2177.3674,1813.2634,1813263.3999
1,2177.4074,1813.3034,1813303.3999
1,2177.7384,1813.6344,1813634.3999
1,2177.9776,1813.8736,1813873.5999
1,2178.8324,1814.7284,1814728.3999
1,2179.0489,1814.9449,1814944.8999
1,2179.2815,1815.1775,1815177.4999
1,2179.4721,1815.3681,1815368.0999
1,2179.4989,1815.3949,1815394.8999
1,2179.9082,1815.8042,1815804.1999
1,2180.5000,1816.3960,1816395.9999
1,2180.5232,1816.4192,1816419.1999
1,2180.5849,1816.4809,1816480.8999
1,2180.8393,1816.7353,1816735.2999
1,2180.9415,1816.8375,1816837.4999
1,2181.1324,1817.0284,1817028.3999
1,2181.1847,1817.0807,1817080.6999
1,2181.4740,1817.3700,1817369.9999
1,2181.6660,1817.5620,1817561.9999
1,2182.1764,1818.0724,1818072.3999
1,2182.4148,1818.3108,1818310.7999
1,2182.4312,1818.3272,1818327.1999
1,2182.4721,1818.3681,1818368.0999
1,2182.5753,1818.4713,1818471.2999
1,2182.7367,1818.6327,1818632.6999
1,2184.5373,1820.4333,1820433.2999
1,2184.6047,1820.5007,1820500.6999
1,2184.7039,1820.5999,1820599.8999
1,2185.2274,1821.1234,1821123.3999
1,2186.7964,1822.6924,1822692.3999
1,2186.9762,1822.8722,1822872.1999
1,2187.6299,1823.5259,1823525.8999
1,2187.7955,1823.6915,1823691.4999
1,2188.5598,1824.4558,1824455.7999
1,2189.9203,1825.8163,1825816.2999
1,2190.0629,1825.9589,1825958.8999
1,2190.5003,1826.3963,1826396.2999
1,2192.3837,1828.2797,1828279.6999
1,2192.7412,1828.6372,1828637.1999
1,2192.8192,1828.7152,1828715.1999
1,2193.0756,1828.9716,1828971.5999
1,2193.1048,1829.0008,1829000.7999
1,2193.1146,1829.0106,1829010.5999
1,2193.4154,1829.3114,1829311.3999
1,2193.8429,1829.7389,1829738.8999
1,2194.1043,1830.0003,1830000.2999
1,2194.4216,1830.3176,1830317.5999
1,2194.6011,1830.4971,1830497.0999
1,2195.8009,1831.6969,1831696.8999
1,2195.8138,1831.7098,1831709.7999
1,2196.7756,1832.6716,1832671.5999
1,2196.8798,1832.7758,1832775.7999
1,2196.9358,1832.8318,1832831.7999
1,2197.4146,1833.3106,1833310.5999
1,2197.9032,1833.7992,1833799.1999
1,2198.8421,1834.7381,1834738.0999
1,2199.5856,1835.4816,1835481.5999
1,2199.6608,1835.5568,1835556.7999
1,2200.0799,1835.9759,1835975.8999
1,2200.5225,1836.4185,1836418.4999
1,2200.5493,1836.4453,1836445.2999
1,2200.6893,1836.5853,1836585.2999
1,2200.7253,1836.6213,1836621.2999
1,2201.2031,1837.0991,1837099.0999
1,2201.7258,1837.6218,1837621.7999
1,2201.9291,1837.8251,1837825.0999
1,2201.9691,1837.8651,1837865.0999
1,2202.1483,1838.0443,1838044.2999
1,2203.6089,1839.5049,1839504.8999
1,2204.9514,1840.8474,1840847.3999
1,2205.1254,1841.0214,1841021.3999
1,2205.3044,1841.2004,1841200.3999
1,2205.9677,1841.8637,1841863.6999
1,2206.6760,1842.5720,1842571.9999
1,2206.9653,1842.8613,1842861.2999
1,2207.0615,1842.9575,1842957.4999
1,2207.7526,1843.6486,1843648.5999
1,2207.9128,1843.8088,1843808.7999
1,2208.2024,1844.0984,1844098.3999
1,2208.6928,1844.5888,1844588.7999
1,2208.8436,1844.7396,1844739.5999
1,2208.9722,1844.8682,1844868.1999
1,2209.1313,1845.0273,1845027.2999
1,2209.6398,1845.5358,1845535.7999
1,2209.7716,1845.6676,1845667.5999
1,2210.9452,1846.8412,1846841.1999
1,2211.4032,1847.2992,1847299.1999
1,2211.5556,1847.4516,1847451.5999
1,2212.4640,1848.3600,1848359.9999
1,2212.6572,1848.5532,1848553.1999
1,2212.7142,1848.6102,1848610.1999
1,2213.5007,1849.3967,1849396.6999
1,2213.5522,1849.4482,1849448.1999
1,2213.6282,1849.5242,1849524.1999
1,2213.6826,1849.5786,1849578.5999
1,2215.1175,1851.0135,1851013.4999
1,2215.5538,1851.4498,1851449.7999
1,2215.6043,1851.5003,1851500.2999
1,2216.0081,1851.9041,1851904.0999
1,2216.0485,1851.9445,1851944.4999
1,2216.2175,1852.1135,1852113.4999
1,2216.3314,1852.2274,1852227.3999
1,2216.3398,1852.2358,1852235.7999
1,2216.4192,1852.3152,1852315.1999
1,2216.6156,1852.5116,1852511.5999
1,2216.7745,1852.6705,1852670.4999
1,2217.0124,1852.9084,1852908.3999
1,2217.1554,1853.0514,1853051.3999
1,2217.2463,1853.1423,1853142.2999
1,2217.3394,1853.2354,1853235.3999
1,2217.8950,1853.7910,1853790.9999
1,2217.9205,1853.8165,1853816.4999
1,2218.1073,1854.0033,1854003.2999
1,2218.4451,1854.3411,1854341.0999
1,2218.7770,1854.6730,1854672.9999
1,2218.8004,1854.6964,1854696.3999
1,2218.8259,1854.7219,1854721.8999
1,2218.8670,1854.7630,1854762.9999
1,2218.9060,1854.8020,1854801.9999
1,2218.9213,1854.8173,1854817.2999
1,2218.9824,1854.8784,1854878.3999
1,2219.2484,1855.1444,1855144.3999
1,2219.3091,1855.2051,1855205.0999
1,2220.6128,1856.5088,1856508.7999
1,2221.0929,1856.9889,1856988.8999
1,2221.2076,1857.1036,1857103.5999
1,2221.2403,1857.1363,1857136.2999
1,2221.2893,1857.1853,1857185.2999
1,2221.4891,1857.3851,1857385.0999
1,2221.5768,1857.4728,1857472.7999
1,2221.6874,1857.5834,1857583.3999
1,2222.0164,1857.9124,1857912.3999
1,2222.1292,1858.0252,1858025.1999
1,2222.2041,1858.1001,1858100.0999
1,2222.6873,1858.5833,1858583.2999
1,2222.7445,1858.6405,1858640.4999
1,2222.8694,1858.7654,1858765.3999
1,2222.9490,1858.8450,1858844.9999
1,2223.0826,1858.9786,1858978.5999
1,2223.1764,1859.0724,1859072.3999
1,2223.4456,1859.3416,1859341.5999
1,2223.9611,1859.8571,1859857.0999
1,2225.0723,1860.9683,1860968.2999
1,2225.2675,1861.1635,1861163.4999
1,2225.3552,1861.2512,1861251.1999
1,2225.3881,1861.2841,1861284.0999
1,2225.7421,1861.6381,1861638.0999
1,2225.7698,1861.6658,1861665.7999
1,2225.8212,1861.7172,1861717.1999
1,2225.9063,1861.8023,1861802.2999
1,2226.0345,1861.9305,1861930.4999
1,2226.0789,1861.9749,1861974.8999
1,2226.5410,1862.4370,1862436.9999
1,2227.2139,1863.1099,1863109.8999
1,2227.2282,1863.1242,1863124.1999
1,2227.2693,1863.1653,1863165.2999
1,2227.3212,1863.2172,1863217.1999
1,2227.4642,1863.3602,1863360.1999
1,2227.4674,1863.3634,1863363.3999
1,2227.5116,1863.4076,1863407.5999
1,2227.5217,1863.4177,1863417.6999
1,2227.5331,1863.4291,1863429.0999
1,2227.6582,1863.5542,1863554.1999
1,2227.6798,1863.5758,1863575.7999
1,2227.7051,1863.6011,1863601.0999
1,2227.7158,1863.6118,1863611.7999
1,2227.7258,1863.6218,1863621.7999
1,2227.7908,1863.6868,1863686.7999
1,2228.2894,1864.1854,1864185.3999
1,2228.5250,1864.4210,1864420.9999
1,2228.5711,1864.4671,1864467.0999
1,2229.9756,1865.8716,1865871.5999
1,2230.4977,1866.3937,1866393.6999
1,2230.5233,1866.4193,1866419.2999
1,2230.5339,1866.4299,1866429.8999
1,2230.5814,1866.4774,1866477.3999
1,2231.5505,1867.4465,1867446.4999
1,2231.6046,1867.5006,1867500.5999
1,2232.2005,1868.0965,1868096.4999
1,2232.3444,1868.2404,1868240.3999
1,2232.5162,1868.4122,1868412.1999
1,2232.5912,1868.4872,1868487.1999
1,2232.6575,1868.5535,1868553.4999
1,2232.8807,1868.7767,1868776.6999
1,2232.9272,1868.8232,1868823.1999
1,2233.0219,1868.9179,1868917.8999
1,2233.1219,1869.0179,1869017.8999
1,2233.3484,1869.2444,1869244.3999
1,2233.3852,1869.2812,1869281.1999
1,2233.6039,1869.4999,1869499.8999
1,2233.7238,1869.6198,1869619.7999
1,2233.7503,1869.6463,1869646.2999
1,2233.7760,1869.6720,1869671.9999
1,2233.8647,1869.7607,1869760.6999
1,2233.9746,1869.8706,1869870.5999
1,2234.1533,1870.0493,1870049.2999
1,2234.1633,1870.0593,1870059.2999
1,2234.3791,1870.2751,1870275.0999
1,2234.4119,1870.3079,1870307.8999
1,2234.5117,1870.4077,1870407.6999
1,2234.5907,1870.4867,1870486.6999
1,2234.6170,1870.5130,1870512.9999
1,2234.6278,1870.5238,1870523.7999
1,2234.7725,1870.6685,1870668.4999
1,2234.8992,1870.7952,1870795.1999
1,2234.9405,1870.8365,1870836.4999
1,2235.0966,1870.9926,1870992.5999
1,2235.1420,1871.0380,1871037.9999
1,2235.1439,1871.0399,1871039.8999
1,2235.2139,1871.1099,1871109.8999
1,2235.2546,1871.1506,1871150.5999
1,2235.2783,1871.1743,1871174.2999
1,2235.3027,1871.1987,1871198.6999
1,2235.4586,1871.3546,1871354.5999
1,2235.4829,1871.3789,1871378.8999
1,2235.4912,1871.3872,1871387.1999
1,2235.6768,1871.5728,1871572.7999
1,2236.5473,1872.4433,1872443.2999
1,2236.5493,1872.4453,1872445.2999
1,2236.7668,1872.6628,1872662.7999
1,2236.8569,1872.7529,1872752.8999
1,2237.0174,1872.9134,1872913.3999
1,2237.0488,1872.9448,1872944.7999
1,2237.0734,1872.9694,1872969.3999
1,2237.2267,1873.1227,1873122.6999
1,2237.6996,1873.5956,1873595.5999
1,2237.7462,1873.6422,1873642.1999
1,2237.8964,1873.7924,1873792.3999
1,2237.9156,1873.8116,1873811.5999
1,2238.0991,1873.9951,1873995.0999
1,2238.1957,1874.0917,1874091.6999
1,2238.3262,1874.2222,1874222.1999
1,2238.6944,1874.5904,1874590.3999
1,2238.7050,1874.6010,1874600.9999
1,2238.7094,1874.6054,1874605.3999
1,2238.9172,1874.8132,1874813.1999
1,2239.0085,1874.9045,1874904.4999
1,2239.1359,1875.0319,1875031.8999
1,2239.1382,1875.0342,1875034.1999
1,2239.1513,1875.0473,1875047.2999
1,2239.2411,1875.1371,1875137.0999
1,2239.3404,1875.2364,1875236.3999
1,2239.3543,1875.2503,1875250.2999
1,2239.4086,1875.3046,1875304.5999
1,2240.3028,1876.1988,1876198.7999
1,2240.8257,1876.7217,1876721.6999
1,2240.8509,1876.7469,1876746.8999
1,2241.0796,1876.9756,1876975.5999
1,2241.1461,1877.0421,1877042.0999
1,2241.4108,1877.3068,1877306.7999
1,2241.4606,1877.3566,1877356.5999
1,2241.7144,1877.6104,1877610.3999
1,2242.0397,1877.9357,1877935.6999
1,2242.2579,1878.1539,1878153.8999
1,2242.2763,1878.1723,1878172.2999
1,2242.3748,1878.2708,1878270.7999
1,2242.5222,1878.4182,1878418.1999
1,2242.9134,1878.8094,1878809.3999
1,2242.9865,1878.8825,1878882.4999
1,2243.1513,1879.0473,1879047.2999
1,2243.3078,1879.2038,1879203.7999
1,2243.4139,1879.3099,1879309.8999
1,2243.4891,1879.3851,1879385.0999
1,2243.6080,1879.5040,1879503.9999
1,2243.8269,1879.7229,1879722.8999
1,2243.8975,1879.7935,1879793.4999
1,2243.9175,1879.8135,1879813.4999
1,2243.9865,1879.8825,1879882.4999
1,2244.2179,1880.1139,1880113.8999
1,2244.2977,1880.1937,1880193.6999
1,2244.3556,1880.2516,1880251.5999
1,2244.5398,1880.4358,1880435.7999
1,2244.5751,1880.4711,1880471.0999
1,2244.8562,1880.7522,1880752.1999
1,2245.4251,1881.3211,1881321.0999
1,2245.5474,1881.4434,1881443.3999
1,2245.6269,1881.5229,1881522.8999
1,2245.6694,1881.5654,1881565.3999
1,2245.7254,1881.6214,1881621.3999
1,2245.7503,1881.6463,1881646.2999
1,2246.1626,1882.0586,1882058.5999
1,2246.2050,1882.1010,1882100.9999
1,2246.3365,1882.2325,1882232.4999
1,2246.3576,1882.2536,1882253.5999
1,2246.7020,1882.5980,1882597.9999
1,2246.8944,1882.7904,1882790.3999
1,2247.2094,1883.1054,1883105.3999
1,2247.4666,1883.3626,1883362.5999
1,2247.7290,1883.6250,1883624.9999
1,2248.9137,1884.8097,1884809.6999
1,2249.1218,1885.0178,1885017.7999
1,2249.2032,1885.0992,1885099.1999
1,2249.2230,1885.1190,1885118.9999
1,2249.2882,1885.1842,1885184.1999
1,2250.4526,1886.3486,1886348.5999
1,2250.6162,1886.5122,1886512.1999
1,2250.7385,1886.6345,1886634.4999
1,2251.3003,1887.1963,1887196.2999
1,2252.3611,1888.2571,1888257.0999
1,2252.6401,1888.5361,1888536.0999
1,2252.6781,1888.5741,1888574.0999
1,2252.7254,1888.6214,1888621.3999
1,2252.8149,1888.7109,1888710.8999
1,2252.8432,1888.7392,1888739.1999
1,2253.7416,1889.6376,1889637.5999
1,2253.7705,1889.6665,1889666.4999
1,2254.0952,1889.9912,1889991.1999
1,2254.2908,1890.1868,1890186.7999
1,2255.0861,1890.9821,1890982.0999
1,2256.3232,1892.2192,1892219.1999
1,2257.1036,1892.9996,1892999.5999
1,2257.1155,1893.0115,1893011.4999
1,2257.3656,1893.2616,1893261.5999
1,2257.5293,1893.4253,1893425.2999
1,2257.8348,1893.7308,1893730.7999
1,2258.1137,1894.0097,1894009.6999
1,2258.1746,1894.0706,1894070.5999
1,2258.2977,1894.1937,1894193.6999
1,2258.4157,1894.3117,1894311.6999
1,2258.6713,1894.5673,1894567.2999
1,2258.8969,1894.7929,1894792.8999
1,2259.2296,1895.1256,1895125.5999
1,2259.2867,1895.1827,1895182.6999
1,2259.5914,1895.4874,1895487.3999
1,2260.0082,1895.9042,1895904.1999
1,2260.1207,1896.0167,1896016.6999
1,2260.1315,1896.0275,1896027.4999
1,2260.5013,1896.3973,1896397.2999
1,2260.5517,1896.4477,1896447.6999
1,2260.7007,1896.5967,1896596.6999
1,2260.7202,1896.6162,1896616.1999
1,2260.8007,1896.6967,1896696.6999
1,2260.8701,1896.7661,1896766.0999
1,2261.2549,1897.1509,1897150.8999
1,2261.3074,1897.2034,1897203.3999
1,2262.1395,1898.0355,1898035.4999
1,2262.4024,1898.2984,1898298.3999
1,2262.8643,1898.7603,1898760.2999
1,2263.0212,1898.9172,1898917.1999
1,2263.2205,1899.1165,1899116.4999
1,2263.3034,1899.1994,1899199.3999
1,2263.3322,1899.2282,1899228.1999
1,2263.4111,1899.3071,1899307.0999
1,2263.7653,1899.6613,1899661.2999
1,2264.5085,1900.4045,1900404.4999
1,2264.8191,1900.7151,1900715.0999
1,2264.8443,1900.7403,1900740.2999
1,2264.9415,1900.8375,1900837.4999
1,2264.9705,1900.8665,1900866.4999
1,2265.2147,1901.1107,1901110.6999
1,2265.3786,1901.2746,1901274.5999
1,2265.5186,1901.4146,1901414.5999
1,2265.6099,1901.5059,1901505.8999
1,2265.6357,1901.5317,1901531.6999
1,2265.7401,1901.6361,1901636.0999
1,2265.8335,1901.7295,1901729.4999
1,2266.2036,1902.0996,1902099.5999
1,2266.6555,1902.5515,1902551.4999
1,2267.0734,1902.9694,1902969.3999
1,2267.1210,1903.0170,1903016.9999
1,2267.2911,1903.1871,1903187.0999
1,2267.4128,1903.3088,1903308.7999
1,2267.4370,1903.3330,1903332.9999
1,2267.5786,1903.4746,1903474.5999
1,2267.7915,1903.6875,1903687.4999
1,2267.7975,1903.6935,1903693.4999
1,2267.8947,1903.7907,1903790.6999
1,2268.1231,1904.0191,1904019.0999
1,2268.6281,1904.5241,1904524.0999
1,2269.1689,1905.0649,1905064.8999
1,2269.2052,1905.1012,1905101.1999
1,2269.4874,1905.3834,1905383.3999
1,2269.6356,1905.5316,1905531.5999
1,2269.7745,1905.6705,1905670.4999
1,2269.9175,1905.8135,1905813.4999
1,2270.4517,1906.3477,1906347.6999
1,2270.5095,1906.4055,1906405.4999
1,2270.5593,1906.4553,1906455.2999
1,2271.0168,1906.9128,1906912.7999
1,2271.1765,1907.0725,1907072.4999
1,2271.2773,1907.1733,1907173.2999
1,2271.4640,1907.3600,1907359.9999
1,2272.1424,1908.0384,1908038.3999
1,2272.4042,1908.3002,1908300.1999
1,2272.5112,1908.4072,1908407.1999
1,2272.7108,1908.6068,1908606.7999
1,2272.9424,1908.8384,1908838.3999
1,2273.2562,1909.1522,1909152.1999
1,2273.3415,1909.2375,1909237.4999
1,2273.7119,1909.6079,1909607.8999
1,2273.9321,1909.8281,1909828.0999
1,2274.0801,1909.9761,1909976.0999
1,2274.2101,1910.1061,1910106.0999
1,2274.2435,1910.1395,1910139.4999
1,2274.3708,1910.2668,1910266.7999
1,2274.3830,1910.2790,1910278.9999
1,2274.5111,1910.4071,1910407.0999
1,2274.6860,1910.5820,1910581.9999
1,2274.7635,1910.6595,1910659.4999
1,2274.8666,1910.7626,1910762.5999
1,2274.8941,1910.7901,1910790.0999
1,2275.0535,1910.9495,1910949.4999
1,2275.1998,1911.0958,1911095.7999
1,2275.3288,1911.2248,1911224.7999
1,2275.4143,1911.3103,1911310.2999
1,2275.4566,1911.3526,1911352.5999
1,2275.7347,1911.6307,1911630.6999
1,2275.7737,1911.6697,1911669.6999
1,2275.8006,1911.6966,1911696.5999
1,2276.2050,1912.1010,1912100.9999
1,2276.5033,1912.3993,1912399.2999
1,2277.4463,1913.3423,1913342.2999
1,2277.6291,1913.5251,1913525.0999
1,2277.6810,1913.5770,1913576.9999
1,2277.7426,1913.6386,1913638.5999
1,2278.3781,1914.2741,1914274.0999
1,2278.7353,1914.6313,1914631.2999
1,2278.7592,1914.6552,1914655.1999
1,2278.7619,1914.6579,1914657.8999
1,2278.8173,1914.7133,1914713.2999
1,2278.9980,1914.8940,1914893.9999
1,2279.0300,1914.9260,1914925.9999
1,2279.0718,1914.9678,1914967.7999
1,2279.5206,1915.4166,1915416.5999
1,2279.8181,1915.7141,1915714.0999
1,2280.1645,1916.0605,1916060.4999
1,2280.3429,1916.2389,1916238.8999
1,2280.4619,1916.3579,1916357.8999
1,2280.5675,1916.4635,1916463.4999
1,2280.6030,1916.4990,1916498.9999
1,2280.7122,1916.6082,1916608.1999
1,2280.9830,1916.8790,1916878.9999
1,2281.0987,1916.9947,1916994.6999
1,2281.1527,1917.0487,1917048.6999
1,2281.1637,1917.0597,1917059.6999
1,2281.3061,1917.2021,1917202.0999
1,2281.3463,1917.2423,1917242.2999
1,2281.4023,1917.2983,1917298.2999
1,2281.4206,1917.3166,1917316.5999
1,2281.4493,1917.3453,1917345.2999
1,2281.6171,1917.5131,1917513.0999
1,2281.8801,1917.7761,1917776.0999
1,2282.1567,1918.0527,1918052.6999
1,2282.5072,1918.4032,1918403.1999
1,2282.5283,1918.4243,1918424.2999
1,2282.5334,1918.4294,1918429.3999
1,2282.5490,1918.4450,1918444.9999
1,2282.5571,1918.4531,1918453.0999
1,2282.7671,1918.6631,1918663.0999
1,2283.3590,1919.2550,1919254.9999
1,2283.5452,1919.4412,1919441.1999
1,2284.2282,1920.1242,1920124.1999
1,2284.5887,1920.4847,1920484.6999
1,2286.9635,1922.8595,1922859.4999
1,2287.2856,1923.1816,1923181.5999
1,2287.4039,1923.2999,1923299.8999
1,2287.4211,1923.3171,1923317.0999
1,2287.4619,1923.3579,1923357.8999
1,2288.0847,1923.9807,1923980.6999
1,2288.1321,1924.0281,1924028.0999
1,2288.1812,1924.0772,1924077.1999
1,2288.4054,1924.3014,1924301.3999
1,2288.4841,1924.3801,1924380.0999
1,2288.5372,1924.4332,1924433.1999
1,2288.8102,1924.7062,1924706.1999
1,2289.1516,1925.0476,1925047.5999
1,2289.1687,1925.0647,1925064.6999
1,2289.3562,1925.2522,1925252.1999
1,2289.3835,1925.2795,1925279.4999
1,2289.8808,1925.7768,1925776.7999
1,2291.1852,1927.0812,1927081.1999
1,2291.2477,1927.1437,1927143.6999
1,2291.5535,1927.4495,1927449.4999
1,2291.8067,1927.7027,1927702.6999
1,2291.9186,1927.8146,1927814.5999
1,2292.0087,1927.9047,1927904.6999
1,2292.1358,1928.0318,1928031.7999
1,2292.1808,1928.0768,1928076.7999
1,2292.3653,1928.2613,1928261.2999
1,2292.5213,1928.4173,1928417.2999
1,2293.4634,1929.3594,1929359.3999
1,2293.6117,1929.5077,1929507.6999
1,2293.6265,1929.5225,1929522.4999
1,2294.3653,1930.2613,1930261.2999
1,2294.8643,1930.7603,1930760.2999
1,2295.2642,1931.1602,1931160.1999
1,2297.4235,1933.3195,1933319.4999
1,2297.4511,1933.3471,1933347.0999
1,2297.5770,1933.4730,1933472.9999
1,2297.8083,1933.7043,1933704.2999
1,2298.2256,1934.1216,1934121.5999
1,2298.3666,1934.2626,1934262.5999
1,2298.5732,1934.4692,1934469.1999
1,2298.9197,1934.8157,1934815.6999
1,2299.2731,1935.1691,1935169.0999
1,2299.3517,1935.2477,1935247.6999
1,2300.5802,1936.4762,1936476.1999
1,2300.6356,1936.5316,1936531.5999
1,2301.0491,1936.9451,1936945.0999
1,2301.2956,1937.1916,1937191.5999
1,2301.3613,1937.2573,1937257.2999
1,2301.3899,1937.2859,1937285.8999
1,2301.5773,1937.4733,1937473.2999
1,2301.6913,1937.5873,1937587.2999
1,2301.8867,1937.7827,1937782.6999
1,2301.9872,1937.8832,1937883.1999
1,2302.0253,1937.9213,1937921.2999
1,2302.1030,1937.9990,1937998.9999
1,2302.1601,1938.0561,1938056.0999
1,2302.2280,1938.1240,1938123.9999
1,2302.2420,1938.1380,1938137.9999
1,2302.3204,1938.2164,1938216.3999
1,2302.4525,1938.3485,1938348.4999
1,2302.4940,1938.3900,1938389.9999
1,2302.5271,1938.4231,1938423.0999
1,2302.5461,1938.4421,1938442.0999
1,2302.7072,1938.6032,1938603.1999
1,2302.9997,1938.8957,1938895.6999
1,2303.1881,1939.0841,1939084.0999
1,2303.3303,1939.2263,1939226.2999
1,2303.3680,1939.2640,1939263.9999
1,2303.5539,1939.4499,1939449.8999
1,2303.6802,1939.5762,1939576.1999
1,2303.7037,1939.5997,1939599.6999
1,2303.7269,1939.6229,1939622.8999
1,2303.7686,1939.6646,1939664.5999
1,2303.8160,1939.7120,1939711.9999
1,2303.8925,1939.7885,1939788.4999
1,2304.1759,1940.0719,1940071.8999
1,2304.2486,1940.1446,1940144.5999
1,2304.3245,1940.2205,1940220.4999
1,2304.4152,1940.3112,1940311.1999
1,2304.9047,1940.8007,1940800.6999
1,2304.9697,1940.8657,1940865.6999
1,2305.5282,1941.4242,1941424.1999
1,2306.3167,1942.2127,1942212.6999
1,2306.3712,1942.2672,1942267.1999
1,2306.7810,1942.6770,1942676.9999
1,2306.8113,1942.7073,1942707.2999
1,2306.8572,1942.7532,1942753.1999
1,2306.8755,1942.7715,1942771.4999
1,2307.0455,1942.9415,1942941.4999
1,2307.3965,1943.2925,1943292.4999
1,2307.4152,1943.3112,1943311.1999
1,2307.5860,1943.4820,1943481.9999
1,2307.9152,1943.8112,1943811.1999
1,2308.6861,1944.5821,1944582.0999
1,2308.9638,1944.8598,1944859.7999
1,2309.0882,1944.9842,1944984.1999
1,2309.0989,1944.9949,1944994.8999
1,2309.2215,1945.1175,1945117.4999
1,2309.2447,1945.1407,1945140.6999
1,2309.3159,1945.2119,1945211.8999
1,2309.5943,1945.4903,1945490.2999
1,2309.8411,1945.7371,1945737.0999
1,2309.8952,1945.7912,1945791.1999
1,2309.9470,1945.8430,1945842.9999
1,2309.9815,1945.8775,1945877.4999
1,2310.1218,1946.0178,1946017.7999
1,2310.5043,1946.4003,1946400.2999
1,2311.3429,1947.2389,1947238.8999
1,2311.7201,1947.6161,1947616.0999
1,2312.2688,1948.1648,1948164.7999
1,2312.3834,1948.2794,1948279.3999
1,2312.5654,1948.4614,1948461.3999
1,2313.0563,1948.9523,1948952.2999
1,2313.0990,1948.9950,1948994.9999
1,2314.3732,1950.2692,1950269.1999
1,2314.4520,1950.3480,1950347.9999
1,2314.4804,1950.3764,1950376.3999
1,2314.8821,1950.7781,1950778.0999
1,2315.7114,1951.6074,1951607.3999
1,2316.2155,1952.1115,1952111.4999
1,2317.3479,1953.2439,1953243.8999
1,2317.4634,1953.3594,1953359.3999
1,2317.5677,1953.4637,1953463.6999
1,2317.6862,1953.5822,1953582.1999
1,2317.8080,1953.7040,1953703.9999
1,2317.8975,1953.7935,1953793.4999
1,2317.9665,1953.8625,1953862.4999
1,2318.0143,1953.9103,1953910.2999
1,2318.0750,1953.9710,1953970.9999
1,2318.4529,1954.3489,1954348.8999
1,2318.5314,1954.4274,1954427.3999
1,2318.8164,1954.7124,1954712.3999
1,2318.8354,1954.7314,1954731.3999
1,2319.2000,1955.0960,1955095.9999
1,2319.8955,1955.7915,1955791.4999
1,2319.9340,1955.8300,1955829.9999
1,2321.2189,1957.1149,1957114.8999
1,2321.5966,1957.4926,1957492.5999
1,2323.0937,1958.9897,1958989.6999
1,2323.5266,1959.4226,1959422.5999
1,2323.6580,1959.5540,1959553.9999
1,2323.8671,1959.7631,1959763.0999
1,2323.9767,1959.8727,1959872.6999
1,2324.1263,1960.0223,1960022.2999
1,2324.1999,1960.0959,1960095.8999
1,2324.2490,1960.1450,1960144.9999
1,2324.2561,1960.1521,1960152.0999
1,2324.3067,1960.2027,1960202.6999
1,2324.3908,1960.2868,1960286.7999
1,2324.4710,1960.3670,1960366.9999
1,2324.6956,1960.5916,1960591.5999
1,2324.7493,1960.6453,1960645.2999
1,2324.7558,1960.6518,1960651.7999
1,2325.6458,1961.5418,1961541.7999
1,2325.7995,1961.6955,1961695.4999
1,2325.8802,1961.7762,1961776.1999
1,2326.2580,1962.1540,1962153.9999
1,2326.9837,1962.8797,1962879.6999
1,2328.0187,1963.9147,1963914.6999
1,2328.2154,1964.1114,1964111.3999
1,2328.4687,1964.3647,1964364.6999
1,2328.7623,1964.6583,1964658.2999
1,2328.8570,1964.7530,1964752.9999
1,2329.1777,1965.0737,1965073.6999
1,2329.2288,1965.1248,1965124.7999
1,2329.3703,1965.2663,1965266.2999
1,2329.4408,1965.3368,1965336.7999
1,2329.6357,1965.5317,1965531.6999
1,2329.7287,1965.6247,1965624.6999
1,2330.1687,1966.0647,1966064.6999
1,2330.2381,1966.1341,1966134.0999
1,2330.4192,1966.3152,1966315.1999
1,2331.0970,1966.9930,1966992.9999
1,2332.3695,1968.2655,1968265.4999
1,2332.9061,1968.8021,1968802.0999
1,2333.2952,1969.1912,1969191.1999
1,2333.6039,1969.4999,1969499.8999
1,2333.6672,1969.5632,1969563.1999
1,2333.9367,1969.8327,1969832.6999
1,2334.0648,1969.9608,1969960.7999
1,2334.4266,1970.3226,1970322.5999
1,2334.5713,1970.4673,1970467.2999
1,2334.5881,1970.4841,1970484.0999
1,2334.8836,1970.7796,1970779.5999
1,2334.8878,1970.7838,1970783.7999
1,2335.0925,1970.9885,1970988.4999
1,2335.2083,1971.1043,1971104.2999
1,2335.2430,1971.1390,1971138.9999
1,2335.6242,1971.5202,1971520.1999
1,2335.7291,1971.6251,1971625.0999
1,2335.8346,1971.7306,1971730.5999
1,2335.8624,1971.7584,1971758.3999
1,2336.1749,1972.0709,1972070.8999
1,2336.3786,1972.2746,1972274.5999
1,2336.5017,1972.3977,1972397.6999
1,2336.5909,1972.4869,1972486.8999
1,2336.6882,1972.5842,1972584.1999
1,2336.7192,1972.6152,1972615.1999
1,2336.7365,1972.6325,1972632.4999
1,2336.9388,1972.8348,1972834.7999
1,2336.9669,1972.8629,1972862.8999
1,2337.0340,1972.9300,1972929.9999
1,2337.0436,1972.9396,1972939.5999
1,2337.0668,1972.9628,1972962.7999
1,2337.1946,1973.0906,1973090.5999
1,2337.3957,1973.2917,1973291.6999
1,2338.1111,1974.0071,1974007.0999
1,2338.2294,1974.1254,1974125.3999
1,2340.0646,1975.9606,1975960.5999
1,2340.8512,1976.7472,1976747.1999
1,2341.0519,1976.9479,1976947.8999
1,2341.0552,1976.9512,1976951.1999
1,2341.0760,1976.9720,1976971.9999
1,2341.1273,1977.0233,1977023.2999
1,2341.7181,1977.6141,1977614.0999
1,2341.7692,1977.6652,1977665.1999
1,2341.9864,1977.8824,1977882.3999
1,2342.1317,1978.0277,1978027.6999
1,2342.1499,1978.0459,1978045.8999
1,2342.1937,1978.0897,1978089.6999
1,2342.4400,1978.3360,1978335.9999
1,2342.5195,1978.4155,1978415.4999
1,2342.5357,1978.4317,1978431.6999
1,2342.8740,1978.7700,1978769.9999
1,2343.1152,1979.0112,1979011.1999
1,2343.3319,1979.2279,1979227.8999
1,2343.4649,1979.3609,1979360.8999
1,2343.8983,1979.7943,1979794.2999
1,2344.3651,1980.2611,1980261.0999
1,2344.5036,1980.3996,1980399.5999
1,2344.5179,1980.4139,1980413.8999
1,2344.5893,1980.4853,1980485.2999
1,2344.6412,1980.5372,1980537.1999
1,2344.6577,1980.5537,1980553.6999
1,2344.7222,1980.6182,1980618.1999
1,2345.1260,1981.0220,1981021.9999
1,2345.1346,1981.0306,1981030.5999
1,2345.1442,1981.0402,1981040.1999
1,2345.7309,1981.6269,1981626.8999
1,2345.9016,1981.7976,1981797.5999
1,2346.0690,1981.9650,1981964.9999
1,2346.3584,1982.2544,1982254.3999
1,2347.0089,1982.9049,1982904.8999
1,2347.0958,1982.9918,1982991.7999
1,2347.9066,1983.8026,1983802.5999
1,2348.0649,1983.9609,1983960.8999
1,2348.1833,1984.0793,1984079.2999
1,2348.2083,1984.1043,1984104.2999
1,2348.3592,1984.2552,1984255.1999
1,2348.5456,1984.4416,1984441.5999
1,2348.6821,1984.5781,1984578.0999
1,2348.7477,1984.6437,1984643.6999
1,2348.8708,1984.7668,1984766.7999
1,2348.9592,1984.8552,1984855.1999
1,2349.0631,1984.9591,1984959.0999
1,2349.2951,1985.1911,1985191.0999
1,2349.3963,1985.2923,1985292.2999
1,2349.6879,1985.5839,1985583.8999
1,2349.7020,1985.5980,1985597.9999
1,2349.8015,1985.6975,1985697.4999
1,2349.8958,1985.7918,1985791.7999
1,2350.0261,1985.9221,1985922.0999
1,2350.4274,1986.3234,1986323.3999
1,2350.6738,1986.5698,1986569.7999
1,2350.9377,1986.8337,1986833.6999
1,2351.0736,1986.9696,1986969.5999
1,2351.7900,1987.6860,1987685.9999
1,2351.8639,1987.7599,1987759.8999
1,2351.9646,1987.8606,1987860.5999
1,2352.0407,1987.9367,1987936.6999
1,2352.1171,1988.0131,1988013.0999
1,2352.5088,1988.4048,1988404.7999
1,2352.6525,1988.5485,1988548.4999
1,2353.7890,1989.6850,1989684.9999
1,2353.8768,1989.7728,1989772.7999
1,2353.9099,1989.8059,1989805.8999
1,2353.9358,1989.8318,1989831.7999
1,2354.0923,1989.9883,1989988.2999
1,2354.1139,1990.0099,1990009.8999
1,2354.1336,1990.0296,1990029.5999
1,2354.1424,1990.0384,1990038.3999
1,2354.2359,1990.1319,1990131.8999
1,2355.3454,1991.2414,1991241.3999
1,2355.9630,1991.8590,1991858.9999
1,2356.0936,1991.9896,1991989.5999
1,2356.9534,1992.8494,1992849.3999
1,2357.2453,1993.1413,1993141.2999
1,2357.4808,1993.3768,1993376.7999
1,2357.8527,1993.7487,1993748.6999
1,2359.2926,1995.1886,1995188.5999
1,2359.5990,1995.4950,1995494.9999
1,2360.1274,1996.0234,1996023.3999
1,2360.2898,1996.1858,1996185.7999
1,2360.5521,1996.4481,1996448.0999
1,2360.6247,1996.5207,1996520.6999
1,2360.8394,1996.7354,1996735.3999
1,2360.8835,1996.7795,1996779.4999
1,2360.9629,1996.8589,1996858.8999
1,2361.0184,1996.9144,1996914.3999
1,2361.0436,1996.9396,1996939.5999
1,2361.1311,1997.0271,1997027.0999
1,2361.3521,1997.2481,1997248.0999
1,2361.5152,1997.4112,1997411.1999
1,2361.5206,1997.4166,1997416.5999
1,2361.7960,1997.6920,1997691.9999
1,2361.8566,1997.7526,1997752.5999
1,2361.9030,1997.7990,1997798.9999
1,2362.0911,1997.9871,1997987.0999
1,2362.1285,1998.0245,1998024.4999
1,2362.3322,1998.2282,1998228.1999
1,2362.6004,1998.4964,1998496.3999
1,2362.6650,1998.5610,1998560.9999
1,2363.1696,1999.0656,1999065.5999
1,2363.1798,1999.0758,1999075.7999
1,2363.3312,1999.2272,1999227.1999
1,2363.4321,1999.3281,1999328.0999
1,2363.5923,1999.4883,1999488.2999
1,2365.7211,2001.6171,2001617.0999
1,2365.8854,2001.7814,2001781.3999
1,2365.9021,2001.7981,2001798.0999
1,2365.9256,2001.8216,2001821.5999
1,2366.2462,2002.1422,2002142.1999
1,2366.5204,2002.4164,2002416.3999
1,2366.5576,2002.4536,2002453.5999
1,2366.5820,2002.4780,2002477.9999
1,2366.9491,2002.8451,2002845.0999
1,2367.0588,2002.9548,2002954.7999
1,2367.7073,2003.6033,2003603.2999
1,2368.8175,2004.7135,2004713.4999
1,2369.4606,2005.3566,2005356.5999
1,2369.5460,2005.4420,2005441.9999
1,2369.6202,2005.5162,2005516.1999
1,2369.8477,2005.7437,2005743.6999
1,2370.3850,2006.2810,2006280.9999
1,2370.5335,2006.4295,2006429.4999
1,2371.3413,2007.2373,2007237.2999
1,2371.4167,2007.3127,2007312.6999
1,2371.5400,2007.4360,2007435.9999
1,2371.5571,2007.4531,2007453.0999
1,2371.6607,2007.5567,2007556.6999
1,2371.6623,2007.5583,2007558.2999
1,2371.6693,2007.5653,2007565.2999
1,2371.6749,2007.5709,2007570.8999
1,2371.7090,2007.6050,2007604.9999
1,2372.0546,2007.9506,2007950.5999
1,2372.9433,2008.8393,2008839.2999
1,2373.2264,2009.1224,2009122.3999
1,2373.2731,2009.1691,2009169.0999
1,2373.3021,2009.1981,2009198.0999
1,2373.4165,2009.3125,2009312.4999
1,2374.8374,2010.7334,2010733.3999
1,2375.3544,2011.2504,2011250.3999
1,2375.5220,2011.4180,2011417.9999
1,2375.5843,2011.4803,2011480.2999
1,2375.6472,2011.5432,2011543.1999
1,2375.9717,2011.8677,2011867.6999
1,2376.1536,2012.0496,2012049.5999
1,2376.5278,2012.4238,2012423.7999
1,2377.0360,2012.9320,2012931.9999
1,2377.6711,2013.5671,2013567.0999
1,2377.6900,2013.5860,2013585.9999
1,2377.7997,2013.6957,2013695.6999
1,2378.0029,2013.8989,2013898.8999
1,2378.3763,2014.2723,2014272.2999
1,2378.7771,2014.6731,2014673.0999
1,2379.3048,2015.2008,2015200.7999
1,2379.7589,2015.6549,2015654.8999
1,2380.1347,2016.0307,2016030.6999
1,2380.4444,2016.3404,2016340.3999
1,2380.6108,2016.5068,2016506.7999
1,2380.6163,2016.5123,2016512.2999
1,2380.6796,2016.5756,2016575.5999
1,2380.7090,2016.6050,2016604.9999
1,2380.7323,2016.6283,2016628.2999
1,2380.7679,2016.6639,2016663.8999
1,2381.1650,2017.0610,2017060.9999
1,2381.3957,2017.2917,2017291.6999
1,2381.4911,2017.3871,2017387.0999
1,2381.6034,2017.4994,2017499.3999
1,2381.6343,2017.5303,2017530.2999
1,2382.1228,2018.0188,2018018.7999
1,2382.4065,2018.3025,2018302.4999
1,2382.5061,2018.4021,2018402.0999
1,2384.0145,2019.9105,2019910.4999
1,2384.6875,2020.5835,2020583.4999
1,2385.9739,2021.8699,2021869.8999
1,2386.0569,2021.9529,2021952.8999
1,2386.0618,2021.9578,2021957.7999
1,2386.1700,2022.0660,2022065.9999
1,2386.3150,2022.2110,2022210.9999
1,2386.4536,2022.3496,2022349.5999
1,2386.5767,2022.4727,2022472.6999
1,2386.7396,2022.6356,2022635.5999
1,2386.8956,2022.7916,2022791.5999
1,2386.9225,2022.8185,2022818.4999
1,2386.9414,2022.8374,2022837.3999
1,2386.9572,2022.8532,2022853.1999
1,2387.1402,2023.0362,2023036.1999
1,2387.2635,2023.1595,2023159.4999
1,2387.3971,2023.2931,2023293.0999
1,2387.4735,2023.3695,2023369.4999
1,2387.6542,2023.5502,2023550.1999
1,2387.9083,2023.8043,2023804.2999
1,2387.9925,2023.8885,2023888.4999
1,2388.0082,2023.9042,2023904.1999
1,2388.5443,2024.4403,2024440.2999
1,2388.9056,2024.8016,2024801.5999
1,2389.1516,2025.0476,2025047.5999
1,2389.2686,2025.1646,2025164.5999
1,2389.8117,2025.7077,2025707.6999
1,2390.2001,2026.0961,2026096.0999
1,2390.4082,2026.3042,2026304.1999
1,2390.6945,2026.5905,2026590.4999
1,2390.7394,2026.6354,2026635.3999
1,2391.0243,2026.9203,2026920.2999
1,2391.6928,2027.5888,2027588.7999
1,2391.8001,2027.6961,2027696.0999
1,2391.9213,2027.8173,2027817.2999
1,2391.9832,2027.8792,2027879.1999
1,2392.5344,2028.4304,2028430.3999
1,2392.6886,2028.5846,2028584.5999
1,2392.7840,2028.6800,2028679.9999
1,2393.0359,2028.9319,2028931.8999
1,2393.1440,2029.0400,2029039.9999
1,2393.2648,2029.1608,2029160.7999
1,2394.1133,2030.0093,2030009.2999
1,2394.1971,2030.0931,2030093.0999
1,2394.8266,2030.7226,2030722.5999
1,2394.9034,2030.7994,2030799.3999
1,2395.0061,2030.9021,2030902.0999
1,2395.2886,2031.1846,2031184.5999
1,2396.0979,2031.9939,2031993.8999
1,2396.2999,2032.1959,2032195.8999
1,2396.3412,2032.2372,2032237.1999
1,2396.3899,2032.2859,2032285.8999
1,2396.4493,2032.3453,2032345.2999
1,2396.4776,2032.3736,2032373.5999
1,2396.4977,2032.3937,2032393.6999
1,2396.5094,2032.4054,2032405.3999
1,2396.5301,2032.4261,2032426.0999
1,2397.4017,2033.2977,2033297.6999
1,2397.7543,2033.6503,2033650.2999
1,2397.8929,2033.7889,2033788.8999
1,2397.9439,2033.8399,2033839.8999
1,2398.0441,2033.9401,2033940.0999
1,2398.1598,2034.0558,2034055.7999
1,2398.3114,2034.2074,2034207.3999
1,2398.3701,2034.2661,2034266.0999
1,2398.3754,2034.2714,2034271.3999
1,2398.3959,2034.2919,2034291.8999
1,2398.4539,2034.3499,2034349.8999
1,2398.5815,2034.4775,2034477.4999
1,2398.6105,2034.5065,2034506.4999
1,2398.6524,2034.5484,2034548.3999
1,2398.9898,2034.8858,2034885.7999
1,2399.0105,2034.9065,2034906.4999
1,2399.0460,2034.9420,2034941.9999
1,2399.4736,2035.3696,2035369.5999
1,2399.9168,2035.8128,2035812.7999
1,2399.9568,2035.8528,2035852.7999
1,2399.9700,2035.8660,2035865.9999
1,2400.0677,2035.9637,2035963.6999
1,2400.0949,2035.9909,2035990.8999
1,2400.1052,2036.0012,2036001.1999
1,2400.1084,2036.0044,2036004.3999
1,2400.1972,2036.0932,2036093.1999
1,2400.4433,2036.3393,2036339.2999
1,2400.8428,2036.7388,2036738.7999
1,2400.8675,2036.7635,2036763.4999
1,2401.1337,2037.0297,2037029.6999
1,2401.2511,2037.1471,2037147.0999
1,2401.4749,2037.3709,2037370.8999
1,2401.6873,2037.5833,2037583.2999
1,2401.7390,2037.6350,2037634.9999
1,2402.1811,2038.0771,2038077.0999
1,2402.2247,2038.1207,2038120.6999
1,2402.3219,2038.2179,2038217.8999
1,2402.5334,2038.4294,2038429.3999
1,2402.5497,2038.4457,2038445.6999
1,2402.8145,2038.7105,2038710.4999
1,2402.8876,2038.7836,2038783.5999
1,2403.7969,2039.6929,2039692.8999
1,2404.1260,2040.0220,2040021.9999
1,2404.8190,2040.7150,2040714.9999
1,2405.3018,2041.1978,2041197.7999
1,2405.3311,2041.2271,2041227.0999
1,2405.7687,2041.6647,2041664.6999
1,2405.8264,2041.7224,2041722.3999
1,2405.8361,2041.7321,2041732.0999
1,2406.6905,2042.5865,2042586.4999
1,2406.7538,2042.6498,2042649.7999
1,2406.7560,2042.6520,2042651.9999
1,2406.8749,2042.7709,2042770.8999
1,2406.9176,2042.8136,2042813.5999
1,2407.0142,2042.9102,2042910.1999
1,2407.0790,2042.9750,2042974.9999
1,2407.1239,2043.0199,2043019.8999
1,2407.2394,2043.1354,2043135.3999
1,2407.2877,2043.1837,2043183.6999
1,2408.0064,2043.9024,2043902.3999
1,2408.1824,2044.0784,2044078.3999
1,2408.4735,2044.3695,2044369.4999
1,2408.6407,2044.5367,2044536.6999
1,2408.7738,2044.6698,2044669.7999
1,2409.1229,2045.0189,2045018.8999
1,2409.3532,2045.2492,2045249.1999
1,2409.4970,2045.3930,2045392.9999
1,2409.6513,2045.5473,2045547.2999
1,2411.1716,2047.0676,2047067.5999
1,2411.2356,2047.1316,2047131.5999
1,2411.6243,2047.5203,2047520.2999
1,2412.1711,2048.0671,2048067.0999
1,2412.2883,2048.1843,2048184.2999
1,2412.3845,2048.2805,2048280.4999
1,2413.1132,2049.0092,2049009.1999
1,2414.1559,2050.0519,2050051.8999
1,2414.1690,2050.0650,2050064.9999
1,2414.7253,2050.6213,2050621.2999
1,2415.0813,2050.9773,2050977.2999
1,2415.1319,2051.0279,2051027.8999
1,2415.2445,2051.1405,2051140.4999
1,2415.8849,2051.7809,2051780.8999
1,2416.5292,2052.4252,2052425.1999
1,2416.5412,2052.4372,2052437.1999
1,2416.9050,2052.8010,2052800.9999
1,2417.2357,2053.1317,2053131.6999
1,2417.2625,2053.1585,2053158.4999
1,2417.2803,2053.1763,2053176.2999
1,2417.2900,2053.1860,2053185.9999
1,2417.3132,2053.2092,2053209.1999
1,2417.4693,2053.3653,2053365.2999
1,2417.4990,2053.3950,2053394.9999
1,2417.8098,2053.7058,2053705.7999
1,2417.9016,2053.7976,2053797.5999
1,2418.3980,2054.2940,2054293.9999
1,2418.4232,2054.3192,2054319.1999
1,2418.7898,2054.6858,2054685.7999
1,2418.8143,2054.7103,2054710.2999
1,2418.8286,2054.7246,2054724.5999
1,2418.9447,2054.8407,2054840.6999
1,2418.9844,2054.8804,2054880.3999
1,2419.0558,2054.9518,2054951.7999
1,2419.0855,2054.9815,2054981.4999
1,2419.1439,2055.0399,2055039.8999
1,2419.1667,2055.0627,2055062.6999
1,2419.2032,2055.0992,2055099.1999
1,2419.6476,2055.5436,2055543.5999
1,2419.9262,2055.8222,2055822.1999
1,2419.9920,2055.8880,2055887.9999
1,2420.2761,2056.1721,2056172.0999
1,2420.8253,2056.7213,2056721.2999
1,2421.6879,2057.5839,2057583.8999
1,2421.7833,2057.6793,2057679.2999
1,2421.9349,2057.8309,2057830.8999
1,2422.5999,2058.4959,2058495.8999
1,2422.6715,2058.5675,2058567.4999
1,2423.5941,2059.4901,2059490.0999
1,2423.6407,2059.5367,2059536.6999
1,2424.1820,2060.0780,2060077.9999
1,2424.3110,2060.2070,2060206.9999
1,2424.3605,2060.2565,2060256.4999
1,2424.4499,2060.3459,2060345.8999
1,2424.4706,2060.3666,2060366.5999
1,2424.5299,2060.4259,2060425.8999
1,2424.5336,2060.4296,2060429.5999
1,2424.5966,2060.4926,2060492.5999
1,2424.6657,2060.5617,2060561.6999
1,2424.8687,2060.7647,2060764.6999
1,2425.0503,2060.9463,2060946.2999
1,2425.0638,2060.9598,2060959.7999
1,2425.0790,2060.9750,2060974.9999
1,2425.1186,2061.0146,2061014.5999
1,2425.1637,2061.0597,2061059.6999
1,2425.2459,2061.1419,2061141.8999
1,2425.3638,2061.2598,2061259.7999
1,2425.8799,2061.7759,2061775.8999
1,2426.1933,2062.0893,2062089.2999
1,2426.2619,2062.1579,2062157.8999
1,2426.2839,2062.1799,2062179.8999
1,2426.7877,2062.6837,2062683.6999
1,2426.9610,2062.8570,2062856.9999
1,2427.1933,2063.0893,2063089.2999
1,2427.4462,2063.3422,2063342.1999
1,2428.6399,2064.5359,2064535.8999
1,2428.7191,2064.6151,2064615.0999
1,2428.9653,2064.8613,2064861.2999
1,2429.2716,2065.1676,2065167.5999
1,2429.5140,2065.4100,2065409.9999
1,2430.3860,2066.2820,2066281.9999
1,2430.6670,2066.5630,2066562.9999
1,2430.7256,2066.6216,2066621.5999
1,2430.7331,2066.6291,2066629.0999
1,2430.8897,2066.7857,2066785.6999
1,2431.4271,2067.3231,2067323.0999
1,2431.6738,2067.5698,2067569.7999
1,2431.7167,2067.6127,2067612.6999
1,2431.8121,2067.7081,2067708.0999
1,2431.8509,2067.7469,2067746.8999
1,2432.0431,2067.9391,2067939.0999
1,2432.1393,2068.0353,2068035.2999
1,2432.6550,2068.5510,2068550.9999
1,2432.8683,2068.7643,2068764.2999
1,2433.0608,2068.9568,2068956.7999
1,2433.4685,2069.3645,2069364.4999
1,2433.5514,2069.4474,2069447.3999
1,2434.2558,2070.1518,2070151.7999
1,2434.5157,2070.4117,2070411.6999
1,2435.5759,2071.4719,2071471.8999
1,2435.6792,2071.5752,2071575.1999
1,2435.6912,2071.5872,2071587.1999
1,2435.7272,2071.6232,2071623.1999
1,2435.7431,2071.6391,2071639.0999
1,2435.7530,2071.6490,2071648.9999
1,2436.1173,2072.0133,2072013.2999
1,2436.6186,2072.5146,2072514.5999
1,2438.5730,2074.4690,2074468.9999
1,2438.6687,2074.5647,2074564.6999
1,2438.9282,2074.8242,2074824.1999
1,2439.4942,2075.3902,2075390.1999
1,2439.6589,2075.5549,2075554.8999
1,2439.8838,2075.7798,2075779.7999
1,2440.2783,2076.1743,2076174.2999
1,2440.3271,2076.2231,2076223.0999
1,2440.4474,2076.3434,2076343.3999
1,2440.4940,2076.3900,2076389.9999
1,2440.8653,2076.7613,2076761.2999
1,2441.1702,2077.0662,2077066.1999
1,2441.3751,2077.2711,2077271.0999
1,2441.4433,2077.3393,2077339.2999
1,2441.7482,2077.6442,2077644.1999
1,2442.5366,2078.4326,2078432.5999
1,2443.0601,2078.9561,2078956.0999
1,2443.3096,2079.2056,2079205.5999
1,2443.7724,2079.6684,2079668.3999
1,2443.7941,2079.6901,2079690.0999
1,2443.8100,2079.7060,2079705.9999
1,2444.0018,2079.8978,2079897.7999
1,2444.2292,2080.1252,2080125.1999
1,2444.9158,2080.8118,2080811.7999
1,2447.9128,2083.8088,2083808.7999
1,2448.7602,2084.6562,2084656.1999
1,2448.8572,2084.7532,2084753.1999
1,2448.8678,2084.7638,2084763.7999
1,2448.9776,2084.8736,2084873.5999
1,2449.0301,2084.9261,2084926.0999
1,2449.1571,2085.0531,2085053.0999
1,2449.1644,2085.0604,2085060.3999
1,2449.1759,2085.0719,2085071.8999
1,2450.0972,2085.9932,2085993.1999
1,2450.5212,2086.4172,2086417.1999
1,2450.7587,2086.6547,2086654.6999
1,2451.0191,2086.9151,2086915.0999
1,2451.0210,2086.9170,2086916.9999
1,2451.0289,2086.9249,2086924.8999
1,2451.1472,2087.0432,2087043.1999
1,2451.5802,2087.4762,2087476.1999
1,2451.6336,2087.5296,2087529.5999
1,2451.6515,2087.5475,2087547.4999
1,2452.6478,2088.5438,2088543.7999
1,2452.8455,2088.7415,2088741.4999
1,2453.2975,2089.1935,2089193.4999
1,2453.6071,2089.5031,2089503.0999
1,2453.9072,2089.8032,2089803.1999
1,2454.7736,2090.6696,2090669.5999
1,2454.7934,2090.6894,2090689.3999
1,2454.8135,2090.7095,2090709.4999
1,2455.0156,2090.9116,2090911.5999
1,2455.0462,2090.9422,2090942.1999
1,2455.1807,2091.0767,2091076.6999
1,2455.5935,2091.4895,2091489.4999
1,2455.6308,2091.5268,2091526.7999
1,2456.8406,2092.7366,2092736.5999
1,2457.2672,2093.1632,2093163.1999
1,2457.7613,2093.6573,2093657.2999
1,2459.4353,2095.3313,2095331.2999
1,2459.4417,2095.3377,2095337.6999
1,2459.8069,2095.7029,2095702.8999
1,2460.1572,2096.0532,2096053.1999
1,2460.6775,2096.5735,2096573.4999
1,2460.7329,2096.6289,2096628.8999
1,2460.9404,2096.8364,2096836.3999
1,2461.1119,2097.0079,2097007.8999
1,2461.1179,2097.0139,2097013.8999
1,2461.1237,2097.0197,2097019.6999
1,2461.1336,2097.0296,2097029.5999
1,2461.5597,2097.4557,2097455.6999
1,2461.6256,2097.5216,2097521.5999
1,2461.9418,2097.8378,2097837.7999
1,2462.0164,2097.9124,2097912.3999
1,2462.1444,2098.0404,2098040.3999
1,2462.5111,2098.4071,2098407.0999
1,2462.5498,2098.4458,2098445.7999
1,2462.6349,2098.5309,2098530.8999
1,2462.7710,2098.6670,2098666.9999
1,2462.8710,2098.7670,2098766.9999
1,2462.8738,2098.7698,2098769.7999
1,2462.8831,2098.7791,2098779.0999
1,2462.9214,2098.8174,2098817.3999
1,2462.9672,2098.8632,2098863.1999
1,2463.1539,2099.0499,2099049.8999
1,2463.2741,2099.1701,2099170.0999
1,2464.6776,2100.5736,2100573.5999
1,2464.9380,2100.8340,2100833.9999
1,2465.0572,2100.9532,2100953.1999
1,2465.1768,2101.0728,2101072.7999
1,2465.1931,2101.0891,2101089.0999
1,2465.3526,2101.2486,2101248.5999
1,2465.4045,2101.3005,2101300.4999
1,2465.7450,2101.6410,2101640.9999
1,2465.7565,2101.6525,2101652.4999
1,2465.7885,2101.6845,2101684.4999
1,2466.0480,2101.9440,2101943.9999
1,2466.3657,2102.2617,2102261.6999
1,2466.5482,2102.4442,2102444.1999
1,2467.6247,2103.5207,2103520.6999
1,2468.2022,2104.0982,2104098.1999
1,2468.2041,2104.1001,2104100.0999
1,2468.2080,2104.1040,2104103.9999
1,2468.6506,2104.5466,2104546.5999
1,2468.8613,2104.7573,2104757.2999
1,2468.8806,2104.7766,2104776.5999
1,2468.8931,2104.7891,2104789.0999
1,2468.8950,2104.7910,2104790.9999
1,2469.0784,2104.9744,2104974.3999
1,2469.1401,2105.0361,2105036.0999
1,2469.2374,2105.1334,2105133.3999
1,2469.5218,2105.4178,2105417.7999
1,2469.5263,2105.4223,2105422.2999
1,2469.7505,2105.6465,2105646.4999
1,2469.8275,2105.7235,2105723.4999
1,2470.2670,2106.1630,2106162.9999
1,2470.6567,2106.5527,2106552.6999
1,2470.9106,2106.8066,2106806.5999
1,2470.9126,2106.8086,2106808.5999
1,2471.0271,2106.9231,2106923.0999
1,2471.2164,2107.1124,2107112.3999
1,2471.3154,2107.2114,2107211.3999
1,2471.4330,2107.3290,2107328.9999
1,2471.6906,2107.5866,2107586.5999
1,2471.7433,2107.6393,2107639.2999
1,2471.7514,2107.6474,2107647.3999
1,2473.4226,2109.3186,2109318.5999
1,2473.5755,2109.4715,2109471.4999
1,2475.4769,2111.3729,2111372.8999
1,2476.0143,2111.9103,2111910.2999
1,2476.3258,2112.2218,2112221.7999
1,2476.3981,2112.2941,2112294.0999
1,2476.5215,2112.4175,2112417.4999
1,2477.5837,2113.4797,2113479.6999
1,2478.1209,2114.0169,2114016.8999
1,2478.3348,2114.2308,2114230.7999
1,2478.4061,2114.3021,2114302.0999
1,2478.4786,2114.3746,2114374.5999
1,2478.6708,2114.5668,2114566.7999
1,2479.0031,2114.8991,2114899.0999
1,2479.0119,2114.9079,2114907.8999
1,2479.4083,2115.3043,2115304.2999
1,2479.4423,2115.3383,2115338.2999
1,2479.6662,2115.5622,2115562.1999
1,2479.7360,2115.6320,2115631.9999
1,2479.8650,2115.7610,2115760.9999
1,2480.1778,2116.0738,2116073.7999
1,2480.3376,2116.2336,2116233.5999
1,2480.5572,2116.4532,2116453.1999
1,2481.0713,2116.9673,2116967.2999
1,2481.4978,2117.3938,2117393.7999
1,2481.5342,2117.4302,2117430.1999
1,2481.7010,2117.5970,2117596.9999
1,2481.8025,2117.6985,2117698.4999
1,2481.8421,2117.7381,2117738.0999
1,2481.8861,2117.7821,2117782.0999
1,2481.9495,2117.8455,2117845.4999
1,2482.0294,2117.9254,2117925.3999
1,2482.0486,2117.9446,2117944.5999
1,2482.3712,2118.2672,2118267.1999
1,2482.4949,2118.3909,2118390.8999
1,2482.7949,2118.6909,2118690.8999
1,2482.8472,2118.7432,2118743.1999
1,2482.9573,2118.8533,2118853.2999
1,2482.9843,2118.8803,2118880.2999
1,2483.0872,2118.9832,2118983.1999
1,2483.1017,2118.9977,2118997.6999
1,2483.5334,2119.4294,2119429.3999
1,2483.6189,2119.5149,2119514.8999
1,2483.6607,2119.5567,2119556.6999
1,2483.6946,2119.5906,2119590.5999
1,2483.8788,2119.7748,2119774.7999
1,2483.9168,2119.8128,2119812.7999
1,2483.9381,2119.8341,2119834.0999
1,2483.9851,2119.8811,2119881.0999
1,2484.0073,2119.9033,2119903.2999
1,2484.0286,2119.9246,2119924.5999
1,2484.3106,2120.2066,2120206.5999
1,2484.5241,2120.4201,2120420.0999
1,2484.5889,2120.4849,2120484.8999
1,2484.5913,2120.4873,2120487.2999
1,2484.6519,2120.5479,2120547.8999
1,2484.7766,2120.6726,2120672.5999
1,2485.0184,2120.9144,2120914.3999
1,2485.1835,2121.0795,2121079.4999
1,2485.2608,2121.1568,2121156.7999
1,2485.2816,2121.1776,2121177.5999
1,2485.3408,2121.2368,2121236.7999
1,2485.4722,2121.3682,2121368.1999
1,2485.5119,2121.4079,2121407.8999
1,2485.6405,2121.5365,2121536.4999
1,2486.4167,2122.3127,2122312.6999
1,2486.4778,2122.3738,2122373.7999
1,2486.5029,2122.3989,2122398.8999
1,2486.5713,2122.4673,2122467.2999
1,2486.6993,2122.5953,2122595.2999
1,2486.7357,2122.6317,2122631.6999
1,2486.8528,2122.7488,2122748.7999
1,2486.8756,2122.7716,2122771.5999
1,2487.0289,2122.9249,2122924.8999
1,2487.0773,2122.9733,2122973.2999
1,2487.2977,2123.1937,2123193.6999
1,2487.4354,2123.3314,2123331.3999
1,2487.4456,2123.3416,2123341.5999
1,2487.5797,2123.4757,2123475.6999
1,2487.6103,2123.5063,2123506.2999
1,2487.6597,2123.5557,2123555.6999
1,2487.6623,2123.5583,2123558.2999
1,2487.9619,2123.8579,2123857.8999
1,2488.2750,2124.1710,2124170.9999
1,2488.3122,2124.2082,2124208.1999
1,2488.5814,2124.4774,2124477.3999
1,2489.5095,2125.4055,2125405.4999
1,2489.7656,2125.6616,2125661.5999
1,2489.8805,2125.7765,2125776.4999
1,2490.1561,2126.0521,2126052.0999
1,2490.4263,2126.3223,2126322.2999
1,2490.4886,2126.3846,2126384.5999
1,2490.6808,2126.5768,2126576.7999
1,2490.7871,2126.6831,2126683.0999
1,2490.8069,2126.7029,2126702.8999
1,2490.8723,2126.7683,2126768.2999
1,2490.8847,2126.7807,2126780.6999
1,2490.9958,2126.8918,2126891.7999
1,2491.0042,2126.9002,2126900.1999
1,2491.0948,2126.9908,2126990.7999
1,2491.1374,2127.0334,2127033.3999
1,2491.1683,2127.0643,2127064.2999
1,2491.1829,2127.0789,2127078.8999
1,2491.5142,2127.4102,2127410.1999
1,2491.5517,2127.4477,2127447.6999
1,2491.5698,2127.4658,2127465.7999
1,2492.9927,2128.8887,2128888.6999
1,2492.9953,2128.8913,2128891.2999
1,2493.0257,2128.9217,2128921.6999
1,2493.1229,2129.0189,2129018.8999
1,2493.9748,2129.8708,2129870.7999
1,2494.1334,2130.0294,2130029.3999
1,2494.8867,2130.7827,2130782.6999
1,2495.0280,2130.9240,2130923.9999
1,2495.1563,2131.0523,2131052.2999
1,2495.1870,2131.0830,2131082.9999
1,2495.2212,2131.1172,2131117.1999
1,2495.7991,2131.6951,2131695.0999
1,2496.1019,2131.9979,2131997.8999
1,2496.3710,2132.2670,2132266.9999
1,2496.6023,2132.4983,2132498.2999
1,2496.6954,2132.5914,2132591.3999
1,2496.8630,2132.7590,2132758.9999
1,2497.0252,2132.9212,2132921.1999
1,2497.0297,2132.9257,2132925.6999
1,2497.0973,2132.9933,2132993.2999
1,2497.1859,2133.0819,2133081.8999
1,2497.2427,2133.1387,2133138.6999
1,2497.4871,2133.3831,2133383.0999
1,2497.5896,2133.4856,2133485.5999
1,2497.5920,2133.4880,2133487.9999
1,2497.7570,2133.6530,2133652.9999
1,2497.7790,2133.6750,2133674.9999
1,2497.8336,2133.7296,2133729.5999
1,2497.8358,2133.7318,2133731.7999
1,2497.9268,2133.8228,2133822.7999
1,2497.9592,2133.8552,2133855.1999
1,2498.0826,2133.9786,2133978.5999
1,2498.2443,2134.1403,2134140.2999
1,2498.3548,2134.2508,2134250.7999
1,2498.5293,2134.4253,2134425.2999
1,2498.5786,2134.4746,2134474.5999
1,2498.6002,2134.4962,2134496.1999
1,2498.7634,2134.6594,2134659.3999
1,2499.0247,2134.9207,2134920.6999
1,2499.1062,2135.0022,2135002.1999
1,2499.8054,2135.7014,2135701.3999
1,2500.1902,2136.0862,2136086.1999
1,2500.2801,2136.1761,2136176.0999
1,2500.7062,2136.6022,2136602.1999
1,2500.7323,2136.6283,2136628.2999
1,2501.6254,2137.5214,2137521.3999
1,2501.6577,2137.5537,2137553.6999
1,2501.8255,2137.7215,2137721.4999
1,2501.8306,2137.7266,2137726.5999
1,2501.9471,2137.8431,2137843.0999
1,2502.0059,2137.9019,2137901.8999
1,2502.2384,2138.1344,2138134.3999
1,2502.9379,2138.8339,2138833.8999
1,2503.0323,2138.9283,2138928.2999
1,2503.7939,2139.6899,2139689.8999
1,2503.8515,2139.7475,2139747.4999
1,2504.0058,2139.9018,2139901.7999
1,2504.0122,2139.9082,2139908.1999
1,2504.0891,2139.9851,2139985.0999
1,2504.1356,2140.0316,2140031.5999
1,2504.1553,2140.0513,2140051.2999
1,2504.2159,2140.1119,2140111.8999
1,2504.2181,2140.1141,2140114.0999
1,2504.2312,2140.1272,2140127.1999
1,2504.6943,2140.5903,2140590.2999
1,2504.7029,2140.5989,2140598.8999
1,2505.6904,2141.5864,2141586.3999
1,2506.3450,2142.2410,2142240.9999
1,2506.3892,2142.2852,2142285.1999
1,2507.3624,2143.2584,2143258.3999
1,2507.5932,2143.4892,2143489.1999
1,2508.3023,2144.1983,2144198.2999
1,2509.2516,2145.1476,2145147.5999
1,2509.3415,2145.2375,2145237.4999
1,2509.6243,2145.5203,2145520.2999
1,2510.1190,2146.0150,2146014.9999
1,2510.3266,2146.2226,2146222.5999
1,2510.9089,2146.8049,2146804.8999
1,2511.8082,2147.7042,2147704.1999
1,2511.9103,2147.8063,2147806.2999
1,2512.2466,2148.1426,2148142.5999
1,2512.4057,2148.3017,2148301.6999
1,2512.6022,2148.4982,2148498.1999
1,2512.6836,2148.5796,2148579.5999
1,2514.0561,2149.9521,2149952.0999
1,2514.2776,2150.1736,2150173.5999
1,2514.3537,2150.2497,2150249.6999
1,2514.5722,2150.4682,2150468.1999
1,2514.8744,2150.7704,2150770.3999
1,2514.9693,2150.8653,2150865.2999
1,2515.0401,2150.9361,2150936.0999
1,2515.1335,2151.0295,2151029.4999
1,2515.2571,2151.1531,2151153.0999
1,2515.3742,2151.2702,2151270.1999
1,2515.4048,2151.3008,2151300.7999
1,2515.4091,2151.3051,2151305.0999
1,2515.4486,2151.3446,2151344.5999
1,2515.8291,2151.7251,2151725.0999
1,2516.7480,2152.6440,2152643.9999
1,2518.1063,2154.0023,2154002.2999
1,2519.6036,2155.4996,2155499.5999
1,2519.6774,2155.5734,2155573.3999
1,2519.7331,2155.6291,2155629.0999
1,2520.4757,2156.3717,2156371.6999
1,2520.7826,2156.6786,2156678.5999
1,2521.4672,2157.3632,2157363.1999
1,2522.2062,2158.1022,2158102.1999
1,2522.7655,2158.6615,2158661.4999
1,2522.7875,2158.6835,2158683.4999
1,2522.8134,2158.7094,2158709.3999
1,2523.0415,2158.9375,2158937.4999
1,2523.6200,2159.5160,2159515.9999
1,2523.9474,2159.8434,2159843.3999
1,2524.2682,2160.1642,2160164.1999
1,2526.3362,2162.2322,2162232.1999
1,2526.3603,2162.2563,2162256.2999
1,2526.4896,2162.3856,2162385.5999
1,2526.6757,2162.5717,2162571.6999
1,2526.7540,2162.6500,2162649.9999
1,2527.9622,2163.8582,2163858.1999
1,2528.2517,2164.1477,2164147.6999
1,2528.6624,2164.5584,2164558.3999
1,2529.1107,2165.0067,2165006.6999
1,2529.4781,2165.3741,2165374.0999
1,2529.6667,2165.5627,2165562.6999
1,2529.7612,2165.6572,2165657.1999
1,2529.8437,2165.7397,2165739.6999
1,2530.6685,2166.5645,2166564.4999
1,2531.1057,2167.0017,2167001.6999
1,2531.1567,2167.0527,2167052.6999
1,2531.2131,2167.1091,2167109.0999
1,2531.2311,2167.1271,2167127.0999
1,2531.2560,2167.1520,2167151.9999
1,2531.2985,2167.1945,2167194.4999
1,2531.7839,2167.6799,2167679.8999
1,2532.5961,2168.4921,2168492.0999
1,2532.6706,2168.5666,2168566.5999
1,2532.6910,2168.5870,2168586.9999
1,2533.0142,2168.9102,2168910.1999
1,2533.5230,2169.4190,2169418.9999
1,2533.5613,2169.4573,2169457.2999
1,2534.1729,2170.0689,2170068.8999
1,2534.2003,2170.0963,2170096.2999
1,2534.3603,2170.2563,2170256.2999
1,2535.0986,2170.9946,2170994.5999
1,2536.0488,2171.9448,2171944.7999
1,2536.1771,2172.0731,2172073.0999
1,2536.4539,2172.3499,2172349.8999
1,2536.9531,2172.8491,2172849.0999
1,2537.3197,2173.2157,2173215.6999
1,2537.3666,2173.2626,2173262.5999
1,2537.6658,2173.5618,2173561.7999
1,2537.7673,2173.6633,2173663.2999
1,2537.8378,2173.7338,2173733.7999
1,2541.4739,2177.3699,2177369.8999
1,2542.4354,2178.3314,2178331.3999
1,2542.4531,2178.3491,2178349.0999
1,2542.4579,2178.3539,2178353.8999
1,2542.7154,2178.6114,2178611.3999
1,2542.8507,2178.7467,2178746.6999
1,2543.7691,2179.6651,2179665.0999
1,2544.3877,2180.2837,2180283.6999
1,2544.5859,2180.4819,2180481.8999
1,2544.7845,2180.6805,2180680.4999
1,2545.2289,2181.1249,2181124.8999
1,2545.2688,2181.1648,2181164.7999
1,2545.2801,2181.1761,2181176.0999
1,2545.9224,2181.8184,2181818.3999
1,2546.4911,2182.3871,2182387.0999
1,2546.9269,2182.8229,2182822.8999
1,2547.0071,2182.9031,2182903.0999
1,2547.0338,2182.9298,2182929.7999
1,2547.4067,2183.3027,2183302.6999
1,2547.7957,2183.6917,2183691.6999
1,2547.8665,2183.7625,2183762.4999
1,2547.9233,2183.8193,2183819.2999
1,2548.1468,2184.0428,2184042.7999
1,2548.2461,2184.1421,2184142.0999
1,2548.5502,2184.4462,2184446.1999
1,2548.8244,2184.7204,2184720.3999
1,2549.2275,2185.1235,2185123.4999
1,2549.8477,2185.7437,2185743.6999
1,2549.8609,2185.7569,2185756.8999
1,2550.3273,2186.2233,2186223.2999
1,2550.7091,2186.6051,2186605.0999
1,2552.1157,2188.0117,2188011.6999
1,2552.5641,2188.4601,2188460.0999
1,2552.8162,2188.7122,2188712.1999
1,2552.9140,2188.8100,2188809.9999
1,2553.5703,2189.4663,2189466.2999
1,2553.5805,2189.4765,2189476.4999
1,2553.5838,2189.4798,2189479.7999
1,2553.5909,2189.4869,2189486.8999
1,2553.6513,2189.5473,2189547.2999
1,2554.6327,2190.5287,2190528.6999
1,2555.1532,2191.0492,2191049.1999
1,2555.1836,2191.0796,2191079.5999
1,2556.3358,2192.2318,2192231.7999
1,2556.4336,2192.3296,2192329.5999
1,2556.7364,2192.6324,2192632.3999
1,2556.8133,2192.7093,2192709.2999
1,2556.8528,2192.7488,2192748.7999
1,2556.8904,2192.7864,2192786.3999
1,2556.9343,2192.8303,2192830.2999
1,2557.0075,2192.9035,2192903.4999
1,2557.0119,2192.9079,2192907.8999
1,2557.0196,2192.9156,2192915.5999
1,2557.0838,2192.9798,2192979.7999
1,2557.1524,2193.0484,2193048.3999
1,2557.1783,2193.0743,2193074.2999
1,2557.2399,2193.1359,2193135.8999
1,2557.2600,2193.1560,2193155.9999
1,2557.2781,2193.1741,2193174.0999
1,2557.2806,2193.1766,2193176.5999
1,2557.3856,2193.2816,2193281.5999
1,2557.5888,2193.4848,2193484.7999
1,2557.7370,2193.6330,2193632.9999
1,2558.7708,2194.6668,2194666.7999
1,2559.0392,2194.9352,2194935.1999
1,2559.0572,2194.9532,2194953.1999
1,2559.0887,2194.9847,2194984.6999
1,2559.1136,2195.0096,2195009.5999
1,2559.3758,2195.2718,2195271.7999
1,2559.4131,2195.3091,2195309.0999
1,2560.8188,2196.7148,2196714.7999
1,2560.8598,2196.7558,2196755.7999
1,2560.8738,2196.7698,2196769.7999
1,2560.9080,2196.8040,2196803.9999
1,2560.9252,2196.8212,2196821.1999
1,2561.3256,2197.2216,2197221.5999
1,2561.5097,2197.4057,2197405.6999
1,2561.8042,2197.7002,2197700.1999
1,2561.8281,2197.7241,2197724.0999
1,2562.1055,2198.0015,2198001.4999
1,2562.1389,2198.0349,2198034.8999
1,2563.4365,2199.3325,2199332.4999
1,2563.6234,2199.5194,2199519.3999
1,2563.6444,2199.5404,2199540.3999
1,2563.7623,2199.6583,2199658.2999
1,2564.5895,2200.4855,2200485.4999
1,2565.2707,2201.1667,2201166.6999
1,2565.4116,2201.3076,2201307.5999
1,2565.6585,2201.5545,2201554.4999
1,2565.7483,2201.6443,2201644.2999
1,2565.7505,2201.6465,2201646.4999
1,2565.9087,2201.8047,2201804.6999
1,2565.9433,2201.8393,2201839.2999
1,2565.9954,2201.8914,2201891.3999
1,2566.0090,2201.9050,2201904.9999
1,2566.0799,2201.9759,2201975.8999
1,2566.4885,2202.3845,2202384.4999
1,2566.5418,2202.4378,2202437.7999
1,2566.5678,2202.4638,2202463.7999
1,2566.5762,2202.4722,2202472.1999
1,2566.5864,2202.4824,2202482.3999
1,2566.6123,2202.5083,2202508.2999
1,2567.2221,2203.1181,2203118.0999
1,2567.5588,2203.4548,2203454.7999
1,2567.7933,2203.6893,2203689.2999
1,2567.9468,2203.8428,2203842.7999
1,2568.0623,2203.9583,2203958.2999
1,2568.3142,2204.2102,2204210.1999
1,2569.9728,2205.8688,2205868.7999
1,2569.9820,2205.8780,2205877.9999
1,2569.9969,2205.8929,2205892.8999
1,2570.5699,2206.4659,2206465.8999
1,2570.7626,2206.6586,2206658.5999
1,2570.7924,2206.6884,2206688.3999
1,2570.9293,2206.8253,2206825.2999
1,2571.2987,2207.1947,2207194.6999
1,2571.5364,2207.4324,2207432.3999
1,2571.5430,2207.4390,2207438.9999
1,2571.7098,2207.6058,2207605.7999
1,2572.6373,2208.5333,2208533.2999
1,2572.6639,2208.5599,2208559.8999
1,2573.7306,2209.6266,2209626.5999
1,2573.8259,2209.7219,2209721.8999
1,2573.8593,2209.7553,2209755.2999
1,2573.9274,2209.8234,2209823.3999
1,2574.0106,2209.9066,2209906.5999
1,2574.1284,2210.0244,2210024.3999
1,2574.2438,2210.1398,2210139.7999
1,2574.4031,2210.2991,2210299.0999
1,2574.5771,2210.4731,2210473.0999
1,2574.8703,2210.7663,2210766.2999
1,2574.9724,2210.8684,2210868.3999
1,2575.0599,2210.9559,2210955.8999
1,2575.2905,2211.1865,2211186.4999
1,2575.8744,2211.7704,2211770.3999
1,2576.2241,2212.1201,2212120.0999
1,2576.7482,2212.6442,2212644.1999
1,2576.8700,2212.7660,2212765.9999
1,2576.8930,2212.7890,2212788.9999
1,2577.2848,2213.1808,2213180.7999
1,2577.7040,2213.6000,2213599.9999
1,2579.1241,2215.0201,2215020.0999
1,2579.1537,2215.0497,2215049.6999
1,2579.9413,2215.8373,2215837.2999
1,2580.2957,2216.1917,2216191.6999
1,2580.9853,2216.8813,2216881.2999
1,2581.0066,2216.9026,2216902.5999
1,2581.2980,2217.1940,2217193.9999
1,2581.3251,2217.2211,2217221.0999
1,2581.5966,2217.4926,2217492.5999
1,2581.9733,2217.8693,2217869.2999
1,2582.5124,2218.4084,2218408.3999
1,2582.6314,2218.5274,2218527.3999
1,2582.8512,2218.7472,2218747.1999
1,2582.9094,2218.8054,2218805.3999
1,2582.9554,2218.8514,2218851.3999
1,2583.0871,2218.9831,2218983.0999
1,2583.2007,2219.0967,2219096.6999
1,2583.2484,2219.1444,2219144.3999
1,2583.5955,2219.4915,2219491.4999
1,2584.0181,2219.9141,2219914.0999
1,2584.0436,2219.9396,2219939.5999
1,2584.5616,2220.4576,2220457.5999
1,2585.0748,2220.9708,2220970.7999
1,2585.3313,2221.2273,2221227.2999
1,2585.6746,2221.5706,2221570.5999
1,2585.7030,2221.5990,2221598.9999
1,2585.7278,2221.6238,2221623.7999
1,2585.7311,2221.6271,2221627.0999
1,2585.7391,2221.6351,2221635.0999
1,2585.7470,2221.6430,2221642.9999
1,2585.9578,2221.8538,2221853.7999
1,2586.0080,2221.9040,2221903.9999
1,2586.1307,2222.0267,2222026.6999
1,2586.3460,2222.2420,2222241.9999
1,2586.9923,2222.8883,2222888.2999
1,2587.1084,2223.0044,2223004.3999
1,2588.2282,2224.1242,2224124.1999
1,2589.6257,2225.5217,2225521.6999
1,2589.7496,2225.6456,2225645.5999
1,2589.7685,2225.6645,2225664.4999
1,2589.9971,2225.8931,2225893.0999
1,2590.4141,2226.3101,2226310.0999
1,2590.4903,2226.3863,2226386.2999
1,2590.5548,2226.4508,2226450.7999
1,2590.8674,2226.7634,2226763.3999
1,2591.6731,2227.5691,2227569.0999
1,2592.6110,2228.5070,2228506.9999
1,2593.8200,2229.7160,2229715.9999
1,2593.9046,2229.8006,2229800.5999
1,2594.0099,2229.9059,2229905.8999
1,2594.0406,2229.9366,2229936.5999
1,2594.0653,2229.9613,2229961.2999
1,2594.0729,2229.9689,2229968.8999
1,2594.1621,2230.0581,2230058.0999
1,2594.1674,2230.0634,2230063.3999
1,2594.3406,2230.2366,2230236.5999
1,2594.3871,2230.2831,2230283.0999
1,2594.5371,2230.4331,2230433.0999
1,2595.4196,2231.3156,2231315.5999
1,2595.5772,2231.4732,2231473.1999
1,2596.4244,2232.3204,2232320.3999
1,2596.7922,2232.6882,2232688.1999
1,2597.0886,2232.9846,2232984.5999
1,2597.1122,2233.0082,2233008.1999
1,2597.1308,2233.0268,2233026.7999
1,2597.2275,2233.1235,2233123.4999
1,2597.2372,2233.1332,2233133.1999
1,2597.3142,2233.2102,2233210.1999
1,2597.4871,2233.3831,2233383.0999
1,2597.5731,2233.4691,2233469.0999
1,2597.7603,2233.6563,2233656.2999
1,2598.3606,2234.2566,2234256.5999
1,2598.7824,2234.6784,2234678.3999
1,2599.0348,2234.9308,2234930.7999
1,2599.0376,2234.9336,2234933.5999
1,2599.0620,2234.9580,2234957.9999
1,2599.1989,2235.0949,2235094.8999
1,2599.2986,2235.1946,2235194.5999
1,2599.3051,2235.2011,2235201.0999
1,2599.3209,2235.2169,2235216.8999
1,2599.3363,2235.2323,2235232.2999
1,2599.4127,2235.3087,2235308.6999
1,2599.6527,2235.5487,2235548.6999
1,2599.6995,2235.5955,2235595.4999
1,2600.5843,2236.4803,2236480.2999
1,2601.4713,2237.3673,2237367.2999
1,2601.6843,2237.5803,2237580.2999
1,2602.0231,2237.9191,2237919.0999
1,2602.0625,2237.9585,2237958.4999
1,2602.5283,2238.4243,2238424.2999
1,2602.5878,2238.4838,2238483.7999
1,2602.8113,2238.7073,2238707.2999
1,2602.9866,2238.8826,2238882.5999
1,2603.1258,2239.0218,2239021.7999
1,2603.2493,2239.1453,2239145.2999
1,2603.3653,2239.2613,2239261.2999
1,2603.4828,2239.3788,2239378.7999
1,2603.5933,2239.4893,2239489.2999
1,2603.6845,2239.5805,2239580.4999
1,2603.7738,2239.6698,2239669.7999
1,2603.8825,2239.7785,2239778.4999
1,2603.9064,2239.8024,2239802.3999
1,2604.0778,2239.9738,2239973.7999
1,2604.2592,2240.1552,2240155.1999
1,2604.2911,2240.1871,2240187.0999
1,2604.5273,2240.4233,2240423.2999
1,2604.5681,2240.4641,2240464.0999
1,2604.7180,2240.6140,2240613.9999
1,2604.8233,2240.7193,2240719.2999
1,2604.8625,2240.7585,2240758.4999
1,2604.9783,2240.8743,2240874.2999
1,2605.0026,2240.8986,2240898.5999
1,2605.0999,2240.9959,2240995.8999
1,2605.3302,2241.2262,2241226.1999
1,2605.9803,2241.8763,2241876.2999
1,2606.1768,2242.0728,2242072.7999
1,2606.3752,2242.2712,2242271.1999
1,2606.4977,2242.3937,2242393.6999
1,2606.5213,2242.4173,2242417.2999
1,2606.6061,2242.5021,2242502.0999
1,2606.8522,2242.7482,2242748.1999
1,2606.9977,2242.8937,2242893.6999
1,2607.1198,2243.0158,2243015.7999
1,2607.1990,2243.0950,2243094.9999
1,2607.2975,2243.1935,2243193.4999
1,2607.4685,2243.3645,2243364.4999
1,2607.5648,2243.4608,2243460.7999
1,2607.6077,2243.5037,2243503.6999
1,2607.6229,2243.5189,2243518.8999
1,2608.1269,2244.0229,2244022.8999
1,2608.1475,2244.0435,2244043.4999
1,2608.2925,2244.1885,2244188.4999
1,2608.3971,2244.2931,2244293.0999
1,2608.4128,2244.3088,2244308.7999
1,2608.6071,2244.5031,2244503.0999
1,2608.7277,2244.6237,2244623.6999
1,2608.8932,2244.7892,2244789.1999
1,2609.0651,2244.9611,2244961.0999
1,2609.0729,2244.9689,2244968.8999
1,2609.1070,2245.0030,2245002.9999
1,2609.6559,2245.5519,2245551.8999
1,2609.8503,2245.7463,2245746.2999
1,2609.8544,2245.7504,2245750.3999
1,2609.8816,2245.7776,2245777.5999
1,2609.8913,2245.7873,2245787.2999
1,2609.9062,2245.8022,2245802.1999
1,2609.9407,2245.8367,2245836.6999
1,2610.0032,2245.8992,2245899.1999
1,2610.0170,2245.9130,2245912.9999
1,2610.0355,2245.9315,2245931.4999
1,2610.1011,2245.9971,2245997.0999
1,2610.2210,2246.1170,2246116.9999
1,2610.2684,2246.1644,2246164.3999
1,2610.4072,2246.3032,2246303.1999
1,2610.4303,2246.3263,2246326.2999
1,2610.4689,2246.3649,2246364.8999
1,2611.8195,2247.7155,2247715.4999
1,2611.8238,2247.7198,2247719.7999
1,2612.0702,2247.9662,2247966.1999
1,2612.6872,2248.5832,2248583.1999
1,2612.9125,2248.8085,2248808.4999
1,2616.7239,2252.6199,2252619.8999
1,2616.7405,2252.6365,2252636.4999
1,2616.7769,2252.6729,2252672.8999
1,2616.8663,2252.7623,2252762.2999
1,2617.3158,2253.2118,2253211.7999
1,2618.2242,2254.1202,2254120.1999
1,2618.2524,2254.1484,2254148.3999
1,2618.2590,2254.1550,2254154.9999
1,2618.3930,2254.2890,2254288.9999
1,2618.4157,2254.3117,2254311.6999
1,2620.1479,2256.0439,2256043.8999
1,2620.2743,2256.1703,2256170.2999
1,2620.4328,2256.3288,2256328.7999
1,2620.4369,2256.3329,2256332.8999
1,2620.6623,2256.5583,2256558.2999
1,2620.8764,2256.7724,2256772.3999
1,2621.0691,2256.9651,2256965.0999
1,2621.4506,2257.3466,2257346.5999
1,2621.5469,2257.4429,2257442.8999
1,2621.7964,2257.6924,2257692.3999
1,2622.2343,2258.1303,2258130.2999
1,2622.5538,2258.4498,2258449.7999
1,2623.6709,2259.5669,2259566.8999
1,2624.2869,2260.1829,2260182.8999
1,2624.8628,2260.7588,2260758.7999
1,2625.0932,2260.9892,2260989.1999
1,2625.1510,2261.0470,2261046.9999
1,2625.3738,2261.2698,2261269.7999
1,2626.3250,2262.2210,2262220.9999
1,2626.6475,2262.5435,2262543.4999
1,2626.7120,2262.6080,2262607.9999
1,2626.9768,2262.8728,2262872.7999
1,2627.0083,2262.9043,2262904.2999
1,2627.2792,2263.1752,2263175.1999
1,2628.4072,2264.3032,2264303.1999
1,2628.4890,2264.3850,2264384.9999
1,2628.8469,2264.7429,2264742.8999
1,2628.8537,2264.7497,2264749.6999
1,2628.9578,2264.8538,2264853.7999
1,2629.0636,2264.9596,2264959.5999
1,2629.4036,2265.2996,2265299.5999
1,2629.6693,2265.5653,2265565.2999
1,2629.7363,2265.6323,2265632.2999
1,2629.7539,2265.6499,2265649.8999
1,2629.8087,2265.7047,2265704.6999
1,2629.9784,2265.8744,2265874.3999
1,2630.0049,2265.9009,2265900.8999
1,2630.4624,2266.3584,2266358.3999
1,2630.4892,2266.3852,2266385.1999
1,2630.5830,2266.4790,2266478.9999
1,2630.6711,2266.5671,2266567.0999
1,2630.8762,2266.7722,2266772.1999
1,2630.9737,2266.8697,2266869.6999
1,2631.0226,2266.9186,2266918.5999
1,2631.1007,2266.9967,2266996.6999
1,2631.6285,2267.5245,2267524.4999
1,2631.8189,2267.7149,2267714.8999
1,2631.8209,2267.7169,2267716.8999
1,2631.8536,2267.7496,2267749.5999
1,2631.9551,2267.8511,2267851.0999
1,2631.9628,2267.8588,2267858.7999
1,2631.9982,2267.8942,2267894.1999
1,2632.0327,2267.9287,2267928.6999
1,2632.0428,2267.9388,2267938.7999
1,2632.2548,2268.1508,2268150.7999
1,2632.6578,2268.5538,2268553.7999
1,2632.7265,2268.6225,2268622.4999
1,2633.3236,2269.2196,2269219.5999
1,2633.4523,2269.3483,2269348.2999
1,2633.9919,2269.8879,2269887.8999
1,2634.0207,2269.9167,2269916.6999
1,2634.0517,2269.9477,2269947.6999
1,2634.1670,2270.0630,2270062.9999
1,2634.2302,2270.1262,2270126.1999
1,2634.4361,2270.3321,2270332.0999
1,2634.6111,2270.5071,2270507.0999
1,2635.4352,2271.3312,2271331.1999
1,2636.3006,2272.1966,2272196.5999
1,2636.6384,2272.5344,2272534.3999
1,2636.6598,2272.5558,2272555.7999
1,2636.6744,2272.5704,2272570.3999
1,2636.8968,2272.7928,2272792.7999
1,2638.7964,2274.6924,2274692.3999
1,2639.6293,2275.5253,2275525.2999
1,2640.0146,2275.9106,2275910.5999
1,2640.2882,2276.1842,2276184.1999
1,2640.6890,2276.5850,2276584.9999
1,2640.7344,2276.6304,2276630.3999
1,2640.7629,2276.6589,2276658.8999
1,2640.7803,2276.6763,2276676.2999
1,2640.7933,2276.6893,2276689.2999
1,2640.8120,2276.7080,2276707.9999
1,2640.8293,2276.7253,2276725.2999
1,2640.8414,2276.7374,2276737.3999
1,2640.8673,2276.7633,2276763.2999
1,2641.0038,2276.8998,2276899.7999
1,2641.1855,2277.0815,2277081.4999
1,2641.2118,2277.1078,2277107.7999
1,2641.3644,2277.2604,2277260.3999
1,2641.4807,2277.3767,2277376.6999
1,2641.6183,2277.5143,2277514.2999
1,2641.6394,2277.5354,2277535.3999
1,2641.6602,2277.5562,2277556.1999
1,2641.6705,2277.5665,2277566.4999
1,2641.8868,2277.7828,2277782.7999
1,2642.2096,2278.1056,2278105.5999
1,2642.3644,2278.2604,2278260.3999
1,2642.4311,2278.3271,2278327.0999
1,2642.6261,2278.5221,2278522.0999
1,2642.7710,2278.6670,2278666.9999
1,2643.0291,2278.9251,2278925.0999
1,2643.0518,2278.9478,2278947.7999
1,2643.1373,2279.0333,2279033.2999
1,2643.1507,2279.0467,2279046.6999
1,2643.2733,2279.1693,2279169.2999
1,2643.3766,2279.2726,2279272.5999
1,2643.6234,2279.5194,2279519.3999
1,2643.6890,2279.5850,2279584.9999
1,2643.7983,2279.6943,2279694.2999
1,2643.8189,2279.7149,2279714.8999
1,2644.1297,2280.0257,2280025.6999
1,2644.2086,2280.1046,2280104.5999
1,2644.4416,2280.3376,2280337.5999
1,2644.6106,2280.5066,2280506.5999
1,2644.7043,2280.6003,2280600.2999
1,2644.8841,2280.7801,2280780.0999
1,2644.9558,2280.8518,2280851.7999
1,2645.4217,2281.3177,2281317.6999
1,2645.4518,2281.3478,2281347.7999
1,2645.6446,2281.5406,2281540.5999
1,2646.0775,2281.9735,2281973.4999
1,2646.2507,2282.1467,2282146.6999
1,2646.3544,2282.2504,2282250.3999
1,2646.3918,2282.2878,2282287.7999
1,2646.6967,2282.5927,2282592.6999
1,2646.9780,2282.8740,2282873.9999
1,2647.3216,2283.2176,2283217.5999
1,2647.3534,2283.2494,2283249.3999
1,2647.3745,2283.2705,2283270.4999
1,2647.4976,2283.3936,2283393.5999
1,2647.5701,2283.4661,2283466.0999
1,2648.0278,2283.9238,2283923.7999
1,2648.1434,2284.0394,2284039.3999
1,2648.1797,2284.0757,2284075.6999
1,2648.2651,2284.1611,2284161.0999
1,2648.2777,2284.1737,2284173.6999
1,2648.3371,2284.2331,2284233.0999
1,2648.4628,2284.3588,2284358.7999
1,2648.5275,2284.4235,2284423.4999
1,2648.5935,2284.4895,2284489.4999
1,2648.7324,2284.6284,2284628.3999
1,2649.2343,2285.1303,2285130.2999
1,2649.2684,2285.1644,2285164.3999
1,2650.4988,2286.3948,2286394.7999
1,2650.8431,2286.7391,2286739.0999
1,2651.0590,2286.9550,2286954.9999
1,2651.4885,2287.3845,2287384.4999
1,2651.4999,2287.3959,2287395.8999
1,2651.8770,2287.7730,2287772.9999
1,2651.9326,2287.8286,2287828.5999
1,2651.9547,2287.8507,2287850.6999
1,2651.9977,2287.8937,2287893.6999
1,2652.0634,2287.9594,2287959.3999
1,2652.5334,2288.4294,2288429.3999
1,2652.5972,2288.4932,2288493.1999
1,2652.6618,2288.5578,2288557.7999
1,2652.8031,2288.6991,2288699.0999
1,2652.8600,2288.7560,2288755.9999
1,2653.3079,2289.2039,2289203.8999
1,2653.3710,2289.2670,2289266.9999
1,2653.5498,2289.4458,2289445.7999
1,2653.7267,2289.6227,2289622.6999
1,2653.8184,2289.7144,2289714.3999
1,2653.9162,2289.8122,2289812.1999
1,2654.3818,2290.2778,2290277.7999
1,2654.7724,2290.6684,2290668.3999
1,2654.9890,2290.8850,2290884.9999
1,2655.0095,2290.9055,2290905.4999
1,2655.1270,2291.0230,2291022.9999
1,2655.1579,2291.0539,2291053.8999
1,2655.2242,2291.1202,2291120.1999
1,2655.4544,2291.3504,2291350.3999
1,2655.4910,2291.3870,2291386.9999
1,2655.5592,2291.4552,2291455.1999
1,2655.6913,2291.5873,2291587.2999
1,2655.7806,2291.6766,2291676.5999
1,2655.8405,2291.7365,2291736.4999
1,2656.3305,2292.2265,2292226.4999
1,2656.3445,2292.2405,2292240.4999
1,2656.3537,2292.2497,2292249.6999
1,2656.6726,2292.5686,2292568.5999
1,2656.8008,2292.6968,2292696.7999
1,2656.8837,2292.7797,2292779.6999
1,2656.9565,2292.8525,2292852.4999
1,2657.3629,2293.2589,2293258.8999
1,2657.4955,2293.3915,2293391.4999
1,2657.5476,2293.4436,2293443.5999
1,2657.6725,2293.5685,2293568.4999
1,2658.1606,2294.0566,2294056.5999
1,2658.4744,2294.3704,2294370.3999
1,2658.5003,2294.3963,2294396.2999
1,2659.0077,2294.9037,2294903.6999
1,2659.1830,2295.0790,2295078.9999
1,2659.4792,2295.3752,2295375.1999
1,2659.8096,2295.7056,2295705.5999
1,2660.4583,2296.3543,2296354.2999
1,2660.5756,2296.4716,2296471.5999
1,2660.6159,2296.5119,2296511.8999
1,2660.6313,2296.5273,2296527.2999
1,2660.8177,2296.7137,2296713.6999
1,2660.9666,2296.8626,2296862.5999
1,2661.1511,2297.0471,2297047.0999
1,2661.1717,2297.0677,2297067.6999
1,2661.2468,2297.1428,2297142.7999
1,2661.2640,2297.1600,2297159.9999
1,2661.3552,2297.2512,2297251.1999
1,2661.3632,2297.2592,2297259.1999
1,2661.3770,2297.2730,2297272.9999
1,2661.5683,2297.4643,2297464.2999
1,2661.5712,2297.4672,2297467.1999
1,2661.5902,2297.4862,2297486.1999
1,2661.9296,2297.8256,2297825.5999
1,2661.9334,2297.8294,2297829.3999
1,2661.9776,2297.8736,2297873.5999
1,2662.1035,2297.9995,2297999.4999
1,2662.2316,2298.1276,2298127.5999
1,2662.2682,2298.1642,2298164.1999
1,2662.3980,2298.2940,2298293.9999
1,2662.8043,2298.7003,2298700.2999
1,2663.0235,2298.9195,2298919.4999
1,2663.3390,2299.2350,2299234.9999
1,2663.3670,2299.2630,2299262.9999
1,2663.3700,2299.2660,2299265.9999
1,2663.4753,2299.3713,2299371.2999
1,2663.5354,2299.4314,2299431.3999
1,2663.5458,2299.4418,2299441.7999
1,2663.6065,2299.5025,2299502.4999
1,2663.7687,2299.6647,2299664.6999
1,2663.8566,2299.7526,2299752.5999
1,2663.9386,2299.8346,2299834.5999
1,2663.9407,2299.8367,2299836.6999
1,2664.0333,2299.9293,2299929.2999
1,2664.0621,2299.9581,2299958.0999
1,2664.1686,2300.0646,2300064.5999
1,2664.2024,2300.0984,2300098.3999
1,2664.5054,2300.4014,2300401.3999
1,2664.6411,2300.5371,2300537.0999
1,2664.8371,2300.7331,2300733.0999
1,2664.8502,2300.7462,2300746.1999
1,2664.8878,2300.7838,2300783.7999
1,2665.4698,2301.3658,2301365.7999
1,2666.0774,2301.9734,2301973.3999
1,2666.3692,2302.2652,2302265.1999
1,2666.4941,2302.3901,2302390.0999
1,2666.5207,2302.4167,2302416.6999
1,2666.6345,2302.5305,2302530.4999
1,2666.6799,2302.5759,2302575.8999
1,2666.8570,2302.7530,2302752.9999
1,2666.8730,2302.7690,2302768.9999
1,2667.0118,2302.9078,2302907.7999
1,2667.6020,2303.4980,2303497.9999
1,2667.8249,2303.7209,2303720.8999
1,2668.5510,2304.4470,2304446.9999
1,2669.8785,2305.7745,2305774.4999
1,2670.2369,2306.1329,2306132.8999
1,2670.4976,2306.3936,2306393.5999
1,2670.7196,2306.6156,2306615.5999
1,2670.7391,2306.6351,2306635.0999
1,2670.9743,2306.8703,2306870.2999
1,2671.2541,2307.1501,2307150.0999
1,2672.1219,2308.0179,2308017.8999
1,2672.2524,2308.1484,2308148.3999
1,2672.2909,2308.1869,2308186.8999
1,2672.6750,2308.5710,2308570.9999
1,2672.7901,2308.6861,2308686.0999
1,2672.9439,2308.8399,2308839.8999
1,2674.9849,2310.8809,2310880.8999
1,2675.3789,2311.2749,2311274.8999
1,2675.6358,2311.5318,2311531.7999
1,2675.8567,2311.7527,2311752.6999
1,2675.8594,2311.7554,2311755.3999
1,2675.9927,2311.8887,2311888.6999
1,2676.0511,2311.9471,2311947.0999
1,2676.1600,2312.0560,2312055.9999
1,2676.3252,2312.2212,2312221.1999
1,2676.6842,2312.5802,2312580.1999
1,2676.9686,2312.8646,2312864.5999
1,2677.3168,2313.2128,2313212.7999
1,2677.5621,2313.4581,2313458.0999
1,2677.6013,2313.4973,2313497.2999
1,2678.2114,2314.1074,2314107.3999
1,2678.2586,2314.1546,2314154.5999
1,2678.3138,2314.2098,2314209.7999
1,2678.3983,2314.2943,2314294.2999
1,2678.4490,2314.3450,2314344.9999
1,2678.5114,2314.4074,2314407.3999
1,2678.5266,2314.4226,2314422.5999
1,2678.6616,2314.5576,2314557.5999
1,2678.7421,2314.6381,2314638.0999
1,2678.7450,2314.6410,2314640.9999
1,2679.3785,2315.2745,2315274.4999
1,2679.5902,2315.4862,2315486.1999
1,2679.8631,2315.7591,2315759.0999
1,2680.2695,2316.1655,2316165.4999
1,2680.7683,2316.6643,2316664.2999
1,2680.7804,2316.6764,2316676.3999
1,2680.8076,2316.7036,2316703.5999
1,2681.1139,2317.0099,2317009.8999
1,2681.2985,2317.1945,2317194.4999
1,2681.5465,2317.4425,2317442.4999
1,2681.6033,2317.4993,2317499.2999
1,2682.6017,2318.4977,2318497.6999
1,2682.7760,2318.6720,2318671.9999
1,2682.8495,2318.7455,2318745.4999
1,2683.1112,2319.0072,2319007.1999
1,2683.1660,2319.0620,2319061.9999
1,2683.3118,2319.2078,2319207.7999
1,2683.3319,2319.2279,2319227.8999
1,2683.7097,2319.6057,2319605.6999
1,2684.3294,2320.2254,2320225.3999
1,2685.4556,2321.3516,2321351.5999
1,2685.6589,2321.5549,2321554.8999
1,2685.8913,2321.7873,2321787.2999
1,2686.2140,2322.1100,2322109.9999
1,2686.7315,2322.6275,2322627.4999
1,2686.8057,2322.7017,2322701.6999
1,2686.9347,2322.8307,2322830.6999
1,2687.2179,2323.1139,2323113.8999
1,2687.2625,2323.1585,2323158.4999
1,2687.3808,2323.2768,2323276.7999
1,2687.6108,2323.5068,2323506.7999
1,2687.9683,2323.8643,2323864.2999
1,2687.9907,2323.8867,2323886.6999
1,2688.0108,2323.9068,2323906.7999
1,2688.0762,2323.9722,2323972.1999
1,2688.0909,2323.9869,2323986.8999
1,2688.3467,2324.2427,2324242.6999
1,2688.5656,2324.4616,2324461.5999
1,2688.8590,2324.7550,2324754.9999
1,2689.0374,2324.9334,2324933.3999
1,2689.0588,2324.9548,2324954.7999
1,2689.1725,2325.0685,2325068.4999
1,2689.1958,2325.0918,2325091.7999
1,2689.2119,2325.1079,2325107.8999
1,2689.3902,2325.2862,2325286.1999
1,2689.5271,2325.4231,2325423.0999
1,2689.5803,2325.4763,2325476.2999
1,2689.6708,2325.5668,2325566.7999
1,2690.0034,2325.8994,2325899.3999
1,2690.3177,2326.2137,2326213.6999
1,2690.8637,2326.7597,2326759.6999
1,2690.8742,2326.7702,2326770.1999
1,2691.0631,2326.9591,2326959.0999
1,2691.1254,2327.0214,2327021.3999
1,2692.0432,2327.9392,2327939.1999
1,2692.3489,2328.2449,2328244.8999
1,2692.5057,2328.4017,2328401.6999
1,2692.6270,2328.5230,2328522.9999
1,2692.7111,2328.6071,2328607.0999
1,2692.7565,2328.6525,2328652.4999
1,2693.0043,2328.9003,2328900.2999
1,2693.0973,2328.9933,2328993.2999
1,2693.5095,2329.4055,2329405.4999
1,2693.5131,2329.4091,2329409.0999
1,2694.0190,2329.9150,2329914.9999
1,2694.2908,2330.1868,2330186.7999
1,2694.3739,2330.2699,2330269.8999
1,2695.2636,2331.1596,2331159.5999
1,2695.2849,2331.1809,2331180.8999
1,2695.2983,2331.1943,2331194.2999
1,2695.3081,2331.2041,2331204.0999
1,2695.3519,2331.2479,2331247.8999
1,2695.4801,2331.3761,2331376.0999
1,2695.6746,2331.5706,2331570.5999
1,2696.1232,2332.0192,2332019.1999
1,2696.2444,2332.1404,2332140.3999
1,2696.2619,2332.1579,2332157.8999
1,2696.6268,2332.5228,2332522.7999
1,2696.8325,2332.7285,2332728.4999
1,2696.9235,2332.8195,2332819.4999
1,2696.9608,2332.8568,2332856.7999
1,2697.0285,2332.9245,2332924.4999
1,2697.0667,2332.9627,2332962.6999
1,2697.0788,2332.9748,2332974.7999
1,2697.2061,2333.1021,2333102.0999
1,2697.2652,2333.1612,2333161.1999
1,2697.3373,2333.2333,2333233.2999
1,2697.4090,2333.3050,2333304.9999
1,2697.6554,2333.5514,2333551.3999
1,2697.7966,2333.6926,2333692.5999
1,2697.8150,2333.7110,2333710.9999
1,2697.9282,2333.8242,2333824.1999
1,2697.9455,2333.8415,2333841.4999
1,2697.9780,2333.8740,2333873.9999
1,2699.0042,2334.9002,2334900.1999
1,2699.3131,2335.2091,2335209.0999
1,2699.3393,2335.2353,2335235.2999
1,2699.7955,2335.6915,2335691.4999
1,2700.0194,2335.9154,2335915.3999
1,2700.1023,2335.9983,2335998.2999
1,2700.1879,2336.0839,2336083.8999
1,2700.2478,2336.1438,2336143.7999
1,2700.2867,2336.1827,2336182.6999
1,2700.5081,2336.4041,2336404.0999
1,2700.6287,2336.5247,2336524.6999
1,2700.6306,2336.5266,2336526.5999
1,2700.6779,2336.5739,2336573.8999
1,2700.6843,2336.5803,2336580.2999
1,2700.7445,2336.6405,2336640.4999
1,2700.7601,2336.6561,2336656.0999
1,2701.1038,2336.9998,2336999.7999
1,2701.2139,2337.1099,2337109.8999
1,2702.0089,2337.9049,2337904.8999
1,2702.5342,2338.4302,2338430.1999
1,2702.7856,2338.6816,2338681.5999
1,2702.8806,2338.7766,2338776.5999
1,2702.9353,2338.8313,2338831.2999
1,2703.2201,2339.1161,2339116.0999
1,2703.3019,2339.1979,2339197.8999
1,2703.3433,2339.2393,2339239.2999
1,2703.4734,2339.3694,2339369.3999
1,2703.7113,2339.6073,2339607.2999
1,2703.7507,2339.6467,2339646.6999
1,2704.8796,2340.7756,2340775.5999
1,2705.0337,2340.9297,2340929.6999
1,2705.2093,2341.1053,2341105.2999
1,2705.7833,2341.6793,2341679.2999
1,2705.9286,2341.8246,2341824.5999
1,2706.0342,2341.9302,2341930.1999
1,2706.1326,2342.0286,2342028.5999
1,2706.3576,2342.2536,2342253.5999
1,2706.7633,2342.6593,2342659.2999
1,2706.8962,2342.7922,2342792.1999
1,2707.1110,2343.0070,2343006.9999
1,2707.2259,2343.1219,2343121.8999
1,2707.2566,2343.1526,2343152.5999
1,2707.3631,2343.2591,2343259.0999
1,2707.7084,2343.6044,2343604.3999
1,2708.1436,2344.0396,2344039.5999
1,2708.1558,2344.0518,2344051.7999
1,2708.3022,2344.1982,2344198.1999
1,2708.4271,2344.3231,2344323.0999
1,2708.5095,2344.4055,2344405.4999
1,2708.5878,2344.4838,2344483.7999
1,2708.6827,2344.5787,2344578.6999
1,2708.7639,2344.6599,2344659.8999
1,2709.3016,2345.1976,2345197.5999
1,2709.4055,2345.3015,2345301.4999
1,2709.4376,2345.3336,2345333.5999
1,2709.8156,2345.7116,2345711.5999
1,2710.2490,2346.1450,2346144.9999
1,2710.2579,2346.1539,2346153.8999
1,2710.2647,2346.1607,2346160.6999
1,2710.8913,2346.7873,2346787.2999
1,2711.0970,2346.9930,2346992.9999
1,2711.9466,2347.8426,2347842.5999
1,2711.9824,2347.8784,2347878.3999
1,2712.2192,2348.1152,2348115.1999
1,2712.2288,2348.1248,2348124.7999
1,2712.2358,2348.1318,2348131.7999
1,2712.2541,2348.1501,2348150.0999
1,2712.3103,2348.2063,2348206.2999
1,2712.3192,2348.2152,2348215.1999
1,2712.5004,2348.3964,2348396.3999
1,2712.5716,2348.4676,2348467.5999
1,2712.7417,2348.6377,2348637.6999
1,2713.2328,2349.1288,2349128.7999
1,2713.2354,2349.1314,2349131.3999
1,2713.4882,2349.3842,2349384.1999
1,2713.8413,2349.7373,2349737.2999
1,2713.8581,2349.7541,2349754.0999
1,2714.1172,2350.0132,2350013.1999
1,2714.2250,2350.1210,2350120.9999
1,2715.2229,2351.1189,2351118.8999
1,2716.0001,2351.8961,2351896.0999
1,2716.1692,2352.0652,2352065.1999
1,2719.6351,2355.5311,2355531.0999
1,2719.6737,2355.5697,2355569.6999
1,2719.8415,2355.7375,2355737.4999
1,2721.5276,2357.4236,2357423.5999
1,2721.7314,2357.6274,2357627.3999
1,2722.0038,2357.8998,2357899.7999
1,2722.0319,2357.9279,2357927.8999
1,2722.0396,2357.9356,2357935.5999
1,2722.1456,2358.0416,2358041.5999
1,2722.4147,2358.3107,2358310.6999
1,2722.4747,2358.3707,2358370.6999
1,2722.6727,2358.5687,2358568.6999
1,2722.7167,2358.6127,2358612.6999
1,2722.8906,2358.7866,2358786.5999
1,2723.5421,2359.4381,2359438.0999
1,2723.5638,2359.4598,2359459.7999
1,2723.6451,2359.5411,2359541.0999
1,2723.6861,2359.5821,2359582.0999
1,2724.1039,2359.9999,2359999.8999
1,2724.1335,2360.0295,2360029.4999
1,2724.3672,2360.2632,2360263.1999
1,2724.4320,2360.3280,2360327.9999
1,2724.6778,2360.5738,2360573.7999
1,2725.1647,2361.0607,2361060.6999
1,2725.3923,2361.2883,2361288.2999
1,2725.6556,2361.5516,2361551.5999
1,2725.7292,2361.6252,2361625.1999
1,2726.0007,2361.8967,2361896.6999
1,2726.0179,2361.9139,2361913.8999
1,2726.0939,2361.9899,2361989.8999
1,2726.1509,2362.0469,2362046.8999
1,2726.8830,2362.7790,2362778.9999
1,2727.1075,2363.0035,2363003.4999
1,2727.4226,2363.3186,2363318.5999
1,2727.6355,2363.5315,2363531.4999
1,2727.6924,2363.5884,2363588.3999
1,2727.9150,2363.8110,2363810.9999
1,2728.0228,2363.9188,2363918.7999
1,2728.0728,2363.9688,2363968.7999
1,2728.2261,2364.1221,2364122.0999
1,2728.2409,2364.1369,2364136.8999
1,2728.2481,2364.1441,2364144.0999
1,2728.5159,2364.4119,2364411.8999
1,2728.6649,2364.5609,2364560.8999
1,2729.0006,2364.8966,2364896.5999
1,2729.3140,2365.2100,2365209.9999
1,2731.4696,2367.3656,2367365.5999
1,2732.6254,2368.5214,2368521.3999
1,2733.2113,2369.1073,2369107.2999
1,2733.2143,2369.1103,2369110.2999
1,2733.6532,2369.5492,2369549.1999
1,2733.9147,2369.8107,2369810.6999
1,2733.9524,2369.8484,2369848.3999
1,2734.4695,2370.3655,2370365.4999
1,2735.2905,2371.1865,2371186.4999
1,2735.5930,2371.4890,2371488.9999
1,2735.6603,2371.5563,2371556.2999
1,2735.7900,2371.6860,2371685.9999
1,2735.8567,2371.7527,2371752.6999
1,2735.9515,2371.8475,2371847.4999
1,2736.0397,2371.9357,2371935.6999
1,2736.4170,2372.3130,2372312.9999
1,2736.4201,2372.3161,2372316.0999
1,2736.8384,2372.7344,2372734.3999
1,2736.8631,2372.7591,2372759.0999
1,2737.0012,2372.8972,2372897.1999
1,2737.2136,2373.1096,2373109.5999
1,2737.4479,2373.3439,2373343.8999
1,2737.5722,2373.4682,2373468.1999
1,2738.2701,2374.1661,2374166.0999
1,2739.6751,2375.5711,2375571.0999
1,2739.9207,2375.8167,2375816.6999
1,2739.9905,2375.8865,2375886.4999
1,2741.0592,2376.9552,2376955.1999
1,2741.2588,2377.1548,2377154.7999
1,2744.4190,2380.3150,2380314.9999
1,2744.6167,2380.5127,2380512.6999
1,2744.6363,2380.5323,2380532.2999
1,2745.5459,2381.4419,2381441.8999
1,2745.9167,2381.8127,2381812.6999
1,2745.9381,2381.8341,2381834.0999
1,2745.9489,2381.8449,2381844.8999
1,2746.2566,2382.1526,2382152.5999
1,2746.8588,2382.7548,2382754.7999
1,2747.6955,2383.5915,2383591.4999
1,2748.0739,2383.9699,2383969.8999
1,2748.5418,2384.4378,2384437.7999
1,2748.8261,2384.7221,2384722.0999
1,2749.1416,2385.0376,2385037.5999
1,2749.4300,2385.3260,2385325.9999
1,2751.1365,2387.0325,2387032.4999
1,2751.3476,2387.2436,2387243.5999
1,2752.1160,2388.0120,2388011.9999
1,2753.4513,2389.3473,2389347.2999
1,2753.8617,2389.7577,2389757.6999
1,2754.2317,2390.1277,2390127.6999
1,2754.2454,2390.1414,2390141.3999
1,2754.2692,2390.1652,2390165.1999
1,2754.2988,2390.1948,2390194.7999
1,2754.9314,2390.8274,2390827.3999
1,2754.9376,2390.8336,2390833.5999
1,2755.1358,2391.0318,2391031.7999
1,2755.4790,2391.3750,2391374.9999
1,2755.9201,2391.8161,2391816.0999
1,2756.1107,2392.0067,2392006.6999
1,2756.9376,2392.8336,2392833.5999
1,2757.7710,2393.6670,2393666.9999
1,2758.3997,2394.2957,2394295.6999
1,2758.6439,2394.5399,2394539.8999
1,2758.9530,2394.8490,2394848.9999
1,2759.0483,2394.9443,2394944.2999
1,2759.0843,2394.9803,2394980.2999
1,2759.4509,2395.3469,2395346.8999
1,2760.3859,2396.2819,2396281.8999
1,2760.6292,2396.5252,2396525.1999
1,2761.9471,2397.8431,2397843.0999
1,2762.0495,2397.9455,2397945.4999
1,2762.3748,2398.2708,2398270.7999
1,2762.5964,2398.4924,2398492.3999
1,2762.6548,2398.5508,2398550.7999
1,2762.8889,2398.7849,2398784.8999
1,2763.0777,2398.9737,2398973.6999
1,2763.7235,2399.6195,2399619.4999
1,2763.7495,2399.6455,2399645.4999
1,2763.8509,2399.7469,2399746.8999
1,2763.8820,2399.7780,2399777.9999
1,2764.1936,2400.0896,2400089.5999
1,2764.4537,2400.3497,2400349.6999
1,2766.9905,2402.8865,2402886.4999
1,2767.5054,2403.4014,2403401.3999
1,2767.6525,2403.5485,2403548.4999
1,2767.7476,2403.6436,2403643.5999
1,2767.7640,2403.6600,2403659.9999
1,2767.8678,2403.7638,2403763.7999
1,2768.2700,2404.1660,2404165.9999
1,2769.5267,2405.4227,2405422.6999
1,2770.5321,2406.4281,2406428.0999
1,2770.7396,2406.6356,2406635.5999
1,2770.7799,2406.6759,2406675.8999
1,2770.9450,2406.8410,2406840.9999
1,2771.3843,2407.2803,2407280.2999
1,2771.5855,2407.4815,2407481.4999
1,2773.4631,2409.3591,2409359.0999
1,2774.2847,2410.1807,2410180.6999
1,2774.4605,2410.3565,2410356.4999
1,2774.5904,2410.4864,2410486.3999
1,2774.6183,2410.5143,2410514.2999
1,2774.8012,2410.6972,2410697.1999
1,2774.9778,2410.8738,2410873.7999
1,2775.0522,2410.9482,2410948.1999
1,2775.3343,2411.2303,2411230.2999
1,2775.7464,2411.6424,2411642.3999
1,2775.8988,2411.7948,2411794.7999
1,2776.0962,2411.9922,2411992.1999
1,2776.8570,2412.7530,2412752.9999
1,2777.4415,2413.3375,2413337.4999
1,2777.5139,2413.4099,2413409.8999
1,2777.8862,2413.7822,2413782.1999
1,2777.8989,2413.7949,2413794.8999
1,2778.3082,2414.2042,2414204.1999
1,2778.3241,2414.2201,2414220.0999
1,2778.3297,2414.2257,2414225.6999
1,2778.6935,2414.5895,2414589.4999
1,2778.7593,2414.6553,2414655.2999
1,2778.8805,2414.7765,2414776.4999
1,2778.9041,2414.8001,2414800.0999
1,2779.4723,2415.3683,2415368.2999
1,2779.6018,2415.4978,2415497.7999
1,2779.8657,2415.7617,2415761.6999
1,2780.3372,2416.2332,2416233.1999
1,2780.3410,2416.2370,2416236.9999
1,2780.5060,2416.4020,2416401.9999
1,2780.5442,2416.4402,2416440.1999
1,2781.0432,2416.9392,2416939.1999
1,2781.1125,2417.0085,2417008.4999
1,2781.1569,2417.0529,2417052.8999
1,2781.4240,2417.3200,2417319.9999
1,2781.6656,2417.5616,2417561.5999
1,2781.8230,2417.7190,2417718.9999
1,2782.1801,2418.0761,2418076.0999
1,2782.3179,2418.2139,2418213.8999
1,2782.8902,2418.7862,2418786.1999
1,2782.9574,2418.8534,2418853.3999
1,2783.0899,2418.9859,2418985.8999
1,2783.1775,2419.0735,2419073.4999
1,2783.2796,2419.1756,2419175.5999
1,2783.3775,2419.2735,2419273.4999
1,2783.4899,2419.3859,2419385.8999
1,2783.7435,2419.6395,2419639.4999
1,2783.7798,2419.6758,2419675.7999
1,2783.9495,2419.8455,2419845.4999
1,2784.0287,2419.9247,2419924.6999
1,2784.2570,2420.1530,2420152.9999
1,2784.2776,2420.1736,2420173.5999
1,2784.5190,2420.4150,2420414.9999
1,2784.5655,2420.4615,2420461.4999
1,2784.6520,2420.5480,2420547.9999
1,2784.7314,2420.6274,2420627.3999
1,2784.7880,2420.6840,2420683.9999
1,2785.0767,2420.9727,2420972.6999
1,2785.4515,2421.3475,2421347.4999
1,2785.4625,2421.3585,2421358.4999
1,2785.7134,2421.6094,2421609.3999
1,2786.5193,2422.4153,2422415.2999
1,2786.5826,2422.4786,2422478.5999
1,2786.7821,2422.6781,2422678.0999
1,2786.9941,2422.8901,2422890.0999
1,2787.0428,2422.9388,2422938.7999
1,2787.2463,2423.1423,2423142.2999
1,2787.3207,2423.2167,2423216.6999
1,2787.6456,2423.5416,2423541.5999
1,2787.7858,2423.6818,2423681.7999
1,2788.4864,2424.3824,2424382.3999
1,2788.6857,2424.5817,2424581.6999
1,2789.1353,2425.0313,2425031.2999
1,2789.3580,2425.2540,2425253.9999
1,2789.5551,2425.4511,2425451.0999
1,2789.6263,2425.5223,2425522.2999
1,2789.6541,2425.5501,2425550.0999
1,2789.8386,2425.7346,2425734.5999
1,2790.0083,2425.9043,2425904.2999
1,2790.0924,2425.9884,2425988.3999
1,2790.2360,2426.1320,2426131.9999
1,2791.5095,2427.4055,2427405.4999
1,2791.6905,2427.5865,2427586.4999
1,2791.7658,2427.6618,2427661.7999
1,2791.9879,2427.8839,2427883.8999
1,2792.0134,2427.9094,2427909.3999
1,2792.2683,2428.1643,2428164.2999
1,2792.3438,2428.2398,2428239.7999
1,2792.4725,2428.3685,2428368.4999
1,2792.5090,2428.4050,2428404.9999
1,2792.8001,2428.6961,2428696.0999
1,2792.8777,2428.7737,2428773.6999
1,2792.9177,2428.8137,2428813.6999
1,2793.0134,2428.9094,2428909.3999
1,2793.1636,2429.0596,2429059.5999
1,2793.3053,2429.2013,2429201.2999
1,2793.3802,2429.2762,2429276.1999
1,2793.4067,2429.3027,2429302.6999
1,2793.7694,2429.6654,2429665.3999
1,2793.8714,2429.7674,2429767.3999
1,2793.9811,2429.8771,2429877.0999
1,2794.2063,2430.1023,2430102.2999
1,2794.2656,2430.1616,2430161.5999
1,2794.4554,2430.3514,2430351.3999
1,2794.4597,2430.3557,2430355.6999
1,2794.6133,2430.5093,2430509.2999
1,2794.6446,2430.5406,2430540.5999
1,2794.8521,2430.7481,2430748.0999
1,2794.9395,2430.8355,2430835.4999
1,2795.0158,2430.9118,2430911.7999
1,2795.1493,2431.0453,2431045.2999
1,2795.2396,2431.1356,2431135.5999
1,2795.2801,2431.1761,2431176.0999
1,2795.3584,2431.2544,2431254.3999
1,2795.5847,2431.4807,2431480.6999
1,2795.6136,2431.5096,2431509.5999
1,2795.7527,2431.6487,2431648.6999
1,2795.8229,2431.7189,2431718.8999
1,2795.8907,2431.7867,2431786.6999
1,2796.0471,2431.9431,2431943.0999
1,2796.2179,2432.1139,2432113.8999
1,2796.9397,2432.8357,2432835.6999
1,2797.0004,2432.8964,2432896.3999
1,2797.0253,2432.9213,2432921.2999
1,2798.5936,2434.4896,2434489.5999
1,2798.9843,2434.8803,2434880.2999
1,2799.0059,2434.9019,2434901.8999
1,2799.0098,2434.9058,2434905.7999
1,2799.5703,2435.4663,2435466.2999
1,2799.6268,2435.5228,2435522.7999
1,2799.8758,2435.7718,2435771.7999
1,2800.0816,2435.9776,2435977.5999
1,2800.3617,2436.2577,2436257.6999
1,2800.4686,2436.3646,2436364.5999
1,2800.7067,2436.6027,2436602.6999
1,2800.8071,2436.7031,2436703.0999
1,2800.9147,2436.8107,2436810.6999
1,2800.9553,2436.8513,2436851.2999
1,2800.9917,2436.8877,2436887.6999
1,2801.0399,2436.9359,2436935.8999
1,2801.2185,2437.1145,2437114.4999
1,2801.4164,2437.3124,2437312.3999
1,2801.4978,2437.3938,2437393.7999
1,2801.6117,2437.5077,2437507.6999
1,2801.6389,2437.5349,2437534.8999
1,2801.7578,2437.6538,2437653.7999
1,2801.7751,2437.6711,2437671.0999
1,2801.9626,2437.8586,2437858.5999
1,2802.0601,2437.9561,2437956.0999
1,2802.0963,2437.9923,2437992.2999
1,2802.2925,2438.1885,2438188.4999
1,2802.3928,2438.2888,2438288.7999
1,2802.4487,2438.3447,2438344.6999
1,2802.4855,2438.3815,2438381.4999
1,2802.5011,2438.3971,2438397.0999
1,2802.6130,2438.5090,2438508.9999
1,2802.7978,2438.6938,2438693.7999
1,2803.0288,2438.9248,2438924.7999
1,2803.3150,2439.2110,2439210.9999
1,2803.6333,2439.5293,2439529.2999
1,2803.7885,2439.6845,2439684.4999
1,2803.9604,2439.8564,2439856.3999
1,2804.1711,2440.0671,2440067.0999
1,2804.2606,2440.1566,2440156.5999
1,2804.4159,2440.3119,2440311.8999
1,2804.4598,2440.3558,2440355.7999
1,2806.3744,2442.2704,2442270.3999
1,2807.7926,2443.6886,2443688.5999
1,2808.0938,2443.9898,2443989.7999
1,2808.3214,2444.2174,2444217.3999
1,2808.9506,2444.8466,2444846.5999
1,2808.9772,2444.8732,2444873.1999
1,2809.1654,2445.0614,2445061.3999
1,2809.6123,2445.5083,2445508.2999
1,2809.6680,2445.5640,2445563.9999
1,2810.4436,2446.3396,2446339.5999
1,2810.5542,2446.4502,2446450.1999
1,2810.6245,2446.5205,2446520.4999
1,2819.0014,2454.8974,2454897.3999
1,2819.0065,2454.9025,2454902.4999
1,2819.0195,2454.9155,2454915.4999
1,2819.2094,2455.1054,2455105.3999
1,2819.2915,2455.1875,2455187.4999
1,2819.2961,2455.1921,2455192.0999
1,2819.3166,2455.2126,2455212.5999
1,2819.3692,2455.2652,2455265.1999
1,2819.4022,2455.2982,2455298.1999
1,2819.4082,2455.3042,2455304.1999
1,2821.0609,2456.9569,2456956.8999
1,2821.1975,2457.0935,2457093.4999
1,2824.6925,2460.5885,2460588.4999
1,2824.8722,2460.7682,2460768.1999
1,2825.0141,2460.9101,2460910.0999
1,2825.1069,2461.0029,2461002.8999
1,2825.2932,2461.1892,2461189.1999
1,2825.3051,2461.2011,2461201.0999
1,2825.3919,2461.2879,2461287.8999
1,2825.4266,2461.3226,2461322.5999
1,2825.4749,2461.3709,2461370.8999
1,2825.7801,2461.6761,2461676.0999
1,2825.8116,2461.7076,2461707.5999
1,2825.9262,2461.8222,2461822.1999
1,2826.0447,2461.9407,2461940.6999
1,2826.0728,2461.9688,2461968.7999
1,2826.0878,2461.9838,2461983.7999
1,2826.0980,2461.9940,2461993.9999
1,2826.1601,2462.0561,2462056.0999
1,2826.2742,2462.1702,2462170.1999
1,2826.3423,2462.2383,2462238.2999
1,2826.3527,2462.2487,2462248.6999
1,2826.3589,2462.2549,2462254.8999
1,2826.6445,2462.5405,2462540.4999
1,2826.7665,2462.6625,2462662.4999
1,2826.8942,2462.7902,2462790.1999
1,2826.9004,2462.7964,2462796.3999
1,2826.9602,2462.8562,2462856.1999
1,2826.9702,2462.8662,2462866.1999
1,2827.0249,2462.9209,2462920.8999
1,2827.6581,2463.5541,2463554.0999
1,2827.6895,2463.5855,2463585.4999
1,2828.0133,2463.9093,2463909.2999
1,2828.1199,2464.0159,2464015.8999
1,2828.2015,2464.0975,2464097.4999
1,2828.3230,2464.2190,2464218.9999
1,2828.4314,2464.3274,2464327.3999
1,2828.5158,2464.4118,2464411.7999
1,2828.5866,2464.4826,2464482.5999
1,2828.6757,2464.5717,2464571.6999
1,2828.8176,2464.7136,2464713.5999
1,2828.8644,2464.7604,2464760.3999
1,2829.0204,2464.9164,2464916.3999
1,2829.1001,2464.9961,2464996.0999
1,2829.2369,2465.1329,2465132.8999
1,2831.6763,2467.5723,2467572.2999
1,2832.2830,2468.1790,2468178.9999
1,2832.4430,2468.3390,2468338.9999
1,2832.5484,2468.4444,2468444.3999
1,2832.5731,2468.4691,2468469.0999
1,2832.9017,2468.7977,2468797.6999
1,2832.9544,2468.8504,2468850.3999
1,2833.0800,2468.9760,2468975.9999
1,2833.2078,2469.1038,2469103.7999
1,2833.5373,2469.4333,2469433.2999
1,2833.6031,2469.4991,2469499.0999
1,2833.8041,2469.7001,2469700.0999
1,2833.8357,2469.7317,2469731.6999
1,2834.3488,2470.2448,2470244.7999
1,2834.5983,2470.4943,2470494.2999
1,2834.6367,2470.5327,2470532.6999
1,2835.0805,2470.9765,2470976.4999
1,2835.1526,2471.0486,2471048.5999
1,2835.2255,2471.1215,2471121.4999
1,2835.2285,2471.1245,2471124.4999
1,2835.3648,2471.2608,2471260.7999
1,2835.6107,2471.5067,2471506.6999
1,2836.1415,2472.0375,2472037.4999
1,2836.1590,2472.0550,2472054.9999
1,2837.5100,2473.4060,2473405.9999
1,2838.7822,2474.6782,2474678.1999
1,2840.8355,2476.7315,2476731.4999
