units,spikeTimeRawS,movieAlignedTimeS,movieAlignedTimeMs,trialOrder,clipWindowId,clipID,movieID,isAccurate,plotOrder,includeInPlots,clipStartTimeMs,clipEndTimeMs,spikeTimeRelativeToClipStartMs,spikeTimeRelativeToClipStartS
1,866.4679,842.6269,842626.8999,1,1.0-842625-844596,368.0000,1.0000,1,1,True,842625.0000,844596.0000,1.8999,0.0019
1,866.4872,842.6462,842646.1999,1,1.0-842625-844596,368.0000,1.0000,1,1,True,842625.0000,844596.0000,21.1999,0.0212
1,866.5590,842.7180,842717.9999,1,1.0-842625-844596,368.0000,1.0000,1,1,True,842625.0000,844596.0000,92.9999,0.0930
1,866.5979,842.7569,842756.8999,1,1.0-842625-844596,368.0000,1.0000,1,1,True,842625.0000,844596.0000,131.8999,0.1319
1,866.6157,842.7747,842774.6999,1,1.0-842625-844596,368.0000,1.0000,1,1,True,842625.0000,844596.0000,149.6999,0.1497
1,866.6246,842.7836,842783.5999,1,1.0-842625-844596,368.0000,1.0000,1,1,True,842625.0000,844596.0000,158.5999,0.1586
1,866.6464,842.8054,842805.3999,1,1.0-842625-844596,368.0000,1.0000,1,1,True,842625.0000,844596.0000,180.3999,0.1804
1,866.6722,842.8312,842831.1999,1,1.0-842625-844596,368.0000,1.0000,1,1,True,842625.0000,844596.0000,206.1999,0.2062
1,866.6749,842.8339,842833.8999,1,1.0-842625-844596,368.0000,1.0000,1,1,True,842625.0000,844596.0000,208.8999,0.2089
1,866.6847,842.8437,842843.6999,1,1.0-842625-844596,368.0000,1.0000,1,1,True,842625.0000,844596.0000,218.6999,0.2187
1,866.7004,842.8594,842859.3999,1,1.0-842625-844596,368.0000,1.0000,1,1,True,842625.0000,844596.0000,234.3999,0.2344
1,866.7107,842.8697,842869.6999,1,1.0-842625-844596,368.0000,1.0000,1,1,True,842625.0000,844596.0000,244.6999,0.2447
1,866.7250,842.8840,842883.9999,1,1.0-842625-844596,368.0000,1.0000,1,1,True,842625.0000,844596.0000,258.9999,0.2590
1,866.7394,842.8984,842898.3999,1,1.0-842625-844596,368.0000,1.0000,1,1,True,842625.0000,844596.0000,273.3999,0.2734
1,866.7649,842.9239,842923.8999,1,1.0-842625-844596,368.0000,1.0000,1,1,True,842625.0000,844596.0000,298.8999,0.2989
1,866.7688,842.9278,842927.7999,1,1.0-842625-844596,368.0000,1.0000,1,1,True,842625.0000,844596.0000,302.7999,0.3028
1,866.7893,842.9483,842948.2999,1,1.0-842625-844596,368.0000,1.0000,1,1,True,842625.0000,844596.0000,323.2999,0.3233
1,866.8273,842.9863,842986.2999,1,1.0-842625-844596,368.0000,1.0000,1,1,True,842625.0000,844596.0000,361.2999,0.3613
1,866.8483,843.0073,843007.2999,1,1.0-842625-844596,368.0000,1.0000,1,1,True,842625.0000,844596.0000,382.2999,0.3823
1,866.8690,843.0280,843027.9999,1,1.0-842625-844596,368.0000,1.0000,1,1,True,842625.0000,844596.0000,402.9999,0.4030
1,866.8992,843.0582,843058.1999,1,1.0-842625-844596,368.0000,1.0000,1,1,True,842625.0000,844596.0000,433.1999,0.4332
1,866.9252,843.0842,843084.1999,1,1.0-842625-844596,368.0000,1.0000,1,1,True,842625.0000,844596.0000,459.1999,0.4592
1,866.9895,843.1485,843148.4999,1,1.0-842625-844596,368.0000,1.0000,1,1,True,842625.0000,844596.0000,523.4999,0.5235
1,867.0499,843.2089,843208.8999,1,1.0-842625-844596,368.0000,1.0000,1,1,True,842625.0000,844596.0000,583.8999,0.5839
1,867.0638,843.2228,843222.7999,1,1.0-842625-844596,368.0000,1.0000,1,1,True,842625.0000,844596.0000,597.7999,0.5978
1,867.0957,843.2547,843254.6999,1,1.0-842625-844596,368.0000,1.0000,1,1,True,842625.0000,844596.0000,629.6999,0.6297
1,867.1156,843.2746,843274.5999,1,1.0-842625-844596,368.0000,1.0000,1,1,True,842625.0000,844596.0000,649.5999,0.6496
1,867.1439,843.3029,843302.8999,1,1.0-842625-844596,368.0000,1.0000,1,1,True,842625.0000,844596.0000,677.8999,0.6779
1,867.1631,843.3221,843322.0999,1,1.0-842625-844596,368.0000,1.0000,1,1,True,842625.0000,844596.0000,697.0999,0.6971
1,867.1789,843.3379,843337.8999,1,1.0-842625-844596,368.0000,1.0000,1,1,True,842625.0000,844596.0000,712.8999,0.7129
1,867.1958,843.3548,843354.7999,1,1.0-842625-844596,368.0000,1.0000,1,1,True,842625.0000,844596.0000,729.7999,0.7298
1,867.2244,843.3834,843383.3999,1,1.0-842625-844596,368.0000,1.0000,1,1,True,842625.0000,844596.0000,758.3999,0.7584
1,867.2443,843.4033,843403.2999,1,1.0-842625-844596,368.0000,1.0000,1,1,True,842625.0000,844596.0000,778.2999,0.7783
1,867.2833,843.4423,843442.2999,1,1.0-842625-844596,368.0000,1.0000,1,1,True,842625.0000,844596.0000,817.2999,0.8173
1,867.2975,843.4565,843456.4999,1,1.0-842625-844596,368.0000,1.0000,1,1,True,842625.0000,844596.0000,831.4999,0.8315
1,867.3245,843.4835,843483.4999,1,1.0-842625-844596,368.0000,1.0000,1,1,True,842625.0000,844596.0000,858.4999,0.8585
1,867.3462,843.5052,843505.1999,1,1.0-842625-844596,368.0000,1.0000,1,1,True,842625.0000,844596.0000,880.1999,0.8802
1,867.3816,843.5406,843540.5999,1,1.0-842625-844596,368.0000,1.0000,1,1,True,842625.0000,844596.0000,915.5999,0.9156
1,867.4036,843.5626,843562.5999,1,1.0-842625-844596,368.0000,1.0000,1,1,True,842625.0000,844596.0000,937.5999,0.9376
1,867.4321,843.5911,843591.0999,1,1.0-842625-844596,368.0000,1.0000,1,1,True,842625.0000,844596.0000,966.0999,0.9661
1,867.4632,843.6222,843622.1999,1,1.0-842625-844596,368.0000,1.0000,1,1,True,842625.0000,844596.0000,997.1999,0.9972
1,867.5444,843.7034,843703.3999,1,1.0-842625-844596,368.0000,1.0000,1,1,True,842625.0000,844596.0000,1078.3999,1.0784
1,867.5735,843.7325,843732.4999,1,1.0-842625-844596,368.0000,1.0000,1,1,True,842625.0000,844596.0000,1107.4999,1.1075
1,867.5999,843.7589,843758.8999,1,1.0-842625-844596,368.0000,1.0000,1,1,True,842625.0000,844596.0000,1133.8999,1.1339
1,867.6125,843.7715,843771.4999,1,1.0-842625-844596,368.0000,1.0000,1,1,True,842625.0000,844596.0000,1146.4999,1.1465
1,867.7587,843.9177,843917.6999,1,1.0-842625-844596,368.0000,1.0000,1,1,True,842625.0000,844596.0000,1292.6999,1.2927
1,867.7667,843.9257,843925.6999,1,1.0-842625-844596,368.0000,1.0000,1,1,True,842625.0000,844596.0000,1300.6999,1.3007
1,867.7896,843.9486,843948.5999,1,1.0-842625-844596,368.0000,1.0000,1,1,True,842625.0000,844596.0000,1323.5999,1.3236
1,867.9208,844.0798,844079.7999,1,1.0-842625-844596,368.0000,1.0000,1,1,True,842625.0000,844596.0000,1454.7999,1.4548
1,867.9876,844.1466,844146.5999,1,1.0-842625-844596,368.0000,1.0000,1,1,True,842625.0000,844596.0000,1521.5999,1.5216
1,868.0365,844.1955,844195.4999,1,1.0-842625-844596,368.0000,1.0000,1,1,True,842625.0000,844596.0000,1570.4999,1.5705
1,868.0542,844.2132,844213.1999,1,1.0-842625-844596,368.0000,1.0000,1,1,True,842625.0000,844596.0000,1588.1999,1.5882
1,868.1165,844.2755,844275.4999,1,1.0-842625-844596,368.0000,1.0000,1,1,True,842625.0000,844596.0000,1650.4999,1.6505
1,868.1474,844.3064,844306.3999,1,1.0-842625-844596,368.0000,1.0000,1,1,True,842625.0000,844596.0000,1681.3999,1.6814
1,868.1834,844.3424,844342.3999,1,1.0-842625-844596,368.0000,1.0000,1,1,True,842625.0000,844596.0000,1717.3999,1.7174
1,868.2457,844.4047,844404.6999,1,1.0-842625-844596,368.0000,1.0000,1,1,True,842625.0000,844596.0000,1779.6999,1.7797
1,868.3041,844.4631,844463.0999,1,1.0-842625-844596,368.0000,1.0000,1,1,True,842625.0000,844596.0000,1838.0999,1.8381
1,868.3134,844.4724,844472.3999,1,1.0-842625-844596,368.0000,1.0000,1,1,True,842625.0000,844596.0000,1847.3999,1.8474
1,868.3316,844.4906,844490.5999,1,1.0-842625-844596,368.0000,1.0000,1,1,True,842625.0000,844596.0000,1865.5999,1.8656
1,868.3452,844.5042,844504.1999,1,1.0-842625-844596,368.0000,1.0000,1,1,True,842625.0000,844596.0000,1879.1999,1.8792
1,868.3577,844.5167,844516.6999,1,1.0-842625-844596,368.0000,1.0000,1,1,True,842625.0000,844596.0000,1891.6999,1.8917
1,868.3842,844.5432,844543.1999,1,1.0-842625-844596,368.0000,1.0000,1,1,True,842625.0000,844596.0000,1918.1999,1.9182
1,868.4074,844.5664,844566.3999,1,1.0-842625-844596,368.0000,1.0000,1,1,True,842625.0000,844596.0000,1941.3999,1.9414
1,868.4175,844.5765,844576.4999,1,1.0-842625-844596,368.0000,1.0000,1,1,True,842625.0000,844596.0000,1951.4999,1.9515
1,158.9442,135.1032,135103.1999,2,1.0-135099-137938,79.0000,1.0000,1,2,True,135099.0000,137938.0000,4.1999,0.0042
1,158.9682,135.1272,135127.1999,2,1.0-135099-137938,79.0000,1.0000,1,2,True,135099.0000,137938.0000,28.1999,0.0282
1,159.0204,135.1794,135179.3999,2,1.0-135099-137938,79.0000,1.0000,1,2,True,135099.0000,137938.0000,80.3999,0.0804
1,159.0635,135.2225,135222.4999,2,1.0-135099-137938,79.0000,1.0000,1,2,True,135099.0000,137938.0000,123.4999,0.1235
1,159.1177,135.2767,135276.6999,2,1.0-135099-137938,79.0000,1.0000,1,2,True,135099.0000,137938.0000,177.6999,0.1777
1,159.1774,135.3364,135336.3999,2,1.0-135099-137938,79.0000,1.0000,1,2,True,135099.0000,137938.0000,237.3999,0.2374
1,159.3299,135.4889,135488.8999,2,1.0-135099-137938,79.0000,1.0000,1,2,True,135099.0000,137938.0000,389.8999,0.3899
1,159.4196,135.5786,135578.5999,2,1.0-135099-137938,79.0000,1.0000,1,2,True,135099.0000,137938.0000,479.5999,0.4796
1,159.4432,135.6022,135602.1999,2,1.0-135099-137938,79.0000,1.0000,1,2,True,135099.0000,137938.0000,503.1999,0.5032
1,159.4782,135.6372,135637.1999,2,1.0-135099-137938,79.0000,1.0000,1,2,True,135099.0000,137938.0000,538.1999,0.5382
1,159.4922,135.6512,135651.1999,2,1.0-135099-137938,79.0000,1.0000,1,2,True,135099.0000,137938.0000,552.1999,0.5522
1,159.5136,135.6726,135672.5999,2,1.0-135099-137938,79.0000,1.0000,1,2,True,135099.0000,137938.0000,573.5999,0.5736
1,159.5264,135.6854,135685.3999,2,1.0-135099-137938,79.0000,1.0000,1,2,True,135099.0000,137938.0000,586.3999,0.5864
1,159.5500,135.7090,135708.9999,2,1.0-135099-137938,79.0000,1.0000,1,2,True,135099.0000,137938.0000,609.9999,0.6100
1,159.5668,135.7258,135725.7999,2,1.0-135099-137938,79.0000,1.0000,1,2,True,135099.0000,137938.0000,626.7999,0.6268
1,159.5695,135.7285,135728.4999,2,1.0-135099-137938,79.0000,1.0000,1,2,True,135099.0000,137938.0000,629.4999,0.6295
1,159.6042,135.7632,135763.1999,2,1.0-135099-137938,79.0000,1.0000,1,2,True,135099.0000,137938.0000,664.1999,0.6642
1,159.6434,135.8024,135802.3999,2,1.0-135099-137938,79.0000,1.0000,1,2,True,135099.0000,137938.0000,703.3999,0.7034
1,159.6810,135.8400,135839.9999,2,1.0-135099-137938,79.0000,1.0000,1,2,True,135099.0000,137938.0000,740.9999,0.7410
1,159.7004,135.8594,135859.3999,2,1.0-135099-137938,79.0000,1.0000,1,2,True,135099.0000,137938.0000,760.3999,0.7604
1,159.7137,135.8727,135872.6999,2,1.0-135099-137938,79.0000,1.0000,1,2,True,135099.0000,137938.0000,773.6999,0.7737
1,159.7768,135.9358,135935.7999,2,1.0-135099-137938,79.0000,1.0000,1,2,True,135099.0000,137938.0000,836.7999,0.8368
1,159.7858,135.9448,135944.7999,2,1.0-135099-137938,79.0000,1.0000,1,2,True,135099.0000,137938.0000,845.7999,0.8458
1,159.8320,135.9910,135990.9999,2,1.0-135099-137938,79.0000,1.0000,1,2,True,135099.0000,137938.0000,891.9999,0.8920
1,159.8373,135.9963,135996.2999,2,1.0-135099-137938,79.0000,1.0000,1,2,True,135099.0000,137938.0000,897.2999,0.8973
1,159.9104,136.0694,136069.3999,2,1.0-135099-137938,79.0000,1.0000,1,2,True,135099.0000,137938.0000,970.3999,0.9704
1,159.9411,136.1001,136100.0999,2,1.0-135099-137938,79.0000,1.0000,1,2,True,135099.0000,137938.0000,1001.0999,1.0011
1,160.0303,136.1893,136189.2999,2,1.0-135099-137938,79.0000,1.0000,1,2,True,135099.0000,137938.0000,1090.2999,1.0903
1,160.0930,136.2520,136251.9999,2,1.0-135099-137938,79.0000,1.0000,1,2,True,135099.0000,137938.0000,1152.9999,1.1530
1,160.1451,136.3041,136304.0999,2,1.0-135099-137938,79.0000,1.0000,1,2,True,135099.0000,137938.0000,1205.0999,1.2051
1,160.1832,136.3422,136342.1999,2,1.0-135099-137938,79.0000,1.0000,1,2,True,135099.0000,137938.0000,1243.1999,1.2432
1,160.2088,136.3678,136367.7999,2,1.0-135099-137938,79.0000,1.0000,1,2,True,135099.0000,137938.0000,1268.7999,1.2688
1,160.2291,136.3881,136388.0999,2,1.0-135099-137938,79.0000,1.0000,1,2,True,135099.0000,137938.0000,1289.0999,1.2891
1,160.2334,136.3924,136392.3999,2,1.0-135099-137938,79.0000,1.0000,1,2,True,135099.0000,137938.0000,1293.3999,1.2934
1,160.3012,136.4602,136460.1999,2,1.0-135099-137938,79.0000,1.0000,1,2,True,135099.0000,137938.0000,1361.1999,1.3612
1,160.3787,136.5377,136537.6999,2,1.0-135099-137938,79.0000,1.0000,1,2,True,135099.0000,137938.0000,1438.6999,1.4387
1,160.4065,136.5655,136565.4999,2,1.0-135099-137938,79.0000,1.0000,1,2,True,135099.0000,137938.0000,1466.4999,1.4665
1,160.4098,136.5688,136568.7999,2,1.0-135099-137938,79.0000,1.0000,1,2,True,135099.0000,137938.0000,1469.7999,1.4698
1,160.4217,136.5807,136580.6999,2,1.0-135099-137938,79.0000,1.0000,1,2,True,135099.0000,137938.0000,1481.6999,1.4817
1,160.4920,136.6510,136650.9999,2,1.0-135099-137938,79.0000,1.0000,1,2,True,135099.0000,137938.0000,1551.9999,1.5520
1,160.5327,136.6917,136691.6999,2,1.0-135099-137938,79.0000,1.0000,1,2,True,135099.0000,137938.0000,1592.6999,1.5927
1,160.5971,136.7561,136756.0999,2,1.0-135099-137938,79.0000,1.0000,1,2,True,135099.0000,137938.0000,1657.0999,1.6571
1,160.6300,136.7890,136788.9999,2,1.0-135099-137938,79.0000,1.0000,1,2,True,135099.0000,137938.0000,1689.9999,1.6900
1,160.6497,136.8087,136808.6999,2,1.0-135099-137938,79.0000,1.0000,1,2,True,135099.0000,137938.0000,1709.6999,1.7097
1,160.6642,136.8232,136823.1999,2,1.0-135099-137938,79.0000,1.0000,1,2,True,135099.0000,137938.0000,1724.1999,1.7242
1,160.6777,136.8367,136836.6999,2,1.0-135099-137938,79.0000,1.0000,1,2,True,135099.0000,137938.0000,1737.6999,1.7377
1,160.6870,136.8460,136845.9999,2,1.0-135099-137938,79.0000,1.0000,1,2,True,135099.0000,137938.0000,1746.9999,1.7470
1,160.7254,136.8844,136884.3999,2,1.0-135099-137938,79.0000,1.0000,1,2,True,135099.0000,137938.0000,1785.3999,1.7854
1,160.7458,136.9048,136904.7999,2,1.0-135099-137938,79.0000,1.0000,1,2,True,135099.0000,137938.0000,1805.7999,1.8058
1,160.7678,136.9268,136926.7999,2,1.0-135099-137938,79.0000,1.0000,1,2,True,135099.0000,137938.0000,1827.7999,1.8278
1,160.7716,136.9306,136930.5999,2,1.0-135099-137938,79.0000,1.0000,1,2,True,135099.0000,137938.0000,1831.5999,1.8316
1,160.7954,136.9544,136954.3999,2,1.0-135099-137938,79.0000,1.0000,1,2,True,135099.0000,137938.0000,1855.3999,1.8554
1,160.8084,136.9674,136967.3999,2,1.0-135099-137938,79.0000,1.0000,1,2,True,135099.0000,137938.0000,1868.3999,1.8684
1,160.9090,137.0680,137067.9999,2,1.0-135099-137938,79.0000,1.0000,1,2,True,135099.0000,137938.0000,1968.9999,1.9690
1,160.9481,137.1071,137107.0999,2,1.0-135099-137938,79.0000,1.0000,1,2,True,135099.0000,137938.0000,2008.0999,2.0081
1,160.9927,137.1517,137151.6999,2,1.0-135099-137938,79.0000,1.0000,1,2,True,135099.0000,137938.0000,2052.6999,2.0527
1,161.0079,137.1669,137166.8999,2,1.0-135099-137938,79.0000,1.0000,1,2,True,135099.0000,137938.0000,2067.8999,2.0679
1,161.1075,137.2665,137266.4999,2,1.0-135099-137938,79.0000,1.0000,1,2,True,135099.0000,137938.0000,2167.4999,2.1675
1,161.1212,137.2802,137280.1999,2,1.0-135099-137938,79.0000,1.0000,1,2,True,135099.0000,137938.0000,2181.1999,2.1812
1,161.1289,137.2879,137287.8999,2,1.0-135099-137938,79.0000,1.0000,1,2,True,135099.0000,137938.0000,2188.8999,2.1889
1,161.1540,137.3130,137312.9999,2,1.0-135099-137938,79.0000,1.0000,1,2,True,135099.0000,137938.0000,2213.9999,2.2140
1,161.1751,137.3341,137334.0999,2,1.0-135099-137938,79.0000,1.0000,1,2,True,135099.0000,137938.0000,2235.0999,2.2351
1,161.1954,137.3544,137354.3999,2,1.0-135099-137938,79.0000,1.0000,1,2,True,135099.0000,137938.0000,2255.3999,2.2554
1,161.2025,137.3615,137361.4999,2,1.0-135099-137938,79.0000,1.0000,1,2,True,135099.0000,137938.0000,2262.4999,2.2625
1,161.2445,137.4035,137403.4999,2,1.0-135099-137938,79.0000,1.0000,1,2,True,135099.0000,137938.0000,2304.4999,2.3045
1,161.2592,137.4182,137418.1999,2,1.0-135099-137938,79.0000,1.0000,1,2,True,135099.0000,137938.0000,2319.1999,2.3192
1,161.2869,137.4459,137445.8999,2,1.0-135099-137938,79.0000,1.0000,1,2,True,135099.0000,137938.0000,2346.8999,2.3469
1,161.2904,137.4494,137449.3999,2,1.0-135099-137938,79.0000,1.0000,1,2,True,135099.0000,137938.0000,2350.3999,2.3504
1,161.3257,137.4847,137484.6999,2,1.0-135099-137938,79.0000,1.0000,1,2,True,135099.0000,137938.0000,2385.6999,2.3857
1,161.3274,137.4864,137486.3999,2,1.0-135099-137938,79.0000,1.0000,1,2,True,135099.0000,137938.0000,2387.3999,2.3874
1,161.3627,137.5217,137521.6999,2,1.0-135099-137938,79.0000,1.0000,1,2,True,135099.0000,137938.0000,2422.6999,2.4227
1,161.3939,137.5529,137552.8999,2,1.0-135099-137938,79.0000,1.0000,1,2,True,135099.0000,137938.0000,2453.8999,2.4539
1,161.3991,137.5581,137558.0999,2,1.0-135099-137938,79.0000,1.0000,1,2,True,135099.0000,137938.0000,2459.0999,2.4591
1,161.4166,137.5756,137575.5999,2,1.0-135099-137938,79.0000,1.0000,1,2,True,135099.0000,137938.0000,2476.5999,2.4766
1,161.4259,137.5849,137584.8999,2,1.0-135099-137938,79.0000,1.0000,1,2,True,135099.0000,137938.0000,2485.8999,2.4859
1,161.4398,137.5988,137598.7999,2,1.0-135099-137938,79.0000,1.0000,1,2,True,135099.0000,137938.0000,2499.7999,2.4998
1,161.4675,137.6265,137626.4999,2,1.0-135099-137938,79.0000,1.0000,1,2,True,135099.0000,137938.0000,2527.4999,2.5275
1,161.4726,137.6316,137631.5999,2,1.0-135099-137938,79.0000,1.0000,1,2,True,135099.0000,137938.0000,2532.5999,2.5326
1,161.4922,137.6512,137651.1999,2,1.0-135099-137938,79.0000,1.0000,1,2,True,135099.0000,137938.0000,2552.1999,2.5522
1,161.5104,137.6694,137669.3999,2,1.0-135099-137938,79.0000,1.0000,1,2,True,135099.0000,137938.0000,2570.3999,2.5704
1,161.5466,137.7056,137705.5999,2,1.0-135099-137938,79.0000,1.0000,1,2,True,135099.0000,137938.0000,2606.5999,2.6066
1,161.5533,137.7123,137712.2999,2,1.0-135099-137938,79.0000,1.0000,1,2,True,135099.0000,137938.0000,2613.2999,2.6133
1,161.5692,137.7282,137728.1999,2,1.0-135099-137938,79.0000,1.0000,1,2,True,135099.0000,137938.0000,2629.1999,2.6292
1,161.5802,137.7392,137739.1999,2,1.0-135099-137938,79.0000,1.0000,1,2,True,135099.0000,137938.0000,2640.1999,2.6402
1,161.5936,137.7526,137752.5999,2,1.0-135099-137938,79.0000,1.0000,1,2,True,135099.0000,137938.0000,2653.5999,2.6536
1,161.6052,137.7642,137764.1999,2,1.0-135099-137938,79.0000,1.0000,1,2,True,135099.0000,137938.0000,2665.1999,2.6652
1,161.6260,137.7850,137784.9999,2,1.0-135099-137938,79.0000,1.0000,1,2,True,135099.0000,137938.0000,2685.9999,2.6860
1,161.6354,137.7944,137794.3999,2,1.0-135099-137938,79.0000,1.0000,1,2,True,135099.0000,137938.0000,2695.3999,2.6954
1,161.6482,137.8072,137807.1999,2,1.0-135099-137938,79.0000,1.0000,1,2,True,135099.0000,137938.0000,2708.1999,2.7082
1,161.6502,137.8092,137809.1999,2,1.0-135099-137938,79.0000,1.0000,1,2,True,135099.0000,137938.0000,2710.1999,2.7102
1,161.6536,137.8126,137812.5999,2,1.0-135099-137938,79.0000,1.0000,1,2,True,135099.0000,137938.0000,2713.5999,2.7136
1,161.6656,137.8246,137824.5999,2,1.0-135099-137938,79.0000,1.0000,1,2,True,135099.0000,137938.0000,2725.5999,2.7256
1,161.6774,137.8364,137836.3999,2,1.0-135099-137938,79.0000,1.0000,1,2,True,135099.0000,137938.0000,2737.3999,2.7374
1,161.6867,137.8457,137845.6999,2,1.0-135099-137938,79.0000,1.0000,1,2,True,135099.0000,137938.0000,2746.6999,2.7467
1,161.6892,137.8482,137848.1999,2,1.0-135099-137938,79.0000,1.0000,1,2,True,135099.0000,137938.0000,2749.1999,2.7492
1,161.7141,137.8731,137873.0999,2,1.0-135099-137938,79.0000,1.0000,1,2,True,135099.0000,137938.0000,2774.0999,2.7741
1,161.7459,137.9049,137904.8999,2,1.0-135099-137938,79.0000,1.0000,1,2,True,135099.0000,137938.0000,2805.8999,2.8059
1,161.7683,137.9273,137927.2999,2,1.0-135099-137938,79.0000,1.0000,1,2,True,135099.0000,137938.0000,2828.2999,2.8283
1,1105.6205,1081.7795,1081779.4999,3,1.0-1081762-1083766,458.0000,1.0000,1,3,True,1081762.0000,1083766.0000,17.4999,0.0175
1,1105.6429,1081.8019,1081801.8999,3,1.0-1081762-1083766,458.0000,1.0000,1,3,True,1081762.0000,1083766.0000,39.8999,0.0399
1,1105.7375,1081.8965,1081896.4999,3,1.0-1081762-1083766,458.0000,1.0000,1,3,True,1081762.0000,1083766.0000,134.4999,0.1345
1,1105.7601,1081.9191,1081919.0999,3,1.0-1081762-1083766,458.0000,1.0000,1,3,True,1081762.0000,1083766.0000,157.0999,0.1571
1,1105.8147,1081.9737,1081973.6999,3,1.0-1081762-1083766,458.0000,1.0000,1,3,True,1081762.0000,1083766.0000,211.6999,0.2117
1,1105.8593,1082.0183,1082018.2999,3,1.0-1081762-1083766,458.0000,1.0000,1,3,True,1081762.0000,1083766.0000,256.2999,0.2563
1,1105.9050,1082.0640,1082063.9999,3,1.0-1081762-1083766,458.0000,1.0000,1,3,True,1081762.0000,1083766.0000,301.9999,0.3020
1,1106.0803,1082.2393,1082239.2999,3,1.0-1081762-1083766,458.0000,1.0000,1,3,True,1081762.0000,1083766.0000,477.2999,0.4773
1,1106.0877,1082.2467,1082246.6999,3,1.0-1081762-1083766,458.0000,1.0000,1,3,True,1081762.0000,1083766.0000,484.6999,0.4847
1,1106.0911,1082.2501,1082250.0999,3,1.0-1081762-1083766,458.0000,1.0000,1,3,True,1081762.0000,1083766.0000,488.0999,0.4881
1,1106.1933,1082.3523,1082352.2999,3,1.0-1081762-1083766,458.0000,1.0000,1,3,True,1081762.0000,1083766.0000,590.2999,0.5903
1,1106.2062,1082.3652,1082365.1999,3,1.0-1081762-1083766,458.0000,1.0000,1,3,True,1081762.0000,1083766.0000,603.1999,0.6032
1,1106.2800,1082.4390,1082438.9999,3,1.0-1081762-1083766,458.0000,1.0000,1,3,True,1081762.0000,1083766.0000,676.9999,0.6770
1,1106.4095,1082.5685,1082568.4999,3,1.0-1081762-1083766,458.0000,1.0000,1,3,True,1081762.0000,1083766.0000,806.4999,0.8065
1,1106.6140,1082.7730,1082772.9999,3,1.0-1081762-1083766,458.0000,1.0000,1,3,True,1081762.0000,1083766.0000,1010.9999,1.0110
1,1106.6194,1082.7784,1082778.3999,3,1.0-1081762-1083766,458.0000,1.0000,1,3,True,1081762.0000,1083766.0000,1016.3999,1.0164
1,1106.7134,1082.8724,1082872.3999,3,1.0-1081762-1083766,458.0000,1.0000,1,3,True,1081762.0000,1083766.0000,1110.3999,1.1104
1,1106.7194,1082.8784,1082878.3999,3,1.0-1081762-1083766,458.0000,1.0000,1,3,True,1081762.0000,1083766.0000,1116.3999,1.1164
1,1106.7514,1082.9104,1082910.3999,3,1.0-1081762-1083766,458.0000,1.0000,1,3,True,1081762.0000,1083766.0000,1148.3999,1.1484
1,1106.8264,1082.9854,1082985.3999,3,1.0-1081762-1083766,458.0000,1.0000,1,3,True,1081762.0000,1083766.0000,1223.3999,1.2234
1,1106.8434,1083.0024,1083002.3999,3,1.0-1081762-1083766,458.0000,1.0000,1,3,True,1081762.0000,1083766.0000,1240.3999,1.2404
1,1106.9028,1083.0618,1083061.7999,3,1.0-1081762-1083766,458.0000,1.0000,1,3,True,1081762.0000,1083766.0000,1299.7999,1.2998
1,1107.0128,1083.1718,1083171.7999,3,1.0-1081762-1083766,458.0000,1.0000,1,3,True,1081762.0000,1083766.0000,1409.7999,1.4098
1,1107.0771,1083.2361,1083236.0999,3,1.0-1081762-1083766,458.0000,1.0000,1,3,True,1081762.0000,1083766.0000,1474.0999,1.4741
1,1107.1232,1083.2822,1083282.1999,3,1.0-1081762-1083766,458.0000,1.0000,1,3,True,1081762.0000,1083766.0000,1520.1999,1.5202
1,1107.1618,1083.3208,1083320.7999,3,1.0-1081762-1083766,458.0000,1.0000,1,3,True,1081762.0000,1083766.0000,1558.7999,1.5588
1,1107.1766,1083.3356,1083335.5999,3,1.0-1081762-1083766,458.0000,1.0000,1,3,True,1081762.0000,1083766.0000,1573.5999,1.5736
1,1107.1996,1083.3586,1083358.5999,3,1.0-1081762-1083766,458.0000,1.0000,1,3,True,1081762.0000,1083766.0000,1596.5999,1.5966
1,1107.2017,1083.3607,1083360.6999,3,1.0-1081762-1083766,458.0000,1.0000,1,3,True,1081762.0000,1083766.0000,1598.6999,1.5987
1,1107.2541,1083.4131,1083413.0999,3,1.0-1081762-1083766,458.0000,1.0000,1,3,True,1081762.0000,1083766.0000,1651.0999,1.6511
1,1107.2983,1083.4573,1083457.2999,3,1.0-1081762-1083766,458.0000,1.0000,1,3,True,1081762.0000,1083766.0000,1695.2999,1.6953
1,1107.3532,1083.5122,1083512.1999,3,1.0-1081762-1083766,458.0000,1.0000,1,3,True,1081762.0000,1083766.0000,1750.1999,1.7502
1,1855.6683,1831.8273,1831827.2999,4,1.0-1831805-1832841,755.0000,1.0000,1,4,True,1831805.0000,1832841.0000,22.2999,0.0223
1,1855.6756,1831.8346,1831834.5999,4,1.0-1831805-1832841,755.0000,1.0000,1,4,True,1831805.0000,1832841.0000,29.5999,0.0296
1,1855.7052,1831.8642,1831864.1999,4,1.0-1831805-1832841,755.0000,1.0000,1,4,True,1831805.0000,1832841.0000,59.1999,0.0592
1,1855.7230,1831.8820,1831881.9999,4,1.0-1831805-1832841,755.0000,1.0000,1,4,True,1831805.0000,1832841.0000,76.9999,0.0770
1,1855.7576,1831.9166,1831916.5999,4,1.0-1831805-1832841,755.0000,1.0000,1,4,True,1831805.0000,1832841.0000,111.5999,0.1116
1,1855.7774,1831.9364,1831936.3999,4,1.0-1831805-1832841,755.0000,1.0000,1,4,True,1831805.0000,1832841.0000,131.3999,0.1314
1,1855.8687,1832.0277,1832027.6999,4,1.0-1831805-1832841,755.0000,1.0000,1,4,True,1831805.0000,1832841.0000,222.6999,0.2227
1,1855.8971,1832.0561,1832056.0999,4,1.0-1831805-1832841,755.0000,1.0000,1,4,True,1831805.0000,1832841.0000,251.0999,0.2511
1,1855.9334,1832.0924,1832092.3999,4,1.0-1831805-1832841,755.0000,1.0000,1,4,True,1831805.0000,1832841.0000,287.3999,0.2874
1,1856.0249,1832.1839,1832183.8999,4,1.0-1831805-1832841,755.0000,1.0000,1,4,True,1831805.0000,1832841.0000,378.8999,0.3789
1,1856.0763,1832.2353,1832235.2999,4,1.0-1831805-1832841,755.0000,1.0000,1,4,True,1831805.0000,1832841.0000,430.2999,0.4303
1,1856.1084,1832.2674,1832267.3999,4,1.0-1831805-1832841,755.0000,1.0000,1,4,True,1831805.0000,1832841.0000,462.3999,0.4624
1,1856.1109,1832.2699,1832269.8999,4,1.0-1831805-1832841,755.0000,1.0000,1,4,True,1831805.0000,1832841.0000,464.8999,0.4649
1,1856.2118,1832.3708,1832370.7999,4,1.0-1831805-1832841,755.0000,1.0000,1,4,True,1831805.0000,1832841.0000,565.7999,0.5658
1,1856.2298,1832.3888,1832388.7999,4,1.0-1831805-1832841,755.0000,1.0000,1,4,True,1831805.0000,1832841.0000,583.7999,0.5838
1,1856.2335,1832.3925,1832392.4999,4,1.0-1831805-1832841,755.0000,1.0000,1,4,True,1831805.0000,1832841.0000,587.4999,0.5875
1,1856.2600,1832.4190,1832418.9999,4,1.0-1831805-1832841,755.0000,1.0000,1,4,True,1831805.0000,1832841.0000,613.9999,0.6140
1,1856.3013,1832.4603,1832460.2999,4,1.0-1831805-1832841,755.0000,1.0000,1,4,True,1831805.0000,1832841.0000,655.2999,0.6553
1,1856.3163,1832.4753,1832475.2999,4,1.0-1831805-1832841,755.0000,1.0000,1,4,True,1831805.0000,1832841.0000,670.2999,0.6703
1,1856.4029,1832.5619,1832561.8999,4,1.0-1831805-1832841,755.0000,1.0000,1,4,True,1831805.0000,1832841.0000,756.8999,0.7569
1,1856.4154,1832.5744,1832574.3999,4,1.0-1831805-1832841,755.0000,1.0000,1,4,True,1831805.0000,1832841.0000,769.3999,0.7694
1,1856.4741,1832.6331,1832633.0999,4,1.0-1831805-1832841,755.0000,1.0000,1,4,True,1831805.0000,1832841.0000,828.0999,0.8281
1,1856.4794,1832.6384,1832638.3999,4,1.0-1831805-1832841,755.0000,1.0000,1,4,True,1831805.0000,1832841.0000,833.3999,0.8334
1,1856.5310,1832.6900,1832689.9999,4,1.0-1831805-1832841,755.0000,1.0000,1,4,True,1831805.0000,1832841.0000,884.9999,0.8850
1,1856.5827,1832.7417,1832741.6999,4,1.0-1831805-1832841,755.0000,1.0000,1,4,True,1831805.0000,1832841.0000,936.6999,0.9367
1,1856.5975,1832.7565,1832756.4999,4,1.0-1831805-1832841,755.0000,1.0000,1,4,True,1831805.0000,1832841.0000,951.4999,0.9515
1,1856.6102,1832.7692,1832769.1999,4,1.0-1831805-1832841,755.0000,1.0000,1,4,True,1831805.0000,1832841.0000,964.1999,0.9642
1,1856.6402,1832.7992,1832799.1999,4,1.0-1831805-1832841,755.0000,1.0000,1,4,True,1831805.0000,1832841.0000,994.1999,0.9942
1,1628.2415,1604.4005,1604400.4999,5,1.0-1604391-1607163,650.0000,1.0000,1,5,True,1604391.0000,1607163.0000,9.4999,0.0095
1,1628.4112,1604.5702,1604570.1999,5,1.0-1604391-1607163,650.0000,1.0000,1,5,True,1604391.0000,1607163.0000,179.1999,0.1792
1,1628.4434,1604.6024,1604602.3999,5,1.0-1604391-1607163,650.0000,1.0000,1,5,True,1604391.0000,1607163.0000,211.3999,0.2114
1,1628.5006,1604.6596,1604659.5999,5,1.0-1604391-1607163,650.0000,1.0000,1,5,True,1604391.0000,1607163.0000,268.5999,0.2686
1,1628.5173,1604.6763,1604676.2999,5,1.0-1604391-1607163,650.0000,1.0000,1,5,True,1604391.0000,1607163.0000,285.2999,0.2853
1,1628.5533,1604.7123,1604712.2999,5,1.0-1604391-1607163,650.0000,1.0000,1,5,True,1604391.0000,1607163.0000,321.2999,0.3213
1,1628.7256,1604.8846,1604884.5999,5,1.0-1604391-1607163,650.0000,1.0000,1,5,True,1604391.0000,1607163.0000,493.5999,0.4936
1,1628.8029,1604.9619,1604961.8999,5,1.0-1604391-1607163,650.0000,1.0000,1,5,True,1604391.0000,1607163.0000,570.8999,0.5709
1,1628.8496,1605.0086,1605008.5999,5,1.0-1604391-1607163,650.0000,1.0000,1,5,True,1604391.0000,1607163.0000,617.5999,0.6176
1,1628.8778,1605.0368,1605036.7999,5,1.0-1604391-1607163,650.0000,1.0000,1,5,True,1604391.0000,1607163.0000,645.7999,0.6458
1,1628.9106,1605.0696,1605069.5999,5,1.0-1604391-1607163,650.0000,1.0000,1,5,True,1604391.0000,1607163.0000,678.5999,0.6786
1,1628.9533,1605.1123,1605112.2999,5,1.0-1604391-1607163,650.0000,1.0000,1,5,True,1604391.0000,1607163.0000,721.2999,0.7213
1,1628.9628,1605.1218,1605121.7999,5,1.0-1604391-1607163,650.0000,1.0000,1,5,True,1604391.0000,1607163.0000,730.7999,0.7308
1,1628.9740,1605.1330,1605132.9999,5,1.0-1604391-1607163,650.0000,1.0000,1,5,True,1604391.0000,1607163.0000,741.9999,0.7420
1,1628.9903,1605.1493,1605149.2999,5,1.0-1604391-1607163,650.0000,1.0000,1,5,True,1604391.0000,1607163.0000,758.2999,0.7583
1,1629.0497,1605.2087,1605208.6999,5,1.0-1604391-1607163,650.0000,1.0000,1,5,True,1604391.0000,1607163.0000,817.6999,0.8177
1,1629.0926,1605.2516,1605251.5999,5,1.0-1604391-1607163,650.0000,1.0000,1,5,True,1604391.0000,1607163.0000,860.5999,0.8606
1,1629.1153,1605.2743,1605274.2999,5,1.0-1604391-1607163,650.0000,1.0000,1,5,True,1604391.0000,1607163.0000,883.2999,0.8833
1,1629.1576,1605.3166,1605316.5999,5,1.0-1604391-1607163,650.0000,1.0000,1,5,True,1604391.0000,1607163.0000,925.5999,0.9256
1,1629.1780,1605.3370,1605336.9999,5,1.0-1604391-1607163,650.0000,1.0000,1,5,True,1604391.0000,1607163.0000,945.9999,0.9460
1,1629.2300,1605.3890,1605388.9999,5,1.0-1604391-1607163,650.0000,1.0000,1,5,True,1604391.0000,1607163.0000,997.9999,0.9980
1,1629.2333,1605.3923,1605392.2999,5,1.0-1604391-1607163,650.0000,1.0000,1,5,True,1604391.0000,1607163.0000,1001.2999,1.0013
1,1629.2468,1605.4058,1605405.7999,5,1.0-1604391-1607163,650.0000,1.0000,1,5,True,1604391.0000,1607163.0000,1014.7999,1.0148
1,1629.2499,1605.4089,1605408.8999,5,1.0-1604391-1607163,650.0000,1.0000,1,5,True,1604391.0000,1607163.0000,1017.8999,1.0179
1,1629.3081,1605.4671,1605467.0999,5,1.0-1604391-1607163,650.0000,1.0000,1,5,True,1604391.0000,1607163.0000,1076.0999,1.0761
1,1629.3296,1605.4886,1605488.5999,5,1.0-1604391-1607163,650.0000,1.0000,1,5,True,1604391.0000,1607163.0000,1097.5999,1.0976
1,1629.3442,1605.5032,1605503.1999,5,1.0-1604391-1607163,650.0000,1.0000,1,5,True,1604391.0000,1607163.0000,1112.1999,1.1122
1,1629.3801,1605.5391,1605539.0999,5,1.0-1604391-1607163,650.0000,1.0000,1,5,True,1604391.0000,1607163.0000,1148.0999,1.1481
1,1629.4072,1605.5662,1605566.1999,5,1.0-1604391-1607163,650.0000,1.0000,1,5,True,1604391.0000,1607163.0000,1175.1999,1.1752
1,1629.4093,1605.5683,1605568.2999,5,1.0-1604391-1607163,650.0000,1.0000,1,5,True,1604391.0000,1607163.0000,1177.2999,1.1773
1,1629.4351,1605.5941,1605594.0999,5,1.0-1604391-1607163,650.0000,1.0000,1,5,True,1604391.0000,1607163.0000,1203.0999,1.2031
1,1629.4645,1605.6235,1605623.4999,5,1.0-1604391-1607163,650.0000,1.0000,1,5,True,1604391.0000,1607163.0000,1232.4999,1.2325
1,1629.4899,1605.6489,1605648.8999,5,1.0-1604391-1607163,650.0000,1.0000,1,5,True,1604391.0000,1607163.0000,1257.8999,1.2579
1,1629.5154,1605.6744,1605674.3999,5,1.0-1604391-1607163,650.0000,1.0000,1,5,True,1604391.0000,1607163.0000,1283.3999,1.2834
1,1629.5274,1605.6864,1605686.3999,5,1.0-1604391-1607163,650.0000,1.0000,1,5,True,1604391.0000,1607163.0000,1295.3999,1.2954
1,1629.7722,1605.9312,1605931.1999,5,1.0-1604391-1607163,650.0000,1.0000,1,5,True,1604391.0000,1607163.0000,1540.1999,1.5402
1,1629.8758,1606.0348,1606034.7999,5,1.0-1604391-1607163,650.0000,1.0000,1,5,True,1604391.0000,1607163.0000,1643.7999,1.6438
1,1629.9955,1606.1545,1606154.4999,5,1.0-1604391-1607163,650.0000,1.0000,1,5,True,1604391.0000,1607163.0000,1763.4999,1.7635
1,1630.0224,1606.1814,1606181.3999,5,1.0-1604391-1607163,650.0000,1.0000,1,5,True,1604391.0000,1607163.0000,1790.3999,1.7904
1,1630.0409,1606.1999,1606199.8999,5,1.0-1604391-1607163,650.0000,1.0000,1,5,True,1604391.0000,1607163.0000,1808.8999,1.8089
1,1630.0614,1606.2204,1606220.3999,5,1.0-1604391-1607163,650.0000,1.0000,1,5,True,1604391.0000,1607163.0000,1829.3999,1.8294
1,1630.0943,1606.2533,1606253.2999,5,1.0-1604391-1607163,650.0000,1.0000,1,5,True,1604391.0000,1607163.0000,1862.2999,1.8623
1,1630.1206,1606.2796,1606279.5999,5,1.0-1604391-1607163,650.0000,1.0000,1,5,True,1604391.0000,1607163.0000,1888.5999,1.8886
1,1630.1446,1606.3036,1606303.5999,5,1.0-1604391-1607163,650.0000,1.0000,1,5,True,1604391.0000,1607163.0000,1912.5999,1.9126
1,1630.1643,1606.3233,1606323.2999,5,1.0-1604391-1607163,650.0000,1.0000,1,5,True,1604391.0000,1607163.0000,1932.2999,1.9323
1,1630.1854,1606.3444,1606344.3999,5,1.0-1604391-1607163,650.0000,1.0000,1,5,True,1604391.0000,1607163.0000,1953.3999,1.9534
1,1630.2354,1606.3944,1606394.3999,5,1.0-1604391-1607163,650.0000,1.0000,1,5,True,1604391.0000,1607163.0000,2003.3999,2.0034
1,1630.2410,1606.4000,1606399.9999,5,1.0-1604391-1607163,650.0000,1.0000,1,5,True,1604391.0000,1607163.0000,2008.9999,2.0090
1,1630.2872,1606.4462,1606446.1999,5,1.0-1604391-1607163,650.0000,1.0000,1,5,True,1604391.0000,1607163.0000,2055.1999,2.0552
1,1630.2898,1606.4488,1606448.7999,5,1.0-1604391-1607163,650.0000,1.0000,1,5,True,1604391.0000,1607163.0000,2057.7999,2.0578
1,1630.3109,1606.4699,1606469.8999,5,1.0-1604391-1607163,650.0000,1.0000,1,5,True,1604391.0000,1607163.0000,2078.8999,2.0789
1,1630.3587,1606.5177,1606517.6999,5,1.0-1604391-1607163,650.0000,1.0000,1,5,True,1604391.0000,1607163.0000,2126.6999,2.1267
1,1630.4244,1606.5834,1606583.3999,5,1.0-1604391-1607163,650.0000,1.0000,1,5,True,1604391.0000,1607163.0000,2192.3999,2.1924
1,1630.4390,1606.5980,1606597.9999,5,1.0-1604391-1607163,650.0000,1.0000,1,5,True,1604391.0000,1607163.0000,2206.9999,2.2070
1,1630.5043,1606.6633,1606663.2999,5,1.0-1604391-1607163,650.0000,1.0000,1,5,True,1604391.0000,1607163.0000,2272.2999,2.2723
1,1630.5570,1606.7160,1606715.9999,5,1.0-1604391-1607163,650.0000,1.0000,1,5,True,1604391.0000,1607163.0000,2324.9999,2.3250
1,1630.5818,1606.7408,1606740.7999,5,1.0-1604391-1607163,650.0000,1.0000,1,5,True,1604391.0000,1607163.0000,2349.7999,2.3498
1,1630.6036,1606.7626,1606762.5999,5,1.0-1604391-1607163,650.0000,1.0000,1,5,True,1604391.0000,1607163.0000,2371.5999,2.3716
1,1630.6326,1606.7916,1606791.5999,5,1.0-1604391-1607163,650.0000,1.0000,1,5,True,1604391.0000,1607163.0000,2400.5999,2.4006
1,1630.6578,1606.8168,1606816.7999,5,1.0-1604391-1607163,650.0000,1.0000,1,5,True,1604391.0000,1607163.0000,2425.7999,2.4258
1,1630.6738,1606.8328,1606832.7999,5,1.0-1604391-1607163,650.0000,1.0000,1,5,True,1604391.0000,1607163.0000,2441.7999,2.4418
1,1630.7327,1606.8917,1606891.6999,5,1.0-1604391-1607163,650.0000,1.0000,1,5,True,1604391.0000,1607163.0000,2500.6999,2.5007
1,1630.7973,1606.9563,1606956.2999,5,1.0-1604391-1607163,650.0000,1.0000,1,5,True,1604391.0000,1607163.0000,2565.2999,2.5653
1,1630.8028,1606.9618,1606961.7999,5,1.0-1604391-1607163,650.0000,1.0000,1,5,True,1604391.0000,1607163.0000,2570.7999,2.5708
1,1630.8440,1607.0030,1607002.9999,5,1.0-1604391-1607163,650.0000,1.0000,1,5,True,1604391.0000,1607163.0000,2611.9999,2.6120
1,1630.8523,1607.0113,1607011.2999,5,1.0-1604391-1607163,650.0000,1.0000,1,5,True,1604391.0000,1607163.0000,2620.2999,2.6203
1,1630.8814,1607.0404,1607040.3999,5,1.0-1604391-1607163,650.0000,1.0000,1,5,True,1604391.0000,1607163.0000,2649.3999,2.6494
1,1630.9164,1607.0754,1607075.3999,5,1.0-1604391-1607163,650.0000,1.0000,1,5,True,1604391.0000,1607163.0000,2684.3999,2.6844
1,1630.9340,1607.0930,1607092.9999,5,1.0-1604391-1607163,650.0000,1.0000,1,5,True,1604391.0000,1607163.0000,2701.9999,2.7020
1,1630.9633,1607.1223,1607122.2999,5,1.0-1604391-1607163,650.0000,1.0000,1,5,True,1604391.0000,1607163.0000,2731.2999,2.7313
1,1630.9651,1607.1241,1607124.0999,5,1.0-1604391-1607163,650.0000,1.0000,1,5,True,1604391.0000,1607163.0000,2733.0999,2.7331
1,1630.9780,1607.1370,1607136.9999,5,1.0-1604391-1607163,650.0000,1.0000,1,5,True,1604391.0000,1607163.0000,2745.9999,2.7460
1,1630.9978,1607.1568,1607156.7999,5,1.0-1604391-1607163,650.0000,1.0000,1,5,True,1604391.0000,1607163.0000,2765.7999,2.7658
1,1801.3440,1777.5030,1777502.9999,6,1.0-1777398-1778200,733.0000,1.0000,1,6,True,1777398.0000,1778200.0000,104.9999,0.1050
1,1801.3859,1777.5449,1777544.8999,6,1.0-1777398-1778200,733.0000,1.0000,1,6,True,1777398.0000,1778200.0000,146.8999,0.1469
1,1801.4051,1777.5641,1777564.0999,6,1.0-1777398-1778200,733.0000,1.0000,1,6,True,1777398.0000,1778200.0000,166.0999,0.1661
1,1801.4450,1777.6040,1777603.9999,6,1.0-1777398-1778200,733.0000,1.0000,1,6,True,1777398.0000,1778200.0000,205.9999,0.2060
1,1801.4659,1777.6249,1777624.8999,6,1.0-1777398-1778200,733.0000,1.0000,1,6,True,1777398.0000,1778200.0000,226.8999,0.2269
1,1801.5482,1777.7072,1777707.1999,6,1.0-1777398-1778200,733.0000,1.0000,1,6,True,1777398.0000,1778200.0000,309.1999,0.3092
1,1801.5891,1777.7481,1777748.0999,6,1.0-1777398-1778200,733.0000,1.0000,1,6,True,1777398.0000,1778200.0000,350.0999,0.3501
1,1801.5948,1777.7538,1777753.7999,6,1.0-1777398-1778200,733.0000,1.0000,1,6,True,1777398.0000,1778200.0000,355.7999,0.3558
1,1801.6701,1777.8291,1777829.0999,6,1.0-1777398-1778200,733.0000,1.0000,1,6,True,1777398.0000,1778200.0000,431.0999,0.4311
1,1801.6875,1777.8465,1777846.4999,6,1.0-1777398-1778200,733.0000,1.0000,1,6,True,1777398.0000,1778200.0000,448.4999,0.4485
1,1801.7039,1777.8629,1777862.8999,6,1.0-1777398-1778200,733.0000,1.0000,1,6,True,1777398.0000,1778200.0000,464.8999,0.4649
1,1801.7114,1777.8704,1777870.3999,6,1.0-1777398-1778200,733.0000,1.0000,1,6,True,1777398.0000,1778200.0000,472.3999,0.4724
1,1801.7718,1777.9308,1777930.7999,6,1.0-1777398-1778200,733.0000,1.0000,1,6,True,1777398.0000,1778200.0000,532.7999,0.5328
1,1801.8034,1777.9624,1777962.3999,6,1.0-1777398-1778200,733.0000,1.0000,1,6,True,1777398.0000,1778200.0000,564.3999,0.5644
1,1801.8125,1777.9715,1777971.4999,6,1.0-1777398-1778200,733.0000,1.0000,1,6,True,1777398.0000,1778200.0000,573.4999,0.5735
1,1801.8333,1777.9923,1777992.2999,6,1.0-1777398-1778200,733.0000,1.0000,1,6,True,1777398.0000,1778200.0000,594.2999,0.5943
1,1801.8969,1778.0559,1778055.8999,6,1.0-1777398-1778200,733.0000,1.0000,1,6,True,1777398.0000,1778200.0000,657.8999,0.6579
1,1801.9501,1778.1091,1778109.0999,6,1.0-1777398-1778200,733.0000,1.0000,1,6,True,1777398.0000,1778200.0000,711.0999,0.7111
1,1802.0199,1778.1789,1778178.8999,6,1.0-1777398-1778200,733.0000,1.0000,1,6,True,1777398.0000,1778200.0000,780.8999,0.7809
1,1342.2862,1318.4452,1318445.1999,7,1.0-1318428-1321434,535.0000,1.0000,1,7,True,1318428.0000,1321434.0000,17.1999,0.0172
1,1342.3464,1318.5054,1318505.3999,7,1.0-1318428-1321434,535.0000,1.0000,1,7,True,1318428.0000,1321434.0000,77.3999,0.0774
1,1342.4362,1318.5952,1318595.1999,7,1.0-1318428-1321434,535.0000,1.0000,1,7,True,1318428.0000,1321434.0000,167.1999,0.1672
1,1342.5279,1318.6869,1318686.8999,7,1.0-1318428-1321434,535.0000,1.0000,1,7,True,1318428.0000,1321434.0000,258.8999,0.2589
1,1342.6593,1318.8183,1318818.2999,7,1.0-1318428-1321434,535.0000,1.0000,1,7,True,1318428.0000,1321434.0000,390.2999,0.3903
1,1342.6946,1318.8536,1318853.5999,7,1.0-1318428-1321434,535.0000,1.0000,1,7,True,1318428.0000,1321434.0000,425.5999,0.4256
1,1342.6967,1318.8557,1318855.6999,7,1.0-1318428-1321434,535.0000,1.0000,1,7,True,1318428.0000,1321434.0000,427.6999,0.4277
1,1342.7240,1318.8830,1318882.9999,7,1.0-1318428-1321434,535.0000,1.0000,1,7,True,1318428.0000,1321434.0000,454.9999,0.4550
1,1342.7620,1318.9210,1318920.9999,7,1.0-1318428-1321434,535.0000,1.0000,1,7,True,1318428.0000,1321434.0000,492.9999,0.4930
1,1342.7810,1318.9400,1318939.9999,7,1.0-1318428-1321434,535.0000,1.0000,1,7,True,1318428.0000,1321434.0000,511.9999,0.5120
1,1342.8802,1319.0392,1319039.1999,7,1.0-1318428-1321434,535.0000,1.0000,1,7,True,1318428.0000,1321434.0000,611.1999,0.6112
1,1342.9496,1319.1086,1319108.5999,7,1.0-1318428-1321434,535.0000,1.0000,1,7,True,1318428.0000,1321434.0000,680.5999,0.6806
1,1343.0034,1319.1624,1319162.3999,7,1.0-1318428-1321434,535.0000,1.0000,1,7,True,1318428.0000,1321434.0000,734.3999,0.7344
1,1343.1252,1319.2842,1319284.1999,7,1.0-1318428-1321434,535.0000,1.0000,1,7,True,1318428.0000,1321434.0000,856.1999,0.8562
1,1343.1497,1319.3087,1319308.6999,7,1.0-1318428-1321434,535.0000,1.0000,1,7,True,1318428.0000,1321434.0000,880.6999,0.8807
1,1343.1884,1319.3474,1319347.3999,7,1.0-1318428-1321434,535.0000,1.0000,1,7,True,1318428.0000,1321434.0000,919.3999,0.9194
1,1343.2524,1319.4114,1319411.3999,7,1.0-1318428-1321434,535.0000,1.0000,1,7,True,1318428.0000,1321434.0000,983.3999,0.9834
1,1343.3079,1319.4669,1319466.8999,7,1.0-1318428-1321434,535.0000,1.0000,1,7,True,1318428.0000,1321434.0000,1038.8999,1.0389
1,1343.3346,1319.4936,1319493.5999,7,1.0-1318428-1321434,535.0000,1.0000,1,7,True,1318428.0000,1321434.0000,1065.5999,1.0656
1,1343.3708,1319.5298,1319529.7999,7,1.0-1318428-1321434,535.0000,1.0000,1,7,True,1318428.0000,1321434.0000,1101.7999,1.1018
1,1343.3883,1319.5473,1319547.2999,7,1.0-1318428-1321434,535.0000,1.0000,1,7,True,1318428.0000,1321434.0000,1119.2999,1.1193
1,1343.3907,1319.5497,1319549.6999,7,1.0-1318428-1321434,535.0000,1.0000,1,7,True,1318428.0000,1321434.0000,1121.6999,1.1217
1,1343.8065,1319.9655,1319965.4999,7,1.0-1318428-1321434,535.0000,1.0000,1,7,True,1318428.0000,1321434.0000,1537.4999,1.5375
1,1344.0781,1320.2371,1320237.0999,7,1.0-1318428-1321434,535.0000,1.0000,1,7,True,1318428.0000,1321434.0000,1809.0999,1.8091
1,1344.2000,1320.3590,1320358.9999,7,1.0-1318428-1321434,535.0000,1.0000,1,7,True,1318428.0000,1321434.0000,1930.9999,1.9310
1,1344.2452,1320.4042,1320404.1999,7,1.0-1318428-1321434,535.0000,1.0000,1,7,True,1318428.0000,1321434.0000,1976.1999,1.9762
1,1344.2711,1320.4301,1320430.0999,7,1.0-1318428-1321434,535.0000,1.0000,1,7,True,1318428.0000,1321434.0000,2002.0999,2.0021
1,1344.3291,1320.4881,1320488.0999,7,1.0-1318428-1321434,535.0000,1.0000,1,7,True,1318428.0000,1321434.0000,2060.0999,2.0601
1,1344.4651,1320.6241,1320624.0999,7,1.0-1318428-1321434,535.0000,1.0000,1,7,True,1318428.0000,1321434.0000,2196.0999,2.1961
1,1344.5597,1320.7187,1320718.6999,7,1.0-1318428-1321434,535.0000,1.0000,1,7,True,1318428.0000,1321434.0000,2290.6999,2.2907
1,1344.6167,1320.7757,1320775.6999,7,1.0-1318428-1321434,535.0000,1.0000,1,7,True,1318428.0000,1321434.0000,2347.6999,2.3477
1,1344.6484,1320.8074,1320807.3999,7,1.0-1318428-1321434,535.0000,1.0000,1,7,True,1318428.0000,1321434.0000,2379.3999,2.3794
1,1344.6871,1320.8461,1320846.0999,7,1.0-1318428-1321434,535.0000,1.0000,1,7,True,1318428.0000,1321434.0000,2418.0999,2.4181
1,1344.7352,1320.8942,1320894.1999,7,1.0-1318428-1321434,535.0000,1.0000,1,7,True,1318428.0000,1321434.0000,2466.1999,2.4662
1,1344.7934,1320.9524,1320952.3999,7,1.0-1318428-1321434,535.0000,1.0000,1,7,True,1318428.0000,1321434.0000,2524.3999,2.5244
1,1344.8264,1320.9854,1320985.3999,7,1.0-1318428-1321434,535.0000,1.0000,1,7,True,1318428.0000,1321434.0000,2557.3999,2.5574
1,1344.8485,1321.0075,1321007.4999,7,1.0-1318428-1321434,535.0000,1.0000,1,7,True,1318428.0000,1321434.0000,2579.4999,2.5795
1,1344.8733,1321.0323,1321032.2999,7,1.0-1318428-1321434,535.0000,1.0000,1,7,True,1318428.0000,1321434.0000,2604.2999,2.6043
1,1344.8891,1321.0481,1321048.0999,7,1.0-1318428-1321434,535.0000,1.0000,1,7,True,1318428.0000,1321434.0000,2620.0999,2.6201
1,1344.8910,1321.0500,1321049.9999,7,1.0-1318428-1321434,535.0000,1.0000,1,7,True,1318428.0000,1321434.0000,2621.9999,2.6220
1,1344.9698,1321.1288,1321128.7999,7,1.0-1318428-1321434,535.0000,1.0000,1,7,True,1318428.0000,1321434.0000,2700.7999,2.7008
1,1345.0035,1321.1625,1321162.4999,7,1.0-1318428-1321434,535.0000,1.0000,1,7,True,1318428.0000,1321434.0000,2734.4999,2.7345
1,1345.0735,1321.2325,1321232.4999,7,1.0-1318428-1321434,535.0000,1.0000,1,7,True,1318428.0000,1321434.0000,2804.4999,2.8045
1,1345.1362,1321.2952,1321295.1999,7,1.0-1318428-1321434,535.0000,1.0000,1,7,True,1318428.0000,1321434.0000,2867.1999,2.8672
1,605.5658,581.7248,581724.7999,8,1.0-581712-582747,287.0000,1.0000,1,8,True,581712.0000,582747.0000,12.7999,0.0128
1,605.5790,581.7380,581737.9999,8,1.0-581712-582747,287.0000,1.0000,1,8,True,581712.0000,582747.0000,25.9999,0.0260
1,605.5815,581.7405,581740.4999,8,1.0-581712-582747,287.0000,1.0000,1,8,True,581712.0000,582747.0000,28.4999,0.0285
1,605.6351,581.7941,581794.0999,8,1.0-581712-582747,287.0000,1.0000,1,8,True,581712.0000,582747.0000,82.0999,0.0821
1,605.6623,581.8213,581821.2999,8,1.0-581712-582747,287.0000,1.0000,1,8,True,581712.0000,582747.0000,109.2999,0.1093
1,605.6685,581.8275,581827.4999,8,1.0-581712-582747,287.0000,1.0000,1,8,True,581712.0000,582747.0000,115.4999,0.1155
1,605.6720,581.8310,581830.9999,8,1.0-581712-582747,287.0000,1.0000,1,8,True,581712.0000,582747.0000,118.9999,0.1190
1,605.6753,581.8343,581834.2999,8,1.0-581712-582747,287.0000,1.0000,1,8,True,581712.0000,582747.0000,122.2999,0.1223
1,605.6950,581.8540,581853.9999,8,1.0-581712-582747,287.0000,1.0000,1,8,True,581712.0000,582747.0000,141.9999,0.1420
1,605.7110,581.8700,581869.9999,8,1.0-581712-582747,287.0000,1.0000,1,8,True,581712.0000,582747.0000,157.9999,0.1580
1,605.7631,581.9221,581922.0999,8,1.0-581712-582747,287.0000,1.0000,1,8,True,581712.0000,582747.0000,210.0999,0.2101
1,605.7884,581.9474,581947.3999,8,1.0-581712-582747,287.0000,1.0000,1,8,True,581712.0000,582747.0000,235.3999,0.2354
1,605.8215,581.9805,581980.4999,8,1.0-581712-582747,287.0000,1.0000,1,8,True,581712.0000,582747.0000,268.4999,0.2685
1,605.8502,582.0092,582009.1999,8,1.0-581712-582747,287.0000,1.0000,1,8,True,581712.0000,582747.0000,297.1999,0.2972
1,605.8666,582.0256,582025.5999,8,1.0-581712-582747,287.0000,1.0000,1,8,True,581712.0000,582747.0000,313.5999,0.3136
1,605.8784,582.0374,582037.3999,8,1.0-581712-582747,287.0000,1.0000,1,8,True,581712.0000,582747.0000,325.3999,0.3254
1,605.8989,582.0579,582057.8999,8,1.0-581712-582747,287.0000,1.0000,1,8,True,581712.0000,582747.0000,345.8999,0.3459
1,605.9159,582.0749,582074.8999,8,1.0-581712-582747,287.0000,1.0000,1,8,True,581712.0000,582747.0000,362.8999,0.3629
1,605.9390,582.0980,582097.9999,8,1.0-581712-582747,287.0000,1.0000,1,8,True,581712.0000,582747.0000,385.9999,0.3860
1,606.0245,582.1835,582183.4999,8,1.0-581712-582747,287.0000,1.0000,1,8,True,581712.0000,582747.0000,471.4999,0.4715
1,606.0853,582.2443,582244.2999,8,1.0-581712-582747,287.0000,1.0000,1,8,True,581712.0000,582747.0000,532.2999,0.5323
1,606.1070,582.2660,582265.9999,8,1.0-581712-582747,287.0000,1.0000,1,8,True,581712.0000,582747.0000,553.9999,0.5540
1,606.1091,582.2681,582268.0999,8,1.0-581712-582747,287.0000,1.0000,1,8,True,581712.0000,582747.0000,556.0999,0.5561
1,606.1319,582.2909,582290.8999,8,1.0-581712-582747,287.0000,1.0000,1,8,True,581712.0000,582747.0000,578.8999,0.5789
1,606.2340,582.3930,582392.9999,8,1.0-581712-582747,287.0000,1.0000,1,8,True,581712.0000,582747.0000,680.9999,0.6810
1,606.3300,582.4890,582488.9999,8,1.0-581712-582747,287.0000,1.0000,1,8,True,581712.0000,582747.0000,776.9999,0.7770
1,606.3607,582.5197,582519.6999,8,1.0-581712-582747,287.0000,1.0000,1,8,True,581712.0000,582747.0000,807.6999,0.8077
1,606.4419,582.6009,582600.8999,8,1.0-581712-582747,287.0000,1.0000,1,8,True,581712.0000,582747.0000,888.8999,0.8889
1,606.4854,582.6444,582644.3999,8,1.0-581712-582747,287.0000,1.0000,1,8,True,581712.0000,582747.0000,932.3999,0.9324
1,606.5355,582.6945,582694.4999,8,1.0-581712-582747,287.0000,1.0000,1,8,True,581712.0000,582747.0000,982.4999,0.9825
1,606.5596,582.7186,582718.5999,8,1.0-581712-582747,287.0000,1.0000,1,8,True,581712.0000,582747.0000,1006.5999,1.0066
1,2436.5512,2412.7102,2412710.1999,9,1.0-2412682-2413851,990.0000,1.0000,1,9,True,2412682.0000,2413851.0000,28.1999,0.0282
1,2436.5939,2412.7529,2412752.8999,9,1.0-2412682-2413851,990.0000,1.0000,1,9,True,2412682.0000,2413851.0000,70.8999,0.0709
1,2436.6807,2412.8397,2412839.6999,9,1.0-2412682-2413851,990.0000,1.0000,1,9,True,2412682.0000,2413851.0000,157.6999,0.1577
1,2436.7426,2412.9016,2412901.5999,9,1.0-2412682-2413851,990.0000,1.0000,1,9,True,2412682.0000,2413851.0000,219.5999,0.2196
1,2436.7682,2412.9272,2412927.1999,9,1.0-2412682-2413851,990.0000,1.0000,1,9,True,2412682.0000,2413851.0000,245.1999,0.2452
1,2436.8324,2412.9914,2412991.3999,9,1.0-2412682-2413851,990.0000,1.0000,1,9,True,2412682.0000,2413851.0000,309.3999,0.3094
1,2436.8377,2412.9967,2412996.6999,9,1.0-2412682-2413851,990.0000,1.0000,1,9,True,2412682.0000,2413851.0000,314.6999,0.3147
1,2436.8404,2412.9994,2412999.3999,9,1.0-2412682-2413851,990.0000,1.0000,1,9,True,2412682.0000,2413851.0000,317.3999,0.3174
1,2436.9619,2413.1209,2413120.8999,9,1.0-2412682-2413851,990.0000,1.0000,1,9,True,2412682.0000,2413851.0000,438.8999,0.4389
1,2436.9745,2413.1335,2413133.4999,9,1.0-2412682-2413851,990.0000,1.0000,1,9,True,2412682.0000,2413851.0000,451.4999,0.4515
1,2436.9785,2413.1375,2413137.4999,9,1.0-2412682-2413851,990.0000,1.0000,1,9,True,2412682.0000,2413851.0000,455.4999,0.4555
1,2437.0372,2413.1962,2413196.1999,9,1.0-2412682-2413851,990.0000,1.0000,1,9,True,2412682.0000,2413851.0000,514.1999,0.5142
1,2437.0476,2413.2066,2413206.5999,9,1.0-2412682-2413851,990.0000,1.0000,1,9,True,2412682.0000,2413851.0000,524.5999,0.5246
1,2437.1391,2413.2981,2413298.0999,9,1.0-2412682-2413851,990.0000,1.0000,1,9,True,2412682.0000,2413851.0000,616.0999,0.6161
1,2437.2039,2413.3629,2413362.8999,9,1.0-2412682-2413851,990.0000,1.0000,1,9,True,2412682.0000,2413851.0000,680.8999,0.6809
1,2437.2901,2413.4491,2413449.0999,9,1.0-2412682-2413851,990.0000,1.0000,1,9,True,2412682.0000,2413851.0000,767.0999,0.7671
1,2437.3987,2413.5577,2413557.6999,9,1.0-2412682-2413851,990.0000,1.0000,1,9,True,2412682.0000,2413851.0000,875.6999,0.8757
1,2437.4428,2413.6018,2413601.7999,9,1.0-2412682-2413851,990.0000,1.0000,1,9,True,2412682.0000,2413851.0000,919.7999,0.9198
1,2437.4466,2413.6056,2413605.5999,9,1.0-2412682-2413851,990.0000,1.0000,1,9,True,2412682.0000,2413851.0000,923.5999,0.9236
1,2437.4686,2413.6276,2413627.5999,9,1.0-2412682-2413851,990.0000,1.0000,1,9,True,2412682.0000,2413851.0000,945.5999,0.9456
1,2437.5186,2413.6776,2413677.5999,9,1.0-2412682-2413851,990.0000,1.0000,1,9,True,2412682.0000,2413851.0000,995.5999,0.9956
1,2437.5208,2413.6798,2413679.7999,9,1.0-2412682-2413851,990.0000,1.0000,1,9,True,2412682.0000,2413851.0000,997.7999,0.9978
1,2437.5457,2413.7047,2413704.6999,9,1.0-2412682-2413851,990.0000,1.0000,1,9,True,2412682.0000,2413851.0000,1022.6999,1.0227
1,2437.5579,2413.7169,2413716.8999,9,1.0-2412682-2413851,990.0000,1.0000,1,9,True,2412682.0000,2413851.0000,1034.8999,1.0349
1,2437.5869,2413.7459,2413745.8999,9,1.0-2412682-2413851,990.0000,1.0000,1,9,True,2412682.0000,2413851.0000,1063.8999,1.0639
1,640.8849,617.0439,617043.8999,10,1.0-617014-620020,300.0000,1.0000,1,10,True,617014.0000,620020.0000,29.8999,0.0299
1,640.9876,617.1466,617146.5999,10,1.0-617014-620020,300.0000,1.0000,1,10,True,617014.0000,620020.0000,132.5999,0.1326
1,641.0295,617.1885,617188.4999,10,1.0-617014-620020,300.0000,1.0000,1,10,True,617014.0000,620020.0000,174.4999,0.1745
1,641.0337,617.1927,617192.6999,10,1.0-617014-620020,300.0000,1.0000,1,10,True,617014.0000,620020.0000,178.6999,0.1787
1,641.0560,617.2150,617214.9999,10,1.0-617014-620020,300.0000,1.0000,1,10,True,617014.0000,620020.0000,200.9999,0.2010
1,641.0922,617.2512,617251.1999,10,1.0-617014-620020,300.0000,1.0000,1,10,True,617014.0000,620020.0000,237.1999,0.2372
1,641.1133,617.2723,617272.2999,10,1.0-617014-620020,300.0000,1.0000,1,10,True,617014.0000,620020.0000,258.2999,0.2583
1,641.1497,617.3087,617308.6999,10,1.0-617014-620020,300.0000,1.0000,1,10,True,617014.0000,620020.0000,294.6999,0.2947
1,641.1990,617.3580,617357.9999,10,1.0-617014-620020,300.0000,1.0000,1,10,True,617014.0000,620020.0000,343.9999,0.3440
1,641.3037,617.4627,617462.6999,10,1.0-617014-620020,300.0000,1.0000,1,10,True,617014.0000,620020.0000,448.6999,0.4487
1,641.3061,617.4651,617465.0999,10,1.0-617014-620020,300.0000,1.0000,1,10,True,617014.0000,620020.0000,451.0999,0.4511
1,641.3265,617.4855,617485.4999,10,1.0-617014-620020,300.0000,1.0000,1,10,True,617014.0000,620020.0000,471.4999,0.4715
1,641.4115,617.5705,617570.4999,10,1.0-617014-620020,300.0000,1.0000,1,10,True,617014.0000,620020.0000,556.4999,0.5565
1,641.4678,617.6268,617626.7999,10,1.0-617014-620020,300.0000,1.0000,1,10,True,617014.0000,620020.0000,612.7999,0.6128
1,641.5547,617.7137,617713.6999,10,1.0-617014-620020,300.0000,1.0000,1,10,True,617014.0000,620020.0000,699.6999,0.6997
1,641.6641,617.8231,617823.0999,10,1.0-617014-620020,300.0000,1.0000,1,10,True,617014.0000,620020.0000,809.0999,0.8091
1,641.7284,617.8874,617887.3999,10,1.0-617014-620020,300.0000,1.0000,1,10,True,617014.0000,620020.0000,873.3999,0.8734
1,641.7935,617.9525,617952.4999,10,1.0-617014-620020,300.0000,1.0000,1,10,True,617014.0000,620020.0000,938.4999,0.9385
1,641.8640,618.0230,618022.9999,10,1.0-617014-620020,300.0000,1.0000,1,10,True,617014.0000,620020.0000,1008.9999,1.0090
1,641.9136,618.0726,618072.5999,10,1.0-617014-620020,300.0000,1.0000,1,10,True,617014.0000,620020.0000,1058.5999,1.0586
1,641.9404,618.0994,618099.3999,10,1.0-617014-620020,300.0000,1.0000,1,10,True,617014.0000,620020.0000,1085.3999,1.0854
1,641.9997,618.1587,618158.6999,10,1.0-617014-620020,300.0000,1.0000,1,10,True,617014.0000,620020.0000,1144.6999,1.1447
1,642.0604,618.2194,618219.3999,10,1.0-617014-620020,300.0000,1.0000,1,10,True,617014.0000,620020.0000,1205.3999,1.2054
1,642.1207,618.2797,618279.6999,10,1.0-617014-620020,300.0000,1.0000,1,10,True,617014.0000,620020.0000,1265.6999,1.2657
1,642.2945,618.4535,618453.4999,10,1.0-617014-620020,300.0000,1.0000,1,10,True,617014.0000,620020.0000,1439.4999,1.4395
1,642.4471,618.6061,618606.0999,10,1.0-617014-620020,300.0000,1.0000,1,10,True,617014.0000,620020.0000,1592.0999,1.5921
1,642.4540,618.6130,618612.9999,10,1.0-617014-620020,300.0000,1.0000,1,10,True,617014.0000,620020.0000,1598.9999,1.5990
1,642.4697,618.6287,618628.6999,10,1.0-617014-620020,300.0000,1.0000,1,10,True,617014.0000,620020.0000,1614.6999,1.6147
1,642.5105,618.6695,618669.4999,10,1.0-617014-620020,300.0000,1.0000,1,10,True,617014.0000,620020.0000,1655.4999,1.6555
1,642.6862,618.8452,618845.1999,10,1.0-617014-620020,300.0000,1.0000,1,10,True,617014.0000,620020.0000,1831.1999,1.8312
1,642.7697,618.9287,618928.6999,10,1.0-617014-620020,300.0000,1.0000,1,10,True,617014.0000,620020.0000,1914.6999,1.9147
1,642.8226,618.9816,618981.5999,10,1.0-617014-620020,300.0000,1.0000,1,10,True,617014.0000,620020.0000,1967.5999,1.9676
1,642.9205,619.0795,619079.4999,10,1.0-617014-620020,300.0000,1.0000,1,10,True,617014.0000,620020.0000,2065.4999,2.0655
1,642.9350,619.0940,619093.9999,10,1.0-617014-620020,300.0000,1.0000,1,10,True,617014.0000,620020.0000,2079.9999,2.0800
1,642.9440,619.1030,619102.9999,10,1.0-617014-620020,300.0000,1.0000,1,10,True,617014.0000,620020.0000,2088.9999,2.0890
1,642.9547,619.1137,619113.6999,10,1.0-617014-620020,300.0000,1.0000,1,10,True,617014.0000,620020.0000,2099.6999,2.0997
1,642.9837,619.1427,619142.6999,10,1.0-617014-620020,300.0000,1.0000,1,10,True,617014.0000,620020.0000,2128.6999,2.1287
1,643.0027,619.1617,619161.6999,10,1.0-617014-620020,300.0000,1.0000,1,10,True,617014.0000,620020.0000,2147.6999,2.1477
1,643.0240,619.1830,619182.9999,10,1.0-617014-620020,300.0000,1.0000,1,10,True,617014.0000,620020.0000,2168.9999,2.1690
1,643.0483,619.2073,619207.2999,10,1.0-617014-620020,300.0000,1.0000,1,10,True,617014.0000,620020.0000,2193.2999,2.1933
1,643.1114,619.2704,619270.3999,10,1.0-617014-620020,300.0000,1.0000,1,10,True,617014.0000,620020.0000,2256.3999,2.2564
1,643.1443,619.3033,619303.2999,10,1.0-617014-620020,300.0000,1.0000,1,10,True,617014.0000,620020.0000,2289.2999,2.2893
1,643.1579,619.3169,619316.8999,10,1.0-617014-620020,300.0000,1.0000,1,10,True,617014.0000,620020.0000,2302.8999,2.3029
1,643.2422,619.4012,619401.1999,10,1.0-617014-620020,300.0000,1.0000,1,10,True,617014.0000,620020.0000,2387.1999,2.3872
1,643.3435,619.5025,619502.4999,10,1.0-617014-620020,300.0000,1.0000,1,10,True,617014.0000,620020.0000,2488.4999,2.4885
1,643.4378,619.5968,619596.7999,10,1.0-617014-620020,300.0000,1.0000,1,10,True,617014.0000,620020.0000,2582.7999,2.5828
1,643.4818,619.6408,619640.7999,10,1.0-617014-620020,300.0000,1.0000,1,10,True,617014.0000,620020.0000,2626.7999,2.6268
1,643.5089,619.6679,619667.8999,10,1.0-617014-620020,300.0000,1.0000,1,10,True,617014.0000,620020.0000,2653.8999,2.6539
1,643.5104,619.6694,619669.3999,10,1.0-617014-620020,300.0000,1.0000,1,10,True,617014.0000,620020.0000,2655.3999,2.6554
1,643.5231,619.6821,619682.0999,10,1.0-617014-620020,300.0000,1.0000,1,10,True,617014.0000,620020.0000,2668.0999,2.6681
1,643.5424,619.7014,619701.3999,10,1.0-617014-620020,300.0000,1.0000,1,10,True,617014.0000,620020.0000,2687.3999,2.6874
1,643.5462,619.7052,619705.1999,10,1.0-617014-620020,300.0000,1.0000,1,10,True,617014.0000,620020.0000,2691.1999,2.6912
1,643.5737,619.7327,619732.6999,10,1.0-617014-620020,300.0000,1.0000,1,10,True,617014.0000,620020.0000,2718.6999,2.7187
1,643.5924,619.7514,619751.3999,10,1.0-617014-620020,300.0000,1.0000,1,10,True,617014.0000,620020.0000,2737.3999,2.7374
1,643.6079,619.7669,619766.8999,10,1.0-617014-620020,300.0000,1.0000,1,10,True,617014.0000,620020.0000,2752.8999,2.7529
1,643.6201,619.7791,619779.0999,10,1.0-617014-620020,300.0000,1.0000,1,10,True,617014.0000,620020.0000,2765.0999,2.7651
1,643.6293,619.7883,619788.2999,10,1.0-617014-620020,300.0000,1.0000,1,10,True,617014.0000,620020.0000,2774.2999,2.7743
1,643.6620,619.8210,619820.9999,10,1.0-617014-620020,300.0000,1.0000,1,10,True,617014.0000,620020.0000,2806.9999,2.8070
1,643.6873,619.8463,619846.2999,10,1.0-617014-620020,300.0000,1.0000,1,10,True,617014.0000,620020.0000,2832.2999,2.8323
1,643.7153,619.8743,619874.2999,10,1.0-617014-620020,300.0000,1.0000,1,10,True,617014.0000,620020.0000,2860.2999,2.8603
1,643.7562,619.9152,619915.1999,10,1.0-617014-620020,300.0000,1.0000,1,10,True,617014.0000,620020.0000,2901.1999,2.9012
1,643.7760,619.9350,619934.9999,10,1.0-617014-620020,300.0000,1.0000,1,10,True,617014.0000,620020.0000,2920.9999,2.9210
1,643.8170,619.9760,619975.9999,10,1.0-617014-620020,300.0000,1.0000,1,10,True,617014.0000,620020.0000,2961.9999,2.9620
1,643.8337,619.9927,619992.6999,10,1.0-617014-620020,300.0000,1.0000,1,10,True,617014.0000,620020.0000,2978.6999,2.9787
1,643.8496,620.0086,620008.5999,10,1.0-617014-620020,300.0000,1.0000,1,10,True,617014.0000,620020.0000,2994.5999,2.9946
1,1921.7023,1897.8613,1897861.2999,11,1.0-1897768-1900006,799.0000,1.0000,1,11,True,1897768.0000,1900006.0000,93.2999,0.0933
1,1921.7466,1897.9056,1897905.5999,11,1.0-1897768-1900006,799.0000,1.0000,1,11,True,1897768.0000,1900006.0000,137.5999,0.1376
1,1921.7943,1897.9533,1897953.2999,11,1.0-1897768-1900006,799.0000,1.0000,1,11,True,1897768.0000,1900006.0000,185.2999,0.1853
1,1921.8002,1897.9592,1897959.1999,11,1.0-1897768-1900006,799.0000,1.0000,1,11,True,1897768.0000,1900006.0000,191.1999,0.1912
1,1921.8259,1897.9849,1897984.8999,11,1.0-1897768-1900006,799.0000,1.0000,1,11,True,1897768.0000,1900006.0000,216.8999,0.2169
1,1921.8612,1898.0202,1898020.1999,11,1.0-1897768-1900006,799.0000,1.0000,1,11,True,1897768.0000,1900006.0000,252.1999,0.2522
1,1921.8926,1898.0516,1898051.5999,11,1.0-1897768-1900006,799.0000,1.0000,1,11,True,1897768.0000,1900006.0000,283.5999,0.2836
1,1921.9117,1898.0707,1898070.6999,11,1.0-1897768-1900006,799.0000,1.0000,1,11,True,1897768.0000,1900006.0000,302.6999,0.3027
1,1921.9310,1898.0900,1898089.9999,11,1.0-1897768-1900006,799.0000,1.0000,1,11,True,1897768.0000,1900006.0000,321.9999,0.3220
1,1922.0152,1898.1742,1898174.1999,11,1.0-1897768-1900006,799.0000,1.0000,1,11,True,1897768.0000,1900006.0000,406.1999,0.4062
1,1922.0472,1898.2062,1898206.1999,11,1.0-1897768-1900006,799.0000,1.0000,1,11,True,1897768.0000,1900006.0000,438.1999,0.4382
1,1922.3081,1898.4671,1898467.0999,11,1.0-1897768-1900006,799.0000,1.0000,1,11,True,1897768.0000,1900006.0000,699.0999,0.6991
1,1922.3419,1898.5009,1898500.8999,11,1.0-1897768-1900006,799.0000,1.0000,1,11,True,1897768.0000,1900006.0000,732.8999,0.7329
1,1922.4123,1898.5713,1898571.2999,11,1.0-1897768-1900006,799.0000,1.0000,1,11,True,1897768.0000,1900006.0000,803.2999,0.8033
1,1922.4973,1898.6563,1898656.2999,11,1.0-1897768-1900006,799.0000,1.0000,1,11,True,1897768.0000,1900006.0000,888.2999,0.8883
1,1922.5637,1898.7227,1898722.6999,11,1.0-1897768-1900006,799.0000,1.0000,1,11,True,1897768.0000,1900006.0000,954.6999,0.9547
1,1922.5664,1898.7254,1898725.3999,11,1.0-1897768-1900006,799.0000,1.0000,1,11,True,1897768.0000,1900006.0000,957.3999,0.9574
1,1922.5936,1898.7526,1898752.5999,11,1.0-1897768-1900006,799.0000,1.0000,1,11,True,1897768.0000,1900006.0000,984.5999,0.9846
1,1922.5989,1898.7579,1898757.8999,11,1.0-1897768-1900006,799.0000,1.0000,1,11,True,1897768.0000,1900006.0000,989.8999,0.9899
1,1922.6760,1898.8350,1898834.9999,11,1.0-1897768-1900006,799.0000,1.0000,1,11,True,1897768.0000,1900006.0000,1066.9999,1.0670
1,1922.7048,1898.8638,1898863.7999,11,1.0-1897768-1900006,799.0000,1.0000,1,11,True,1897768.0000,1900006.0000,1095.7999,1.0958
1,1922.8314,1898.9904,1898990.3999,11,1.0-1897768-1900006,799.0000,1.0000,1,11,True,1897768.0000,1900006.0000,1222.3999,1.2224
1,1922.8637,1899.0227,1899022.6999,11,1.0-1897768-1900006,799.0000,1.0000,1,11,True,1897768.0000,1900006.0000,1254.6999,1.2547
1,1922.8839,1899.0429,1899042.8999,11,1.0-1897768-1900006,799.0000,1.0000,1,11,True,1897768.0000,1900006.0000,1274.8999,1.2749
1,1922.9027,1899.0617,1899061.6999,11,1.0-1897768-1900006,799.0000,1.0000,1,11,True,1897768.0000,1900006.0000,1293.6999,1.2937
1,1922.9054,1899.0644,1899064.3999,11,1.0-1897768-1900006,799.0000,1.0000,1,11,True,1897768.0000,1900006.0000,1296.3999,1.2964
1,1922.9206,1899.0796,1899079.5999,11,1.0-1897768-1900006,799.0000,1.0000,1,11,True,1897768.0000,1900006.0000,1311.5999,1.3116
1,1922.9420,1899.1010,1899100.9999,11,1.0-1897768-1900006,799.0000,1.0000,1,11,True,1897768.0000,1900006.0000,1332.9999,1.3330
1,1922.9829,1899.1419,1899141.8999,11,1.0-1897768-1900006,799.0000,1.0000,1,11,True,1897768.0000,1900006.0000,1373.8999,1.3739
1,1923.0022,1899.1612,1899161.1999,11,1.0-1897768-1900006,799.0000,1.0000,1,11,True,1897768.0000,1900006.0000,1393.1999,1.3932
1,1923.0831,1899.2421,1899242.0999,11,1.0-1897768-1900006,799.0000,1.0000,1,11,True,1897768.0000,1900006.0000,1474.0999,1.4741
1,1923.0979,1899.2569,1899256.8999,11,1.0-1897768-1900006,799.0000,1.0000,1,11,True,1897768.0000,1900006.0000,1488.8999,1.4889
1,1923.1195,1899.2785,1899278.4999,11,1.0-1897768-1900006,799.0000,1.0000,1,11,True,1897768.0000,1900006.0000,1510.4999,1.5105
1,1923.1315,1899.2905,1899290.4999,11,1.0-1897768-1900006,799.0000,1.0000,1,11,True,1897768.0000,1900006.0000,1522.4999,1.5225
1,1923.2580,1899.4170,1899416.9999,11,1.0-1897768-1900006,799.0000,1.0000,1,11,True,1897768.0000,1900006.0000,1648.9999,1.6490
1,1923.4330,1899.5920,1899591.9999,11,1.0-1897768-1900006,799.0000,1.0000,1,11,True,1897768.0000,1900006.0000,1823.9999,1.8240
1,1923.4493,1899.6083,1899608.2999,11,1.0-1897768-1900006,799.0000,1.0000,1,11,True,1897768.0000,1900006.0000,1840.2999,1.8403
1,1923.5155,1899.6745,1899674.4999,11,1.0-1897768-1900006,799.0000,1.0000,1,11,True,1897768.0000,1900006.0000,1906.4999,1.9065
1,1923.5929,1899.7519,1899751.8999,11,1.0-1897768-1900006,799.0000,1.0000,1,11,True,1897768.0000,1900006.0000,1983.8999,1.9839
1,1923.6116,1899.7706,1899770.5999,11,1.0-1897768-1900006,799.0000,1.0000,1,11,True,1897768.0000,1900006.0000,2002.5999,2.0026
1,1923.7708,1899.9298,1899929.7999,11,1.0-1897768-1900006,799.0000,1.0000,1,11,True,1897768.0000,1900006.0000,2161.7999,2.1618
1,1923.7806,1899.9396,1899939.5999,11,1.0-1897768-1900006,799.0000,1.0000,1,11,True,1897768.0000,1900006.0000,2171.5999,2.1716
1,1923.8027,1899.9617,1899961.6999,11,1.0-1897768-1900006,799.0000,1.0000,1,11,True,1897768.0000,1900006.0000,2193.6999,2.1937
1,1923.8367,1899.9957,1899995.6999,11,1.0-1897768-1900006,799.0000,1.0000,1,11,True,1897768.0000,1900006.0000,2227.6999,2.2277
1,1781.0810,1757.2400,1757239.9999,12,1.0-1757225-1758928,723.0000,1.0000,1,12,True,1757225.0000,1758928.0000,14.9999,0.0150
1,1781.0843,1757.2433,1757243.2999,12,1.0-1757225-1758928,723.0000,1.0000,1,12,True,1757225.0000,1758928.0000,18.2999,0.0183
1,1781.1320,1757.2910,1757290.9999,12,1.0-1757225-1758928,723.0000,1.0000,1,12,True,1757225.0000,1758928.0000,65.9999,0.0660
1,1781.1913,1757.3503,1757350.2999,12,1.0-1757225-1758928,723.0000,1.0000,1,12,True,1757225.0000,1758928.0000,125.2999,0.1253
1,1781.2440,1757.4030,1757402.9999,12,1.0-1757225-1758928,723.0000,1.0000,1,12,True,1757225.0000,1758928.0000,177.9999,0.1780
1,1781.3358,1757.4948,1757494.7999,12,1.0-1757225-1758928,723.0000,1.0000,1,12,True,1757225.0000,1758928.0000,269.7999,0.2698
1,1781.4945,1757.6535,1757653.4999,12,1.0-1757225-1758928,723.0000,1.0000,1,12,True,1757225.0000,1758928.0000,428.4999,0.4285
1,1781.5567,1757.7157,1757715.6999,12,1.0-1757225-1758928,723.0000,1.0000,1,12,True,1757225.0000,1758928.0000,490.6999,0.4907
1,1781.6783,1757.8373,1757837.2999,12,1.0-1757225-1758928,723.0000,1.0000,1,12,True,1757225.0000,1758928.0000,612.2999,0.6123
1,1781.9605,1758.1195,1758119.4999,12,1.0-1757225-1758928,723.0000,1.0000,1,12,True,1757225.0000,1758928.0000,894.4999,0.8945
1,1781.9726,1758.1316,1758131.5999,12,1.0-1757225-1758928,723.0000,1.0000,1,12,True,1757225.0000,1758928.0000,906.5999,0.9066
1,1782.0692,1758.2282,1758228.1999,12,1.0-1757225-1758928,723.0000,1.0000,1,12,True,1757225.0000,1758928.0000,1003.1999,1.0032
1,1782.1004,1758.2594,1758259.3999,12,1.0-1757225-1758928,723.0000,1.0000,1,12,True,1757225.0000,1758928.0000,1034.3999,1.0344
1,1782.1524,1758.3114,1758311.3999,12,1.0-1757225-1758928,723.0000,1.0000,1,12,True,1757225.0000,1758928.0000,1086.3999,1.0864
1,1782.1850,1758.3440,1758343.9999,12,1.0-1757225-1758928,723.0000,1.0000,1,12,True,1757225.0000,1758928.0000,1118.9999,1.1190
1,1782.2846,1758.4436,1758443.5999,12,1.0-1757225-1758928,723.0000,1.0000,1,12,True,1757225.0000,1758928.0000,1218.5999,1.2186
1,1782.3765,1758.5355,1758535.4999,12,1.0-1757225-1758928,723.0000,1.0000,1,12,True,1757225.0000,1758928.0000,1310.4999,1.3105
1,1782.4384,1758.5974,1758597.3999,12,1.0-1757225-1758928,723.0000,1.0000,1,12,True,1757225.0000,1758928.0000,1372.3999,1.3724
1,1782.4746,1758.6336,1758633.5999,12,1.0-1757225-1758928,723.0000,1.0000,1,12,True,1757225.0000,1758928.0000,1408.5999,1.4086
1,1782.5228,1758.6818,1758681.7999,12,1.0-1757225-1758928,723.0000,1.0000,1,12,True,1757225.0000,1758928.0000,1456.7999,1.4568
1,1782.5701,1758.7291,1758729.0999,12,1.0-1757225-1758928,723.0000,1.0000,1,12,True,1757225.0000,1758928.0000,1504.0999,1.5041
1,1782.5729,1758.7319,1758731.8999,12,1.0-1757225-1758928,723.0000,1.0000,1,12,True,1757225.0000,1758928.0000,1506.8999,1.5069
1,1782.5998,1758.7588,1758758.7999,12,1.0-1757225-1758928,723.0000,1.0000,1,12,True,1757225.0000,1758928.0000,1533.7999,1.5338
1,1782.6072,1758.7662,1758766.1999,12,1.0-1757225-1758928,723.0000,1.0000,1,12,True,1757225.0000,1758928.0000,1541.1999,1.5412
1,1782.6144,1758.7734,1758773.3999,12,1.0-1757225-1758928,723.0000,1.0000,1,12,True,1757225.0000,1758928.0000,1548.3999,1.5484
1,1782.6382,1758.7972,1758797.1999,12,1.0-1757225-1758928,723.0000,1.0000,1,12,True,1757225.0000,1758928.0000,1572.1999,1.5722
1,1782.6413,1758.8003,1758800.2999,12,1.0-1757225-1758928,723.0000,1.0000,1,12,True,1757225.0000,1758928.0000,1575.2999,1.5753
1,1782.6894,1758.8484,1758848.3999,12,1.0-1757225-1758928,723.0000,1.0000,1,12,True,1757225.0000,1758928.0000,1623.3999,1.6234
1,1782.6923,1758.8513,1758851.2999,12,1.0-1757225-1758928,723.0000,1.0000,1,12,True,1757225.0000,1758928.0000,1626.2999,1.6263
1,2106.5909,2082.7499,2082749.8999,13,1.0-2082732-2084937,867.0000,1.0000,1,13,True,2082732.0000,2084937.0000,17.8999,0.0179
1,2107.1247,2083.2837,2083283.6999,13,1.0-2082732-2084937,867.0000,1.0000,1,13,True,2082732.0000,2084937.0000,551.6999,0.5517
1,2107.2465,2083.4055,2083405.4999,13,1.0-2082732-2084937,867.0000,1.0000,1,13,True,2082732.0000,2084937.0000,673.4999,0.6735
1,2107.2837,2083.4427,2083442.6999,13,1.0-2082732-2084937,867.0000,1.0000,1,13,True,2082732.0000,2084937.0000,710.6999,0.7107
1,2107.4439,2083.6029,2083602.8999,13,1.0-2082732-2084937,867.0000,1.0000,1,13,True,2082732.0000,2084937.0000,870.8999,0.8709
1,2107.6220,2083.7810,2083780.9999,13,1.0-2082732-2084937,867.0000,1.0000,1,13,True,2082732.0000,2084937.0000,1048.9999,1.0490
1,2107.6637,2083.8227,2083822.6999,13,1.0-2082732-2084937,867.0000,1.0000,1,13,True,2082732.0000,2084937.0000,1090.6999,1.0907
1,2107.6803,2083.8393,2083839.2999,13,1.0-2082732-2084937,867.0000,1.0000,1,13,True,2082732.0000,2084937.0000,1107.2999,1.1073
1,2107.7650,2083.9240,2083923.9999,13,1.0-2082732-2084937,867.0000,1.0000,1,13,True,2082732.0000,2084937.0000,1191.9999,1.1920
1,2107.8247,2083.9837,2083983.6999,13,1.0-2082732-2084937,867.0000,1.0000,1,13,True,2082732.0000,2084937.0000,1251.6999,1.2517
1,2107.8377,2083.9967,2083996.6999,13,1.0-2082732-2084937,867.0000,1.0000,1,13,True,2082732.0000,2084937.0000,1264.6999,1.2647
1,2107.9252,2084.0842,2084084.1999,13,1.0-2082732-2084937,867.0000,1.0000,1,13,True,2082732.0000,2084937.0000,1352.1999,1.3522
1,2107.9544,2084.1134,2084113.3999,13,1.0-2082732-2084937,867.0000,1.0000,1,13,True,2082732.0000,2084937.0000,1381.3999,1.3814
1,2107.9674,2084.1264,2084126.3999,13,1.0-2082732-2084937,867.0000,1.0000,1,13,True,2082732.0000,2084937.0000,1394.3999,1.3944
1,2108.0024,2084.1614,2084161.3999,13,1.0-2082732-2084937,867.0000,1.0000,1,13,True,2082732.0000,2084937.0000,1429.3999,1.4294
1,2108.0409,2084.1999,2084199.8999,13,1.0-2082732-2084937,867.0000,1.0000,1,13,True,2082732.0000,2084937.0000,1467.8999,1.4679
1,2108.1255,2084.2845,2084284.4999,13,1.0-2082732-2084937,867.0000,1.0000,1,13,True,2082732.0000,2084937.0000,1552.4999,1.5525
1,2108.1400,2084.2990,2084298.9999,13,1.0-2082732-2084937,867.0000,1.0000,1,13,True,2082732.0000,2084937.0000,1566.9999,1.5670
1,2108.1830,2084.3420,2084341.9999,13,1.0-2082732-2084937,867.0000,1.0000,1,13,True,2082732.0000,2084937.0000,1609.9999,1.6100
1,2108.2131,2084.3721,2084372.0999,13,1.0-2082732-2084937,867.0000,1.0000,1,13,True,2082732.0000,2084937.0000,1640.0999,1.6401
1,2108.2405,2084.3995,2084399.4999,13,1.0-2082732-2084937,867.0000,1.0000,1,13,True,2082732.0000,2084937.0000,1667.4999,1.6675
1,2108.2551,2084.4141,2084414.0999,13,1.0-2082732-2084937,867.0000,1.0000,1,13,True,2082732.0000,2084937.0000,1682.0999,1.6821
1,2108.2821,2084.4411,2084441.0999,13,1.0-2082732-2084937,867.0000,1.0000,1,13,True,2082732.0000,2084937.0000,1709.0999,1.7091
1,2108.3136,2084.4726,2084472.5999,13,1.0-2082732-2084937,867.0000,1.0000,1,13,True,2082732.0000,2084937.0000,1740.5999,1.7406
1,2108.3267,2084.4857,2084485.6999,13,1.0-2082732-2084937,867.0000,1.0000,1,13,True,2082732.0000,2084937.0000,1753.6999,1.7537
1,2108.3467,2084.5057,2084505.6999,13,1.0-2082732-2084937,867.0000,1.0000,1,13,True,2082732.0000,2084937.0000,1773.6999,1.7737
1,2108.4221,2084.5811,2084581.0999,13,1.0-2082732-2084937,867.0000,1.0000,1,13,True,2082732.0000,2084937.0000,1849.0999,1.8491
1,2108.4432,2084.6022,2084602.1999,13,1.0-2082732-2084937,867.0000,1.0000,1,13,True,2082732.0000,2084937.0000,1870.1999,1.8702
1,2108.4863,2084.6453,2084645.2999,13,1.0-2082732-2084937,867.0000,1.0000,1,13,True,2082732.0000,2084937.0000,1913.2999,1.9133
1,2108.5491,2084.7081,2084708.0999,13,1.0-2082732-2084937,867.0000,1.0000,1,13,True,2082732.0000,2084937.0000,1976.0999,1.9761
1,2108.5682,2084.7272,2084727.1999,13,1.0-2082732-2084937,867.0000,1.0000,1,13,True,2082732.0000,2084937.0000,1995.1999,1.9952
1,2108.6970,2084.8560,2084855.9999,13,1.0-2082732-2084937,867.0000,1.0000,1,13,True,2082732.0000,2084937.0000,2123.9999,2.1240
1,2258.1823,2234.3413,2234341.2999,14,1.0-2234331-2235733,922.0000,1.0000,1,14,True,2234331.0000,2235733.0000,10.2999,0.0103
1,2258.2153,2234.3743,2234374.2999,14,1.0-2234331-2235733,922.0000,1.0000,1,14,True,2234331.0000,2235733.0000,43.2999,0.0433
1,2258.2370,2234.3960,2234395.9999,14,1.0-2234331-2235733,922.0000,1.0000,1,14,True,2234331.0000,2235733.0000,64.9999,0.0650
1,2258.3118,2234.4708,2234470.7999,14,1.0-2234331-2235733,922.0000,1.0000,1,14,True,2234331.0000,2235733.0000,139.7999,0.1398
1,2258.3232,2234.4822,2234482.1999,14,1.0-2234331-2235733,922.0000,1.0000,1,14,True,2234331.0000,2235733.0000,151.1999,0.1512
1,2258.3398,2234.4988,2234498.7999,14,1.0-2234331-2235733,922.0000,1.0000,1,14,True,2234331.0000,2235733.0000,167.7999,0.1678
1,2258.4582,2234.6172,2234617.1999,14,1.0-2234331-2235733,922.0000,1.0000,1,14,True,2234331.0000,2235733.0000,286.1999,0.2862
1,2258.4892,2234.6482,2234648.1999,14,1.0-2234331-2235733,922.0000,1.0000,1,14,True,2234331.0000,2235733.0000,317.1999,0.3172
1,2258.5255,2234.6845,2234684.4999,14,1.0-2234331-2235733,922.0000,1.0000,1,14,True,2234331.0000,2235733.0000,353.4999,0.3535
1,2258.5349,2234.6939,2234693.8999,14,1.0-2234331-2235733,922.0000,1.0000,1,14,True,2234331.0000,2235733.0000,362.8999,0.3629
1,2258.5615,2234.7205,2234720.4999,14,1.0-2234331-2235733,922.0000,1.0000,1,14,True,2234331.0000,2235733.0000,389.4999,0.3895
1,2258.5905,2234.7495,2234749.4999,14,1.0-2234331-2235733,922.0000,1.0000,1,14,True,2234331.0000,2235733.0000,418.4999,0.4185
1,2258.6630,2234.8220,2234821.9999,14,1.0-2234331-2235733,922.0000,1.0000,1,14,True,2234331.0000,2235733.0000,490.9999,0.4910
1,2258.7711,2234.9301,2234930.0999,14,1.0-2234331-2235733,922.0000,1.0000,1,14,True,2234331.0000,2235733.0000,599.0999,0.5991
1,2258.9104,2235.0694,2235069.3999,14,1.0-2234331-2235733,922.0000,1.0000,1,14,True,2234331.0000,2235733.0000,738.3999,0.7384
1,2259.0233,2235.1823,2235182.2999,14,1.0-2234331-2235733,922.0000,1.0000,1,14,True,2234331.0000,2235733.0000,851.2999,0.8513
1,2259.0357,2235.1947,2235194.6999,14,1.0-2234331-2235733,922.0000,1.0000,1,14,True,2234331.0000,2235733.0000,863.6999,0.8637
1,2259.1090,2235.2680,2235267.9999,14,1.0-2234331-2235733,922.0000,1.0000,1,14,True,2234331.0000,2235733.0000,936.9999,0.9370
1,2259.3993,2235.5583,2235558.2999,14,1.0-2234331-2235733,922.0000,1.0000,1,14,True,2234331.0000,2235733.0000,1227.2999,1.2273
1,234.0004,210.1594,210159.3999,15,1.0-210147-212351,126.0000,1.0000,1,15,True,210147.0000,212351.0000,12.3999,0.0124
1,234.0204,210.1794,210179.3999,15,1.0-210147-212351,126.0000,1.0000,1,15,True,210147.0000,212351.0000,32.3999,0.0324
1,234.0277,210.1867,210186.6999,15,1.0-210147-212351,126.0000,1.0000,1,15,True,210147.0000,212351.0000,39.6999,0.0397
1,234.0498,210.2088,210208.7999,15,1.0-210147-212351,126.0000,1.0000,1,15,True,210147.0000,212351.0000,61.7999,0.0618
1,234.0766,210.2356,210235.5999,15,1.0-210147-212351,126.0000,1.0000,1,15,True,210147.0000,212351.0000,88.5999,0.0886
1,234.0945,210.2535,210253.4999,15,1.0-210147-212351,126.0000,1.0000,1,15,True,210147.0000,212351.0000,106.4999,0.1065
1,234.1159,210.2749,210274.8999,15,1.0-210147-212351,126.0000,1.0000,1,15,True,210147.0000,212351.0000,127.8999,0.1279
1,234.1430,210.3020,210301.9999,15,1.0-210147-212351,126.0000,1.0000,1,15,True,210147.0000,212351.0000,154.9999,0.1550
1,234.1576,210.3166,210316.5999,15,1.0-210147-212351,126.0000,1.0000,1,15,True,210147.0000,212351.0000,169.5999,0.1696
1,234.2448,210.4038,210403.7999,15,1.0-210147-212351,126.0000,1.0000,1,15,True,210147.0000,212351.0000,256.7999,0.2568
1,234.2476,210.4066,210406.5999,15,1.0-210147-212351,126.0000,1.0000,1,15,True,210147.0000,212351.0000,259.5999,0.2596
1,234.2940,210.4530,210452.9999,15,1.0-210147-212351,126.0000,1.0000,1,15,True,210147.0000,212351.0000,305.9999,0.3060
1,234.3168,210.4758,210475.7999,15,1.0-210147-212351,126.0000,1.0000,1,15,True,210147.0000,212351.0000,328.7999,0.3288
1,234.3493,210.5083,210508.2999,15,1.0-210147-212351,126.0000,1.0000,1,15,True,210147.0000,212351.0000,361.2999,0.3613
1,234.3753,210.5343,210534.2999,15,1.0-210147-212351,126.0000,1.0000,1,15,True,210147.0000,212351.0000,387.2999,0.3873
1,234.4127,210.5717,210571.6999,15,1.0-210147-212351,126.0000,1.0000,1,15,True,210147.0000,212351.0000,424.6999,0.4247
1,234.4642,210.6232,210623.1999,15,1.0-210147-212351,126.0000,1.0000,1,15,True,210147.0000,212351.0000,476.1999,0.4762
1,234.4745,210.6335,210633.4999,15,1.0-210147-212351,126.0000,1.0000,1,15,True,210147.0000,212351.0000,486.4999,0.4865
1,234.4806,210.6396,210639.5999,15,1.0-210147-212351,126.0000,1.0000,1,15,True,210147.0000,212351.0000,492.5999,0.4926
1,234.5029,210.6619,210661.8999,15,1.0-210147-212351,126.0000,1.0000,1,15,True,210147.0000,212351.0000,514.8999,0.5149
1,234.5196,210.6786,210678.5999,15,1.0-210147-212351,126.0000,1.0000,1,15,True,210147.0000,212351.0000,531.5999,0.5316
1,234.5745,210.7335,210733.4999,15,1.0-210147-212351,126.0000,1.0000,1,15,True,210147.0000,212351.0000,586.4999,0.5865
1,234.7533,210.9123,210912.2999,15,1.0-210147-212351,126.0000,1.0000,1,15,True,210147.0000,212351.0000,765.2999,0.7653
1,234.7812,210.9402,210940.1999,15,1.0-210147-212351,126.0000,1.0000,1,15,True,210147.0000,212351.0000,793.1999,0.7932
1,234.8059,210.9649,210964.8999,15,1.0-210147-212351,126.0000,1.0000,1,15,True,210147.0000,212351.0000,817.8999,0.8179
1,234.8463,211.0053,211005.2999,15,1.0-210147-212351,126.0000,1.0000,1,15,True,210147.0000,212351.0000,858.2999,0.8583
1,234.9128,211.0718,211071.7999,15,1.0-210147-212351,126.0000,1.0000,1,15,True,210147.0000,212351.0000,924.7999,0.9248
1,234.9351,211.0941,211094.0999,15,1.0-210147-212351,126.0000,1.0000,1,15,True,210147.0000,212351.0000,947.0999,0.9471
1,234.9588,211.1178,211117.7999,15,1.0-210147-212351,126.0000,1.0000,1,15,True,210147.0000,212351.0000,970.7999,0.9708
1,235.0483,211.2073,211207.2999,15,1.0-210147-212351,126.0000,1.0000,1,15,True,210147.0000,212351.0000,1060.2999,1.0603
1,235.0596,211.2186,211218.5999,15,1.0-210147-212351,126.0000,1.0000,1,15,True,210147.0000,212351.0000,1071.5999,1.0716
1,235.1071,211.2661,211266.0999,15,1.0-210147-212351,126.0000,1.0000,1,15,True,210147.0000,212351.0000,1119.0999,1.1191
1,235.1295,211.2885,211288.4999,15,1.0-210147-212351,126.0000,1.0000,1,15,True,210147.0000,212351.0000,1141.4999,1.1415
1,235.1725,211.3315,211331.4999,15,1.0-210147-212351,126.0000,1.0000,1,15,True,210147.0000,212351.0000,1184.4999,1.1845
1,235.2612,211.4202,211420.1999,15,1.0-210147-212351,126.0000,1.0000,1,15,True,210147.0000,212351.0000,1273.1999,1.2732
1,235.3042,211.4632,211463.1999,15,1.0-210147-212351,126.0000,1.0000,1,15,True,210147.0000,212351.0000,1316.1999,1.3162
1,235.3215,211.4805,211480.4999,15,1.0-210147-212351,126.0000,1.0000,1,15,True,210147.0000,212351.0000,1333.4999,1.3335
1,235.3463,211.5053,211505.2999,15,1.0-210147-212351,126.0000,1.0000,1,15,True,210147.0000,212351.0000,1358.2999,1.3583
1,235.4059,211.5649,211564.8999,15,1.0-210147-212351,126.0000,1.0000,1,15,True,210147.0000,212351.0000,1417.8999,1.4179
1,235.4243,211.5833,211583.2999,15,1.0-210147-212351,126.0000,1.0000,1,15,True,210147.0000,212351.0000,1436.2999,1.4363
1,235.4631,211.6221,211622.0999,15,1.0-210147-212351,126.0000,1.0000,1,15,True,210147.0000,212351.0000,1475.0999,1.4751
1,235.4723,211.6313,211631.2999,15,1.0-210147-212351,126.0000,1.0000,1,15,True,210147.0000,212351.0000,1484.2999,1.4843
1,235.5002,211.6592,211659.1999,15,1.0-210147-212351,126.0000,1.0000,1,15,True,210147.0000,212351.0000,1512.1999,1.5122
1,235.5347,211.6937,211693.6999,15,1.0-210147-212351,126.0000,1.0000,1,15,True,210147.0000,212351.0000,1546.6999,1.5467
1,235.5714,211.7304,211730.3999,15,1.0-210147-212351,126.0000,1.0000,1,15,True,210147.0000,212351.0000,1583.3999,1.5834
1,235.5913,211.7503,211750.2999,15,1.0-210147-212351,126.0000,1.0000,1,15,True,210147.0000,212351.0000,1603.2999,1.6033
1,235.6030,211.7620,211761.9999,15,1.0-210147-212351,126.0000,1.0000,1,15,True,210147.0000,212351.0000,1614.9999,1.6150
1,235.7078,211.8668,211866.7999,15,1.0-210147-212351,126.0000,1.0000,1,15,True,210147.0000,212351.0000,1719.7999,1.7198
1,235.7363,211.8953,211895.2999,15,1.0-210147-212351,126.0000,1.0000,1,15,True,210147.0000,212351.0000,1748.2999,1.7483
1,235.7599,211.9189,211918.8999,15,1.0-210147-212351,126.0000,1.0000,1,15,True,210147.0000,212351.0000,1771.8999,1.7719
1,235.7621,211.9211,211921.0999,15,1.0-210147-212351,126.0000,1.0000,1,15,True,210147.0000,212351.0000,1774.0999,1.7741
1,235.7812,211.9402,211940.1999,15,1.0-210147-212351,126.0000,1.0000,1,15,True,210147.0000,212351.0000,1793.1999,1.7932
1,235.7840,211.9430,211942.9999,15,1.0-210147-212351,126.0000,1.0000,1,15,True,210147.0000,212351.0000,1795.9999,1.7960
1,235.7948,211.9538,211953.7999,15,1.0-210147-212351,126.0000,1.0000,1,15,True,210147.0000,212351.0000,1806.7999,1.8068
1,235.8112,211.9702,211970.1999,15,1.0-210147-212351,126.0000,1.0000,1,15,True,210147.0000,212351.0000,1823.1999,1.8232
1,235.9067,212.0657,212065.6999,15,1.0-210147-212351,126.0000,1.0000,1,15,True,210147.0000,212351.0000,1918.6999,1.9187
1,235.9363,212.0953,212095.2999,15,1.0-210147-212351,126.0000,1.0000,1,15,True,210147.0000,212351.0000,1948.2999,1.9483
1,235.9644,212.1234,212123.3999,15,1.0-210147-212351,126.0000,1.0000,1,15,True,210147.0000,212351.0000,1976.3999,1.9764
1,236.0358,212.1948,212194.7999,15,1.0-210147-212351,126.0000,1.0000,1,15,True,210147.0000,212351.0000,2047.7999,2.0478
1,236.0598,212.2188,212218.7999,15,1.0-210147-212351,126.0000,1.0000,1,15,True,210147.0000,212351.0000,2071.7999,2.0718
1,236.1254,212.2844,212284.3999,15,1.0-210147-212351,126.0000,1.0000,1,15,True,210147.0000,212351.0000,2137.3999,2.1374
1,236.1647,212.3237,212323.6999,15,1.0-210147-212351,126.0000,1.0000,1,15,True,210147.0000,212351.0000,2176.6999,2.1767
1,236.1917,212.3507,212350.6999,15,1.0-210147-212351,126.0000,1.0000,1,15,True,210147.0000,212351.0000,2203.6999,2.2037
1,2375.4733,2351.6323,2351632.2999,16,1.0-2351628-2352764,964.0000,1.0000,1,16,True,2351628.0000,2352764.0000,4.2999,0.0043
1,2375.4787,2351.6377,2351637.6999,16,1.0-2351628-2352764,964.0000,1.0000,1,16,True,2351628.0000,2352764.0000,9.6999,0.0097
1,2375.4810,2351.6400,2351639.9999,16,1.0-2351628-2352764,964.0000,1.0000,1,16,True,2351628.0000,2352764.0000,11.9999,0.0120
1,2375.5330,2351.6920,2351691.9999,16,1.0-2351628-2352764,964.0000,1.0000,1,16,True,2351628.0000,2352764.0000,63.9999,0.0640
1,2375.5675,2351.7265,2351726.4999,16,1.0-2351628-2352764,964.0000,1.0000,1,16,True,2351628.0000,2352764.0000,98.4999,0.0985
1,2375.6087,2351.7677,2351767.6999,16,1.0-2351628-2352764,964.0000,1.0000,1,16,True,2351628.0000,2352764.0000,139.6999,0.1397
1,2375.6735,2351.8325,2351832.4999,16,1.0-2351628-2352764,964.0000,1.0000,1,16,True,2351628.0000,2352764.0000,204.4999,0.2045
1,2375.6850,2351.8440,2351843.9999,16,1.0-2351628-2352764,964.0000,1.0000,1,16,True,2351628.0000,2352764.0000,215.9999,0.2160
1,2375.6955,2351.8545,2351854.4999,16,1.0-2351628-2352764,964.0000,1.0000,1,16,True,2351628.0000,2352764.0000,226.4999,0.2265
1,2375.7029,2351.8619,2351861.8999,16,1.0-2351628-2352764,964.0000,1.0000,1,16,True,2351628.0000,2352764.0000,233.8999,0.2339
1,2375.7311,2351.8901,2351890.0999,16,1.0-2351628-2352764,964.0000,1.0000,1,16,True,2351628.0000,2352764.0000,262.0999,0.2621
1,2375.8204,2351.9794,2351979.3999,16,1.0-2351628-2352764,964.0000,1.0000,1,16,True,2351628.0000,2352764.0000,351.3999,0.3514
1,2375.8225,2351.9815,2351981.4999,16,1.0-2351628-2352764,964.0000,1.0000,1,16,True,2351628.0000,2352764.0000,353.4999,0.3535
1,2375.8363,2351.9953,2351995.2999,16,1.0-2351628-2352764,964.0000,1.0000,1,16,True,2351628.0000,2352764.0000,367.2999,0.3673
1,2375.8842,2352.0432,2352043.1999,16,1.0-2351628-2352764,964.0000,1.0000,1,16,True,2351628.0000,2352764.0000,415.1999,0.4152
1,2375.9125,2352.0715,2352071.4999,16,1.0-2351628-2352764,964.0000,1.0000,1,16,True,2351628.0000,2352764.0000,443.4999,0.4435
1,2376.0698,2352.2288,2352228.7999,16,1.0-2351628-2352764,964.0000,1.0000,1,16,True,2351628.0000,2352764.0000,600.7999,0.6008
1,2376.0886,2352.2476,2352247.5999,16,1.0-2351628-2352764,964.0000,1.0000,1,16,True,2351628.0000,2352764.0000,619.5999,0.6196
1,2376.1255,2352.2845,2352284.4999,16,1.0-2351628-2352764,964.0000,1.0000,1,16,True,2351628.0000,2352764.0000,656.4999,0.6565
1,2376.1275,2352.2865,2352286.4999,16,1.0-2351628-2352764,964.0000,1.0000,1,16,True,2351628.0000,2352764.0000,658.4999,0.6585
1,2376.1793,2352.3383,2352338.2999,16,1.0-2351628-2352764,964.0000,1.0000,1,16,True,2351628.0000,2352764.0000,710.2999,0.7103
1,2376.1967,2352.3557,2352355.6999,16,1.0-2351628-2352764,964.0000,1.0000,1,16,True,2351628.0000,2352764.0000,727.6999,0.7277
1,2376.2360,2352.3950,2352394.9999,16,1.0-2351628-2352764,964.0000,1.0000,1,16,True,2351628.0000,2352764.0000,766.9999,0.7670
1,2376.2764,2352.4354,2352435.3999,16,1.0-2351628-2352764,964.0000,1.0000,1,16,True,2351628.0000,2352764.0000,807.3999,0.8074
1,2376.2924,2352.4514,2352451.3999,16,1.0-2351628-2352764,964.0000,1.0000,1,16,True,2351628.0000,2352764.0000,823.3999,0.8234
1,2376.4521,2352.6111,2352611.0999,16,1.0-2351628-2352764,964.0000,1.0000,1,16,True,2351628.0000,2352764.0000,983.0999,0.9831
1,2376.5115,2352.6705,2352670.4999,16,1.0-2351628-2352764,964.0000,1.0000,1,16,True,2351628.0000,2352764.0000,1042.4999,1.0425
1,2376.5221,2352.6811,2352681.0999,16,1.0-2351628-2352764,964.0000,1.0000,1,16,True,2351628.0000,2352764.0000,1053.0999,1.0531
1,2376.5978,2352.7568,2352756.7999,16,1.0-2351628-2352764,964.0000,1.0000,1,16,True,2351628.0000,2352764.0000,1128.7999,1.1288
1,2376.6015,2352.7605,2352760.4999,16,1.0-2351628-2352764,964.0000,1.0000,1,16,True,2351628.0000,2352764.0000,1132.4999,1.1325
1,933.9602,910.1192,910119.1999,17,1.0-910091-911594,394.0000,1.0000,1,17,True,910091.0000,911594.0000,28.1999,0.0282
1,933.9744,910.1334,910133.3999,17,1.0-910091-911594,394.0000,1.0000,1,17,True,910091.0000,911594.0000,42.3999,0.0424
1,934.0603,910.2193,910219.2999,17,1.0-910091-911594,394.0000,1.0000,1,17,True,910091.0000,911594.0000,128.2999,0.1283
1,934.0927,910.2517,910251.6999,17,1.0-910091-911594,394.0000,1.0000,1,17,True,910091.0000,911594.0000,160.6999,0.1607
1,934.2715,910.4305,910430.4999,17,1.0-910091-911594,394.0000,1.0000,1,17,True,910091.0000,911594.0000,339.4999,0.3395
1,934.2958,910.4548,910454.7999,17,1.0-910091-911594,394.0000,1.0000,1,17,True,910091.0000,911594.0000,363.7999,0.3638
1,934.2991,910.4581,910458.0999,17,1.0-910091-911594,394.0000,1.0000,1,17,True,910091.0000,911594.0000,367.0999,0.3671
1,934.3741,910.5331,910533.0999,17,1.0-910091-911594,394.0000,1.0000,1,17,True,910091.0000,911594.0000,442.0999,0.4421
1,934.3964,910.5554,910555.3999,17,1.0-910091-911594,394.0000,1.0000,1,17,True,910091.0000,911594.0000,464.3999,0.4644
1,934.4319,910.5909,910590.8999,17,1.0-910091-911594,394.0000,1.0000,1,17,True,910091.0000,911594.0000,499.8999,0.4999
1,934.6742,910.8332,910833.1999,17,1.0-910091-911594,394.0000,1.0000,1,17,True,910091.0000,911594.0000,742.1999,0.7422
1,934.7520,910.9110,910910.9999,17,1.0-910091-911594,394.0000,1.0000,1,17,True,910091.0000,911594.0000,819.9999,0.8200
1,935.0316,911.1906,911190.5999,17,1.0-910091-911594,394.0000,1.0000,1,17,True,910091.0000,911594.0000,1099.5999,1.0996
1,935.0565,911.2155,911215.4999,17,1.0-910091-911594,394.0000,1.0000,1,17,True,910091.0000,911594.0000,1124.4999,1.1245
1,935.0645,911.2235,911223.4999,17,1.0-910091-911594,394.0000,1.0000,1,17,True,910091.0000,911594.0000,1132.4999,1.1325
1,935.2523,911.4113,911411.2999,17,1.0-910091-911594,394.0000,1.0000,1,17,True,910091.0000,911594.0000,1320.2999,1.3203
1,935.2682,911.4272,911427.1999,17,1.0-910091-911594,394.0000,1.0000,1,17,True,910091.0000,911594.0000,1336.1999,1.3362
1,935.3077,911.4667,911466.6999,17,1.0-910091-911594,394.0000,1.0000,1,17,True,910091.0000,911594.0000,1375.6999,1.3757
1,935.3330,911.4920,911491.9999,17,1.0-910091-911594,394.0000,1.0000,1,17,True,910091.0000,911594.0000,1400.9999,1.4010
1,935.3502,911.5092,911509.1999,17,1.0-910091-911594,394.0000,1.0000,1,17,True,910091.0000,911594.0000,1418.1999,1.4182
1,935.3648,911.5238,911523.7999,17,1.0-910091-911594,394.0000,1.0000,1,17,True,910091.0000,911594.0000,1432.7999,1.4328
1,935.3826,911.5416,911541.5999,17,1.0-910091-911594,394.0000,1.0000,1,17,True,910091.0000,911594.0000,1450.5999,1.4506
1,204.3517,180.5107,180510.6999,18,1.0-180455-182292,107.0000,1.0000,1,18,True,180455.0000,182292.0000,55.6999,0.0557
1,204.4385,180.5975,180597.4999,18,1.0-180455-182292,107.0000,1.0000,1,18,True,180455.0000,182292.0000,142.4999,0.1425
1,204.5030,180.6620,180661.9999,18,1.0-180455-182292,107.0000,1.0000,1,18,True,180455.0000,182292.0000,206.9999,0.2070
1,204.5361,180.6951,180695.0999,18,1.0-180455-182292,107.0000,1.0000,1,18,True,180455.0000,182292.0000,240.0999,0.2401
1,204.6161,180.7751,180775.0999,18,1.0-180455-182292,107.0000,1.0000,1,18,True,180455.0000,182292.0000,320.0999,0.3201
1,204.6847,180.8437,180843.6999,18,1.0-180455-182292,107.0000,1.0000,1,18,True,180455.0000,182292.0000,388.6999,0.3887
1,204.7446,180.9036,180903.5999,18,1.0-180455-182292,107.0000,1.0000,1,18,True,180455.0000,182292.0000,448.5999,0.4486
1,204.8149,180.9739,180973.8999,18,1.0-180455-182292,107.0000,1.0000,1,18,True,180455.0000,182292.0000,518.8999,0.5189
1,205.0773,181.2363,181236.2999,18,1.0-180455-182292,107.0000,1.0000,1,18,True,180455.0000,182292.0000,781.2999,0.7813
1,205.0806,181.2396,181239.5999,18,1.0-180455-182292,107.0000,1.0000,1,18,True,180455.0000,182292.0000,784.5999,0.7846
1,205.0931,181.2521,181252.0999,18,1.0-180455-182292,107.0000,1.0000,1,18,True,180455.0000,182292.0000,797.0999,0.7971
1,205.1849,181.3439,181343.8999,18,1.0-180455-182292,107.0000,1.0000,1,18,True,180455.0000,182292.0000,888.8999,0.8889
1,205.2079,181.3669,181366.8999,18,1.0-180455-182292,107.0000,1.0000,1,18,True,180455.0000,182292.0000,911.8999,0.9119
1,205.2534,181.4124,181412.3999,18,1.0-180455-182292,107.0000,1.0000,1,18,True,180455.0000,182292.0000,957.3999,0.9574
1,205.3219,181.4809,181480.8999,18,1.0-180455-182292,107.0000,1.0000,1,18,True,180455.0000,182292.0000,1025.8999,1.0259
1,205.3793,181.5383,181538.2999,18,1.0-180455-182292,107.0000,1.0000,1,18,True,180455.0000,182292.0000,1083.2999,1.0833
1,205.3943,181.5533,181553.2999,18,1.0-180455-182292,107.0000,1.0000,1,18,True,180455.0000,182292.0000,1098.2999,1.0983
1,205.4952,181.6542,181654.1999,18,1.0-180455-182292,107.0000,1.0000,1,18,True,180455.0000,182292.0000,1199.1999,1.1992
1,205.5204,181.6794,181679.3999,18,1.0-180455-182292,107.0000,1.0000,1,18,True,180455.0000,182292.0000,1224.3999,1.2244
1,205.5523,181.7113,181711.2999,18,1.0-180455-182292,107.0000,1.0000,1,18,True,180455.0000,182292.0000,1256.2999,1.2563
1,205.8059,181.9649,181964.8999,18,1.0-180455-182292,107.0000,1.0000,1,18,True,180455.0000,182292.0000,1509.8999,1.5099
1,205.8077,181.9667,181966.6999,18,1.0-180455-182292,107.0000,1.0000,1,18,True,180455.0000,182292.0000,1511.6999,1.5117
1,205.8121,181.9711,181971.0999,18,1.0-180455-182292,107.0000,1.0000,1,18,True,180455.0000,182292.0000,1516.0999,1.5161
1,205.8645,182.0235,182023.4999,18,1.0-180455-182292,107.0000,1.0000,1,18,True,180455.0000,182292.0000,1568.4999,1.5685
1,205.8738,182.0328,182032.7999,18,1.0-180455-182292,107.0000,1.0000,1,18,True,180455.0000,182292.0000,1577.7999,1.5778
1,205.9707,182.1297,182129.6999,18,1.0-180455-182292,107.0000,1.0000,1,18,True,180455.0000,182292.0000,1674.6999,1.6747
1,205.9837,182.1427,182142.6999,18,1.0-180455-182292,107.0000,1.0000,1,18,True,180455.0000,182292.0000,1687.6999,1.6877
1,206.0408,182.1998,182199.7999,18,1.0-180455-182292,107.0000,1.0000,1,18,True,180455.0000,182292.0000,1744.7999,1.7448
1,206.0511,182.2101,182210.0999,18,1.0-180455-182292,107.0000,1.0000,1,18,True,180455.0000,182292.0000,1755.0999,1.7551
1,206.0780,182.2370,182236.9999,18,1.0-180455-182292,107.0000,1.0000,1,18,True,180455.0000,182292.0000,1781.9999,1.7820
1,1897.0056,1873.1646,1873164.5999,19,1.0-1873120-1875257,783.0000,1.0000,1,19,True,1873120.0000,1875257.0000,44.5999,0.0446
1,1897.0600,1873.2190,1873218.9999,19,1.0-1873120-1875257,783.0000,1.0000,1,19,True,1873120.0000,1875257.0000,98.9999,0.0990
1,1897.0840,1873.2430,1873242.9999,19,1.0-1873120-1875257,783.0000,1.0000,1,19,True,1873120.0000,1875257.0000,122.9999,0.1230
1,1897.0973,1873.2563,1873256.2999,19,1.0-1873120-1875257,783.0000,1.0000,1,19,True,1873120.0000,1875257.0000,136.2999,0.1363
1,1897.1396,1873.2986,1873298.5999,19,1.0-1873120-1875257,783.0000,1.0000,1,19,True,1873120.0000,1875257.0000,178.5999,0.1786
1,1897.1514,1873.3104,1873310.3999,19,1.0-1873120-1875257,783.0000,1.0000,1,19,True,1873120.0000,1875257.0000,190.3999,0.1904
1,1897.1751,1873.3341,1873334.0999,19,1.0-1873120-1875257,783.0000,1.0000,1,19,True,1873120.0000,1875257.0000,214.0999,0.2141
1,1897.2070,1873.3660,1873365.9999,19,1.0-1873120-1875257,783.0000,1.0000,1,19,True,1873120.0000,1875257.0000,245.9999,0.2460
1,1897.2344,1873.3934,1873393.3999,19,1.0-1873120-1875257,783.0000,1.0000,1,19,True,1873120.0000,1875257.0000,273.3999,0.2734
1,1897.2471,1873.4061,1873406.0999,19,1.0-1873120-1875257,783.0000,1.0000,1,19,True,1873120.0000,1875257.0000,286.0999,0.2861
1,1897.2732,1873.4322,1873432.1999,19,1.0-1873120-1875257,783.0000,1.0000,1,19,True,1873120.0000,1875257.0000,312.1999,0.3122
1,1897.2801,1873.4391,1873439.0999,19,1.0-1873120-1875257,783.0000,1.0000,1,19,True,1873120.0000,1875257.0000,319.0999,0.3191
1,1897.2940,1873.4530,1873452.9999,19,1.0-1873120-1875257,783.0000,1.0000,1,19,True,1873120.0000,1875257.0000,332.9999,0.3330
1,1897.3020,1873.4610,1873460.9999,19,1.0-1873120-1875257,783.0000,1.0000,1,19,True,1873120.0000,1875257.0000,340.9999,0.3410
1,1897.3704,1873.5294,1873529.3999,19,1.0-1873120-1875257,783.0000,1.0000,1,19,True,1873120.0000,1875257.0000,409.3999,0.4094
1,1897.4117,1873.5707,1873570.6999,19,1.0-1873120-1875257,783.0000,1.0000,1,19,True,1873120.0000,1875257.0000,450.6999,0.4507
1,1897.4731,1873.6321,1873632.0999,19,1.0-1873120-1875257,783.0000,1.0000,1,19,True,1873120.0000,1875257.0000,512.0999,0.5121
1,1897.5141,1873.6731,1873673.0999,19,1.0-1873120-1875257,783.0000,1.0000,1,19,True,1873120.0000,1875257.0000,553.0999,0.5531
1,1897.7026,1873.8616,1873861.5999,19,1.0-1873120-1875257,783.0000,1.0000,1,19,True,1873120.0000,1875257.0000,741.5999,0.7416
1,1897.9733,1874.1323,1874132.2999,19,1.0-1873120-1875257,783.0000,1.0000,1,19,True,1873120.0000,1875257.0000,1012.2999,1.0123
1,1898.0549,1874.2139,1874213.8999,19,1.0-1873120-1875257,783.0000,1.0000,1,19,True,1873120.0000,1875257.0000,1093.8999,1.0939
1,1898.0831,1874.2421,1874242.0999,19,1.0-1873120-1875257,783.0000,1.0000,1,19,True,1873120.0000,1875257.0000,1122.0999,1.1221
1,1898.0954,1874.2544,1874254.3999,19,1.0-1873120-1875257,783.0000,1.0000,1,19,True,1873120.0000,1875257.0000,1134.3999,1.1344
1,1898.1691,1874.3281,1874328.0999,19,1.0-1873120-1875257,783.0000,1.0000,1,19,True,1873120.0000,1875257.0000,1208.0999,1.2081
1,1898.1826,1874.3416,1874341.5999,19,1.0-1873120-1875257,783.0000,1.0000,1,19,True,1873120.0000,1875257.0000,1221.5999,1.2216
1,1898.3603,1874.5193,1874519.2999,19,1.0-1873120-1875257,783.0000,1.0000,1,19,True,1873120.0000,1875257.0000,1399.2999,1.3993
1,1898.3858,1874.5448,1874544.7999,19,1.0-1873120-1875257,783.0000,1.0000,1,19,True,1873120.0000,1875257.0000,1424.7999,1.4248
1,1898.4415,1874.6005,1874600.4999,19,1.0-1873120-1875257,783.0000,1.0000,1,19,True,1873120.0000,1875257.0000,1480.4999,1.4805
1,1898.6188,1874.7778,1874777.7999,19,1.0-1873120-1875257,783.0000,1.0000,1,19,True,1873120.0000,1875257.0000,1657.7999,1.6578
1,1898.7266,1874.8856,1874885.5999,19,1.0-1873120-1875257,783.0000,1.0000,1,19,True,1873120.0000,1875257.0000,1765.5999,1.7656
1,1898.7291,1874.8881,1874888.0999,19,1.0-1873120-1875257,783.0000,1.0000,1,19,True,1873120.0000,1875257.0000,1768.0999,1.7681
1,1898.7658,1874.9248,1874924.7999,19,1.0-1873120-1875257,783.0000,1.0000,1,19,True,1873120.0000,1875257.0000,1804.7999,1.8048
1,1898.7808,1874.9398,1874939.7999,19,1.0-1873120-1875257,783.0000,1.0000,1,19,True,1873120.0000,1875257.0000,1819.7999,1.8198
1,1898.7885,1874.9475,1874947.4999,19,1.0-1873120-1875257,783.0000,1.0000,1,19,True,1873120.0000,1875257.0000,1827.4999,1.8275
1,1898.8251,1874.9841,1874984.0999,19,1.0-1873120-1875257,783.0000,1.0000,1,19,True,1873120.0000,1875257.0000,1864.0999,1.8641
1,1898.8352,1874.9942,1874994.1999,19,1.0-1873120-1875257,783.0000,1.0000,1,19,True,1873120.0000,1875257.0000,1874.1999,1.8742
1,1898.8596,1875.0186,1875018.5999,19,1.0-1873120-1875257,783.0000,1.0000,1,19,True,1873120.0000,1875257.0000,1898.5999,1.8986
1,1898.9790,1875.1380,1875137.9999,19,1.0-1873120-1875257,783.0000,1.0000,1,19,True,1873120.0000,1875257.0000,2017.9999,2.0180
1,1899.0131,1875.1721,1875172.0999,19,1.0-1873120-1875257,783.0000,1.0000,1,19,True,1873120.0000,1875257.0000,2052.0999,2.0521
1,1899.0241,1875.1831,1875183.0999,19,1.0-1873120-1875257,783.0000,1.0000,1,19,True,1873120.0000,1875257.0000,2063.0999,2.0631
1,1899.0469,1875.2059,1875205.8999,19,1.0-1873120-1875257,783.0000,1.0000,1,19,True,1873120.0000,1875257.0000,2085.8999,2.0859
1,1899.0549,1875.2139,1875213.8999,19,1.0-1873120-1875257,783.0000,1.0000,1,19,True,1873120.0000,1875257.0000,2093.8999,2.0939
1,1899.0702,1875.2292,1875229.1999,19,1.0-1873120-1875257,783.0000,1.0000,1,19,True,1873120.0000,1875257.0000,2109.1999,2.1092
1,1023.5884,999.7474,999747.3999,20,1.0-999701-1000536,429.0000,1.0000,1,20,True,999701.0000,1000536.0000,46.3999,0.0464
1,1023.6239,999.7829,999782.8999,20,1.0-999701-1000536,429.0000,1.0000,1,20,True,999701.0000,1000536.0000,81.8999,0.0819
1,1023.6878,999.8468,999846.7999,20,1.0-999701-1000536,429.0000,1.0000,1,20,True,999701.0000,1000536.0000,145.7999,0.1458
1,1023.7038,999.8628,999862.7999,20,1.0-999701-1000536,429.0000,1.0000,1,20,True,999701.0000,1000536.0000,161.7999,0.1618
1,1023.7412,999.9002,999900.1999,20,1.0-999701-1000536,429.0000,1.0000,1,20,True,999701.0000,1000536.0000,199.1999,0.1992
1,1023.7670,999.9260,999925.9999,20,1.0-999701-1000536,429.0000,1.0000,1,20,True,999701.0000,1000536.0000,224.9999,0.2250
1,1023.8545,1000.0135,1000013.4999,20,1.0-999701-1000536,429.0000,1.0000,1,20,True,999701.0000,1000536.0000,312.4999,0.3125
1,1023.8816,1000.0406,1000040.5999,20,1.0-999701-1000536,429.0000,1.0000,1,20,True,999701.0000,1000536.0000,339.5999,0.3396
1,1023.9438,1000.1028,1000102.7999,20,1.0-999701-1000536,429.0000,1.0000,1,20,True,999701.0000,1000536.0000,401.7999,0.4018
1,1023.9692,1000.1282,1000128.1999,20,1.0-999701-1000536,429.0000,1.0000,1,20,True,999701.0000,1000536.0000,427.1999,0.4272
1,1024.0092,1000.1682,1000168.1999,20,1.0-999701-1000536,429.0000,1.0000,1,20,True,999701.0000,1000536.0000,467.1999,0.4672
1,1024.0170,1000.1760,1000175.9999,20,1.0-999701-1000536,429.0000,1.0000,1,20,True,999701.0000,1000536.0000,474.9999,0.4750
1,1024.2081,1000.3671,1000367.0999,20,1.0-999701-1000536,429.0000,1.0000,1,20,True,999701.0000,1000536.0000,666.0999,0.6661
1,1024.2267,1000.3857,1000385.6999,20,1.0-999701-1000536,429.0000,1.0000,1,20,True,999701.0000,1000536.0000,684.6999,0.6847
1,1024.2645,1000.4235,1000423.4999,20,1.0-999701-1000536,429.0000,1.0000,1,20,True,999701.0000,1000536.0000,722.4999,0.7225
1,1024.2867,1000.4457,1000445.6999,20,1.0-999701-1000536,429.0000,1.0000,1,20,True,999701.0000,1000536.0000,744.6999,0.7447
1,1024.3516,1000.5106,1000510.5999,20,1.0-999701-1000536,429.0000,1.0000,1,20,True,999701.0000,1000536.0000,809.5999,0.8096
1,2083.5345,2059.6935,2059693.4999,21,1.0-2059687-2061758,857.0000,1.0000,1,21,True,2059687.0000,2061758.0000,6.4999,0.0065
1,2083.5435,2059.7025,2059702.4999,21,1.0-2059687-2061758,857.0000,1.0000,1,21,True,2059687.0000,2061758.0000,15.4999,0.0155
1,2083.5583,2059.7173,2059717.2999,21,1.0-2059687-2061758,857.0000,1.0000,1,21,True,2059687.0000,2061758.0000,30.2999,0.0303
1,2083.5629,2059.7219,2059721.8999,21,1.0-2059687-2061758,857.0000,1.0000,1,21,True,2059687.0000,2061758.0000,34.8999,0.0349
1,2083.6342,2059.7932,2059793.1999,21,1.0-2059687-2061758,857.0000,1.0000,1,21,True,2059687.0000,2061758.0000,106.1999,0.1062
1,2083.6650,2059.8240,2059823.9999,21,1.0-2059687-2061758,857.0000,1.0000,1,21,True,2059687.0000,2061758.0000,136.9999,0.1370
1,2083.7665,2059.9255,2059925.4999,21,1.0-2059687-2061758,857.0000,1.0000,1,21,True,2059687.0000,2061758.0000,238.4999,0.2385
1,2083.8309,2059.9899,2059989.8999,21,1.0-2059687-2061758,857.0000,1.0000,1,21,True,2059687.0000,2061758.0000,302.8999,0.3029
1,2083.8969,2060.0559,2060055.8999,21,1.0-2059687-2061758,857.0000,1.0000,1,21,True,2059687.0000,2061758.0000,368.8999,0.3689
1,2083.9590,2060.1180,2060117.9999,21,1.0-2059687-2061758,857.0000,1.0000,1,21,True,2059687.0000,2061758.0000,430.9999,0.4310
1,2083.9616,2060.1206,2060120.5999,21,1.0-2059687-2061758,857.0000,1.0000,1,21,True,2059687.0000,2061758.0000,433.5999,0.4336
1,2083.9635,2060.1225,2060122.4999,21,1.0-2059687-2061758,857.0000,1.0000,1,21,True,2059687.0000,2061758.0000,435.4999,0.4355
1,2083.9845,2060.1435,2060143.4999,21,1.0-2059687-2061758,857.0000,1.0000,1,21,True,2059687.0000,2061758.0000,456.4999,0.4565
1,2084.0314,2060.1904,2060190.3999,21,1.0-2059687-2061758,857.0000,1.0000,1,21,True,2059687.0000,2061758.0000,503.3999,0.5034
1,2084.0547,2060.2137,2060213.6999,21,1.0-2059687-2061758,857.0000,1.0000,1,21,True,2059687.0000,2061758.0000,526.6999,0.5267
1,2084.0805,2060.2395,2060239.4999,21,1.0-2059687-2061758,857.0000,1.0000,1,21,True,2059687.0000,2061758.0000,552.4999,0.5525
1,2084.0938,2060.2528,2060252.7999,21,1.0-2059687-2061758,857.0000,1.0000,1,21,True,2059687.0000,2061758.0000,565.7999,0.5658
1,2084.2500,2060.4090,2060408.9999,21,1.0-2059687-2061758,857.0000,1.0000,1,21,True,2059687.0000,2061758.0000,721.9999,0.7220
1,2084.2541,2060.4131,2060413.0999,21,1.0-2059687-2061758,857.0000,1.0000,1,21,True,2059687.0000,2061758.0000,726.0999,0.7261
1,2084.2992,2060.4582,2060458.1999,21,1.0-2059687-2061758,857.0000,1.0000,1,21,True,2059687.0000,2061758.0000,771.1999,0.7712
1,2084.3912,2060.5502,2060550.1999,21,1.0-2059687-2061758,857.0000,1.0000,1,21,True,2059687.0000,2061758.0000,863.1999,0.8632
1,2084.4154,2060.5744,2060574.3999,21,1.0-2059687-2061758,857.0000,1.0000,1,21,True,2059687.0000,2061758.0000,887.3999,0.8874
1,2084.4858,2060.6448,2060644.7999,21,1.0-2059687-2061758,857.0000,1.0000,1,21,True,2059687.0000,2061758.0000,957.7999,0.9578
1,2084.5187,2060.6777,2060677.6999,21,1.0-2059687-2061758,857.0000,1.0000,1,21,True,2059687.0000,2061758.0000,990.6999,0.9907
1,2084.6232,2060.7822,2060782.1999,21,1.0-2059687-2061758,857.0000,1.0000,1,21,True,2059687.0000,2061758.0000,1095.1999,1.0952
1,2084.7003,2060.8593,2060859.2999,21,1.0-2059687-2061758,857.0000,1.0000,1,21,True,2059687.0000,2061758.0000,1172.2999,1.1723
1,2084.7243,2060.8833,2060883.2999,21,1.0-2059687-2061758,857.0000,1.0000,1,21,True,2059687.0000,2061758.0000,1196.2999,1.1963
1,2084.7871,2060.9461,2060946.0999,21,1.0-2059687-2061758,857.0000,1.0000,1,21,True,2059687.0000,2061758.0000,1259.0999,1.2591
1,2084.8809,2061.0399,2061039.8999,21,1.0-2059687-2061758,857.0000,1.0000,1,21,True,2059687.0000,2061758.0000,1352.8999,1.3529
1,2084.9291,2061.0881,2061088.0999,21,1.0-2059687-2061758,857.0000,1.0000,1,21,True,2059687.0000,2061758.0000,1401.0999,1.4011
1,2084.9907,2061.1497,2061149.6999,21,1.0-2059687-2061758,857.0000,1.0000,1,21,True,2059687.0000,2061758.0000,1462.6999,1.4627
1,2085.1005,2061.2595,2061259.4999,21,1.0-2059687-2061758,857.0000,1.0000,1,21,True,2059687.0000,2061758.0000,1572.4999,1.5725
1,2085.1498,2061.3088,2061308.7999,21,1.0-2059687-2061758,857.0000,1.0000,1,21,True,2059687.0000,2061758.0000,1621.7999,1.6218
1,2085.2498,2061.4088,2061408.7999,21,1.0-2059687-2061758,857.0000,1.0000,1,21,True,2059687.0000,2061758.0000,1721.7999,1.7218
1,2085.2960,2061.4550,2061454.9999,21,1.0-2059687-2061758,857.0000,1.0000,1,21,True,2059687.0000,2061758.0000,1767.9999,1.7680
1,2085.3463,2061.5053,2061505.2999,21,1.0-2059687-2061758,857.0000,1.0000,1,21,True,2059687.0000,2061758.0000,1818.2999,1.8183
1,2085.3912,2061.5502,2061550.1999,21,1.0-2059687-2061758,857.0000,1.0000,1,21,True,2059687.0000,2061758.0000,1863.1999,1.8632
1,2085.4442,2061.6032,2061603.1999,21,1.0-2059687-2061758,857.0000,1.0000,1,21,True,2059687.0000,2061758.0000,1916.1999,1.9162
1,2085.4696,2061.6286,2061628.5999,21,1.0-2059687-2061758,857.0000,1.0000,1,21,True,2059687.0000,2061758.0000,1941.5999,1.9416
1,2085.4713,2061.6303,2061630.2999,21,1.0-2059687-2061758,857.0000,1.0000,1,21,True,2059687.0000,2061758.0000,1943.2999,1.9433
1,2085.5860,2061.7450,2061744.9999,21,1.0-2059687-2061758,857.0000,1.0000,1,21,True,2059687.0000,2061758.0000,2057.9999,2.0580
1,116.7070,92.8660,92865.9999,22,1.0-92849-93584,54.0000,1.0000,1,22,True,92849.0000,93584.0000,16.9999,0.0170
1,116.8063,92.9653,92965.2999,22,1.0-92849-93584,54.0000,1.0000,1,22,True,92849.0000,93584.0000,116.2999,0.1163
1,116.8115,92.9705,92970.4999,22,1.0-92849-93584,54.0000,1.0000,1,22,True,92849.0000,93584.0000,121.4999,0.1215
1,116.8219,92.9809,92980.8999,22,1.0-92849-93584,54.0000,1.0000,1,22,True,92849.0000,93584.0000,131.8999,0.1319
1,116.9545,93.1135,93113.4999,22,1.0-92849-93584,54.0000,1.0000,1,22,True,92849.0000,93584.0000,264.4999,0.2645
1,117.1043,93.2633,93263.2999,22,1.0-92849-93584,54.0000,1.0000,1,22,True,92849.0000,93584.0000,414.2999,0.4143
1,117.1254,93.2844,93284.3999,22,1.0-92849-93584,54.0000,1.0000,1,22,True,92849.0000,93584.0000,435.3999,0.4354
1,117.1587,93.3177,93317.6999,22,1.0-92849-93584,54.0000,1.0000,1,22,True,92849.0000,93584.0000,468.6999,0.4687
1,117.1731,93.3321,93332.0999,22,1.0-92849-93584,54.0000,1.0000,1,22,True,92849.0000,93584.0000,483.0999,0.4831
1,117.2150,93.3740,93373.9999,22,1.0-92849-93584,54.0000,1.0000,1,22,True,92849.0000,93584.0000,524.9999,0.5250
1,117.2379,93.3969,93396.8999,22,1.0-92849-93584,54.0000,1.0000,1,22,True,92849.0000,93584.0000,547.8999,0.5479
1,117.2873,93.4463,93446.2999,22,1.0-92849-93584,54.0000,1.0000,1,22,True,92849.0000,93584.0000,597.2999,0.5973
1,117.2983,93.4573,93457.2999,22,1.0-92849-93584,54.0000,1.0000,1,22,True,92849.0000,93584.0000,608.2999,0.6083
1,117.3242,93.4832,93483.1999,22,1.0-92849-93584,54.0000,1.0000,1,22,True,92849.0000,93584.0000,634.1999,0.6342
1,117.3385,93.4975,93497.4999,22,1.0-92849-93584,54.0000,1.0000,1,22,True,92849.0000,93584.0000,648.4999,0.6485
1,117.3726,93.5316,93531.5999,22,1.0-92849-93584,54.0000,1.0000,1,22,True,92849.0000,93584.0000,682.5999,0.6826
1,117.4084,93.5674,93567.3999,22,1.0-92849-93584,54.0000,1.0000,1,22,True,92849.0000,93584.0000,718.3999,0.7184
1,1472.2235,1448.3825,1448382.4999,23,1.0-1448250-1450187,574.0000,1.0000,1,23,True,1448250.0000,1450187.0000,132.4999,0.1325
1,1472.2262,1448.3852,1448385.1999,23,1.0-1448250-1450187,574.0000,1.0000,1,23,True,1448250.0000,1450187.0000,135.1999,0.1352
1,1472.3031,1448.4621,1448462.0999,23,1.0-1448250-1450187,574.0000,1.0000,1,23,True,1448250.0000,1450187.0000,212.0999,0.2121
1,1472.3108,1448.4698,1448469.7999,23,1.0-1448250-1450187,574.0000,1.0000,1,23,True,1448250.0000,1450187.0000,219.7999,0.2198
1,1472.3783,1448.5373,1448537.2999,23,1.0-1448250-1450187,574.0000,1.0000,1,23,True,1448250.0000,1450187.0000,287.2999,0.2873
1,1472.4958,1448.6548,1448654.7999,23,1.0-1448250-1450187,574.0000,1.0000,1,23,True,1448250.0000,1450187.0000,404.7999,0.4048
1,1472.5144,1448.6734,1448673.3999,23,1.0-1448250-1450187,574.0000,1.0000,1,23,True,1448250.0000,1450187.0000,423.3999,0.4234
1,1472.5199,1448.6789,1448678.8999,23,1.0-1448250-1450187,574.0000,1.0000,1,23,True,1448250.0000,1450187.0000,428.8999,0.4289
1,1472.6017,1448.7607,1448760.6999,23,1.0-1448250-1450187,574.0000,1.0000,1,23,True,1448250.0000,1450187.0000,510.6999,0.5107
1,1472.7114,1448.8704,1448870.3999,23,1.0-1448250-1450187,574.0000,1.0000,1,23,True,1448250.0000,1450187.0000,620.3999,0.6204
1,1472.7468,1448.9058,1448905.7999,23,1.0-1448250-1450187,574.0000,1.0000,1,23,True,1448250.0000,1450187.0000,655.7999,0.6558
1,1472.7590,1448.9180,1448917.9999,23,1.0-1448250-1450187,574.0000,1.0000,1,23,True,1448250.0000,1450187.0000,667.9999,0.6680
1,1472.7741,1448.9331,1448933.0999,23,1.0-1448250-1450187,574.0000,1.0000,1,23,True,1448250.0000,1450187.0000,683.0999,0.6831
1,1472.7909,1448.9499,1448949.8999,23,1.0-1448250-1450187,574.0000,1.0000,1,23,True,1448250.0000,1450187.0000,699.8999,0.6999
1,1472.8197,1448.9787,1448978.6999,23,1.0-1448250-1450187,574.0000,1.0000,1,23,True,1448250.0000,1450187.0000,728.6999,0.7287
1,1472.8617,1449.0207,1449020.6999,23,1.0-1448250-1450187,574.0000,1.0000,1,23,True,1448250.0000,1450187.0000,770.6999,0.7707
1,1472.9466,1449.1056,1449105.5999,23,1.0-1448250-1450187,574.0000,1.0000,1,23,True,1448250.0000,1450187.0000,855.5999,0.8556
1,1473.0109,1449.1699,1449169.8999,23,1.0-1448250-1450187,574.0000,1.0000,1,23,True,1448250.0000,1450187.0000,919.8999,0.9199
1,1473.1114,1449.2704,1449270.3999,23,1.0-1448250-1450187,574.0000,1.0000,1,23,True,1448250.0000,1450187.0000,1020.3999,1.0204
1,1473.1316,1449.2906,1449290.5999,23,1.0-1448250-1450187,574.0000,1.0000,1,23,True,1448250.0000,1450187.0000,1040.5999,1.0406
1,1473.1530,1449.3120,1449311.9999,23,1.0-1448250-1450187,574.0000,1.0000,1,23,True,1448250.0000,1450187.0000,1061.9999,1.0620
1,1473.1696,1449.3286,1449328.5999,23,1.0-1448250-1450187,574.0000,1.0000,1,23,True,1448250.0000,1450187.0000,1078.5999,1.0786
1,1473.1840,1449.3430,1449342.9999,23,1.0-1448250-1450187,574.0000,1.0000,1,23,True,1448250.0000,1450187.0000,1092.9999,1.0930
1,1473.2504,1449.4094,1449409.3999,23,1.0-1448250-1450187,574.0000,1.0000,1,23,True,1448250.0000,1450187.0000,1159.3999,1.1594
1,1473.2664,1449.4254,1449425.3999,23,1.0-1448250-1450187,574.0000,1.0000,1,23,True,1448250.0000,1450187.0000,1175.3999,1.1754
1,1473.4042,1449.5632,1449563.1999,23,1.0-1448250-1450187,574.0000,1.0000,1,23,True,1448250.0000,1450187.0000,1313.1999,1.3132
1,1473.4223,1449.5813,1449581.2999,23,1.0-1448250-1450187,574.0000,1.0000,1,23,True,1448250.0000,1450187.0000,1331.2999,1.3313
1,1473.4601,1449.6191,1449619.0999,23,1.0-1448250-1450187,574.0000,1.0000,1,23,True,1448250.0000,1450187.0000,1369.0999,1.3691
1,1473.4633,1449.6223,1449622.2999,23,1.0-1448250-1450187,574.0000,1.0000,1,23,True,1448250.0000,1450187.0000,1372.2999,1.3723
1,1473.5257,1449.6847,1449684.6999,23,1.0-1448250-1450187,574.0000,1.0000,1,23,True,1448250.0000,1450187.0000,1434.6999,1.4347
1,1473.5846,1449.7436,1449743.5999,23,1.0-1448250-1450187,574.0000,1.0000,1,23,True,1448250.0000,1450187.0000,1493.5999,1.4936
1,1473.6141,1449.7731,1449773.0999,23,1.0-1448250-1450187,574.0000,1.0000,1,23,True,1448250.0000,1450187.0000,1523.0999,1.5231
1,1473.6670,1449.8260,1449825.9999,23,1.0-1448250-1450187,574.0000,1.0000,1,23,True,1448250.0000,1450187.0000,1575.9999,1.5760
1,1473.6924,1449.8514,1449851.3999,23,1.0-1448250-1450187,574.0000,1.0000,1,23,True,1448250.0000,1450187.0000,1601.3999,1.6014
1,1473.7147,1449.8737,1449873.6999,23,1.0-1448250-1450187,574.0000,1.0000,1,23,True,1448250.0000,1450187.0000,1623.6999,1.6237
1,1473.8043,1449.9633,1449963.2999,23,1.0-1448250-1450187,574.0000,1.0000,1,23,True,1448250.0000,1450187.0000,1713.2999,1.7133
1,1473.8666,1450.0256,1450025.5999,23,1.0-1448250-1450187,574.0000,1.0000,1,23,True,1448250.0000,1450187.0000,1775.5999,1.7756
1,1473.8982,1450.0572,1450057.1999,23,1.0-1448250-1450187,574.0000,1.0000,1,23,True,1448250.0000,1450187.0000,1807.1999,1.8072
1,1473.9119,1450.0709,1450070.8999,23,1.0-1448250-1450187,574.0000,1.0000,1,23,True,1448250.0000,1450187.0000,1820.8999,1.8209
1,1473.9217,1450.0807,1450080.6999,23,1.0-1448250-1450187,574.0000,1.0000,1,23,True,1448250.0000,1450187.0000,1830.6999,1.8307
1,1473.9676,1450.1266,1450126.5999,23,1.0-1448250-1450187,574.0000,1.0000,1,23,True,1448250.0000,1450187.0000,1876.5999,1.8766
1,1473.9829,1450.1419,1450141.8999,23,1.0-1448250-1450187,574.0000,1.0000,1,23,True,1448250.0000,1450187.0000,1891.8999,1.8919
1,1474.0214,1450.1804,1450180.3999,23,1.0-1448250-1450187,574.0000,1.0000,1,23,True,1448250.0000,1450187.0000,1930.3999,1.9304
1,1439.1904,1415.3494,1415349.3999,24,1.0-1415319-1417189,560.0000,1.0000,1,24,True,1415319.0000,1417189.0000,30.3999,0.0304
1,1439.1920,1415.3510,1415350.9999,24,1.0-1415319-1417189,560.0000,1.0000,1,24,True,1415319.0000,1417189.0000,31.9999,0.0320
1,1439.3115,1415.4705,1415470.4999,24,1.0-1415319-1417189,560.0000,1.0000,1,24,True,1415319.0000,1417189.0000,151.4999,0.1515
1,1439.3675,1415.5265,1415526.4999,24,1.0-1415319-1417189,560.0000,1.0000,1,24,True,1415319.0000,1417189.0000,207.4999,0.2075
1,1439.5520,1415.7110,1415710.9999,24,1.0-1415319-1417189,560.0000,1.0000,1,24,True,1415319.0000,1417189.0000,391.9999,0.3920
1,1439.7096,1415.8686,1415868.5999,24,1.0-1415319-1417189,560.0000,1.0000,1,24,True,1415319.0000,1417189.0000,549.5999,0.5496
1,1439.8744,1416.0334,1416033.3999,24,1.0-1415319-1417189,560.0000,1.0000,1,24,True,1415319.0000,1417189.0000,714.3999,0.7144
1,1439.9913,1416.1503,1416150.2999,24,1.0-1415319-1417189,560.0000,1.0000,1,24,True,1415319.0000,1417189.0000,831.2999,0.8313
1,1440.0214,1416.1804,1416180.3999,24,1.0-1415319-1417189,560.0000,1.0000,1,24,True,1415319.0000,1417189.0000,861.3999,0.8614
1,1440.0603,1416.2193,1416219.2999,24,1.0-1415319-1417189,560.0000,1.0000,1,24,True,1415319.0000,1417189.0000,900.2999,0.9003
1,1440.1665,1416.3255,1416325.4999,24,1.0-1415319-1417189,560.0000,1.0000,1,24,True,1415319.0000,1417189.0000,1006.4999,1.0065
1,1440.1776,1416.3366,1416336.5999,24,1.0-1415319-1417189,560.0000,1.0000,1,24,True,1415319.0000,1417189.0000,1017.5999,1.0176
1,1440.2146,1416.3736,1416373.5999,24,1.0-1415319-1417189,560.0000,1.0000,1,24,True,1415319.0000,1417189.0000,1054.5999,1.0546
1,1440.2267,1416.3857,1416385.6999,24,1.0-1415319-1417189,560.0000,1.0000,1,24,True,1415319.0000,1417189.0000,1066.6999,1.0667
1,1440.2301,1416.3891,1416389.0999,24,1.0-1415319-1417189,560.0000,1.0000,1,24,True,1415319.0000,1417189.0000,1070.0999,1.0701
1,1440.2910,1416.4500,1416449.9999,24,1.0-1415319-1417189,560.0000,1.0000,1,24,True,1415319.0000,1417189.0000,1130.9999,1.1310
1,1440.3435,1416.5025,1416502.4999,24,1.0-1415319-1417189,560.0000,1.0000,1,24,True,1415319.0000,1417189.0000,1183.4999,1.1835
1,1440.3681,1416.5271,1416527.0999,24,1.0-1415319-1417189,560.0000,1.0000,1,24,True,1415319.0000,1417189.0000,1208.0999,1.2081
1,1440.3930,1416.5520,1416551.9999,24,1.0-1415319-1417189,560.0000,1.0000,1,24,True,1415319.0000,1417189.0000,1232.9999,1.2330
1,1440.4390,1416.5980,1416597.9999,24,1.0-1415319-1417189,560.0000,1.0000,1,24,True,1415319.0000,1417189.0000,1278.9999,1.2790
1,1440.4717,1416.6307,1416630.6999,24,1.0-1415319-1417189,560.0000,1.0000,1,24,True,1415319.0000,1417189.0000,1311.6999,1.3117
1,1440.5180,1416.6770,1416676.9999,24,1.0-1415319-1417189,560.0000,1.0000,1,24,True,1415319.0000,1417189.0000,1357.9999,1.3580
1,1440.5724,1416.7314,1416731.3999,24,1.0-1415319-1417189,560.0000,1.0000,1,24,True,1415319.0000,1417189.0000,1412.3999,1.4124
1,1440.6194,1416.7784,1416778.3999,24,1.0-1415319-1417189,560.0000,1.0000,1,24,True,1415319.0000,1417189.0000,1459.3999,1.4594
1,1440.6311,1416.7901,1416790.0999,24,1.0-1415319-1417189,560.0000,1.0000,1,24,True,1415319.0000,1417189.0000,1471.0999,1.4711
1,1440.6521,1416.8111,1416811.0999,24,1.0-1415319-1417189,560.0000,1.0000,1,24,True,1415319.0000,1417189.0000,1492.0999,1.4921
1,1440.6971,1416.8561,1416856.0999,24,1.0-1415319-1417189,560.0000,1.0000,1,24,True,1415319.0000,1417189.0000,1537.0999,1.5371
1,1440.7213,1416.8803,1416880.2999,24,1.0-1415319-1417189,560.0000,1.0000,1,24,True,1415319.0000,1417189.0000,1561.2999,1.5613
1,1440.7469,1416.9059,1416905.8999,24,1.0-1415319-1417189,560.0000,1.0000,1,24,True,1415319.0000,1417189.0000,1586.8999,1.5869
1,1440.8634,1417.0224,1417022.3999,24,1.0-1415319-1417189,560.0000,1.0000,1,24,True,1415319.0000,1417189.0000,1703.3999,1.7034
1,1440.8818,1417.0408,1417040.7999,24,1.0-1415319-1417189,560.0000,1.0000,1,24,True,1415319.0000,1417189.0000,1721.7999,1.7218
1,1440.8920,1417.0510,1417050.9999,24,1.0-1415319-1417189,560.0000,1.0000,1,24,True,1415319.0000,1417189.0000,1731.9999,1.7320
1,1440.9100,1417.0690,1417068.9999,24,1.0-1415319-1417189,560.0000,1.0000,1,24,True,1415319.0000,1417189.0000,1749.9999,1.7500
1,1440.9300,1417.0890,1417088.9999,24,1.0-1415319-1417189,560.0000,1.0000,1,24,True,1415319.0000,1417189.0000,1769.9999,1.7700
1,1440.9378,1417.0968,1417096.7999,24,1.0-1415319-1417189,560.0000,1.0000,1,24,True,1415319.0000,1417189.0000,1777.7999,1.7778
1,1440.9430,1417.1020,1417101.9999,24,1.0-1415319-1417189,560.0000,1.0000,1,24,True,1415319.0000,1417189.0000,1782.9999,1.7830
1,1441.0245,1417.1835,1417183.4999,24,1.0-1415319-1417189,560.0000,1.0000,1,24,True,1415319.0000,1417189.0000,1864.4999,1.8645
1,319.1003,295.2593,295259.2999,25,1.0-295248-298120,167.0000,1.0000,1,25,True,295248.0000,298120.0000,11.2999,0.0113
1,319.1028,295.2618,295261.7999,25,1.0-295248-298120,167.0000,1.0000,1,25,True,295248.0000,298120.0000,13.7999,0.0138
1,319.1566,295.3156,295315.5999,25,1.0-295248-298120,167.0000,1.0000,1,25,True,295248.0000,298120.0000,67.5999,0.0676
1,319.2778,295.4368,295436.7999,25,1.0-295248-298120,167.0000,1.0000,1,25,True,295248.0000,298120.0000,188.7999,0.1888
1,319.3122,295.4712,295471.1999,25,1.0-295248-298120,167.0000,1.0000,1,25,True,295248.0000,298120.0000,223.1999,0.2232
1,319.5070,295.6660,295665.9999,25,1.0-295248-298120,167.0000,1.0000,1,25,True,295248.0000,298120.0000,417.9999,0.4180
1,319.5272,295.6862,295686.1999,25,1.0-295248-298120,167.0000,1.0000,1,25,True,295248.0000,298120.0000,438.1999,0.4382
1,319.6284,295.7874,295787.3999,25,1.0-295248-298120,167.0000,1.0000,1,25,True,295248.0000,298120.0000,539.3999,0.5394
1,319.6594,295.8184,295818.3999,25,1.0-295248-298120,167.0000,1.0000,1,25,True,295248.0000,298120.0000,570.3999,0.5704
1,319.6733,295.8323,295832.2999,25,1.0-295248-298120,167.0000,1.0000,1,25,True,295248.0000,298120.0000,584.2999,0.5843
1,319.7398,295.8988,295898.7999,25,1.0-295248-298120,167.0000,1.0000,1,25,True,295248.0000,298120.0000,650.7999,0.6508
1,319.9815,296.1405,296140.4999,25,1.0-295248-298120,167.0000,1.0000,1,25,True,295248.0000,298120.0000,892.4999,0.8925
1,320.0091,296.1681,296168.0999,25,1.0-295248-298120,167.0000,1.0000,1,25,True,295248.0000,298120.0000,920.0999,0.9201
1,320.0174,296.1764,296176.3999,25,1.0-295248-298120,167.0000,1.0000,1,25,True,295248.0000,298120.0000,928.3999,0.9284
1,320.0745,296.2335,296233.4999,25,1.0-295248-298120,167.0000,1.0000,1,25,True,295248.0000,298120.0000,985.4999,0.9855
1,320.0820,296.2410,296240.9999,25,1.0-295248-298120,167.0000,1.0000,1,25,True,295248.0000,298120.0000,992.9999,0.9930
1,320.1046,296.2636,296263.5999,25,1.0-295248-298120,167.0000,1.0000,1,25,True,295248.0000,298120.0000,1015.5999,1.0156
1,320.1577,296.3167,296316.6999,25,1.0-295248-298120,167.0000,1.0000,1,25,True,295248.0000,298120.0000,1068.6999,1.0687
1,320.2020,296.3610,296360.9999,25,1.0-295248-298120,167.0000,1.0000,1,25,True,295248.0000,298120.0000,1112.9999,1.1130
1,320.2331,296.3921,296392.0999,25,1.0-295248-298120,167.0000,1.0000,1,25,True,295248.0000,298120.0000,1144.0999,1.1441
1,320.2684,296.4274,296427.3999,25,1.0-295248-298120,167.0000,1.0000,1,25,True,295248.0000,298120.0000,1179.3999,1.1794
1,320.3863,296.5453,296545.2999,25,1.0-295248-298120,167.0000,1.0000,1,25,True,295248.0000,298120.0000,1297.2999,1.2973
1,320.5148,296.6738,296673.7999,25,1.0-295248-298120,167.0000,1.0000,1,25,True,295248.0000,298120.0000,1425.7999,1.4258
1,320.5374,296.6964,296696.3999,25,1.0-295248-298120,167.0000,1.0000,1,25,True,295248.0000,298120.0000,1448.3999,1.4484
1,320.6170,296.7760,296775.9999,25,1.0-295248-298120,167.0000,1.0000,1,25,True,295248.0000,298120.0000,1527.9999,1.5280
1,320.6608,296.8198,296819.7999,25,1.0-295248-298120,167.0000,1.0000,1,25,True,295248.0000,298120.0000,1571.7999,1.5718
1,320.7140,296.8730,296872.9999,25,1.0-295248-298120,167.0000,1.0000,1,25,True,295248.0000,298120.0000,1624.9999,1.6250
1,320.7686,296.9276,296927.5999,25,1.0-295248-298120,167.0000,1.0000,1,25,True,295248.0000,298120.0000,1679.5999,1.6796
1,320.8469,297.0059,297005.8999,25,1.0-295248-298120,167.0000,1.0000,1,25,True,295248.0000,298120.0000,1757.8999,1.7579
1,321.0227,297.1817,297181.6999,25,1.0-295248-298120,167.0000,1.0000,1,25,True,295248.0000,298120.0000,1933.6999,1.9337
1,321.0349,297.1939,297193.8999,25,1.0-295248-298120,167.0000,1.0000,1,25,True,295248.0000,298120.0000,1945.8999,1.9459
1,321.0771,297.2361,297236.0999,25,1.0-295248-298120,167.0000,1.0000,1,25,True,295248.0000,298120.0000,1988.0999,1.9881
1,321.1275,297.2865,297286.4999,25,1.0-295248-298120,167.0000,1.0000,1,25,True,295248.0000,298120.0000,2038.4999,2.0385
1,321.1715,297.3305,297330.4999,25,1.0-295248-298120,167.0000,1.0000,1,25,True,295248.0000,298120.0000,2082.4999,2.0825
1,321.2068,297.3658,297365.7999,25,1.0-295248-298120,167.0000,1.0000,1,25,True,295248.0000,298120.0000,2117.7999,2.1178
1,321.2348,297.3938,297393.7999,25,1.0-295248-298120,167.0000,1.0000,1,25,True,295248.0000,298120.0000,2145.7999,2.1458
1,321.2606,297.4196,297419.5999,25,1.0-295248-298120,167.0000,1.0000,1,25,True,295248.0000,298120.0000,2171.5999,2.1716
1,321.4281,297.5871,297587.0999,25,1.0-295248-298120,167.0000,1.0000,1,25,True,295248.0000,298120.0000,2339.0999,2.3391
1,321.4868,297.6458,297645.7999,25,1.0-295248-298120,167.0000,1.0000,1,25,True,295248.0000,298120.0000,2397.7999,2.3978
1,321.4896,297.6486,297648.5999,25,1.0-295248-298120,167.0000,1.0000,1,25,True,295248.0000,298120.0000,2400.5999,2.4006
1,321.5690,297.7280,297727.9999,25,1.0-295248-298120,167.0000,1.0000,1,25,True,295248.0000,298120.0000,2479.9999,2.4800
1,321.6713,297.8303,297830.2999,25,1.0-295248-298120,167.0000,1.0000,1,25,True,295248.0000,298120.0000,2582.2999,2.5823
1,321.7279,297.8869,297886.8999,25,1.0-295248-298120,167.0000,1.0000,1,25,True,295248.0000,298120.0000,2638.8999,2.6389
1,321.7542,297.9132,297913.1999,25,1.0-295248-298120,167.0000,1.0000,1,25,True,295248.0000,298120.0000,2665.1999,2.6652
1,321.7727,297.9317,297931.6999,25,1.0-295248-298120,167.0000,1.0000,1,25,True,295248.0000,298120.0000,2683.6999,2.6837
1,2191.5803,2167.7393,2167739.2999,26,1.0-2167733-2169737,898.0000,1.0000,1,26,True,2167733.0000,2169737.0000,6.2999,0.0063
1,2191.6280,2167.7870,2167786.9999,26,1.0-2167733-2169737,898.0000,1.0000,1,26,True,2167733.0000,2169737.0000,53.9999,0.0540
1,2191.6895,2167.8485,2167848.4999,26,1.0-2167733-2169737,898.0000,1.0000,1,26,True,2167733.0000,2169737.0000,115.4999,0.1155
1,2191.7237,2167.8827,2167882.6999,26,1.0-2167733-2169737,898.0000,1.0000,1,26,True,2167733.0000,2169737.0000,149.6999,0.1497
1,2191.7892,2167.9482,2167948.1999,26,1.0-2167733-2169737,898.0000,1.0000,1,26,True,2167733.0000,2169737.0000,215.1999,0.2152
1,2191.7915,2167.9505,2167950.4999,26,1.0-2167733-2169737,898.0000,1.0000,1,26,True,2167733.0000,2169737.0000,217.4999,0.2175
1,2191.9572,2168.1162,2168116.1999,26,1.0-2167733-2169737,898.0000,1.0000,1,26,True,2167733.0000,2169737.0000,383.1999,0.3832
1,2192.0754,2168.2344,2168234.3999,26,1.0-2167733-2169737,898.0000,1.0000,1,26,True,2167733.0000,2169737.0000,501.3999,0.5014
1,2192.1054,2168.2644,2168264.3999,26,1.0-2167733-2169737,898.0000,1.0000,1,26,True,2167733.0000,2169737.0000,531.3999,0.5314
1,2192.1682,2168.3272,2168327.1999,26,1.0-2167733-2169737,898.0000,1.0000,1,26,True,2167733.0000,2169737.0000,594.1999,0.5942
1,2192.1951,2168.3541,2168354.0999,26,1.0-2167733-2169737,898.0000,1.0000,1,26,True,2167733.0000,2169737.0000,621.0999,0.6211
1,2192.2684,2168.4274,2168427.3999,26,1.0-2167733-2169737,898.0000,1.0000,1,26,True,2167733.0000,2169737.0000,694.3999,0.6944
1,2192.3714,2168.5304,2168530.3999,26,1.0-2167733-2169737,898.0000,1.0000,1,26,True,2167733.0000,2169737.0000,797.3999,0.7974
1,2192.6329,2168.7919,2168791.8999,26,1.0-2167733-2169737,898.0000,1.0000,1,26,True,2167733.0000,2169737.0000,1058.8999,1.0589
1,2192.6981,2168.8571,2168857.0999,26,1.0-2167733-2169737,898.0000,1.0000,1,26,True,2167733.0000,2169737.0000,1124.0999,1.1241
1,2192.9059,2169.0649,2169064.8999,26,1.0-2167733-2169737,898.0000,1.0000,1,26,True,2167733.0000,2169737.0000,1331.8999,1.3319
1,2192.9780,2169.1370,2169136.9999,26,1.0-2167733-2169737,898.0000,1.0000,1,26,True,2167733.0000,2169737.0000,1403.9999,1.4040
1,2192.9946,2169.1536,2169153.5999,26,1.0-2167733-2169737,898.0000,1.0000,1,26,True,2167733.0000,2169737.0000,1420.5999,1.4206
1,2193.0601,2169.2191,2169219.0999,26,1.0-2167733-2169737,898.0000,1.0000,1,26,True,2167733.0000,2169737.0000,1486.0999,1.4861
1,2193.0870,2169.2460,2169245.9999,26,1.0-2167733-2169737,898.0000,1.0000,1,26,True,2167733.0000,2169737.0000,1512.9999,1.5130
1,2193.1175,2169.2765,2169276.4999,26,1.0-2167733-2169737,898.0000,1.0000,1,26,True,2167733.0000,2169737.0000,1543.4999,1.5435
1,2193.1411,2169.3001,2169300.0999,26,1.0-2167733-2169737,898.0000,1.0000,1,26,True,2167733.0000,2169737.0000,1567.0999,1.5671
1,2193.1531,2169.3121,2169312.0999,26,1.0-2167733-2169737,898.0000,1.0000,1,26,True,2167733.0000,2169737.0000,1579.0999,1.5791
1,2193.1576,2169.3166,2169316.5999,26,1.0-2167733-2169737,898.0000,1.0000,1,26,True,2167733.0000,2169737.0000,1583.5999,1.5836
1,2193.1933,2169.3523,2169352.2999,26,1.0-2167733-2169737,898.0000,1.0000,1,26,True,2167733.0000,2169737.0000,1619.2999,1.6193
1,2193.2043,2169.3633,2169363.2999,26,1.0-2167733-2169737,898.0000,1.0000,1,26,True,2167733.0000,2169737.0000,1630.2999,1.6303
1,2193.2285,2169.3875,2169387.4999,26,1.0-2167733-2169737,898.0000,1.0000,1,26,True,2167733.0000,2169737.0000,1654.4999,1.6545
1,2193.2446,2169.4036,2169403.5999,26,1.0-2167733-2169737,898.0000,1.0000,1,26,True,2167733.0000,2169737.0000,1670.5999,1.6706
1,2193.2462,2169.4052,2169405.1999,26,1.0-2167733-2169737,898.0000,1.0000,1,26,True,2167733.0000,2169737.0000,1672.1999,1.6722
1,2193.2642,2169.4232,2169423.1999,26,1.0-2167733-2169737,898.0000,1.0000,1,26,True,2167733.0000,2169737.0000,1690.1999,1.6902
1,2193.2858,2169.4448,2169444.7999,26,1.0-2167733-2169737,898.0000,1.0000,1,26,True,2167733.0000,2169737.0000,1711.7999,1.7118
1,2193.3050,2169.4640,2169463.9999,26,1.0-2167733-2169737,898.0000,1.0000,1,26,True,2167733.0000,2169737.0000,1730.9999,1.7310
1,2193.3243,2169.4833,2169483.2999,26,1.0-2167733-2169737,898.0000,1.0000,1,26,True,2167733.0000,2169737.0000,1750.2999,1.7503
1,2193.3459,2169.5049,2169504.8999,26,1.0-2167733-2169737,898.0000,1.0000,1,26,True,2167733.0000,2169737.0000,1771.8999,1.7719
1,2193.3832,2169.5422,2169542.1999,26,1.0-2167733-2169737,898.0000,1.0000,1,26,True,2167733.0000,2169737.0000,1809.1999,1.8092
1,2193.4404,2169.5994,2169599.3999,26,1.0-2167733-2169737,898.0000,1.0000,1,26,True,2167733.0000,2169737.0000,1866.3999,1.8664
1,2193.4627,2169.6217,2169621.6999,26,1.0-2167733-2169737,898.0000,1.0000,1,26,True,2167733.0000,2169737.0000,1888.6999,1.8887
1,2193.5277,2169.6867,2169686.6999,26,1.0-2167733-2169737,898.0000,1.0000,1,26,True,2167733.0000,2169737.0000,1953.6999,1.9537
1,2193.5529,2169.7119,2169711.8999,26,1.0-2167733-2169737,898.0000,1.0000,1,26,True,2167733.0000,2169737.0000,1978.8999,1.9789
1,1571.3925,1547.5515,1547551.4999,27,1.0-1547512-1548681,627.0000,1.0000,1,27,True,1547512.0000,1548681.0000,39.4999,0.0395
1,1571.4148,1547.5738,1547573.7999,27,1.0-1547512-1548681,627.0000,1.0000,1,27,True,1547512.0000,1548681.0000,61.7999,0.0618
1,1571.4456,1547.6046,1547604.5999,27,1.0-1547512-1548681,627.0000,1.0000,1,27,True,1547512.0000,1548681.0000,92.5999,0.0926
1,1571.4471,1547.6061,1547606.0999,27,1.0-1547512-1548681,627.0000,1.0000,1,27,True,1547512.0000,1548681.0000,94.0999,0.0941
1,1571.4822,1547.6412,1547641.1999,27,1.0-1547512-1548681,627.0000,1.0000,1,27,True,1547512.0000,1548681.0000,129.1999,0.1292
1,1571.5088,1547.6678,1547667.7999,27,1.0-1547512-1548681,627.0000,1.0000,1,27,True,1547512.0000,1548681.0000,155.7999,0.1558
1,1571.5419,1547.7009,1547700.8999,27,1.0-1547512-1548681,627.0000,1.0000,1,27,True,1547512.0000,1548681.0000,188.8999,0.1889
1,1571.5548,1547.7138,1547713.7999,27,1.0-1547512-1548681,627.0000,1.0000,1,27,True,1547512.0000,1548681.0000,201.7999,0.2018
1,1571.5828,1547.7418,1547741.7999,27,1.0-1547512-1548681,627.0000,1.0000,1,27,True,1547512.0000,1548681.0000,229.7999,0.2298
1,1571.6130,1547.7720,1547771.9999,27,1.0-1547512-1548681,627.0000,1.0000,1,27,True,1547512.0000,1548681.0000,259.9999,0.2600
1,1571.6329,1547.7919,1547791.8999,27,1.0-1547512-1548681,627.0000,1.0000,1,27,True,1547512.0000,1548681.0000,279.8999,0.2799
1,1571.6497,1547.8087,1547808.6999,27,1.0-1547512-1548681,627.0000,1.0000,1,27,True,1547512.0000,1548681.0000,296.6999,0.2967
1,1571.6707,1547.8297,1547829.6999,27,1.0-1547512-1548681,627.0000,1.0000,1,27,True,1547512.0000,1548681.0000,317.6999,0.3177
1,1571.6969,1547.8559,1547855.8999,27,1.0-1547512-1548681,627.0000,1.0000,1,27,True,1547512.0000,1548681.0000,343.8999,0.3439
1,1571.7296,1547.8886,1547888.5999,27,1.0-1547512-1548681,627.0000,1.0000,1,27,True,1547512.0000,1548681.0000,376.5999,0.3766
1,1571.7915,1547.9505,1547950.4999,27,1.0-1547512-1548681,627.0000,1.0000,1,27,True,1547512.0000,1548681.0000,438.4999,0.4385
1,1571.8036,1547.9626,1547962.5999,27,1.0-1547512-1548681,627.0000,1.0000,1,27,True,1547512.0000,1548681.0000,450.5999,0.4506
1,1571.8073,1547.9663,1547966.2999,27,1.0-1547512-1548681,627.0000,1.0000,1,27,True,1547512.0000,1548681.0000,454.2999,0.4543
1,1571.8535,1548.0125,1548012.4999,27,1.0-1547512-1548681,627.0000,1.0000,1,27,True,1547512.0000,1548681.0000,500.4999,0.5005
1,1571.8700,1548.0290,1548028.9999,27,1.0-1547512-1548681,627.0000,1.0000,1,27,True,1547512.0000,1548681.0000,516.9999,0.5170
1,1571.9027,1548.0617,1548061.6999,27,1.0-1547512-1548681,627.0000,1.0000,1,27,True,1547512.0000,1548681.0000,549.6999,0.5497
1,1572.1020,1548.2610,1548260.9999,27,1.0-1547512-1548681,627.0000,1.0000,1,27,True,1547512.0000,1548681.0000,748.9999,0.7490
1,1572.4404,1548.5994,1548599.3999,27,1.0-1547512-1548681,627.0000,1.0000,1,27,True,1547512.0000,1548681.0000,1087.3999,1.0874
1,611.0523,587.2113,587211.2999,28,1.0-587189-590095,290.0000,1.0000,1,28,True,587189.0000,590095.0000,22.2999,0.0223
1,611.0542,587.2132,587213.1999,28,1.0-587189-590095,290.0000,1.0000,1,28,True,587189.0000,590095.0000,24.1999,0.0242
1,611.0768,587.2358,587235.7999,28,1.0-587189-590095,290.0000,1.0000,1,28,True,587189.0000,590095.0000,46.7999,0.0468
1,611.0902,587.2492,587249.1999,28,1.0-587189-590095,290.0000,1.0000,1,28,True,587189.0000,590095.0000,60.1999,0.0602
1,611.1157,587.2747,587274.6999,28,1.0-587189-590095,290.0000,1.0000,1,28,True,587189.0000,590095.0000,85.6999,0.0857
1,611.1205,587.2795,587279.4999,28,1.0-587189-590095,290.0000,1.0000,1,28,True,587189.0000,590095.0000,90.4999,0.0905
1,611.1698,587.3288,587328.7999,28,1.0-587189-590095,290.0000,1.0000,1,28,True,587189.0000,590095.0000,139.7999,0.1398
1,611.1974,587.3564,587356.3999,28,1.0-587189-590095,290.0000,1.0000,1,28,True,587189.0000,590095.0000,167.3999,0.1674
1,611.2439,587.4029,587402.8999,28,1.0-587189-590095,290.0000,1.0000,1,28,True,587189.0000,590095.0000,213.8999,0.2139
1,611.2921,587.4511,587451.0999,28,1.0-587189-590095,290.0000,1.0000,1,28,True,587189.0000,590095.0000,262.0999,0.2621
1,611.3253,587.4843,587484.2999,28,1.0-587189-590095,290.0000,1.0000,1,28,True,587189.0000,590095.0000,295.2999,0.2953
1,611.3347,587.4937,587493.6999,28,1.0-587189-590095,290.0000,1.0000,1,28,True,587189.0000,590095.0000,304.6999,0.3047
1,611.3374,587.4964,587496.3999,28,1.0-587189-590095,290.0000,1.0000,1,28,True,587189.0000,590095.0000,307.3999,0.3074
1,611.4402,587.5992,587599.1999,28,1.0-587189-590095,290.0000,1.0000,1,28,True,587189.0000,590095.0000,410.1999,0.4102
1,611.4461,587.6051,587605.0999,28,1.0-587189-590095,290.0000,1.0000,1,28,True,587189.0000,590095.0000,416.0999,0.4161
1,611.4622,587.6212,587621.1999,28,1.0-587189-590095,290.0000,1.0000,1,28,True,587189.0000,590095.0000,432.1999,0.4322
1,611.6507,587.8097,587809.6999,28,1.0-587189-590095,290.0000,1.0000,1,28,True,587189.0000,590095.0000,620.6999,0.6207
1,611.7283,587.8873,587887.2999,28,1.0-587189-590095,290.0000,1.0000,1,28,True,587189.0000,590095.0000,698.2999,0.6983
1,611.7928,587.9518,587951.7999,28,1.0-587189-590095,290.0000,1.0000,1,28,True,587189.0000,590095.0000,762.7999,0.7628
1,611.8145,587.9735,587973.4999,28,1.0-587189-590095,290.0000,1.0000,1,28,True,587189.0000,590095.0000,784.4999,0.7845
1,611.9073,588.0663,588066.2999,28,1.0-587189-590095,290.0000,1.0000,1,28,True,587189.0000,590095.0000,877.2999,0.8773
1,611.9394,588.0984,588098.3999,28,1.0-587189-590095,290.0000,1.0000,1,28,True,587189.0000,590095.0000,909.3999,0.9094
1,611.9728,588.1318,588131.7999,28,1.0-587189-590095,290.0000,1.0000,1,28,True,587189.0000,590095.0000,942.7999,0.9428
1,611.9938,588.1528,588152.7999,28,1.0-587189-590095,290.0000,1.0000,1,28,True,587189.0000,590095.0000,963.7999,0.9638
1,612.0378,588.1968,588196.7999,28,1.0-587189-590095,290.0000,1.0000,1,28,True,587189.0000,590095.0000,1007.7999,1.0078
1,612.0557,588.2147,588214.6999,28,1.0-587189-590095,290.0000,1.0000,1,28,True,587189.0000,590095.0000,1025.6999,1.0257
1,612.1535,588.3125,588312.4999,28,1.0-587189-590095,290.0000,1.0000,1,28,True,587189.0000,590095.0000,1123.4999,1.1235
1,612.2945,588.4535,588453.4999,28,1.0-587189-590095,290.0000,1.0000,1,28,True,587189.0000,590095.0000,1264.4999,1.2645
1,612.3125,588.4715,588471.4999,28,1.0-587189-590095,290.0000,1.0000,1,28,True,587189.0000,590095.0000,1282.4999,1.2825
1,612.3884,588.5474,588547.3999,28,1.0-587189-590095,290.0000,1.0000,1,28,True,587189.0000,590095.0000,1358.3999,1.3584
1,612.5115,588.6705,588670.4999,28,1.0-587189-590095,290.0000,1.0000,1,28,True,587189.0000,590095.0000,1481.4999,1.4815
1,612.5744,588.7334,588733.3999,28,1.0-587189-590095,290.0000,1.0000,1,28,True,587189.0000,590095.0000,1544.3999,1.5444
1,612.5820,588.7410,588740.9999,28,1.0-587189-590095,290.0000,1.0000,1,28,True,587189.0000,590095.0000,1551.9999,1.5520
1,612.6592,588.8182,588818.1999,28,1.0-587189-590095,290.0000,1.0000,1,28,True,587189.0000,590095.0000,1629.1999,1.6292
1,612.6718,588.8308,588830.7999,28,1.0-587189-590095,290.0000,1.0000,1,28,True,587189.0000,590095.0000,1641.7999,1.6418
1,612.7360,588.8950,588894.9999,28,1.0-587189-590095,290.0000,1.0000,1,28,True,587189.0000,590095.0000,1705.9999,1.7060
1,612.7496,588.9086,588908.5999,28,1.0-587189-590095,290.0000,1.0000,1,28,True,587189.0000,590095.0000,1719.5999,1.7196
1,612.7808,588.9398,588939.7999,28,1.0-587189-590095,290.0000,1.0000,1,28,True,587189.0000,590095.0000,1750.7999,1.7508
1,612.8478,589.0068,589006.7999,28,1.0-587189-590095,290.0000,1.0000,1,28,True,587189.0000,590095.0000,1817.7999,1.8178
1,612.8497,589.0087,589008.6999,28,1.0-587189-590095,290.0000,1.0000,1,28,True,587189.0000,590095.0000,1819.6999,1.8197
1,612.8654,589.0244,589024.3999,28,1.0-587189-590095,290.0000,1.0000,1,28,True,587189.0000,590095.0000,1835.3999,1.8354
1,612.8789,589.0379,589037.8999,28,1.0-587189-590095,290.0000,1.0000,1,28,True,587189.0000,590095.0000,1848.8999,1.8489
1,612.8854,589.0444,589044.3999,28,1.0-587189-590095,290.0000,1.0000,1,28,True,587189.0000,590095.0000,1855.3999,1.8554
1,612.9012,589.0602,589060.1999,28,1.0-587189-590095,290.0000,1.0000,1,28,True,587189.0000,590095.0000,1871.1999,1.8712
1,612.9374,589.0964,589096.3999,28,1.0-587189-590095,290.0000,1.0000,1,28,True,587189.0000,590095.0000,1907.3999,1.9074
1,612.9412,589.1002,589100.1999,28,1.0-587189-590095,290.0000,1.0000,1,28,True,587189.0000,590095.0000,1911.1999,1.9112
1,612.9446,589.1036,589103.5999,28,1.0-587189-590095,290.0000,1.0000,1,28,True,587189.0000,590095.0000,1914.5999,1.9146
1,613.0107,589.1697,589169.6999,28,1.0-587189-590095,290.0000,1.0000,1,28,True,587189.0000,590095.0000,1980.6999,1.9807
1,613.0913,589.2503,589250.2999,28,1.0-587189-590095,290.0000,1.0000,1,28,True,587189.0000,590095.0000,2061.2999,2.0613
1,613.1359,589.2949,589294.8999,28,1.0-587189-590095,290.0000,1.0000,1,28,True,587189.0000,590095.0000,2105.8999,2.1059
1,613.1492,589.3082,589308.1999,28,1.0-587189-590095,290.0000,1.0000,1,28,True,587189.0000,590095.0000,2119.1999,2.1192
1,613.1698,589.3288,589328.7999,28,1.0-587189-590095,290.0000,1.0000,1,28,True,587189.0000,590095.0000,2139.7999,2.1398
1,613.2061,589.3651,589365.0999,28,1.0-587189-590095,290.0000,1.0000,1,28,True,587189.0000,590095.0000,2176.0999,2.1761
1,613.2338,589.3928,589392.7999,28,1.0-587189-590095,290.0000,1.0000,1,28,True,587189.0000,590095.0000,2203.7999,2.2038
1,613.2642,589.4232,589423.1999,28,1.0-587189-590095,290.0000,1.0000,1,28,True,587189.0000,590095.0000,2234.1999,2.2342
1,613.2974,589.4564,589456.3999,28,1.0-587189-590095,290.0000,1.0000,1,28,True,587189.0000,590095.0000,2267.3999,2.2674
1,613.3080,589.4670,589466.9999,28,1.0-587189-590095,290.0000,1.0000,1,28,True,587189.0000,590095.0000,2277.9999,2.2780
1,613.3517,589.5107,589510.6999,28,1.0-587189-590095,290.0000,1.0000,1,28,True,587189.0000,590095.0000,2321.6999,2.3217
1,613.3734,589.5324,589532.3999,28,1.0-587189-590095,290.0000,1.0000,1,28,True,587189.0000,590095.0000,2343.3999,2.3434
1,613.4148,589.5738,589573.7999,28,1.0-587189-590095,290.0000,1.0000,1,28,True,587189.0000,590095.0000,2384.7999,2.3848
1,613.4197,589.5787,589578.6999,28,1.0-587189-590095,290.0000,1.0000,1,28,True,587189.0000,590095.0000,2389.6999,2.3897
1,613.4440,589.6030,589602.9999,28,1.0-587189-590095,290.0000,1.0000,1,28,True,587189.0000,590095.0000,2413.9999,2.4140
1,613.4974,589.6564,589656.3999,28,1.0-587189-590095,290.0000,1.0000,1,28,True,587189.0000,590095.0000,2467.3999,2.4674
1,613.5374,589.6964,589696.3999,28,1.0-587189-590095,290.0000,1.0000,1,28,True,587189.0000,590095.0000,2507.3999,2.5074
1,613.5699,589.7289,589728.8999,28,1.0-587189-590095,290.0000,1.0000,1,28,True,587189.0000,590095.0000,2539.8999,2.5399
1,613.5858,589.7448,589744.7999,28,1.0-587189-590095,290.0000,1.0000,1,28,True,587189.0000,590095.0000,2555.7999,2.5558
1,613.6161,589.7751,589775.0999,28,1.0-587189-590095,290.0000,1.0000,1,28,True,587189.0000,590095.0000,2586.0999,2.5861
1,613.6520,589.8110,589810.9999,28,1.0-587189-590095,290.0000,1.0000,1,28,True,587189.0000,590095.0000,2621.9999,2.6220
1,613.6887,589.8477,589847.6999,28,1.0-587189-590095,290.0000,1.0000,1,28,True,587189.0000,590095.0000,2658.6999,2.6587
1,613.8129,589.9719,589971.8999,28,1.0-587189-590095,290.0000,1.0000,1,28,True,587189.0000,590095.0000,2782.8999,2.7829
1,613.8423,590.0013,590001.2999,28,1.0-587189-590095,290.0000,1.0000,1,28,True,587189.0000,590095.0000,2812.2999,2.8123
1,733.4947,709.6537,709653.6999,29,1.0-709630-711667,330.0000,1.0000,0,67,True,709630.0000,711667.0000,23.6999,0.0237
1,733.5161,709.6751,709675.0999,29,1.0-709630-711667,330.0000,1.0000,0,67,True,709630.0000,711667.0000,45.0999,0.0451
1,733.5228,709.6818,709681.7999,29,1.0-709630-711667,330.0000,1.0000,0,67,True,709630.0000,711667.0000,51.7999,0.0518
1,733.5492,709.7082,709708.1999,29,1.0-709630-711667,330.0000,1.0000,0,67,True,709630.0000,711667.0000,78.1999,0.0782
1,733.5597,709.7187,709718.6999,29,1.0-709630-711667,330.0000,1.0000,0,67,True,709630.0000,711667.0000,88.6999,0.0887
1,733.5619,709.7209,709720.8999,29,1.0-709630-711667,330.0000,1.0000,0,67,True,709630.0000,711667.0000,90.8999,0.0909
1,733.5710,709.7300,709729.9999,29,1.0-709630-711667,330.0000,1.0000,0,67,True,709630.0000,711667.0000,99.9999,0.1000
1,733.5997,709.7587,709758.6999,29,1.0-709630-711667,330.0000,1.0000,0,67,True,709630.0000,711667.0000,128.6999,0.1287
1,733.6156,709.7746,709774.5999,29,1.0-709630-711667,330.0000,1.0000,0,67,True,709630.0000,711667.0000,144.5999,0.1446
1,733.6221,709.7811,709781.0999,29,1.0-709630-711667,330.0000,1.0000,0,67,True,709630.0000,711667.0000,151.0999,0.1511
1,733.7245,709.8835,709883.4999,29,1.0-709630-711667,330.0000,1.0000,0,67,True,709630.0000,711667.0000,253.4999,0.2535
1,733.7495,709.9085,709908.4999,29,1.0-709630-711667,330.0000,1.0000,0,67,True,709630.0000,711667.0000,278.4999,0.2785
1,733.7816,709.9406,709940.5999,29,1.0-709630-711667,330.0000,1.0000,0,67,True,709630.0000,711667.0000,310.5999,0.3106
1,733.7885,709.9475,709947.4999,29,1.0-709630-711667,330.0000,1.0000,0,67,True,709630.0000,711667.0000,317.4999,0.3175
1,733.9048,710.0638,710063.7999,29,1.0-709630-711667,330.0000,1.0000,0,67,True,709630.0000,711667.0000,433.7999,0.4338
1,733.9192,710.0782,710078.1999,29,1.0-709630-711667,330.0000,1.0000,0,67,True,709630.0000,711667.0000,448.1999,0.4482
1,734.0162,710.1752,710175.1999,29,1.0-709630-711667,330.0000,1.0000,0,67,True,709630.0000,711667.0000,545.1999,0.5452
1,734.0515,710.2105,710210.4999,29,1.0-709630-711667,330.0000,1.0000,0,67,True,709630.0000,711667.0000,580.4999,0.5805
1,734.1015,710.2605,710260.4999,29,1.0-709630-711667,330.0000,1.0000,0,67,True,709630.0000,711667.0000,630.4999,0.6305
1,734.1749,710.3339,710333.8999,29,1.0-709630-711667,330.0000,1.0000,0,67,True,709630.0000,711667.0000,703.8999,0.7039
1,734.2126,710.3716,710371.5999,29,1.0-709630-711667,330.0000,1.0000,0,67,True,709630.0000,711667.0000,741.5999,0.7416
1,734.2158,710.3748,710374.7999,29,1.0-709630-711667,330.0000,1.0000,0,67,True,709630.0000,711667.0000,744.7999,0.7448
1,734.2681,710.4271,710427.0999,29,1.0-709630-711667,330.0000,1.0000,0,67,True,709630.0000,711667.0000,797.0999,0.7971
1,734.2962,710.4552,710455.1999,29,1.0-709630-711667,330.0000,1.0000,0,67,True,709630.0000,711667.0000,825.1999,0.8252
1,734.3200,710.4790,710478.9999,29,1.0-709630-711667,330.0000,1.0000,0,67,True,709630.0000,711667.0000,848.9999,0.8490
1,734.3678,710.5268,710526.7999,29,1.0-709630-711667,330.0000,1.0000,0,67,True,709630.0000,711667.0000,896.7999,0.8968
1,734.3704,710.5294,710529.3999,29,1.0-709630-711667,330.0000,1.0000,0,67,True,709630.0000,711667.0000,899.3999,0.8994
1,734.4253,710.5843,710584.2999,29,1.0-709630-711667,330.0000,1.0000,0,67,True,709630.0000,711667.0000,954.2999,0.9543
1,734.5491,710.7081,710708.0999,29,1.0-709630-711667,330.0000,1.0000,0,67,True,709630.0000,711667.0000,1078.0999,1.0781
1,734.5976,710.7566,710756.5999,29,1.0-709630-711667,330.0000,1.0000,0,67,True,709630.0000,711667.0000,1126.5999,1.1266
1,734.6113,710.7703,710770.2999,29,1.0-709630-711667,330.0000,1.0000,0,67,True,709630.0000,711667.0000,1140.2999,1.1403
1,734.6217,710.7807,710780.6999,29,1.0-709630-711667,330.0000,1.0000,0,67,True,709630.0000,711667.0000,1150.6999,1.1507
1,734.6560,710.8150,710814.9999,29,1.0-709630-711667,330.0000,1.0000,0,67,True,709630.0000,711667.0000,1184.9999,1.1850
1,734.7161,710.8751,710875.0999,29,1.0-709630-711667,330.0000,1.0000,0,67,True,709630.0000,711667.0000,1245.0999,1.2451
1,734.7428,710.9018,710901.7999,29,1.0-709630-711667,330.0000,1.0000,0,67,True,709630.0000,711667.0000,1271.7999,1.2718
1,734.7510,710.9100,710909.9999,29,1.0-709630-711667,330.0000,1.0000,0,67,True,709630.0000,711667.0000,1279.9999,1.2800
1,734.7696,710.9286,710928.5999,29,1.0-709630-711667,330.0000,1.0000,0,67,True,709630.0000,711667.0000,1298.5999,1.2986
1,734.8147,710.9737,710973.6999,29,1.0-709630-711667,330.0000,1.0000,0,67,True,709630.0000,711667.0000,1343.6999,1.3437
1,734.8302,710.9892,710989.1999,29,1.0-709630-711667,330.0000,1.0000,0,67,True,709630.0000,711667.0000,1359.1999,1.3592
1,734.9132,711.0722,711072.1999,29,1.0-709630-711667,330.0000,1.0000,0,67,True,709630.0000,711667.0000,1442.1999,1.4422
1,734.9317,711.0907,711090.6999,29,1.0-709630-711667,330.0000,1.0000,0,67,True,709630.0000,711667.0000,1460.6999,1.4607
1,734.9638,711.1228,711122.7999,29,1.0-709630-711667,330.0000,1.0000,0,67,True,709630.0000,711667.0000,1492.7999,1.4928
1,735.0607,711.2197,711219.6999,29,1.0-709630-711667,330.0000,1.0000,0,67,True,709630.0000,711667.0000,1589.6999,1.5897
1,735.0964,711.2554,711255.3999,29,1.0-709630-711667,330.0000,1.0000,0,67,True,709630.0000,711667.0000,1625.3999,1.6254
1,735.1883,711.3473,711347.2999,29,1.0-709630-711667,330.0000,1.0000,0,67,True,709630.0000,711667.0000,1717.2999,1.7173
1,735.4119,711.5709,711570.8999,29,1.0-709630-711667,330.0000,1.0000,0,67,True,709630.0000,711667.0000,1940.8999,1.9409
1,735.4300,711.5890,711588.9999,29,1.0-709630-711667,330.0000,1.0000,0,67,True,709630.0000,711667.0000,1958.9999,1.9590
1,1582.2462,1558.4052,1558405.1999,30,1.0-1558367-1560371,634.0000,1.0000,1,29,True,1558367.0000,1560371.0000,38.1999,0.0382
1,1582.2919,1558.4509,1558450.8999,30,1.0-1558367-1560371,634.0000,1.0000,1,29,True,1558367.0000,1560371.0000,83.8999,0.0839
1,1582.4250,1558.5840,1558583.9999,30,1.0-1558367-1560371,634.0000,1.0000,1,29,True,1558367.0000,1560371.0000,216.9999,0.2170
1,1582.4746,1558.6336,1558633.5999,30,1.0-1558367-1560371,634.0000,1.0000,1,29,True,1558367.0000,1560371.0000,266.5999,0.2666
1,1582.4960,1558.6550,1558654.9999,30,1.0-1558367-1560371,634.0000,1.0000,1,29,True,1558367.0000,1560371.0000,287.9999,0.2880
1,1582.5461,1558.7051,1558705.0999,30,1.0-1558367-1560371,634.0000,1.0000,1,29,True,1558367.0000,1560371.0000,338.0999,0.3381
1,1582.5508,1558.7098,1558709.7999,30,1.0-1558367-1560371,634.0000,1.0000,1,29,True,1558367.0000,1560371.0000,342.7999,0.3428
1,1582.5760,1558.7350,1558734.9999,30,1.0-1558367-1560371,634.0000,1.0000,1,29,True,1558367.0000,1560371.0000,367.9999,0.3680
1,1582.6367,1558.7957,1558795.6999,30,1.0-1558367-1560371,634.0000,1.0000,1,29,True,1558367.0000,1560371.0000,428.6999,0.4287
1,1582.6715,1558.8305,1558830.4999,30,1.0-1558367-1560371,634.0000,1.0000,1,29,True,1558367.0000,1560371.0000,463.4999,0.4635
1,1582.7788,1558.9378,1558937.7999,30,1.0-1558367-1560371,634.0000,1.0000,1,29,True,1558367.0000,1560371.0000,570.7999,0.5708
1,1582.8443,1559.0033,1559003.2999,30,1.0-1558367-1560371,634.0000,1.0000,1,29,True,1558367.0000,1560371.0000,636.2999,0.6363
1,1582.8595,1559.0185,1559018.4999,30,1.0-1558367-1560371,634.0000,1.0000,1,29,True,1558367.0000,1560371.0000,651.4999,0.6515
1,1582.9579,1559.1169,1559116.8999,30,1.0-1558367-1560371,634.0000,1.0000,1,29,True,1558367.0000,1560371.0000,749.8999,0.7499
1,1583.0100,1559.1690,1559168.9999,30,1.0-1558367-1560371,634.0000,1.0000,1,29,True,1558367.0000,1560371.0000,801.9999,0.8020
1,1583.0561,1559.2151,1559215.0999,30,1.0-1558367-1560371,634.0000,1.0000,1,29,True,1558367.0000,1560371.0000,848.0999,0.8481
1,1583.0859,1559.2449,1559244.8999,30,1.0-1558367-1560371,634.0000,1.0000,1,29,True,1558367.0000,1560371.0000,877.8999,0.8779
1,1583.0977,1559.2567,1559256.6999,30,1.0-1558367-1560371,634.0000,1.0000,1,29,True,1558367.0000,1560371.0000,889.6999,0.8897
1,1583.1232,1559.2822,1559282.1999,30,1.0-1558367-1560371,634.0000,1.0000,1,29,True,1558367.0000,1560371.0000,915.1999,0.9152
1,1583.1842,1559.3432,1559343.1999,30,1.0-1558367-1560371,634.0000,1.0000,1,29,True,1558367.0000,1560371.0000,976.1999,0.9762
1,1583.2258,1559.3848,1559384.7999,30,1.0-1558367-1560371,634.0000,1.0000,1,29,True,1558367.0000,1560371.0000,1017.7999,1.0178
1,1583.2853,1559.4443,1559444.2999,30,1.0-1558367-1560371,634.0000,1.0000,1,29,True,1558367.0000,1560371.0000,1077.2999,1.0773
1,1583.2878,1559.4468,1559446.7999,30,1.0-1558367-1560371,634.0000,1.0000,1,29,True,1558367.0000,1560371.0000,1079.7999,1.0798
1,1583.3121,1559.4711,1559471.0999,30,1.0-1558367-1560371,634.0000,1.0000,1,29,True,1558367.0000,1560371.0000,1104.0999,1.1041
1,1583.3314,1559.4904,1559490.3999,30,1.0-1558367-1560371,634.0000,1.0000,1,29,True,1558367.0000,1560371.0000,1123.3999,1.1234
1,1583.3458,1559.5048,1559504.7999,30,1.0-1558367-1560371,634.0000,1.0000,1,29,True,1558367.0000,1560371.0000,1137.7999,1.1378
1,1583.3545,1559.5135,1559513.4999,30,1.0-1558367-1560371,634.0000,1.0000,1,29,True,1558367.0000,1560371.0000,1146.4999,1.1465
1,1583.3622,1559.5212,1559521.1999,30,1.0-1558367-1560371,634.0000,1.0000,1,29,True,1558367.0000,1560371.0000,1154.1999,1.1542
1,1583.3859,1559.5449,1559544.8999,30,1.0-1558367-1560371,634.0000,1.0000,1,29,True,1558367.0000,1560371.0000,1177.8999,1.1779
1,1583.4326,1559.5916,1559591.5999,30,1.0-1558367-1560371,634.0000,1.0000,1,29,True,1558367.0000,1560371.0000,1224.5999,1.2246
1,1583.4556,1559.6146,1559614.5999,30,1.0-1558367-1560371,634.0000,1.0000,1,29,True,1558367.0000,1560371.0000,1247.5999,1.2476
1,1583.5081,1559.6671,1559667.0999,30,1.0-1558367-1560371,634.0000,1.0000,1,29,True,1558367.0000,1560371.0000,1300.0999,1.3001
1,1583.5707,1559.7297,1559729.6999,30,1.0-1558367-1560371,634.0000,1.0000,1,29,True,1558367.0000,1560371.0000,1362.6999,1.3627
1,1583.6037,1559.7627,1559762.6999,30,1.0-1558367-1560371,634.0000,1.0000,1,29,True,1558367.0000,1560371.0000,1395.6999,1.3957
1,1583.6095,1559.7685,1559768.4999,30,1.0-1558367-1560371,634.0000,1.0000,1,29,True,1558367.0000,1560371.0000,1401.4999,1.4015
1,1583.6453,1559.8043,1559804.2999,30,1.0-1558367-1560371,634.0000,1.0000,1,29,True,1558367.0000,1560371.0000,1437.2999,1.4373
1,1583.6884,1559.8474,1559847.3999,30,1.0-1558367-1560371,634.0000,1.0000,1,29,True,1558367.0000,1560371.0000,1480.3999,1.4804
1,1583.7410,1559.9000,1559899.9999,30,1.0-1558367-1560371,634.0000,1.0000,1,29,True,1558367.0000,1560371.0000,1532.9999,1.5330
1,1583.8681,1560.0271,1560027.0999,30,1.0-1558367-1560371,634.0000,1.0000,1,29,True,1558367.0000,1560371.0000,1660.0999,1.6601
1,1583.8918,1560.0508,1560050.7999,30,1.0-1558367-1560371,634.0000,1.0000,1,29,True,1558367.0000,1560371.0000,1683.7999,1.6838
1,1583.8941,1560.0531,1560053.0999,30,1.0-1558367-1560371,634.0000,1.0000,1,29,True,1558367.0000,1560371.0000,1686.0999,1.6861
1,1583.9092,1560.0682,1560068.1999,30,1.0-1558367-1560371,634.0000,1.0000,1,29,True,1558367.0000,1560371.0000,1701.1999,1.7012
1,1583.9272,1560.0862,1560086.1999,30,1.0-1558367-1560371,634.0000,1.0000,1,29,True,1558367.0000,1560371.0000,1719.1999,1.7192
1,1583.9927,1560.1517,1560151.6999,30,1.0-1558367-1560371,634.0000,1.0000,1,29,True,1558367.0000,1560371.0000,1784.6999,1.7847
1,1584.0213,1560.1803,1560180.2999,30,1.0-1558367-1560371,634.0000,1.0000,1,29,True,1558367.0000,1560371.0000,1813.2999,1.8133
1,1584.0510,1560.2100,1560209.9999,30,1.0-1558367-1560371,634.0000,1.0000,1,29,True,1558367.0000,1560371.0000,1842.9999,1.8430
1,1584.0649,1560.2239,1560223.8999,30,1.0-1558367-1560371,634.0000,1.0000,1,29,True,1558367.0000,1560371.0000,1856.8999,1.8569
1,1584.0947,1560.2537,1560253.6999,30,1.0-1558367-1560371,634.0000,1.0000,1,29,True,1558367.0000,1560371.0000,1886.6999,1.8867
1,1584.1130,1560.2720,1560271.9999,30,1.0-1558367-1560371,634.0000,1.0000,1,29,True,1558367.0000,1560371.0000,1904.9999,1.9050
1,1584.1711,1560.3301,1560330.0999,30,1.0-1558367-1560371,634.0000,1.0000,1,29,True,1558367.0000,1560371.0000,1963.0999,1.9631
1,253.0366,229.1956,229195.5999,31,1.0-229184-231589,133.0000,1.0000,1,30,True,229184.0000,231589.0000,11.5999,0.0116
1,253.0602,229.2192,229219.1999,31,1.0-229184-231589,133.0000,1.0000,1,30,True,229184.0000,231589.0000,35.1999,0.0352
1,253.0658,229.2248,229224.7999,31,1.0-229184-231589,133.0000,1.0000,1,30,True,229184.0000,231589.0000,40.7999,0.0408
1,253.0882,229.2472,229247.1999,31,1.0-229184-231589,133.0000,1.0000,1,30,True,229184.0000,231589.0000,63.1999,0.0632
1,253.1112,229.2702,229270.1999,31,1.0-229184-231589,133.0000,1.0000,1,30,True,229184.0000,231589.0000,86.1999,0.0862
1,253.1473,229.3063,229306.2999,31,1.0-229184-231589,133.0000,1.0000,1,30,True,229184.0000,231589.0000,122.2999,0.1223
1,253.1689,229.3279,229327.8999,31,1.0-229184-231589,133.0000,1.0000,1,30,True,229184.0000,231589.0000,143.8999,0.1439
1,253.1788,229.3378,229337.7999,31,1.0-229184-231589,133.0000,1.0000,1,30,True,229184.0000,231589.0000,153.7999,0.1538
1,253.2081,229.3671,229367.0999,31,1.0-229184-231589,133.0000,1.0000,1,30,True,229184.0000,231589.0000,183.0999,0.1831
1,253.2295,229.3885,229388.4999,31,1.0-229184-231589,133.0000,1.0000,1,30,True,229184.0000,231589.0000,204.4999,0.2045
1,253.3118,229.4708,229470.7999,31,1.0-229184-231589,133.0000,1.0000,1,30,True,229184.0000,231589.0000,286.7999,0.2868
1,253.3568,229.5158,229515.7999,31,1.0-229184-231589,133.0000,1.0000,1,30,True,229184.0000,231589.0000,331.7999,0.3318
1,253.5298,229.6888,229688.7999,31,1.0-229184-231589,133.0000,1.0000,1,30,True,229184.0000,231589.0000,504.7999,0.5048
1,253.6970,229.8560,229855.9999,31,1.0-229184-231589,133.0000,1.0000,1,30,True,229184.0000,231589.0000,671.9999,0.6720
1,253.7361,229.8951,229895.0999,31,1.0-229184-231589,133.0000,1.0000,1,30,True,229184.0000,231589.0000,711.0999,0.7111
1,253.8714,230.0304,230030.3999,31,1.0-229184-231589,133.0000,1.0000,1,30,True,229184.0000,231589.0000,846.3999,0.8464
1,253.9219,230.0809,230080.8999,31,1.0-229184-231589,133.0000,1.0000,1,30,True,229184.0000,231589.0000,896.8999,0.8969
1,254.0151,230.1741,230174.0999,31,1.0-229184-231589,133.0000,1.0000,1,30,True,229184.0000,231589.0000,990.0999,0.9901
1,254.0405,230.1995,230199.4999,31,1.0-229184-231589,133.0000,1.0000,1,30,True,229184.0000,231589.0000,1015.4999,1.0155
1,254.0825,230.2415,230241.4999,31,1.0-229184-231589,133.0000,1.0000,1,30,True,229184.0000,231589.0000,1057.4999,1.0575
1,254.1397,230.2987,230298.6999,31,1.0-229184-231589,133.0000,1.0000,1,30,True,229184.0000,231589.0000,1114.6999,1.1147
1,254.1664,230.3254,230325.3999,31,1.0-229184-231589,133.0000,1.0000,1,30,True,229184.0000,231589.0000,1141.3999,1.1414
1,254.2000,230.3590,230358.9999,31,1.0-229184-231589,133.0000,1.0000,1,30,True,229184.0000,231589.0000,1174.9999,1.1750
1,254.2062,230.3652,230365.1999,31,1.0-229184-231589,133.0000,1.0000,1,30,True,229184.0000,231589.0000,1181.1999,1.1812
1,254.2992,230.4582,230458.1999,31,1.0-229184-231589,133.0000,1.0000,1,30,True,229184.0000,231589.0000,1274.1999,1.2742
1,254.3769,230.5359,230535.8999,31,1.0-229184-231589,133.0000,1.0000,1,30,True,229184.0000,231589.0000,1351.8999,1.3519
1,254.5871,230.7461,230746.0999,31,1.0-229184-231589,133.0000,1.0000,1,30,True,229184.0000,231589.0000,1562.0999,1.5621
1,254.6373,230.7963,230796.2999,31,1.0-229184-231589,133.0000,1.0000,1,30,True,229184.0000,231589.0000,1612.2999,1.6123
1,254.6490,230.8080,230807.9999,31,1.0-229184-231589,133.0000,1.0000,1,30,True,229184.0000,231589.0000,1623.9999,1.6240
1,254.7276,230.8866,230886.5999,31,1.0-229184-231589,133.0000,1.0000,1,30,True,229184.0000,231589.0000,1702.5999,1.7026
1,254.7894,230.9484,230948.3999,31,1.0-229184-231589,133.0000,1.0000,1,30,True,229184.0000,231589.0000,1764.3999,1.7644
1,254.9059,231.0649,231064.8999,31,1.0-229184-231589,133.0000,1.0000,1,30,True,229184.0000,231589.0000,1880.8999,1.8809
1,254.9341,231.0931,231093.0999,31,1.0-229184-231589,133.0000,1.0000,1,30,True,229184.0000,231589.0000,1909.0999,1.9091
1,255.0461,231.2051,231205.0999,31,1.0-229184-231589,133.0000,1.0000,1,30,True,229184.0000,231589.0000,2021.0999,2.0211
1,255.0955,231.2545,231254.4999,31,1.0-229184-231589,133.0000,1.0000,1,30,True,229184.0000,231589.0000,2070.4999,2.0705
1,255.1061,231.2651,231265.0999,31,1.0-229184-231589,133.0000,1.0000,1,30,True,229184.0000,231589.0000,2081.0999,2.0811
1,255.1525,231.3115,231311.4999,31,1.0-229184-231589,133.0000,1.0000,1,30,True,229184.0000,231589.0000,2127.4999,2.1275
1,255.1757,231.3347,231334.6999,31,1.0-229184-231589,133.0000,1.0000,1,30,True,229184.0000,231589.0000,2150.6999,2.1507
1,255.2503,231.4093,231409.2999,31,1.0-229184-231589,133.0000,1.0000,1,30,True,229184.0000,231589.0000,2225.2999,2.2253
1,255.3414,231.5004,231500.3999,31,1.0-229184-231589,133.0000,1.0000,1,30,True,229184.0000,231589.0000,2316.3999,2.3164
1,68.6514,44.8104,44810.3999,32,1.0-44655-47627,24.0000,1.0000,0,68,True,44655.0000,47627.0000,155.3999,0.1554
1,68.6842,44.8432,44843.1999,32,1.0-44655-47627,24.0000,1.0000,0,68,True,44655.0000,47627.0000,188.1999,0.1882
1,68.7114,44.8704,44870.3999,32,1.0-44655-47627,24.0000,1.0000,0,68,True,44655.0000,47627.0000,215.3999,0.2154
1,68.8535,45.0125,45012.4999,32,1.0-44655-47627,24.0000,1.0000,0,68,True,44655.0000,47627.0000,357.4999,0.3575
1,68.8583,45.0173,45017.2999,32,1.0-44655-47627,24.0000,1.0000,0,68,True,44655.0000,47627.0000,362.2999,0.3623
1,68.8728,45.0318,45031.7999,32,1.0-44655-47627,24.0000,1.0000,0,68,True,44655.0000,47627.0000,376.7999,0.3768
1,68.9026,45.0616,45061.5999,32,1.0-44655-47627,24.0000,1.0000,0,68,True,44655.0000,47627.0000,406.5999,0.4066
1,68.9714,45.1304,45130.3999,32,1.0-44655-47627,24.0000,1.0000,0,68,True,44655.0000,47627.0000,475.3999,0.4754
1,69.0216,45.1806,45180.5999,32,1.0-44655-47627,24.0000,1.0000,0,68,True,44655.0000,47627.0000,525.5999,0.5256
1,69.0557,45.2147,45214.6999,32,1.0-44655-47627,24.0000,1.0000,0,68,True,44655.0000,47627.0000,559.6999,0.5597
1,69.0911,45.2501,45250.0999,32,1.0-44655-47627,24.0000,1.0000,0,68,True,44655.0000,47627.0000,595.0999,0.5951
1,69.2660,45.4250,45424.9999,32,1.0-44655-47627,24.0000,1.0000,0,68,True,44655.0000,47627.0000,769.9999,0.7700
1,69.3435,45.5025,45502.4999,32,1.0-44655-47627,24.0000,1.0000,0,68,True,44655.0000,47627.0000,847.4999,0.8475
1,69.7419,45.9009,45900.8999,32,1.0-44655-47627,24.0000,1.0000,0,68,True,44655.0000,47627.0000,1245.8999,1.2459
1,69.7598,45.9188,45918.7999,32,1.0-44655-47627,24.0000,1.0000,0,68,True,44655.0000,47627.0000,1263.7999,1.2638
1,70.4083,46.5673,46567.2999,32,1.0-44655-47627,24.0000,1.0000,0,68,True,44655.0000,47627.0000,1912.2999,1.9123
1,70.4986,46.6576,46657.5999,32,1.0-44655-47627,24.0000,1.0000,0,68,True,44655.0000,47627.0000,2002.5999,2.0026
1,70.5412,46.7002,46700.1999,32,1.0-44655-47627,24.0000,1.0000,0,68,True,44655.0000,47627.0000,2045.1999,2.0452
1,70.5526,46.7116,46711.5999,32,1.0-44655-47627,24.0000,1.0000,0,68,True,44655.0000,47627.0000,2056.5999,2.0566
1,70.5717,46.7307,46730.6999,32,1.0-44655-47627,24.0000,1.0000,0,68,True,44655.0000,47627.0000,2075.6999,2.0757
1,70.5890,46.7480,46747.9999,32,1.0-44655-47627,24.0000,1.0000,0,68,True,44655.0000,47627.0000,2092.9999,2.0930
1,70.6616,46.8206,46820.5999,32,1.0-44655-47627,24.0000,1.0000,0,68,True,44655.0000,47627.0000,2165.5999,2.1656
1,70.7391,46.8981,46898.0999,32,1.0-44655-47627,24.0000,1.0000,0,68,True,44655.0000,47627.0000,2243.0999,2.2431
1,70.7482,46.9072,46907.1999,32,1.0-44655-47627,24.0000,1.0000,0,68,True,44655.0000,47627.0000,2252.1999,2.2522
1,70.7640,46.9230,46922.9999,32,1.0-44655-47627,24.0000,1.0000,0,68,True,44655.0000,47627.0000,2267.9999,2.2680
1,70.7978,46.9568,46956.7999,32,1.0-44655-47627,24.0000,1.0000,0,68,True,44655.0000,47627.0000,2301.7999,2.3018
1,70.8039,46.9629,46962.8999,32,1.0-44655-47627,24.0000,1.0000,0,68,True,44655.0000,47627.0000,2307.8999,2.3079
1,70.8191,46.9781,46978.0999,32,1.0-44655-47627,24.0000,1.0000,0,68,True,44655.0000,47627.0000,2323.0999,2.3231
1,70.8297,46.9887,46988.6999,32,1.0-44655-47627,24.0000,1.0000,0,68,True,44655.0000,47627.0000,2333.6999,2.3337
1,70.8382,46.9972,46997.1999,32,1.0-44655-47627,24.0000,1.0000,0,68,True,44655.0000,47627.0000,2342.1999,2.3422
1,70.8514,47.0104,47010.3999,32,1.0-44655-47627,24.0000,1.0000,0,68,True,44655.0000,47627.0000,2355.3999,2.3554
1,70.8538,47.0128,47012.7999,32,1.0-44655-47627,24.0000,1.0000,0,68,True,44655.0000,47627.0000,2357.7999,2.3578
1,70.9269,47.0859,47085.8999,32,1.0-44655-47627,24.0000,1.0000,0,68,True,44655.0000,47627.0000,2430.8999,2.4309
1,70.9351,47.0941,47094.0999,32,1.0-44655-47627,24.0000,1.0000,0,68,True,44655.0000,47627.0000,2439.0999,2.4391
1,70.9380,47.0970,47096.9999,32,1.0-44655-47627,24.0000,1.0000,0,68,True,44655.0000,47627.0000,2441.9999,2.4420
1,70.9508,47.1098,47109.7999,32,1.0-44655-47627,24.0000,1.0000,0,68,True,44655.0000,47627.0000,2454.7999,2.4548
1,70.9556,47.1146,47114.5999,32,1.0-44655-47627,24.0000,1.0000,0,68,True,44655.0000,47627.0000,2459.5999,2.4596
1,71.0078,47.1668,47166.7999,32,1.0-44655-47627,24.0000,1.0000,0,68,True,44655.0000,47627.0000,2511.7999,2.5118
1,71.0887,47.2477,47247.6999,32,1.0-44655-47627,24.0000,1.0000,0,68,True,44655.0000,47627.0000,2592.6999,2.5927
1,71.1206,47.2796,47279.5999,32,1.0-44655-47627,24.0000,1.0000,0,68,True,44655.0000,47627.0000,2624.5999,2.6246
1,71.1653,47.3243,47324.2999,32,1.0-44655-47627,24.0000,1.0000,0,68,True,44655.0000,47627.0000,2669.2999,2.6693
1,71.2202,47.3792,47379.1999,32,1.0-44655-47627,24.0000,1.0000,0,68,True,44655.0000,47627.0000,2724.1999,2.7242
1,71.2866,47.4456,47445.5999,32,1.0-44655-47627,24.0000,1.0000,0,68,True,44655.0000,47627.0000,2790.5999,2.7906
1,71.3139,47.4729,47472.8999,32,1.0-44655-47627,24.0000,1.0000,0,68,True,44655.0000,47627.0000,2817.8999,2.8179
1,71.3397,47.4987,47498.6999,32,1.0-44655-47627,24.0000,1.0000,0,68,True,44655.0000,47627.0000,2843.6999,2.8437
1,71.3557,47.5147,47514.6999,32,1.0-44655-47627,24.0000,1.0000,0,68,True,44655.0000,47627.0000,2859.6999,2.8597
1,71.3991,47.5581,47558.0999,32,1.0-44655-47627,24.0000,1.0000,0,68,True,44655.0000,47627.0000,2903.0999,2.9031
1,71.4016,47.5606,47560.5999,32,1.0-44655-47627,24.0000,1.0000,0,68,True,44655.0000,47627.0000,2905.5999,2.9056
1,71.4146,47.5736,47573.5999,32,1.0-44655-47627,24.0000,1.0000,0,68,True,44655.0000,47627.0000,2918.5999,2.9186
1,71.4234,47.5824,47582.3999,32,1.0-44655-47627,24.0000,1.0000,0,68,True,44655.0000,47627.0000,2927.3999,2.9274
1,71.4463,47.6053,47605.2999,32,1.0-44655-47627,24.0000,1.0000,0,68,True,44655.0000,47627.0000,2950.2999,2.9503
1,1397.0278,1373.1868,1373186.7999,33,1.0-1373036-1375040,548.0000,1.0000,1,31,True,1373036.0000,1375040.0000,150.7999,0.1508
1,1397.0617,1373.2207,1373220.6999,33,1.0-1373036-1375040,548.0000,1.0000,1,31,True,1373036.0000,1375040.0000,184.6999,0.1847
1,1397.0688,1373.2278,1373227.7999,33,1.0-1373036-1375040,548.0000,1.0000,1,31,True,1373036.0000,1375040.0000,191.7999,0.1918
1,1397.1728,1373.3318,1373331.7999,33,1.0-1373036-1375040,548.0000,1.0000,1,31,True,1373036.0000,1375040.0000,295.7999,0.2958
1,1397.4255,1373.5845,1373584.4999,33,1.0-1373036-1375040,548.0000,1.0000,1,31,True,1373036.0000,1375040.0000,548.4999,0.5485
1,1397.4726,1373.6316,1373631.5999,33,1.0-1373036-1375040,548.0000,1.0000,1,31,True,1373036.0000,1375040.0000,595.5999,0.5956
1,1397.5004,1373.6594,1373659.3999,33,1.0-1373036-1375040,548.0000,1.0000,1,31,True,1373036.0000,1375040.0000,623.3999,0.6234
1,1397.5274,1373.6864,1373686.3999,33,1.0-1373036-1375040,548.0000,1.0000,1,31,True,1373036.0000,1375040.0000,650.3999,0.6504
1,1397.5298,1373.6888,1373688.7999,33,1.0-1373036-1375040,548.0000,1.0000,1,31,True,1373036.0000,1375040.0000,652.7999,0.6528
1,1397.5920,1373.7510,1373750.9999,33,1.0-1373036-1375040,548.0000,1.0000,1,31,True,1373036.0000,1375040.0000,714.9999,0.7150
1,1397.6373,1373.7963,1373796.2999,33,1.0-1373036-1375040,548.0000,1.0000,1,31,True,1373036.0000,1375040.0000,760.2999,0.7603
1,1397.8243,1373.9833,1373983.2999,33,1.0-1373036-1375040,548.0000,1.0000,1,31,True,1373036.0000,1375040.0000,947.2999,0.9473
1,1397.8316,1373.9906,1373990.5999,33,1.0-1373036-1375040,548.0000,1.0000,1,31,True,1373036.0000,1375040.0000,954.5999,0.9546
1,1397.8738,1374.0328,1374032.7999,33,1.0-1373036-1375040,548.0000,1.0000,1,31,True,1373036.0000,1375040.0000,996.7999,0.9968
1,1397.8974,1374.0564,1374056.3999,33,1.0-1373036-1375040,548.0000,1.0000,1,31,True,1373036.0000,1375040.0000,1020.3999,1.0204
1,1397.9112,1374.0702,1374070.1999,33,1.0-1373036-1375040,548.0000,1.0000,1,31,True,1373036.0000,1375040.0000,1034.1999,1.0342
1,1397.9896,1374.1486,1374148.5999,33,1.0-1373036-1375040,548.0000,1.0000,1,31,True,1373036.0000,1375040.0000,1112.5999,1.1126
1,1397.9986,1374.1576,1374157.5999,33,1.0-1373036-1375040,548.0000,1.0000,1,31,True,1373036.0000,1375040.0000,1121.5999,1.1216
1,1398.0977,1374.2567,1374256.6999,33,1.0-1373036-1375040,548.0000,1.0000,1,31,True,1373036.0000,1375040.0000,1220.6999,1.2207
1,1398.1274,1374.2864,1374286.3999,33,1.0-1373036-1375040,548.0000,1.0000,1,31,True,1373036.0000,1375040.0000,1250.3999,1.2504
1,1398.1495,1374.3085,1374308.4999,33,1.0-1373036-1375040,548.0000,1.0000,1,31,True,1373036.0000,1375040.0000,1272.4999,1.2725
1,1398.1965,1374.3555,1374355.4999,33,1.0-1373036-1375040,548.0000,1.0000,1,31,True,1373036.0000,1375040.0000,1319.4999,1.3195
1,1398.2729,1374.4319,1374431.8999,33,1.0-1373036-1375040,548.0000,1.0000,1,31,True,1373036.0000,1375040.0000,1395.8999,1.3959
1,1398.2887,1374.4477,1374447.6999,33,1.0-1373036-1375040,548.0000,1.0000,1,31,True,1373036.0000,1375040.0000,1411.6999,1.4117
1,1398.2983,1374.4573,1374457.2999,33,1.0-1373036-1375040,548.0000,1.0000,1,31,True,1373036.0000,1375040.0000,1421.2999,1.4213
1,1398.4387,1374.5977,1374597.6999,33,1.0-1373036-1375040,548.0000,1.0000,1,31,True,1373036.0000,1375040.0000,1561.6999,1.5617
1,1398.5403,1374.6993,1374699.2999,33,1.0-1373036-1375040,548.0000,1.0000,1,31,True,1373036.0000,1375040.0000,1663.2999,1.6633
1,1398.6269,1374.7859,1374785.8999,33,1.0-1373036-1375040,548.0000,1.0000,1,31,True,1373036.0000,1375040.0000,1749.8999,1.7499
1,1398.6966,1374.8556,1374855.5999,33,1.0-1373036-1375040,548.0000,1.0000,1,31,True,1373036.0000,1375040.0000,1819.5999,1.8196
1,1398.7821,1374.9411,1374941.0999,33,1.0-1373036-1375040,548.0000,1.0000,1,31,True,1373036.0000,1375040.0000,1905.0999,1.9051
1,1398.8077,1374.9667,1374966.6999,33,1.0-1373036-1375040,548.0000,1.0000,1,31,True,1373036.0000,1375040.0000,1930.6999,1.9307
1,1398.8657,1375.0247,1375024.6999,33,1.0-1373036-1375040,548.0000,1.0000,1,31,True,1373036.0000,1375040.0000,1988.6999,1.9887
1,1722.1753,1698.3343,1698334.2999,34,1.0-1698276-1701115,694.0000,1.0000,1,32,True,1698276.0000,1701115.0000,58.2999,0.0583
1,1722.3640,1698.5230,1698522.9999,34,1.0-1698276-1701115,694.0000,1.0000,1,32,True,1698276.0000,1701115.0000,246.9999,0.2470
1,1722.3800,1698.5390,1698538.9999,34,1.0-1698276-1701115,694.0000,1.0000,1,32,True,1698276.0000,1701115.0000,262.9999,0.2630
1,1722.4024,1698.5614,1698561.3999,34,1.0-1698276-1701115,694.0000,1.0000,1,32,True,1698276.0000,1701115.0000,285.3999,0.2854
1,1722.4317,1698.5907,1698590.6999,34,1.0-1698276-1701115,694.0000,1.0000,1,32,True,1698276.0000,1701115.0000,314.6999,0.3147
1,1722.4342,1698.5932,1698593.1999,34,1.0-1698276-1701115,694.0000,1.0000,1,32,True,1698276.0000,1701115.0000,317.1999,0.3172
1,1722.5000,1698.6590,1698658.9999,34,1.0-1698276-1701115,694.0000,1.0000,1,32,True,1698276.0000,1701115.0000,382.9999,0.3830
1,1722.5226,1698.6816,1698681.5999,34,1.0-1698276-1701115,694.0000,1.0000,1,32,True,1698276.0000,1701115.0000,405.5999,0.4056
1,1722.5745,1698.7335,1698733.4999,34,1.0-1698276-1701115,694.0000,1.0000,1,32,True,1698276.0000,1701115.0000,457.4999,0.4575
1,1722.5794,1698.7384,1698738.3999,34,1.0-1698276-1701115,694.0000,1.0000,1,32,True,1698276.0000,1701115.0000,462.3999,0.4624
1,1722.6149,1698.7739,1698773.8999,34,1.0-1698276-1701115,694.0000,1.0000,1,32,True,1698276.0000,1701115.0000,497.8999,0.4979
1,1722.6322,1698.7912,1698791.1999,34,1.0-1698276-1701115,694.0000,1.0000,1,32,True,1698276.0000,1701115.0000,515.1999,0.5152
1,1722.6921,1698.8511,1698851.0999,34,1.0-1698276-1701115,694.0000,1.0000,1,32,True,1698276.0000,1701115.0000,575.0999,0.5751
1,1722.7135,1698.8725,1698872.4999,34,1.0-1698276-1701115,694.0000,1.0000,1,32,True,1698276.0000,1701115.0000,596.4999,0.5965
1,1722.7233,1698.8823,1698882.2999,34,1.0-1698276-1701115,694.0000,1.0000,1,32,True,1698276.0000,1701115.0000,606.2999,0.6063
1,1722.7301,1698.8891,1698889.0999,34,1.0-1698276-1701115,694.0000,1.0000,1,32,True,1698276.0000,1701115.0000,613.0999,0.6131
1,1722.7547,1698.9137,1698913.6999,34,1.0-1698276-1701115,694.0000,1.0000,1,32,True,1698276.0000,1701115.0000,637.6999,0.6377
1,1722.7929,1698.9519,1698951.8999,34,1.0-1698276-1701115,694.0000,1.0000,1,32,True,1698276.0000,1701115.0000,675.8999,0.6759
1,1722.8242,1698.9832,1698983.1999,34,1.0-1698276-1701115,694.0000,1.0000,1,32,True,1698276.0000,1701115.0000,707.1999,0.7072
1,1722.8504,1699.0094,1699009.3999,34,1.0-1698276-1701115,694.0000,1.0000,1,32,True,1698276.0000,1701115.0000,733.3999,0.7334
1,1722.9298,1699.0888,1699088.7999,34,1.0-1698276-1701115,694.0000,1.0000,1,32,True,1698276.0000,1701115.0000,812.7999,0.8128
1,1722.9985,1699.1575,1699157.4999,34,1.0-1698276-1701115,694.0000,1.0000,1,32,True,1698276.0000,1701115.0000,881.4999,0.8815
1,1723.0295,1699.1885,1699188.4999,34,1.0-1698276-1701115,694.0000,1.0000,1,32,True,1698276.0000,1701115.0000,912.4999,0.9125
1,1723.0360,1699.1950,1699194.9999,34,1.0-1698276-1701115,694.0000,1.0000,1,32,True,1698276.0000,1701115.0000,918.9999,0.9190
1,1723.0487,1699.2077,1699207.6999,34,1.0-1698276-1701115,694.0000,1.0000,1,32,True,1698276.0000,1701115.0000,931.6999,0.9317
1,1723.0650,1699.2240,1699223.9999,34,1.0-1698276-1701115,694.0000,1.0000,1,32,True,1698276.0000,1701115.0000,947.9999,0.9480
1,1723.1044,1699.2634,1699263.3999,34,1.0-1698276-1701115,694.0000,1.0000,1,32,True,1698276.0000,1701115.0000,987.3999,0.9874
1,1723.3690,1699.5280,1699527.9999,34,1.0-1698276-1701115,694.0000,1.0000,1,32,True,1698276.0000,1701115.0000,1251.9999,1.2520
1,1723.3712,1699.5302,1699530.1999,34,1.0-1698276-1701115,694.0000,1.0000,1,32,True,1698276.0000,1701115.0000,1254.1999,1.2542
1,1723.4155,1699.5745,1699574.4999,34,1.0-1698276-1701115,694.0000,1.0000,1,32,True,1698276.0000,1701115.0000,1298.4999,1.2985
1,1723.7615,1699.9205,1699920.4999,34,1.0-1698276-1701115,694.0000,1.0000,1,32,True,1698276.0000,1701115.0000,1644.4999,1.6445
1,1723.7999,1699.9589,1699958.8999,34,1.0-1698276-1701115,694.0000,1.0000,1,32,True,1698276.0000,1701115.0000,1682.8999,1.6829
1,1723.8301,1699.9891,1699989.0999,34,1.0-1698276-1701115,694.0000,1.0000,1,32,True,1698276.0000,1701115.0000,1713.0999,1.7131
1,1723.9287,1700.0877,1700087.6999,34,1.0-1698276-1701115,694.0000,1.0000,1,32,True,1698276.0000,1701115.0000,1811.6999,1.8117
1,1723.9829,1700.1419,1700141.8999,34,1.0-1698276-1701115,694.0000,1.0000,1,32,True,1698276.0000,1701115.0000,1865.8999,1.8659
1,1724.0178,1700.1768,1700176.7999,34,1.0-1698276-1701115,694.0000,1.0000,1,32,True,1698276.0000,1701115.0000,1900.7999,1.9008
1,1724.0257,1700.1847,1700184.6999,34,1.0-1698276-1701115,694.0000,1.0000,1,32,True,1698276.0000,1701115.0000,1908.6999,1.9087
1,1724.0352,1700.1942,1700194.1999,34,1.0-1698276-1701115,694.0000,1.0000,1,32,True,1698276.0000,1701115.0000,1918.1999,1.9182
1,1724.0435,1700.2025,1700202.4999,34,1.0-1698276-1701115,694.0000,1.0000,1,32,True,1698276.0000,1701115.0000,1926.4999,1.9265
1,1724.0612,1700.2202,1700220.1999,34,1.0-1698276-1701115,694.0000,1.0000,1,32,True,1698276.0000,1701115.0000,1944.1999,1.9442
1,1724.1377,1700.2967,1700296.6999,34,1.0-1698276-1701115,694.0000,1.0000,1,32,True,1698276.0000,1701115.0000,2020.6999,2.0207
1,1724.1504,1700.3094,1700309.3999,34,1.0-1698276-1701115,694.0000,1.0000,1,32,True,1698276.0000,1701115.0000,2033.3999,2.0334
1,1724.1537,1700.3127,1700312.6999,34,1.0-1698276-1701115,694.0000,1.0000,1,32,True,1698276.0000,1701115.0000,2036.6999,2.0367
1,1724.1775,1700.3365,1700336.4999,34,1.0-1698276-1701115,694.0000,1.0000,1,32,True,1698276.0000,1701115.0000,2060.4999,2.0605
1,1724.1810,1700.3400,1700339.9999,34,1.0-1698276-1701115,694.0000,1.0000,1,32,True,1698276.0000,1701115.0000,2063.9999,2.0640
1,1724.1828,1700.3418,1700341.7999,34,1.0-1698276-1701115,694.0000,1.0000,1,32,True,1698276.0000,1701115.0000,2065.7999,2.0658
1,1724.1845,1700.3435,1700343.4999,34,1.0-1698276-1701115,694.0000,1.0000,1,32,True,1698276.0000,1701115.0000,2067.4999,2.0675
1,1724.2410,1700.4000,1700399.9999,34,1.0-1698276-1701115,694.0000,1.0000,1,32,True,1698276.0000,1701115.0000,2123.9999,2.1240
1,1724.2607,1700.4197,1700419.6999,34,1.0-1698276-1701115,694.0000,1.0000,1,32,True,1698276.0000,1701115.0000,2143.6999,2.1437
1,1724.2904,1700.4494,1700449.3999,34,1.0-1698276-1701115,694.0000,1.0000,1,32,True,1698276.0000,1701115.0000,2173.3999,2.1734
1,1724.3130,1700.4720,1700471.9999,34,1.0-1698276-1701115,694.0000,1.0000,1,32,True,1698276.0000,1701115.0000,2195.9999,2.1960
1,1724.3546,1700.5136,1700513.5999,34,1.0-1698276-1701115,694.0000,1.0000,1,32,True,1698276.0000,1701115.0000,2237.5999,2.2376
1,1724.4027,1700.5617,1700561.6999,34,1.0-1698276-1701115,694.0000,1.0000,1,32,True,1698276.0000,1701115.0000,2285.6999,2.2857
1,1724.4690,1700.6280,1700627.9999,34,1.0-1698276-1701115,694.0000,1.0000,1,32,True,1698276.0000,1701115.0000,2351.9999,2.3520
1,1724.6216,1700.7806,1700780.5999,34,1.0-1698276-1701115,694.0000,1.0000,1,32,True,1698276.0000,1701115.0000,2504.5999,2.5046
1,1724.6819,1700.8409,1700840.8999,34,1.0-1698276-1701115,694.0000,1.0000,1,32,True,1698276.0000,1701115.0000,2564.8999,2.5649
1,1724.6940,1700.8530,1700852.9999,34,1.0-1698276-1701115,694.0000,1.0000,1,32,True,1698276.0000,1701115.0000,2576.9999,2.5770
1,1724.7145,1700.8735,1700873.4999,34,1.0-1698276-1701115,694.0000,1.0000,1,32,True,1698276.0000,1701115.0000,2597.4999,2.5975
1,1724.8094,1700.9684,1700968.3999,34,1.0-1698276-1701115,694.0000,1.0000,1,32,True,1698276.0000,1701115.0000,2692.3999,2.6924
1,1724.8273,1700.9863,1700986.2999,34,1.0-1698276-1701115,694.0000,1.0000,1,32,True,1698276.0000,1701115.0000,2710.2999,2.7103
1,1724.8462,1701.0052,1701005.1999,34,1.0-1698276-1701115,694.0000,1.0000,1,32,True,1698276.0000,1701115.0000,2729.1999,2.7292
1,200.1679,176.3269,176326.8999,35,1.0-176314-178585,105.0000,1.0000,1,33,True,176314.0000,178585.0000,12.8999,0.0129
1,200.2215,176.3805,176380.4999,35,1.0-176314-178585,105.0000,1.0000,1,33,True,176314.0000,178585.0000,66.4999,0.0665
1,200.2255,176.3845,176384.4999,35,1.0-176314-178585,105.0000,1.0000,1,33,True,176314.0000,178585.0000,70.4999,0.0705
1,200.2460,176.4050,176404.9999,35,1.0-176314-178585,105.0000,1.0000,1,33,True,176314.0000,178585.0000,90.9999,0.0910
1,200.3065,176.4655,176465.4999,35,1.0-176314-178585,105.0000,1.0000,1,33,True,176314.0000,178585.0000,151.4999,0.1515
1,200.3210,176.4800,176479.9999,35,1.0-176314-178585,105.0000,1.0000,1,33,True,176314.0000,178585.0000,165.9999,0.1660
1,200.3671,176.5261,176526.0999,35,1.0-176314-178585,105.0000,1.0000,1,33,True,176314.0000,178585.0000,212.0999,0.2121
1,200.4028,176.5618,176561.7999,35,1.0-176314-178585,105.0000,1.0000,1,33,True,176314.0000,178585.0000,247.7999,0.2478
1,200.5628,176.7218,176721.7999,35,1.0-176314-178585,105.0000,1.0000,1,33,True,176314.0000,178585.0000,407.7999,0.4078
1,200.5649,176.7239,176723.8999,35,1.0-176314-178585,105.0000,1.0000,1,33,True,176314.0000,178585.0000,409.8999,0.4099
1,200.5921,176.7511,176751.0999,35,1.0-176314-178585,105.0000,1.0000,1,33,True,176314.0000,178585.0000,437.0999,0.4371
1,200.6426,176.8016,176801.5999,35,1.0-176314-178585,105.0000,1.0000,1,33,True,176314.0000,178585.0000,487.5999,0.4876
1,200.7120,176.8710,176870.9999,35,1.0-176314-178585,105.0000,1.0000,1,33,True,176314.0000,178585.0000,556.9999,0.5570
1,200.7347,176.8937,176893.6999,35,1.0-176314-178585,105.0000,1.0000,1,33,True,176314.0000,178585.0000,579.6999,0.5797
1,200.9153,177.0743,177074.2999,35,1.0-176314-178585,105.0000,1.0000,1,33,True,176314.0000,178585.0000,760.2999,0.7603
1,200.9653,177.1243,177124.2999,35,1.0-176314-178585,105.0000,1.0000,1,33,True,176314.0000,178585.0000,810.2999,0.8103
1,200.9783,177.1373,177137.2999,35,1.0-176314-178585,105.0000,1.0000,1,33,True,176314.0000,178585.0000,823.2999,0.8233
1,201.0163,177.1753,177175.2999,35,1.0-176314-178585,105.0000,1.0000,1,33,True,176314.0000,178585.0000,861.2999,0.8613
1,201.1908,177.3498,177349.7999,35,1.0-176314-178585,105.0000,1.0000,1,33,True,176314.0000,178585.0000,1035.7999,1.0358
1,201.2817,177.4407,177440.6999,35,1.0-176314-178585,105.0000,1.0000,1,33,True,176314.0000,178585.0000,1126.6999,1.1267
1,201.3448,177.5038,177503.7999,35,1.0-176314-178585,105.0000,1.0000,1,33,True,176314.0000,178585.0000,1189.7999,1.1898
1,201.3677,177.5267,177526.6999,35,1.0-176314-178585,105.0000,1.0000,1,33,True,176314.0000,178585.0000,1212.6999,1.2127
1,201.3747,177.5337,177533.6999,35,1.0-176314-178585,105.0000,1.0000,1,33,True,176314.0000,178585.0000,1219.6999,1.2197
1,201.4236,177.5826,177582.5999,35,1.0-176314-178585,105.0000,1.0000,1,33,True,176314.0000,178585.0000,1268.5999,1.2686
1,201.4514,177.6104,177610.3999,35,1.0-176314-178585,105.0000,1.0000,1,33,True,176314.0000,178585.0000,1296.3999,1.2964
1,201.4626,177.6216,177621.5999,35,1.0-176314-178585,105.0000,1.0000,1,33,True,176314.0000,178585.0000,1307.5999,1.3076
1,201.4721,177.6311,177631.0999,35,1.0-176314-178585,105.0000,1.0000,1,33,True,176314.0000,178585.0000,1317.0999,1.3171
1,201.5211,177.6801,177680.0999,35,1.0-176314-178585,105.0000,1.0000,1,33,True,176314.0000,178585.0000,1366.0999,1.3661
1,201.5381,177.6971,177697.0999,35,1.0-176314-178585,105.0000,1.0000,1,33,True,176314.0000,178585.0000,1383.0999,1.3831
1,201.5494,177.7084,177708.3999,35,1.0-176314-178585,105.0000,1.0000,1,33,True,176314.0000,178585.0000,1394.3999,1.3944
1,201.5639,177.7229,177722.8999,35,1.0-176314-178585,105.0000,1.0000,1,33,True,176314.0000,178585.0000,1408.8999,1.4089
1,201.5982,177.7572,177757.1999,35,1.0-176314-178585,105.0000,1.0000,1,33,True,176314.0000,178585.0000,1443.1999,1.4432
1,201.6100,177.7690,177768.9999,35,1.0-176314-178585,105.0000,1.0000,1,33,True,176314.0000,178585.0000,1454.9999,1.4550
1,201.6264,177.7854,177785.3999,35,1.0-176314-178585,105.0000,1.0000,1,33,True,176314.0000,178585.0000,1471.3999,1.4714
1,201.6638,177.8228,177822.7999,35,1.0-176314-178585,105.0000,1.0000,1,33,True,176314.0000,178585.0000,1508.7999,1.5088
1,201.7124,177.8714,177871.3999,35,1.0-176314-178585,105.0000,1.0000,1,33,True,176314.0000,178585.0000,1557.3999,1.5574
1,201.7311,177.8901,177890.0999,35,1.0-176314-178585,105.0000,1.0000,1,33,True,176314.0000,178585.0000,1576.0999,1.5761
1,201.7566,177.9156,177915.5999,35,1.0-176314-178585,105.0000,1.0000,1,33,True,176314.0000,178585.0000,1601.5999,1.6016
1,201.8000,177.9590,177958.9999,35,1.0-176314-178585,105.0000,1.0000,1,33,True,176314.0000,178585.0000,1644.9999,1.6450
1,201.8380,177.9970,177996.9999,35,1.0-176314-178585,105.0000,1.0000,1,33,True,176314.0000,178585.0000,1682.9999,1.6830
1,201.8559,178.0149,178014.8999,35,1.0-176314-178585,105.0000,1.0000,1,33,True,176314.0000,178585.0000,1700.8999,1.7009
1,201.9047,178.0637,178063.6999,35,1.0-176314-178585,105.0000,1.0000,1,33,True,176314.0000,178585.0000,1749.6999,1.7497
1,201.9320,178.0910,178090.9999,35,1.0-176314-178585,105.0000,1.0000,1,33,True,176314.0000,178585.0000,1776.9999,1.7770
1,201.9392,178.0982,178098.1999,35,1.0-176314-178585,105.0000,1.0000,1,33,True,176314.0000,178585.0000,1784.1999,1.7842
1,201.9655,178.1245,178124.4999,35,1.0-176314-178585,105.0000,1.0000,1,33,True,176314.0000,178585.0000,1810.4999,1.8105
1,201.9980,178.1570,178156.9999,35,1.0-176314-178585,105.0000,1.0000,1,33,True,176314.0000,178585.0000,1842.9999,1.8430
1,202.0090,178.1680,178167.9999,35,1.0-176314-178585,105.0000,1.0000,1,33,True,176314.0000,178585.0000,1853.9999,1.8540
1,202.0161,178.1751,178175.0999,35,1.0-176314-178585,105.0000,1.0000,1,33,True,176314.0000,178585.0000,1861.0999,1.8611
1,202.0379,178.1969,178196.8999,35,1.0-176314-178585,105.0000,1.0000,1,33,True,176314.0000,178585.0000,1882.8999,1.8829
1,202.0590,178.2180,178217.9999,35,1.0-176314-178585,105.0000,1.0000,1,33,True,176314.0000,178585.0000,1903.9999,1.9040
1,202.0843,178.2433,178243.2999,35,1.0-176314-178585,105.0000,1.0000,1,33,True,176314.0000,178585.0000,1929.2999,1.9293
1,202.1116,178.2706,178270.5999,35,1.0-176314-178585,105.0000,1.0000,1,33,True,176314.0000,178585.0000,1956.5999,1.9566
1,202.1284,178.2874,178287.3999,35,1.0-176314-178585,105.0000,1.0000,1,33,True,176314.0000,178585.0000,1973.3999,1.9734
1,202.1656,178.3246,178324.5999,35,1.0-176314-178585,105.0000,1.0000,1,33,True,176314.0000,178585.0000,2010.5999,2.0106
1,202.2061,178.3651,178365.0999,35,1.0-176314-178585,105.0000,1.0000,1,33,True,176314.0000,178585.0000,2051.0999,2.0511
1,202.2178,178.3768,178376.7999,35,1.0-176314-178585,105.0000,1.0000,1,33,True,176314.0000,178585.0000,2062.7999,2.0628
1,202.2589,178.4179,178417.8999,35,1.0-176314-178585,105.0000,1.0000,1,33,True,176314.0000,178585.0000,2103.8999,2.1039
1,202.2770,178.4360,178435.9999,35,1.0-176314-178585,105.0000,1.0000,1,33,True,176314.0000,178585.0000,2121.9999,2.1220
1,202.2789,178.4379,178437.8999,35,1.0-176314-178585,105.0000,1.0000,1,33,True,176314.0000,178585.0000,2123.8999,2.1239
1,202.3093,178.4683,178468.2999,35,1.0-176314-178585,105.0000,1.0000,1,33,True,176314.0000,178585.0000,2154.2999,2.1543
1,202.3243,178.4833,178483.2999,35,1.0-176314-178585,105.0000,1.0000,1,33,True,176314.0000,178585.0000,2169.2999,2.1693
1,202.3505,178.5095,178509.4999,35,1.0-176314-178585,105.0000,1.0000,1,33,True,176314.0000,178585.0000,2195.4999,2.1955
1,202.3938,178.5528,178552.7999,35,1.0-176314-178585,105.0000,1.0000,1,33,True,176314.0000,178585.0000,2238.7999,2.2388
1,202.3963,178.5553,178555.2999,35,1.0-176314-178585,105.0000,1.0000,1,33,True,176314.0000,178585.0000,2241.2999,2.2413
1,202.4188,178.5778,178577.7999,35,1.0-176314-178585,105.0000,1.0000,1,33,True,176314.0000,178585.0000,2263.7999,2.2638
1,1980.3105,1956.4695,1956469.4999,36,1.0-1956450-1959456,818.0000,1.0000,1,34,True,1956450.0000,1959456.0000,19.4999,0.0195
1,1980.3623,1956.5213,1956521.2999,36,1.0-1956450-1959456,818.0000,1.0000,1,34,True,1956450.0000,1959456.0000,71.2999,0.0713
1,1980.4066,1956.5656,1956565.5999,36,1.0-1956450-1959456,818.0000,1.0000,1,34,True,1956450.0000,1959456.0000,115.5999,0.1156
1,1980.4936,1956.6526,1956652.5999,36,1.0-1956450-1959456,818.0000,1.0000,1,34,True,1956450.0000,1959456.0000,202.5999,0.2026
1,1980.7120,1956.8710,1956870.9999,36,1.0-1956450-1959456,818.0000,1.0000,1,34,True,1956450.0000,1959456.0000,420.9999,0.4210
1,1980.7773,1956.9363,1956936.2999,36,1.0-1956450-1959456,818.0000,1.0000,1,34,True,1956450.0000,1959456.0000,486.2999,0.4863
1,1980.7961,1956.9551,1956955.0999,36,1.0-1956450-1959456,818.0000,1.0000,1,34,True,1956450.0000,1959456.0000,505.0999,0.5051
1,1980.8510,1957.0100,1957009.9999,36,1.0-1956450-1959456,818.0000,1.0000,1,34,True,1956450.0000,1959456.0000,559.9999,0.5600
1,1980.9144,1957.0734,1957073.3999,36,1.0-1956450-1959456,818.0000,1.0000,1,34,True,1956450.0000,1959456.0000,623.3999,0.6234
1,1980.9760,1957.1350,1957134.9999,36,1.0-1956450-1959456,818.0000,1.0000,1,34,True,1956450.0000,1959456.0000,684.9999,0.6850
1,1980.9969,1957.1559,1957155.8999,36,1.0-1956450-1959456,818.0000,1.0000,1,34,True,1956450.0000,1959456.0000,705.8999,0.7059
1,1980.9984,1957.1574,1957157.3999,36,1.0-1956450-1959456,818.0000,1.0000,1,34,True,1956450.0000,1959456.0000,707.3999,0.7074
1,1981.0190,1957.1780,1957177.9999,36,1.0-1956450-1959456,818.0000,1.0000,1,34,True,1956450.0000,1959456.0000,727.9999,0.7280
1,1981.0461,1957.2051,1957205.0999,36,1.0-1956450-1959456,818.0000,1.0000,1,34,True,1956450.0000,1959456.0000,755.0999,0.7551
1,1981.1095,1957.2685,1957268.4999,36,1.0-1956450-1959456,818.0000,1.0000,1,34,True,1956450.0000,1959456.0000,818.4999,0.8185
1,1981.1118,1957.2708,1957270.7999,36,1.0-1956450-1959456,818.0000,1.0000,1,34,True,1956450.0000,1959456.0000,820.7999,0.8208
1,1981.1318,1957.2908,1957290.7999,36,1.0-1956450-1959456,818.0000,1.0000,1,34,True,1956450.0000,1959456.0000,840.7999,0.8408
1,1981.1357,1957.2947,1957294.6999,36,1.0-1956450-1959456,818.0000,1.0000,1,34,True,1956450.0000,1959456.0000,844.6999,0.8447
1,1981.1427,1957.3017,1957301.6999,36,1.0-1956450-1959456,818.0000,1.0000,1,34,True,1956450.0000,1959456.0000,851.6999,0.8517
1,1981.1974,1957.3564,1957356.3999,36,1.0-1956450-1959456,818.0000,1.0000,1,34,True,1956450.0000,1959456.0000,906.3999,0.9064
1,1981.2157,1957.3747,1957374.6999,36,1.0-1956450-1959456,818.0000,1.0000,1,34,True,1956450.0000,1959456.0000,924.6999,0.9247
1,1981.2310,1957.3900,1957389.9999,36,1.0-1956450-1959456,818.0000,1.0000,1,34,True,1956450.0000,1959456.0000,939.9999,0.9400
1,1981.2594,1957.4184,1957418.3999,36,1.0-1956450-1959456,818.0000,1.0000,1,34,True,1956450.0000,1959456.0000,968.3999,0.9684
1,1981.2881,1957.4471,1957447.0999,36,1.0-1956450-1959456,818.0000,1.0000,1,34,True,1956450.0000,1959456.0000,997.0999,0.9971
1,1981.2954,1957.4544,1957454.3999,36,1.0-1956450-1959456,818.0000,1.0000,1,34,True,1956450.0000,1959456.0000,1004.3999,1.0044
1,1981.3366,1957.4956,1957495.5999,36,1.0-1956450-1959456,818.0000,1.0000,1,34,True,1956450.0000,1959456.0000,1045.5999,1.0456
1,1981.3557,1957.5147,1957514.6999,36,1.0-1956450-1959456,818.0000,1.0000,1,34,True,1956450.0000,1959456.0000,1064.6999,1.0647
1,1981.4231,1957.5821,1957582.0999,36,1.0-1956450-1959456,818.0000,1.0000,1,34,True,1956450.0000,1959456.0000,1132.0999,1.1321
1,1981.4646,1957.6236,1957623.5999,36,1.0-1956450-1959456,818.0000,1.0000,1,34,True,1956450.0000,1959456.0000,1173.5999,1.1736
1,1981.4854,1957.6444,1957644.3999,36,1.0-1956450-1959456,818.0000,1.0000,1,34,True,1956450.0000,1959456.0000,1194.3999,1.1944
1,1981.5073,1957.6663,1957666.2999,36,1.0-1956450-1959456,818.0000,1.0000,1,34,True,1956450.0000,1959456.0000,1216.2999,1.2163
1,1981.5110,1957.6700,1957669.9999,36,1.0-1956450-1959456,818.0000,1.0000,1,34,True,1956450.0000,1959456.0000,1219.9999,1.2200
1,1981.5395,1957.6985,1957698.4999,36,1.0-1956450-1959456,818.0000,1.0000,1,34,True,1956450.0000,1959456.0000,1248.4999,1.2485
1,1981.5629,1957.7219,1957721.8999,36,1.0-1956450-1959456,818.0000,1.0000,1,34,True,1956450.0000,1959456.0000,1271.8999,1.2719
1,1981.5725,1957.7315,1957731.4999,36,1.0-1956450-1959456,818.0000,1.0000,1,34,True,1956450.0000,1959456.0000,1281.4999,1.2815
1,1981.5929,1957.7519,1957751.8999,36,1.0-1956450-1959456,818.0000,1.0000,1,34,True,1956450.0000,1959456.0000,1301.8999,1.3019
1,1981.6032,1957.7622,1957762.1999,36,1.0-1956450-1959456,818.0000,1.0000,1,34,True,1956450.0000,1959456.0000,1312.1999,1.3122
1,1981.6354,1957.7944,1957794.3999,36,1.0-1956450-1959456,818.0000,1.0000,1,34,True,1956450.0000,1959456.0000,1344.3999,1.3444
1,1981.6809,1957.8399,1957839.8999,36,1.0-1956450-1959456,818.0000,1.0000,1,34,True,1956450.0000,1959456.0000,1389.8999,1.3899
1,1981.6955,1957.8545,1957854.4999,36,1.0-1956450-1959456,818.0000,1.0000,1,34,True,1956450.0000,1959456.0000,1404.4999,1.4045
1,1981.7664,1957.9254,1957925.3999,36,1.0-1956450-1959456,818.0000,1.0000,1,34,True,1956450.0000,1959456.0000,1475.3999,1.4754
1,1981.8079,1957.9669,1957966.8999,36,1.0-1956450-1959456,818.0000,1.0000,1,34,True,1956450.0000,1959456.0000,1516.8999,1.5169
1,1981.8352,1957.9942,1957994.1999,36,1.0-1956450-1959456,818.0000,1.0000,1,34,True,1956450.0000,1959456.0000,1544.1999,1.5442
1,1981.8477,1958.0067,1958006.6999,36,1.0-1956450-1959456,818.0000,1.0000,1,34,True,1956450.0000,1959456.0000,1556.6999,1.5567
1,1981.8895,1958.0485,1958048.4999,36,1.0-1956450-1959456,818.0000,1.0000,1,34,True,1956450.0000,1959456.0000,1598.4999,1.5985
1,1981.8913,1958.0503,1958050.2999,36,1.0-1956450-1959456,818.0000,1.0000,1,34,True,1956450.0000,1959456.0000,1600.2999,1.6003
1,1981.9200,1958.0790,1958078.9999,36,1.0-1956450-1959456,818.0000,1.0000,1,34,True,1956450.0000,1959456.0000,1628.9999,1.6290
1,1981.9742,1958.1332,1958133.1999,36,1.0-1956450-1959456,818.0000,1.0000,1,34,True,1956450.0000,1959456.0000,1683.1999,1.6832
1,1981.9771,1958.1361,1958136.0999,36,1.0-1956450-1959456,818.0000,1.0000,1,34,True,1956450.0000,1959456.0000,1686.0999,1.6861
1,1982.1439,1958.3029,1958302.8999,36,1.0-1956450-1959456,818.0000,1.0000,1,34,True,1956450.0000,1959456.0000,1852.8999,1.8529
1,1982.1732,1958.3322,1958332.1999,36,1.0-1956450-1959456,818.0000,1.0000,1,34,True,1956450.0000,1959456.0000,1882.1999,1.8822
1,1982.2278,1958.3868,1958386.7999,36,1.0-1956450-1959456,818.0000,1.0000,1,34,True,1956450.0000,1959456.0000,1936.7999,1.9368
1,1982.2494,1958.4084,1958408.3999,36,1.0-1956450-1959456,818.0000,1.0000,1,34,True,1956450.0000,1959456.0000,1958.3999,1.9584
1,1982.2793,1958.4383,1958438.2999,36,1.0-1956450-1959456,818.0000,1.0000,1,34,True,1956450.0000,1959456.0000,1988.2999,1.9883
1,1982.2944,1958.4534,1958453.3999,36,1.0-1956450-1959456,818.0000,1.0000,1,34,True,1956450.0000,1959456.0000,2003.3999,2.0034
1,1982.3228,1958.4818,1958481.7999,36,1.0-1956450-1959456,818.0000,1.0000,1,34,True,1956450.0000,1959456.0000,2031.7999,2.0318
1,1982.3463,1958.5053,1958505.2999,36,1.0-1956450-1959456,818.0000,1.0000,1,34,True,1956450.0000,1959456.0000,2055.2999,2.0553
1,1982.3555,1958.5145,1958514.4999,36,1.0-1956450-1959456,818.0000,1.0000,1,34,True,1956450.0000,1959456.0000,2064.4999,2.0645
1,1982.3709,1958.5299,1958529.8999,36,1.0-1956450-1959456,818.0000,1.0000,1,34,True,1956450.0000,1959456.0000,2079.8999,2.0799
1,1982.3900,1958.5490,1958548.9999,36,1.0-1956450-1959456,818.0000,1.0000,1,34,True,1956450.0000,1959456.0000,2098.9999,2.0990
1,1982.4019,1958.5609,1958560.8999,36,1.0-1956450-1959456,818.0000,1.0000,1,34,True,1956450.0000,1959456.0000,2110.8999,2.1109
1,1982.4630,1958.6220,1958621.9999,36,1.0-1956450-1959456,818.0000,1.0000,1,34,True,1956450.0000,1959456.0000,2171.9999,2.1720
1,1982.5159,1958.6749,1958674.8999,36,1.0-1956450-1959456,818.0000,1.0000,1,34,True,1956450.0000,1959456.0000,2224.8999,2.2249
1,1982.6303,1958.7893,1958789.2999,36,1.0-1956450-1959456,818.0000,1.0000,1,34,True,1956450.0000,1959456.0000,2339.2999,2.3393
1,1982.6537,1958.8127,1958812.6999,36,1.0-1956450-1959456,818.0000,1.0000,1,34,True,1956450.0000,1959456.0000,2362.6999,2.3627
1,1982.6627,1958.8217,1958821.6999,36,1.0-1956450-1959456,818.0000,1.0000,1,34,True,1956450.0000,1959456.0000,2371.6999,2.3717
1,1982.6682,1958.8272,1958827.1999,36,1.0-1956450-1959456,818.0000,1.0000,1,34,True,1956450.0000,1959456.0000,2377.1999,2.3772
1,1982.6938,1958.8528,1958852.7999,36,1.0-1956450-1959456,818.0000,1.0000,1,34,True,1956450.0000,1959456.0000,2402.7999,2.4028
1,1982.7494,1958.9084,1958908.3999,36,1.0-1956450-1959456,818.0000,1.0000,1,34,True,1956450.0000,1959456.0000,2458.3999,2.4584
1,1982.7795,1958.9385,1958938.4999,36,1.0-1956450-1959456,818.0000,1.0000,1,34,True,1956450.0000,1959456.0000,2488.4999,2.4885
1,1982.8148,1958.9738,1958973.7999,36,1.0-1956450-1959456,818.0000,1.0000,1,34,True,1956450.0000,1959456.0000,2523.7999,2.5238
1,1982.8609,1959.0199,1959019.8999,36,1.0-1956450-1959456,818.0000,1.0000,1,34,True,1956450.0000,1959456.0000,2569.8999,2.5699
1,1982.9364,1959.0954,1959095.3999,36,1.0-1956450-1959456,818.0000,1.0000,1,34,True,1956450.0000,1959456.0000,2645.3999,2.6454
1,1983.0657,1959.2247,1959224.6999,36,1.0-1956450-1959456,818.0000,1.0000,1,34,True,1956450.0000,1959456.0000,2774.6999,2.7747
1,1983.1025,1959.2615,1959261.4999,36,1.0-1956450-1959456,818.0000,1.0000,1,34,True,1956450.0000,1959456.0000,2811.4999,2.8115
1,1983.2212,1959.3802,1959380.1999,36,1.0-1956450-1959456,818.0000,1.0000,1,34,True,1956450.0000,1959456.0000,2930.1999,2.9302
1,2454.4308,2430.5898,2430589.7999,37,1.0-2430584-2432588,999.0000,1.0000,1,35,True,2430584.0000,2432588.0000,5.7999,0.0058
1,2454.4345,2430.5935,2430593.4999,37,1.0-2430584-2432588,999.0000,1.0000,1,35,True,2430584.0000,2432588.0000,9.4999,0.0095
1,2454.5311,2430.6901,2430690.0999,37,1.0-2430584-2432588,999.0000,1.0000,1,35,True,2430584.0000,2432588.0000,106.0999,0.1061
1,2454.5558,2430.7148,2430714.7999,37,1.0-2430584-2432588,999.0000,1.0000,1,35,True,2430584.0000,2432588.0000,130.7999,0.1308
1,2454.6018,2430.7608,2430760.7999,37,1.0-2430584-2432588,999.0000,1.0000,1,35,True,2430584.0000,2432588.0000,176.7999,0.1768
1,2454.6070,2430.7660,2430765.9999,37,1.0-2430584-2432588,999.0000,1.0000,1,35,True,2430584.0000,2432588.0000,181.9999,0.1820
1,2454.6395,2430.7985,2430798.4999,37,1.0-2430584-2432588,999.0000,1.0000,1,35,True,2430584.0000,2432588.0000,214.4999,0.2145
1,2454.6969,2430.8559,2430855.8999,37,1.0-2430584-2432588,999.0000,1.0000,1,35,True,2430584.0000,2432588.0000,271.8999,0.2719
1,2454.7507,2430.9097,2430909.6999,37,1.0-2430584-2432588,999.0000,1.0000,1,35,True,2430584.0000,2432588.0000,325.6999,0.3257
1,2454.7854,2430.9444,2430944.3999,37,1.0-2430584-2432588,999.0000,1.0000,1,35,True,2430584.0000,2432588.0000,360.3999,0.3604
1,2454.7973,2430.9563,2430956.2999,37,1.0-2430584-2432588,999.0000,1.0000,1,35,True,2430584.0000,2432588.0000,372.2999,0.3723
1,2454.8173,2430.9763,2430976.2999,37,1.0-2430584-2432588,999.0000,1.0000,1,35,True,2430584.0000,2432588.0000,392.2999,0.3923
1,2454.8273,2430.9863,2430986.2999,37,1.0-2430584-2432588,999.0000,1.0000,1,35,True,2430584.0000,2432588.0000,402.2999,0.4023
1,2454.8789,2431.0379,2431037.8999,37,1.0-2430584-2432588,999.0000,1.0000,1,35,True,2430584.0000,2432588.0000,453.8999,0.4539
1,2454.8906,2431.0496,2431049.5999,37,1.0-2430584-2432588,999.0000,1.0000,1,35,True,2430584.0000,2432588.0000,465.5999,0.4656
1,2454.9069,2431.0659,2431065.8999,37,1.0-2430584-2432588,999.0000,1.0000,1,35,True,2430584.0000,2432588.0000,481.8999,0.4819
1,2454.9137,2431.0727,2431072.6999,37,1.0-2430584-2432588,999.0000,1.0000,1,35,True,2430584.0000,2432588.0000,488.6999,0.4887
1,2454.9357,2431.0947,2431094.6999,37,1.0-2430584-2432588,999.0000,1.0000,1,35,True,2430584.0000,2432588.0000,510.6999,0.5107
1,2454.9514,2431.1104,2431110.3999,37,1.0-2430584-2432588,999.0000,1.0000,1,35,True,2430584.0000,2432588.0000,526.3999,0.5264
1,2454.9640,2431.1230,2431122.9999,37,1.0-2430584-2432588,999.0000,1.0000,1,35,True,2430584.0000,2432588.0000,538.9999,0.5390
1,2454.9835,2431.1425,2431142.4999,37,1.0-2430584-2432588,999.0000,1.0000,1,35,True,2430584.0000,2432588.0000,558.4999,0.5585
1,2455.1034,2431.2624,2431262.3999,37,1.0-2430584-2432588,999.0000,1.0000,1,35,True,2430584.0000,2432588.0000,678.3999,0.6784
1,2455.1305,2431.2895,2431289.4999,37,1.0-2430584-2432588,999.0000,1.0000,1,35,True,2430584.0000,2432588.0000,705.4999,0.7055
1,2455.2090,2431.3680,2431367.9999,37,1.0-2430584-2432588,999.0000,1.0000,1,35,True,2430584.0000,2432588.0000,783.9999,0.7840
1,2455.2590,2431.4180,2431417.9999,37,1.0-2430584-2432588,999.0000,1.0000,1,35,True,2430584.0000,2432588.0000,833.9999,0.8340
1,2455.3599,2431.5189,2431518.8999,37,1.0-2430584-2432588,999.0000,1.0000,1,35,True,2430584.0000,2432588.0000,934.8999,0.9349
1,2455.3750,2431.5340,2431533.9999,37,1.0-2430584-2432588,999.0000,1.0000,1,35,True,2430584.0000,2432588.0000,949.9999,0.9500
1,2455.3939,2431.5529,2431552.8999,37,1.0-2430584-2432588,999.0000,1.0000,1,35,True,2430584.0000,2432588.0000,968.8999,0.9689
1,2455.4167,2431.5757,2431575.6999,37,1.0-2430584-2432588,999.0000,1.0000,1,35,True,2430584.0000,2432588.0000,991.6999,0.9917
1,2455.4348,2431.5938,2431593.7999,37,1.0-2430584-2432588,999.0000,1.0000,1,35,True,2430584.0000,2432588.0000,1009.7999,1.0098
1,2455.4364,2431.5954,2431595.3999,37,1.0-2430584-2432588,999.0000,1.0000,1,35,True,2430584.0000,2432588.0000,1011.3999,1.0114
1,2455.4384,2431.5974,2431597.3999,37,1.0-2430584-2432588,999.0000,1.0000,1,35,True,2430584.0000,2432588.0000,1013.3999,1.0134
1,2455.4400,2431.5990,2431598.9999,37,1.0-2430584-2432588,999.0000,1.0000,1,35,True,2430584.0000,2432588.0000,1014.9999,1.0150
1,2455.4437,2431.6027,2431602.6999,37,1.0-2430584-2432588,999.0000,1.0000,1,35,True,2430584.0000,2432588.0000,1018.6999,1.0187
1,2455.5852,2431.7442,2431744.1999,37,1.0-2430584-2432588,999.0000,1.0000,1,35,True,2430584.0000,2432588.0000,1160.1999,1.1602
1,2455.6106,2431.7696,2431769.5999,37,1.0-2430584-2432588,999.0000,1.0000,1,35,True,2430584.0000,2432588.0000,1185.5999,1.1856
1,2455.6831,2431.8421,2431842.0999,37,1.0-2430584-2432588,999.0000,1.0000,1,35,True,2430584.0000,2432588.0000,1258.0999,1.2581
1,2455.6851,2431.8441,2431844.0999,37,1.0-2430584-2432588,999.0000,1.0000,1,35,True,2430584.0000,2432588.0000,1260.0999,1.2601
1,2455.6868,2431.8458,2431845.7999,37,1.0-2430584-2432588,999.0000,1.0000,1,35,True,2430584.0000,2432588.0000,1261.7999,1.2618
1,2455.6887,2431.8477,2431847.6999,37,1.0-2430584-2432588,999.0000,1.0000,1,35,True,2430584.0000,2432588.0000,1263.6999,1.2637
1,2455.6905,2431.8495,2431849.4999,37,1.0-2430584-2432588,999.0000,1.0000,1,35,True,2430584.0000,2432588.0000,1265.4999,1.2655
1,2455.6923,2431.8513,2431851.2999,37,1.0-2430584-2432588,999.0000,1.0000,1,35,True,2430584.0000,2432588.0000,1267.2999,1.2673
1,2455.6942,2431.8532,2431853.1999,37,1.0-2430584-2432588,999.0000,1.0000,1,35,True,2430584.0000,2432588.0000,1269.1999,1.2692
1,2455.6978,2431.8568,2431856.7999,37,1.0-2430584-2432588,999.0000,1.0000,1,35,True,2430584.0000,2432588.0000,1272.7999,1.2728
1,2455.7051,2431.8641,2431864.0999,37,1.0-2430584-2432588,999.0000,1.0000,1,35,True,2430584.0000,2432588.0000,1280.0999,1.2801
1,2455.7070,2431.8660,2431865.9999,37,1.0-2430584-2432588,999.0000,1.0000,1,35,True,2430584.0000,2432588.0000,1281.9999,1.2820
1,2455.7087,2431.8677,2431867.6999,37,1.0-2430584-2432588,999.0000,1.0000,1,35,True,2430584.0000,2432588.0000,1283.6999,1.2837
1,2455.7124,2431.8714,2431871.3999,37,1.0-2430584-2432588,999.0000,1.0000,1,35,True,2430584.0000,2432588.0000,1287.3999,1.2874
1,2455.7162,2431.8752,2431875.1999,37,1.0-2430584-2432588,999.0000,1.0000,1,35,True,2430584.0000,2432588.0000,1291.1999,1.2912
1,2455.7252,2431.8842,2431884.1999,37,1.0-2430584-2432588,999.0000,1.0000,1,35,True,2430584.0000,2432588.0000,1300.1999,1.3002
1,2455.7273,2431.8863,2431886.2999,37,1.0-2430584-2432588,999.0000,1.0000,1,35,True,2430584.0000,2432588.0000,1302.2999,1.3023
1,2455.7310,2431.8900,2431889.9999,37,1.0-2430584-2432588,999.0000,1.0000,1,35,True,2430584.0000,2432588.0000,1305.9999,1.3060
1,2455.7348,2431.8938,2431893.7999,37,1.0-2430584-2432588,999.0000,1.0000,1,35,True,2430584.0000,2432588.0000,1309.7999,1.3098
1,2455.7536,2431.9126,2431912.5999,37,1.0-2430584-2432588,999.0000,1.0000,1,35,True,2430584.0000,2432588.0000,1328.5999,1.3286
1,2455.7650,2431.9240,2431923.9999,37,1.0-2430584-2432588,999.0000,1.0000,1,35,True,2430584.0000,2432588.0000,1339.9999,1.3400
1,2455.7840,2431.9430,2431942.9999,37,1.0-2430584-2432588,999.0000,1.0000,1,35,True,2430584.0000,2432588.0000,1358.9999,1.3590
1,2455.7916,2431.9506,2431950.5999,37,1.0-2430584-2432588,999.0000,1.0000,1,35,True,2430584.0000,2432588.0000,1366.5999,1.3666
1,2455.7953,2431.9543,2431954.2999,37,1.0-2430584-2432588,999.0000,1.0000,1,35,True,2430584.0000,2432588.0000,1370.2999,1.3703
1,2455.8543,2432.0133,2432013.2999,37,1.0-2430584-2432588,999.0000,1.0000,1,35,True,2430584.0000,2432588.0000,1429.2999,1.4293
1,2455.8771,2432.0361,2432036.0999,37,1.0-2430584-2432588,999.0000,1.0000,1,35,True,2430584.0000,2432588.0000,1452.0999,1.4521
1,2455.8955,2432.0545,2432054.4999,37,1.0-2430584-2432588,999.0000,1.0000,1,35,True,2430584.0000,2432588.0000,1470.4999,1.4705
1,2455.8995,2432.0585,2432058.4999,37,1.0-2430584-2432588,999.0000,1.0000,1,35,True,2430584.0000,2432588.0000,1474.4999,1.4745
1,2455.9431,2432.1021,2432102.0999,37,1.0-2430584-2432588,999.0000,1.0000,1,35,True,2430584.0000,2432588.0000,1518.0999,1.5181
1,2455.9525,2432.1115,2432111.4999,37,1.0-2430584-2432588,999.0000,1.0000,1,35,True,2430584.0000,2432588.0000,1527.4999,1.5275
1,2455.9552,2432.1142,2432114.1999,37,1.0-2430584-2432588,999.0000,1.0000,1,35,True,2430584.0000,2432588.0000,1530.1999,1.5302
1,2455.9766,2432.1356,2432135.5999,37,1.0-2430584-2432588,999.0000,1.0000,1,35,True,2430584.0000,2432588.0000,1551.5999,1.5516
1,2455.9915,2432.1505,2432150.4999,37,1.0-2430584-2432588,999.0000,1.0000,1,35,True,2430584.0000,2432588.0000,1566.4999,1.5665
1,2456.0169,2432.1759,2432175.8999,37,1.0-2430584-2432588,999.0000,1.0000,1,35,True,2430584.0000,2432588.0000,1591.8999,1.5919
1,2456.0516,2432.2106,2432210.5999,37,1.0-2430584-2432588,999.0000,1.0000,1,35,True,2430584.0000,2432588.0000,1626.5999,1.6266
1,2456.0880,2432.2470,2432246.9999,37,1.0-2430584-2432588,999.0000,1.0000,1,35,True,2430584.0000,2432588.0000,1662.9999,1.6630
1,2456.1102,2432.2692,2432269.1999,37,1.0-2430584-2432588,999.0000,1.0000,1,35,True,2430584.0000,2432588.0000,1685.1999,1.6852
1,2456.1528,2432.3118,2432311.7999,37,1.0-2430584-2432588,999.0000,1.0000,1,35,True,2430584.0000,2432588.0000,1727.7999,1.7278
1,2456.2156,2432.3746,2432374.5999,37,1.0-2430584-2432588,999.0000,1.0000,1,35,True,2430584.0000,2432588.0000,1790.5999,1.7906
1,2456.2186,2432.3776,2432377.5999,37,1.0-2430584-2432588,999.0000,1.0000,1,35,True,2430584.0000,2432588.0000,1793.5999,1.7936
1,2456.2228,2432.3818,2432381.7999,37,1.0-2430584-2432588,999.0000,1.0000,1,35,True,2430584.0000,2432588.0000,1797.7999,1.7978
1,2456.2426,2432.4016,2432401.5999,37,1.0-2430584-2432588,999.0000,1.0000,1,35,True,2430584.0000,2432588.0000,1817.5999,1.8176
1,2416.3744,2392.5334,2392533.3999,38,1.0-2392509-2395515,981.0000,1.0000,1,36,True,2392509.0000,2395515.0000,24.3999,0.0244
1,2416.4420,2392.6010,2392600.9999,38,1.0-2392509-2395515,981.0000,1.0000,1,36,True,2392509.0000,2395515.0000,91.9999,0.0920
1,2416.5158,2392.6748,2392674.7999,38,1.0-2392509-2395515,981.0000,1.0000,1,36,True,2392509.0000,2395515.0000,165.7999,0.1658
1,2416.5399,2392.6989,2392698.8999,38,1.0-2392509-2395515,981.0000,1.0000,1,36,True,2392509.0000,2395515.0000,189.8999,0.1899
1,2416.6171,2392.7761,2392776.0999,38,1.0-2392509-2395515,981.0000,1.0000,1,36,True,2392509.0000,2395515.0000,267.0999,0.2671
1,2416.6732,2392.8322,2392832.1999,38,1.0-2392509-2395515,981.0000,1.0000,1,36,True,2392509.0000,2395515.0000,323.1999,0.3232
1,2416.7216,2392.8806,2392880.5999,38,1.0-2392509-2395515,981.0000,1.0000,1,36,True,2392509.0000,2395515.0000,371.5999,0.3716
1,2416.7840,2392.9430,2392942.9999,38,1.0-2392509-2395515,981.0000,1.0000,1,36,True,2392509.0000,2395515.0000,433.9999,0.4340
1,2416.8116,2392.9706,2392970.5999,38,1.0-2392509-2395515,981.0000,1.0000,1,36,True,2392509.0000,2395515.0000,461.5999,0.4616
1,2416.8357,2392.9947,2392994.6999,38,1.0-2392509-2395515,981.0000,1.0000,1,36,True,2392509.0000,2395515.0000,485.6999,0.4857
1,2416.8817,2393.0407,2393040.6999,38,1.0-2392509-2395515,981.0000,1.0000,1,36,True,2392509.0000,2395515.0000,531.6999,0.5317
1,2416.9282,2393.0872,2393087.1999,38,1.0-2392509-2395515,981.0000,1.0000,1,36,True,2392509.0000,2395515.0000,578.1999,0.5782
1,2416.9396,2393.0986,2393098.5999,38,1.0-2392509-2395515,981.0000,1.0000,1,36,True,2392509.0000,2395515.0000,589.5999,0.5896
1,2416.9882,2393.1472,2393147.1999,38,1.0-2392509-2395515,981.0000,1.0000,1,36,True,2392509.0000,2395515.0000,638.1999,0.6382
1,2417.0042,2393.1632,2393163.1999,38,1.0-2392509-2395515,981.0000,1.0000,1,36,True,2392509.0000,2395515.0000,654.1999,0.6542
1,2417.0494,2393.2084,2393208.3999,38,1.0-2392509-2395515,981.0000,1.0000,1,36,True,2392509.0000,2395515.0000,699.3999,0.6994
1,2417.0518,2393.2108,2393210.7999,38,1.0-2392509-2395515,981.0000,1.0000,1,36,True,2392509.0000,2395515.0000,701.7999,0.7018
1,2417.0660,2393.2250,2393224.9999,38,1.0-2392509-2395515,981.0000,1.0000,1,36,True,2392509.0000,2395515.0000,715.9999,0.7160
1,2417.1009,2393.2599,2393259.8999,38,1.0-2392509-2395515,981.0000,1.0000,1,36,True,2392509.0000,2395515.0000,750.8999,0.7509
1,2417.1076,2393.2666,2393266.5999,38,1.0-2392509-2395515,981.0000,1.0000,1,36,True,2392509.0000,2395515.0000,757.5999,0.7576
1,2417.1227,2393.2817,2393281.6999,38,1.0-2392509-2395515,981.0000,1.0000,1,36,True,2392509.0000,2395515.0000,772.6999,0.7727
1,2417.1319,2393.2909,2393290.8999,38,1.0-2392509-2395515,981.0000,1.0000,1,36,True,2392509.0000,2395515.0000,781.8999,0.7819
1,2417.1513,2393.3103,2393310.2999,38,1.0-2392509-2395515,981.0000,1.0000,1,36,True,2392509.0000,2395515.0000,801.2999,0.8013
1,2417.1539,2393.3129,2393312.8999,38,1.0-2392509-2395515,981.0000,1.0000,1,36,True,2392509.0000,2395515.0000,803.8999,0.8039
1,2417.1758,2393.3348,2393334.7999,38,1.0-2392509-2395515,981.0000,1.0000,1,36,True,2392509.0000,2395515.0000,825.7999,0.8258
1,2417.2230,2393.3820,2393381.9999,38,1.0-2392509-2395515,981.0000,1.0000,1,36,True,2392509.0000,2395515.0000,872.9999,0.8730
1,2417.2429,2393.4019,2393401.8999,38,1.0-2392509-2395515,981.0000,1.0000,1,36,True,2392509.0000,2395515.0000,892.8999,0.8929
1,2417.2669,2393.4259,2393425.8999,38,1.0-2392509-2395515,981.0000,1.0000,1,36,True,2392509.0000,2395515.0000,916.8999,0.9169
1,2417.2847,2393.4437,2393443.6999,38,1.0-2392509-2395515,981.0000,1.0000,1,36,True,2392509.0000,2395515.0000,934.6999,0.9347
1,2417.2883,2393.4473,2393447.2999,38,1.0-2392509-2395515,981.0000,1.0000,1,36,True,2392509.0000,2395515.0000,938.2999,0.9383
1,2417.3318,2393.4908,2393490.7999,38,1.0-2392509-2395515,981.0000,1.0000,1,36,True,2392509.0000,2395515.0000,981.7999,0.9818
1,2417.3451,2393.5041,2393504.0999,38,1.0-2392509-2395515,981.0000,1.0000,1,36,True,2392509.0000,2395515.0000,995.0999,0.9951
1,2417.4731,2393.6321,2393632.0999,38,1.0-2392509-2395515,981.0000,1.0000,1,36,True,2392509.0000,2395515.0000,1123.0999,1.1231
1,2417.5020,2393.6610,2393660.9999,38,1.0-2392509-2395515,981.0000,1.0000,1,36,True,2392509.0000,2395515.0000,1151.9999,1.1520
1,2417.5779,2393.7369,2393736.8999,38,1.0-2392509-2395515,981.0000,1.0000,1,36,True,2392509.0000,2395515.0000,1227.8999,1.2279
1,2417.6646,2393.8236,2393823.5999,38,1.0-2392509-2395515,981.0000,1.0000,1,36,True,2392509.0000,2395515.0000,1314.5999,1.3146
1,2417.7244,2393.8834,2393883.3999,38,1.0-2392509-2395515,981.0000,1.0000,1,36,True,2392509.0000,2395515.0000,1374.3999,1.3744
1,2417.7409,2393.8999,2393899.8999,38,1.0-2392509-2395515,981.0000,1.0000,1,36,True,2392509.0000,2395515.0000,1390.8999,1.3909
1,2417.8154,2393.9744,2393974.3999,38,1.0-2392509-2395515,981.0000,1.0000,1,36,True,2392509.0000,2395515.0000,1465.3999,1.4654
1,2417.8287,2393.9877,2393987.6999,38,1.0-2392509-2395515,981.0000,1.0000,1,36,True,2392509.0000,2395515.0000,1478.6999,1.4787
1,2417.8315,2393.9905,2393990.4999,38,1.0-2392509-2395515,981.0000,1.0000,1,36,True,2392509.0000,2395515.0000,1481.4999,1.4815
1,2417.8570,2394.0160,2394015.9999,38,1.0-2392509-2395515,981.0000,1.0000,1,36,True,2392509.0000,2395515.0000,1506.9999,1.5070
1,2417.8716,2394.0306,2394030.5999,38,1.0-2392509-2395515,981.0000,1.0000,1,36,True,2392509.0000,2395515.0000,1521.5999,1.5216
1,2417.9232,2394.0822,2394082.1999,38,1.0-2392509-2395515,981.0000,1.0000,1,36,True,2392509.0000,2395515.0000,1573.1999,1.5732
1,2417.9258,2394.0848,2394084.7999,38,1.0-2392509-2395515,981.0000,1.0000,1,36,True,2392509.0000,2395515.0000,1575.7999,1.5758
1,2417.9547,2394.1137,2394113.6999,38,1.0-2392509-2395515,981.0000,1.0000,1,36,True,2392509.0000,2395515.0000,1604.6999,1.6047
1,2417.9705,2394.1295,2394129.4999,38,1.0-2392509-2395515,981.0000,1.0000,1,36,True,2392509.0000,2395515.0000,1620.4999,1.6205
1,2417.9940,2394.1530,2394152.9999,38,1.0-2392509-2395515,981.0000,1.0000,1,36,True,2392509.0000,2395515.0000,1643.9999,1.6440
1,2418.0039,2394.1629,2394162.8999,38,1.0-2392509-2395515,981.0000,1.0000,1,36,True,2392509.0000,2395515.0000,1653.8999,1.6539
1,2418.0730,2394.2320,2394231.9999,38,1.0-2392509-2395515,981.0000,1.0000,1,36,True,2392509.0000,2395515.0000,1722.9999,1.7230
1,2418.0854,2394.2444,2394244.3999,38,1.0-2392509-2395515,981.0000,1.0000,1,36,True,2392509.0000,2395515.0000,1735.3999,1.7354
1,2418.1486,2394.3076,2394307.5999,38,1.0-2392509-2395515,981.0000,1.0000,1,36,True,2392509.0000,2395515.0000,1798.5999,1.7986
1,2418.1944,2394.3534,2394353.3999,38,1.0-2392509-2395515,981.0000,1.0000,1,36,True,2392509.0000,2395515.0000,1844.3999,1.8444
1,2418.2274,2394.3864,2394386.3999,38,1.0-2392509-2395515,981.0000,1.0000,1,36,True,2392509.0000,2395515.0000,1877.3999,1.8774
1,2418.2646,2394.4236,2394423.5999,38,1.0-2392509-2395515,981.0000,1.0000,1,36,True,2392509.0000,2395515.0000,1914.5999,1.9146
1,2418.2786,2394.4376,2394437.5999,38,1.0-2392509-2395515,981.0000,1.0000,1,36,True,2392509.0000,2395515.0000,1928.5999,1.9286
1,2418.3354,2394.4944,2394494.3999,38,1.0-2392509-2395515,981.0000,1.0000,1,36,True,2392509.0000,2395515.0000,1985.3999,1.9854
1,2418.3876,2394.5466,2394546.5999,38,1.0-2392509-2395515,981.0000,1.0000,1,36,True,2392509.0000,2395515.0000,2037.5999,2.0376
1,2418.4828,2394.6418,2394641.7999,38,1.0-2392509-2395515,981.0000,1.0000,1,36,True,2392509.0000,2395515.0000,2132.7999,2.1328
1,2418.5245,2394.6835,2394683.4999,38,1.0-2392509-2395515,981.0000,1.0000,1,36,True,2392509.0000,2395515.0000,2174.4999,2.1745
1,2418.5459,2394.7049,2394704.8999,38,1.0-2392509-2395515,981.0000,1.0000,1,36,True,2392509.0000,2395515.0000,2195.8999,2.1959
1,2418.5941,2394.7531,2394753.0999,38,1.0-2392509-2395515,981.0000,1.0000,1,36,True,2392509.0000,2395515.0000,2244.0999,2.2441
1,2418.6292,2394.7882,2394788.1999,38,1.0-2392509-2395515,981.0000,1.0000,1,36,True,2392509.0000,2395515.0000,2279.1999,2.2792
1,2418.6472,2394.8062,2394806.1999,38,1.0-2392509-2395515,981.0000,1.0000,1,36,True,2392509.0000,2395515.0000,2297.1999,2.2972
1,2418.6710,2394.8300,2394829.9999,38,1.0-2392509-2395515,981.0000,1.0000,1,36,True,2392509.0000,2395515.0000,2320.9999,2.3210
1,2418.7975,2394.9565,2394956.4999,38,1.0-2392509-2395515,981.0000,1.0000,1,36,True,2392509.0000,2395515.0000,2447.4999,2.4475
1,2418.8125,2394.9715,2394971.4999,38,1.0-2392509-2395515,981.0000,1.0000,1,36,True,2392509.0000,2395515.0000,2462.4999,2.4625
1,2418.8191,2394.9781,2394978.0999,38,1.0-2392509-2395515,981.0000,1.0000,1,36,True,2392509.0000,2395515.0000,2469.0999,2.4691
1,2418.8352,2394.9942,2394994.1999,38,1.0-2392509-2395515,981.0000,1.0000,1,36,True,2392509.0000,2395515.0000,2485.1999,2.4852
1,2418.9798,2395.1388,2395138.7999,38,1.0-2392509-2395515,981.0000,1.0000,1,36,True,2392509.0000,2395515.0000,2629.7999,2.6298
1,2418.9952,2395.1542,2395154.1999,38,1.0-2392509-2395515,981.0000,1.0000,1,36,True,2392509.0000,2395515.0000,2645.1999,2.6452
1,2419.0589,2395.2179,2395217.8999,38,1.0-2392509-2395515,981.0000,1.0000,1,36,True,2392509.0000,2395515.0000,2708.8999,2.7089
1,2419.0836,2395.2426,2395242.5999,38,1.0-2392509-2395515,981.0000,1.0000,1,36,True,2392509.0000,2395515.0000,2733.5999,2.7336
1,2419.1393,2395.2983,2395298.2999,38,1.0-2392509-2395515,981.0000,1.0000,1,36,True,2392509.0000,2395515.0000,2789.2999,2.7893
1,2419.2201,2395.3791,2395379.0999,38,1.0-2392509-2395515,981.0000,1.0000,1,36,True,2392509.0000,2395515.0000,2870.0999,2.8701
1,2419.2598,2395.4188,2395418.7999,38,1.0-2392509-2395515,981.0000,1.0000,1,36,True,2392509.0000,2395515.0000,2909.7999,2.9098
1,2419.2833,2395.4423,2395442.2999,38,1.0-2392509-2395515,981.0000,1.0000,1,36,True,2392509.0000,2395515.0000,2933.2999,2.9333
1,2419.3349,2395.4939,2395493.8999,38,1.0-2392509-2395515,981.0000,1.0000,1,36,True,2392509.0000,2395515.0000,2984.8999,2.9849
1,1219.1495,1195.3085,1195308.4999,39,1.0-1195286-1197991,492.0000,1.0000,0,69,True,1195286.0000,1197991.0000,22.4999,0.0225
1,1219.2004,1195.3594,1195359.3999,39,1.0-1195286-1197991,492.0000,1.0000,0,69,True,1195286.0000,1197991.0000,73.3999,0.0734
1,1219.2496,1195.4086,1195408.5999,39,1.0-1195286-1197991,492.0000,1.0000,0,69,True,1195286.0000,1197991.0000,122.5999,0.1226
1,1219.3063,1195.4653,1195465.2999,39,1.0-1195286-1197991,492.0000,1.0000,0,69,True,1195286.0000,1197991.0000,179.2999,0.1793
1,1219.4816,1195.6406,1195640.5999,39,1.0-1195286-1197991,492.0000,1.0000,0,69,True,1195286.0000,1197991.0000,354.5999,0.3546
1,1219.5593,1195.7183,1195718.2999,39,1.0-1195286-1197991,492.0000,1.0000,0,69,True,1195286.0000,1197991.0000,432.2999,0.4323
1,1219.6811,1195.8401,1195840.0999,39,1.0-1195286-1197991,492.0000,1.0000,0,69,True,1195286.0000,1197991.0000,554.0999,0.5541
1,1219.8318,1195.9908,1195990.7999,39,1.0-1195286-1197991,492.0000,1.0000,0,69,True,1195286.0000,1197991.0000,704.7999,0.7048
1,1219.8530,1196.0120,1196011.9999,39,1.0-1195286-1197991,492.0000,1.0000,0,69,True,1195286.0000,1197991.0000,725.9999,0.7260
1,1220.0087,1196.1677,1196167.6999,39,1.0-1195286-1197991,492.0000,1.0000,0,69,True,1195286.0000,1197991.0000,881.6999,0.8817
1,1220.0589,1196.2179,1196217.8999,39,1.0-1195286-1197991,492.0000,1.0000,0,69,True,1195286.0000,1197991.0000,931.8999,0.9319
1,1220.1024,1196.2614,1196261.3999,39,1.0-1195286-1197991,492.0000,1.0000,0,69,True,1195286.0000,1197991.0000,975.3999,0.9754
1,1220.1124,1196.2714,1196271.3999,39,1.0-1195286-1197991,492.0000,1.0000,0,69,True,1195286.0000,1197991.0000,985.3999,0.9854
1,1220.2650,1196.4240,1196423.9999,39,1.0-1195286-1197991,492.0000,1.0000,0,69,True,1195286.0000,1197991.0000,1137.9999,1.1380
1,1220.4555,1196.6145,1196614.4999,39,1.0-1195286-1197991,492.0000,1.0000,0,69,True,1195286.0000,1197991.0000,1328.4999,1.3285
1,1220.5890,1196.7480,1196747.9999,39,1.0-1195286-1197991,492.0000,1.0000,0,69,True,1195286.0000,1197991.0000,1461.9999,1.4620
1,1220.6399,1196.7989,1196798.8999,39,1.0-1195286-1197991,492.0000,1.0000,0,69,True,1195286.0000,1197991.0000,1512.8999,1.5129
1,1220.7231,1196.8821,1196882.0999,39,1.0-1195286-1197991,492.0000,1.0000,0,69,True,1195286.0000,1197991.0000,1596.0999,1.5961
1,1220.8072,1196.9662,1196966.1999,39,1.0-1195286-1197991,492.0000,1.0000,0,69,True,1195286.0000,1197991.0000,1680.1999,1.6802
1,1220.8402,1196.9992,1196999.1999,39,1.0-1195286-1197991,492.0000,1.0000,0,69,True,1195286.0000,1197991.0000,1713.1999,1.7132
1,1220.8927,1197.0517,1197051.6999,39,1.0-1195286-1197991,492.0000,1.0000,0,69,True,1195286.0000,1197991.0000,1765.6999,1.7657
1,1220.9854,1197.1444,1197144.3999,39,1.0-1195286-1197991,492.0000,1.0000,0,69,True,1195286.0000,1197991.0000,1858.3999,1.8584
1,1221.0035,1197.1625,1197162.4999,39,1.0-1195286-1197991,492.0000,1.0000,0,69,True,1195286.0000,1197991.0000,1876.4999,1.8765
1,1221.1287,1197.2877,1197287.6999,39,1.0-1195286-1197991,492.0000,1.0000,0,69,True,1195286.0000,1197991.0000,2001.6999,2.0017
1,1221.2984,1197.4574,1197457.3999,39,1.0-1195286-1197991,492.0000,1.0000,0,69,True,1195286.0000,1197991.0000,2171.3999,2.1714
1,1221.3287,1197.4877,1197487.6999,39,1.0-1195286-1197991,492.0000,1.0000,0,69,True,1195286.0000,1197991.0000,2201.6999,2.2017
1,1221.3415,1197.5005,1197500.4999,39,1.0-1195286-1197991,492.0000,1.0000,0,69,True,1195286.0000,1197991.0000,2214.4999,2.2145
1,1221.3738,1197.5328,1197532.7999,39,1.0-1195286-1197991,492.0000,1.0000,0,69,True,1195286.0000,1197991.0000,2246.7999,2.2468
1,1221.4367,1197.5957,1197595.6999,39,1.0-1195286-1197991,492.0000,1.0000,0,69,True,1195286.0000,1197991.0000,2309.6999,2.3097
1,1221.4395,1197.5985,1197598.4999,39,1.0-1195286-1197991,492.0000,1.0000,0,69,True,1195286.0000,1197991.0000,2312.4999,2.3125
1,1221.5045,1197.6635,1197663.4999,39,1.0-1195286-1197991,492.0000,1.0000,0,69,True,1195286.0000,1197991.0000,2377.4999,2.3775
1,1221.5083,1197.6673,1197667.2999,39,1.0-1195286-1197991,492.0000,1.0000,0,69,True,1195286.0000,1197991.0000,2381.2999,2.3813
1,1221.6150,1197.7740,1197773.9999,39,1.0-1195286-1197991,492.0000,1.0000,0,69,True,1195286.0000,1197991.0000,2487.9999,2.4880
1,1221.6452,1197.8042,1197804.1999,39,1.0-1195286-1197991,492.0000,1.0000,0,69,True,1195286.0000,1197991.0000,2518.1999,2.5182
1,1221.6728,1197.8318,1197831.7999,39,1.0-1195286-1197991,492.0000,1.0000,0,69,True,1195286.0000,1197991.0000,2545.7999,2.5458
1,1221.7363,1197.8953,1197895.2999,39,1.0-1195286-1197991,492.0000,1.0000,0,69,True,1195286.0000,1197991.0000,2609.2999,2.6093
1,1221.8051,1197.9641,1197964.0999,39,1.0-1195286-1197991,492.0000,1.0000,0,69,True,1195286.0000,1197991.0000,2678.0999,2.6781
1,1859.7862,1835.9452,1835945.1999,40,1.0-1835746-1837450,758.0000,1.0000,1,37,True,1835746.0000,1837450.0000,199.1999,0.1992
1,1859.8738,1836.0328,1836032.7999,40,1.0-1835746-1837450,758.0000,1.0000,1,37,True,1835746.0000,1837450.0000,286.7999,0.2868
1,1859.9043,1836.0633,1836063.2999,40,1.0-1835746-1837450,758.0000,1.0000,1,37,True,1835746.0000,1837450.0000,317.2999,0.3173
1,1859.9544,1836.1134,1836113.3999,40,1.0-1835746-1837450,758.0000,1.0000,1,37,True,1835746.0000,1837450.0000,367.3999,0.3674
1,1860.0425,1836.2015,1836201.4999,40,1.0-1835746-1837450,758.0000,1.0000,1,37,True,1835746.0000,1837450.0000,455.4999,0.4555
1,1860.0515,1836.2105,1836210.4999,40,1.0-1835746-1837450,758.0000,1.0000,1,37,True,1835746.0000,1837450.0000,464.4999,0.4645
1,1860.0628,1836.2218,1836221.7999,40,1.0-1835746-1837450,758.0000,1.0000,1,37,True,1835746.0000,1837450.0000,475.7999,0.4758
1,1860.0833,1836.2423,1836242.2999,40,1.0-1835746-1837450,758.0000,1.0000,1,37,True,1835746.0000,1837450.0000,496.2999,0.4963
1,1860.0855,1836.2445,1836244.4999,40,1.0-1835746-1837450,758.0000,1.0000,1,37,True,1835746.0000,1837450.0000,498.4999,0.4985
1,1860.1731,1836.3321,1836332.0999,40,1.0-1835746-1837450,758.0000,1.0000,1,37,True,1835746.0000,1837450.0000,586.0999,0.5861
1,1860.2713,1836.4303,1836430.2999,40,1.0-1835746-1837450,758.0000,1.0000,1,37,True,1835746.0000,1837450.0000,684.2999,0.6843
1,1860.3001,1836.4591,1836459.0999,40,1.0-1835746-1837450,758.0000,1.0000,1,37,True,1835746.0000,1837450.0000,713.0999,0.7131
1,1860.3153,1836.4743,1836474.2999,40,1.0-1835746-1837450,758.0000,1.0000,1,37,True,1835746.0000,1837450.0000,728.2999,0.7283
1,1860.3893,1836.5483,1836548.2999,40,1.0-1835746-1837450,758.0000,1.0000,1,37,True,1835746.0000,1837450.0000,802.2999,0.8023
1,1860.3956,1836.5546,1836554.5999,40,1.0-1835746-1837450,758.0000,1.0000,1,37,True,1835746.0000,1837450.0000,808.5999,0.8086
1,1860.4544,1836.6134,1836613.3999,40,1.0-1835746-1837450,758.0000,1.0000,1,37,True,1835746.0000,1837450.0000,867.3999,0.8674
1,1860.4657,1836.6247,1836624.6999,40,1.0-1835746-1837450,758.0000,1.0000,1,37,True,1835746.0000,1837450.0000,878.6999,0.8787
1,1860.4722,1836.6312,1836631.1999,40,1.0-1835746-1837450,758.0000,1.0000,1,37,True,1835746.0000,1837450.0000,885.1999,0.8852
1,1860.4964,1836.6554,1836655.3999,40,1.0-1835746-1837450,758.0000,1.0000,1,37,True,1835746.0000,1837450.0000,909.3999,0.9094
1,1860.5406,1836.6996,1836699.5999,40,1.0-1835746-1837450,758.0000,1.0000,1,37,True,1835746.0000,1837450.0000,953.5999,0.9536
1,1860.5780,1836.7370,1836736.9999,40,1.0-1835746-1837450,758.0000,1.0000,1,37,True,1835746.0000,1837450.0000,990.9999,0.9910
1,1860.5905,1836.7495,1836749.4999,40,1.0-1835746-1837450,758.0000,1.0000,1,37,True,1835746.0000,1837450.0000,1003.4999,1.0035
1,1860.6173,1836.7763,1836776.2999,40,1.0-1835746-1837450,758.0000,1.0000,1,37,True,1835746.0000,1837450.0000,1030.2999,1.0303
1,1860.6238,1836.7828,1836782.7999,40,1.0-1835746-1837450,758.0000,1.0000,1,37,True,1835746.0000,1837450.0000,1036.7999,1.0368
1,1860.6723,1836.8313,1836831.2999,40,1.0-1835746-1837450,758.0000,1.0000,1,37,True,1835746.0000,1837450.0000,1085.2999,1.0853
1,1860.6780,1836.8370,1836836.9999,40,1.0-1835746-1837450,758.0000,1.0000,1,37,True,1835746.0000,1837450.0000,1090.9999,1.0910
1,1860.8603,1837.0193,1837019.2999,40,1.0-1835746-1837450,758.0000,1.0000,1,37,True,1835746.0000,1837450.0000,1273.2999,1.2733
1,1860.9048,1837.0638,1837063.7999,40,1.0-1835746-1837450,758.0000,1.0000,1,37,True,1835746.0000,1837450.0000,1317.7999,1.3178
1,1861.0623,1837.2213,1837221.2999,40,1.0-1835746-1837450,758.0000,1.0000,1,37,True,1835746.0000,1837450.0000,1475.2999,1.4753
1,1861.2123,1837.3713,1837371.2999,40,1.0-1835746-1837450,758.0000,1.0000,1,37,True,1835746.0000,1837450.0000,1625.2999,1.6253
1,77.4958,53.6548,53654.7999,41,1.0-53639-55643,28.0000,1.0000,1,38,True,53639.0000,55643.0000,15.7999,0.0158
1,77.5150,53.6740,53673.9999,41,1.0-53639-55643,28.0000,1.0000,1,38,True,53639.0000,55643.0000,34.9999,0.0350
1,77.5612,53.7202,53720.1999,41,1.0-53639-55643,28.0000,1.0000,1,38,True,53639.0000,55643.0000,81.1999,0.0812
1,77.5658,53.7248,53724.7999,41,1.0-53639-55643,28.0000,1.0000,1,38,True,53639.0000,55643.0000,85.7999,0.0858
1,77.5932,53.7522,53752.1999,41,1.0-53639-55643,28.0000,1.0000,1,38,True,53639.0000,55643.0000,113.1999,0.1132
1,77.5968,53.7558,53755.7999,41,1.0-53639-55643,28.0000,1.0000,1,38,True,53639.0000,55643.0000,116.7999,0.1168
1,77.6389,53.7979,53797.8999,41,1.0-53639-55643,28.0000,1.0000,1,38,True,53639.0000,55643.0000,158.8999,0.1589
1,77.6588,53.8178,53817.7999,41,1.0-53639-55643,28.0000,1.0000,1,38,True,53639.0000,55643.0000,178.7999,0.1788
1,77.6817,53.8407,53840.6999,41,1.0-53639-55643,28.0000,1.0000,1,38,True,53639.0000,55643.0000,201.6999,0.2017
1,77.6942,53.8532,53853.1999,41,1.0-53639-55643,28.0000,1.0000,1,38,True,53639.0000,55643.0000,214.1999,0.2142
1,77.7127,53.8717,53871.6999,41,1.0-53639-55643,28.0000,1.0000,1,38,True,53639.0000,55643.0000,232.6999,0.2327
1,77.7225,53.8815,53881.4999,41,1.0-53639-55643,28.0000,1.0000,1,38,True,53639.0000,55643.0000,242.4999,0.2425
1,77.7605,53.9195,53919.4999,41,1.0-53639-55643,28.0000,1.0000,1,38,True,53639.0000,55643.0000,280.4999,0.2805
1,77.7677,53.9267,53926.6999,41,1.0-53639-55643,28.0000,1.0000,1,38,True,53639.0000,55643.0000,287.6999,0.2877
1,77.8112,53.9702,53970.1999,41,1.0-53639-55643,28.0000,1.0000,1,38,True,53639.0000,55643.0000,331.1999,0.3312
1,77.8525,54.0115,54011.4999,41,1.0-53639-55643,28.0000,1.0000,1,38,True,53639.0000,55643.0000,372.4999,0.3725
1,77.8762,54.0352,54035.1999,41,1.0-53639-55643,28.0000,1.0000,1,38,True,53639.0000,55643.0000,396.1999,0.3962
1,77.8950,54.0540,54053.9999,41,1.0-53639-55643,28.0000,1.0000,1,38,True,53639.0000,55643.0000,414.9999,0.4150
1,77.9158,54.0748,54074.7999,41,1.0-53639-55643,28.0000,1.0000,1,38,True,53639.0000,55643.0000,435.7999,0.4358
1,77.9757,54.1347,54134.6999,41,1.0-53639-55643,28.0000,1.0000,1,38,True,53639.0000,55643.0000,495.6999,0.4957
1,77.9910,54.1500,54149.9999,41,1.0-53639-55643,28.0000,1.0000,1,38,True,53639.0000,55643.0000,510.9999,0.5110
1,78.0078,54.1668,54166.7999,41,1.0-53639-55643,28.0000,1.0000,1,38,True,53639.0000,55643.0000,527.7999,0.5278
1,78.0492,54.2082,54208.1999,41,1.0-53639-55643,28.0000,1.0000,1,38,True,53639.0000,55643.0000,569.1999,0.5692
1,78.0519,54.2109,54210.8999,41,1.0-53639-55643,28.0000,1.0000,1,38,True,53639.0000,55643.0000,571.8999,0.5719
1,78.1142,54.2732,54273.1999,41,1.0-53639-55643,28.0000,1.0000,1,38,True,53639.0000,55643.0000,634.1999,0.6342
1,78.1361,54.2951,54295.0999,41,1.0-53639-55643,28.0000,1.0000,1,38,True,53639.0000,55643.0000,656.0999,0.6561
1,78.1483,54.3073,54307.2999,41,1.0-53639-55643,28.0000,1.0000,1,38,True,53639.0000,55643.0000,668.2999,0.6683
1,78.1723,54.3313,54331.2999,41,1.0-53639-55643,28.0000,1.0000,1,38,True,53639.0000,55643.0000,692.2999,0.6923
1,78.3104,54.4694,54469.3999,41,1.0-53639-55643,28.0000,1.0000,1,38,True,53639.0000,55643.0000,830.3999,0.8304
1,78.3374,54.4964,54496.3999,41,1.0-53639-55643,28.0000,1.0000,1,38,True,53639.0000,55643.0000,857.3999,0.8574
1,78.3412,54.5002,54500.1999,41,1.0-53639-55643,28.0000,1.0000,1,38,True,53639.0000,55643.0000,861.1999,0.8612
1,78.3775,54.5365,54536.4999,41,1.0-53639-55643,28.0000,1.0000,1,38,True,53639.0000,55643.0000,897.4999,0.8975
1,78.3922,54.5512,54551.1999,41,1.0-53639-55643,28.0000,1.0000,1,38,True,53639.0000,55643.0000,912.1999,0.9122
1,78.4150,54.5740,54573.9999,41,1.0-53639-55643,28.0000,1.0000,1,38,True,53639.0000,55643.0000,934.9999,0.9350
1,78.4283,54.5873,54587.2999,41,1.0-53639-55643,28.0000,1.0000,1,38,True,53639.0000,55643.0000,948.2999,0.9483
1,78.4342,54.5932,54593.1999,41,1.0-53639-55643,28.0000,1.0000,1,38,True,53639.0000,55643.0000,954.1999,0.9542
1,78.4456,54.6046,54604.5999,41,1.0-53639-55643,28.0000,1.0000,1,38,True,53639.0000,55643.0000,965.5999,0.9656
1,78.4548,54.6138,54613.7999,41,1.0-53639-55643,28.0000,1.0000,1,38,True,53639.0000,55643.0000,974.7999,0.9748
1,78.5243,54.6833,54683.2999,41,1.0-53639-55643,28.0000,1.0000,1,38,True,53639.0000,55643.0000,1044.2999,1.0443
1,78.6250,54.7840,54783.9999,41,1.0-53639-55643,28.0000,1.0000,1,38,True,53639.0000,55643.0000,1144.9999,1.1450
1,78.7314,54.8904,54890.3999,41,1.0-53639-55643,28.0000,1.0000,1,38,True,53639.0000,55643.0000,1251.3999,1.2514
1,78.8362,54.9952,54995.1999,41,1.0-53639-55643,28.0000,1.0000,1,38,True,53639.0000,55643.0000,1356.1999,1.3562
1,78.8408,54.9998,54999.7999,41,1.0-53639-55643,28.0000,1.0000,1,38,True,53639.0000,55643.0000,1360.7999,1.3608
1,78.8922,55.0512,55051.1999,41,1.0-53639-55643,28.0000,1.0000,1,38,True,53639.0000,55643.0000,1412.1999,1.4122
1,78.9341,55.0931,55093.0999,41,1.0-53639-55643,28.0000,1.0000,1,38,True,53639.0000,55643.0000,1454.0999,1.4541
1,78.9526,55.1116,55111.5999,41,1.0-53639-55643,28.0000,1.0000,1,38,True,53639.0000,55643.0000,1472.5999,1.4726
1,78.9633,55.1223,55122.2999,41,1.0-53639-55643,28.0000,1.0000,1,38,True,53639.0000,55643.0000,1483.2999,1.4833
1,78.9763,55.1353,55135.2999,41,1.0-53639-55643,28.0000,1.0000,1,38,True,53639.0000,55643.0000,1496.2999,1.4963
1,78.9796,55.1386,55138.5999,41,1.0-53639-55643,28.0000,1.0000,1,38,True,53639.0000,55643.0000,1499.5999,1.4996
1,78.9829,55.1419,55141.8999,41,1.0-53639-55643,28.0000,1.0000,1,38,True,53639.0000,55643.0000,1502.8999,1.5029
1,78.9859,55.1449,55144.8999,41,1.0-53639-55643,28.0000,1.0000,1,38,True,53639.0000,55643.0000,1505.8999,1.5059
1,79.0055,55.1645,55164.4999,41,1.0-53639-55643,28.0000,1.0000,1,38,True,53639.0000,55643.0000,1525.4999,1.5255
1,79.0759,55.2349,55234.8999,41,1.0-53639-55643,28.0000,1.0000,1,38,True,53639.0000,55643.0000,1595.8999,1.5959
1,79.1009,55.2599,55259.8999,41,1.0-53639-55643,28.0000,1.0000,1,38,True,53639.0000,55643.0000,1620.8999,1.6209
1,79.1176,55.2766,55276.5999,41,1.0-53639-55643,28.0000,1.0000,1,38,True,53639.0000,55643.0000,1637.5999,1.6376
1,79.1676,55.3266,55326.5999,41,1.0-53639-55643,28.0000,1.0000,1,38,True,53639.0000,55643.0000,1687.5999,1.6876
1,79.2542,55.4132,55413.1999,41,1.0-53639-55643,28.0000,1.0000,1,38,True,53639.0000,55643.0000,1774.1999,1.7742
1,79.2607,55.4197,55419.6999,41,1.0-53639-55643,28.0000,1.0000,1,38,True,53639.0000,55643.0000,1780.6999,1.7807
1,79.2750,55.4340,55433.9999,41,1.0-53639-55643,28.0000,1.0000,1,38,True,53639.0000,55643.0000,1794.9999,1.7950
1,79.3370,55.4960,55495.9999,41,1.0-53639-55643,28.0000,1.0000,1,38,True,53639.0000,55643.0000,1856.9999,1.8570
1,79.3950,55.5540,55553.9999,41,1.0-53639-55643,28.0000,1.0000,1,38,True,53639.0000,55643.0000,1914.9999,1.9150
1,1062.8807,1039.0397,1039039.6999,42,1.0-1038878-1041750,444.0000,1.0000,1,39,True,1038878.0000,1041750.0000,161.6999,0.1617
1,1063.0194,1039.1784,1039178.3999,42,1.0-1038878-1041750,444.0000,1.0000,1,39,True,1038878.0000,1041750.0000,300.3999,0.3004
1,1063.0676,1039.2266,1039226.5999,42,1.0-1038878-1041750,444.0000,1.0000,1,39,True,1038878.0000,1041750.0000,348.5999,0.3486
1,1063.2742,1039.4332,1039433.1999,42,1.0-1038878-1041750,444.0000,1.0000,1,39,True,1038878.0000,1041750.0000,555.1999,0.5552
1,1063.2845,1039.4435,1039443.4999,42,1.0-1038878-1041750,444.0000,1.0000,1,39,True,1038878.0000,1041750.0000,565.4999,0.5655
1,1063.3271,1039.4861,1039486.0999,42,1.0-1038878-1041750,444.0000,1.0000,1,39,True,1038878.0000,1041750.0000,608.0999,0.6081
1,1063.3327,1039.4917,1039491.6999,42,1.0-1038878-1041750,444.0000,1.0000,1,39,True,1038878.0000,1041750.0000,613.6999,0.6137
1,1063.3623,1039.5213,1039521.2999,42,1.0-1038878-1041750,444.0000,1.0000,1,39,True,1038878.0000,1041750.0000,643.2999,0.6433
1,1063.3794,1039.5384,1039538.3999,42,1.0-1038878-1041750,444.0000,1.0000,1,39,True,1038878.0000,1041750.0000,660.3999,0.6604
1,1063.4456,1039.6046,1039604.5999,42,1.0-1038878-1041750,444.0000,1.0000,1,39,True,1038878.0000,1041750.0000,726.5999,0.7266
1,1063.4892,1039.6482,1039648.1999,42,1.0-1038878-1041750,444.0000,1.0000,1,39,True,1038878.0000,1041750.0000,770.1999,0.7702
1,1063.5404,1039.6994,1039699.3999,42,1.0-1038878-1041750,444.0000,1.0000,1,39,True,1038878.0000,1041750.0000,821.3999,0.8214
1,1063.7241,1039.8831,1039883.0999,42,1.0-1038878-1041750,444.0000,1.0000,1,39,True,1038878.0000,1041750.0000,1005.0999,1.0051
1,1063.8299,1039.9889,1039988.8999,42,1.0-1038878-1041750,444.0000,1.0000,1,39,True,1038878.0000,1041750.0000,1110.8999,1.1109
1,1063.9133,1040.0723,1040072.2999,42,1.0-1038878-1041750,444.0000,1.0000,1,39,True,1038878.0000,1041750.0000,1194.2999,1.1943
1,1064.1270,1040.2860,1040285.9999,42,1.0-1038878-1041750,444.0000,1.0000,1,39,True,1038878.0000,1041750.0000,1407.9999,1.4080
1,1064.2400,1040.3990,1040398.9999,42,1.0-1038878-1041750,444.0000,1.0000,1,39,True,1038878.0000,1041750.0000,1520.9999,1.5210
1,1064.3109,1040.4699,1040469.8999,42,1.0-1038878-1041750,444.0000,1.0000,1,39,True,1038878.0000,1041750.0000,1591.8999,1.5919
1,1064.3328,1040.4918,1040491.7999,42,1.0-1038878-1041750,444.0000,1.0000,1,39,True,1038878.0000,1041750.0000,1613.7999,1.6138
1,1064.3609,1040.5199,1040519.8999,42,1.0-1038878-1041750,444.0000,1.0000,1,39,True,1038878.0000,1041750.0000,1641.8999,1.6419
1,1064.3874,1040.5464,1040546.3999,42,1.0-1038878-1041750,444.0000,1.0000,1,39,True,1038878.0000,1041750.0000,1668.3999,1.6684
1,1064.4296,1040.5886,1040588.5999,42,1.0-1038878-1041750,444.0000,1.0000,1,39,True,1038878.0000,1041750.0000,1710.5999,1.7106
1,1064.4629,1040.6219,1040621.8999,42,1.0-1038878-1041750,444.0000,1.0000,1,39,True,1038878.0000,1041750.0000,1743.8999,1.7439
1,1064.5175,1040.6765,1040676.4999,42,1.0-1038878-1041750,444.0000,1.0000,1,39,True,1038878.0000,1041750.0000,1798.4999,1.7985
1,1064.5375,1040.6965,1040696.4999,42,1.0-1038878-1041750,444.0000,1.0000,1,39,True,1038878.0000,1041750.0000,1818.4999,1.8185
1,1064.5670,1040.7260,1040725.9999,42,1.0-1038878-1041750,444.0000,1.0000,1,39,True,1038878.0000,1041750.0000,1847.9999,1.8480
1,1064.5739,1040.7329,1040732.8999,42,1.0-1038878-1041750,444.0000,1.0000,1,39,True,1038878.0000,1041750.0000,1854.8999,1.8549
1,1064.6593,1040.8183,1040818.2999,42,1.0-1038878-1041750,444.0000,1.0000,1,39,True,1038878.0000,1041750.0000,1940.2999,1.9403
1,1064.7219,1040.8809,1040880.8999,42,1.0-1038878-1041750,444.0000,1.0000,1,39,True,1038878.0000,1041750.0000,2002.8999,2.0029
1,1064.7347,1040.8937,1040893.6999,42,1.0-1038878-1041750,444.0000,1.0000,1,39,True,1038878.0000,1041750.0000,2015.6999,2.0157
1,1064.8165,1040.9755,1040975.4999,42,1.0-1038878-1041750,444.0000,1.0000,1,39,True,1038878.0000,1041750.0000,2097.4999,2.0975
1,1064.8374,1040.9964,1040996.3999,42,1.0-1038878-1041750,444.0000,1.0000,1,39,True,1038878.0000,1041750.0000,2118.3999,2.1184
1,1064.8434,1041.0024,1041002.3999,42,1.0-1038878-1041750,444.0000,1.0000,1,39,True,1038878.0000,1041750.0000,2124.3999,2.1244
1,1064.8630,1041.0220,1041021.9999,42,1.0-1038878-1041750,444.0000,1.0000,1,39,True,1038878.0000,1041750.0000,2143.9999,2.1440
1,1064.8780,1041.0370,1041036.9999,42,1.0-1038878-1041750,444.0000,1.0000,1,39,True,1038878.0000,1041750.0000,2158.9999,2.1590
1,1064.8994,1041.0584,1041058.3999,42,1.0-1038878-1041750,444.0000,1.0000,1,39,True,1038878.0000,1041750.0000,2180.3999,2.1804
1,1064.9433,1041.1023,1041102.2999,42,1.0-1038878-1041750,444.0000,1.0000,1,39,True,1038878.0000,1041750.0000,2224.2999,2.2243
1,1064.9854,1041.1444,1041144.3999,42,1.0-1038878-1041750,444.0000,1.0000,1,39,True,1038878.0000,1041750.0000,2266.3999,2.2664
1,1065.0072,1041.1662,1041166.1999,42,1.0-1038878-1041750,444.0000,1.0000,1,39,True,1038878.0000,1041750.0000,2288.1999,2.2882
1,1065.0425,1041.2015,1041201.4999,42,1.0-1038878-1041750,444.0000,1.0000,1,39,True,1038878.0000,1041750.0000,2323.4999,2.3235
1,1065.0692,1041.2282,1041228.1999,42,1.0-1038878-1041750,444.0000,1.0000,1,39,True,1038878.0000,1041750.0000,2350.1999,2.3502
1,1065.0887,1041.2477,1041247.6999,42,1.0-1038878-1041750,444.0000,1.0000,1,39,True,1038878.0000,1041750.0000,2369.6999,2.3697
1,1065.1417,1041.3007,1041300.6999,42,1.0-1038878-1041750,444.0000,1.0000,1,39,True,1038878.0000,1041750.0000,2422.6999,2.4227
1,1065.1574,1041.3164,1041316.3999,42,1.0-1038878-1041750,444.0000,1.0000,1,39,True,1038878.0000,1041750.0000,2438.3999,2.4384
1,1065.1921,1041.3511,1041351.0999,42,1.0-1038878-1041750,444.0000,1.0000,1,39,True,1038878.0000,1041750.0000,2473.0999,2.4731
1,1065.2658,1041.4248,1041424.7999,42,1.0-1038878-1041750,444.0000,1.0000,1,39,True,1038878.0000,1041750.0000,2546.7999,2.5468
1,1065.2976,1041.4566,1041456.5999,42,1.0-1038878-1041750,444.0000,1.0000,1,39,True,1038878.0000,1041750.0000,2578.5999,2.5786
1,1065.4970,1041.6560,1041655.9999,42,1.0-1038878-1041750,444.0000,1.0000,1,39,True,1038878.0000,1041750.0000,2777.9999,2.7780
1,1065.5544,1041.7134,1041713.3999,42,1.0-1038878-1041750,444.0000,1.0000,1,39,True,1038878.0000,1041750.0000,2835.3999,2.8354
1,393.1883,369.3473,369347.2999,43,1.0-369293-370863,205.0000,1.0000,1,40,True,369293.0000,370863.0000,54.2999,0.0543
1,393.2482,369.4072,369407.1999,43,1.0-369293-370863,205.0000,1.0000,1,40,True,369293.0000,370863.0000,114.1999,0.1142
1,393.2708,369.4298,369429.7999,43,1.0-369293-370863,205.0000,1.0000,1,40,True,369293.0000,370863.0000,136.7999,0.1368
1,393.2884,369.4474,369447.3999,43,1.0-369293-370863,205.0000,1.0000,1,40,True,369293.0000,370863.0000,154.3999,0.1544
1,393.3094,369.4684,369468.3999,43,1.0-369293-370863,205.0000,1.0000,1,40,True,369293.0000,370863.0000,175.3999,0.1754
1,393.3617,369.5207,369520.6999,43,1.0-369293-370863,205.0000,1.0000,1,40,True,369293.0000,370863.0000,227.6999,0.2277
1,393.4053,369.5643,369564.2999,43,1.0-369293-370863,205.0000,1.0000,1,40,True,369293.0000,370863.0000,271.2999,0.2713
1,393.5119,369.6709,369670.8999,43,1.0-369293-370863,205.0000,1.0000,1,40,True,369293.0000,370863.0000,377.8999,0.3779
1,393.6267,369.7857,369785.6999,43,1.0-369293-370863,205.0000,1.0000,1,40,True,369293.0000,370863.0000,492.6999,0.4927
1,393.6573,369.8163,369816.2999,43,1.0-369293-370863,205.0000,1.0000,1,40,True,369293.0000,370863.0000,523.2999,0.5233
1,393.6663,369.8253,369825.2999,43,1.0-369293-370863,205.0000,1.0000,1,40,True,369293.0000,370863.0000,532.2999,0.5323
1,393.6992,369.8582,369858.1999,43,1.0-369293-370863,205.0000,1.0000,1,40,True,369293.0000,370863.0000,565.1999,0.5652
1,393.7388,369.8978,369897.7999,43,1.0-369293-370863,205.0000,1.0000,1,40,True,369293.0000,370863.0000,604.7999,0.6048
1,393.7619,369.9209,369920.8999,43,1.0-369293-370863,205.0000,1.0000,1,40,True,369293.0000,370863.0000,627.8999,0.6279
1,393.7892,369.9482,369948.1999,43,1.0-369293-370863,205.0000,1.0000,1,40,True,369293.0000,370863.0000,655.1999,0.6552
1,393.8298,369.9888,369988.7999,43,1.0-369293-370863,205.0000,1.0000,1,40,True,369293.0000,370863.0000,695.7999,0.6958
1,393.8622,370.0212,370021.1999,43,1.0-369293-370863,205.0000,1.0000,1,40,True,369293.0000,370863.0000,728.1999,0.7282
1,393.9715,370.1305,370130.4999,43,1.0-369293-370863,205.0000,1.0000,1,40,True,369293.0000,370863.0000,837.4999,0.8375
1,393.9747,370.1337,370133.6999,43,1.0-369293-370863,205.0000,1.0000,1,40,True,369293.0000,370863.0000,840.6999,0.8407
1,393.9989,370.1579,370157.8999,43,1.0-369293-370863,205.0000,1.0000,1,40,True,369293.0000,370863.0000,864.8999,0.8649
1,394.0253,370.1843,370184.2999,43,1.0-369293-370863,205.0000,1.0000,1,40,True,369293.0000,370863.0000,891.2999,0.8913
1,394.0284,370.1874,370187.3999,43,1.0-369293-370863,205.0000,1.0000,1,40,True,369293.0000,370863.0000,894.3999,0.8944
1,394.0916,370.2506,370250.5999,43,1.0-369293-370863,205.0000,1.0000,1,40,True,369293.0000,370863.0000,957.5999,0.9576
1,394.1039,370.2629,370262.8999,43,1.0-369293-370863,205.0000,1.0000,1,40,True,369293.0000,370863.0000,969.8999,0.9699
1,394.1595,370.3185,370318.4999,43,1.0-369293-370863,205.0000,1.0000,1,40,True,369293.0000,370863.0000,1025.4999,1.0255
1,394.1975,370.3565,370356.4999,43,1.0-369293-370863,205.0000,1.0000,1,40,True,369293.0000,370863.0000,1063.4999,1.0635
1,394.2599,370.4189,370418.8999,43,1.0-369293-370863,205.0000,1.0000,1,40,True,369293.0000,370863.0000,1125.8999,1.1259
1,394.3347,370.4937,370493.6999,43,1.0-369293-370863,205.0000,1.0000,1,40,True,369293.0000,370863.0000,1200.6999,1.2007
1,394.3777,370.5367,370536.6999,43,1.0-369293-370863,205.0000,1.0000,1,40,True,369293.0000,370863.0000,1243.6999,1.2437
1,394.4236,370.5826,370582.5999,43,1.0-369293-370863,205.0000,1.0000,1,40,True,369293.0000,370863.0000,1289.5999,1.2896
1,2116.0118,2092.1708,2092170.7999,44,1.0-2092151-2093253,872.0000,1.0000,0,70,True,2092151.0000,2093253.0000,19.7999,0.0198
1,2116.0605,2092.2195,2092219.4999,44,1.0-2092151-2093253,872.0000,1.0000,0,70,True,2092151.0000,2093253.0000,68.4999,0.0685
1,2116.1106,2092.2696,2092269.5999,44,1.0-2092151-2093253,872.0000,1.0000,0,70,True,2092151.0000,2093253.0000,118.5999,0.1186
1,2116.1551,2092.3141,2092314.0999,44,1.0-2092151-2093253,872.0000,1.0000,0,70,True,2092151.0000,2093253.0000,163.0999,0.1631
1,2116.2082,2092.3672,2092367.1999,44,1.0-2092151-2093253,872.0000,1.0000,0,70,True,2092151.0000,2093253.0000,216.1999,0.2162
1,2116.2300,2092.3890,2092388.9999,44,1.0-2092151-2093253,872.0000,1.0000,0,70,True,2092151.0000,2093253.0000,237.9999,0.2380
1,2116.2984,2092.4574,2092457.3999,44,1.0-2092151-2093253,872.0000,1.0000,0,70,True,2092151.0000,2093253.0000,306.3999,0.3064
1,2116.3194,2092.4784,2092478.3999,44,1.0-2092151-2093253,872.0000,1.0000,0,70,True,2092151.0000,2093253.0000,327.3999,0.3274
1,2116.3528,2092.5118,2092511.7999,44,1.0-2092151-2093253,872.0000,1.0000,0,70,True,2092151.0000,2093253.0000,360.7999,0.3608
1,2116.3846,2092.5436,2092543.5999,44,1.0-2092151-2093253,872.0000,1.0000,0,70,True,2092151.0000,2093253.0000,392.5999,0.3926
1,2116.4671,2092.6261,2092626.0999,44,1.0-2092151-2093253,872.0000,1.0000,0,70,True,2092151.0000,2093253.0000,475.0999,0.4751
1,2116.4810,2092.6400,2092639.9999,44,1.0-2092151-2093253,872.0000,1.0000,0,70,True,2092151.0000,2093253.0000,488.9999,0.4890
1,2116.5320,2092.6910,2092690.9999,44,1.0-2092151-2093253,872.0000,1.0000,0,70,True,2092151.0000,2093253.0000,539.9999,0.5400
1,2116.5593,2092.7183,2092718.2999,44,1.0-2092151-2093253,872.0000,1.0000,0,70,True,2092151.0000,2093253.0000,567.2999,0.5673
1,2116.5736,2092.7326,2092732.5999,44,1.0-2092151-2093253,872.0000,1.0000,0,70,True,2092151.0000,2093253.0000,581.5999,0.5816
1,2116.5839,2092.7429,2092742.8999,44,1.0-2092151-2093253,872.0000,1.0000,0,70,True,2092151.0000,2093253.0000,591.8999,0.5919
1,2116.6236,2092.7826,2092782.5999,44,1.0-2092151-2093253,872.0000,1.0000,0,70,True,2092151.0000,2093253.0000,631.5999,0.6316
1,2116.6556,2092.8146,2092814.5999,44,1.0-2092151-2093253,872.0000,1.0000,0,70,True,2092151.0000,2093253.0000,663.5999,0.6636
1,2116.6698,2092.8288,2092828.7999,44,1.0-2092151-2093253,872.0000,1.0000,0,70,True,2092151.0000,2093253.0000,677.7999,0.6778
1,2116.6787,2092.8377,2092837.6999,44,1.0-2092151-2093253,872.0000,1.0000,0,70,True,2092151.0000,2093253.0000,686.6999,0.6867
1,2116.7045,2092.8635,2092863.4999,44,1.0-2092151-2093253,872.0000,1.0000,0,70,True,2092151.0000,2093253.0000,712.4999,0.7125
1,2116.7393,2092.8983,2092898.2999,44,1.0-2092151-2093253,872.0000,1.0000,0,70,True,2092151.0000,2093253.0000,747.2999,0.7473
1,2116.7763,2092.9353,2092935.2999,44,1.0-2092151-2093253,872.0000,1.0000,0,70,True,2092151.0000,2093253.0000,784.2999,0.7843
1,2116.7891,2092.9481,2092948.0999,44,1.0-2092151-2093253,872.0000,1.0000,0,70,True,2092151.0000,2093253.0000,797.0999,0.7971
1,2116.9852,2093.1442,2093144.1999,44,1.0-2092151-2093253,872.0000,1.0000,0,70,True,2092151.0000,2093253.0000,993.1999,0.9932
1,2117.0696,2093.2286,2093228.5999,44,1.0-2092151-2093253,872.0000,1.0000,0,70,True,2092151.0000,2093253.0000,1077.5999,1.0776
1,918.5781,894.7371,894737.0999,45,1.0-894728-896565,387.0000,1.0000,1,41,True,894728.0000,896565.0000,9.0999,0.0091
1,918.6770,894.8360,894835.9999,45,1.0-894728-896565,387.0000,1.0000,1,41,True,894728.0000,896565.0000,107.9999,0.1080
1,918.7136,894.8726,894872.5999,45,1.0-894728-896565,387.0000,1.0000,1,41,True,894728.0000,896565.0000,144.5999,0.1446
1,918.7559,894.9149,894914.8999,45,1.0-894728-896565,387.0000,1.0000,1,41,True,894728.0000,896565.0000,186.8999,0.1869
1,918.7822,894.9412,894941.1999,45,1.0-894728-896565,387.0000,1.0000,1,41,True,894728.0000,896565.0000,213.1999,0.2132
1,918.8139,894.9729,894972.8999,45,1.0-894728-896565,387.0000,1.0000,1,41,True,894728.0000,896565.0000,244.8999,0.2449
1,918.8252,894.9842,894984.1999,45,1.0-894728-896565,387.0000,1.0000,1,41,True,894728.0000,896565.0000,256.1999,0.2562
1,918.8485,895.0075,895007.4999,45,1.0-894728-896565,387.0000,1.0000,1,41,True,894728.0000,896565.0000,279.4999,0.2795
1,918.8640,895.0230,895022.9999,45,1.0-894728-896565,387.0000,1.0000,1,41,True,894728.0000,896565.0000,294.9999,0.2950
1,918.8885,895.0475,895047.4999,45,1.0-894728-896565,387.0000,1.0000,1,41,True,894728.0000,896565.0000,319.4999,0.3195
1,918.9315,895.0905,895090.4999,45,1.0-894728-896565,387.0000,1.0000,1,41,True,894728.0000,896565.0000,362.4999,0.3625
1,918.9715,895.1305,895130.4999,45,1.0-894728-896565,387.0000,1.0000,1,41,True,894728.0000,896565.0000,402.4999,0.4025
1,918.9927,895.1517,895151.6999,45,1.0-894728-896565,387.0000,1.0000,1,41,True,894728.0000,896565.0000,423.6999,0.4237
1,919.0358,895.1948,895194.7999,45,1.0-894728-896565,387.0000,1.0000,1,41,True,894728.0000,896565.0000,466.7999,0.4668
1,919.0634,895.2224,895222.3999,45,1.0-894728-896565,387.0000,1.0000,1,41,True,894728.0000,896565.0000,494.3999,0.4944
1,919.0726,895.2316,895231.5999,45,1.0-894728-896565,387.0000,1.0000,1,41,True,894728.0000,896565.0000,503.5999,0.5036
1,919.1004,895.2594,895259.3999,45,1.0-894728-896565,387.0000,1.0000,1,41,True,894728.0000,896565.0000,531.3999,0.5314
1,919.1063,895.2653,895265.2999,45,1.0-894728-896565,387.0000,1.0000,1,41,True,894728.0000,896565.0000,537.2999,0.5373
1,919.1689,895.3279,895327.8999,45,1.0-894728-896565,387.0000,1.0000,1,41,True,894728.0000,896565.0000,599.8999,0.5999
1,919.1718,895.3308,895330.7999,45,1.0-894728-896565,387.0000,1.0000,1,41,True,894728.0000,896565.0000,602.7999,0.6028
1,919.3123,895.4713,895471.2999,45,1.0-894728-896565,387.0000,1.0000,1,41,True,894728.0000,896565.0000,743.2999,0.7433
1,919.4463,895.6053,895605.2999,45,1.0-894728-896565,387.0000,1.0000,1,41,True,894728.0000,896565.0000,877.2999,0.8773
1,919.4949,895.6539,895653.8999,45,1.0-894728-896565,387.0000,1.0000,1,41,True,894728.0000,896565.0000,925.8999,0.9259
1,919.5321,895.6911,895691.0999,45,1.0-894728-896565,387.0000,1.0000,1,41,True,894728.0000,896565.0000,963.0999,0.9631
1,919.6618,895.8208,895820.7999,45,1.0-894728-896565,387.0000,1.0000,1,41,True,894728.0000,896565.0000,1092.7999,1.0928
1,919.6749,895.8339,895833.8999,45,1.0-894728-896565,387.0000,1.0000,1,41,True,894728.0000,896565.0000,1105.8999,1.1059
1,919.7587,895.9177,895917.6999,45,1.0-894728-896565,387.0000,1.0000,1,41,True,894728.0000,896565.0000,1189.6999,1.1897
1,919.8703,896.0293,896029.2999,45,1.0-894728-896565,387.0000,1.0000,1,41,True,894728.0000,896565.0000,1301.2999,1.3013
1,919.8940,896.0530,896052.9999,45,1.0-894728-896565,387.0000,1.0000,1,41,True,894728.0000,896565.0000,1324.9999,1.3250
1,919.9048,896.0638,896063.7999,45,1.0-894728-896565,387.0000,1.0000,1,41,True,894728.0000,896565.0000,1335.7999,1.3358
1,919.9640,896.1230,896122.9999,45,1.0-894728-896565,387.0000,1.0000,1,41,True,894728.0000,896565.0000,1394.9999,1.3950
1,919.9790,896.1380,896137.9999,45,1.0-894728-896565,387.0000,1.0000,1,41,True,894728.0000,896565.0000,1409.9999,1.4100
1,920.0399,896.1989,896198.8999,45,1.0-894728-896565,387.0000,1.0000,1,41,True,894728.0000,896565.0000,1470.8999,1.4709
1,920.0543,896.2133,896213.2999,45,1.0-894728-896565,387.0000,1.0000,1,41,True,894728.0000,896565.0000,1485.2999,1.4853
1,920.0669,896.2259,896225.8999,45,1.0-894728-896565,387.0000,1.0000,1,41,True,894728.0000,896565.0000,1497.8999,1.4979
1,920.1058,896.2648,896264.7999,45,1.0-894728-896565,387.0000,1.0000,1,41,True,894728.0000,896565.0000,1536.7999,1.5368
1,920.1422,896.3012,896301.1999,45,1.0-894728-896565,387.0000,1.0000,1,41,True,894728.0000,896565.0000,1573.1999,1.5732
1,920.2333,896.3923,896392.2999,45,1.0-894728-896565,387.0000,1.0000,1,41,True,894728.0000,896565.0000,1664.2999,1.6643
1,920.2620,896.4210,896420.9999,45,1.0-894728-896565,387.0000,1.0000,1,41,True,894728.0000,896565.0000,1692.9999,1.6930
1,920.3287,896.4877,896487.6999,45,1.0-894728-896565,387.0000,1.0000,1,41,True,894728.0000,896565.0000,1759.6999,1.7597
1,920.3574,896.5164,896516.3999,45,1.0-894728-896565,387.0000,1.0000,1,41,True,894728.0000,896565.0000,1788.3999,1.7884
1,920.3769,896.5359,896535.8999,45,1.0-894728-896565,387.0000,1.0000,1,41,True,894728.0000,896565.0000,1807.8999,1.8079
1,475.7356,451.8946,451894.5999,46,1.0-451889-453726,246.0000,1.0000,1,42,True,451889.0000,453726.0000,5.5999,0.0056
1,475.7775,451.9365,451936.4999,46,1.0-451889-453726,246.0000,1.0000,1,42,True,451889.0000,453726.0000,47.4999,0.0475
1,475.7917,451.9507,451950.6999,46,1.0-451889-453726,246.0000,1.0000,1,42,True,451889.0000,453726.0000,61.6999,0.0617
1,475.8222,451.9812,451981.1999,46,1.0-451889-453726,246.0000,1.0000,1,42,True,451889.0000,453726.0000,92.1999,0.0922
1,475.8991,452.0581,452058.0999,46,1.0-451889-453726,246.0000,1.0000,1,42,True,451889.0000,453726.0000,169.0999,0.1691
1,475.9090,452.0680,452067.9999,46,1.0-451889-453726,246.0000,1.0000,1,42,True,451889.0000,453726.0000,178.9999,0.1790
1,475.9506,452.1096,452109.5999,46,1.0-451889-453726,246.0000,1.0000,1,42,True,451889.0000,453726.0000,220.5999,0.2206
1,475.9667,452.1257,452125.6999,46,1.0-451889-453726,246.0000,1.0000,1,42,True,451889.0000,453726.0000,236.6999,0.2367
1,476.1020,452.2610,452260.9999,46,1.0-451889-453726,246.0000,1.0000,1,42,True,451889.0000,453726.0000,371.9999,0.3720
1,476.1483,452.3073,452307.2999,46,1.0-451889-453726,246.0000,1.0000,1,42,True,451889.0000,453726.0000,418.2999,0.4183
1,476.1737,452.3327,452332.6999,46,1.0-451889-453726,246.0000,1.0000,1,42,True,451889.0000,453726.0000,443.6999,0.4437
1,476.2900,452.4490,452448.9999,46,1.0-451889-453726,246.0000,1.0000,1,42,True,451889.0000,453726.0000,559.9999,0.5600
1,476.3306,452.4896,452489.5999,46,1.0-451889-453726,246.0000,1.0000,1,42,True,451889.0000,453726.0000,600.5999,0.6006
1,476.3539,452.5129,452512.8999,46,1.0-451889-453726,246.0000,1.0000,1,42,True,451889.0000,453726.0000,623.8999,0.6239
1,476.3730,452.5320,452531.9999,46,1.0-451889-453726,246.0000,1.0000,1,42,True,451889.0000,453726.0000,642.9999,0.6430
1,476.3973,452.5563,452556.2999,46,1.0-451889-453726,246.0000,1.0000,1,42,True,451889.0000,453726.0000,667.2999,0.6673
1,476.4269,452.5859,452585.8999,46,1.0-451889-453726,246.0000,1.0000,1,42,True,451889.0000,453726.0000,696.8999,0.6969
1,476.4543,452.6133,452613.2999,46,1.0-451889-453726,246.0000,1.0000,1,42,True,451889.0000,453726.0000,724.2999,0.7243
1,476.4780,452.6370,452636.9999,46,1.0-451889-453726,246.0000,1.0000,1,42,True,451889.0000,453726.0000,747.9999,0.7480
1,476.4795,452.6385,452638.4999,46,1.0-451889-453726,246.0000,1.0000,1,42,True,451889.0000,453726.0000,749.4999,0.7495
1,476.5130,452.6720,452671.9999,46,1.0-451889-453726,246.0000,1.0000,1,42,True,451889.0000,453726.0000,782.9999,0.7830
1,476.5212,452.6802,452680.1999,46,1.0-451889-453726,246.0000,1.0000,1,42,True,451889.0000,453726.0000,791.1999,0.7912
1,476.5340,452.6930,452692.9999,46,1.0-451889-453726,246.0000,1.0000,1,42,True,451889.0000,453726.0000,803.9999,0.8040
1,476.5636,452.7226,452722.5999,46,1.0-451889-453726,246.0000,1.0000,1,42,True,451889.0000,453726.0000,833.5999,0.8336
1,476.5700,452.7290,452728.9999,46,1.0-451889-453726,246.0000,1.0000,1,42,True,451889.0000,453726.0000,839.9999,0.8400
1,476.5825,452.7415,452741.4999,46,1.0-451889-453726,246.0000,1.0000,1,42,True,451889.0000,453726.0000,852.4999,0.8525
1,476.5974,452.7564,452756.3999,46,1.0-451889-453726,246.0000,1.0000,1,42,True,451889.0000,453726.0000,867.3999,0.8674
1,476.6259,452.7849,452784.8999,46,1.0-451889-453726,246.0000,1.0000,1,42,True,451889.0000,453726.0000,895.8999,0.8959
1,476.6539,452.8129,452812.8999,46,1.0-451889-453726,246.0000,1.0000,1,42,True,451889.0000,453726.0000,923.8999,0.9239
1,476.6564,452.8154,452815.3999,46,1.0-451889-453726,246.0000,1.0000,1,42,True,451889.0000,453726.0000,926.3999,0.9264
1,476.6711,452.8301,452830.0999,46,1.0-451889-453726,246.0000,1.0000,1,42,True,451889.0000,453726.0000,941.0999,0.9411
1,476.6854,452.8444,452844.3999,46,1.0-451889-453726,246.0000,1.0000,1,42,True,451889.0000,453726.0000,955.3999,0.9554
1,476.6948,452.8538,452853.7999,46,1.0-451889-453726,246.0000,1.0000,1,42,True,451889.0000,453726.0000,964.7999,0.9648
1,476.7045,452.8635,452863.4999,46,1.0-451889-453726,246.0000,1.0000,1,42,True,451889.0000,453726.0000,974.4999,0.9745
1,476.7333,452.8923,452892.2999,46,1.0-451889-453726,246.0000,1.0000,1,42,True,451889.0000,453726.0000,1003.2999,1.0033
1,476.7561,452.9151,452915.0999,46,1.0-451889-453726,246.0000,1.0000,1,42,True,451889.0000,453726.0000,1026.0999,1.0261
1,476.7580,452.9170,452916.9999,46,1.0-451889-453726,246.0000,1.0000,1,42,True,451889.0000,453726.0000,1027.9999,1.0280
1,476.7615,452.9205,452920.4999,46,1.0-451889-453726,246.0000,1.0000,1,42,True,451889.0000,453726.0000,1031.4999,1.0315
1,476.7891,452.9481,452948.0999,46,1.0-451889-453726,246.0000,1.0000,1,42,True,451889.0000,453726.0000,1059.0999,1.0591
1,476.7993,452.9583,452958.2999,46,1.0-451889-453726,246.0000,1.0000,1,42,True,451889.0000,453726.0000,1069.2999,1.0693
1,476.8310,452.9900,452989.9999,46,1.0-451889-453726,246.0000,1.0000,1,42,True,451889.0000,453726.0000,1100.9999,1.1010
1,476.8463,453.0053,453005.2999,46,1.0-451889-453726,246.0000,1.0000,1,42,True,451889.0000,453726.0000,1116.2999,1.1163
1,476.9059,453.0649,453064.8999,46,1.0-451889-453726,246.0000,1.0000,1,42,True,451889.0000,453726.0000,1175.8999,1.1759
1,476.9835,453.1425,453142.4999,46,1.0-451889-453726,246.0000,1.0000,1,42,True,451889.0000,453726.0000,1253.4999,1.2535
1,477.0077,453.1667,453166.6999,46,1.0-451889-453726,246.0000,1.0000,1,42,True,451889.0000,453726.0000,1277.6999,1.2777
1,477.0408,453.1998,453199.7999,46,1.0-451889-453726,246.0000,1.0000,1,42,True,451889.0000,453726.0000,1310.7999,1.3108
1,477.0891,453.2481,453248.0999,46,1.0-451889-453726,246.0000,1.0000,1,42,True,451889.0000,453726.0000,1359.0999,1.3591
1,477.1158,453.2748,453274.7999,46,1.0-451889-453726,246.0000,1.0000,1,42,True,451889.0000,453726.0000,1385.7999,1.3858
1,477.1406,453.2996,453299.5999,46,1.0-451889-453726,246.0000,1.0000,1,42,True,451889.0000,453726.0000,1410.5999,1.4106
1,477.1607,453.3197,453319.6999,46,1.0-451889-453726,246.0000,1.0000,1,42,True,451889.0000,453726.0000,1430.6999,1.4307
1,477.1979,453.3569,453356.8999,46,1.0-451889-453726,246.0000,1.0000,1,42,True,451889.0000,453726.0000,1467.8999,1.4679
1,477.2461,453.4051,453405.0999,46,1.0-451889-453726,246.0000,1.0000,1,42,True,451889.0000,453726.0000,1516.0999,1.5161
1,477.2778,453.4368,453436.7999,46,1.0-451889-453726,246.0000,1.0000,1,42,True,451889.0000,453726.0000,1547.7999,1.5478
1,477.2925,453.4515,453451.4999,46,1.0-451889-453726,246.0000,1.0000,1,42,True,451889.0000,453726.0000,1562.4999,1.5625
1,477.3482,453.5072,453507.1999,46,1.0-451889-453726,246.0000,1.0000,1,42,True,451889.0000,453726.0000,1618.1999,1.6182
1,477.3934,453.5524,453552.3999,46,1.0-451889-453726,246.0000,1.0000,1,42,True,451889.0000,453726.0000,1663.3999,1.6634
1,477.4414,453.6004,453600.3999,46,1.0-451889-453726,246.0000,1.0000,1,42,True,451889.0000,453726.0000,1711.3999,1.7114
1,477.5108,453.6698,453669.7999,46,1.0-451889-453726,246.0000,1.0000,1,42,True,451889.0000,453726.0000,1780.7999,1.7808
1,477.5248,453.6838,453683.7999,46,1.0-451889-453726,246.0000,1.0000,1,42,True,451889.0000,453726.0000,1794.7999,1.7948
1,477.5604,453.7194,453719.3999,46,1.0-451889-453726,246.0000,1.0000,1,42,True,451889.0000,453726.0000,1830.3999,1.8304
1,1742.7976,1718.9566,1718956.5999,47,1.0-1718950-1721388,703.0000,1.0000,1,43,True,1718950.0000,1721388.0000,6.5999,0.0066
1,1742.8524,1719.0114,1719011.3999,47,1.0-1718950-1721388,703.0000,1.0000,1,43,True,1718950.0000,1721388.0000,61.3999,0.0614
1,1742.8554,1719.0144,1719014.3999,47,1.0-1718950-1721388,703.0000,1.0000,1,43,True,1718950.0000,1721388.0000,64.3999,0.0644
1,1742.8787,1719.0377,1719037.6999,47,1.0-1718950-1721388,703.0000,1.0000,1,43,True,1718950.0000,1721388.0000,87.6999,0.0877
1,1742.8884,1719.0474,1719047.3999,47,1.0-1718950-1721388,703.0000,1.0000,1,43,True,1718950.0000,1721388.0000,97.3999,0.0974
1,1743.0111,1719.1701,1719170.0999,47,1.0-1718950-1721388,703.0000,1.0000,1,43,True,1718950.0000,1721388.0000,220.0999,0.2201
1,1743.0162,1719.1752,1719175.1999,47,1.0-1718950-1721388,703.0000,1.0000,1,43,True,1718950.0000,1721388.0000,225.1999,0.2252
1,1743.0657,1719.2247,1719224.6999,47,1.0-1718950-1721388,703.0000,1.0000,1,43,True,1718950.0000,1721388.0000,274.6999,0.2747
1,1743.0997,1719.2587,1719258.6999,47,1.0-1718950-1721388,703.0000,1.0000,1,43,True,1718950.0000,1721388.0000,308.6999,0.3087
1,1743.1015,1719.2605,1719260.4999,47,1.0-1718950-1721388,703.0000,1.0000,1,43,True,1718950.0000,1721388.0000,310.4999,0.3105
1,1743.1147,1719.2737,1719273.6999,47,1.0-1718950-1721388,703.0000,1.0000,1,43,True,1718950.0000,1721388.0000,323.6999,0.3237
1,1743.1636,1719.3226,1719322.5999,47,1.0-1718950-1721388,703.0000,1.0000,1,43,True,1718950.0000,1721388.0000,372.5999,0.3726
1,1743.2185,1719.3775,1719377.4999,47,1.0-1718950-1721388,703.0000,1.0000,1,43,True,1718950.0000,1721388.0000,427.4999,0.4275
1,1743.2269,1719.3859,1719385.8999,47,1.0-1718950-1721388,703.0000,1.0000,1,43,True,1718950.0000,1721388.0000,435.8999,0.4359
1,1743.2595,1719.4185,1719418.4999,47,1.0-1718950-1721388,703.0000,1.0000,1,43,True,1718950.0000,1721388.0000,468.4999,0.4685
1,1743.2811,1719.4401,1719440.0999,47,1.0-1718950-1721388,703.0000,1.0000,1,43,True,1718950.0000,1721388.0000,490.0999,0.4901
1,1743.3078,1719.4668,1719466.7999,47,1.0-1718950-1721388,703.0000,1.0000,1,43,True,1718950.0000,1721388.0000,516.7999,0.5168
1,1743.3124,1719.4714,1719471.3999,47,1.0-1718950-1721388,703.0000,1.0000,1,43,True,1718950.0000,1721388.0000,521.3999,0.5214
1,1743.3493,1719.5083,1719508.2999,47,1.0-1718950-1721388,703.0000,1.0000,1,43,True,1718950.0000,1721388.0000,558.2999,0.5583
1,1743.3833,1719.5423,1719542.2999,47,1.0-1718950-1721388,703.0000,1.0000,1,43,True,1718950.0000,1721388.0000,592.2999,0.5923
1,1743.3998,1719.5588,1719558.7999,47,1.0-1718950-1721388,703.0000,1.0000,1,43,True,1718950.0000,1721388.0000,608.7999,0.6088
1,1743.4601,1719.6191,1719619.0999,47,1.0-1718950-1721388,703.0000,1.0000,1,43,True,1718950.0000,1721388.0000,669.0999,0.6691
1,1743.4911,1719.6501,1719650.0999,47,1.0-1718950-1721388,703.0000,1.0000,1,43,True,1718950.0000,1721388.0000,700.0999,0.7001
1,1743.5157,1719.6747,1719674.6999,47,1.0-1718950-1721388,703.0000,1.0000,1,43,True,1718950.0000,1721388.0000,724.6999,0.7247
1,1743.5969,1719.7559,1719755.8999,47,1.0-1718950-1721388,703.0000,1.0000,1,43,True,1718950.0000,1721388.0000,805.8999,0.8059
1,1743.6396,1719.7986,1719798.5999,47,1.0-1718950-1721388,703.0000,1.0000,1,43,True,1718950.0000,1721388.0000,848.5999,0.8486
1,1743.6595,1719.8185,1719818.4999,47,1.0-1718950-1721388,703.0000,1.0000,1,43,True,1718950.0000,1721388.0000,868.4999,0.8685
1,1743.6881,1719.8471,1719847.0999,47,1.0-1718950-1721388,703.0000,1.0000,1,43,True,1718950.0000,1721388.0000,897.0999,0.8971
1,1743.6908,1719.8498,1719849.7999,47,1.0-1718950-1721388,703.0000,1.0000,1,43,True,1718950.0000,1721388.0000,899.7999,0.8998
1,1743.8296,1719.9886,1719988.5999,47,1.0-1718950-1721388,703.0000,1.0000,1,43,True,1718950.0000,1721388.0000,1038.5999,1.0386
1,1743.8952,1720.0542,1720054.1999,47,1.0-1718950-1721388,703.0000,1.0000,1,43,True,1718950.0000,1721388.0000,1104.1999,1.1042
1,1743.9034,1720.0624,1720062.3999,47,1.0-1718950-1721388,703.0000,1.0000,1,43,True,1718950.0000,1721388.0000,1112.3999,1.1124
1,1743.9888,1720.1478,1720147.7999,47,1.0-1718950-1721388,703.0000,1.0000,1,43,True,1718950.0000,1721388.0000,1197.7999,1.1978
1,1744.0467,1720.2057,1720205.6999,47,1.0-1718950-1721388,703.0000,1.0000,1,43,True,1718950.0000,1721388.0000,1255.6999,1.2557
1,1744.0571,1720.2161,1720216.0999,47,1.0-1718950-1721388,703.0000,1.0000,1,43,True,1718950.0000,1721388.0000,1266.0999,1.2661
1,1744.0843,1720.2433,1720243.2999,47,1.0-1718950-1721388,703.0000,1.0000,1,43,True,1718950.0000,1721388.0000,1293.2999,1.2933
1,1744.1007,1720.2597,1720259.6999,47,1.0-1718950-1721388,703.0000,1.0000,1,43,True,1718950.0000,1721388.0000,1309.6999,1.3097
1,1744.1130,1720.2720,1720271.9999,47,1.0-1718950-1721388,703.0000,1.0000,1,43,True,1718950.0000,1721388.0000,1321.9999,1.3220
1,1744.1693,1720.3283,1720328.2999,47,1.0-1718950-1721388,703.0000,1.0000,1,43,True,1718950.0000,1721388.0000,1378.2999,1.3783
1,1744.2353,1720.3943,1720394.2999,47,1.0-1718950-1721388,703.0000,1.0000,1,43,True,1718950.0000,1721388.0000,1444.2999,1.4443
1,1744.3750,1720.5340,1720533.9999,47,1.0-1718950-1721388,703.0000,1.0000,1,43,True,1718950.0000,1721388.0000,1583.9999,1.5840
1,1744.3987,1720.5577,1720557.6999,47,1.0-1718950-1721388,703.0000,1.0000,1,43,True,1718950.0000,1721388.0000,1607.6999,1.6077
1,1744.4170,1720.5760,1720575.9999,47,1.0-1718950-1721388,703.0000,1.0000,1,43,True,1718950.0000,1721388.0000,1625.9999,1.6260
1,1744.4534,1720.6124,1720612.3999,47,1.0-1718950-1721388,703.0000,1.0000,1,43,True,1718950.0000,1721388.0000,1662.3999,1.6624
1,1744.4810,1720.6400,1720639.9999,47,1.0-1718950-1721388,703.0000,1.0000,1,43,True,1718950.0000,1721388.0000,1689.9999,1.6900
1,1744.4960,1720.6550,1720654.9999,47,1.0-1718950-1721388,703.0000,1.0000,1,43,True,1718950.0000,1721388.0000,1704.9999,1.7050
1,1744.5609,1720.7199,1720719.8999,47,1.0-1718950-1721388,703.0000,1.0000,1,43,True,1718950.0000,1721388.0000,1769.8999,1.7699
1,1744.5634,1720.7224,1720722.3999,47,1.0-1718950-1721388,703.0000,1.0000,1,43,True,1718950.0000,1721388.0000,1772.3999,1.7724
1,1744.8108,1720.9698,1720969.7999,47,1.0-1718950-1721388,703.0000,1.0000,1,43,True,1718950.0000,1721388.0000,2019.7999,2.0198
1,1744.8211,1720.9801,1720980.0999,47,1.0-1718950-1721388,703.0000,1.0000,1,43,True,1718950.0000,1721388.0000,2030.0999,2.0301
1,1744.8719,1721.0309,1721030.8999,47,1.0-1718950-1721388,703.0000,1.0000,1,43,True,1718950.0000,1721388.0000,2080.8999,2.0809
1,1744.8961,1721.0551,1721055.0999,47,1.0-1718950-1721388,703.0000,1.0000,1,43,True,1718950.0000,1721388.0000,2105.0999,2.1051
1,1744.9027,1721.0617,1721061.6999,47,1.0-1718950-1721388,703.0000,1.0000,1,43,True,1718950.0000,1721388.0000,2111.6999,2.1117
1,1744.9808,1721.1398,1721139.7999,47,1.0-1718950-1721388,703.0000,1.0000,1,43,True,1718950.0000,1721388.0000,2189.7999,2.1898
1,1745.0187,1721.1777,1721177.6999,47,1.0-1718950-1721388,703.0000,1.0000,1,43,True,1718950.0000,1721388.0000,2227.6999,2.2277
1,1745.0273,1721.1863,1721186.2999,47,1.0-1718950-1721388,703.0000,1.0000,1,43,True,1718950.0000,1721388.0000,2236.2999,2.2363
1,1745.0696,1721.2286,1721228.5999,47,1.0-1718950-1721388,703.0000,1.0000,1,43,True,1718950.0000,1721388.0000,2278.5999,2.2786
1,2352.5612,2328.7202,2328720.1999,48,1.0-2328716-2330086,954.0000,1.0000,1,44,True,2328716.0000,2330086.0000,4.1999,0.0042
1,2352.5828,2328.7418,2328741.7999,48,1.0-2328716-2330086,954.0000,1.0000,1,44,True,2328716.0000,2330086.0000,25.7999,0.0258
1,2352.6126,2328.7716,2328771.5999,48,1.0-2328716-2330086,954.0000,1.0000,1,44,True,2328716.0000,2330086.0000,55.5999,0.0556
1,2352.6564,2328.8154,2328815.3999,48,1.0-2328716-2330086,954.0000,1.0000,1,44,True,2328716.0000,2330086.0000,99.3999,0.0994
1,2352.7087,2328.8677,2328867.6999,48,1.0-2328716-2330086,954.0000,1.0000,1,44,True,2328716.0000,2330086.0000,151.6999,0.1517
1,2352.7166,2328.8756,2328875.5999,48,1.0-2328716-2330086,954.0000,1.0000,1,44,True,2328716.0000,2330086.0000,159.5999,0.1596
1,2352.7398,2328.8988,2328898.7999,48,1.0-2328716-2330086,954.0000,1.0000,1,44,True,2328716.0000,2330086.0000,182.7999,0.1828
1,2352.7522,2328.9112,2328911.1999,48,1.0-2328716-2330086,954.0000,1.0000,1,44,True,2328716.0000,2330086.0000,195.1999,0.1952
1,2352.7799,2328.9389,2328938.8999,48,1.0-2328716-2330086,954.0000,1.0000,1,44,True,2328716.0000,2330086.0000,222.8999,0.2229
1,2352.7931,2328.9521,2328952.0999,48,1.0-2328716-2330086,954.0000,1.0000,1,44,True,2328716.0000,2330086.0000,236.0999,0.2361
1,2352.8306,2328.9896,2328989.5999,48,1.0-2328716-2330086,954.0000,1.0000,1,44,True,2328716.0000,2330086.0000,273.5999,0.2736
1,2352.9012,2329.0602,2329060.1999,48,1.0-2328716-2330086,954.0000,1.0000,1,44,True,2328716.0000,2330086.0000,344.1999,0.3442
1,2352.9877,2329.1467,2329146.6999,48,1.0-2328716-2330086,954.0000,1.0000,1,44,True,2328716.0000,2330086.0000,430.6999,0.4307
1,2353.1189,2329.2779,2329277.8999,48,1.0-2328716-2330086,954.0000,1.0000,1,44,True,2328716.0000,2330086.0000,561.8999,0.5619
1,2353.1344,2329.2934,2329293.3999,48,1.0-2328716-2330086,954.0000,1.0000,1,44,True,2328716.0000,2330086.0000,577.3999,0.5774
1,2353.1615,2329.3205,2329320.4999,48,1.0-2328716-2330086,954.0000,1.0000,1,44,True,2328716.0000,2330086.0000,604.4999,0.6045
1,2353.1772,2329.3362,2329336.1999,48,1.0-2328716-2330086,954.0000,1.0000,1,44,True,2328716.0000,2330086.0000,620.1999,0.6202
1,2353.1888,2329.3478,2329347.7999,48,1.0-2328716-2330086,954.0000,1.0000,1,44,True,2328716.0000,2330086.0000,631.7999,0.6318
1,2353.1927,2329.3517,2329351.6999,48,1.0-2328716-2330086,954.0000,1.0000,1,44,True,2328716.0000,2330086.0000,635.6999,0.6357
1,2353.1966,2329.3556,2329355.5999,48,1.0-2328716-2330086,954.0000,1.0000,1,44,True,2328716.0000,2330086.0000,639.5999,0.6396
1,2353.1985,2329.3575,2329357.4999,48,1.0-2328716-2330086,954.0000,1.0000,1,44,True,2328716.0000,2330086.0000,641.4999,0.6415
1,2353.2081,2329.3671,2329367.0999,48,1.0-2328716-2330086,954.0000,1.0000,1,44,True,2328716.0000,2330086.0000,651.0999,0.6511
1,2353.3256,2329.4846,2329484.5999,48,1.0-2328716-2330086,954.0000,1.0000,1,44,True,2328716.0000,2330086.0000,768.5999,0.7686
1,2353.3992,2329.5582,2329558.1999,48,1.0-2328716-2330086,954.0000,1.0000,1,44,True,2328716.0000,2330086.0000,842.1999,0.8422
1,2353.4133,2329.5723,2329572.2999,48,1.0-2328716-2330086,954.0000,1.0000,1,44,True,2328716.0000,2330086.0000,856.2999,0.8563
1,2353.4291,2329.5881,2329588.0999,48,1.0-2328716-2330086,954.0000,1.0000,1,44,True,2328716.0000,2330086.0000,872.0999,0.8721
1,2353.5456,2329.7046,2329704.5999,48,1.0-2328716-2330086,954.0000,1.0000,1,44,True,2328716.0000,2330086.0000,988.5999,0.9886
1,2353.6230,2329.7820,2329781.9999,48,1.0-2328716-2330086,954.0000,1.0000,1,44,True,2328716.0000,2330086.0000,1065.9999,1.0660
1,2353.6332,2329.7922,2329792.1999,48,1.0-2328716-2330086,954.0000,1.0000,1,44,True,2328716.0000,2330086.0000,1076.1999,1.0762
1,2353.6812,2329.8402,2329840.1999,48,1.0-2328716-2330086,954.0000,1.0000,1,44,True,2328716.0000,2330086.0000,1124.1999,1.1242
1,2353.7064,2329.8654,2329865.3999,48,1.0-2328716-2330086,954.0000,1.0000,1,44,True,2328716.0000,2330086.0000,1149.3999,1.1494
1,2353.7165,2329.8755,2329875.4999,48,1.0-2328716-2330086,954.0000,1.0000,1,44,True,2328716.0000,2330086.0000,1159.4999,1.1595
1,2353.7400,2329.8990,2329898.9999,48,1.0-2328716-2330086,954.0000,1.0000,1,44,True,2328716.0000,2330086.0000,1182.9999,1.1830
1,2353.7501,2329.9091,2329909.0999,48,1.0-2328716-2330086,954.0000,1.0000,1,44,True,2328716.0000,2330086.0000,1193.0999,1.1931
1,2353.7595,2329.9185,2329918.4999,48,1.0-2328716-2330086,954.0000,1.0000,1,44,True,2328716.0000,2330086.0000,1202.4999,1.2025
1,2353.8144,2329.9734,2329973.3999,48,1.0-2328716-2330086,954.0000,1.0000,1,44,True,2328716.0000,2330086.0000,1257.3999,1.2574
1,2353.8693,2330.0283,2330028.2999,48,1.0-2328716-2330086,954.0000,1.0000,1,44,True,2328716.0000,2330086.0000,1312.2999,1.3123
1,2353.9076,2330.0666,2330066.5999,48,1.0-2328716-2330086,954.0000,1.0000,1,44,True,2328716.0000,2330086.0000,1350.5999,1.3506
1,720.3591,696.5181,696518.0999,49,1.0-696504-698141,326.0000,1.0000,0,71,True,696504.0000,698141.0000,14.0999,0.0141
1,720.3785,696.5375,696537.4999,49,1.0-696504-698141,326.0000,1.0000,0,71,True,696504.0000,698141.0000,33.4999,0.0335
1,720.4087,696.5677,696567.6999,49,1.0-696504-698141,326.0000,1.0000,0,71,True,696504.0000,698141.0000,63.6999,0.0637
1,720.5203,696.6793,696679.2999,49,1.0-696504-698141,326.0000,1.0000,0,71,True,696504.0000,698141.0000,175.2999,0.1753
1,720.6145,696.7735,696773.4999,49,1.0-696504-698141,326.0000,1.0000,0,71,True,696504.0000,698141.0000,269.4999,0.2695
1,720.6168,696.7758,696775.7999,49,1.0-696504-698141,326.0000,1.0000,0,71,True,696504.0000,698141.0000,271.7999,0.2718
1,720.6634,696.8224,696822.3999,49,1.0-696504-698141,326.0000,1.0000,0,71,True,696504.0000,698141.0000,318.3999,0.3184
1,720.6668,696.8258,696825.7999,49,1.0-696504-698141,326.0000,1.0000,0,71,True,696504.0000,698141.0000,321.7999,0.3218
1,720.7660,696.9250,696924.9999,49,1.0-696504-698141,326.0000,1.0000,0,71,True,696504.0000,698141.0000,420.9999,0.4210
1,720.7956,696.9546,696954.5999,49,1.0-696504-698141,326.0000,1.0000,0,71,True,696504.0000,698141.0000,450.5999,0.4506
1,720.8301,696.9891,696989.0999,49,1.0-696504-698141,326.0000,1.0000,0,71,True,696504.0000,698141.0000,485.0999,0.4851
1,720.8858,697.0448,697044.7999,49,1.0-696504-698141,326.0000,1.0000,0,71,True,696504.0000,698141.0000,540.7999,0.5408
1,720.9007,697.0597,697059.6999,49,1.0-696504-698141,326.0000,1.0000,0,71,True,696504.0000,698141.0000,555.6999,0.5557
1,720.9417,697.1007,697100.6999,49,1.0-696504-698141,326.0000,1.0000,0,71,True,696504.0000,698141.0000,596.6999,0.5967
1,720.9989,697.1579,697157.8999,49,1.0-696504-698141,326.0000,1.0000,0,71,True,696504.0000,698141.0000,653.8999,0.6539
1,721.0096,697.1686,697168.5999,49,1.0-696504-698141,326.0000,1.0000,0,71,True,696504.0000,698141.0000,664.5999,0.6646
1,721.0487,697.2077,697207.6999,49,1.0-696504-698141,326.0000,1.0000,0,71,True,696504.0000,698141.0000,703.6999,0.7037
1,721.0891,697.2481,697248.0999,49,1.0-696504-698141,326.0000,1.0000,0,71,True,696504.0000,698141.0000,744.0999,0.7441
1,721.0960,697.2550,697254.9999,49,1.0-696504-698141,326.0000,1.0000,0,71,True,696504.0000,698141.0000,750.9999,0.7510
1,721.1157,697.2747,697274.6999,49,1.0-696504-698141,326.0000,1.0000,0,71,True,696504.0000,698141.0000,770.6999,0.7707
1,721.1829,697.3419,697341.8999,49,1.0-696504-698141,326.0000,1.0000,0,71,True,696504.0000,698141.0000,837.8999,0.8379
1,721.1907,697.3497,697349.6999,49,1.0-696504-698141,326.0000,1.0000,0,71,True,696504.0000,698141.0000,845.6999,0.8457
1,721.2862,697.4452,697445.1999,49,1.0-696504-698141,326.0000,1.0000,0,71,True,696504.0000,698141.0000,941.1999,0.9412
1,721.3725,697.5315,697531.4999,49,1.0-696504-698141,326.0000,1.0000,0,71,True,696504.0000,698141.0000,1027.4999,1.0275
1,721.4124,697.5714,697571.3999,49,1.0-696504-698141,326.0000,1.0000,0,71,True,696504.0000,698141.0000,1067.3999,1.0674
1,721.4894,697.6484,697648.3999,49,1.0-696504-698141,326.0000,1.0000,0,71,True,696504.0000,698141.0000,1144.3999,1.1444
1,721.5165,697.6755,697675.4999,49,1.0-696504-698141,326.0000,1.0000,0,71,True,696504.0000,698141.0000,1171.4999,1.1715
1,721.5382,697.6972,697697.1999,49,1.0-696504-698141,326.0000,1.0000,0,71,True,696504.0000,698141.0000,1193.1999,1.1932
1,721.5461,697.7051,697705.0999,49,1.0-696504-698141,326.0000,1.0000,0,71,True,696504.0000,698141.0000,1201.0999,1.2011
1,721.6580,697.8170,697816.9999,49,1.0-696504-698141,326.0000,1.0000,0,71,True,696504.0000,698141.0000,1312.9999,1.3130
1,721.8270,697.9860,697985.9999,49,1.0-696504-698141,326.0000,1.0000,0,71,True,696504.0000,698141.0000,1481.9999,1.4820
1,721.8500,698.0090,698008.9999,49,1.0-696504-698141,326.0000,1.0000,0,71,True,696504.0000,698141.0000,1504.9999,1.5050
1,721.9046,698.0636,698063.5999,49,1.0-696504-698141,326.0000,1.0000,0,71,True,696504.0000,698141.0000,1559.5999,1.5596
1,721.9199,698.0789,698078.8999,49,1.0-696504-698141,326.0000,1.0000,0,71,True,696504.0000,698141.0000,1574.8999,1.5749
1,721.9535,698.1125,698112.4999,49,1.0-696504-698141,326.0000,1.0000,0,71,True,696504.0000,698141.0000,1608.4999,1.6085
1,721.9773,698.1363,698136.2999,49,1.0-696504-698141,326.0000,1.0000,0,71,True,696504.0000,698141.0000,1632.2999,1.6323
1,233.0002,209.1592,209159.1999,50,1.0-209145-210080,125.0000,1.0000,0,72,True,209145.0000,210080.0000,14.1999,0.0142
1,233.0418,209.2008,209200.7999,50,1.0-209145-210080,125.0000,1.0000,0,72,True,209145.0000,210080.0000,55.7999,0.0558
1,233.1879,209.3469,209346.8999,50,1.0-209145-210080,125.0000,1.0000,0,72,True,209145.0000,210080.0000,201.8999,0.2019
1,233.2111,209.3701,209370.0999,50,1.0-209145-210080,125.0000,1.0000,0,72,True,209145.0000,210080.0000,225.0999,0.2251
1,233.3178,209.4768,209476.7999,50,1.0-209145-210080,125.0000,1.0000,0,72,True,209145.0000,210080.0000,331.7999,0.3318
1,233.3259,209.4849,209484.8999,50,1.0-209145-210080,125.0000,1.0000,0,72,True,209145.0000,210080.0000,339.8999,0.3399
1,233.4494,209.6084,209608.3999,50,1.0-209145-210080,125.0000,1.0000,0,72,True,209145.0000,210080.0000,463.3999,0.4634
1,233.5640,209.7230,209722.9999,50,1.0-209145-210080,125.0000,1.0000,0,72,True,209145.0000,210080.0000,577.9999,0.5780
1,233.6003,209.7593,209759.2999,50,1.0-209145-210080,125.0000,1.0000,0,72,True,209145.0000,210080.0000,614.2999,0.6143
1,233.7252,209.8842,209884.1999,50,1.0-209145-210080,125.0000,1.0000,0,72,True,209145.0000,210080.0000,739.1999,0.7392
1,233.7331,209.8921,209892.0999,50,1.0-209145-210080,125.0000,1.0000,0,72,True,209145.0000,210080.0000,747.0999,0.7471
1,233.7673,209.9263,209926.2999,50,1.0-209145-210080,125.0000,1.0000,0,72,True,209145.0000,210080.0000,781.2999,0.7813
1,233.8252,209.9842,209984.1999,50,1.0-209145-210080,125.0000,1.0000,0,72,True,209145.0000,210080.0000,839.1999,0.8392
1,233.9178,210.0768,210076.7999,50,1.0-209145-210080,125.0000,1.0000,0,72,True,209145.0000,210080.0000,931.7999,0.9318
1,2077.1245,2053.2835,2053283.4999,51,1.0-2053274-2054210,852.0000,1.0000,1,45,True,2053274.0000,2054210.0000,9.4999,0.0095
1,2077.1844,2053.3434,2053343.3999,51,1.0-2053274-2054210,852.0000,1.0000,1,45,True,2053274.0000,2054210.0000,69.3999,0.0694
1,2077.1992,2053.3582,2053358.1999,51,1.0-2053274-2054210,852.0000,1.0000,1,45,True,2053274.0000,2054210.0000,84.1999,0.0842
1,2077.2015,2053.3605,2053360.4999,51,1.0-2053274-2054210,852.0000,1.0000,1,45,True,2053274.0000,2054210.0000,86.4999,0.0865
1,2077.2715,2053.4305,2053430.4999,51,1.0-2053274-2054210,852.0000,1.0000,1,45,True,2053274.0000,2054210.0000,156.4999,0.1565
1,2077.3059,2053.4649,2053464.8999,51,1.0-2053274-2054210,852.0000,1.0000,1,45,True,2053274.0000,2054210.0000,190.8999,0.1909
1,2077.3189,2053.4779,2053477.8999,51,1.0-2053274-2054210,852.0000,1.0000,1,45,True,2053274.0000,2054210.0000,203.8999,0.2039
1,2077.3631,2053.5221,2053522.0999,51,1.0-2053274-2054210,852.0000,1.0000,1,45,True,2053274.0000,2054210.0000,248.0999,0.2481
1,2077.4625,2053.6215,2053621.4999,51,1.0-2053274-2054210,852.0000,1.0000,1,45,True,2053274.0000,2054210.0000,347.4999,0.3475
1,2077.5797,2053.7387,2053738.6999,51,1.0-2053274-2054210,852.0000,1.0000,1,45,True,2053274.0000,2054210.0000,464.6999,0.4647
1,2077.6314,2053.7904,2053790.3999,51,1.0-2053274-2054210,852.0000,1.0000,1,45,True,2053274.0000,2054210.0000,516.3999,0.5164
1,2077.7399,2053.8989,2053898.8999,51,1.0-2053274-2054210,852.0000,1.0000,1,45,True,2053274.0000,2054210.0000,624.8999,0.6249
1,2077.7875,2053.9465,2053946.4999,51,1.0-2053274-2054210,852.0000,1.0000,1,45,True,2053274.0000,2054210.0000,672.4999,0.6725
1,2077.8155,2053.9745,2053974.4999,51,1.0-2053274-2054210,852.0000,1.0000,1,45,True,2053274.0000,2054210.0000,700.4999,0.7005
1,547.3165,523.4755,523475.4999,52,1.0-523430-525434,267.0000,1.0000,1,46,True,523430.0000,525434.0000,45.4999,0.0455
1,547.3191,523.4781,523478.0999,52,1.0-523430-525434,267.0000,1.0000,1,46,True,523430.0000,525434.0000,48.0999,0.0481
1,547.3226,523.4816,523481.5999,52,1.0-523430-525434,267.0000,1.0000,1,46,True,523430.0000,525434.0000,51.5999,0.0516
1,547.3429,523.5019,523501.8999,52,1.0-523430-525434,267.0000,1.0000,1,46,True,523430.0000,525434.0000,71.8999,0.0719
1,547.3863,523.5453,523545.2999,52,1.0-523430-525434,267.0000,1.0000,1,46,True,523430.0000,525434.0000,115.2999,0.1153
1,547.4462,523.6052,523605.1999,52,1.0-523430-525434,267.0000,1.0000,1,46,True,523430.0000,525434.0000,175.1999,0.1752
1,547.4879,523.6469,523646.8999,52,1.0-523430-525434,267.0000,1.0000,1,46,True,523430.0000,525434.0000,216.8999,0.2169
1,547.5154,523.6744,523674.3999,52,1.0-523430-525434,267.0000,1.0000,1,46,True,523430.0000,525434.0000,244.3999,0.2444
1,547.5804,523.7394,523739.3999,52,1.0-523430-525434,267.0000,1.0000,1,46,True,523430.0000,525434.0000,309.3999,0.3094
1,547.6426,523.8016,523801.5999,52,1.0-523430-525434,267.0000,1.0000,1,46,True,523430.0000,525434.0000,371.5999,0.3716
1,547.7025,523.8615,523861.4999,52,1.0-523430-525434,267.0000,1.0000,1,46,True,523430.0000,525434.0000,431.4999,0.4315
1,547.7394,523.8984,523898.3999,52,1.0-523430-525434,267.0000,1.0000,1,46,True,523430.0000,525434.0000,468.3999,0.4684
1,547.8405,523.9995,523999.4999,52,1.0-523430-525434,267.0000,1.0000,1,46,True,523430.0000,525434.0000,569.4999,0.5695
1,547.8964,524.0554,524055.3999,52,1.0-523430-525434,267.0000,1.0000,1,46,True,523430.0000,525434.0000,625.3999,0.6254
1,547.9066,524.0656,524065.5999,52,1.0-523430-525434,267.0000,1.0000,1,46,True,523430.0000,525434.0000,635.5999,0.6356
1,547.9091,524.0681,524068.0999,52,1.0-523430-525434,267.0000,1.0000,1,46,True,523430.0000,525434.0000,638.0999,0.6381
1,547.9703,524.1293,524129.2999,52,1.0-523430-525434,267.0000,1.0000,1,46,True,523430.0000,525434.0000,699.2999,0.6993
1,548.0029,524.1619,524161.8999,52,1.0-523430-525434,267.0000,1.0000,1,46,True,523430.0000,525434.0000,731.8999,0.7319
1,548.0408,524.1998,524199.7999,52,1.0-523430-525434,267.0000,1.0000,1,46,True,523430.0000,525434.0000,769.7999,0.7698
1,548.1790,524.3380,524337.9999,52,1.0-523430-525434,267.0000,1.0000,1,46,True,523430.0000,525434.0000,907.9999,0.9080
1,548.2257,524.3847,524384.6999,52,1.0-523430-525434,267.0000,1.0000,1,46,True,523430.0000,525434.0000,954.6999,0.9547
1,548.2784,524.4374,524437.3999,52,1.0-523430-525434,267.0000,1.0000,1,46,True,523430.0000,525434.0000,1007.3999,1.0074
1,548.3151,524.4741,524474.0999,52,1.0-523430-525434,267.0000,1.0000,1,46,True,523430.0000,525434.0000,1044.0999,1.0441
1,548.3303,524.4893,524489.2999,52,1.0-523430-525434,267.0000,1.0000,1,46,True,523430.0000,525434.0000,1059.2999,1.0593
1,548.3491,524.5081,524508.0999,52,1.0-523430-525434,267.0000,1.0000,1,46,True,523430.0000,525434.0000,1078.0999,1.0781
1,548.5200,524.6790,524678.9999,52,1.0-523430-525434,267.0000,1.0000,1,46,True,523430.0000,525434.0000,1248.9999,1.2490
1,548.6059,524.7649,524764.8999,52,1.0-523430-525434,267.0000,1.0000,1,46,True,523430.0000,525434.0000,1334.8999,1.3349
1,548.6222,524.7812,524781.1999,52,1.0-523430-525434,267.0000,1.0000,1,46,True,523430.0000,525434.0000,1351.1999,1.3512
1,548.8330,524.9920,524991.9999,52,1.0-523430-525434,267.0000,1.0000,1,46,True,523430.0000,525434.0000,1561.9999,1.5620
1,548.9056,525.0646,525064.5999,52,1.0-523430-525434,267.0000,1.0000,1,46,True,523430.0000,525434.0000,1634.5999,1.6346
1,548.9762,525.1352,525135.1999,52,1.0-523430-525434,267.0000,1.0000,1,46,True,523430.0000,525434.0000,1705.1999,1.7052
1,548.9998,525.1588,525158.7999,52,1.0-523430-525434,267.0000,1.0000,1,46,True,523430.0000,525434.0000,1728.7999,1.7288
1,549.0268,525.1858,525185.7999,52,1.0-523430-525434,267.0000,1.0000,1,46,True,523430.0000,525434.0000,1755.7999,1.7558
1,549.0539,525.2129,525212.8999,52,1.0-523430-525434,267.0000,1.0000,1,46,True,523430.0000,525434.0000,1782.8999,1.7829
1,549.0676,525.2266,525226.5999,52,1.0-523430-525434,267.0000,1.0000,1,46,True,523430.0000,525434.0000,1796.5999,1.7966
1,549.0962,525.2552,525255.1999,52,1.0-523430-525434,267.0000,1.0000,1,46,True,523430.0000,525434.0000,1825.1999,1.8252
1,549.1005,525.2595,525259.4999,52,1.0-523430-525434,267.0000,1.0000,1,46,True,523430.0000,525434.0000,1829.4999,1.8295
1,549.1096,525.2686,525268.5999,52,1.0-523430-525434,267.0000,1.0000,1,46,True,523430.0000,525434.0000,1838.5999,1.8386
1,549.2488,525.4078,525407.7999,52,1.0-523430-525434,267.0000,1.0000,1,46,True,523430.0000,525434.0000,1977.7999,1.9778
1,543.1990,519.3580,519357.9999,53,1.0-519322-520725,264.0000,1.0000,1,47,True,519322.0000,520725.0000,35.9999,0.0360
1,543.2814,519.4404,519440.3999,53,1.0-519322-520725,264.0000,1.0000,1,47,True,519322.0000,520725.0000,118.3999,0.1184
1,543.3553,519.5143,519514.2999,53,1.0-519322-520725,264.0000,1.0000,1,47,True,519322.0000,520725.0000,192.2999,0.1923
1,543.4569,519.6159,519615.8999,53,1.0-519322-520725,264.0000,1.0000,1,47,True,519322.0000,520725.0000,293.8999,0.2939
1,543.4637,519.6227,519622.6999,53,1.0-519322-520725,264.0000,1.0000,1,47,True,519322.0000,520725.0000,300.6999,0.3007
1,543.5510,519.7100,519709.9999,53,1.0-519322-520725,264.0000,1.0000,1,47,True,519322.0000,520725.0000,387.9999,0.3880
1,543.5677,519.7267,519726.6999,53,1.0-519322-520725,264.0000,1.0000,1,47,True,519322.0000,520725.0000,404.6999,0.4047
1,543.6953,519.8543,519854.2999,53,1.0-519322-520725,264.0000,1.0000,1,47,True,519322.0000,520725.0000,532.2999,0.5323
1,543.8420,520.0010,520000.9999,53,1.0-519322-520725,264.0000,1.0000,1,47,True,519322.0000,520725.0000,678.9999,0.6790
1,543.8807,520.0397,520039.6999,53,1.0-519322-520725,264.0000,1.0000,1,47,True,519322.0000,520725.0000,717.6999,0.7177
1,543.9045,520.0635,520063.4999,53,1.0-519322-520725,264.0000,1.0000,1,47,True,519322.0000,520725.0000,741.4999,0.7415
1,543.9276,520.0866,520086.5999,53,1.0-519322-520725,264.0000,1.0000,1,47,True,519322.0000,520725.0000,764.5999,0.7646
1,543.9583,520.1173,520117.2999,53,1.0-519322-520725,264.0000,1.0000,1,47,True,519322.0000,520725.0000,795.2999,0.7953
1,543.9964,520.1554,520155.3999,53,1.0-519322-520725,264.0000,1.0000,1,47,True,519322.0000,520725.0000,833.3999,0.8334
1,544.0147,520.1737,520173.6999,53,1.0-519322-520725,264.0000,1.0000,1,47,True,519322.0000,520725.0000,851.6999,0.8517
1,544.0621,520.2211,520221.0999,53,1.0-519322-520725,264.0000,1.0000,1,47,True,519322.0000,520725.0000,899.0999,0.8991
1,544.1298,520.2888,520288.7999,53,1.0-519322-520725,264.0000,1.0000,1,47,True,519322.0000,520725.0000,966.7999,0.9668
1,544.1472,520.3062,520306.1999,53,1.0-519322-520725,264.0000,1.0000,1,47,True,519322.0000,520725.0000,984.1999,0.9842
1,544.1625,520.3215,520321.4999,53,1.0-519322-520725,264.0000,1.0000,1,47,True,519322.0000,520725.0000,999.4999,0.9995
1,544.3810,520.5400,520539.9999,53,1.0-519322-520725,264.0000,1.0000,1,47,True,519322.0000,520725.0000,1217.9999,1.2180
1,544.4161,520.5751,520575.0999,53,1.0-519322-520725,264.0000,1.0000,1,47,True,519322.0000,520725.0000,1253.0999,1.2531
1,544.4893,520.6483,520648.2999,53,1.0-519322-520725,264.0000,1.0000,1,47,True,519322.0000,520725.0000,1326.2999,1.3263
1,1746.4677,1722.6267,1722626.6999,54,1.0-1722557-1724561,705.0000,1.0000,1,48,True,1722557.0000,1724561.0000,69.6999,0.0697
1,1746.5143,1722.6733,1722673.2999,54,1.0-1722557-1724561,705.0000,1.0000,1,48,True,1722557.0000,1724561.0000,116.2999,0.1163
1,1746.5265,1722.6855,1722685.4999,54,1.0-1722557-1724561,705.0000,1.0000,1,48,True,1722557.0000,1724561.0000,128.4999,0.1285
1,1746.5399,1722.6989,1722698.8999,54,1.0-1722557-1724561,705.0000,1.0000,1,48,True,1722557.0000,1724561.0000,141.8999,0.1419
1,1746.5489,1722.7079,1722707.8999,54,1.0-1722557-1724561,705.0000,1.0000,1,48,True,1722557.0000,1724561.0000,150.8999,0.1509
1,1746.6020,1722.7610,1722760.9999,54,1.0-1722557-1724561,705.0000,1.0000,1,48,True,1722557.0000,1724561.0000,203.9999,0.2040
1,1746.6049,1722.7639,1722763.8999,54,1.0-1722557-1724561,705.0000,1.0000,1,48,True,1722557.0000,1724561.0000,206.8999,0.2069
1,1746.6161,1722.7751,1722775.0999,54,1.0-1722557-1724561,705.0000,1.0000,1,48,True,1722557.0000,1724561.0000,218.0999,0.2181
1,1746.6291,1722.7881,1722788.0999,54,1.0-1722557-1724561,705.0000,1.0000,1,48,True,1722557.0000,1724561.0000,231.0999,0.2311
1,1746.6865,1722.8455,1722845.4999,54,1.0-1722557-1724561,705.0000,1.0000,1,48,True,1722557.0000,1724561.0000,288.4999,0.2885
1,1746.7465,1722.9055,1722905.4999,54,1.0-1722557-1724561,705.0000,1.0000,1,48,True,1722557.0000,1724561.0000,348.4999,0.3485
1,1746.7805,1722.9395,1722939.4999,54,1.0-1722557-1724561,705.0000,1.0000,1,48,True,1722557.0000,1724561.0000,382.4999,0.3825
1,1746.7984,1722.9574,1722957.3999,54,1.0-1722557-1724561,705.0000,1.0000,1,48,True,1722557.0000,1724561.0000,400.3999,0.4004
1,1746.8481,1723.0071,1723007.0999,54,1.0-1722557-1724561,705.0000,1.0000,1,48,True,1722557.0000,1724561.0000,450.0999,0.4501
1,1746.8710,1723.0300,1723029.9999,54,1.0-1722557-1724561,705.0000,1.0000,1,48,True,1722557.0000,1724561.0000,472.9999,0.4730
1,1746.8857,1723.0447,1723044.6999,54,1.0-1722557-1724561,705.0000,1.0000,1,48,True,1722557.0000,1724561.0000,487.6999,0.4877
1,1746.9310,1723.0900,1723089.9999,54,1.0-1722557-1724561,705.0000,1.0000,1,48,True,1722557.0000,1724561.0000,532.9999,0.5330
1,1746.9512,1723.1102,1723110.1999,54,1.0-1722557-1724561,705.0000,1.0000,1,48,True,1722557.0000,1724561.0000,553.1999,0.5532
1,1746.9970,1723.1560,1723155.9999,54,1.0-1722557-1724561,705.0000,1.0000,1,48,True,1722557.0000,1724561.0000,598.9999,0.5990
1,1747.0241,1723.1831,1723183.0999,54,1.0-1722557-1724561,705.0000,1.0000,1,48,True,1722557.0000,1724561.0000,626.0999,0.6261
1,1747.0373,1723.1963,1723196.2999,54,1.0-1722557-1724561,705.0000,1.0000,1,48,True,1722557.0000,1724561.0000,639.2999,0.6393
1,1747.0823,1723.2413,1723241.2999,54,1.0-1722557-1724561,705.0000,1.0000,1,48,True,1722557.0000,1724561.0000,684.2999,0.6843
1,1747.0873,1723.2463,1723246.2999,54,1.0-1722557-1724561,705.0000,1.0000,1,48,True,1722557.0000,1724561.0000,689.2999,0.6893
1,1747.0999,1723.2589,1723258.8999,54,1.0-1722557-1724561,705.0000,1.0000,1,48,True,1722557.0000,1724561.0000,701.8999,0.7019
1,1747.1080,1723.2670,1723266.9999,54,1.0-1722557-1724561,705.0000,1.0000,1,48,True,1722557.0000,1724561.0000,709.9999,0.7100
1,1747.1727,1723.3317,1723331.6999,54,1.0-1722557-1724561,705.0000,1.0000,1,48,True,1722557.0000,1724561.0000,774.6999,0.7747
1,1747.2335,1723.3925,1723392.4999,54,1.0-1722557-1724561,705.0000,1.0000,1,48,True,1722557.0000,1724561.0000,835.4999,0.8355
1,1747.4686,1723.6276,1723627.5999,54,1.0-1722557-1724561,705.0000,1.0000,1,48,True,1722557.0000,1724561.0000,1070.5999,1.0706
1,1747.5160,1723.6750,1723674.9999,54,1.0-1722557-1724561,705.0000,1.0000,1,48,True,1722557.0000,1724561.0000,1117.9999,1.1180
1,1747.5248,1723.6838,1723683.7999,54,1.0-1722557-1724561,705.0000,1.0000,1,48,True,1722557.0000,1724561.0000,1126.7999,1.1268
1,1747.5754,1723.7344,1723734.3999,54,1.0-1722557-1724561,705.0000,1.0000,1,48,True,1722557.0000,1724561.0000,1177.3999,1.1774
1,1747.6030,1723.7620,1723761.9999,54,1.0-1722557-1724561,705.0000,1.0000,1,48,True,1722557.0000,1724561.0000,1204.9999,1.2050
1,1747.6138,1723.7728,1723772.7999,54,1.0-1722557-1724561,705.0000,1.0000,1,48,True,1722557.0000,1724561.0000,1215.7999,1.2158
1,1747.6776,1723.8366,1723836.5999,54,1.0-1722557-1724561,705.0000,1.0000,1,48,True,1722557.0000,1724561.0000,1279.5999,1.2796
1,1747.7165,1723.8755,1723875.4999,54,1.0-1722557-1724561,705.0000,1.0000,1,48,True,1722557.0000,1724561.0000,1318.4999,1.3185
1,1747.7369,1723.8959,1723895.8999,54,1.0-1722557-1724561,705.0000,1.0000,1,48,True,1722557.0000,1724561.0000,1338.8999,1.3389
1,1747.7704,1723.9294,1723929.3999,54,1.0-1722557-1724561,705.0000,1.0000,1,48,True,1722557.0000,1724561.0000,1372.3999,1.3724
1,1747.7923,1723.9513,1723951.2999,54,1.0-1722557-1724561,705.0000,1.0000,1,48,True,1722557.0000,1724561.0000,1394.2999,1.3943
1,1747.7939,1723.9529,1723952.8999,54,1.0-1722557-1724561,705.0000,1.0000,1,48,True,1722557.0000,1724561.0000,1395.8999,1.3959
1,1747.8150,1723.9740,1723973.9999,54,1.0-1722557-1724561,705.0000,1.0000,1,48,True,1722557.0000,1724561.0000,1416.9999,1.4170
1,1747.8470,1724.0060,1724005.9999,54,1.0-1722557-1724561,705.0000,1.0000,1,48,True,1722557.0000,1724561.0000,1448.9999,1.4490
1,1747.8846,1724.0436,1724043.5999,54,1.0-1722557-1724561,705.0000,1.0000,1,48,True,1722557.0000,1724561.0000,1486.5999,1.4866
1,1747.8945,1724.0535,1724053.4999,54,1.0-1722557-1724561,705.0000,1.0000,1,48,True,1722557.0000,1724561.0000,1496.4999,1.4965
1,1747.9231,1724.0821,1724082.0999,54,1.0-1722557-1724561,705.0000,1.0000,1,48,True,1722557.0000,1724561.0000,1525.0999,1.5251
1,1747.9345,1724.0935,1724093.4999,54,1.0-1722557-1724561,705.0000,1.0000,1,48,True,1722557.0000,1724561.0000,1536.4999,1.5365
1,1747.9624,1724.1214,1724121.3999,54,1.0-1722557-1724561,705.0000,1.0000,1,48,True,1722557.0000,1724561.0000,1564.3999,1.5644
1,1747.9742,1724.1332,1724133.1999,54,1.0-1722557-1724561,705.0000,1.0000,1,48,True,1722557.0000,1724561.0000,1576.1999,1.5762
1,1748.0108,1724.1698,1724169.7999,54,1.0-1722557-1724561,705.0000,1.0000,1,48,True,1722557.0000,1724561.0000,1612.7999,1.6128
1,1748.0330,1724.1920,1724191.9999,54,1.0-1722557-1724561,705.0000,1.0000,1,48,True,1722557.0000,1724561.0000,1634.9999,1.6350
1,1748.0558,1724.2148,1724214.7999,54,1.0-1722557-1724561,705.0000,1.0000,1,48,True,1722557.0000,1724561.0000,1657.7999,1.6578
1,1748.1129,1724.2719,1724271.8999,54,1.0-1722557-1724561,705.0000,1.0000,1,48,True,1722557.0000,1724561.0000,1714.8999,1.7149
1,1748.1234,1724.2824,1724282.3999,54,1.0-1722557-1724561,705.0000,1.0000,1,48,True,1722557.0000,1724561.0000,1725.3999,1.7254
1,1748.1425,1724.3015,1724301.4999,54,1.0-1722557-1724561,705.0000,1.0000,1,48,True,1722557.0000,1724561.0000,1744.4999,1.7445
1,1748.1596,1724.3186,1724318.5999,54,1.0-1722557-1724561,705.0000,1.0000,1,48,True,1722557.0000,1724561.0000,1761.5999,1.7616
1,1748.2574,1724.4164,1724416.3999,54,1.0-1722557-1724561,705.0000,1.0000,1,48,True,1722557.0000,1724561.0000,1859.3999,1.8594
1,1748.2998,1724.4588,1724458.7999,54,1.0-1722557-1724561,705.0000,1.0000,1,48,True,1722557.0000,1724561.0000,1901.7999,1.9018
1,1748.3391,1724.4981,1724498.0999,54,1.0-1722557-1724561,705.0000,1.0000,1,48,True,1722557.0000,1724561.0000,1941.0999,1.9411
1,1748.3415,1724.5005,1724500.4999,54,1.0-1722557-1724561,705.0000,1.0000,1,48,True,1722557.0000,1724561.0000,1943.4999,1.9435
1,2062.6347,2038.7937,2038793.6999,55,1.0-2038779-2041518,848.0000,1.0000,1,49,True,2038779.0000,2041518.0000,14.6999,0.0147
1,2062.7259,2038.8849,2038884.8999,55,1.0-2038779-2041518,848.0000,1.0000,1,49,True,2038779.0000,2041518.0000,105.8999,0.1059
1,2062.7805,2038.9395,2038939.4999,55,1.0-2038779-2041518,848.0000,1.0000,1,49,True,2038779.0000,2041518.0000,160.4999,0.1605
1,2062.8050,2038.9640,2038963.9999,55,1.0-2038779-2041518,848.0000,1.0000,1,49,True,2038779.0000,2041518.0000,184.9999,0.1850
1,2062.8366,2038.9956,2038995.5999,55,1.0-2038779-2041518,848.0000,1.0000,1,49,True,2038779.0000,2041518.0000,216.5999,0.2166
1,2062.8617,2039.0207,2039020.6999,55,1.0-2038779-2041518,848.0000,1.0000,1,49,True,2038779.0000,2041518.0000,241.6999,0.2417
1,2062.9975,2039.1565,2039156.4999,55,1.0-2038779-2041518,848.0000,1.0000,1,49,True,2038779.0000,2041518.0000,377.4999,0.3775
1,2063.0274,2039.1864,2039186.3999,55,1.0-2038779-2041518,848.0000,1.0000,1,49,True,2038779.0000,2041518.0000,407.3999,0.4074
1,2063.0438,2039.2028,2039202.7999,55,1.0-2038779-2041518,848.0000,1.0000,1,49,True,2038779.0000,2041518.0000,423.7999,0.4238
1,2063.0790,2039.2380,2039237.9999,55,1.0-2038779-2041518,848.0000,1.0000,1,49,True,2038779.0000,2041518.0000,458.9999,0.4590
1,2063.1216,2039.2806,2039280.5999,55,1.0-2038779-2041518,848.0000,1.0000,1,49,True,2038779.0000,2041518.0000,501.5999,0.5016
1,2063.1671,2039.3261,2039326.0999,55,1.0-2038779-2041518,848.0000,1.0000,1,49,True,2038779.0000,2041518.0000,547.0999,0.5471
1,2063.1839,2039.3429,2039342.8999,55,1.0-2038779-2041518,848.0000,1.0000,1,49,True,2038779.0000,2041518.0000,563.8999,0.5639
1,2063.1958,2039.3548,2039354.7999,55,1.0-2038779-2041518,848.0000,1.0000,1,49,True,2038779.0000,2041518.0000,575.7999,0.5758
1,2063.2280,2039.3870,2039386.9999,55,1.0-2038779-2041518,848.0000,1.0000,1,49,True,2038779.0000,2041518.0000,607.9999,0.6080
1,2063.2863,2039.4453,2039445.2999,55,1.0-2038779-2041518,848.0000,1.0000,1,49,True,2038779.0000,2041518.0000,666.2999,0.6663
1,2063.3300,2039.4890,2039488.9999,55,1.0-2038779-2041518,848.0000,1.0000,1,49,True,2038779.0000,2041518.0000,709.9999,0.7100
1,2063.3577,2039.5167,2039516.6999,55,1.0-2038779-2041518,848.0000,1.0000,1,49,True,2038779.0000,2041518.0000,737.6999,0.7377
1,2063.3837,2039.5427,2039542.6999,55,1.0-2038779-2041518,848.0000,1.0000,1,49,True,2038779.0000,2041518.0000,763.6999,0.7637
1,2063.4123,2039.5713,2039571.2999,55,1.0-2038779-2041518,848.0000,1.0000,1,49,True,2038779.0000,2041518.0000,792.2999,0.7923
1,2063.4861,2039.6451,2039645.0999,55,1.0-2038779-2041518,848.0000,1.0000,1,49,True,2038779.0000,2041518.0000,866.0999,0.8661
1,2063.5519,2039.7109,2039710.8999,55,1.0-2038779-2041518,848.0000,1.0000,1,49,True,2038779.0000,2041518.0000,931.8999,0.9319
1,2063.5651,2039.7241,2039724.0999,55,1.0-2038779-2041518,848.0000,1.0000,1,49,True,2038779.0000,2041518.0000,945.0999,0.9451
1,2063.5821,2039.7411,2039741.0999,55,1.0-2038779-2041518,848.0000,1.0000,1,49,True,2038779.0000,2041518.0000,962.0999,0.9621
1,2063.6023,2039.7613,2039761.2999,55,1.0-2038779-2041518,848.0000,1.0000,1,49,True,2038779.0000,2041518.0000,982.2999,0.9823
1,2063.6515,2039.8105,2039810.4999,55,1.0-2038779-2041518,848.0000,1.0000,1,49,True,2038779.0000,2041518.0000,1031.4999,1.0315
1,2063.6991,2039.8581,2039858.0999,55,1.0-2038779-2041518,848.0000,1.0000,1,49,True,2038779.0000,2041518.0000,1079.0999,1.0791
1,2063.7545,2039.9135,2039913.4999,55,1.0-2038779-2041518,848.0000,1.0000,1,49,True,2038779.0000,2041518.0000,1134.4999,1.1345
1,2063.7703,2039.9293,2039929.2999,55,1.0-2038779-2041518,848.0000,1.0000,1,49,True,2038779.0000,2041518.0000,1150.2999,1.1503
1,2063.8214,2039.9804,2039980.3999,55,1.0-2038779-2041518,848.0000,1.0000,1,49,True,2038779.0000,2041518.0000,1201.3999,1.2014
1,2063.8609,2040.0199,2040019.8999,55,1.0-2038779-2041518,848.0000,1.0000,1,49,True,2038779.0000,2041518.0000,1240.8999,1.2409
1,2063.8647,2040.0237,2040023.6999,55,1.0-2038779-2041518,848.0000,1.0000,1,49,True,2038779.0000,2041518.0000,1244.6999,1.2447
1,2063.8809,2040.0399,2040039.8999,55,1.0-2038779-2041518,848.0000,1.0000,1,49,True,2038779.0000,2041518.0000,1260.8999,1.2609
1,2064.0834,2040.2424,2040242.3999,55,1.0-2038779-2041518,848.0000,1.0000,1,49,True,2038779.0000,2041518.0000,1463.3999,1.4634
1,2064.1435,2040.3025,2040302.4999,55,1.0-2038779-2041518,848.0000,1.0000,1,49,True,2038779.0000,2041518.0000,1523.4999,1.5235
1,2064.1501,2040.3091,2040309.0999,55,1.0-2038779-2041518,848.0000,1.0000,1,49,True,2038779.0000,2041518.0000,1530.0999,1.5301
1,2064.1879,2040.3469,2040346.8999,55,1.0-2038779-2041518,848.0000,1.0000,1,49,True,2038779.0000,2041518.0000,1567.8999,1.5679
1,2064.2178,2040.3768,2040376.7999,55,1.0-2038779-2041518,848.0000,1.0000,1,49,True,2038779.0000,2041518.0000,1597.7999,1.5978
1,2064.2755,2040.4345,2040434.4999,55,1.0-2038779-2041518,848.0000,1.0000,1,49,True,2038779.0000,2041518.0000,1655.4999,1.6555
1,2064.3213,2040.4803,2040480.2999,55,1.0-2038779-2041518,848.0000,1.0000,1,49,True,2038779.0000,2041518.0000,1701.2999,1.7013
1,2064.3500,2040.5090,2040508.9999,55,1.0-2038779-2041518,848.0000,1.0000,1,49,True,2038779.0000,2041518.0000,1729.9999,1.7300
1,2064.3623,2040.5213,2040521.2999,55,1.0-2038779-2041518,848.0000,1.0000,1,49,True,2038779.0000,2041518.0000,1742.2999,1.7423
1,2064.3974,2040.5564,2040556.3999,55,1.0-2038779-2041518,848.0000,1.0000,1,49,True,2038779.0000,2041518.0000,1777.3999,1.7774
1,2064.4009,2040.5599,2040559.8999,55,1.0-2038779-2041518,848.0000,1.0000,1,49,True,2038779.0000,2041518.0000,1780.8999,1.7809
1,2064.4568,2040.6158,2040615.7999,55,1.0-2038779-2041518,848.0000,1.0000,1,49,True,2038779.0000,2041518.0000,1836.7999,1.8368
1,2064.4976,2040.6566,2040656.5999,55,1.0-2038779-2041518,848.0000,1.0000,1,49,True,2038779.0000,2041518.0000,1877.5999,1.8776
1,2064.5215,2040.6805,2040680.4999,55,1.0-2038779-2041518,848.0000,1.0000,1,49,True,2038779.0000,2041518.0000,1901.4999,1.9015
1,2064.6990,2040.8580,2040857.9999,55,1.0-2038779-2041518,848.0000,1.0000,1,49,True,2038779.0000,2041518.0000,2078.9999,2.0790
1,2064.7240,2040.8830,2040882.9999,55,1.0-2038779-2041518,848.0000,1.0000,1,49,True,2038779.0000,2041518.0000,2103.9999,2.1040
1,2064.7659,2040.9249,2040924.8999,55,1.0-2038779-2041518,848.0000,1.0000,1,49,True,2038779.0000,2041518.0000,2145.8999,2.1459
1,2064.8951,2041.0541,2041054.0999,55,1.0-2038779-2041518,848.0000,1.0000,1,49,True,2038779.0000,2041518.0000,2275.0999,2.2751
1,2064.9238,2041.0828,2041082.7999,55,1.0-2038779-2041518,848.0000,1.0000,1,49,True,2038779.0000,2041518.0000,2303.7999,2.3038
1,2064.9602,2041.1192,2041119.1999,55,1.0-2038779-2041518,848.0000,1.0000,1,49,True,2038779.0000,2041518.0000,2340.1999,2.3402
1,2064.9660,2041.1250,2041124.9999,55,1.0-2038779-2041518,848.0000,1.0000,1,49,True,2038779.0000,2041518.0000,2345.9999,2.3460
1,2064.9933,2041.1523,2041152.2999,55,1.0-2038779-2041518,848.0000,1.0000,1,49,True,2038779.0000,2041518.0000,2373.2999,2.3733
1,2065.0022,2041.1612,2041161.1999,55,1.0-2038779-2041518,848.0000,1.0000,1,49,True,2038779.0000,2041518.0000,2382.1999,2.3822
1,2065.0180,2041.1770,2041176.9999,55,1.0-2038779-2041518,848.0000,1.0000,1,49,True,2038779.0000,2041518.0000,2397.9999,2.3980
1,2065.0404,2041.1994,2041199.3999,55,1.0-2038779-2041518,848.0000,1.0000,1,49,True,2038779.0000,2041518.0000,2420.3999,2.4204
1,2065.0553,2041.2143,2041214.2999,55,1.0-2038779-2041518,848.0000,1.0000,1,49,True,2038779.0000,2041518.0000,2435.2999,2.4353
1,2065.0730,2041.2320,2041231.9999,55,1.0-2038779-2041518,848.0000,1.0000,1,49,True,2038779.0000,2041518.0000,2452.9999,2.4530
1,2065.0765,2041.2355,2041235.4999,55,1.0-2038779-2041518,848.0000,1.0000,1,49,True,2038779.0000,2041518.0000,2456.4999,2.4565
1,2065.1746,2041.3336,2041333.5999,55,1.0-2038779-2041518,848.0000,1.0000,1,49,True,2038779.0000,2041518.0000,2554.5999,2.5546
1,2065.2686,2041.4276,2041427.5999,55,1.0-2038779-2041518,848.0000,1.0000,1,49,True,2038779.0000,2041518.0000,2648.5999,2.6486
1,112.7337,88.8927,88892.6999,56,1.0-88875-90545,51.0000,1.0000,1,50,True,88875.0000,90545.0000,17.6999,0.0177
1,112.7972,88.9562,88956.1999,56,1.0-88875-90545,51.0000,1.0000,1,50,True,88875.0000,90545.0000,81.1999,0.0812
1,112.8599,89.0189,89018.8999,56,1.0-88875-90545,51.0000,1.0000,1,50,True,88875.0000,90545.0000,143.8999,0.1439
1,112.8810,89.0400,89039.9999,56,1.0-88875-90545,51.0000,1.0000,1,50,True,88875.0000,90545.0000,164.9999,0.1650
1,112.8955,89.0545,89054.4999,56,1.0-88875-90545,51.0000,1.0000,1,50,True,88875.0000,90545.0000,179.4999,0.1795
1,112.9404,89.0994,89099.3999,56,1.0-88875-90545,51.0000,1.0000,1,50,True,88875.0000,90545.0000,224.3999,0.2244
1,112.9638,89.1228,89122.7999,56,1.0-88875-90545,51.0000,1.0000,1,50,True,88875.0000,90545.0000,247.7999,0.2478
1,112.9829,89.1419,89141.8999,56,1.0-88875-90545,51.0000,1.0000,1,50,True,88875.0000,90545.0000,266.8999,0.2669
1,113.0014,89.1604,89160.3999,56,1.0-88875-90545,51.0000,1.0000,1,50,True,88875.0000,90545.0000,285.3999,0.2854
1,113.0423,89.2013,89201.2999,56,1.0-88875-90545,51.0000,1.0000,1,50,True,88875.0000,90545.0000,326.2999,0.3263
1,113.0726,89.2316,89231.5999,56,1.0-88875-90545,51.0000,1.0000,1,50,True,88875.0000,90545.0000,356.5999,0.3566
1,113.0984,89.2574,89257.3999,56,1.0-88875-90545,51.0000,1.0000,1,50,True,88875.0000,90545.0000,382.3999,0.3824
1,113.1012,89.2602,89260.1999,56,1.0-88875-90545,51.0000,1.0000,1,50,True,88875.0000,90545.0000,385.1999,0.3852
1,113.1234,89.2824,89282.3999,56,1.0-88875-90545,51.0000,1.0000,1,50,True,88875.0000,90545.0000,407.3999,0.4074
1,113.1494,89.3084,89308.3999,56,1.0-88875-90545,51.0000,1.0000,1,50,True,88875.0000,90545.0000,433.3999,0.4334
1,113.2720,89.4310,89430.9999,56,1.0-88875-90545,51.0000,1.0000,1,50,True,88875.0000,90545.0000,555.9999,0.5560
1,113.2917,89.4507,89450.6999,56,1.0-88875-90545,51.0000,1.0000,1,50,True,88875.0000,90545.0000,575.6999,0.5757
1,113.3081,89.4671,89467.0999,56,1.0-88875-90545,51.0000,1.0000,1,50,True,88875.0000,90545.0000,592.0999,0.5921
1,113.3189,89.4779,89477.8999,56,1.0-88875-90545,51.0000,1.0000,1,50,True,88875.0000,90545.0000,602.8999,0.6029
1,113.4136,89.5726,89572.5999,56,1.0-88875-90545,51.0000,1.0000,1,50,True,88875.0000,90545.0000,697.5999,0.6976
1,113.4559,89.6149,89614.8999,56,1.0-88875-90545,51.0000,1.0000,1,50,True,88875.0000,90545.0000,739.8999,0.7399
1,113.4874,89.6464,89646.3999,56,1.0-88875-90545,51.0000,1.0000,1,50,True,88875.0000,90545.0000,771.3999,0.7714
1,113.5299,89.6889,89688.8999,56,1.0-88875-90545,51.0000,1.0000,1,50,True,88875.0000,90545.0000,813.8999,0.8139
1,113.5686,89.7276,89727.5999,56,1.0-88875-90545,51.0000,1.0000,1,50,True,88875.0000,90545.0000,852.5999,0.8526
1,113.5713,89.7303,89730.2999,56,1.0-88875-90545,51.0000,1.0000,1,50,True,88875.0000,90545.0000,855.2999,0.8553
1,113.5975,89.7565,89756.4999,56,1.0-88875-90545,51.0000,1.0000,1,50,True,88875.0000,90545.0000,881.4999,0.8815
1,113.6531,89.8121,89812.0999,56,1.0-88875-90545,51.0000,1.0000,1,50,True,88875.0000,90545.0000,937.0999,0.9371
1,113.6740,89.8330,89832.9999,56,1.0-88875-90545,51.0000,1.0000,1,50,True,88875.0000,90545.0000,957.9999,0.9580
1,113.6838,89.8428,89842.7999,56,1.0-88875-90545,51.0000,1.0000,1,50,True,88875.0000,90545.0000,967.7999,0.9678
1,113.7513,89.9103,89910.2999,56,1.0-88875-90545,51.0000,1.0000,1,50,True,88875.0000,90545.0000,1035.2999,1.0353
1,113.7959,89.9549,89954.8999,56,1.0-88875-90545,51.0000,1.0000,1,50,True,88875.0000,90545.0000,1079.8999,1.0799
1,113.8132,89.9722,89972.1999,56,1.0-88875-90545,51.0000,1.0000,1,50,True,88875.0000,90545.0000,1097.1999,1.0972
1,113.8574,90.0164,90016.3999,56,1.0-88875-90545,51.0000,1.0000,1,50,True,88875.0000,90545.0000,1141.3999,1.1414
1,113.8809,90.0399,90039.8999,56,1.0-88875-90545,51.0000,1.0000,1,50,True,88875.0000,90545.0000,1164.8999,1.1649
1,113.9205,90.0795,90079.4999,56,1.0-88875-90545,51.0000,1.0000,1,50,True,88875.0000,90545.0000,1204.4999,1.2045
1,113.9731,90.1321,90132.0999,56,1.0-88875-90545,51.0000,1.0000,1,50,True,88875.0000,90545.0000,1257.0999,1.2571
1,114.0510,90.2100,90209.9999,56,1.0-88875-90545,51.0000,1.0000,1,50,True,88875.0000,90545.0000,1334.9999,1.3350
1,114.0819,90.2409,90240.8999,56,1.0-88875-90545,51.0000,1.0000,1,50,True,88875.0000,90545.0000,1365.8999,1.3659
1,114.0982,90.2572,90257.1999,56,1.0-88875-90545,51.0000,1.0000,1,50,True,88875.0000,90545.0000,1382.1999,1.3822
1,114.1295,90.2885,90288.4999,56,1.0-88875-90545,51.0000,1.0000,1,50,True,88875.0000,90545.0000,1413.4999,1.4135
1,114.1415,90.3005,90300.4999,56,1.0-88875-90545,51.0000,1.0000,1,50,True,88875.0000,90545.0000,1425.4999,1.4255
1,114.1636,90.3226,90322.5999,56,1.0-88875-90545,51.0000,1.0000,1,50,True,88875.0000,90545.0000,1447.5999,1.4476
1,114.1703,90.3293,90329.2999,56,1.0-88875-90545,51.0000,1.0000,1,50,True,88875.0000,90545.0000,1454.2999,1.4543
1,114.2653,90.4243,90424.2999,56,1.0-88875-90545,51.0000,1.0000,1,50,True,88875.0000,90545.0000,1549.2999,1.5493
1,114.3005,90.4595,90459.4999,56,1.0-88875-90545,51.0000,1.0000,1,50,True,88875.0000,90545.0000,1584.4999,1.5845
1,126.2791,102.4381,102438.0999,57,1.0-102402-103170,58.0000,1.0000,1,51,True,102402.0000,103170.0000,36.0999,0.0361
1,126.2930,102.4520,102451.9999,57,1.0-102402-103170,58.0000,1.0000,1,51,True,102402.0000,103170.0000,49.9999,0.0500
1,126.3054,102.4644,102464.3999,57,1.0-102402-103170,58.0000,1.0000,1,51,True,102402.0000,103170.0000,62.3999,0.0624
1,126.3772,102.5362,102536.1999,57,1.0-102402-103170,58.0000,1.0000,1,51,True,102402.0000,103170.0000,134.1999,0.1342
1,126.4109,102.5699,102569.8999,57,1.0-102402-103170,58.0000,1.0000,1,51,True,102402.0000,103170.0000,167.8999,0.1679
1,126.4667,102.6257,102625.6999,57,1.0-102402-103170,58.0000,1.0000,1,51,True,102402.0000,103170.0000,223.6999,0.2237
1,126.5254,102.6844,102684.3999,57,1.0-102402-103170,58.0000,1.0000,1,51,True,102402.0000,103170.0000,282.3999,0.2824
1,126.6368,102.7958,102795.7999,57,1.0-102402-103170,58.0000,1.0000,1,51,True,102402.0000,103170.0000,393.7999,0.3938
1,126.7469,102.9059,102905.8999,57,1.0-102402-103170,58.0000,1.0000,1,51,True,102402.0000,103170.0000,503.8999,0.5039
1,126.7861,102.9451,102945.0999,57,1.0-102402-103170,58.0000,1.0000,1,51,True,102402.0000,103170.0000,543.0999,0.5431
1,126.8195,102.9785,102978.4999,57,1.0-102402-103170,58.0000,1.0000,1,51,True,102402.0000,103170.0000,576.4999,0.5765
1,126.9170,103.0760,103075.9999,57,1.0-102402-103170,58.0000,1.0000,1,51,True,102402.0000,103170.0000,673.9999,0.6740
1,126.9387,103.0977,103097.6999,57,1.0-102402-103170,58.0000,1.0000,1,51,True,102402.0000,103170.0000,695.6999,0.6957
1,126.9434,103.1024,103102.3999,57,1.0-102402-103170,58.0000,1.0000,1,51,True,102402.0000,103170.0000,700.3999,0.7004
1,126.9559,103.1149,103114.8999,57,1.0-102402-103170,58.0000,1.0000,1,51,True,102402.0000,103170.0000,712.8999,0.7129
1,126.9889,103.1479,103147.8999,57,1.0-102402-103170,58.0000,1.0000,1,51,True,102402.0000,103170.0000,745.8999,0.7459
1,126.9989,103.1579,103157.8999,57,1.0-102402-103170,58.0000,1.0000,1,51,True,102402.0000,103170.0000,755.8999,0.7559
1,127.0104,103.1694,103169.3999,57,1.0-102402-103170,58.0000,1.0000,1,51,True,102402.0000,103170.0000,767.3999,0.7674
1,1181.9776,1158.1366,1158136.5999,58,1.0-1158046-1160117,477.0000,1.0000,1,52,True,1158046.0000,1160117.0000,90.5999,0.0906
1,1182.0831,1158.2421,1158242.0999,58,1.0-1158046-1160117,477.0000,1.0000,1,52,True,1158046.0000,1160117.0000,196.0999,0.1961
1,1182.1208,1158.2798,1158279.7999,58,1.0-1158046-1160117,477.0000,1.0000,1,52,True,1158046.0000,1160117.0000,233.7999,0.2338
1,1182.1682,1158.3272,1158327.1999,58,1.0-1158046-1160117,477.0000,1.0000,1,52,True,1158046.0000,1160117.0000,281.1999,0.2812
1,1182.2277,1158.3867,1158386.6999,58,1.0-1158046-1160117,477.0000,1.0000,1,52,True,1158046.0000,1160117.0000,340.6999,0.3407
1,1182.2561,1158.4151,1158415.0999,58,1.0-1158046-1160117,477.0000,1.0000,1,52,True,1158046.0000,1160117.0000,369.0999,0.3691
1,1182.2833,1158.4423,1158442.2999,58,1.0-1158046-1160117,477.0000,1.0000,1,52,True,1158046.0000,1160117.0000,396.2999,0.3963
1,1182.3087,1158.4677,1158467.6999,58,1.0-1158046-1160117,477.0000,1.0000,1,52,True,1158046.0000,1160117.0000,421.6999,0.4217
1,1182.3407,1158.4997,1158499.6999,58,1.0-1158046-1160117,477.0000,1.0000,1,52,True,1158046.0000,1160117.0000,453.6999,0.4537
1,1182.3851,1158.5441,1158544.0999,58,1.0-1158046-1160117,477.0000,1.0000,1,52,True,1158046.0000,1160117.0000,498.0999,0.4981
1,1182.4159,1158.5749,1158574.8999,58,1.0-1158046-1160117,477.0000,1.0000,1,52,True,1158046.0000,1160117.0000,528.8999,0.5289
1,1182.4322,1158.5912,1158591.1999,58,1.0-1158046-1160117,477.0000,1.0000,1,52,True,1158046.0000,1160117.0000,545.1999,0.5452
1,1182.4540,1158.6130,1158612.9999,58,1.0-1158046-1160117,477.0000,1.0000,1,52,True,1158046.0000,1160117.0000,566.9999,0.5670
1,1182.4769,1158.6359,1158635.8999,58,1.0-1158046-1160117,477.0000,1.0000,1,52,True,1158046.0000,1160117.0000,589.8999,0.5899
1,1182.5267,1158.6857,1158685.6999,58,1.0-1158046-1160117,477.0000,1.0000,1,52,True,1158046.0000,1160117.0000,639.6999,0.6397
1,1182.5601,1158.7191,1158719.0999,58,1.0-1158046-1160117,477.0000,1.0000,1,52,True,1158046.0000,1160117.0000,673.0999,0.6731
1,1182.6094,1158.7684,1158768.3999,58,1.0-1158046-1160117,477.0000,1.0000,1,52,True,1158046.0000,1160117.0000,722.3999,0.7224
1,1182.6181,1158.7771,1158777.0999,58,1.0-1158046-1160117,477.0000,1.0000,1,52,True,1158046.0000,1160117.0000,731.0999,0.7311
1,1182.6321,1158.7911,1158791.0999,58,1.0-1158046-1160117,477.0000,1.0000,1,52,True,1158046.0000,1160117.0000,745.0999,0.7451
1,1182.6982,1158.8572,1158857.1999,58,1.0-1158046-1160117,477.0000,1.0000,1,52,True,1158046.0000,1160117.0000,811.1999,0.8112
1,1182.7130,1158.8720,1158871.9999,58,1.0-1158046-1160117,477.0000,1.0000,1,52,True,1158046.0000,1160117.0000,825.9999,0.8260
1,1182.7283,1158.8873,1158887.2999,58,1.0-1158046-1160117,477.0000,1.0000,1,52,True,1158046.0000,1160117.0000,841.2999,0.8413
1,1182.7559,1158.9149,1158914.8999,58,1.0-1158046-1160117,477.0000,1.0000,1,52,True,1158046.0000,1160117.0000,868.8999,0.8689
1,1182.7831,1158.9421,1158942.0999,58,1.0-1158046-1160117,477.0000,1.0000,1,52,True,1158046.0000,1160117.0000,896.0999,0.8961
1,1182.8032,1158.9622,1158962.1999,58,1.0-1158046-1160117,477.0000,1.0000,1,52,True,1158046.0000,1160117.0000,916.1999,0.9162
1,1182.8784,1159.0374,1159037.3999,58,1.0-1158046-1160117,477.0000,1.0000,1,52,True,1158046.0000,1160117.0000,991.3999,0.9914
1,1182.9139,1159.0729,1159072.8999,58,1.0-1158046-1160117,477.0000,1.0000,1,52,True,1158046.0000,1160117.0000,1026.8999,1.0269
1,1183.0999,1159.2589,1159258.8999,58,1.0-1158046-1160117,477.0000,1.0000,1,52,True,1158046.0000,1160117.0000,1212.8999,1.2129
1,1183.1420,1159.3010,1159300.9999,58,1.0-1158046-1160117,477.0000,1.0000,1,52,True,1158046.0000,1160117.0000,1254.9999,1.2550
1,1183.1880,1159.3470,1159346.9999,58,1.0-1158046-1160117,477.0000,1.0000,1,52,True,1158046.0000,1160117.0000,1300.9999,1.3010
1,1183.2098,1159.3688,1159368.7999,58,1.0-1158046-1160117,477.0000,1.0000,1,52,True,1158046.0000,1160117.0000,1322.7999,1.3228
1,1183.3372,1159.4962,1159496.1999,58,1.0-1158046-1160117,477.0000,1.0000,1,52,True,1158046.0000,1160117.0000,1450.1999,1.4502
1,1183.4571,1159.6161,1159616.0999,58,1.0-1158046-1160117,477.0000,1.0000,1,52,True,1158046.0000,1160117.0000,1570.0999,1.5701
1,1183.5498,1159.7088,1159708.7999,58,1.0-1158046-1160117,477.0000,1.0000,1,52,True,1158046.0000,1160117.0000,1662.7999,1.6628
1,1183.5553,1159.7143,1159714.2999,58,1.0-1158046-1160117,477.0000,1.0000,1,52,True,1158046.0000,1160117.0000,1668.2999,1.6683
1,1183.6007,1159.7597,1159759.6999,58,1.0-1158046-1160117,477.0000,1.0000,1,52,True,1158046.0000,1160117.0000,1713.6999,1.7137
1,1183.6144,1159.7734,1159773.3999,58,1.0-1158046-1160117,477.0000,1.0000,1,52,True,1158046.0000,1160117.0000,1727.3999,1.7274
1,1183.6574,1159.8164,1159816.3999,58,1.0-1158046-1160117,477.0000,1.0000,1,52,True,1158046.0000,1160117.0000,1770.3999,1.7704
1,1183.6746,1159.8336,1159833.5999,58,1.0-1158046-1160117,477.0000,1.0000,1,52,True,1158046.0000,1160117.0000,1787.5999,1.7876
1,1183.7101,1159.8691,1159869.0999,58,1.0-1158046-1160117,477.0000,1.0000,1,52,True,1158046.0000,1160117.0000,1823.0999,1.8231
1,1183.7365,1159.8955,1159895.4999,58,1.0-1158046-1160117,477.0000,1.0000,1,52,True,1158046.0000,1160117.0000,1849.4999,1.8495
1,1183.7772,1159.9362,1159936.1999,58,1.0-1158046-1160117,477.0000,1.0000,1,52,True,1158046.0000,1160117.0000,1890.1999,1.8902
1,1183.7890,1159.9480,1159947.9999,58,1.0-1158046-1160117,477.0000,1.0000,1,52,True,1158046.0000,1160117.0000,1901.9999,1.9020
1,1183.8914,1160.0504,1160050.3999,58,1.0-1158046-1160117,477.0000,1.0000,1,52,True,1158046.0000,1160117.0000,2004.3999,2.0044
1,1183.9114,1160.0704,1160070.3999,58,1.0-1158046-1160117,477.0000,1.0000,1,52,True,1158046.0000,1160117.0000,2024.3999,2.0244
1,1183.9378,1160.0968,1160096.7999,58,1.0-1158046-1160117,477.0000,1.0000,1,52,True,1158046.0000,1160117.0000,2050.7999,2.0508
1,1183.9471,1160.1061,1160106.0999,58,1.0-1158046-1160117,477.0000,1.0000,1,52,True,1158046.0000,1160117.0000,2060.0999,2.0601
1,1663.2081,1639.3671,1639367.0999,59,1.0-1639326-1642332,666.0000,1.0000,1,53,True,1639326.0000,1642332.0000,41.0999,0.0411
1,1663.2234,1639.3824,1639382.3999,59,1.0-1639326-1642332,666.0000,1.0000,1,53,True,1639326.0000,1642332.0000,56.3999,0.0564
1,1663.2281,1639.3871,1639387.0999,59,1.0-1639326-1642332,666.0000,1.0000,1,53,True,1639326.0000,1642332.0000,61.0999,0.0611
1,1663.2484,1639.4074,1639407.3999,59,1.0-1639326-1642332,666.0000,1.0000,1,53,True,1639326.0000,1642332.0000,81.3999,0.0814
1,1663.2579,1639.4169,1639416.8999,59,1.0-1639326-1642332,666.0000,1.0000,1,53,True,1639326.0000,1642332.0000,90.8999,0.0909
1,1663.2595,1639.4185,1639418.4999,59,1.0-1639326-1642332,666.0000,1.0000,1,53,True,1639326.0000,1642332.0000,92.4999,0.0925
1,1663.2882,1639.4472,1639447.1999,59,1.0-1639326-1642332,666.0000,1.0000,1,53,True,1639326.0000,1642332.0000,121.1999,0.1212
1,1663.3066,1639.4656,1639465.5999,59,1.0-1639326-1642332,666.0000,1.0000,1,53,True,1639326.0000,1642332.0000,139.5999,0.1396
1,1663.4614,1639.6204,1639620.3999,59,1.0-1639326-1642332,666.0000,1.0000,1,53,True,1639326.0000,1642332.0000,294.3999,0.2944
1,1663.4700,1639.6290,1639628.9999,59,1.0-1639326-1642332,666.0000,1.0000,1,53,True,1639326.0000,1642332.0000,302.9999,0.3030
1,1663.5193,1639.6783,1639678.2999,59,1.0-1639326-1642332,666.0000,1.0000,1,53,True,1639326.0000,1642332.0000,352.2999,0.3523
1,1663.5443,1639.7033,1639703.2999,59,1.0-1639326-1642332,666.0000,1.0000,1,53,True,1639326.0000,1642332.0000,377.2999,0.3773
1,1663.5755,1639.7345,1639734.4999,59,1.0-1639326-1642332,666.0000,1.0000,1,53,True,1639326.0000,1642332.0000,408.4999,0.4085
1,1663.6327,1639.7917,1639791.6999,59,1.0-1639326-1642332,666.0000,1.0000,1,53,True,1639326.0000,1642332.0000,465.6999,0.4657
1,1663.6925,1639.8515,1639851.4999,59,1.0-1639326-1642332,666.0000,1.0000,1,53,True,1639326.0000,1642332.0000,525.4999,0.5255
1,1663.7309,1639.8899,1639889.8999,59,1.0-1639326-1642332,666.0000,1.0000,1,53,True,1639326.0000,1642332.0000,563.8999,0.5639
1,1663.7649,1639.9239,1639923.8999,59,1.0-1639326-1642332,666.0000,1.0000,1,53,True,1639326.0000,1642332.0000,597.8999,0.5979
1,1663.7723,1639.9313,1639931.2999,59,1.0-1639326-1642332,666.0000,1.0000,1,53,True,1639326.0000,1642332.0000,605.2999,0.6053
1,1663.8411,1640.0001,1640000.0999,59,1.0-1639326-1642332,666.0000,1.0000,1,53,True,1639326.0000,1642332.0000,674.0999,0.6741
1,1663.8700,1640.0290,1640028.9999,59,1.0-1639326-1642332,666.0000,1.0000,1,53,True,1639326.0000,1642332.0000,702.9999,0.7030
1,1663.9146,1640.0736,1640073.5999,59,1.0-1639326-1642332,666.0000,1.0000,1,53,True,1639326.0000,1642332.0000,747.5999,0.7476
1,1663.9213,1640.0803,1640080.2999,59,1.0-1639326-1642332,666.0000,1.0000,1,53,True,1639326.0000,1642332.0000,754.2999,0.7543
1,1663.9628,1640.1218,1640121.7999,59,1.0-1639326-1642332,666.0000,1.0000,1,53,True,1639326.0000,1642332.0000,795.7999,0.7958
1,1664.0659,1640.2249,1640224.8999,59,1.0-1639326-1642332,666.0000,1.0000,1,53,True,1639326.0000,1642332.0000,898.8999,0.8989
1,1664.1410,1640.3000,1640299.9999,59,1.0-1639326-1642332,666.0000,1.0000,1,53,True,1639326.0000,1642332.0000,973.9999,0.9740
1,1664.1783,1640.3373,1640337.2999,59,1.0-1639326-1642332,666.0000,1.0000,1,53,True,1639326.0000,1642332.0000,1011.2999,1.0113
1,1664.2151,1640.3741,1640374.0999,59,1.0-1639326-1642332,666.0000,1.0000,1,53,True,1639326.0000,1642332.0000,1048.0999,1.0481
1,1664.2461,1640.4051,1640405.0999,59,1.0-1639326-1642332,666.0000,1.0000,1,53,True,1639326.0000,1642332.0000,1079.0999,1.0791
1,1664.3106,1640.4696,1640469.5999,59,1.0-1639326-1642332,666.0000,1.0000,1,53,True,1639326.0000,1642332.0000,1143.5999,1.1436
1,1664.3359,1640.4949,1640494.8999,59,1.0-1639326-1642332,666.0000,1.0000,1,53,True,1639326.0000,1642332.0000,1168.8999,1.1689
1,1664.3639,1640.5229,1640522.8999,59,1.0-1639326-1642332,666.0000,1.0000,1,53,True,1639326.0000,1642332.0000,1196.8999,1.1969
1,1664.3854,1640.5444,1640544.3999,59,1.0-1639326-1642332,666.0000,1.0000,1,53,True,1639326.0000,1642332.0000,1218.3999,1.2184
1,1664.4136,1640.5726,1640572.5999,59,1.0-1639326-1642332,666.0000,1.0000,1,53,True,1639326.0000,1642332.0000,1246.5999,1.2466
1,1664.4294,1640.5884,1640588.3999,59,1.0-1639326-1642332,666.0000,1.0000,1,53,True,1639326.0000,1642332.0000,1262.3999,1.2624
1,1664.4403,1640.5993,1640599.2999,59,1.0-1639326-1642332,666.0000,1.0000,1,53,True,1639326.0000,1642332.0000,1273.2999,1.2733
1,1664.4463,1640.6053,1640605.2999,59,1.0-1639326-1642332,666.0000,1.0000,1,53,True,1639326.0000,1642332.0000,1279.2999,1.2793
1,1664.4626,1640.6216,1640621.5999,59,1.0-1639326-1642332,666.0000,1.0000,1,53,True,1639326.0000,1642332.0000,1295.5999,1.2956
1,1664.4742,1640.6332,1640633.1999,59,1.0-1639326-1642332,666.0000,1.0000,1,53,True,1639326.0000,1642332.0000,1307.1999,1.3072
1,1664.4921,1640.6511,1640651.0999,59,1.0-1639326-1642332,666.0000,1.0000,1,53,True,1639326.0000,1642332.0000,1325.0999,1.3251
1,1664.5240,1640.6830,1640682.9999,59,1.0-1639326-1642332,666.0000,1.0000,1,53,True,1639326.0000,1642332.0000,1356.9999,1.3570
1,1664.5263,1640.6853,1640685.2999,59,1.0-1639326-1642332,666.0000,1.0000,1,53,True,1639326.0000,1642332.0000,1359.2999,1.3593
1,1664.6736,1640.8326,1640832.5999,59,1.0-1639326-1642332,666.0000,1.0000,1,53,True,1639326.0000,1642332.0000,1506.5999,1.5066
1,1664.7586,1640.9176,1640917.5999,59,1.0-1639326-1642332,666.0000,1.0000,1,53,True,1639326.0000,1642332.0000,1591.5999,1.5916
1,1664.7842,1640.9432,1640943.1999,59,1.0-1639326-1642332,666.0000,1.0000,1,53,True,1639326.0000,1642332.0000,1617.1999,1.6172
1,1664.8068,1640.9658,1640965.7999,59,1.0-1639326-1642332,666.0000,1.0000,1,53,True,1639326.0000,1642332.0000,1639.7999,1.6398
1,1664.8856,1641.0446,1641044.5999,59,1.0-1639326-1642332,666.0000,1.0000,1,53,True,1639326.0000,1642332.0000,1718.5999,1.7186
1,1664.9392,1641.0982,1641098.1999,59,1.0-1639326-1642332,666.0000,1.0000,1,53,True,1639326.0000,1642332.0000,1772.1999,1.7722
1,1664.9686,1641.1276,1641127.5999,59,1.0-1639326-1642332,666.0000,1.0000,1,53,True,1639326.0000,1642332.0000,1801.5999,1.8016
1,1664.9871,1641.1461,1641146.0999,59,1.0-1639326-1642332,666.0000,1.0000,1,53,True,1639326.0000,1642332.0000,1820.0999,1.8201
1,1664.9961,1641.1551,1641155.0999,59,1.0-1639326-1642332,666.0000,1.0000,1,53,True,1639326.0000,1642332.0000,1829.0999,1.8291
1,1665.0402,1641.1992,1641199.1999,59,1.0-1639326-1642332,666.0000,1.0000,1,53,True,1639326.0000,1642332.0000,1873.1999,1.8732
1,1665.1184,1641.2774,1641277.3999,59,1.0-1639326-1642332,666.0000,1.0000,1,53,True,1639326.0000,1642332.0000,1951.3999,1.9514
1,1665.2479,1641.4069,1641406.8999,59,1.0-1639326-1642332,666.0000,1.0000,1,53,True,1639326.0000,1642332.0000,2080.8999,2.0809
1,1665.2907,1641.4497,1641449.6999,59,1.0-1639326-1642332,666.0000,1.0000,1,53,True,1639326.0000,1642332.0000,2123.6999,2.1237
1,1665.3116,1641.4706,1641470.5999,59,1.0-1639326-1642332,666.0000,1.0000,1,53,True,1639326.0000,1642332.0000,2144.5999,2.1446
1,1665.3265,1641.4855,1641485.4999,59,1.0-1639326-1642332,666.0000,1.0000,1,53,True,1639326.0000,1642332.0000,2159.4999,2.1595
1,1665.4003,1641.5593,1641559.2999,59,1.0-1639326-1642332,666.0000,1.0000,1,53,True,1639326.0000,1642332.0000,2233.2999,2.2333
1,1665.4175,1641.5765,1641576.4999,59,1.0-1639326-1642332,666.0000,1.0000,1,53,True,1639326.0000,1642332.0000,2250.4999,2.2505
1,1665.4365,1641.5955,1641595.4999,59,1.0-1639326-1642332,666.0000,1.0000,1,53,True,1639326.0000,1642332.0000,2269.4999,2.2695
1,1665.5176,1641.6766,1641676.5999,59,1.0-1639326-1642332,666.0000,1.0000,1,53,True,1639326.0000,1642332.0000,2350.5999,2.3506
1,1665.5506,1641.7096,1641709.5999,59,1.0-1639326-1642332,666.0000,1.0000,1,53,True,1639326.0000,1642332.0000,2383.5999,2.3836
1,1665.7717,1641.9307,1641930.6999,59,1.0-1639326-1642332,666.0000,1.0000,1,53,True,1639326.0000,1642332.0000,2604.6999,2.6047
1,1665.8677,1642.0267,1642026.6999,59,1.0-1639326-1642332,666.0000,1.0000,1,53,True,1639326.0000,1642332.0000,2700.6999,2.7007
1,1665.8870,1642.0460,1642045.9999,59,1.0-1639326-1642332,666.0000,1.0000,1,53,True,1639326.0000,1642332.0000,2719.9999,2.7200
1,1665.9024,1642.0614,1642061.3999,59,1.0-1639326-1642332,666.0000,1.0000,1,53,True,1639326.0000,1642332.0000,2735.3999,2.7354
1,1665.9844,1642.1434,1642143.3999,59,1.0-1639326-1642332,666.0000,1.0000,1,53,True,1639326.0000,1642332.0000,2817.3999,2.8174
1,1665.9944,1642.1534,1642153.3999,59,1.0-1639326-1642332,666.0000,1.0000,1,53,True,1639326.0000,1642332.0000,2827.3999,2.8274
1,1666.0576,1642.2166,1642216.5999,59,1.0-1639326-1642332,666.0000,1.0000,1,53,True,1639326.0000,1642332.0000,2890.5999,2.8906
1,1666.1450,1642.3040,1642303.9999,59,1.0-1639326-1642332,666.0000,1.0000,1,53,True,1639326.0000,1642332.0000,2977.9999,2.9780
1,332.0614,308.2204,308220.3999,60,1.0-308207-310611,173.0000,1.0000,1,54,True,308207.0000,310611.0000,13.3999,0.0134
1,332.1110,308.2700,308269.9999,60,1.0-308207-310611,173.0000,1.0000,1,54,True,308207.0000,310611.0000,62.9999,0.0630
1,332.1556,308.3146,308314.5999,60,1.0-308207-310611,173.0000,1.0000,1,54,True,308207.0000,310611.0000,107.5999,0.1076
1,332.2071,308.3661,308366.0999,60,1.0-308207-310611,173.0000,1.0000,1,54,True,308207.0000,310611.0000,159.0999,0.1591
1,332.2617,308.4207,308420.6999,60,1.0-308207-310611,173.0000,1.0000,1,54,True,308207.0000,310611.0000,213.6999,0.2137
1,332.2973,308.4563,308456.2999,60,1.0-308207-310611,173.0000,1.0000,1,54,True,308207.0000,310611.0000,249.2999,0.2493
1,332.3800,308.5390,308538.9999,60,1.0-308207-310611,173.0000,1.0000,1,54,True,308207.0000,310611.0000,331.9999,0.3320
1,332.4964,308.6554,308655.3999,60,1.0-308207-310611,173.0000,1.0000,1,54,True,308207.0000,310611.0000,448.3999,0.4484
1,332.5555,308.7145,308714.4999,60,1.0-308207-310611,173.0000,1.0000,1,54,True,308207.0000,310611.0000,507.4999,0.5075
1,332.5577,308.7167,308716.6999,60,1.0-308207-310611,173.0000,1.0000,1,54,True,308207.0000,310611.0000,509.6999,0.5097
1,332.6219,308.7809,308780.8999,60,1.0-308207-310611,173.0000,1.0000,1,54,True,308207.0000,310611.0000,573.8999,0.5739
1,332.7355,308.8945,308894.4999,60,1.0-308207-310611,173.0000,1.0000,1,54,True,308207.0000,310611.0000,687.4999,0.6875
1,332.7936,308.9526,308952.5999,60,1.0-308207-310611,173.0000,1.0000,1,54,True,308207.0000,310611.0000,745.5999,0.7456
1,332.8479,309.0069,309006.8999,60,1.0-308207-310611,173.0000,1.0000,1,54,True,308207.0000,310611.0000,799.8999,0.7999
1,332.8866,309.0456,309045.5999,60,1.0-308207-310611,173.0000,1.0000,1,54,True,308207.0000,310611.0000,838.5999,0.8386
1,333.1934,309.3524,309352.3999,60,1.0-308207-310611,173.0000,1.0000,1,54,True,308207.0000,310611.0000,1145.3999,1.1454
1,333.1960,309.3550,309354.9999,60,1.0-308207-310611,173.0000,1.0000,1,54,True,308207.0000,310611.0000,1147.9999,1.1480
1,333.3105,309.4695,309469.4999,60,1.0-308207-310611,173.0000,1.0000,1,54,True,308207.0000,310611.0000,1262.4999,1.2625
1,333.3296,309.4886,309488.5999,60,1.0-308207-310611,173.0000,1.0000,1,54,True,308207.0000,310611.0000,1281.5999,1.2816
1,333.4434,309.6024,309602.3999,60,1.0-308207-310611,173.0000,1.0000,1,54,True,308207.0000,310611.0000,1395.3999,1.3954
1,333.4785,309.6375,309637.4999,60,1.0-308207-310611,173.0000,1.0000,1,54,True,308207.0000,310611.0000,1430.4999,1.4305
1,333.5208,309.6798,309679.7999,60,1.0-308207-310611,173.0000,1.0000,1,54,True,308207.0000,310611.0000,1472.7999,1.4728
1,333.5390,309.6980,309697.9999,60,1.0-308207-310611,173.0000,1.0000,1,54,True,308207.0000,310611.0000,1490.9999,1.4910
1,333.5725,309.7315,309731.4999,60,1.0-308207-310611,173.0000,1.0000,1,54,True,308207.0000,310611.0000,1524.4999,1.5245
1,333.6461,309.8051,309805.0999,60,1.0-308207-310611,173.0000,1.0000,1,54,True,308207.0000,310611.0000,1598.0999,1.5981
1,333.6666,309.8256,309825.5999,60,1.0-308207-310611,173.0000,1.0000,1,54,True,308207.0000,310611.0000,1618.5999,1.6186
1,333.7084,309.8674,309867.3999,60,1.0-308207-310611,173.0000,1.0000,1,54,True,308207.0000,310611.0000,1660.3999,1.6604
1,333.7231,309.8821,309882.0999,60,1.0-308207-310611,173.0000,1.0000,1,54,True,308207.0000,310611.0000,1675.0999,1.6751
1,333.7464,309.9054,309905.3999,60,1.0-308207-310611,173.0000,1.0000,1,54,True,308207.0000,310611.0000,1698.3999,1.6984
1,333.7580,309.9170,309916.9999,60,1.0-308207-310611,173.0000,1.0000,1,54,True,308207.0000,310611.0000,1709.9999,1.7100
1,333.8097,309.9687,309968.6999,60,1.0-308207-310611,173.0000,1.0000,1,54,True,308207.0000,310611.0000,1761.6999,1.7617
1,333.8560,310.0150,310014.9999,60,1.0-308207-310611,173.0000,1.0000,1,54,True,308207.0000,310611.0000,1807.9999,1.8080
1,333.8895,310.0485,310048.4999,60,1.0-308207-310611,173.0000,1.0000,1,54,True,308207.0000,310611.0000,1841.4999,1.8415
1,333.9843,310.1433,310143.2999,60,1.0-308207-310611,173.0000,1.0000,1,54,True,308207.0000,310611.0000,1936.2999,1.9363
1,334.0386,310.1976,310197.5999,60,1.0-308207-310611,173.0000,1.0000,1,54,True,308207.0000,310611.0000,1990.5999,1.9906
1,334.1516,310.3106,310310.5999,60,1.0-308207-310611,173.0000,1.0000,1,54,True,308207.0000,310611.0000,2103.5999,2.1036
1,334.3393,310.4983,310498.2999,60,1.0-308207-310611,173.0000,1.0000,1,54,True,308207.0000,310611.0000,2291.2999,2.2913
1,334.3677,310.5267,310526.6999,60,1.0-308207-310611,173.0000,1.0000,1,54,True,308207.0000,310611.0000,2319.6999,2.3197
1,334.4223,310.5813,310581.2999,60,1.0-308207-310611,173.0000,1.0000,1,54,True,308207.0000,310611.0000,2374.2999,2.3743
1,1756.7872,1732.9462,1732946.1999,61,1.0-1732911-1735916,709.0000,1.0000,1,55,True,1732911.0000,1735916.0000,35.1999,0.0352
1,1756.8191,1732.9781,1732978.0999,61,1.0-1732911-1735916,709.0000,1.0000,1,55,True,1732911.0000,1735916.0000,67.0999,0.0671
1,1756.9110,1733.0700,1733069.9999,61,1.0-1732911-1735916,709.0000,1.0000,1,55,True,1732911.0000,1735916.0000,158.9999,0.1590
1,1757.1372,1733.2962,1733296.1999,61,1.0-1732911-1735916,709.0000,1.0000,1,55,True,1732911.0000,1735916.0000,385.1999,0.3852
1,1757.1765,1733.3355,1733335.4999,61,1.0-1732911-1735916,709.0000,1.0000,1,55,True,1732911.0000,1735916.0000,424.4999,0.4245
1,1757.1788,1733.3378,1733337.7999,61,1.0-1732911-1735916,709.0000,1.0000,1,55,True,1732911.0000,1735916.0000,426.7999,0.4268
1,1757.1979,1733.3569,1733356.8999,61,1.0-1732911-1735916,709.0000,1.0000,1,55,True,1732911.0000,1735916.0000,445.8999,0.4459
1,1757.2335,1733.3925,1733392.4999,61,1.0-1732911-1735916,709.0000,1.0000,1,55,True,1732911.0000,1735916.0000,481.4999,0.4815
1,1757.3115,1733.4705,1733470.4999,61,1.0-1732911-1735916,709.0000,1.0000,1,55,True,1732911.0000,1735916.0000,559.4999,0.5595
1,1757.3574,1733.5164,1733516.3999,61,1.0-1732911-1735916,709.0000,1.0000,1,55,True,1732911.0000,1735916.0000,605.3999,0.6054
1,1757.4883,1733.6473,1733647.2999,61,1.0-1732911-1735916,709.0000,1.0000,1,55,True,1732911.0000,1735916.0000,736.2999,0.7363
1,1757.5173,1733.6763,1733676.2999,61,1.0-1732911-1735916,709.0000,1.0000,1,55,True,1732911.0000,1735916.0000,765.2999,0.7653
1,1757.5195,1733.6785,1733678.4999,61,1.0-1732911-1735916,709.0000,1.0000,1,55,True,1732911.0000,1735916.0000,767.4999,0.7675
1,1757.5936,1733.7526,1733752.5999,61,1.0-1732911-1735916,709.0000,1.0000,1,55,True,1732911.0000,1735916.0000,841.5999,0.8416
1,1757.6097,1733.7687,1733768.6999,61,1.0-1732911-1735916,709.0000,1.0000,1,55,True,1732911.0000,1735916.0000,857.6999,0.8577
1,1757.6361,1733.7951,1733795.0999,61,1.0-1732911-1735916,709.0000,1.0000,1,55,True,1732911.0000,1735916.0000,884.0999,0.8841
1,1757.6830,1733.8420,1733841.9999,61,1.0-1732911-1735916,709.0000,1.0000,1,55,True,1732911.0000,1735916.0000,930.9999,0.9310
1,1757.7062,1733.8652,1733865.1999,61,1.0-1732911-1735916,709.0000,1.0000,1,55,True,1732911.0000,1735916.0000,954.1999,0.9542
1,1757.7252,1733.8842,1733884.1999,61,1.0-1732911-1735916,709.0000,1.0000,1,55,True,1732911.0000,1735916.0000,973.1999,0.9732
1,1757.7527,1733.9117,1733911.6999,61,1.0-1732911-1735916,709.0000,1.0000,1,55,True,1732911.0000,1735916.0000,1000.6999,1.0007
1,1757.7727,1733.9317,1733931.6999,61,1.0-1732911-1735916,709.0000,1.0000,1,55,True,1732911.0000,1735916.0000,1020.6999,1.0207
1,1758.1541,1734.3131,1734313.0999,61,1.0-1732911-1735916,709.0000,1.0000,1,55,True,1732911.0000,1735916.0000,1402.0999,1.4021
1,1758.2584,1734.4174,1734417.3999,61,1.0-1732911-1735916,709.0000,1.0000,1,55,True,1732911.0000,1735916.0000,1506.3999,1.5064
1,1758.3536,1734.5126,1734512.5999,61,1.0-1732911-1735916,709.0000,1.0000,1,55,True,1732911.0000,1735916.0000,1601.5999,1.6016
1,1758.3753,1734.5343,1734534.2999,61,1.0-1732911-1735916,709.0000,1.0000,1,55,True,1732911.0000,1735916.0000,1623.2999,1.6233
1,1758.5127,1734.6717,1734671.6999,61,1.0-1732911-1735916,709.0000,1.0000,1,55,True,1732911.0000,1735916.0000,1760.6999,1.7607
1,1758.5698,1734.7288,1734728.7999,61,1.0-1732911-1735916,709.0000,1.0000,1,55,True,1732911.0000,1735916.0000,1817.7999,1.8178
1,1758.6710,1734.8300,1734829.9999,61,1.0-1732911-1735916,709.0000,1.0000,1,55,True,1732911.0000,1735916.0000,1918.9999,1.9190
1,1758.7321,1734.8911,1734891.0999,61,1.0-1732911-1735916,709.0000,1.0000,1,55,True,1732911.0000,1735916.0000,1980.0999,1.9801
1,1758.7721,1734.9311,1734931.0999,61,1.0-1732911-1735916,709.0000,1.0000,1,55,True,1732911.0000,1735916.0000,2020.0999,2.0201
1,1758.8466,1735.0056,1735005.5999,61,1.0-1732911-1735916,709.0000,1.0000,1,55,True,1732911.0000,1735916.0000,2094.5999,2.0946
1,1759.0055,1735.1645,1735164.4999,61,1.0-1732911-1735916,709.0000,1.0000,1,55,True,1732911.0000,1735916.0000,2253.4999,2.2535
1,1759.0992,1735.2582,1735258.1999,61,1.0-1732911-1735916,709.0000,1.0000,1,55,True,1732911.0000,1735916.0000,2347.1999,2.3472
1,1759.1197,1735.2787,1735278.6999,61,1.0-1732911-1735916,709.0000,1.0000,1,55,True,1732911.0000,1735916.0000,2367.6999,2.3677
1,1759.1538,1735.3128,1735312.7999,61,1.0-1732911-1735916,709.0000,1.0000,1,55,True,1732911.0000,1735916.0000,2401.7999,2.4018
1,1759.2102,1735.3692,1735369.1999,61,1.0-1732911-1735916,709.0000,1.0000,1,55,True,1732911.0000,1735916.0000,2458.1999,2.4582
1,1759.2538,1735.4128,1735412.7999,61,1.0-1732911-1735916,709.0000,1.0000,1,55,True,1732911.0000,1735916.0000,2501.7999,2.5018
1,1759.3675,1735.5265,1735526.4999,61,1.0-1732911-1735916,709.0000,1.0000,1,55,True,1732911.0000,1735916.0000,2615.4999,2.6155
1,1759.4613,1735.6203,1735620.2999,61,1.0-1732911-1735916,709.0000,1.0000,1,55,True,1732911.0000,1735916.0000,2709.2999,2.7093
1,1759.4645,1735.6235,1735623.4999,61,1.0-1732911-1735916,709.0000,1.0000,1,55,True,1732911.0000,1735916.0000,2712.4999,2.7125
1,1759.5228,1735.6818,1735681.7999,61,1.0-1732911-1735916,709.0000,1.0000,1,55,True,1732911.0000,1735916.0000,2770.7999,2.7708
1,1759.5347,1735.6937,1735693.6999,61,1.0-1732911-1735916,709.0000,1.0000,1,55,True,1732911.0000,1735916.0000,2782.6999,2.7827
1,1759.5420,1735.7010,1735700.9999,61,1.0-1732911-1735916,709.0000,1.0000,1,55,True,1732911.0000,1735916.0000,2789.9999,2.7900
1,1759.5641,1735.7231,1735723.0999,61,1.0-1732911-1735916,709.0000,1.0000,1,55,True,1732911.0000,1735916.0000,2812.0999,2.8121
1,1759.6337,1735.7927,1735792.6999,61,1.0-1732911-1735916,709.0000,1.0000,1,55,True,1732911.0000,1735916.0000,2881.6999,2.8817
1,1759.6498,1735.8088,1735808.7999,61,1.0-1732911-1735916,709.0000,1.0000,1,55,True,1732911.0000,1735916.0000,2897.7999,2.8978
1,1759.7139,1735.8729,1735872.8999,61,1.0-1732911-1735916,709.0000,1.0000,1,55,True,1732911.0000,1735916.0000,2961.8999,2.9619
1,1015.6437,991.8027,991802.6999,62,1.0-991785-994691,427.0000,1.0000,1,56,True,991785.0000,994691.0000,17.6999,0.0177
1,1015.6817,991.8407,991840.6999,62,1.0-991785-994691,427.0000,1.0000,1,56,True,991785.0000,994691.0000,55.6999,0.0557
1,1015.7092,991.8682,991868.1999,62,1.0-991785-994691,427.0000,1.0000,1,56,True,991785.0000,994691.0000,83.1999,0.0832
1,1015.8559,992.0149,992014.8999,62,1.0-991785-994691,427.0000,1.0000,1,56,True,991785.0000,994691.0000,229.8999,0.2299
1,1015.9116,992.0706,992070.5999,62,1.0-991785-994691,427.0000,1.0000,1,56,True,991785.0000,994691.0000,285.5999,0.2856
1,1015.9246,992.0836,992083.5999,62,1.0-991785-994691,427.0000,1.0000,1,56,True,991785.0000,994691.0000,298.5999,0.2986
1,1015.9293,992.0883,992088.2999,62,1.0-991785-994691,427.0000,1.0000,1,56,True,991785.0000,994691.0000,303.2999,0.3033
1,1015.9498,992.1088,992108.7999,62,1.0-991785-994691,427.0000,1.0000,1,56,True,991785.0000,994691.0000,323.7999,0.3238
1,1015.9889,992.1479,992147.8999,62,1.0-991785-994691,427.0000,1.0000,1,56,True,991785.0000,994691.0000,362.8999,0.3629
1,1016.0309,992.1899,992189.8999,62,1.0-991785-994691,427.0000,1.0000,1,56,True,991785.0000,994691.0000,404.8999,0.4049
1,1016.0734,992.2324,992232.3999,62,1.0-991785-994691,427.0000,1.0000,1,56,True,991785.0000,994691.0000,447.3999,0.4474
1,1016.0990,992.2580,992257.9999,62,1.0-991785-994691,427.0000,1.0000,1,56,True,991785.0000,994691.0000,472.9999,0.4730
1,1016.1144,992.2734,992273.3999,62,1.0-991785-994691,427.0000,1.0000,1,56,True,991785.0000,994691.0000,488.3999,0.4884
1,1016.1175,992.2765,992276.4999,62,1.0-991785-994691,427.0000,1.0000,1,56,True,991785.0000,994691.0000,491.4999,0.4915
1,1016.1351,992.2941,992294.0999,62,1.0-991785-994691,427.0000,1.0000,1,56,True,991785.0000,994691.0000,509.0999,0.5091
1,1016.1556,992.3146,992314.5999,62,1.0-991785-994691,427.0000,1.0000,1,56,True,991785.0000,994691.0000,529.5999,0.5296
1,1016.2046,992.3636,992363.5999,62,1.0-991785-994691,427.0000,1.0000,1,56,True,991785.0000,994691.0000,578.5999,0.5786
1,1016.3292,992.4882,992488.1999,62,1.0-991785-994691,427.0000,1.0000,1,56,True,991785.0000,994691.0000,703.1999,0.7032
1,1016.3573,992.5163,992516.2999,62,1.0-991785-994691,427.0000,1.0000,1,56,True,991785.0000,994691.0000,731.2999,0.7313
1,1016.4432,992.6022,992602.1999,62,1.0-991785-994691,427.0000,1.0000,1,56,True,991785.0000,994691.0000,817.1999,0.8172
1,1016.4864,992.6454,992645.3999,62,1.0-991785-994691,427.0000,1.0000,1,56,True,991785.0000,994691.0000,860.3999,0.8604
1,1016.5487,992.7077,992707.6999,62,1.0-991785-994691,427.0000,1.0000,1,56,True,991785.0000,994691.0000,922.6999,0.9227
1,1016.5569,992.7159,992715.8999,62,1.0-991785-994691,427.0000,1.0000,1,56,True,991785.0000,994691.0000,930.8999,0.9309
1,1016.5685,992.7275,992727.4999,62,1.0-991785-994691,427.0000,1.0000,1,56,True,991785.0000,994691.0000,942.4999,0.9425
1,1017.0196,993.1786,993178.5999,62,1.0-991785-994691,427.0000,1.0000,1,56,True,991785.0000,994691.0000,1393.5999,1.3936
1,1017.1240,993.2830,993282.9999,62,1.0-991785-994691,427.0000,1.0000,1,56,True,991785.0000,994691.0000,1497.9999,1.4980
1,1017.1448,993.3038,993303.7999,62,1.0-991785-994691,427.0000,1.0000,1,56,True,991785.0000,994691.0000,1518.7999,1.5188
1,1017.1620,993.3210,993320.9999,62,1.0-991785-994691,427.0000,1.0000,1,56,True,991785.0000,994691.0000,1535.9999,1.5360
1,1017.2011,993.3601,993360.0999,62,1.0-991785-994691,427.0000,1.0000,1,56,True,991785.0000,994691.0000,1575.0999,1.5751
1,1017.2352,993.3942,993394.1999,62,1.0-991785-994691,427.0000,1.0000,1,56,True,991785.0000,994691.0000,1609.1999,1.6092
1,1017.2672,993.4262,993426.1999,62,1.0-991785-994691,427.0000,1.0000,1,56,True,991785.0000,994691.0000,1641.1999,1.6412
1,1017.2881,993.4471,993447.0999,62,1.0-991785-994691,427.0000,1.0000,1,56,True,991785.0000,994691.0000,1662.0999,1.6621
1,1017.3049,993.4639,993463.8999,62,1.0-991785-994691,427.0000,1.0000,1,56,True,991785.0000,994691.0000,1678.8999,1.6789
1,1017.3752,993.5342,993534.1999,62,1.0-991785-994691,427.0000,1.0000,1,56,True,991785.0000,994691.0000,1749.1999,1.7492
1,1017.4117,993.5707,993570.6999,62,1.0-991785-994691,427.0000,1.0000,1,56,True,991785.0000,994691.0000,1785.6999,1.7857
1,1017.4221,993.5811,993581.0999,62,1.0-991785-994691,427.0000,1.0000,1,56,True,991785.0000,994691.0000,1796.0999,1.7961
1,1017.4726,993.6316,993631.5999,62,1.0-991785-994691,427.0000,1.0000,1,56,True,991785.0000,994691.0000,1846.5999,1.8466
1,1017.5101,993.6691,993669.0999,62,1.0-991785-994691,427.0000,1.0000,1,56,True,991785.0000,994691.0000,1884.0999,1.8841
1,1017.5143,993.6733,993673.2999,62,1.0-991785-994691,427.0000,1.0000,1,56,True,991785.0000,994691.0000,1888.2999,1.8883
1,1017.6721,993.8311,993831.0999,62,1.0-991785-994691,427.0000,1.0000,1,56,True,991785.0000,994691.0000,2046.0999,2.0461
1,1017.7132,993.8722,993872.1999,62,1.0-991785-994691,427.0000,1.0000,1,56,True,991785.0000,994691.0000,2087.1999,2.0872
1,1017.9690,994.1280,994127.9999,62,1.0-991785-994691,427.0000,1.0000,1,56,True,991785.0000,994691.0000,2342.9999,2.3430
1,1018.0774,994.2364,994236.3999,62,1.0-991785-994691,427.0000,1.0000,1,56,True,991785.0000,994691.0000,2451.3999,2.4514
1,1018.1801,994.3391,994339.0999,62,1.0-991785-994691,427.0000,1.0000,1,56,True,991785.0000,994691.0000,2554.0999,2.5541
1,1018.2038,994.3628,994362.7999,62,1.0-991785-994691,427.0000,1.0000,1,56,True,991785.0000,994691.0000,2577.7999,2.5778
1,1018.2175,994.3765,994376.4999,62,1.0-991785-994691,427.0000,1.0000,1,56,True,991785.0000,994691.0000,2591.4999,2.5915
1,1018.2439,994.4029,994402.8999,62,1.0-991785-994691,427.0000,1.0000,1,56,True,991785.0000,994691.0000,2617.8999,2.6179
1,1018.4508,994.6098,994609.7999,62,1.0-991785-994691,427.0000,1.0000,1,56,True,991785.0000,994691.0000,2824.7999,2.8248
1,1018.4923,994.6513,994651.2999,62,1.0-991785-994691,427.0000,1.0000,1,56,True,991785.0000,994691.0000,2866.2999,2.8663
1,2031.2962,2007.4552,2007455.1999,63,1.0-2007451-2008854,833.0000,1.0000,1,57,True,2007451.0000,2008854.0000,4.1999,0.0042
1,2031.3370,2007.4960,2007495.9999,63,1.0-2007451-2008854,833.0000,1.0000,1,57,True,2007451.0000,2008854.0000,44.9999,0.0450
1,2031.5174,2007.6764,2007676.3999,63,1.0-2007451-2008854,833.0000,1.0000,1,57,True,2007451.0000,2008854.0000,225.3999,0.2254
1,2031.5920,2007.7510,2007750.9999,63,1.0-2007451-2008854,833.0000,1.0000,1,57,True,2007451.0000,2008854.0000,299.9999,0.3000
1,2031.6556,2007.8146,2007814.5999,63,1.0-2007451-2008854,833.0000,1.0000,1,57,True,2007451.0000,2008854.0000,363.5999,0.3636
1,2031.6580,2007.8170,2007816.9999,63,1.0-2007451-2008854,833.0000,1.0000,1,57,True,2007451.0000,2008854.0000,365.9999,0.3660
1,2031.7075,2007.8665,2007866.4999,63,1.0-2007451-2008854,833.0000,1.0000,1,57,True,2007451.0000,2008854.0000,415.4999,0.4155
1,2031.7375,2007.8965,2007896.4999,63,1.0-2007451-2008854,833.0000,1.0000,1,57,True,2007451.0000,2008854.0000,445.4999,0.4455
1,2031.7951,2007.9541,2007954.0999,63,1.0-2007451-2008854,833.0000,1.0000,1,57,True,2007451.0000,2008854.0000,503.0999,0.5031
1,2031.8541,2008.0131,2008013.0999,63,1.0-2007451-2008854,833.0000,1.0000,1,57,True,2007451.0000,2008854.0000,562.0999,0.5621
1,2031.8678,2008.0268,2008026.7999,63,1.0-2007451-2008854,833.0000,1.0000,1,57,True,2007451.0000,2008854.0000,575.7999,0.5758
1,2031.9622,2008.1212,2008121.1999,63,1.0-2007451-2008854,833.0000,1.0000,1,57,True,2007451.0000,2008854.0000,670.1999,0.6702
1,2031.9927,2008.1517,2008151.6999,63,1.0-2007451-2008854,833.0000,1.0000,1,57,True,2007451.0000,2008854.0000,700.6999,0.7007
1,2032.0104,2008.1694,2008169.3999,63,1.0-2007451-2008854,833.0000,1.0000,1,57,True,2007451.0000,2008854.0000,718.3999,0.7184
1,2032.0322,2008.1912,2008191.1999,63,1.0-2007451-2008854,833.0000,1.0000,1,57,True,2007451.0000,2008854.0000,740.1999,0.7402
1,2032.0342,2008.1932,2008193.1999,63,1.0-2007451-2008854,833.0000,1.0000,1,57,True,2007451.0000,2008854.0000,742.1999,0.7422
1,2032.0867,2008.2457,2008245.6999,63,1.0-2007451-2008854,833.0000,1.0000,1,57,True,2007451.0000,2008854.0000,794.6999,0.7947
1,2032.1235,2008.2825,2008282.4999,63,1.0-2007451-2008854,833.0000,1.0000,1,57,True,2007451.0000,2008854.0000,831.4999,0.8315
1,2032.1445,2008.3035,2008303.4999,63,1.0-2007451-2008854,833.0000,1.0000,1,57,True,2007451.0000,2008854.0000,852.4999,0.8525
1,2032.1525,2008.3115,2008311.4999,63,1.0-2007451-2008854,833.0000,1.0000,1,57,True,2007451.0000,2008854.0000,860.4999,0.8605
1,2032.1660,2008.3250,2008324.9999,63,1.0-2007451-2008854,833.0000,1.0000,1,57,True,2007451.0000,2008854.0000,873.9999,0.8740
1,2032.1805,2008.3395,2008339.4999,63,1.0-2007451-2008854,833.0000,1.0000,1,57,True,2007451.0000,2008854.0000,888.4999,0.8885
1,2032.1844,2008.3434,2008343.3999,63,1.0-2007451-2008854,833.0000,1.0000,1,57,True,2007451.0000,2008854.0000,892.3999,0.8924
1,2032.2004,2008.3594,2008359.3999,63,1.0-2007451-2008854,833.0000,1.0000,1,57,True,2007451.0000,2008854.0000,908.3999,0.9084
1,2032.2190,2008.3780,2008377.9999,63,1.0-2007451-2008854,833.0000,1.0000,1,57,True,2007451.0000,2008854.0000,926.9999,0.9270
1,2032.2278,2008.3868,2008386.7999,63,1.0-2007451-2008854,833.0000,1.0000,1,57,True,2007451.0000,2008854.0000,935.7999,0.9358
1,2032.2445,2008.4035,2008403.4999,63,1.0-2007451-2008854,833.0000,1.0000,1,57,True,2007451.0000,2008854.0000,952.4999,0.9525
1,2032.3395,2008.4985,2008498.4999,63,1.0-2007451-2008854,833.0000,1.0000,1,57,True,2007451.0000,2008854.0000,1047.4999,1.0475
1,2032.3491,2008.5081,2008508.0999,63,1.0-2007451-2008854,833.0000,1.0000,1,57,True,2007451.0000,2008854.0000,1057.0999,1.0571
1,2032.3721,2008.5311,2008531.0999,63,1.0-2007451-2008854,833.0000,1.0000,1,57,True,2007451.0000,2008854.0000,1080.0999,1.0801
1,2032.3752,2008.5342,2008534.1999,63,1.0-2007451-2008854,833.0000,1.0000,1,57,True,2007451.0000,2008854.0000,1083.1999,1.0832
1,2032.4268,2008.5858,2008585.7999,63,1.0-2007451-2008854,833.0000,1.0000,1,57,True,2007451.0000,2008854.0000,1134.7999,1.1348
1,2032.4789,2008.6379,2008637.8999,63,1.0-2007451-2008854,833.0000,1.0000,1,57,True,2007451.0000,2008854.0000,1186.8999,1.1869
1,2032.4995,2008.6585,2008658.4999,63,1.0-2007451-2008854,833.0000,1.0000,1,57,True,2007451.0000,2008854.0000,1207.4999,1.2075
1,2032.5184,2008.6774,2008677.3999,63,1.0-2007451-2008854,833.0000,1.0000,1,57,True,2007451.0000,2008854.0000,1226.3999,1.2264
1,2032.5624,2008.7214,2008721.3999,63,1.0-2007451-2008854,833.0000,1.0000,1,57,True,2007451.0000,2008854.0000,1270.3999,1.2704
1,2032.6034,2008.7624,2008762.3999,63,1.0-2007451-2008854,833.0000,1.0000,1,57,True,2007451.0000,2008854.0000,1311.3999,1.3114
1,2032.6482,2008.8072,2008807.1999,63,1.0-2007451-2008854,833.0000,1.0000,1,57,True,2007451.0000,2008854.0000,1356.1999,1.3562
1,2032.6683,2008.8273,2008827.2999,63,1.0-2007451-2008854,833.0000,1.0000,1,57,True,2007451.0000,2008854.0000,1376.2999,1.3763
1,1606.6755,1582.8345,1582834.4999,64,1.0-1582782-1584786,643.0000,1.0000,1,58,True,1582782.0000,1584786.0000,52.4999,0.0525
1,1606.7116,1582.8706,1582870.5999,64,1.0-1582782-1584786,643.0000,1.0000,1,58,True,1582782.0000,1584786.0000,88.5999,0.0886
1,1606.8409,1582.9999,1582999.8999,64,1.0-1582782-1584786,643.0000,1.0000,1,58,True,1582782.0000,1584786.0000,217.8999,0.2179
1,1606.9423,1583.1013,1583101.2999,64,1.0-1582782-1584786,643.0000,1.0000,1,58,True,1582782.0000,1584786.0000,319.2999,0.3193
1,1607.0445,1583.2035,1583203.4999,64,1.0-1582782-1584786,643.0000,1.0000,1,58,True,1582782.0000,1584786.0000,421.4999,0.4215
1,1607.2305,1583.3895,1583389.4999,64,1.0-1582782-1584786,643.0000,1.0000,1,58,True,1582782.0000,1584786.0000,607.4999,0.6075
1,1607.3764,1583.5354,1583535.3999,64,1.0-1582782-1584786,643.0000,1.0000,1,58,True,1582782.0000,1584786.0000,753.3999,0.7534
1,1607.4076,1583.5666,1583566.5999,64,1.0-1582782-1584786,643.0000,1.0000,1,58,True,1582782.0000,1584786.0000,784.5999,0.7846
1,1607.4796,1583.6386,1583638.5999,64,1.0-1582782-1584786,643.0000,1.0000,1,58,True,1582782.0000,1584786.0000,856.5999,0.8566
1,1607.5572,1583.7162,1583716.1999,64,1.0-1582782-1584786,643.0000,1.0000,1,58,True,1582782.0000,1584786.0000,934.1999,0.9342
1,1607.5734,1583.7324,1583732.3999,64,1.0-1582782-1584786,643.0000,1.0000,1,58,True,1582782.0000,1584786.0000,950.3999,0.9504
1,1607.6692,1583.8282,1583828.1999,64,1.0-1582782-1584786,643.0000,1.0000,1,58,True,1582782.0000,1584786.0000,1046.1999,1.0462
1,1607.6932,1583.8522,1583852.1999,64,1.0-1582782-1584786,643.0000,1.0000,1,58,True,1582782.0000,1584786.0000,1070.1999,1.0702
1,1607.7004,1583.8594,1583859.3999,64,1.0-1582782-1584786,643.0000,1.0000,1,58,True,1582782.0000,1584786.0000,1077.3999,1.0774
1,1607.7060,1583.8650,1583864.9999,64,1.0-1582782-1584786,643.0000,1.0000,1,58,True,1582782.0000,1584786.0000,1082.9999,1.0830
1,1607.7679,1583.9269,1583926.8999,64,1.0-1582782-1584786,643.0000,1.0000,1,58,True,1582782.0000,1584786.0000,1144.8999,1.1449
1,1607.7875,1583.9465,1583946.4999,64,1.0-1582782-1584786,643.0000,1.0000,1,58,True,1582782.0000,1584786.0000,1164.4999,1.1645
1,1607.8163,1583.9753,1583975.2999,64,1.0-1582782-1584786,643.0000,1.0000,1,58,True,1582782.0000,1584786.0000,1193.2999,1.1933
1,1607.8422,1584.0012,1584001.1999,64,1.0-1582782-1584786,643.0000,1.0000,1,58,True,1582782.0000,1584786.0000,1219.1999,1.2192
1,1607.8691,1584.0281,1584028.0999,64,1.0-1582782-1584786,643.0000,1.0000,1,58,True,1582782.0000,1584786.0000,1246.0999,1.2461
1,1607.9074,1584.0664,1584066.3999,64,1.0-1582782-1584786,643.0000,1.0000,1,58,True,1582782.0000,1584786.0000,1284.3999,1.2844
1,1607.9630,1584.1220,1584121.9999,64,1.0-1582782-1584786,643.0000,1.0000,1,58,True,1582782.0000,1584786.0000,1339.9999,1.3400
1,1607.9962,1584.1552,1584155.1999,64,1.0-1582782-1584786,643.0000,1.0000,1,58,True,1582782.0000,1584786.0000,1373.1999,1.3732
1,1608.0375,1584.1965,1584196.4999,64,1.0-1582782-1584786,643.0000,1.0000,1,58,True,1582782.0000,1584786.0000,1414.4999,1.4145
1,1608.0417,1584.2007,1584200.6999,64,1.0-1582782-1584786,643.0000,1.0000,1,58,True,1582782.0000,1584786.0000,1418.6999,1.4187
1,1608.0545,1584.2135,1584213.4999,64,1.0-1582782-1584786,643.0000,1.0000,1,58,True,1582782.0000,1584786.0000,1431.4999,1.4315
1,1608.0613,1584.2203,1584220.2999,64,1.0-1582782-1584786,643.0000,1.0000,1,58,True,1582782.0000,1584786.0000,1438.2999,1.4383
1,1608.0727,1584.2317,1584231.6999,64,1.0-1582782-1584786,643.0000,1.0000,1,58,True,1582782.0000,1584786.0000,1449.6999,1.4497
1,1608.0838,1584.2428,1584242.7999,64,1.0-1582782-1584786,643.0000,1.0000,1,58,True,1582782.0000,1584786.0000,1460.7999,1.4608
1,1608.1034,1584.2624,1584262.3999,64,1.0-1582782-1584786,643.0000,1.0000,1,58,True,1582782.0000,1584786.0000,1480.3999,1.4804
1,1608.1146,1584.2736,1584273.5999,64,1.0-1582782-1584786,643.0000,1.0000,1,58,True,1582782.0000,1584786.0000,1491.5999,1.4916
1,1608.1199,1584.2789,1584278.8999,64,1.0-1582782-1584786,643.0000,1.0000,1,58,True,1582782.0000,1584786.0000,1496.8999,1.4969
1,1608.1347,1584.2937,1584293.6999,64,1.0-1582782-1584786,643.0000,1.0000,1,58,True,1582782.0000,1584786.0000,1511.6999,1.5117
1,1608.1569,1584.3159,1584315.8999,64,1.0-1582782-1584786,643.0000,1.0000,1,58,True,1582782.0000,1584786.0000,1533.8999,1.5339
1,1608.1854,1584.3444,1584344.3999,64,1.0-1582782-1584786,643.0000,1.0000,1,58,True,1582782.0000,1584786.0000,1562.3999,1.5624
1,1608.2876,1584.4466,1584446.5999,64,1.0-1582782-1584786,643.0000,1.0000,1,58,True,1582782.0000,1584786.0000,1664.5999,1.6646
1,1608.3247,1584.4837,1584483.6999,64,1.0-1582782-1584786,643.0000,1.0000,1,58,True,1582782.0000,1584786.0000,1701.6999,1.7017
1,1608.3425,1584.5015,1584501.4999,64,1.0-1582782-1584786,643.0000,1.0000,1,58,True,1582782.0000,1584786.0000,1719.4999,1.7195
1,1608.5108,1584.6698,1584669.7999,64,1.0-1582782-1584786,643.0000,1.0000,1,58,True,1582782.0000,1584786.0000,1887.7999,1.8878
1,1608.5408,1584.6998,1584699.7999,64,1.0-1582782-1584786,643.0000,1.0000,1,58,True,1582782.0000,1584786.0000,1917.7999,1.9178
1,1769.3204,1745.4794,1745479.3999,65,1.0-1745469-1746304,716.0000,1.0000,1,59,True,1745469.0000,1746304.0000,10.3999,0.0104
1,1769.3908,1745.5498,1745549.7999,65,1.0-1745469-1746304,716.0000,1.0000,1,59,True,1745469.0000,1746304.0000,80.7999,0.0808
1,1769.4121,1745.5711,1745571.0999,65,1.0-1745469-1746304,716.0000,1.0000,1,59,True,1745469.0000,1746304.0000,102.0999,0.1021
1,1769.4288,1745.5878,1745587.7999,65,1.0-1745469-1746304,716.0000,1.0000,1,59,True,1745469.0000,1746304.0000,118.7999,0.1188
1,1769.4523,1745.6113,1745611.2999,65,1.0-1745469-1746304,716.0000,1.0000,1,59,True,1745469.0000,1746304.0000,142.2999,0.1423
1,1769.6053,1745.7643,1745764.2999,65,1.0-1745469-1746304,716.0000,1.0000,1,59,True,1745469.0000,1746304.0000,295.2999,0.2953
1,1769.9057,1746.0647,1746064.6999,65,1.0-1745469-1746304,716.0000,1.0000,1,59,True,1745469.0000,1746304.0000,595.6999,0.5957
1,1769.9405,1746.0995,1746099.4999,65,1.0-1745469-1746304,716.0000,1.0000,1,59,True,1745469.0000,1746304.0000,630.4999,0.6305
1,1770.0019,1746.1609,1746160.8999,65,1.0-1745469-1746304,716.0000,1.0000,1,59,True,1745469.0000,1746304.0000,691.8999,0.6919
1,1770.0498,1746.2088,1746208.7999,65,1.0-1745469-1746304,716.0000,1.0000,1,59,True,1745469.0000,1746304.0000,739.7999,0.7398
1,1770.1346,1746.2936,1746293.5999,65,1.0-1745469-1746304,716.0000,1.0000,1,59,True,1745469.0000,1746304.0000,824.5999,0.8246
1,355.2759,331.4349,331434.8999,66,1.0-331419-334391,187.0000,1.0000,1,60,True,331419.0000,334391.0000,15.8999,0.0159
1,355.3985,331.5575,331557.4999,66,1.0-331419-334391,187.0000,1.0000,1,60,True,331419.0000,334391.0000,138.4999,0.1385
1,355.4362,331.5952,331595.1999,66,1.0-331419-334391,187.0000,1.0000,1,60,True,331419.0000,334391.0000,176.1999,0.1762
1,355.5310,331.6900,331689.9999,66,1.0-331419-334391,187.0000,1.0000,1,60,True,331419.0000,334391.0000,270.9999,0.2710
1,355.5654,331.7244,331724.3999,66,1.0-331419-334391,187.0000,1.0000,1,60,True,331419.0000,334391.0000,305.3999,0.3054
1,355.6177,331.7767,331776.6999,66,1.0-331419-334391,187.0000,1.0000,1,60,True,331419.0000,334391.0000,357.6999,0.3577
1,355.6634,331.8224,331822.3999,66,1.0-331419-334391,187.0000,1.0000,1,60,True,331419.0000,334391.0000,403.3999,0.4034
1,355.8000,331.9590,331958.9999,66,1.0-331419-334391,187.0000,1.0000,1,60,True,331419.0000,334391.0000,539.9999,0.5400
1,355.8475,332.0065,332006.4999,66,1.0-331419-334391,187.0000,1.0000,1,60,True,331419.0000,334391.0000,587.4999,0.5875
1,355.9785,332.1375,332137.4999,66,1.0-331419-334391,187.0000,1.0000,1,60,True,331419.0000,334391.0000,718.4999,0.7185
1,356.0248,332.1838,332183.7999,66,1.0-331419-334391,187.0000,1.0000,1,60,True,331419.0000,334391.0000,764.7999,0.7648
1,356.0676,332.2266,332226.5999,66,1.0-331419-334391,187.0000,1.0000,1,60,True,331419.0000,334391.0000,807.5999,0.8076
1,356.0844,332.2434,332243.3999,66,1.0-331419-334391,187.0000,1.0000,1,60,True,331419.0000,334391.0000,824.3999,0.8244
1,356.1218,332.2808,332280.7999,66,1.0-331419-334391,187.0000,1.0000,1,60,True,331419.0000,334391.0000,861.7999,0.8618
1,356.1377,332.2967,332296.6999,66,1.0-331419-334391,187.0000,1.0000,1,60,True,331419.0000,334391.0000,877.6999,0.8777
1,356.1715,332.3305,332330.4999,66,1.0-331419-334391,187.0000,1.0000,1,60,True,331419.0000,334391.0000,911.4999,0.9115
1,356.1786,332.3376,332337.5999,66,1.0-331419-334391,187.0000,1.0000,1,60,True,331419.0000,334391.0000,918.5999,0.9186
1,356.1979,332.3569,332356.8999,66,1.0-331419-334391,187.0000,1.0000,1,60,True,331419.0000,334391.0000,937.8999,0.9379
1,356.2011,332.3601,332360.0999,66,1.0-331419-334391,187.0000,1.0000,1,60,True,331419.0000,334391.0000,941.0999,0.9411
1,356.2165,332.3755,332375.4999,66,1.0-331419-334391,187.0000,1.0000,1,60,True,331419.0000,334391.0000,956.4999,0.9565
1,356.2362,332.3952,332395.1999,66,1.0-331419-334391,187.0000,1.0000,1,60,True,331419.0000,334391.0000,976.1999,0.9762
1,356.3294,332.4884,332488.3999,66,1.0-331419-334391,187.0000,1.0000,1,60,True,331419.0000,334391.0000,1069.3999,1.0694
1,356.3403,332.4993,332499.2999,66,1.0-331419-334391,187.0000,1.0000,1,60,True,331419.0000,334391.0000,1080.2999,1.0803
1,356.3660,332.5250,332524.9999,66,1.0-331419-334391,187.0000,1.0000,1,60,True,331419.0000,334391.0000,1105.9999,1.1060
1,356.3680,332.5270,332526.9999,66,1.0-331419-334391,187.0000,1.0000,1,60,True,331419.0000,334391.0000,1107.9999,1.1080
1,356.4009,332.5599,332559.8999,66,1.0-331419-334391,187.0000,1.0000,1,60,True,331419.0000,334391.0000,1140.8999,1.1409
1,356.5223,332.6813,332681.2999,66,1.0-331419-334391,187.0000,1.0000,1,60,True,331419.0000,334391.0000,1262.2999,1.2623
1,356.5440,332.7030,332702.9999,66,1.0-331419-334391,187.0000,1.0000,1,60,True,331419.0000,334391.0000,1283.9999,1.2840
1,356.5896,332.7486,332748.5999,66,1.0-331419-334391,187.0000,1.0000,1,60,True,331419.0000,334391.0000,1329.5999,1.3296
1,356.6382,332.7972,332797.1999,66,1.0-331419-334391,187.0000,1.0000,1,60,True,331419.0000,334391.0000,1378.1999,1.3782
1,356.6455,332.8045,332804.4999,66,1.0-331419-334391,187.0000,1.0000,1,60,True,331419.0000,334391.0000,1385.4999,1.3855
1,356.7061,332.8651,332865.0999,66,1.0-331419-334391,187.0000,1.0000,1,60,True,331419.0000,334391.0000,1446.0999,1.4461
1,356.7208,332.8798,332879.7999,66,1.0-331419-334391,187.0000,1.0000,1,60,True,331419.0000,334391.0000,1460.7999,1.4608
1,356.7357,332.8947,332894.6999,66,1.0-331419-334391,187.0000,1.0000,1,60,True,331419.0000,334391.0000,1475.6999,1.4757
1,356.7542,332.9132,332913.1999,66,1.0-331419-334391,187.0000,1.0000,1,60,True,331419.0000,334391.0000,1494.1999,1.4942
1,356.7747,332.9337,332933.6999,66,1.0-331419-334391,187.0000,1.0000,1,60,True,331419.0000,334391.0000,1514.6999,1.5147
1,356.8236,332.9826,332982.5999,66,1.0-331419-334391,187.0000,1.0000,1,60,True,331419.0000,334391.0000,1563.5999,1.5636
1,356.8474,333.0064,333006.3999,66,1.0-331419-334391,187.0000,1.0000,1,60,True,331419.0000,334391.0000,1587.3999,1.5874
1,356.8737,333.0327,333032.6999,66,1.0-331419-334391,187.0000,1.0000,1,60,True,331419.0000,334391.0000,1613.6999,1.6137
1,356.9368,333.0958,333095.7999,66,1.0-331419-334391,187.0000,1.0000,1,60,True,331419.0000,334391.0000,1676.7999,1.6768
1,356.9823,333.1413,333141.2999,66,1.0-331419-334391,187.0000,1.0000,1,60,True,331419.0000,334391.0000,1722.2999,1.7223
1,357.0535,333.2125,333212.4999,66,1.0-331419-334391,187.0000,1.0000,1,60,True,331419.0000,334391.0000,1793.4999,1.7935
1,357.0606,333.2196,333219.5999,66,1.0-331419-334391,187.0000,1.0000,1,60,True,331419.0000,334391.0000,1800.5999,1.8006
1,357.1283,333.2873,333287.2999,66,1.0-331419-334391,187.0000,1.0000,1,60,True,331419.0000,334391.0000,1868.2999,1.8683
1,357.1995,333.3585,333358.4999,66,1.0-331419-334391,187.0000,1.0000,1,60,True,331419.0000,334391.0000,1939.4999,1.9395
1,357.3130,333.4720,333471.9999,66,1.0-331419-334391,187.0000,1.0000,1,60,True,331419.0000,334391.0000,2052.9999,2.0530
1,357.3962,333.5552,333555.1999,66,1.0-331419-334391,187.0000,1.0000,1,60,True,331419.0000,334391.0000,2136.1999,2.1362
1,357.4127,333.5717,333571.6999,66,1.0-331419-334391,187.0000,1.0000,1,60,True,331419.0000,334391.0000,2152.6999,2.1527
1,357.4370,333.5960,333595.9999,66,1.0-331419-334391,187.0000,1.0000,1,60,True,331419.0000,334391.0000,2176.9999,2.1770
1,357.4710,333.6300,333629.9999,66,1.0-331419-334391,187.0000,1.0000,1,60,True,331419.0000,334391.0000,2210.9999,2.2110
1,357.5026,333.6616,333661.5999,66,1.0-331419-334391,187.0000,1.0000,1,60,True,331419.0000,334391.0000,2242.5999,2.2426
1,357.5140,333.6730,333672.9999,66,1.0-331419-334391,187.0000,1.0000,1,60,True,331419.0000,334391.0000,2253.9999,2.2540
1,357.5365,333.6955,333695.4999,66,1.0-331419-334391,187.0000,1.0000,1,60,True,331419.0000,334391.0000,2276.4999,2.2765
1,357.5627,333.7217,333721.6999,66,1.0-331419-334391,187.0000,1.0000,1,60,True,331419.0000,334391.0000,2302.6999,2.3027
1,357.6065,333.7655,333765.4999,66,1.0-331419-334391,187.0000,1.0000,1,60,True,331419.0000,334391.0000,2346.4999,2.3465
1,357.6340,333.7930,333792.9999,66,1.0-331419-334391,187.0000,1.0000,1,60,True,331419.0000,334391.0000,2373.9999,2.3740
1,357.6479,333.8069,333806.8999,66,1.0-331419-334391,187.0000,1.0000,1,60,True,331419.0000,334391.0000,2387.8999,2.3879
1,357.6546,333.8136,333813.5999,66,1.0-331419-334391,187.0000,1.0000,1,60,True,331419.0000,334391.0000,2394.5999,2.3946
1,357.6652,333.8242,333824.1999,66,1.0-331419-334391,187.0000,1.0000,1,60,True,331419.0000,334391.0000,2405.1999,2.4052
1,357.7842,333.9432,333943.1999,66,1.0-331419-334391,187.0000,1.0000,1,60,True,331419.0000,334391.0000,2524.1999,2.5242
1,357.9740,334.1330,334132.9999,66,1.0-331419-334391,187.0000,1.0000,1,60,True,331419.0000,334391.0000,2713.9999,2.7140
1,358.0214,334.1804,334180.3999,66,1.0-331419-334391,187.0000,1.0000,1,60,True,331419.0000,334391.0000,2761.3999,2.7614
1,358.0463,334.2053,334205.2999,66,1.0-331419-334391,187.0000,1.0000,1,60,True,331419.0000,334391.0000,2786.2999,2.7863
1,358.0858,334.2448,334244.7999,66,1.0-331419-334391,187.0000,1.0000,1,60,True,331419.0000,334391.0000,2825.7999,2.8258
1,358.1615,334.3205,334320.4999,66,1.0-331419-334391,187.0000,1.0000,1,60,True,331419.0000,334391.0000,2901.4999,2.9015
1,61.6521,37.8111,37811.0999,67,1.0-37607-38710,19.0000,1.0000,0,73,True,37607.0000,38710.0000,204.0999,0.2041
1,61.6649,37.8239,37823.8999,67,1.0-37607-38710,19.0000,1.0000,0,73,True,37607.0000,38710.0000,216.8999,0.2169
1,61.7193,37.8783,37878.2999,67,1.0-37607-38710,19.0000,1.0000,0,73,True,37607.0000,38710.0000,271.2999,0.2713
1,61.7533,37.9123,37912.2999,67,1.0-37607-38710,19.0000,1.0000,0,73,True,37607.0000,38710.0000,305.2999,0.3053
1,61.8133,37.9723,37972.2999,67,1.0-37607-38710,19.0000,1.0000,0,73,True,37607.0000,38710.0000,365.2999,0.3653
1,61.8473,38.0063,38006.2999,67,1.0-37607-38710,19.0000,1.0000,0,73,True,37607.0000,38710.0000,399.2999,0.3993
1,61.9739,38.1329,38132.8999,67,1.0-37607-38710,19.0000,1.0000,0,73,True,37607.0000,38710.0000,525.8999,0.5259
1,62.1628,38.3218,38321.7999,67,1.0-37607-38710,19.0000,1.0000,0,73,True,37607.0000,38710.0000,714.7999,0.7148
1,62.2159,38.3749,38374.8999,67,1.0-37607-38710,19.0000,1.0000,0,73,True,37607.0000,38710.0000,767.8999,0.7679
1,62.3640,38.5230,38522.9999,67,1.0-37607-38710,19.0000,1.0000,0,73,True,37607.0000,38710.0000,915.9999,0.9160
1,62.3982,38.5572,38557.1999,67,1.0-37607-38710,19.0000,1.0000,0,73,True,37607.0000,38710.0000,950.1999,0.9502
1,62.4070,38.5660,38565.9999,67,1.0-37607-38710,19.0000,1.0000,0,73,True,37607.0000,38710.0000,958.9999,0.9590
1,62.5054,38.6644,38664.3999,67,1.0-37607-38710,19.0000,1.0000,0,73,True,37607.0000,38710.0000,1057.3999,1.0574
1,62.5372,38.6962,38696.1999,67,1.0-37607-38710,19.0000,1.0000,0,73,True,37607.0000,38710.0000,1089.1999,1.0892
1,62.5466,38.7056,38705.5999,67,1.0-37607-38710,19.0000,1.0000,0,73,True,37607.0000,38710.0000,1098.5999,1.0986
1,1708.8055,1684.9645,1684964.4999,68,1.0-1684916-1686386,688.0000,1.0000,1,61,True,1684916.0000,1686386.0000,48.4999,0.0485
1,1708.8261,1684.9851,1684985.0999,68,1.0-1684916-1686386,688.0000,1.0000,1,61,True,1684916.0000,1686386.0000,69.0999,0.0691
1,1709.0425,1685.2015,1685201.4999,68,1.0-1684916-1686386,688.0000,1.0000,1,61,True,1684916.0000,1686386.0000,285.4999,0.2855
1,1709.2432,1685.4022,1685402.1999,68,1.0-1684916-1686386,688.0000,1.0000,1,61,True,1684916.0000,1686386.0000,486.1999,0.4862
1,1709.3160,1685.4750,1685474.9999,68,1.0-1684916-1686386,688.0000,1.0000,1,61,True,1684916.0000,1686386.0000,558.9999,0.5590
1,1709.3773,1685.5363,1685536.2999,68,1.0-1684916-1686386,688.0000,1.0000,1,61,True,1684916.0000,1686386.0000,620.2999,0.6203
1,1709.4428,1685.6018,1685601.7999,68,1.0-1684916-1686386,688.0000,1.0000,1,61,True,1684916.0000,1686386.0000,685.7999,0.6858
1,1709.4896,1685.6486,1685648.5999,68,1.0-1684916-1686386,688.0000,1.0000,1,61,True,1684916.0000,1686386.0000,732.5999,0.7326
1,1709.5250,1685.6840,1685683.9999,68,1.0-1684916-1686386,688.0000,1.0000,1,61,True,1684916.0000,1686386.0000,767.9999,0.7680
1,1709.7702,1685.9292,1685929.1999,68,1.0-1684916-1686386,688.0000,1.0000,1,61,True,1684916.0000,1686386.0000,1013.1999,1.0132
1,1709.8028,1685.9618,1685961.7999,68,1.0-1684916-1686386,688.0000,1.0000,1,61,True,1684916.0000,1686386.0000,1045.7999,1.0458
1,1709.8372,1685.9962,1685996.1999,68,1.0-1684916-1686386,688.0000,1.0000,1,61,True,1684916.0000,1686386.0000,1080.1999,1.0802
1,1709.8395,1685.9985,1685998.4999,68,1.0-1684916-1686386,688.0000,1.0000,1,61,True,1684916.0000,1686386.0000,1082.4999,1.0825
1,1709.9008,1686.0598,1686059.7999,68,1.0-1684916-1686386,688.0000,1.0000,1,61,True,1684916.0000,1686386.0000,1143.7999,1.1438
1,1709.9088,1686.0678,1686067.7999,68,1.0-1684916-1686386,688.0000,1.0000,1,61,True,1684916.0000,1686386.0000,1151.7999,1.1518
1,1709.9285,1686.0875,1686087.4999,68,1.0-1684916-1686386,688.0000,1.0000,1,61,True,1684916.0000,1686386.0000,1171.4999,1.1715
1,1709.9475,1686.1065,1686106.4999,68,1.0-1684916-1686386,688.0000,1.0000,1,61,True,1684916.0000,1686386.0000,1190.4999,1.1905
1,1710.0000,1686.1590,1686158.9999,68,1.0-1684916-1686386,688.0000,1.0000,1,61,True,1684916.0000,1686386.0000,1242.9999,1.2430
1,1710.0176,1686.1766,1686176.5999,68,1.0-1684916-1686386,688.0000,1.0000,1,61,True,1684916.0000,1686386.0000,1260.5999,1.2606
1,1710.0937,1686.2527,1686252.6999,68,1.0-1684916-1686386,688.0000,1.0000,1,61,True,1684916.0000,1686386.0000,1336.6999,1.3367
1,1710.1653,1686.3243,1686324.2999,68,1.0-1684916-1686386,688.0000,1.0000,1,61,True,1684916.0000,1686386.0000,1408.2999,1.4083
1,2444.7762,2420.9352,2420935.1999,69,1.0-2420931-2423937,995.0000,1.0000,0,74,True,2420931.0000,2423937.0000,4.1999,0.0042
1,2444.8069,2420.9659,2420965.8999,69,1.0-2420931-2423937,995.0000,1.0000,0,74,True,2420931.0000,2423937.0000,34.8999,0.0349
1,2444.9631,2421.1221,2421122.0999,69,1.0-2420931-2423937,995.0000,1.0000,0,74,True,2420931.0000,2423937.0000,191.0999,0.1911
1,2444.9899,2421.1489,2421148.8999,69,1.0-2420931-2423937,995.0000,1.0000,0,74,True,2420931.0000,2423937.0000,217.8999,0.2179
1,2445.1118,2421.2708,2421270.7999,69,1.0-2420931-2423937,995.0000,1.0000,0,74,True,2420931.0000,2423937.0000,339.7999,0.3398
1,2445.1716,2421.3306,2421330.5999,69,1.0-2420931-2423937,995.0000,1.0000,0,74,True,2420931.0000,2423937.0000,399.5999,0.3996
1,2445.2608,2421.4198,2421419.7999,69,1.0-2420931-2423937,995.0000,1.0000,0,74,True,2420931.0000,2423937.0000,488.7999,0.4888
1,2445.3323,2421.4913,2421491.2999,69,1.0-2420931-2423937,995.0000,1.0000,0,74,True,2420931.0000,2423937.0000,560.2999,0.5603
1,2445.3478,2421.5068,2421506.7999,69,1.0-2420931-2423937,995.0000,1.0000,0,74,True,2420931.0000,2423937.0000,575.7999,0.5758
1,2445.3809,2421.5399,2421539.8999,69,1.0-2420931-2423937,995.0000,1.0000,0,74,True,2420931.0000,2423937.0000,608.8999,0.6089
1,2445.4533,2421.6123,2421612.2999,69,1.0-2420931-2423937,995.0000,1.0000,0,74,True,2420931.0000,2423937.0000,681.2999,0.6813
1,2445.5314,2421.6904,2421690.3999,69,1.0-2420931-2423937,995.0000,1.0000,0,74,True,2420931.0000,2423937.0000,759.3999,0.7594
1,2445.6098,2421.7688,2421768.7999,69,1.0-2420931-2423937,995.0000,1.0000,0,74,True,2420931.0000,2423937.0000,837.7999,0.8378
1,2445.6663,2421.8253,2421825.2999,69,1.0-2420931-2423937,995.0000,1.0000,0,74,True,2420931.0000,2423937.0000,894.2999,0.8943
1,2445.7007,2421.8597,2421859.6999,69,1.0-2420931-2423937,995.0000,1.0000,0,74,True,2420931.0000,2423937.0000,928.6999,0.9287
1,2445.7643,2421.9233,2421923.2999,69,1.0-2420931-2423937,995.0000,1.0000,0,74,True,2420931.0000,2423937.0000,992.2999,0.9923
1,2445.9225,2422.0815,2422081.4999,69,1.0-2420931-2423937,995.0000,1.0000,0,74,True,2420931.0000,2423937.0000,1150.4999,1.1505
1,2445.9253,2422.0843,2422084.2999,69,1.0-2420931-2423937,995.0000,1.0000,0,74,True,2420931.0000,2423937.0000,1153.2999,1.1533
1,2445.9637,2422.1227,2422122.6999,69,1.0-2420931-2423937,995.0000,1.0000,0,74,True,2420931.0000,2423937.0000,1191.6999,1.1917
1,2446.0304,2422.1894,2422189.3999,69,1.0-2420931-2423937,995.0000,1.0000,0,74,True,2420931.0000,2423937.0000,1258.3999,1.2584
1,2446.1457,2422.3047,2422304.6999,69,1.0-2420931-2423937,995.0000,1.0000,0,74,True,2420931.0000,2423937.0000,1373.6999,1.3737
1,2446.3007,2422.4597,2422459.6999,69,1.0-2420931-2423937,995.0000,1.0000,0,74,True,2420931.0000,2423937.0000,1528.6999,1.5287
1,2446.4320,2422.5910,2422590.9999,69,1.0-2420931-2423937,995.0000,1.0000,0,74,True,2420931.0000,2423937.0000,1659.9999,1.6600
1,2446.4479,2422.6069,2422606.8999,69,1.0-2420931-2423937,995.0000,1.0000,0,74,True,2420931.0000,2423937.0000,1675.8999,1.6759
1,2446.4590,2422.6180,2422617.9999,69,1.0-2420931-2423937,995.0000,1.0000,0,74,True,2420931.0000,2423937.0000,1686.9999,1.6870
1,2446.4815,2422.6405,2422640.4999,69,1.0-2420931-2423937,995.0000,1.0000,0,74,True,2420931.0000,2423937.0000,1709.4999,1.7095
1,2446.5252,2422.6842,2422684.1999,69,1.0-2420931-2423937,995.0000,1.0000,0,74,True,2420931.0000,2423937.0000,1753.1999,1.7532
1,2446.5338,2422.6928,2422692.7999,69,1.0-2420931-2423937,995.0000,1.0000,0,74,True,2420931.0000,2423937.0000,1761.7999,1.7618
1,2446.5752,2422.7342,2422734.1999,69,1.0-2420931-2423937,995.0000,1.0000,0,74,True,2420931.0000,2423937.0000,1803.1999,1.8032
1,2446.5833,2422.7423,2422742.2999,69,1.0-2420931-2423937,995.0000,1.0000,0,74,True,2420931.0000,2423937.0000,1811.2999,1.8113
1,2446.5904,2422.7494,2422749.3999,69,1.0-2420931-2423937,995.0000,1.0000,0,74,True,2420931.0000,2423937.0000,1818.3999,1.8184
1,2446.6259,2422.7849,2422784.8999,69,1.0-2420931-2423937,995.0000,1.0000,0,74,True,2420931.0000,2423937.0000,1853.8999,1.8539
1,2446.6470,2422.8060,2422805.9999,69,1.0-2420931-2423937,995.0000,1.0000,0,74,True,2420931.0000,2423937.0000,1874.9999,1.8750
1,2446.6598,2422.8188,2422818.7999,69,1.0-2420931-2423937,995.0000,1.0000,0,74,True,2420931.0000,2423937.0000,1887.7999,1.8878
1,2446.7520,2422.9110,2422910.9999,69,1.0-2420931-2423937,995.0000,1.0000,0,74,True,2420931.0000,2423937.0000,1979.9999,1.9800
1,2446.7827,2422.9417,2422941.6999,69,1.0-2420931-2423937,995.0000,1.0000,0,74,True,2420931.0000,2423937.0000,2010.6999,2.0107
1,2446.7900,2422.9490,2422948.9999,69,1.0-2420931-2423937,995.0000,1.0000,0,74,True,2420931.0000,2423937.0000,2017.9999,2.0180
1,2446.7981,2422.9571,2422957.0999,69,1.0-2420931-2423937,995.0000,1.0000,0,74,True,2420931.0000,2423937.0000,2026.0999,2.0261
1,2446.8487,2423.0077,2423007.6999,69,1.0-2420931-2423937,995.0000,1.0000,0,74,True,2420931.0000,2423937.0000,2076.6999,2.0767
1,2446.8514,2423.0104,2423010.3999,69,1.0-2420931-2423937,995.0000,1.0000,0,74,True,2420931.0000,2423937.0000,2079.3999,2.0794
1,2446.8882,2423.0472,2423047.1999,69,1.0-2420931-2423937,995.0000,1.0000,0,74,True,2420931.0000,2423937.0000,2116.1999,2.1162
1,2446.8933,2423.0523,2423052.2999,69,1.0-2420931-2423937,995.0000,1.0000,0,74,True,2420931.0000,2423937.0000,2121.2999,2.1213
1,2446.9501,2423.1091,2423109.0999,69,1.0-2420931-2423937,995.0000,1.0000,0,74,True,2420931.0000,2423937.0000,2178.0999,2.1781
1,2446.9811,2423.1401,2423140.0999,69,1.0-2420931-2423937,995.0000,1.0000,0,74,True,2420931.0000,2423937.0000,2209.0999,2.2091
1,2447.0168,2423.1758,2423175.7999,69,1.0-2420931-2423937,995.0000,1.0000,0,74,True,2420931.0000,2423937.0000,2244.7999,2.2448
1,2447.0448,2423.2038,2423203.7999,69,1.0-2420931-2423937,995.0000,1.0000,0,74,True,2420931.0000,2423937.0000,2272.7999,2.2728
1,2447.1010,2423.2600,2423259.9999,69,1.0-2420931-2423937,995.0000,1.0000,0,74,True,2420931.0000,2423937.0000,2328.9999,2.3290
1,2447.2724,2423.4314,2423431.3999,69,1.0-2420931-2423937,995.0000,1.0000,0,74,True,2420931.0000,2423937.0000,2500.3999,2.5004
1,2447.4306,2423.5896,2423589.5999,69,1.0-2420931-2423937,995.0000,1.0000,0,74,True,2420931.0000,2423937.0000,2658.5999,2.6586
1,2447.5938,2423.7528,2423752.7999,69,1.0-2420931-2423937,995.0000,1.0000,0,74,True,2420931.0000,2423937.0000,2821.7999,2.8218
1,2447.6125,2423.7715,2423771.4999,69,1.0-2420931-2423937,995.0000,1.0000,0,74,True,2420931.0000,2423937.0000,2840.4999,2.8405
1,2447.6332,2423.7922,2423792.1999,69,1.0-2420931-2423937,995.0000,1.0000,0,74,True,2420931.0000,2423937.0000,2861.1999,2.8612
1,2447.6990,2423.8580,2423857.9999,69,1.0-2420931-2423937,995.0000,1.0000,0,74,True,2420931.0000,2423937.0000,2926.9999,2.9270
1,2447.7234,2423.8824,2423882.3999,69,1.0-2420931-2423937,995.0000,1.0000,0,74,True,2420931.0000,2423937.0000,2951.3999,2.9514
1,2447.7583,2423.9173,2423917.2999,69,1.0-2420931-2423937,995.0000,1.0000,0,74,True,2420931.0000,2423937.0000,2986.2999,2.9863
1,515.8151,491.9741,491974.0999,70,1.0-491935-493672,257.0000,1.0000,1,62,True,491935.0000,493672.0000,39.0999,0.0391
1,515.9189,492.0779,492077.8999,70,1.0-491935-493672,257.0000,1.0000,1,62,True,491935.0000,493672.0000,142.8999,0.1429
1,515.9754,492.1344,492134.3999,70,1.0-491935-493672,257.0000,1.0000,1,62,True,491935.0000,493672.0000,199.3999,0.1994
1,516.0367,492.1957,492195.6999,70,1.0-491935-493672,257.0000,1.0000,1,62,True,491935.0000,493672.0000,260.6999,0.2607
1,516.1473,492.3063,492306.2999,70,1.0-491935-493672,257.0000,1.0000,1,62,True,491935.0000,493672.0000,371.2999,0.3713
1,516.2095,492.3685,492368.4999,70,1.0-491935-493672,257.0000,1.0000,1,62,True,491935.0000,493672.0000,433.4999,0.4335
1,516.3351,492.4941,492494.0999,70,1.0-491935-493672,257.0000,1.0000,1,62,True,491935.0000,493672.0000,559.0999,0.5591
1,516.5488,492.7078,492707.7999,70,1.0-491935-493672,257.0000,1.0000,1,62,True,491935.0000,493672.0000,772.7999,0.7728
1,516.6009,492.7599,492759.8999,70,1.0-491935-493672,257.0000,1.0000,1,62,True,491935.0000,493672.0000,824.8999,0.8249
1,516.6810,492.8400,492839.9999,70,1.0-491935-493672,257.0000,1.0000,1,62,True,491935.0000,493672.0000,904.9999,0.9050
1,516.7548,492.9138,492913.7999,70,1.0-491935-493672,257.0000,1.0000,1,62,True,491935.0000,493672.0000,978.7999,0.9788
1,516.7759,492.9349,492934.8999,70,1.0-491935-493672,257.0000,1.0000,1,62,True,491935.0000,493672.0000,999.8999,0.9999
1,516.8074,492.9664,492966.3999,70,1.0-491935-493672,257.0000,1.0000,1,62,True,491935.0000,493672.0000,1031.3999,1.0314
1,516.8878,493.0468,493046.7999,70,1.0-491935-493672,257.0000,1.0000,1,62,True,491935.0000,493672.0000,1111.7999,1.1118
1,516.9619,493.1209,493120.8999,70,1.0-491935-493672,257.0000,1.0000,1,62,True,491935.0000,493672.0000,1185.8999,1.1859
1,517.0314,493.1904,493190.3999,70,1.0-491935-493672,257.0000,1.0000,1,62,True,491935.0000,493672.0000,1255.3999,1.2554
1,517.0493,493.2083,493208.2999,70,1.0-491935-493672,257.0000,1.0000,1,62,True,491935.0000,493672.0000,1273.2999,1.2733
1,517.0961,493.2551,493255.0999,70,1.0-491935-493672,257.0000,1.0000,1,62,True,491935.0000,493672.0000,1320.0999,1.3201
1,517.2853,493.4443,493444.2999,70,1.0-491935-493672,257.0000,1.0000,1,62,True,491935.0000,493672.0000,1509.2999,1.5093
1,517.3302,493.4892,493489.1999,70,1.0-491935-493672,257.0000,1.0000,1,62,True,491935.0000,493672.0000,1554.1999,1.5542
1,517.4939,493.6529,493652.8999,70,1.0-491935-493672,257.0000,1.0000,1,62,True,491935.0000,493672.0000,1717.8999,1.7179
1,1480.1411,1456.3001,1456300.0999,71,1.0-1456199-1457368,577.0000,1.0000,0,75,True,1456199.0000,1457368.0000,101.0999,0.1011
1,1480.1860,1456.3450,1456344.9999,71,1.0-1456199-1457368,577.0000,1.0000,0,75,True,1456199.0000,1457368.0000,145.9999,0.1460
1,1480.2158,1456.3748,1456374.7999,71,1.0-1456199-1457368,577.0000,1.0000,0,75,True,1456199.0000,1457368.0000,175.7999,0.1758
1,1480.2414,1456.4004,1456400.3999,71,1.0-1456199-1457368,577.0000,1.0000,0,75,True,1456199.0000,1457368.0000,201.3999,0.2014
1,1480.2717,1456.4307,1456430.6999,71,1.0-1456199-1457368,577.0000,1.0000,0,75,True,1456199.0000,1457368.0000,231.6999,0.2317
1,1480.2889,1456.4479,1456447.8999,71,1.0-1456199-1457368,577.0000,1.0000,0,75,True,1456199.0000,1457368.0000,248.8999,0.2489
1,1480.2917,1456.4507,1456450.6999,71,1.0-1456199-1457368,577.0000,1.0000,0,75,True,1456199.0000,1457368.0000,251.6999,0.2517
1,1480.3556,1456.5146,1456514.5999,71,1.0-1456199-1457368,577.0000,1.0000,0,75,True,1456199.0000,1457368.0000,315.5999,0.3156
1,1480.3848,1456.5438,1456543.7999,71,1.0-1456199-1457368,577.0000,1.0000,0,75,True,1456199.0000,1457368.0000,344.7999,0.3448
1,1480.4340,1456.5930,1456592.9999,71,1.0-1456199-1457368,577.0000,1.0000,0,75,True,1456199.0000,1457368.0000,393.9999,0.3940
1,1480.4532,1456.6122,1456612.1999,71,1.0-1456199-1457368,577.0000,1.0000,0,75,True,1456199.0000,1457368.0000,413.1999,0.4132
1,1480.4590,1456.6180,1456617.9999,71,1.0-1456199-1457368,577.0000,1.0000,0,75,True,1456199.0000,1457368.0000,418.9999,0.4190
1,1480.4931,1456.6521,1456652.0999,71,1.0-1456199-1457368,577.0000,1.0000,0,75,True,1456199.0000,1457368.0000,453.0999,0.4531
1,1480.5105,1456.6695,1456669.4999,71,1.0-1456199-1457368,577.0000,1.0000,0,75,True,1456199.0000,1457368.0000,470.4999,0.4705
1,1480.5125,1456.6715,1456671.4999,71,1.0-1456199-1457368,577.0000,1.0000,0,75,True,1456199.0000,1457368.0000,472.4999,0.4725
1,1480.5270,1456.6860,1456685.9999,71,1.0-1456199-1457368,577.0000,1.0000,0,75,True,1456199.0000,1457368.0000,486.9999,0.4870
1,1480.5642,1456.7232,1456723.1999,71,1.0-1456199-1457368,577.0000,1.0000,0,75,True,1456199.0000,1457368.0000,524.1999,0.5242
1,1480.5741,1456.7331,1456733.0999,71,1.0-1456199-1457368,577.0000,1.0000,0,75,True,1456199.0000,1457368.0000,534.0999,0.5341
1,1480.5886,1456.7476,1456747.5999,71,1.0-1456199-1457368,577.0000,1.0000,0,75,True,1456199.0000,1457368.0000,548.5999,0.5486
1,1480.6168,1456.7758,1456775.7999,71,1.0-1456199-1457368,577.0000,1.0000,0,75,True,1456199.0000,1457368.0000,576.7999,0.5768
1,1480.6272,1456.7862,1456786.1999,71,1.0-1456199-1457368,577.0000,1.0000,0,75,True,1456199.0000,1457368.0000,587.1999,0.5872
1,1480.6410,1456.8000,1456799.9999,71,1.0-1456199-1457368,577.0000,1.0000,0,75,True,1456199.0000,1457368.0000,600.9999,0.6010
1,1481.0098,1457.1688,1457168.7999,71,1.0-1456199-1457368,577.0000,1.0000,0,75,True,1456199.0000,1457368.0000,969.7999,0.9698
1,1481.1637,1457.3227,1457322.6999,71,1.0-1456199-1457368,577.0000,1.0000,0,75,True,1456199.0000,1457368.0000,1123.6999,1.1237
1,1481.1940,1457.3530,1457352.9999,71,1.0-1456199-1457368,577.0000,1.0000,0,75,True,1456199.0000,1457368.0000,1153.9999,1.1540
1,208.2954,184.4544,184454.3999,72,1.0-184430-187335,109.0000,1.0000,1,63,True,184430.0000,187335.0000,24.3999,0.0244
1,208.3189,184.4779,184477.8999,72,1.0-184430-187335,109.0000,1.0000,1,63,True,184430.0000,187335.0000,47.8999,0.0479
1,208.3969,184.5559,184555.8999,72,1.0-184430-187335,109.0000,1.0000,1,63,True,184430.0000,187335.0000,125.8999,0.1259
1,208.4004,184.5594,184559.3999,72,1.0-184430-187335,109.0000,1.0000,1,63,True,184430.0000,187335.0000,129.3999,0.1294
1,208.4266,184.5856,184585.5999,72,1.0-184430-187335,109.0000,1.0000,1,63,True,184430.0000,187335.0000,155.5999,0.1556
1,208.6174,184.7764,184776.3999,72,1.0-184430-187335,109.0000,1.0000,1,63,True,184430.0000,187335.0000,346.3999,0.3464
1,208.9412,185.1002,185100.1999,72,1.0-184430-187335,109.0000,1.0000,1,63,True,184430.0000,187335.0000,670.1999,0.6702
1,209.0070,185.1660,185165.9999,72,1.0-184430-187335,109.0000,1.0000,1,63,True,184430.0000,187335.0000,735.9999,0.7360
1,209.0579,185.2169,185216.8999,72,1.0-184430-187335,109.0000,1.0000,1,63,True,184430.0000,187335.0000,786.8999,0.7869
1,209.2328,185.3918,185391.7999,72,1.0-184430-187335,109.0000,1.0000,1,63,True,184430.0000,187335.0000,961.7999,0.9618
1,209.2640,185.4230,185422.9999,72,1.0-184430-187335,109.0000,1.0000,1,63,True,184430.0000,187335.0000,992.9999,0.9930
1,209.3273,185.4863,185486.2999,72,1.0-184430-187335,109.0000,1.0000,1,63,True,184430.0000,187335.0000,1056.2999,1.0563
1,209.4320,185.5910,185590.9999,72,1.0-184430-187335,109.0000,1.0000,1,63,True,184430.0000,187335.0000,1160.9999,1.1610
1,209.4535,185.6125,185612.4999,72,1.0-184430-187335,109.0000,1.0000,1,63,True,184430.0000,187335.0000,1182.4999,1.1825
1,209.4769,185.6359,185635.8999,72,1.0-184430-187335,109.0000,1.0000,1,63,True,184430.0000,187335.0000,1205.8999,1.2059
1,209.4892,185.6482,185648.1999,72,1.0-184430-187335,109.0000,1.0000,1,63,True,184430.0000,187335.0000,1218.1999,1.2182
1,209.5131,185.6721,185672.0999,72,1.0-184430-187335,109.0000,1.0000,1,63,True,184430.0000,187335.0000,1242.0999,1.2421
1,209.5435,185.7025,185702.4999,72,1.0-184430-187335,109.0000,1.0000,1,63,True,184430.0000,187335.0000,1272.4999,1.2725
1,209.5706,185.7296,185729.5999,72,1.0-184430-187335,109.0000,1.0000,1,63,True,184430.0000,187335.0000,1299.5999,1.2996
1,209.5980,185.7570,185756.9999,72,1.0-184430-187335,109.0000,1.0000,1,63,True,184430.0000,187335.0000,1326.9999,1.3270
1,209.6365,185.7955,185795.4999,72,1.0-184430-187335,109.0000,1.0000,1,63,True,184430.0000,187335.0000,1365.4999,1.3655
1,209.6979,185.8569,185856.8999,72,1.0-184430-187335,109.0000,1.0000,1,63,True,184430.0000,187335.0000,1426.8999,1.4269
1,209.8122,185.9712,185971.1999,72,1.0-184430-187335,109.0000,1.0000,1,63,True,184430.0000,187335.0000,1541.1999,1.5412
1,209.8544,186.0134,186013.3999,72,1.0-184430-187335,109.0000,1.0000,1,63,True,184430.0000,187335.0000,1583.3999,1.5834
1,209.9551,186.1141,186114.0999,72,1.0-184430-187335,109.0000,1.0000,1,63,True,184430.0000,187335.0000,1684.0999,1.6841
1,210.0289,186.1879,186187.8999,72,1.0-184430-187335,109.0000,1.0000,1,63,True,184430.0000,187335.0000,1757.8999,1.7579
1,210.0469,186.2059,186205.8999,72,1.0-184430-187335,109.0000,1.0000,1,63,True,184430.0000,187335.0000,1775.8999,1.7759
1,210.0496,186.2086,186208.5999,72,1.0-184430-187335,109.0000,1.0000,1,63,True,184430.0000,187335.0000,1778.5999,1.7786
1,210.0972,186.2562,186256.1999,72,1.0-184430-187335,109.0000,1.0000,1,63,True,184430.0000,187335.0000,1826.1999,1.8262
1,210.1433,186.3023,186302.2999,72,1.0-184430-187335,109.0000,1.0000,1,63,True,184430.0000,187335.0000,1872.2999,1.8723
1,210.2087,186.3677,186367.6999,72,1.0-184430-187335,109.0000,1.0000,1,63,True,184430.0000,187335.0000,1937.6999,1.9377
1,210.2996,186.4586,186458.5999,72,1.0-184430-187335,109.0000,1.0000,1,63,True,184430.0000,187335.0000,2028.5999,2.0286
1,210.3294,186.4884,186488.3999,72,1.0-184430-187335,109.0000,1.0000,1,63,True,184430.0000,187335.0000,2058.3999,2.0584
1,210.3317,186.4907,186490.6999,72,1.0-184430-187335,109.0000,1.0000,1,63,True,184430.0000,187335.0000,2060.6999,2.0607
1,210.3941,186.5531,186553.0999,72,1.0-184430-187335,109.0000,1.0000,1,63,True,184430.0000,187335.0000,2123.0999,2.1231
1,210.4621,186.6211,186621.0999,72,1.0-184430-187335,109.0000,1.0000,1,63,True,184430.0000,187335.0000,2191.0999,2.1911
1,210.5973,186.7563,186756.2999,72,1.0-184430-187335,109.0000,1.0000,1,63,True,184430.0000,187335.0000,2326.2999,2.3263
1,210.6048,186.7638,186763.7999,72,1.0-184430-187335,109.0000,1.0000,1,63,True,184430.0000,187335.0000,2333.7999,2.3338
1,210.7044,186.8634,186863.3999,72,1.0-184430-187335,109.0000,1.0000,1,63,True,184430.0000,187335.0000,2433.3999,2.4334
1,210.8165,186.9755,186975.4999,72,1.0-184430-187335,109.0000,1.0000,1,63,True,184430.0000,187335.0000,2545.4999,2.5455
1,210.8560,187.0150,187014.9999,72,1.0-184430-187335,109.0000,1.0000,1,63,True,184430.0000,187335.0000,2584.9999,2.5850
1,210.8786,187.0376,187037.5999,72,1.0-184430-187335,109.0000,1.0000,1,63,True,184430.0000,187335.0000,2607.5999,2.6076
1,210.9058,187.0648,187064.7999,72,1.0-184430-187335,109.0000,1.0000,1,63,True,184430.0000,187335.0000,2634.7999,2.6348
1,210.9415,187.1005,187100.4999,72,1.0-184430-187335,109.0000,1.0000,1,63,True,184430.0000,187335.0000,2670.4999,2.6705
1,210.9858,187.1448,187144.7999,72,1.0-184430-187335,109.0000,1.0000,1,63,True,184430.0000,187335.0000,2714.7999,2.7148
1,211.0545,187.2135,187213.4999,72,1.0-184430-187335,109.0000,1.0000,1,63,True,184430.0000,187335.0000,2783.4999,2.7835
1,211.0617,187.2207,187220.6999,72,1.0-184430-187335,109.0000,1.0000,1,63,True,184430.0000,187335.0000,2790.6999,2.7907
1,211.1387,187.2977,187297.6999,72,1.0-184430-187335,109.0000,1.0000,1,63,True,184430.0000,187335.0000,2867.6999,2.8677
1,1525.8582,1502.0172,1502017.1999,73,1.0-1501923-1504394,600.0000,1.0000,1,64,True,1501923.0000,1504394.0000,94.1999,0.0942
1,1525.9157,1502.0747,1502074.6999,73,1.0-1501923-1504394,600.0000,1.0000,1,64,True,1501923.0000,1504394.0000,151.6999,0.1517
1,1525.9451,1502.1041,1502104.0999,73,1.0-1501923-1504394,600.0000,1.0000,1,64,True,1501923.0000,1504394.0000,181.0999,0.1811
1,1525.9626,1502.1216,1502121.5999,73,1.0-1501923-1504394,600.0000,1.0000,1,64,True,1501923.0000,1504394.0000,198.5999,0.1986
1,1526.0252,1502.1842,1502184.1999,73,1.0-1501923-1504394,600.0000,1.0000,1,64,True,1501923.0000,1504394.0000,261.1999,0.2612
1,1526.0410,1502.2000,1502199.9999,73,1.0-1501923-1504394,600.0000,1.0000,1,64,True,1501923.0000,1504394.0000,276.9999,0.2770
1,1526.1760,1502.3350,1502334.9999,73,1.0-1501923-1504394,600.0000,1.0000,1,64,True,1501923.0000,1504394.0000,411.9999,0.4120
1,1526.2146,1502.3736,1502373.5999,73,1.0-1501923-1504394,600.0000,1.0000,1,64,True,1501923.0000,1504394.0000,450.5999,0.4506
1,1526.2338,1502.3928,1502392.7999,73,1.0-1501923-1504394,600.0000,1.0000,1,64,True,1501923.0000,1504394.0000,469.7999,0.4698
1,1526.2495,1502.4085,1502408.4999,73,1.0-1501923-1504394,600.0000,1.0000,1,64,True,1501923.0000,1504394.0000,485.4999,0.4855
1,1526.2612,1502.4202,1502420.1999,73,1.0-1501923-1504394,600.0000,1.0000,1,64,True,1501923.0000,1504394.0000,497.1999,0.4972
1,1526.2630,1502.4220,1502421.9999,73,1.0-1501923-1504394,600.0000,1.0000,1,64,True,1501923.0000,1504394.0000,498.9999,0.4990
1,1526.3004,1502.4594,1502459.3999,73,1.0-1501923-1504394,600.0000,1.0000,1,64,True,1501923.0000,1504394.0000,536.3999,0.5364
1,1526.3345,1502.4935,1502493.4999,73,1.0-1501923-1504394,600.0000,1.0000,1,64,True,1501923.0000,1504394.0000,570.4999,0.5705
1,1526.3525,1502.5115,1502511.4999,73,1.0-1501923-1504394,600.0000,1.0000,1,64,True,1501923.0000,1504394.0000,588.4999,0.5885
1,1526.3664,1502.5254,1502525.3999,73,1.0-1501923-1504394,600.0000,1.0000,1,64,True,1501923.0000,1504394.0000,602.3999,0.6024
1,1526.4473,1502.6063,1502606.2999,73,1.0-1501923-1504394,600.0000,1.0000,1,64,True,1501923.0000,1504394.0000,683.2999,0.6833
1,1526.4656,1502.6246,1502624.5999,73,1.0-1501923-1504394,600.0000,1.0000,1,64,True,1501923.0000,1504394.0000,701.5999,0.7016
1,1526.4908,1502.6498,1502649.7999,73,1.0-1501923-1504394,600.0000,1.0000,1,64,True,1501923.0000,1504394.0000,726.7999,0.7268
1,1526.5369,1502.6959,1502695.8999,73,1.0-1501923-1504394,600.0000,1.0000,1,64,True,1501923.0000,1504394.0000,772.8999,0.7729
1,1526.5528,1502.7118,1502711.7999,73,1.0-1501923-1504394,600.0000,1.0000,1,64,True,1501923.0000,1504394.0000,788.7999,0.7888
1,1526.5889,1502.7479,1502747.8999,73,1.0-1501923-1504394,600.0000,1.0000,1,64,True,1501923.0000,1504394.0000,824.8999,0.8249
1,1526.7643,1502.9233,1502923.2999,73,1.0-1501923-1504394,600.0000,1.0000,1,64,True,1501923.0000,1504394.0000,1000.2999,1.0003
1,1526.9557,1503.1147,1503114.6999,73,1.0-1501923-1504394,600.0000,1.0000,1,64,True,1501923.0000,1504394.0000,1191.6999,1.1917
1,1526.9893,1503.1483,1503148.2999,73,1.0-1501923-1504394,600.0000,1.0000,1,64,True,1501923.0000,1504394.0000,1225.2999,1.2253
1,1527.0502,1503.2092,1503209.1999,73,1.0-1501923-1504394,600.0000,1.0000,1,64,True,1501923.0000,1504394.0000,1286.1999,1.2862
1,1527.0843,1503.2433,1503243.2999,73,1.0-1501923-1504394,600.0000,1.0000,1,64,True,1501923.0000,1504394.0000,1320.2999,1.3203
1,1527.0974,1503.2564,1503256.3999,73,1.0-1501923-1504394,600.0000,1.0000,1,64,True,1501923.0000,1504394.0000,1333.3999,1.3334
1,1527.1042,1503.2632,1503263.1999,73,1.0-1501923-1504394,600.0000,1.0000,1,64,True,1501923.0000,1504394.0000,1340.1999,1.3402
1,1527.1261,1503.2851,1503285.0999,73,1.0-1501923-1504394,600.0000,1.0000,1,64,True,1501923.0000,1504394.0000,1362.0999,1.3621
1,1527.1329,1503.2919,1503291.8999,73,1.0-1501923-1504394,600.0000,1.0000,1,64,True,1501923.0000,1504394.0000,1368.8999,1.3689
1,1527.1372,1503.2962,1503296.1999,73,1.0-1501923-1504394,600.0000,1.0000,1,64,True,1501923.0000,1504394.0000,1373.1999,1.3732
1,1527.1516,1503.3106,1503310.5999,73,1.0-1501923-1504394,600.0000,1.0000,1,64,True,1501923.0000,1504394.0000,1387.5999,1.3876
1,1527.1702,1503.3292,1503329.1999,73,1.0-1501923-1504394,600.0000,1.0000,1,64,True,1501923.0000,1504394.0000,1406.1999,1.4062
1,1527.1913,1503.3503,1503350.2999,73,1.0-1501923-1504394,600.0000,1.0000,1,64,True,1501923.0000,1504394.0000,1427.2999,1.4273
1,1527.2864,1503.4454,1503445.3999,73,1.0-1501923-1504394,600.0000,1.0000,1,64,True,1501923.0000,1504394.0000,1522.3999,1.5224
1,1527.6637,1503.8227,1503822.6999,73,1.0-1501923-1504394,600.0000,1.0000,1,64,True,1501923.0000,1504394.0000,1899.6999,1.8997
1,1527.7405,1503.8995,1503899.4999,73,1.0-1501923-1504394,600.0000,1.0000,1,64,True,1501923.0000,1504394.0000,1976.4999,1.9765
1,1527.7703,1503.9293,1503929.2999,73,1.0-1501923-1504394,600.0000,1.0000,1,64,True,1501923.0000,1504394.0000,2006.2999,2.0063
1,1527.7824,1503.9414,1503941.3999,73,1.0-1501923-1504394,600.0000,1.0000,1,64,True,1501923.0000,1504394.0000,2018.3999,2.0184
1,1527.8194,1503.9784,1503978.3999,73,1.0-1501923-1504394,600.0000,1.0000,1,64,True,1501923.0000,1504394.0000,2055.3999,2.0554
1,1527.8278,1503.9868,1503986.7999,73,1.0-1501923-1504394,600.0000,1.0000,1,64,True,1501923.0000,1504394.0000,2063.7999,2.0638
1,1527.8465,1504.0055,1504005.4999,73,1.0-1501923-1504394,600.0000,1.0000,1,64,True,1501923.0000,1504394.0000,2082.4999,2.0825
1,1527.8627,1504.0217,1504021.6999,73,1.0-1501923-1504394,600.0000,1.0000,1,64,True,1501923.0000,1504394.0000,2098.6999,2.0987
1,1527.8824,1504.0414,1504041.3999,73,1.0-1501923-1504394,600.0000,1.0000,1,64,True,1501923.0000,1504394.0000,2118.3999,2.1184
1,1527.9056,1504.0646,1504064.5999,73,1.0-1501923-1504394,600.0000,1.0000,1,64,True,1501923.0000,1504394.0000,2141.5999,2.1416
1,1527.9321,1504.0911,1504091.0999,73,1.0-1501923-1504394,600.0000,1.0000,1,64,True,1501923.0000,1504394.0000,2168.0999,2.1681
1,1528.0128,1504.1718,1504171.7999,73,1.0-1501923-1504394,600.0000,1.0000,1,64,True,1501923.0000,1504394.0000,2248.7999,2.2488
1,1528.0453,1504.2043,1504204.2999,73,1.0-1501923-1504394,600.0000,1.0000,1,64,True,1501923.0000,1504394.0000,2281.2999,2.2813
1,1528.0892,1504.2482,1504248.1999,73,1.0-1501923-1504394,600.0000,1.0000,1,64,True,1501923.0000,1504394.0000,2325.1999,2.3252
1,1528.1187,1504.2777,1504277.6999,73,1.0-1501923-1504394,600.0000,1.0000,1,64,True,1501923.0000,1504394.0000,2354.6999,2.3547
1,1528.1407,1504.2997,1504299.6999,73,1.0-1501923-1504394,600.0000,1.0000,1,64,True,1501923.0000,1504394.0000,2376.6999,2.3767
1,1528.1711,1504.3301,1504330.0999,73,1.0-1501923-1504394,600.0000,1.0000,1,64,True,1501923.0000,1504394.0000,2407.0999,2.4071
1,402.3567,378.5157,378515.6999,74,1.0-378478-380616,210.0000,1.0000,1,65,True,378478.0000,380616.0000,37.6999,0.0377
1,402.3687,378.5277,378527.6999,74,1.0-378478-380616,210.0000,1.0000,1,65,True,378478.0000,380616.0000,49.6999,0.0497
1,402.3889,378.5479,378547.8999,74,1.0-378478-380616,210.0000,1.0000,1,65,True,378478.0000,380616.0000,69.8999,0.0699
1,402.4263,378.5853,378585.2999,74,1.0-378478-380616,210.0000,1.0000,1,65,True,378478.0000,380616.0000,107.2999,0.1073
1,402.5285,378.6875,378687.4999,74,1.0-378478-380616,210.0000,1.0000,1,65,True,378478.0000,380616.0000,209.4999,0.2095
1,402.5307,378.6897,378689.6999,74,1.0-378478-380616,210.0000,1.0000,1,65,True,378478.0000,380616.0000,211.6999,0.2117
1,402.5714,378.7304,378730.3999,74,1.0-378478-380616,210.0000,1.0000,1,65,True,378478.0000,380616.0000,252.3999,0.2524
1,402.5905,378.7495,378749.4999,74,1.0-378478-380616,210.0000,1.0000,1,65,True,378478.0000,380616.0000,271.4999,0.2715
1,402.6809,378.8399,378839.8999,74,1.0-378478-380616,210.0000,1.0000,1,65,True,378478.0000,380616.0000,361.8999,0.3619
1,402.6846,378.8436,378843.5999,74,1.0-378478-380616,210.0000,1.0000,1,65,True,378478.0000,380616.0000,365.5999,0.3656
1,402.6999,378.8589,378858.8999,74,1.0-378478-380616,210.0000,1.0000,1,65,True,378478.0000,380616.0000,380.8999,0.3809
1,402.7367,378.8957,378895.6999,74,1.0-378478-380616,210.0000,1.0000,1,65,True,378478.0000,380616.0000,417.6999,0.4177
1,402.7523,378.9113,378911.2999,74,1.0-378478-380616,210.0000,1.0000,1,65,True,378478.0000,380616.0000,433.2999,0.4333
1,402.7911,378.9501,378950.0999,74,1.0-378478-380616,210.0000,1.0000,1,65,True,378478.0000,380616.0000,472.0999,0.4721
1,402.8242,378.9832,378983.1999,74,1.0-378478-380616,210.0000,1.0000,1,65,True,378478.0000,380616.0000,505.1999,0.5052
1,402.8983,379.0573,379057.2999,74,1.0-378478-380616,210.0000,1.0000,1,65,True,378478.0000,380616.0000,579.2999,0.5793
1,402.9413,379.1003,379100.2999,74,1.0-378478-380616,210.0000,1.0000,1,65,True,378478.0000,380616.0000,622.2999,0.6223
1,402.9721,379.1311,379131.0999,74,1.0-378478-380616,210.0000,1.0000,1,65,True,378478.0000,380616.0000,653.0999,0.6531
1,402.9792,379.1382,379138.1999,74,1.0-378478-380616,210.0000,1.0000,1,65,True,378478.0000,380616.0000,660.1999,0.6602
1,402.9817,379.1407,379140.6999,74,1.0-378478-380616,210.0000,1.0000,1,65,True,378478.0000,380616.0000,662.6999,0.6627
1,403.0034,379.1624,379162.3999,74,1.0-378478-380616,210.0000,1.0000,1,65,True,378478.0000,380616.0000,684.3999,0.6844
1,403.0992,379.2582,379258.1999,74,1.0-378478-380616,210.0000,1.0000,1,65,True,378478.0000,380616.0000,780.1999,0.7802
1,403.1815,379.3405,379340.4999,74,1.0-378478-380616,210.0000,1.0000,1,65,True,378478.0000,380616.0000,862.4999,0.8625
1,403.2687,379.4277,379427.6999,74,1.0-378478-380616,210.0000,1.0000,1,65,True,378478.0000,380616.0000,949.6999,0.9497
1,403.2841,379.4431,379443.0999,74,1.0-378478-380616,210.0000,1.0000,1,65,True,378478.0000,380616.0000,965.0999,0.9651
1,403.2967,379.4557,379455.6999,74,1.0-378478-380616,210.0000,1.0000,1,65,True,378478.0000,380616.0000,977.6999,0.9777
1,403.4284,379.5874,379587.3999,74,1.0-378478-380616,210.0000,1.0000,1,65,True,378478.0000,380616.0000,1109.3999,1.1094
1,403.4877,379.6467,379646.6999,74,1.0-378478-380616,210.0000,1.0000,1,65,True,378478.0000,380616.0000,1168.6999,1.1687
1,403.4977,379.6567,379656.6999,74,1.0-378478-380616,210.0000,1.0000,1,65,True,378478.0000,380616.0000,1178.6999,1.1787
1,403.7577,379.9167,379916.6999,74,1.0-378478-380616,210.0000,1.0000,1,65,True,378478.0000,380616.0000,1438.6999,1.4387
1,403.8257,379.9847,379984.6999,74,1.0-378478-380616,210.0000,1.0000,1,65,True,378478.0000,380616.0000,1506.6999,1.5067
1,403.8667,380.0257,380025.6999,74,1.0-378478-380616,210.0000,1.0000,1,65,True,378478.0000,380616.0000,1547.6999,1.5477
1,403.8904,380.0494,380049.3999,74,1.0-378478-380616,210.0000,1.0000,1,65,True,378478.0000,380616.0000,1571.3999,1.5714
1,403.9352,380.0942,380094.1999,74,1.0-378478-380616,210.0000,1.0000,1,65,True,378478.0000,380616.0000,1616.1999,1.6162
1,403.9790,380.1380,380137.9999,74,1.0-378478-380616,210.0000,1.0000,1,65,True,378478.0000,380616.0000,1659.9999,1.6600
1,404.0401,380.1991,380199.0999,74,1.0-378478-380616,210.0000,1.0000,1,65,True,378478.0000,380616.0000,1721.0999,1.7211
1,404.0734,380.2324,380232.3999,74,1.0-378478-380616,210.0000,1.0000,1,65,True,378478.0000,380616.0000,1754.3999,1.7544
1,404.1808,380.3398,380339.7999,74,1.0-378478-380616,210.0000,1.0000,1,65,True,378478.0000,380616.0000,1861.7999,1.8618
1,404.2854,380.4444,380444.3999,74,1.0-378478-380616,210.0000,1.0000,1,65,True,378478.0000,380616.0000,1966.3999,1.9664
1,446.0079,422.1669,422166.8999,75,1.0-422097-424669,230.0000,1.0000,1,66,True,422097.0000,424669.0000,69.8999,0.0699
1,446.0279,422.1869,422186.8999,75,1.0-422097-424669,230.0000,1.0000,1,66,True,422097.0000,424669.0000,89.8999,0.0899
1,446.1512,422.3102,422310.1999,75,1.0-422097-424669,230.0000,1.0000,1,66,True,422097.0000,424669.0000,213.1999,0.2132
1,446.3334,422.4924,422492.3999,75,1.0-422097-424669,230.0000,1.0000,1,66,True,422097.0000,424669.0000,395.3999,0.3954
1,446.4140,422.5730,422572.9999,75,1.0-422097-424669,230.0000,1.0000,1,66,True,422097.0000,424669.0000,475.9999,0.4760
1,446.5118,422.6708,422670.7999,75,1.0-422097-424669,230.0000,1.0000,1,66,True,422097.0000,424669.0000,573.7999,0.5738
1,446.5175,422.6765,422676.4999,75,1.0-422097-424669,230.0000,1.0000,1,66,True,422097.0000,424669.0000,579.4999,0.5795
1,446.5974,422.7564,422756.3999,75,1.0-422097-424669,230.0000,1.0000,1,66,True,422097.0000,424669.0000,659.3999,0.6594
1,446.6168,422.7758,422775.7999,75,1.0-422097-424669,230.0000,1.0000,1,66,True,422097.0000,424669.0000,678.7999,0.6788
1,446.6283,422.7873,422787.2999,75,1.0-422097-424669,230.0000,1.0000,1,66,True,422097.0000,424669.0000,690.2999,0.6903
1,446.6605,422.8195,422819.4999,75,1.0-422097-424669,230.0000,1.0000,1,66,True,422097.0000,424669.0000,722.4999,0.7225
1,446.6674,422.8264,422826.3999,75,1.0-422097-424669,230.0000,1.0000,1,66,True,422097.0000,424669.0000,729.3999,0.7294
1,446.6874,422.8464,422846.3999,75,1.0-422097-424669,230.0000,1.0000,1,66,True,422097.0000,424669.0000,749.3999,0.7494
1,446.7048,422.8638,422863.7999,75,1.0-422097-424669,230.0000,1.0000,1,66,True,422097.0000,424669.0000,766.7999,0.7668
1,446.7387,422.8977,422897.6999,75,1.0-422097-424669,230.0000,1.0000,1,66,True,422097.0000,424669.0000,800.6999,0.8007
1,446.7603,422.9193,422919.2999,75,1.0-422097-424669,230.0000,1.0000,1,66,True,422097.0000,424669.0000,822.2999,0.8223
1,446.8591,423.0181,423018.0999,75,1.0-422097-424669,230.0000,1.0000,1,66,True,422097.0000,424669.0000,921.0999,0.9211
1,446.9457,423.1047,423104.6999,75,1.0-422097-424669,230.0000,1.0000,1,66,True,422097.0000,424669.0000,1007.6999,1.0077
1,447.0337,423.1927,423192.6999,75,1.0-422097-424669,230.0000,1.0000,1,66,True,422097.0000,424669.0000,1095.6999,1.0957
1,447.0443,423.2033,423203.2999,75,1.0-422097-424669,230.0000,1.0000,1,66,True,422097.0000,424669.0000,1106.2999,1.1063
1,447.1249,423.2839,423283.8999,75,1.0-422097-424669,230.0000,1.0000,1,66,True,422097.0000,424669.0000,1186.8999,1.1869
1,447.2261,423.3851,423385.0999,75,1.0-422097-424669,230.0000,1.0000,1,66,True,422097.0000,424669.0000,1288.0999,1.2881
1,447.2916,423.4506,423450.5999,75,1.0-422097-424669,230.0000,1.0000,1,66,True,422097.0000,424669.0000,1353.5999,1.3536
1,447.2934,423.4524,423452.3999,75,1.0-422097-424669,230.0000,1.0000,1,66,True,422097.0000,424669.0000,1355.3999,1.3554
1,447.3436,423.5026,423502.5999,75,1.0-422097-424669,230.0000,1.0000,1,66,True,422097.0000,424669.0000,1405.5999,1.4056
1,447.4157,423.5747,423574.6999,75,1.0-422097-424669,230.0000,1.0000,1,66,True,422097.0000,424669.0000,1477.6999,1.4777
1,447.4529,423.6119,423611.8999,75,1.0-422097-424669,230.0000,1.0000,1,66,True,422097.0000,424669.0000,1514.8999,1.5149
1,447.4886,423.6476,423647.5999,75,1.0-422097-424669,230.0000,1.0000,1,66,True,422097.0000,424669.0000,1550.5999,1.5506
1,447.4954,423.6544,423654.3999,75,1.0-422097-424669,230.0000,1.0000,1,66,True,422097.0000,424669.0000,1557.3999,1.5574
1,447.5119,423.6709,423670.8999,75,1.0-422097-424669,230.0000,1.0000,1,66,True,422097.0000,424669.0000,1573.8999,1.5739
1,447.5285,423.6875,423687.4999,75,1.0-422097-424669,230.0000,1.0000,1,66,True,422097.0000,424669.0000,1590.4999,1.5905
1,447.5573,423.7163,423716.2999,75,1.0-422097-424669,230.0000,1.0000,1,66,True,422097.0000,424669.0000,1619.2999,1.6193
1,447.5858,423.7448,423744.7999,75,1.0-422097-424669,230.0000,1.0000,1,66,True,422097.0000,424669.0000,1647.7999,1.6478
1,447.5977,423.7567,423756.6999,75,1.0-422097-424669,230.0000,1.0000,1,66,True,422097.0000,424669.0000,1659.6999,1.6597
1,447.6255,423.7845,423784.4999,75,1.0-422097-424669,230.0000,1.0000,1,66,True,422097.0000,424669.0000,1687.4999,1.6875
1,447.6410,423.8000,423799.9999,75,1.0-422097-424669,230.0000,1.0000,1,66,True,422097.0000,424669.0000,1702.9999,1.7030
1,447.6564,423.8154,423815.3999,75,1.0-422097-424669,230.0000,1.0000,1,66,True,422097.0000,424669.0000,1718.3999,1.7184
1,447.6858,423.8448,423844.7999,75,1.0-422097-424669,230.0000,1.0000,1,66,True,422097.0000,424669.0000,1747.7999,1.7478
1,447.7109,423.8699,423869.8999,75,1.0-422097-424669,230.0000,1.0000,1,66,True,422097.0000,424669.0000,1772.8999,1.7729
1,447.7133,423.8723,423872.2999,75,1.0-422097-424669,230.0000,1.0000,1,66,True,422097.0000,424669.0000,1775.2999,1.7753
1,447.7259,423.8849,423884.8999,75,1.0-422097-424669,230.0000,1.0000,1,66,True,422097.0000,424669.0000,1787.8999,1.7879
1,447.7351,423.8941,423894.0999,75,1.0-422097-424669,230.0000,1.0000,1,66,True,422097.0000,424669.0000,1797.0999,1.7971
1,447.7948,423.9538,423953.7999,75,1.0-422097-424669,230.0000,1.0000,1,66,True,422097.0000,424669.0000,1856.7999,1.8568
1,447.7971,423.9561,423956.0999,75,1.0-422097-424669,230.0000,1.0000,1,66,True,422097.0000,424669.0000,1859.0999,1.8591
1,447.8595,424.0185,424018.4999,75,1.0-422097-424669,230.0000,1.0000,1,66,True,422097.0000,424669.0000,1921.4999,1.9215
1,447.9099,424.0689,424068.8999,75,1.0-422097-424669,230.0000,1.0000,1,66,True,422097.0000,424669.0000,1971.8999,1.9719
1,448.0337,424.1927,424192.6999,75,1.0-422097-424669,230.0000,1.0000,1,66,True,422097.0000,424669.0000,2095.6999,2.0957
1,448.1183,424.2773,424277.2999,75,1.0-422097-424669,230.0000,1.0000,1,66,True,422097.0000,424669.0000,2180.2999,2.1803
1,448.1247,424.2837,424283.6999,75,1.0-422097-424669,230.0000,1.0000,1,66,True,422097.0000,424669.0000,2186.6999,2.1867
1,448.1470,424.3060,424305.9999,75,1.0-422097-424669,230.0000,1.0000,1,66,True,422097.0000,424669.0000,2208.9999,2.2090
1,448.1583,424.3173,424317.2999,75,1.0-422097-424669,230.0000,1.0000,1,66,True,422097.0000,424669.0000,2220.2999,2.2203
1,448.2045,424.3635,424363.4999,75,1.0-422097-424669,230.0000,1.0000,1,66,True,422097.0000,424669.0000,2266.4999,2.2665
1,448.2424,424.4014,424401.3999,75,1.0-422097-424669,230.0000,1.0000,1,66,True,422097.0000,424669.0000,2304.3999,2.3044
1,448.2600,424.4190,424418.9999,75,1.0-422097-424669,230.0000,1.0000,1,66,True,422097.0000,424669.0000,2321.9999,2.3220
1,448.2830,424.4420,424441.9999,75,1.0-422097-424669,230.0000,1.0000,1,66,True,422097.0000,424669.0000,2344.9999,2.3450
1,448.3106,424.4696,424469.5999,75,1.0-422097-424669,230.0000,1.0000,1,66,True,422097.0000,424669.0000,2372.5999,2.3726
1,448.3268,424.4858,424485.7999,75,1.0-422097-424669,230.0000,1.0000,1,66,True,422097.0000,424669.0000,2388.7999,2.3888
1,448.3598,424.5188,424518.7999,75,1.0-422097-424669,230.0000,1.0000,1,66,True,422097.0000,424669.0000,2421.7999,2.4218
1,448.3983,424.5573,424557.2999,75,1.0-422097-424669,230.0000,1.0000,1,66,True,422097.0000,424669.0000,2460.2999,2.4603
1,448.4464,424.6054,424605.3999,75,1.0-422097-424669,230.0000,1.0000,1,66,True,422097.0000,424669.0000,2508.3999,2.5084
1,448.4794,424.6384,424638.3999,75,1.0-422097-424669,230.0000,1.0000,1,66,True,422097.0000,424669.0000,2541.3999,2.5414
1,448.4943,424.6533,424653.2999,75,1.0-422097-424669,230.0000,1.0000,1,66,True,422097.0000,424669.0000,2556.2999,2.5563
