units,spikeTimeRawS,movieAlignedTimeS,movieAlignedTimeMs
1,603.3887,1.3957,1395.6594
1,603.5733,1.5803,1580.2594
1,603.6875,1.6945,1694.4594
1,605.9028,3.9098,3909.7594
1,605.9669,3.9739,3973.8594
1,606.1888,4.1958,4195.7594
1,606.3628,4.3698,4369.7594
1,607.6012,5.6082,5608.1594
1,608.2452,6.2522,6252.1594
1,609.8417,7.8487,7848.6594
1,610.9681,8.9751,8975.0594
1,611.2670,9.2740,9273.9594
1,612.0827,10.0897,10089.6594
1,612.6246,10.6316,10631.5594
1,613.9906,11.9976,11997.5594
1,618.3118,16.3188,16318.7594
1,621.2067,19.2137,19213.6594
1,623.8146,21.8216,21821.5594
1,628.3729,26.3799,26379.8594
1,628.6000,26.6070,26606.9594
1,628.8273,26.8343,26834.2594
1,630.1754,28.1824,28182.3594
1,631.2502,29.2572,29257.1594
1,631.2635,29.2705,29270.4594
1,631.4607,29.4677,29467.6594
1,631.4714,29.4784,29478.3594
1,631.5140,29.5210,29520.9594
1,631.5670,29.5740,29573.9594
1,632.2642,30.2712,30271.1594
1,632.8215,30.8285,30828.4594
1,633.5621,31.5691,31569.0594
1,633.8184,31.8254,31825.3594
1,633.9598,31.9668,31966.7594
1,634.0537,32.0607,32060.6594
1,634.2614,32.2684,32268.3594
1,635.0461,33.0531,33053.0594
1,637.6322,35.6392,35639.1594
1,637.8447,35.8517,35851.6594
1,637.9712,35.9782,35978.1594
1,639.4061,37.4131,37413.0594
1,644.9677,42.9747,42974.6594
1,645.2411,43.2481,43248.0594
1,645.8590,43.8660,43865.9594
1,646.0110,44.0180,44017.9594
1,646.2901,44.2971,44297.0594
1,646.3600,44.3670,44366.9594
1,646.3924,44.3994,44399.3594
1,647.2517,45.2587,45258.6594
1,647.2913,45.2983,45298.2594
1,647.5354,45.5424,45542.3594
1,650.6985,48.7055,48705.4594
1,654.0060,52.0130,52012.9594
1,656.8680,54.8750,54874.9594
1,660.3615,58.3685,58368.4594
1,662.8178,60.8248,60824.7594
1,664.8520,62.8590,62858.9594
1,665.3889,63.3959,63395.8594
1,666.0967,64.1037,64103.6594
1,666.4094,64.4164,64416.3594
1,667.5836,65.5906,65590.5594
1,667.7415,65.7485,65748.4594
1,669.4198,67.4268,67426.7594
1,669.5345,67.5415,67541.4594
1,669.5441,67.5511,67551.0594
1,670.5192,68.5262,68526.1594
1,672.9970,71.0040,71003.9594
1,673.8965,71.9035,71903.4594
1,674.7482,72.7552,72755.1594
1,674.8232,72.8302,72830.1594
1,674.8512,72.8582,72858.1594
1,676.3335,74.3405,74340.4594
1,676.4249,74.4319,74431.8594
1,676.4435,74.4505,74450.4594
1,676.4690,74.4760,74475.9594
1,676.4918,74.4988,74498.7594
1,676.6131,74.6201,74620.0594
1,676.7537,74.7607,74760.6594
1,679.6903,77.6973,77697.2594
1,688.2710,86.2780,86277.9594
1,688.3909,86.3979,86397.8594
1,688.4893,86.4963,86496.2594
1,690.7969,88.8039,88803.8594
1,692.4995,90.5065,90506.4594
1,693.9766,91.9836,91983.5594
1,696.2970,94.3040,94303.9594
1,698.8771,96.8841,96884.0594
1,699.1575,97.1645,97164.4594
1,700.4831,98.4901,98490.0594
1,701.6638,99.6708,99670.7594
1,702.9728,100.9798,100979.7594
1,704.8129,102.8199,102819.8594
1,707.5404,105.5474,105547.3594
1,707.5735,105.5805,105580.4594
1,707.7724,105.7794,105779.3594
1,710.4732,108.4802,108480.1594
1,710.9594,108.9664,108966.3594
1,711.5874,109.5944,109594.3594
1,712.4747,110.4817,110481.6594
1,715.6504,113.6574,113657.3594
1,717.5465,115.5535,115553.4594
1,717.5931,115.6001,115600.0594
1,719.4098,117.4168,117416.7594
1,721.5455,119.5525,119552.4594
1,721.9645,119.9715,119971.4594
1,722.4420,120.4490,120448.9594
1,722.4912,120.4982,120498.1594
1,722.5479,120.5549,120554.8594
1,722.6021,120.6091,120609.0594
1,722.6131,120.6201,120620.0594
1,722.7316,120.7386,120738.5594
1,723.4276,121.4346,121434.5594
1,723.4725,121.4795,121479.4594
1,723.5609,121.5679,121567.8594
1,723.5854,121.5924,121592.3594
1,726.2967,124.3037,124303.6594
1,726.3339,124.3409,124340.8594
1,726.3672,124.3742,124374.1594
1,726.9425,124.9495,124949.4594
1,727.2654,125.2724,125272.3594
1,729.2138,127.2208,127220.7594
1,729.7440,127.7510,127750.9594
1,729.7665,127.7735,127773.4594
1,735.9367,133.9437,133943.6594
1,747.3868,145.3938,145393.7594
1,748.0340,146.0410,146040.9594
1,748.7378,146.7448,146744.7594
1,749.2411,147.2481,147248.0594
1,749.4863,147.4933,147493.2594
1,749.5634,147.5704,147570.3594
1,749.7054,147.7124,147712.3594
1,749.8713,147.8783,147878.2594
1,749.9353,147.9423,147942.2594
1,749.9827,147.9897,147989.6594
1,753.0078,151.0148,151014.7594
1,753.9325,151.9395,151939.4594
1,753.9741,151.9811,151981.0594
1,754.1492,152.1562,152156.1594
1,754.2704,152.2774,152277.3594
1,755.9385,153.9455,153945.4594
1,756.1977,154.2047,154204.6594
1,756.3494,154.3564,154356.3594
1,756.4177,154.4247,154424.6594
1,756.5433,154.5503,154550.2594
1,756.7160,154.7230,154722.9594
1,756.9118,154.9188,154918.7594
1,757.2181,155.2251,155225.0594
1,765.7055,163.7125,163712.4594
1,767.1991,165.2061,165206.0594
1,767.3339,165.3409,165340.8594
1,767.4198,165.4268,165426.7594
1,767.4878,165.4948,165494.7594
1,767.5889,165.5959,165595.8594
1,767.6314,165.6384,165638.3594
1,767.7749,165.7819,165781.8594
1,768.0910,166.0980,166097.9594
1,768.4851,166.4921,166492.0594
1,768.5035,166.5105,166510.4594
1,768.6441,166.6511,166651.0594
1,769.4233,167.4303,167430.2594
1,771.4237,169.4307,169430.6594
1,771.5188,169.5258,169525.7594
1,772.4961,170.5031,170503.0594
1,773.2811,171.2881,171288.0594
1,773.3268,171.3338,171333.7594
1,773.8223,171.8293,171829.2594
1,773.9636,171.9706,171970.5594
1,774.0660,172.0730,172072.9594
1,775.3880,173.3950,173394.9594
1,775.4658,173.4728,173472.7594
1,775.9245,173.9315,173931.4594
1,776.4656,174.4726,174472.5594
1,776.5885,174.5955,174595.4594
1,776.6177,174.6247,174624.6594
1,783.4426,181.4496,181449.5594
1,783.5157,181.5227,181522.6594
1,785.0902,183.0972,183097.1594
1,789.3727,187.3797,187379.6594
1,789.5463,187.5533,187553.2594
1,792.4829,190.4899,190489.8594
1,792.5404,190.5474,190547.3594
1,792.7998,190.8068,190806.7594
1,793.0898,191.0968,191096.7594
1,793.4597,191.4667,191466.6594
1,794.0566,192.0636,192063.5594
1,797.1208,195.1278,195127.7594
1,797.4020,195.4090,195408.9594
1,804.4106,202.4176,202417.5594
1,804.4866,202.4936,202493.5594
1,804.6053,202.6123,202612.2594
1,804.6417,202.6487,202648.6594
1,804.6484,202.6554,202655.3594
1,804.7326,202.7396,202739.5594
1,804.7847,202.7917,202791.6594
1,805.0153,203.0223,203022.2594
1,805.1483,203.1553,203155.2594
1,805.3069,203.3139,203313.8594
1,806.1720,204.1790,204178.9594
1,807.8502,205.8572,205857.1594
1,809.0011,207.0081,207008.0594
1,809.5292,207.5362,207536.1594
1,809.7758,207.7828,207782.7594
1,811.2095,209.2165,209216.4594
1,811.2468,209.2538,209253.7594
1,812.9473,210.9543,210954.2594
1,813.0033,211.0103,211010.2594
1,815.5988,213.6058,213605.7594
1,816.2267,214.2337,214233.6594
1,818.3137,216.3207,216320.6594
1,818.4742,216.4812,216481.1594
1,818.9055,216.9125,216912.4594
1,819.1575,217.1645,217164.4594
1,819.2118,217.2188,217218.7594
1,819.4860,217.4930,217492.9594
1,819.5189,217.5259,217525.8594
1,819.6188,217.6258,217625.7594
1,819.6711,217.6781,217678.0594
1,819.7015,217.7085,217708.4594
1,819.7865,217.7935,217793.4594
1,819.7926,217.7996,217799.5594
1,819.8218,217.8288,217828.7594
1,819.8657,217.8727,217872.6594
1,819.9475,217.9545,217954.4594
1,820.0769,218.0839,218083.8594
1,820.1132,218.1202,218120.1594
1,820.1790,218.1860,218185.9594
1,820.1987,218.2057,218205.6594
1,820.3283,218.3353,218335.2594
1,820.4020,218.4090,218408.9594
1,820.4500,218.4570,218456.9594
1,820.8638,218.8708,218870.7594
1,820.9550,218.9620,218961.9594
1,821.2470,219.2540,219253.9594
1,821.2515,219.2585,219258.4594
1,821.2700,219.2770,219276.9594
1,821.3179,219.3249,219324.8594
1,821.6594,219.6664,219666.3594
1,822.9521,220.9591,220959.0594
1,823.0017,221.0087,221008.6594
1,823.0243,221.0313,221031.2594
1,823.0829,221.0899,221089.8594
1,823.1599,221.1669,221166.8594
1,823.5666,221.5736,221573.5594
1,823.6287,221.6357,221635.6594
1,823.7131,221.7201,221720.0594
1,823.7321,221.7391,221739.0594
1,823.8444,221.8514,221851.3594
1,823.8845,221.8915,221891.4594
1,823.9235,221.9305,221930.4594
1,823.9583,221.9653,221965.2594
1,824.0489,222.0559,222055.8594
1,824.0981,222.1051,222105.0594
1,824.1452,222.1522,222152.1594
1,824.2074,222.2144,222214.3594
1,824.2418,222.2488,222248.7594
1,824.2689,222.2759,222275.8594
1,824.3524,222.3594,222359.3594
1,824.3734,222.3804,222380.3594
1,824.4263,222.4333,222433.2594
1,824.4472,222.4542,222454.1594
1,824.5279,222.5349,222534.8594
1,824.5442,222.5512,222551.1594
1,824.6068,222.6138,222613.7594
1,824.6322,222.6392,222639.1594
1,824.6548,222.6618,222661.7594
1,824.6668,222.6738,222673.7594
1,824.6848,222.6918,222691.7594
1,824.7331,222.7401,222740.0594
1,824.8841,222.8911,222891.0594
1,825.0232,223.0302,223030.1594
1,825.5982,223.6052,223605.1594
1,825.6834,223.6904,223690.3594
1,825.7746,223.7816,223781.5594
1,826.0113,224.0183,224018.2594
1,830.5759,228.5829,228582.8594
1,831.4981,229.5051,229505.0594
1,831.8747,229.8817,229881.6594
1,835.5507,233.5577,233557.6594
1,835.6846,233.6916,233691.5594
1,836.1003,234.1073,234107.2594
1,840.7994,238.8064,238806.3594
1,841.0257,239.0327,239032.6594
1,841.6575,239.6645,239664.4594
1,841.6925,239.6995,239699.4594
1,841.7815,239.7885,239788.4594
1,841.7928,239.7998,239799.7594
1,841.8542,239.8612,239861.1594
1,841.9153,239.9223,239922.2594
1,841.9390,239.9460,239945.9594
1,841.9776,239.9846,239984.5594
1,842.0328,240.0398,240039.7594
1,842.1957,240.2027,240202.6594
1,842.2451,240.2521,240252.0594
1,842.4780,240.4850,240484.9594
1,842.5238,240.5308,240530.7594
1,842.6296,240.6366,240636.5594
1,842.7988,240.8058,240805.7594
1,843.7405,241.7475,241747.4594
1,843.7863,241.7933,241793.2594
1,843.8561,241.8631,241863.0594
1,844.0482,242.0552,242055.1594
1,844.1261,242.1331,242133.0594
1,844.1413,242.1483,242148.2594
1,844.2039,242.2109,242210.8594
1,844.2381,242.2451,242245.0594
1,846.5916,244.5986,244598.5594
1,846.6670,244.6740,244673.9594
1,847.3578,245.3648,245364.7594
1,847.5917,245.5987,245598.6594
1,847.6274,245.6344,245634.3594
1,847.6553,245.6623,245662.2594
1,848.0201,246.0271,246027.0594
1,848.2080,246.2150,246214.9594
1,848.2410,246.2480,246247.9594
1,848.3743,246.3813,246381.2594
1,848.9445,246.9515,246951.4594
1,849.0573,247.0643,247064.2594
1,857.7292,255.7362,255736.1594
1,858.8587,256.8657,256865.6594
1,858.9107,256.9177,256917.6594
1,858.9428,256.9498,256949.7594
1,858.9466,256.9536,256953.5594
1,858.9907,256.9977,256997.6594
1,859.0171,257.0241,257024.0594
1,859.0485,257.0555,257055.4594
1,859.1247,257.1317,257131.6594
1,861.8455,259.8525,259852.4594
1,861.9584,259.9654,259965.3594
1,862.1319,260.1389,260138.8594
1,864.3242,262.3312,262331.1594
1,864.5676,262.5746,262574.5594
1,867.7265,265.7335,265733.4594
1,868.0718,266.0788,266078.7594
1,868.1330,266.1400,266139.9594
1,868.1577,266.1647,266164.6594
1,868.2104,266.2174,266217.3594
1,868.2319,266.2389,266238.8594
1,868.2923,266.2993,266299.2594
1,868.3298,266.3368,266336.7594
1,868.3847,266.3917,266391.6594
1,868.3941,266.4011,266401.0594
1,868.4058,266.4128,266412.7594
1,868.5184,266.5254,266525.3594
1,868.5626,266.5696,266569.5594
1,869.2222,267.2292,267229.1594
1,869.3813,267.3883,267388.2594
1,869.4263,267.4333,267433.2594
1,869.4739,267.4809,267480.8594
1,869.5072,267.5142,267514.1594
1,869.5199,267.5269,267526.8594
1,869.6352,267.6422,267642.1594
1,870.2879,268.2949,268294.8594
1,870.4153,268.4223,268422.2594
1,870.4282,268.4352,268435.1594
1,870.4931,268.5001,268500.0594
1,873.8759,271.8829,271882.8594
1,882.1874,280.1944,280194.3594
1,882.3464,280.3534,280353.3594
1,882.5826,280.5896,280589.5594
1,884.3258,282.3328,282332.7594
1,884.3584,282.3654,282365.3594
1,884.5185,282.5255,282525.4594
1,884.8696,282.8766,282876.5594
1,884.8856,282.8926,282892.5594
1,884.9199,282.9269,282926.8594
1,885.4795,283.4865,283486.4594
1,886.3075,284.3145,284314.4594
1,889.4660,287.4730,287472.9594
1,892.7773,290.7843,290784.2594
1,892.8595,290.8665,290866.4594
1,893.0414,291.0484,291048.3594
1,893.0527,291.0597,291059.6594
1,893.0723,291.0793,291079.2594
1,893.0933,291.1003,291100.2594
1,893.7454,291.7524,291752.3594
1,893.7718,291.7788,291778.7594
1,893.8419,291.8489,291848.8594
1,894.5361,292.5431,292543.0594
1,898.3566,296.3636,296363.5594
1,898.8160,296.8230,296822.9594
1,898.8768,296.8838,296883.7594
1,899.3824,297.3894,297389.3594
1,900.8280,298.8350,298834.9594
1,902.5302,300.5372,300537.1594
1,902.7962,300.8032,300803.1594
1,902.9867,300.9937,300993.6594
1,903.0817,301.0887,301088.6594
1,904.0142,302.0212,302021.1594
1,904.0427,302.0497,302049.6594
1,906.6662,304.6732,304673.1594
1,906.7602,304.7672,304767.1594
1,907.1926,305.1996,305199.5594
1,907.5934,305.6004,305600.3594
1,907.7928,305.7998,305799.7594
1,907.9258,305.9328,305932.7594
1,908.2057,306.2127,306212.6594
1,909.1490,307.1560,307155.9594
1,909.2121,307.2191,307219.0594
1,909.3095,307.3165,307316.4594
1,909.3789,307.3859,307385.8594
1,911.7976,309.8046,309804.5594
1,912.6208,310.6278,310627.7594
1,919.5600,317.5670,317566.9594
1,919.5802,317.5872,317587.1594
1,919.5849,317.5919,317591.8594
1,921.2090,319.2160,319215.9594
1,921.3082,319.3152,319315.1594
1,921.3809,319.3879,319387.8594
1,921.5421,319.5491,319549.0594
1,921.7155,319.7225,319722.4594
1,921.8708,319.8778,319877.7594
1,921.9507,319.9577,319957.6594
1,921.9562,319.9632,319963.1594
1,922.6347,320.6417,320641.6594
1,923.6763,321.6833,321683.2594
1,923.7329,321.7399,321739.8594
1,923.7786,321.7856,321785.5594
1,924.4621,322.4691,322469.0594
1,927.4466,325.4536,325453.5594
1,927.8128,325.8198,325819.7594
1,927.9033,325.9103,325910.2594
1,927.9667,325.9737,325973.6594
1,929.1086,327.1156,327115.5594
1,929.1967,327.2037,327203.6594
1,929.2491,327.2561,327256.0594
1,929.2830,327.2900,327289.9594
1,933.6071,331.6141,331614.0594
1,933.9924,331.9994,331999.3594
1,934.6294,332.6364,332636.3594
1,936.3127,334.3197,334319.6594
1,936.9513,334.9583,334958.2594
1,937.4412,335.4482,335448.1594
1,937.8880,335.8950,335894.9594
1,938.3012,336.3082,336308.1594
1,939.8578,337.8648,337864.7594
1,940.0079,338.0149,338014.8594
1,940.0302,338.0372,338037.1594
1,940.1287,338.1357,338135.6594
1,940.8640,338.8710,338870.9594
1,940.9300,338.9370,338936.9594
1,940.9372,338.9442,338944.1594
1,941.1023,339.1093,339109.2594
1,941.1653,339.1723,339172.2594
1,941.1792,339.1862,339186.1594
1,941.2526,339.2596,339259.5594
1,941.3627,339.3697,339369.6594
1,941.4182,339.4252,339425.1594
1,941.4224,339.4294,339429.3594
1,941.4402,339.4472,339447.1594
1,941.4462,339.4532,339453.1594
1,941.4887,339.4957,339495.6594
1,941.5339,339.5409,339540.8594
1,941.5896,339.5966,339596.5594
1,941.6153,339.6223,339622.2594
1,941.7553,339.7623,339762.2594
1,941.8246,339.8316,339831.5594
1,941.8902,339.8972,339897.1594
1,941.9949,340.0019,340001.8594
1,942.3302,340.3372,340337.1594
1,942.4483,340.4553,340455.2594
1,942.4702,340.4772,340477.1594
1,942.6043,340.6113,340611.2594
1,942.6332,340.6402,340640.1594
1,943.3189,341.3259,341325.8594
1,943.4323,341.4393,341439.2594
1,943.5354,341.5424,341542.3594
1,944.1208,342.1278,342127.7594
1,945.3415,343.3485,343348.4594
1,945.3673,343.3743,343374.2594
1,945.4005,343.4075,343407.4594
1,945.6022,343.6092,343609.1594
1,947.2219,345.2289,345228.8594
1,947.4582,345.4652,345465.1594
1,947.5379,345.5449,345544.8594
1,947.6482,345.6552,345655.1594
1,947.7359,345.7429,345742.8594
1,947.7577,345.7647,345764.6594
1,947.8563,345.8633,345863.2594
1,947.9183,345.9253,345925.2594
1,947.9869,345.9939,345993.8594
1,948.0304,346.0374,346037.3594
1,948.0540,346.0610,346060.9594
1,948.2473,346.2543,346254.2594
1,948.3093,346.3163,346316.2594
1,948.3193,346.3263,346326.2594
1,948.3453,346.3523,346352.2594
1,948.3952,346.4022,346402.1594
1,948.4302,346.4372,346437.1594
1,952.1770,350.1840,350183.9594
1,952.3050,350.3120,350311.9594
1,952.5383,350.5453,350545.2594
1,952.5424,350.5494,350549.3594
1,952.5881,350.5951,350595.0594
1,952.7393,350.7463,350746.2594
1,952.8283,350.8353,350835.2594
1,953.0417,351.0487,351048.6594
1,953.0500,351.0570,351056.9594
1,953.6941,351.7011,351701.0594
1,953.7006,351.7076,351707.5594
1,953.7217,351.7287,351728.6594
1,956.1905,354.1975,354197.4594
1,956.7351,354.7421,354742.0594
1,956.9819,354.9889,354988.8594
1,957.0285,355.0355,355035.4594
1,957.0635,355.0705,355070.4594
1,957.1542,355.1612,355161.1594
1,959.2730,357.2800,357279.9594
1,959.4920,357.4990,357498.9594
1,959.5665,357.5735,357573.4594
1,959.6983,357.7053,357705.2594
1,959.7137,357.7207,357720.6594
1,959.7302,357.7372,357737.1594
1,959.7691,357.7761,357776.0594
1,959.7817,357.7887,357788.6594
1,959.8233,357.8303,357830.2594
1,959.8901,357.8971,357897.0594
1,959.9287,357.9357,357935.6594
1,962.0787,360.0857,360085.6594
1,962.1663,360.1733,360173.2594
1,962.7901,360.7971,360797.0594
1,962.7959,360.8029,360802.8594
1,966.0765,364.0835,364083.4594
1,966.5212,364.5282,364528.1594
1,966.5816,364.5886,364588.5594
1,966.6706,364.6776,364677.5594
1,966.6979,364.7049,364704.8594
1,966.7285,364.7355,364735.4594
1,966.8313,364.8383,364838.2594
1,966.8755,364.8825,364882.4594
1,966.8801,364.8871,364887.0594
1,966.9013,364.9083,364908.2594
1,966.9261,364.9331,364933.0594
1,966.9798,364.9868,364986.7594
1,967.0993,365.1063,365106.2594
1,967.1752,365.1822,365182.1594
1,967.7001,365.7071,365707.0594
1,968.5857,366.5927,366592.6594
1,970.3875,368.3945,368394.4594
1,970.5473,368.5543,368554.2594
1,970.6953,368.7023,368702.2594
1,970.7388,368.7458,368745.7594
1,970.8829,368.8899,368889.8594
1,972.1002,370.1072,370107.1594
1,972.3219,370.3289,370328.8594
1,972.7554,370.7624,370762.3594
1,973.6314,371.6384,371638.3594
1,973.7945,371.8015,371801.4594
1,973.9609,371.9679,371967.8594
1,974.0354,372.0424,372042.3594
1,974.1042,372.1112,372111.1594
1,974.1238,372.1308,372130.7594
1,974.3840,372.3910,372390.9594
1,975.8550,373.8620,373861.9594
1,976.0025,374.0095,374009.4594
1,976.1882,374.1952,374195.1594
1,976.2162,374.2232,374223.1594
1,976.2639,374.2709,374270.8594
1,976.2942,374.3012,374301.1594
1,976.3235,374.3305,374330.4594
1,976.3714,374.3784,374378.3594
1,976.5168,374.5238,374523.7594
1,976.6055,374.6125,374612.4594
1,976.6272,374.6342,374634.1594
1,976.8801,374.8871,374887.0594
1,978.1239,376.1309,376130.8594
1,978.1724,376.1794,376179.3594
1,983.5111,381.5181,381518.0594
1,984.3762,382.3832,382383.1594
1,986.6797,384.6867,384686.6594
1,986.8953,384.9023,384902.2594
1,987.1920,385.1990,385198.9594
1,987.3415,385.3485,385348.4594
1,987.5915,385.5985,385598.4594
1,989.4144,387.4214,387421.3594
1,989.4651,387.4721,387472.0594
1,989.5069,387.5139,387513.8594
1,990.6724,388.6794,388679.3594
1,991.2772,389.2842,389284.1594
1,992.2706,390.2776,390277.5594
1,992.2867,390.2937,390293.6594
1,992.3125,390.3195,390319.4594
1,992.3630,390.3700,390369.9594
1,992.4270,390.4340,390433.9594
1,992.5605,390.5675,390567.4594
1,993.0059,391.0129,391012.8594
1,993.0754,391.0824,391082.3594
1,993.3006,391.3076,391307.5594
1,993.4088,391.4158,391415.7594
1,994.6636,392.6706,392670.5594
1,995.6009,393.6079,393607.8594
1,995.6433,393.6503,393650.2594
1,997.2464,395.2534,395253.3594
1,997.2957,395.3027,395302.6594
1,997.3704,395.3774,395377.3594
1,997.4176,395.4246,395424.5594
1,997.4371,395.4441,395444.0594
1,997.4716,395.4786,395478.5594
1,998.7130,396.7200,396719.9594
1,998.7849,396.7919,396791.8594
1,1003.1240,401.1310,401130.9594
1,1003.2775,401.2845,401284.4594
1,1003.3274,401.3344,401334.3594
1,1004.7143,402.7213,402721.2594
1,1004.7697,402.7767,402776.6594
1,1004.8278,402.8348,402834.7594
1,1004.8588,402.8658,402865.7594
1,1004.9565,402.9635,402963.4594
1,1005.6179,403.6249,403624.8594
1,1006.2108,404.2178,404217.7594
1,1006.7555,404.7625,404762.4594
1,1006.8345,404.8415,404841.4594
1,1007.0140,405.0210,405020.9594
1,1007.1165,405.1235,405123.4594
1,1008.5459,406.5529,406552.8594
1,1008.5826,406.5896,406589.5594
1,1008.6283,406.6353,406635.2594
1,1008.6690,406.6760,406675.9594
1,1008.7487,406.7557,406755.6594
1,1008.8623,406.8693,406869.2594
1,1008.9650,406.9720,406971.9594
1,1009.0508,407.0578,407057.7594
1,1009.7192,407.7262,407726.1594
1,1011.6789,409.6859,409685.8594
1,1011.7340,409.7410,409740.9594
1,1012.0153,410.0223,410022.2594
1,1012.1935,410.2005,410200.4594
1,1012.2098,410.2168,410216.7594
1,1012.2807,410.2877,410287.6594
1,1015.5441,413.5511,413551.0594
1,1017.3135,415.3205,415320.4594
1,1017.3218,415.3288,415328.7594
1,1017.3391,415.3461,415346.0594
1,1017.3654,415.3724,415372.3594
1,1017.4632,415.4702,415470.1594
1,1018.3284,416.3354,416335.3594
1,1018.7162,416.7232,416723.1594
1,1022.3076,420.3146,420314.5594
1,1022.7928,420.7998,420799.7594
1,1024.8707,422.8777,422877.6594
1,1026.8738,424.8808,424880.7594
1,1027.0689,425.0759,425075.8594
1,1027.1944,425.2014,425201.3594
1,1027.3198,425.3268,425326.7594
1,1027.3773,425.3843,425384.2594
1,1027.4003,425.4073,425407.2594
1,1027.4213,425.4283,425428.2594
1,1027.4581,425.4651,425465.0594
1,1027.5036,425.5106,425510.5594
1,1027.5196,425.5266,425526.5594
1,1027.8885,425.8955,425895.4594
1,1027.9232,425.9302,425930.1594
1,1027.9326,425.9396,425939.5594
1,1027.9841,425.9911,425991.0594
1,1028.0649,426.0719,426071.8594
1,1028.0851,426.0921,426092.0594
1,1028.0965,426.1035,426103.4594
1,1028.1448,426.1518,426151.7594
1,1029.7909,427.7979,427797.8594
1,1029.9561,427.9631,427963.0594
1,1030.1079,428.1149,428114.8594
1,1030.1122,428.1192,428119.1594
1,1030.5069,428.5139,428513.8594
1,1030.5291,428.5361,428536.0594
1,1031.6044,429.6114,429611.3594
1,1031.6559,429.6629,429662.8594
1,1031.7225,429.7295,429729.4594
1,1031.7358,429.7428,429742.7594
1,1032.1657,430.1727,430172.6594
1,1032.1701,430.1771,430177.0594
1,1032.2038,430.2108,430210.7594
1,1032.3006,430.3076,430307.5594
1,1033.8056,431.8126,431812.5594
1,1033.8458,431.8528,431852.7594
1,1033.8805,431.8875,431887.4594
1,1033.9633,431.9703,431970.2594
1,1034.0372,432.0442,432044.1594
1,1038.4415,436.4485,436448.4594
1,1038.8692,436.8762,436876.1594
1,1039.5188,437.5258,437525.7594
1,1042.0163,440.0233,440023.2594
1,1043.3185,441.3255,441325.4594
1,1043.9655,441.9725,441972.4594
1,1043.9776,441.9846,441984.5594
1,1044.0342,442.0412,442041.1594
1,1044.0470,442.0540,442053.9594
1,1044.0501,442.0571,442057.0594
1,1044.0782,442.0852,442085.1594
1,1044.1710,442.1780,442177.9594
1,1044.2367,442.2437,442243.6594
1,1045.5274,443.5344,443534.3594
1,1045.5460,443.5530,443552.9594
1,1045.6670,443.6740,443673.9594
1,1045.6798,443.6868,443686.7594
1,1045.9859,443.9929,443992.8594
1,1046.0990,444.1060,444105.9594
1,1046.1569,444.1639,444163.8594
1,1046.3363,444.3433,444343.2594
1,1046.5528,444.5598,444559.7594
1,1046.5910,444.5980,444597.9594
1,1047.0746,445.0816,445081.5594
1,1047.7094,445.7164,445716.3594
1,1047.7349,445.7419,445741.8594
1,1050.8854,448.8924,448892.3594
1,1051.9011,449.9081,449908.0594
1,1051.9122,449.9192,449919.1594
1,1052.0338,450.0408,450040.7594
1,1052.0921,450.0991,450099.0594
1,1052.2049,450.2119,450211.8594
1,1052.2456,450.2526,450252.5594
1,1052.2512,450.2582,450258.1594
1,1054.5265,452.5335,452533.4594
1,1056.0046,454.0116,454011.5594
1,1056.2200,454.2270,454226.9594
1,1056.3365,454.3435,454343.4594
1,1057.0678,455.0748,455074.7594
1,1057.3983,455.4053,455405.2594
1,1058.7367,456.7437,456743.6594
1,1060.1682,458.1752,458175.1594
1,1060.3004,458.3074,458307.3594
1,1060.7742,458.7812,458781.1594
1,1060.8016,458.8086,458808.5594
1,1060.9726,458.9796,458979.5594
1,1061.0478,459.0548,459054.7594
1,1063.8441,461.8511,461851.0594
1,1064.0318,462.0388,462038.7594
1,1064.0406,462.0476,462047.5594
1,1064.2112,462.2182,462218.1594
1,1064.4129,462.4199,462419.8594
1,1064.4711,462.4781,462478.0594
1,1064.6065,462.6135,462613.4594
1,1064.6123,462.6193,462619.2594
1,1064.6161,462.6231,462623.0594
1,1064.6277,462.6347,462634.6594
1,1064.6332,462.6402,462640.1594
1,1064.8079,462.8149,462814.8594
1,1064.8509,462.8579,462857.8594
1,1064.8849,462.8919,462891.8594
1,1064.9487,462.9557,462955.6594
1,1065.0040,463.0110,463010.9594
1,1065.0102,463.0172,463017.1594
1,1065.0845,463.0915,463091.4594
1,1065.1154,463.1224,463122.3594
1,1065.1570,463.1640,463163.9594
1,1065.1708,463.1778,463177.7594
1,1065.2570,463.2640,463263.9594
1,1065.3284,463.3354,463335.3594
1,1065.5936,463.6006,463600.5594
1,1065.6475,463.6545,463654.4594
1,1065.6658,463.6728,463672.7594
1,1066.8339,464.8409,464840.8594
1,1066.8575,464.8645,464864.4594
1,1066.9696,464.9766,464976.5594
1,1067.0142,465.0212,465021.1594
1,1067.1687,465.1757,465175.6594
1,1067.2348,465.2418,465241.7594
1,1067.2441,465.2511,465251.0594
1,1067.2524,465.2594,465259.3594
1,1067.3047,465.3117,465311.6594
1,1067.3382,465.3452,465345.1594
1,1067.3519,465.3589,465358.8594
1,1068.2240,466.2310,466230.9594
1,1068.2409,466.2479,466247.8594
1,1068.3007,466.3077,466307.6594
1,1068.3090,466.3160,466315.9594
1,1068.6398,466.6468,466646.7594
1,1070.0096,468.0166,468016.5594
1,1070.1862,468.1932,468193.1594
1,1070.3418,468.3488,468348.7594
1,1070.3595,468.3665,468366.4594
1,1070.5106,468.5176,468517.5594
1,1070.5355,468.5425,468542.4594
1,1075.7115,473.7185,473718.4594
1,1075.7800,473.7870,473786.9594
1,1076.5743,474.5813,474581.2594
1,1076.5902,474.5972,474597.1594
1,1076.6686,474.6756,474675.5594
1,1076.9863,474.9933,474993.2594
1,1076.9902,474.9972,474997.1594
1,1077.7552,475.7622,475762.1594
1,1077.7582,475.7652,475765.1594
1,1077.9883,475.9953,475995.2594
1,1079.4133,477.4203,477420.2594
1,1080.2683,478.2753,478275.2594
1,1081.5608,479.5678,479567.7594
1,1081.5698,479.5768,479576.7594
1,1081.6881,479.6951,479695.0594
1,1082.7391,480.7461,480746.0594
1,1082.9273,480.9343,480934.2594
1,1082.9929,480.9999,480999.8594
1,1083.0806,481.0876,481087.5594
1,1083.0925,481.0995,481099.4594
1,1084.6005,482.6075,482607.4594
1,1084.6689,482.6759,482675.8594
1,1084.6954,482.7024,482702.3594
1,1084.7045,482.7115,482711.4594
1,1084.7437,482.7507,482750.6594
1,1084.8549,482.8619,482861.8594
1,1084.9146,482.9216,482921.5594
1,1085.0036,483.0106,483010.5594
1,1085.3793,483.3863,483386.2594
1,1085.4391,483.4461,483446.0594
1,1085.5097,483.5167,483516.6594
1,1088.2743,486.2813,486281.2594
1,1090.6915,488.6985,488698.4594
1,1090.7602,488.7672,488767.1594
1,1091.7218,489.7288,489728.7594
1,1092.1033,490.1103,490110.2594
1,1092.4111,490.4181,490418.0594
1,1092.4199,490.4269,490426.8594
1,1093.5447,491.5517,491551.6594
1,1093.6152,491.6222,491622.1594
1,1093.6855,491.6925,491692.4594
1,1093.6907,491.6977,491697.6594
1,1097.2092,495.2162,495216.1594
1,1097.3283,495.3353,495335.2594
1,1097.3770,495.3840,495383.9594
1,1097.5211,495.5281,495528.0594
1,1097.7608,495.7678,495767.7594
1,1097.9315,495.9385,495938.4594
1,1098.0591,496.0661,496066.0594
1,1098.1226,496.1296,496129.5594
1,1098.1524,496.1594,496159.3594
1,1098.2053,496.2123,496212.2594
1,1098.2371,496.2441,496244.0594
1,1098.3107,496.3177,496317.6594
1,1098.5039,496.5109,496510.8594
1,1098.7281,496.7351,496735.0594
1,1100.2792,498.2862,498286.1594
1,1101.1489,499.1559,499155.8594
1,1101.2778,499.2848,499284.7594
1,1101.3029,499.3099,499309.8594
1,1102.0856,500.0926,500092.5594
1,1102.1345,500.1415,500141.4594
1,1102.1746,500.1816,500181.5594
1,1102.1944,500.2014,500201.3594
1,1102.2697,500.2767,500276.6594
1,1102.2817,500.2887,500288.6594
1,1102.2892,500.2962,500296.1594
1,1102.3170,500.3240,500323.9594
1,1102.3481,500.3551,500355.0594
1,1102.3910,500.3980,500397.9594
1,1102.5689,500.5759,500575.8594
1,1102.5994,500.6064,500606.3594
1,1102.6300,500.6370,500636.9594
1,1102.6733,500.6803,500680.2594
1,1102.7908,500.7978,500797.7594
1,1102.7957,500.8027,500802.6594
1,1102.8772,500.8842,500884.1594
1,1102.8986,500.9056,500905.5594
1,1102.9415,500.9485,500948.4594
1,1102.9652,500.9722,500972.1594
1,1102.9792,500.9862,500986.1594
1,1103.3555,501.3625,501362.4594
1,1103.3784,501.3854,501385.3594
1,1103.3812,501.3882,501388.1594
1,1103.4352,501.4422,501442.1594
1,1103.4430,501.4500,501449.9594
1,1103.5432,501.5502,501550.1594
1,1103.5751,501.5821,501582.0594
1,1103.6153,501.6223,501622.2594
1,1103.6250,501.6320,501631.9594
1,1105.3456,503.3526,503352.5594
1,1106.3660,504.3730,504372.9594
1,1106.6875,504.6945,504694.4594
1,1106.7247,504.7317,504731.6594
1,1106.7540,504.7610,504760.9594
1,1106.7820,504.7890,504788.9594
1,1108.6050,506.6120,506611.9594
1,1109.4391,507.4461,507446.0594
1,1109.7925,507.7995,507799.4594
1,1110.7514,508.7584,508758.3594
1,1111.8077,509.8147,509814.6594
1,1112.0947,510.1017,510101.6594
1,1113.4500,511.4570,511456.9594
1,1113.8274,511.8344,511834.3594
1,1113.8958,511.9028,511902.7594
1,1114.0187,512.0257,512025.6594
1,1114.0436,512.0506,512050.5594
1,1114.9146,512.9216,512921.5594
1,1115.3529,513.3599,513359.8594
1,1115.5783,513.5853,513585.2594
1,1115.6072,513.6142,513614.1594
1,1115.6932,513.7002,513700.1594
1,1115.7376,513.7446,513744.5594
1,1115.7778,513.7848,513784.7594
1,1116.6243,514.6313,514631.2594
1,1116.7910,514.7980,514797.9594
1,1117.0820,515.0890,515088.9594
1,1120.3304,518.3374,518337.3594
1,1120.5385,518.5455,518545.4594
1,1120.6819,518.6889,518688.8594
1,1120.8920,518.8990,518898.9594
1,1120.9999,519.0069,519006.8594
1,1121.0169,519.0239,519023.8594
1,1123.1970,521.2040,521203.9594
1,1123.2939,521.3009,521300.8594
1,1123.9406,521.9476,521947.5594
1,1125.0415,523.0485,523048.4594
1,1125.1801,523.1871,523187.0594
1,1125.3272,523.3342,523334.1594
1,1125.9915,523.9985,523998.4594
1,1126.6640,524.6710,524670.9594
1,1127.3415,525.3485,525348.4594
1,1130.8947,528.9017,528901.6594
1,1131.0099,529.0169,529016.8594
1,1131.0303,529.0373,529037.2594
1,1131.1247,529.1317,529131.6594
1,1131.2483,529.2553,529255.2594
1,1131.5412,529.5482,529548.1594
1,1139.6237,537.6307,537630.6594
1,1140.6197,538.6267,538626.6594
1,1141.6423,539.6493,539649.2594
1,1141.7686,539.7756,539775.5594
1,1142.8239,540.8309,540830.8594
1,1142.8606,540.8676,540867.5594
1,1143.3093,541.3163,541316.2594
1,1145.4646,543.4716,543471.5594
1,1145.5439,543.5509,543550.8594
1,1145.5775,543.5845,543584.4594
1,1145.6774,543.6844,543684.3594
1,1145.7532,543.7602,543760.1594
1,1146.5052,544.5122,544512.1594
1,1146.9032,544.9102,544910.1594
1,1147.2315,545.2385,545238.4594
1,1148.4932,546.5002,546500.1594
1,1148.6028,546.6098,546609.7594
1,1149.9722,547.9792,547979.1594
1,1149.9889,547.9959,547995.8594
1,1150.0102,548.0172,548017.1594
1,1150.0262,548.0332,548033.1594
1,1150.0707,548.0777,548077.6594
1,1150.1173,548.1243,548124.2594
1,1150.1678,548.1748,548174.7594
1,1150.1915,548.1985,548198.4594
1,1150.2554,548.2624,548262.3594
1,1150.3097,548.3167,548316.6594
1,1150.4029,548.4099,548409.8594
1,1150.4647,548.4717,548471.6594
1,1150.5845,548.5915,548591.4594
1,1150.6144,548.6214,548621.3594
1,1150.7491,548.7561,548756.0594
1,1150.8570,548.8640,548863.9594
1,1150.9675,548.9745,548974.4594
1,1151.9395,549.9465,549946.4594
1,1151.9448,549.9518,549951.7594
1,1152.0478,550.0548,550054.7594
1,1152.0550,550.0620,550061.9594
1,1152.1020,550.1090,550108.9594
1,1152.1593,550.1663,550166.2594
1,1152.1735,550.1805,550180.4594
1,1152.1913,550.1983,550198.2594
1,1152.2420,550.2490,550248.9594
1,1152.2753,550.2823,550282.2594
1,1152.2996,550.3066,550306.5594
1,1152.3205,550.3275,550327.4594
1,1152.3462,550.3532,550353.1594
1,1152.3567,550.3637,550363.6594
1,1152.3886,550.3956,550395.5594
1,1152.3935,550.4005,550400.4594
1,1152.4501,550.4571,550457.0594
1,1152.4844,550.4914,550491.3594
1,1152.5118,550.5188,550518.7594
1,1152.5727,550.5797,550579.6594
1,1152.6063,550.6133,550613.2594
1,1152.6636,550.6706,550670.5594
1,1153.5173,551.5243,551524.2594
1,1153.5794,551.5864,551586.3594
1,1153.6995,551.7065,551706.4594
1,1153.9761,551.9831,551983.0594
1,1154.0948,552.1018,552101.7594
1,1154.3271,552.3341,552334.0594
1,1154.5143,552.5213,552521.2594
1,1154.5746,552.5816,552581.5594
1,1154.5802,552.5872,552587.1594
1,1154.6514,552.6584,552658.3594
1,1154.6716,552.6786,552678.5594
1,1154.6771,552.6841,552684.0594
1,1154.6966,552.7036,552703.5594
1,1154.7475,552.7545,552754.4594
1,1154.7883,552.7953,552795.2594
1,1154.8203,552.8273,552827.2594
1,1154.8803,552.8873,552887.2594
1,1154.9027,552.9097,552909.6594
1,1155.0777,553.0847,553084.6594
1,1156.5094,554.5164,554516.3594
1,1156.5377,554.5447,554544.6594
1,1156.5957,554.6027,554602.6594
1,1156.6240,554.6310,554630.9594
1,1156.6307,554.6377,554637.6594
1,1156.7178,554.7248,554724.7594
1,1156.8506,554.8576,554857.5594
1,1157.2634,555.2704,555270.3594
1,1157.3632,555.3702,555370.1594
1,1157.4432,555.4502,555450.1594
1,1157.5335,555.5405,555540.4594
1,1158.3815,556.3885,556388.4594
1,1159.5990,557.6060,557605.9594
1,1159.6831,557.6901,557690.0594
1,1159.7201,557.7271,557727.0594
1,1159.7419,557.7489,557748.8594
1,1159.8142,557.8212,557821.1594
1,1161.2785,559.2855,559285.4594
1,1161.3570,559.3640,559363.9594
1,1161.4411,559.4481,559448.0594
1,1161.4712,559.4782,559478.1594
1,1161.4804,559.4874,559487.3594
1,1161.6095,559.6165,559616.4594
1,1161.6150,559.6220,559621.9594
1,1161.6809,559.6879,559687.8594
1,1161.8103,559.8173,559817.2594
1,1161.8629,559.8699,559869.8594
1,1161.9489,559.9559,559955.8594
1,1161.9875,559.9945,559994.4594
1,1162.0028,560.0098,560009.7594
1,1162.1511,560.1581,560158.0594
1,1162.4972,560.5042,560504.1594
1,1162.6250,560.6320,560631.9594
1,1162.7044,560.7114,560711.3594
1,1162.8450,560.8520,560851.9594
1,1163.2406,561.2476,561247.5594
1,1164.8743,562.8813,562881.2594
1,1165.3012,563.3082,563308.1594
1,1165.3363,563.3433,563343.2594
1,1165.3451,563.3521,563352.0594
1,1165.3491,563.3561,563356.0594
1,1165.4956,563.5026,563502.5594
1,1165.8192,563.8262,563826.1594
1,1166.2308,564.2378,564237.7594
1,1166.3333,564.3403,564340.2594
1,1166.7591,564.7661,564766.0594
1,1169.2507,567.2577,567257.6594
1,1169.2996,567.3066,567306.5594
1,1169.3563,567.3633,567363.2594
1,1169.4345,567.4415,567441.4594
1,1169.5226,567.5296,567529.5594
1,1169.6013,567.6083,567608.2594
1,1169.6984,567.7054,567705.3594
1,1170.0802,568.0872,568087.1594
1,1170.1393,568.1463,568146.2594
1,1170.1768,568.1838,568183.7594
1,1170.2359,568.2429,568242.8594
1,1170.2842,568.2912,568291.1594
1,1170.6757,568.6827,568682.6594
1,1171.1663,569.1733,569173.2594
1,1171.3210,569.3280,569327.9594
1,1171.4890,569.4960,569495.9594
1,1171.7135,569.7205,569720.4594
1,1173.5192,571.5262,571526.1594
1,1173.5237,571.5307,571530.6594
1,1173.6637,571.6707,571670.6594
1,1173.6815,571.6885,571688.4594
1,1173.8137,571.8207,571820.6594
1,1173.8788,571.8858,571885.7594
1,1173.9132,571.9202,571920.1594
1,1173.9379,571.9449,571944.8594
1,1174.1450,572.1520,572151.9594
1,1176.8367,574.8437,574843.6594
1,1176.9203,574.9273,574927.2594
1,1177.0110,575.0180,575017.9594
1,1178.7313,576.7383,576738.2594
1,1179.1637,577.1707,577170.6594
1,1179.3184,577.3254,577325.3594
1,1180.0424,578.0494,578049.3594
1,1180.1687,578.1757,578175.6594
1,1180.2574,578.2644,578264.3594
1,1183.2808,581.2878,581287.7594
1,1183.3398,581.3468,581346.7594
1,1183.4067,581.4137,581413.6594
1,1183.5359,581.5429,581542.8594
1,1186.1696,584.1766,584176.5594
1,1187.3892,585.3962,585396.1594
1,1187.6985,585.7055,585705.4594
1,1187.8425,585.8495,585849.4594
1,1187.8601,585.8671,585867.0594
1,1193.0196,591.0266,591026.5594
1,1193.0949,591.1019,591101.8594
1,1193.1505,591.1575,591157.4594
1,1193.8786,591.8856,591885.5594
1,1198.3797,596.3867,596386.6594
1,1198.4406,596.4476,596447.5594
1,1198.5376,596.5446,596544.5594
1,1198.5735,596.5805,596580.4594
1,1199.6983,597.7053,597705.2594
1,1200.8457,598.8527,598852.6594
1,1200.9375,598.9445,598944.4594
1,1200.9920,598.9990,598998.9594
1,1204.1885,602.1955,602195.4594
1,1204.2168,602.2238,602223.7594
1,1204.3530,602.3600,602359.9594
1,1204.3601,602.3671,602367.0594
1,1204.3957,602.4027,602402.6594
1,1204.5321,602.5391,602539.0594
1,1204.8193,602.8263,602826.2594
1,1209.5958,607.6028,607602.7594
1,1209.6275,607.6345,607634.4594
1,1209.6926,607.6996,607699.5594
1,1209.7195,607.7265,607726.4594
1,1209.7670,607.7740,607773.9594
1,1209.8210,607.8280,607827.9594
1,1211.5283,609.5353,609535.2594
1,1213.8571,611.8641,611864.0594
1,1215.1832,613.1902,613190.1594
1,1215.2792,613.2862,613286.1594
1,1217.2807,615.2877,615287.6594
1,1217.3228,615.3298,615329.7594
1,1220.2890,618.2960,618295.9594
1,1220.7573,618.7643,618764.2594
1,1221.4149,619.4219,619421.8594
1,1221.5198,619.5268,619526.7594
1,1221.6998,619.7068,619706.7594
1,1222.3052,620.3122,620312.1594
1,1223.8319,621.8389,621838.8594
1,1224.6205,622.6275,622627.4594
1,1225.0469,623.0539,623053.8594
1,1225.7230,623.7300,623729.9594
1,1228.8787,626.8857,626885.6594
1,1229.0879,627.0949,627094.8594
1,1229.1104,627.1174,627117.3594
1,1230.7188,628.7258,628725.7594
1,1230.9623,628.9693,628969.2594
1,1231.0921,629.0991,629099.0594
1,1231.1739,629.1809,629180.8594
1,1231.6838,629.6908,629690.7594
1,1233.4679,631.4749,631474.8594
1,1234.1293,632.1363,632136.2594
1,1234.1659,632.1729,632172.8594
1,1234.3202,632.3272,632327.1594
1,1234.3441,632.3511,632351.0594
1,1234.3706,632.3776,632377.5594
1,1234.4202,632.4272,632427.1594
1,1234.5623,632.5693,632569.2594
1,1234.6229,632.6299,632629.8594
1,1234.6819,632.6889,632688.8594
1,1234.7940,632.8010,632800.9594
1,1234.8280,632.8350,632834.9594
1,1234.8951,632.9021,632902.0594
1,1236.5756,634.5826,634582.5594
1,1236.7229,634.7299,634729.8594
1,1236.9392,634.9462,634946.1594
1,1237.5329,635.5399,635539.8594
1,1237.5473,635.5543,635554.2594
1,1237.7210,635.7280,635727.9594
1,1237.8527,635.8597,635859.6594
1,1238.8813,636.8883,636888.2594
1,1239.1946,637.2016,637201.5594
1,1240.8109,638.8179,638817.8594
1,1241.5864,639.5934,639593.3594
1,1241.6605,639.6675,639667.4594
1,1242.1501,640.1571,640157.0594
1,1242.7207,640.7277,640727.6594
1,1242.7934,640.8004,640800.3594
1,1243.0516,641.0586,641058.5594
1,1243.0555,641.0625,641062.4594
1,1243.3031,641.3101,641310.0594
1,1243.3393,641.3463,641346.2594
1,1243.3537,641.3607,641360.6594
1,1243.4037,641.4107,641410.6594
1,1243.4164,641.4234,641423.3594
1,1243.4246,641.4316,641431.5594
1,1243.4440,641.4510,641450.9594
1,1243.4880,641.4950,641494.9594
1,1243.5095,641.5165,641516.4594
1,1243.5413,641.5483,641548.2594
1,1243.5596,641.5666,641566.5594
1,1243.6157,641.6227,641622.6594
1,1243.7065,641.7135,641713.4594
1,1243.8107,641.8177,641817.6594
1,1243.8683,641.8753,641875.2594
1,1244.0137,642.0207,642020.6594
1,1244.2179,642.2249,642224.8594
1,1244.3122,642.3192,642319.1594
1,1244.5333,642.5403,642540.2594
1,1244.7189,642.7259,642725.8594
1,1244.8160,642.8230,642822.9594
1,1244.8308,642.8378,642837.7594
1,1244.8360,642.8430,642842.9594
1,1244.8787,642.8857,642885.6594
1,1244.9314,642.9384,642938.3594
1,1244.9716,642.9786,642978.5594
1,1245.1115,643.1185,643118.4594
1,1245.3348,643.3418,643341.7594
1,1245.3627,643.3697,643369.6594
1,1245.5133,643.5203,643520.2594
1,1245.5535,643.5605,643560.4594
1,1245.5776,643.5846,643584.5594
1,1245.6717,643.6787,643678.6594
1,1245.8162,643.8232,643823.1594
1,1245.8955,643.9025,643902.4594
1,1246.2649,644.2719,644271.8594
1,1246.2946,644.3016,644301.5594
1,1246.3005,644.3075,644307.4594
1,1246.3824,644.3894,644389.3594
1,1246.3892,644.3962,644396.1594
1,1246.4524,644.4594,644459.3594
1,1249.0105,647.0175,647017.4594
1,1249.0660,647.0730,647072.9594
1,1249.1232,647.1302,647130.1594
1,1249.1430,647.1500,647149.9594
1,1249.1775,647.1845,647184.4594
1,1249.2105,647.2175,647217.4594
1,1249.2369,647.2439,647243.8594
1,1249.2477,647.2547,647254.6594
1,1249.2729,647.2799,647279.8594
1,1249.3137,647.3207,647320.6594
1,1250.1091,648.1161,648116.0594
1,1250.1888,648.1958,648195.7594
1,1250.2832,648.2902,648290.1594
1,1250.3930,648.4000,648399.9594
1,1251.1354,649.1424,649142.3594
1,1251.2189,649.2259,649225.8594
1,1251.3299,649.3369,649336.8594
1,1251.3944,649.4014,649401.3594
1,1251.4018,649.4088,649408.7594
1,1251.4679,649.4749,649474.8594
1,1251.5222,649.5292,649529.1594
1,1251.5321,649.5391,649539.0594
1,1251.9395,649.9465,649946.4594
1,1251.9448,649.9518,649951.7594
1,1252.0186,650.0256,650025.5594
1,1253.2929,651.2999,651299.8594
1,1255.0225,653.0295,653029.4594
1,1257.3777,655.3847,655384.6594
1,1264.4456,662.4526,662452.5594
1,1264.5037,662.5107,662510.6594
1,1266.8978,664.9048,664904.7594
1,1267.6817,665.6887,665688.6594
1,1268.0031,666.0101,666010.0594
1,1268.5521,666.5591,666559.0594
1,1268.5638,666.5708,666570.7594
1,1268.8003,666.8073,666807.2594
1,1268.8393,666.8463,666846.2594
1,1268.9343,666.9413,666941.2594
1,1268.9768,666.9838,666983.7594
1,1268.9952,667.0022,667002.1594
1,1269.0863,667.0933,667093.2594
1,1269.3995,667.4065,667406.4594
1,1276.7284,674.7354,674735.3594
1,1277.0833,675.0903,675090.2594
1,1277.3427,675.3497,675349.6594
1,1277.4886,675.4956,675495.5594
1,1277.7048,675.7118,675711.7594
1,1277.7448,675.7518,675751.7594
1,1277.7590,675.7660,675765.9594
1,1277.7661,675.7731,675773.0594
1,1277.8006,675.8076,675807.5594
1,1277.9692,675.9762,675976.1594
1,1278.0079,676.0149,676014.8594
1,1278.0336,676.0406,676040.5594
1,1278.0589,676.0659,676065.8594
1,1278.0642,676.0712,676071.1594
1,1278.0917,676.0987,676098.6594
1,1278.1152,676.1222,676122.1594
1,1278.1551,676.1621,676162.0594
1,1278.1881,676.1951,676195.0594
1,1278.1959,676.2029,676202.8594
1,1278.2098,676.2168,676216.7594
1,1278.2697,676.2767,676276.6594
1,1278.2762,676.2832,676283.1594
1,1278.3161,676.3231,676323.0594
1,1278.3682,676.3752,676375.1594
1,1278.8925,676.8995,676899.4594
1,1279.6870,677.6940,677693.9594
1,1279.7682,677.7752,677775.1594
1,1279.7930,677.8000,677799.9594
1,1279.8192,677.8262,677826.1594
1,1279.9761,677.9831,677983.0594
1,1284.7886,682.7956,682795.5594
1,1284.9031,682.9101,682910.0594
1,1285.6845,683.6915,683691.4594
1,1289.4479,687.4549,687454.8594
1,1289.4519,687.4589,687458.8594
1,1289.4928,687.4998,687499.7594
1,1289.7331,687.7401,687740.0594
1,1289.8176,687.8246,687824.5594
1,1289.8860,687.8930,687892.9594
1,1289.8959,687.9029,687902.8594
1,1289.9724,687.9794,687979.3594
1,1293.2950,691.3020,691301.9594
1,1294.6102,692.6172,692617.1594
1,1295.2568,693.2638,693263.7594
1,1295.3577,693.3647,693364.6594
1,1295.4412,693.4482,693448.1594
1,1299.0537,697.0607,697060.6594
1,1299.2061,697.2131,697213.0594
1,1299.3643,697.3713,697371.2594
1,1301.6958,699.7028,699702.7594
1,1301.8367,699.8437,699843.6594
1,1301.8759,699.8829,699882.8594
1,1302.8794,700.8864,700886.3594
1,1302.9521,700.9591,700959.0594
1,1303.0705,701.0775,701077.4594
1,1303.0794,701.0864,701086.3594
1,1304.2404,702.2474,702247.3594
1,1304.3491,702.3561,702356.0594
1,1305.6623,703.6693,703669.2594
1,1305.8190,703.8260,703825.9594
1,1305.9590,703.9660,703965.9594
1,1306.1824,704.1894,704189.3594
1,1306.7384,704.7454,704745.3594
1,1306.8704,704.8774,704877.3594
1,1306.8755,704.8825,704882.4594
1,1306.9936,705.0006,705000.5594
1,1307.0525,705.0595,705059.4594
1,1307.0625,705.0695,705069.4594
1,1307.1369,705.1439,705143.8594
1,1307.1976,705.2046,705204.5594
1,1307.2794,705.2864,705286.3594
1,1307.5106,705.5176,705517.5594
1,1307.5924,705.5994,705599.3594
1,1307.7652,705.7722,705772.1594
1,1308.4253,706.4323,706432.2594
1,1317.5908,715.5978,715597.7594
1,1317.6321,715.6391,715639.0594
1,1317.6748,715.6818,715681.7594
1,1320.1738,718.1808,718180.7594
1,1320.2447,718.2517,718251.6594
1,1320.3393,718.3463,718346.2594
1,1320.5603,718.5673,718567.2594
1,1320.6763,718.6833,718683.2594
1,1321.4081,719.4151,719415.0594
1,1322.9350,720.9420,720941.9594
1,1324.0202,722.0272,722027.1594
1,1324.0716,722.0786,722078.5594
1,1324.1319,722.1389,722138.8594
1,1324.1357,722.1427,722142.6594
1,1324.1823,722.1893,722189.2594
1,1324.2946,722.3016,722301.5594
1,1324.3249,722.3319,722331.8594
1,1325.0975,723.1045,723104.4594
1,1325.1802,723.1872,723187.1594
1,1325.4466,723.4536,723453.5594
1,1325.4667,723.4737,723473.6594
1,1325.4863,723.4933,723493.2594
1,1325.5112,723.5182,723518.1594
1,1325.5218,723.5288,723528.7594
1,1325.5722,723.5792,723579.1594
1,1325.6080,723.6150,723614.9594
1,1325.6393,723.6463,723646.2594
1,1325.7247,723.7317,723731.6594
1,1325.8012,723.8082,723808.1594
1,1325.8720,723.8790,723878.9594
1,1325.8959,723.9029,723902.8594
1,1325.9350,723.9420,723941.9594
1,1327.4674,725.4744,725474.3594
1,1328.2155,726.2225,726222.4594
1,1331.1859,729.1929,729192.8594
1,1331.2047,729.2117,729211.6594
1,1331.5493,729.5563,729556.2594
1,1331.7212,729.7282,729728.1594
1,1331.8326,729.8396,729839.5594
1,1332.0873,730.0943,730094.2594
1,1332.1293,730.1363,730136.2594
1,1332.2027,730.2097,730209.6594
1,1332.2187,730.2257,730225.6594
1,1332.2379,730.2449,730244.8594
1,1332.3786,730.3856,730385.5594
1,1332.4222,730.4292,730429.1594
1,1332.4952,730.5022,730502.1594
1,1332.5118,730.5188,730518.7594
1,1332.5373,730.5443,730544.2594
1,1332.6161,730.6231,730623.0594
1,1332.6649,730.6719,730671.8594
1,1332.7417,730.7487,730748.6594
1,1332.7469,730.7539,730753.8594
1,1332.8320,730.8390,730838.9594
1,1332.9355,730.9425,730942.4594
1,1333.2210,731.2280,731227.9594
1,1333.4631,731.4701,731470.0594
1,1334.7448,732.7518,732751.7594
1,1334.9794,732.9864,732986.3594
1,1334.9900,732.9970,732996.9594
1,1336.9516,734.9586,734958.5594
1,1338.6173,736.6243,736624.2594
1,1341.5561,739.5631,739563.0594
1,1341.9917,739.9987,739998.6594
1,1342.2750,740.2820,740281.9594
1,1342.4736,740.4806,740480.5594
1,1342.4779,740.4849,740484.8594
1,1342.4845,740.4915,740491.4594
1,1342.6637,740.6707,740670.6594
1,1342.6947,740.7017,740701.6594
1,1342.7387,740.7457,740745.6594
1,1342.7645,740.7715,740771.4594
1,1342.8050,740.8120,740811.9594
1,1344.1590,742.1660,742165.9594
1,1344.1706,742.1776,742177.5594
1,1344.2704,742.2774,742277.3594
1,1345.4412,743.4482,743448.1594
1,1346.0150,744.0220,744021.9594
1,1347.9216,745.9286,745928.5594
1,1348.3511,746.3581,746358.0594
1,1348.4764,746.4834,746483.3594
1,1348.7904,746.7974,746797.3594
1,1351.5677,749.5747,749574.6594
1,1351.6697,749.6767,749676.6594
1,1351.7466,749.7536,749753.5594
1,1351.8534,749.8604,749860.3594
1,1353.2546,751.2616,751261.5594
1,1353.3057,751.3127,751312.6594
1,1353.3806,751.3876,751387.5594
1,1353.4390,751.4460,751445.9594
1,1353.5509,751.5579,751557.8594
1,1354.0491,752.0561,752056.0594
1,1354.0996,752.1066,752106.5594
1,1355.4074,753.4144,753414.3594
1,1358.6787,756.6857,756685.6594
1,1359.0647,757.0717,757071.6594
1,1362.8664,760.8734,760873.3594
1,1363.0563,761.0633,761063.2594
1,1363.3618,761.3688,761368.7594
1,1363.4965,761.5035,761503.4594
1,1363.6279,761.6349,761634.8594
1,1370.9227,768.9297,768929.6594
1,1371.8245,769.8315,769831.4594
1,1375.2411,773.2481,773248.0594
1,1377.3294,775.3364,775336.3594
1,1378.4032,776.4102,776410.1594
1,1378.5083,776.5153,776515.2594
1,1379.1490,777.1560,777155.9594
1,1379.2447,777.2517,777251.6594
1,1379.4653,777.4723,777472.2594
1,1379.5036,777.5106,777510.5594
1,1379.5466,777.5536,777553.5594
1,1380.8263,778.8333,778833.2594
1,1380.9127,778.9197,778919.6594
1,1380.9210,778.9280,778927.9594
1,1380.9696,778.9766,778976.5594
1,1381.0114,779.0184,779018.3594
1,1381.0624,779.0694,779069.3594
1,1381.0732,779.0802,779080.1594
1,1381.1280,779.1350,779134.9594
1,1381.1761,779.1831,779183.0594
1,1382.8183,780.8253,780825.2594
1,1383.0542,781.0612,781061.1594
1,1383.9520,781.9590,781958.9594
1,1384.5732,782.5802,782580.1594
1,1384.9724,782.9794,782979.3594
1,1385.2161,783.2231,783223.0594
1,1392.2281,790.2351,790235.0594
1,1392.2647,790.2717,790271.6594
1,1392.3889,790.3959,790395.8594
1,1392.4250,790.4320,790431.9594
1,1392.4721,790.4791,790479.0594
1,1392.5491,790.5561,790556.0594
1,1396.3682,794.3752,794375.1594
1,1399.6145,797.6215,797621.4594
1,1399.9583,797.9653,797965.2594
1,1399.9820,797.9890,797988.9594
1,1400.0511,798.0581,798058.0594
1,1400.2712,798.2782,798278.1594
1,1400.3043,798.3113,798311.2594
1,1400.3833,798.3903,798390.2594
1,1400.4283,798.4353,798435.2594
1,1400.4753,798.4823,798482.2594
1,1400.5201,798.5271,798527.0594
1,1400.6693,798.6763,798676.2594
1,1400.6808,798.6878,798687.7594
1,1400.8828,798.8898,798889.7594
1,1400.9179,798.9249,798924.8594
1,1400.9405,798.9475,798947.4594
1,1400.9755,798.9825,798982.4594
1,1401.0031,799.0101,799010.0594
1,1401.0102,799.0172,799017.1594
1,1401.0233,799.0303,799030.2594
1,1401.0656,799.0726,799072.5594
1,1401.0712,799.0782,799078.1594
1,1401.1533,799.1603,799160.2594
1,1401.1725,799.1795,799179.4594
1,1401.1971,799.2041,799204.0594
1,1401.2241,799.2311,799231.0594
1,1401.2387,799.2457,799245.6594
1,1401.2866,799.2936,799293.5594
1,1401.3359,799.3429,799342.8594
1,1401.3619,799.3689,799368.8594
1,1401.3926,799.3996,799399.5594
1,1401.4452,799.4522,799452.1594
1,1401.5974,799.6044,799604.3594
1,1401.6431,799.6501,799650.0594
1,1401.9262,799.9332,799933.1594
1,1402.1060,800.1130,800112.9594
1,1402.4309,800.4379,800437.8594
1,1402.5506,800.5576,800557.5594
1,1402.6365,800.6435,800643.4594
1,1402.6569,800.6639,800663.8594
1,1402.6653,800.6723,800672.2594
1,1402.6956,800.7026,800702.5594
1,1402.6988,800.7058,800705.7594
1,1402.7838,800.7908,800790.7594
1,1402.7888,800.7958,800795.7594
1,1402.7994,800.8064,800806.3594
1,1402.8455,800.8525,800852.4594
1,1402.9472,800.9542,800954.1594
1,1403.0022,801.0092,801009.1594
1,1403.0390,801.0460,801045.9594
1,1403.0959,801.1029,801102.8594
1,1405.9429,803.9499,803949.8594
1,1407.8421,805.8491,805849.0594
1,1414.7021,812.7091,812709.0594
1,1414.7116,812.7186,812718.5594
1,1414.8903,812.8973,812897.2594
1,1420.0470,818.0540,818053.9594
1,1421.2529,819.2599,819259.8594
1,1424.9329,822.9399,822939.8594
1,1424.9639,822.9709,822970.8594
1,1425.0213,823.0283,823028.2594
1,1425.0561,823.0631,823063.0594
1,1425.1066,823.1136,823113.5594
1,1425.1129,823.1199,823119.8594
1,1429.1577,827.1647,827164.6594
1,1429.4172,827.4242,827424.1594
1,1430.8405,828.8475,828847.4594
1,1430.8499,828.8569,828856.8594
1,1431.3814,829.3884,829388.3594
1,1431.3968,829.4038,829403.7594
1,1431.4325,829.4395,829439.4594
1,1431.4440,829.4510,829450.9594
1,1431.5923,829.5993,829599.2594
1,1431.7351,829.7421,829742.0594
1,1431.8379,829.8449,829844.8594
1,1431.8747,829.8817,829881.6594
1,1431.9395,829.9465,829946.4594
1,1431.9599,829.9669,829966.8594
1,1432.0426,830.0496,830049.5594
1,1433.2448,831.2518,831251.7594
1,1433.7072,831.7142,831714.1594
1,1434.7349,832.7419,832741.8594
1,1434.7408,832.7478,832747.7594
1,1434.8071,832.8141,832814.0594
1,1434.8118,832.8188,832818.7594
1,1434.8951,832.9021,832902.0594
1,1434.9466,832.9536,832953.5594
1,1435.1097,833.1167,833116.6594
1,1435.1504,833.1574,833157.3594
1,1435.1710,833.1780,833177.9594
1,1435.2202,833.2272,833227.1594
1,1435.2433,833.2503,833250.2594
1,1435.2633,833.2703,833270.2594
1,1435.3455,833.3525,833352.4594
1,1435.3756,833.3826,833382.5594
1,1435.4202,833.4272,833427.1594
1,1435.4824,833.4894,833489.3594
1,1435.6331,833.6401,833640.0594
1,1435.9420,833.9490,833948.9594
1,1436.3433,834.3503,834350.2594
1,1437.2096,835.2166,835216.5594
1,1438.6932,836.7002,836700.1594
1,1439.1302,837.1372,837137.1594
1,1439.1918,837.1988,837198.7594
1,1439.2188,837.2258,837225.7594
1,1439.3057,837.3127,837312.6594
1,1439.3911,837.3981,837398.0594
1,1440.9633,838.9703,838970.2594
1,1440.9960,839.0030,839002.9594
1,1443.6085,841.6155,841615.4594
1,1443.7623,841.7693,841769.2594
1,1443.7817,841.7887,841788.6594
1,1443.9842,841.9912,841991.1594
1,1444.3120,842.3190,842318.9594
1,1444.3879,842.3949,842394.8594
1,1444.6525,842.6595,842659.4594
1,1445.6773,843.6843,843684.2594
1,1445.7369,843.7439,843743.8594
1,1445.8355,843.8425,843842.4594
1,1445.8691,843.8761,843876.0594
1,1445.9253,843.9323,843932.2594
1,1446.0431,844.0501,844050.0594
1,1446.1525,844.1595,844159.4594
1,1446.1900,844.1970,844196.9594
1,1446.2253,844.2323,844232.2594
1,1446.2561,844.2631,844263.0594
1,1446.2686,844.2756,844275.5594
1,1446.3276,844.3346,844334.5594
1,1446.4084,844.4154,844415.3594
1,1448.8955,846.9025,846902.4594
1,1449.7877,847.7947,847794.6594
1,1449.9212,847.9282,847928.1594
1,1449.9360,847.9430,847942.9594
1,1449.9637,847.9707,847970.6594
1,1450.0385,848.0455,848045.4594
1,1450.1704,848.1774,848177.3594
1,1450.3079,848.3149,848314.8594
1,1450.4708,848.4778,848477.7594
1,1450.5426,848.5496,848549.5594
1,1450.5865,848.5935,848593.4594
1,1450.6620,848.6690,848668.9594
1,1450.7031,848.7101,848710.0594
1,1450.7415,848.7485,848748.4594
1,1450.7829,848.7899,848789.8594
1,1450.8955,848.9025,848902.4594
1,1451.3915,849.3985,849398.4594
1,1452.3225,850.3295,850329.4594
1,1452.7251,850.7321,850732.0594
1,1452.7604,850.7674,850767.3594
1,1452.8687,850.8757,850875.6594
1,1453.2274,851.2344,851234.3594
1,1453.2902,851.2972,851297.1594
1,1453.3389,851.3459,851345.8594
1,1454.4822,852.4892,852489.1594
1,1454.5290,852.5360,852535.9594
1,1454.6061,852.6131,852613.0594
1,1454.8684,852.8754,852875.3594
1,1455.1848,853.1918,853191.7594
1,1455.2572,853.2642,853264.1594
1,1457.5097,855.5167,855516.6594
1,1458.5643,856.5713,856571.2594
1,1458.6533,856.6603,856660.2594
1,1458.9205,856.9275,856927.4594
1,1458.9444,856.9514,856951.3594
1,1458.9999,857.0069,857006.8594
1,1459.0646,857.0716,857071.5594
1,1459.1378,857.1448,857144.7594
1,1459.1532,857.1602,857160.1594
1,1459.2079,857.2149,857214.8594
1,1459.2571,857.2641,857264.0594
1,1459.2759,857.2829,857282.8594
1,1459.3559,857.3629,857362.8594
1,1459.3821,857.3891,857389.0594
1,1459.4088,857.4158,857415.7594
1,1459.7701,857.7771,857777.0594
1,1459.8266,857.8336,857833.5594
1,1459.9025,857.9095,857909.4594
1,1459.9506,857.9576,857957.5594
1,1459.9902,857.9972,857997.1594
1,1460.0480,858.0550,858054.9594
1,1460.0811,858.0881,858088.0594
1,1460.1261,858.1331,858133.0594
1,1460.2549,858.2619,858261.8594
1,1460.2715,858.2785,858278.4594
1,1460.3279,858.3349,858334.8594
1,1460.3640,858.3710,858370.9594
1,1460.3802,858.3872,858387.1594
1,1460.4558,858.4628,858462.7594
1,1460.4766,858.4836,858483.5594
1,1460.4997,858.5067,858506.6594
1,1460.5272,858.5342,858534.1594
1,1460.5385,858.5455,858545.4594
1,1460.5851,858.5921,858592.0594
1,1460.6154,858.6224,858622.3594
1,1460.6472,858.6542,858654.1594
1,1460.6908,858.6978,858697.7594
1,1460.7008,858.7078,858707.7594
1,1460.7125,858.7195,858719.4594
1,1460.7238,858.7308,858730.7594
1,1460.8146,858.8216,858821.5594
1,1460.8836,858.8906,858890.5594
1,1460.9038,858.9108,858910.7594
1,1460.9706,858.9776,858977.5594
1,1460.9881,858.9951,858995.0594
1,1461.0331,859.0401,859040.0594
1,1461.0785,859.0855,859085.4594
1,1461.1037,859.1107,859110.6594
1,1461.1321,859.1391,859139.0594
1,1461.1660,859.1730,859172.9594
1,1461.2150,859.2220,859221.9594
1,1461.2938,859.3008,859300.7594
1,1461.3053,859.3123,859312.2594
1,1461.3294,859.3364,859336.3594
1,1461.3649,859.3719,859371.8594
1,1461.4001,859.4071,859407.0594
1,1461.4291,859.4361,859436.0594
1,1461.4352,859.4422,859442.1594
1,1462.4731,860.4801,860480.0594
1,1462.4786,860.4856,860485.5594
1,1462.5624,860.5694,860569.3594
1,1462.6594,860.6664,860666.3594
1,1462.7048,860.7118,860711.7594
1,1462.7144,860.7214,860721.3594
1,1462.7434,860.7504,860750.3594
1,1468.0676,866.0746,866074.5594
1,1468.2409,866.2479,866247.8594
1,1468.3481,866.3551,866355.0594
1,1468.4810,866.4880,866487.9594
1,1468.5647,866.5717,866571.6594
1,1468.6558,866.6628,866662.7594
1,1468.8096,866.8166,866816.5594
1,1468.8368,866.8438,866843.7594
1,1468.8436,866.8506,866850.5594
1,1468.8668,866.8738,866873.7594
1,1468.8763,866.8833,866883.2594
1,1468.8866,866.8936,866893.5594
1,1472.5602,870.5672,870567.1594
1,1473.5759,871.5829,871582.8594
1,1473.6226,871.6296,871629.5594
1,1474.2549,872.2619,872261.8594
1,1474.5157,872.5227,872522.6594
1,1479.0079,877.0149,877014.8594
1,1479.0142,877.0212,877021.1594
1,1479.1208,877.1278,877127.7594
1,1479.2449,877.2519,877251.8594
1,1479.4816,877.4886,877488.5594
1,1479.5224,877.5294,877529.3594
1,1479.5740,877.5810,877580.9594
1,1480.1510,878.1580,878157.9594
1,1482.4551,880.4621,880462.0594
1,1483.2031,881.2101,881210.0594
1,1485.0609,883.0679,883067.8594
1,1486.7921,884.7991,884799.0594
1,1486.9939,885.0009,885000.8594
1,1487.7715,885.7785,885778.4594
1,1490.2749,888.2819,888281.8594
1,1490.9960,889.0030,889002.9594
1,1491.0081,889.0151,889015.0594
1,1491.0885,889.0955,889095.4594
1,1491.1782,889.1852,889185.1594
1,1491.2865,889.2935,889293.4594
1,1491.3568,889.3638,889363.7594
1,1491.3907,889.3977,889397.6594
1,1491.4375,889.4445,889444.4594
1,1491.5291,889.5361,889536.0594
1,1491.5365,889.5435,889543.4594
1,1491.6653,889.6723,889672.2594
1,1491.7332,889.7402,889740.1594
1,1491.9510,889.9580,889957.9594
1,1492.2187,890.2257,890225.6594
1,1492.2585,890.2655,890265.4594
1,1492.3038,890.3108,890310.7594
1,1492.3532,890.3602,890360.1594
1,1492.4697,890.4767,890476.6594
1,1493.0594,891.0664,891066.3594
1,1493.3676,891.3746,891374.5594
1,1493.3751,891.3821,891382.0594
1,1493.4088,891.4158,891415.7594
1,1493.4441,891.4511,891451.0594
1,1493.5276,891.5346,891534.5594
1,1493.5366,891.5436,891543.5594
1,1493.5665,891.5735,891573.4594
1,1493.7666,891.7736,891773.5594
1,1493.8339,891.8409,891840.8594
1,1493.8894,891.8964,891896.3594
1,1493.9497,891.9567,891956.6594
1,1493.9724,891.9794,891979.3594
1,1495.0656,893.0726,893072.5594
1,1495.4483,893.4553,893455.2594
1,1495.4595,893.4665,893466.4594
1,1495.5257,893.5327,893532.6594
1,1495.6888,893.6958,893695.7594
1,1495.8806,893.8876,893887.5594
1,1496.3203,894.3273,894327.2594
1,1498.2477,896.2547,896254.6594
1,1499.3420,897.3490,897348.9594
1,1500.3788,898.3858,898385.7594
1,1500.3829,898.3899,898389.8594
1,1500.4534,898.4604,898460.3594
1,1500.9298,898.9368,898936.7594
1,1500.9502,898.9572,898957.1594
1,1500.9749,898.9819,898981.8594
1,1503.0577,901.0647,901064.6594
1,1503.1113,901.1183,901118.2594
1,1503.1820,901.1890,901188.9594
1,1503.8681,901.8751,901875.0594
1,1503.8793,901.8863,901886.2594
1,1503.9081,901.9151,901915.0594
1,1503.9724,901.9794,901979.3594
1,1504.0211,902.0281,902028.0594
1,1504.0888,902.0958,902095.7594
1,1504.0937,902.1007,902100.6594
1,1504.2024,902.2094,902209.3594
1,1504.4100,902.4170,902416.9594
1,1504.4656,902.4726,902472.5594
1,1504.5131,902.5201,902520.0594
1,1504.5567,902.5637,902563.6594
1,1504.5727,902.5797,902579.6594
1,1504.5828,902.5898,902589.7594
1,1504.5873,902.5943,902594.2594
1,1504.6045,902.6115,902611.4594
1,1504.6086,902.6156,902615.5594
1,1504.6666,902.6736,902673.5594
1,1504.7003,902.7073,902707.2594
1,1504.7579,902.7649,902764.8594
1,1504.8119,902.8189,902818.8594
1,1504.9337,902.9407,902940.6594
1,1506.1562,904.1632,904163.1594
1,1506.2720,904.2790,904278.9594
1,1506.3760,904.3830,904382.9594
1,1506.8972,904.9042,904904.1594
1,1509.2064,907.2134,907213.3594
1,1509.9442,907.9512,907951.1594
1,1512.3514,910.3584,910358.3594
1,1512.4145,910.4215,910421.4594
1,1512.4442,910.4512,910451.1594
1,1512.4476,910.4546,910454.5594
1,1512.6272,910.6342,910634.1594
1,1512.6677,910.6747,910674.6594
1,1512.6871,910.6941,910694.0594
1,1513.5866,911.5936,911593.5594
1,1514.8188,912.8258,912825.7594
1,1519.6674,917.6744,917674.3594
1,1519.9305,917.9375,917937.4594
1,1520.2161,918.2231,918223.0594
1,1520.2435,918.2505,918250.4594
1,1520.5158,918.5228,918522.7594
1,1520.5795,918.5865,918586.4594
1,1523.3065,921.3135,921313.4594
1,1525.1618,923.1688,923168.7594
1,1527.3994,925.4064,925406.3594
1,1530.0983,928.1053,928105.2594
1,1530.6163,928.6233,928623.2594
1,1530.7365,928.7435,928743.4594
1,1530.7519,928.7589,928758.8594
1,1530.9422,928.9492,928949.1594
1,1531.3573,929.3643,929364.2594
1,1531.3964,929.4034,929403.3594
1,1531.4829,929.4899,929489.8594
1,1531.9869,929.9939,929993.8594
1,1532.0214,930.0284,930028.3594
1,1532.0763,930.0833,930083.2594
1,1532.1298,930.1368,930136.7594
1,1532.1573,930.1643,930164.2594
1,1532.2144,930.2214,930221.3594
1,1532.3248,930.3318,930331.7594
1,1533.4403,931.4473,931447.2594
1,1533.4586,931.4656,931465.5594
1,1533.5261,931.5331,931533.0594
1,1533.5640,931.5710,931570.9594
1,1533.6391,931.6461,931646.0594
1,1533.6944,931.7014,931701.3594
1,1533.7208,931.7278,931727.7594
1,1534.8114,932.8184,932818.3594
1,1535.3168,933.3238,933323.7594
1,1535.9778,933.9848,933984.7594
1,1536.4980,934.5050,934504.9594
1,1536.7513,934.7583,934758.2594
1,1536.8470,934.8540,934853.9594
1,1536.8904,934.8974,934897.3594
1,1536.9379,934.9449,934944.8594
1,1537.0205,935.0275,935027.4594
1,1537.3019,935.3089,935308.8594
1,1537.9127,935.9197,935919.6594
1,1538.3886,936.3956,936395.5594
1,1539.7060,937.7130,937712.9594
1,1539.7327,937.7397,937739.6594
1,1540.1733,938.1803,938180.2594
1,1540.5295,938.5365,938536.4594
1,1540.6303,938.6373,938637.2594
1,1540.8045,938.8115,938811.4594
1,1540.9825,938.9895,938989.4594
1,1541.5114,939.5184,939518.3594
1,1542.9427,940.9497,940949.6594
1,1542.9695,940.9765,940976.4594
1,1543.7353,941.7423,941742.2594
1,1543.7586,941.7656,941765.5594
1,1543.9523,941.9593,941959.2594
1,1544.0338,942.0408,942040.7594
1,1544.8527,942.8597,942859.6594
1,1545.8700,943.8770,943876.9594
1,1546.7176,944.7246,944724.5594
1,1548.3628,946.3698,946369.7594
1,1548.9445,946.9515,946951.4594
1,1549.0341,947.0411,947041.0594
1,1549.1811,947.1881,947188.0594
1,1549.4788,947.4858,947485.7594
1,1550.9336,948.9406,948940.5594
1,1550.9497,948.9567,948956.6594
1,1550.9781,948.9851,948985.0594
1,1551.0589,949.0659,949065.8594
1,1551.3411,949.3481,949348.0594
1,1551.5194,949.5264,949526.3594
1,1551.9769,949.9839,949983.8594
1,1552.9006,950.9076,950907.5594
1,1552.9361,950.9431,950943.0594
1,1553.1534,951.1604,951160.3594
1,1553.2018,951.2088,951208.7594
1,1553.2580,951.2650,951264.9594
1,1553.3034,951.3104,951310.3594
1,1553.3398,951.3468,951346.7594
1,1553.3642,951.3712,951371.1594
1,1553.3757,951.3827,951382.6594
1,1553.4038,951.4108,951410.7594
1,1553.4121,951.4191,951419.0594
1,1553.4594,951.4664,951466.3594
1,1553.4633,951.4703,951470.2594
1,1553.5250,951.5320,951531.9594
1,1553.5720,951.5790,951578.9594
1,1553.6222,951.6292,951629.1594
1,1553.6454,951.6524,951652.3594
1,1553.7543,951.7613,951761.2594
1,1554.1596,952.1666,952166.5594
1,1554.6795,952.6865,952686.4594
1,1554.6841,952.6911,952691.0594
1,1555.2114,953.2184,953218.3594
1,1555.3129,953.3199,953319.8594
1,1556.4194,954.4264,954426.3594
1,1557.0591,955.0661,955066.0594
1,1557.1445,955.1515,955151.4594
1,1557.1886,955.1956,955195.5594
1,1557.2752,955.2822,955282.1594
1,1557.9848,955.9918,955991.7594
1,1558.0773,956.0843,956084.2594
1,1558.1477,956.1547,956154.6594
1,1558.2075,956.2145,956214.4594
1,1558.6663,956.6733,956673.2594
1,1560.7308,958.7378,958737.7594
1,1560.9348,958.9418,958941.7594
1,1561.9441,959.9511,959951.0594
1,1564.7178,962.7248,962724.7594
1,1565.0480,963.0550,963054.9594
1,1565.0522,963.0592,963059.1594
1,1565.0898,963.0968,963096.7594
1,1565.0940,963.1010,963100.9594
1,1565.1117,963.1187,963118.6594
1,1565.1441,963.1511,963151.0594
1,1565.1624,963.1694,963169.3594
1,1565.1751,963.1821,963182.0594
1,1565.1784,963.1854,963185.3594
1,1565.2096,963.2166,963216.5594
1,1565.2135,963.2205,963220.4594
1,1565.2434,963.2504,963250.3594
1,1565.2742,963.2812,963281.1594
1,1565.3126,963.3196,963319.5594
1,1565.3339,963.3409,963340.8594
1,1568.4904,966.4974,966497.3594
1,1568.4976,966.5046,966504.5594
1,1568.5047,966.5117,966511.6594
1,1568.8276,966.8346,966834.5594
1,1568.9052,966.9122,966912.1594
1,1568.9324,966.9394,966939.3594
1,1572.3935,970.4005,970400.4594
1,1572.4582,970.4652,970465.1594
1,1572.4906,970.4976,970497.5594
1,1572.5996,970.6066,970606.5594
1,1572.6392,970.6462,970646.1594
1,1572.7062,970.7132,970713.1594
1,1573.0762,971.0832,971083.1594
1,1573.1335,971.1405,971140.4594
1,1576.3211,974.3281,974328.0594
1,1576.4411,974.4481,974448.0594
1,1576.9970,975.0040,975003.9594
1,1577.1049,975.1119,975111.8594
1,1577.1620,975.1690,975168.9594
1,1577.2069,975.2139,975213.8594
1,1582.8879,980.8949,980894.8594
1,1585.3359,983.3429,983342.8594
1,1586.2178,984.2248,984224.7594
1,1587.7309,985.7379,985737.8594
1,1595.1203,993.1273,993127.2594
1,1595.2311,993.2381,993238.0594
1,1595.3020,993.3090,993308.9594
1,1595.4301,993.4371,993437.0594
1,1595.4688,993.4758,993475.7594
1,1595.4874,993.4944,993494.3594
1,1595.5251,993.5321,993532.0594
1,1595.5451,993.5521,993552.0594
1,1595.5845,993.5915,993591.4594
1,1595.5945,993.6015,993601.4594
1,1595.6624,993.6694,993669.3594
1,1595.7981,993.8051,993805.0594
1,1595.8336,993.8406,993840.5594
1,1596.5189,994.5259,994525.8594
1,1596.6793,994.6863,994686.2594
1,1599.6559,997.6629,997662.8594
1,1599.7518,997.7588,997758.7594
1,1600.1163,998.1233,998123.2594
1,1600.2946,998.3016,998301.5594
1,1600.5786,998.5856,998585.5594
1,1600.6088,998.6158,998615.7594
1,1601.6058,999.6128,999612.7594
1,1602.4189,1000.4259,1000425.8594
1,1602.4920,1000.4990,1000498.9594
1,1603.6277,1001.6347,1001634.6594
1,1603.6652,1001.6722,1001672.1594
1,1604.0918,1002.0988,1002098.7594
1,1604.6950,1002.7020,1002701.9594
1,1605.0052,1003.0122,1003012.1594
1,1605.2870,1003.2940,1003293.9594
1,1605.3556,1003.3626,1003362.5594
1,1605.3825,1003.3895,1003389.4594
1,1605.4978,1003.5048,1003504.7594
1,1605.6649,1003.6719,1003671.8594
1,1606.2179,1004.2249,1004224.8594
1,1606.4797,1004.4867,1004486.6594
1,1606.4973,1004.5043,1004504.2594
1,1608.8965,1006.9035,1006903.4594
1,1610.7897,1008.7967,1008796.6594
1,1611.4596,1009.4666,1009466.5594
1,1611.7685,1009.7755,1009775.4594
1,1613.6137,1011.6207,1011620.6594
1,1614.3871,1012.3941,1012394.0594
1,1614.5192,1012.5262,1012526.1594
1,1614.9480,1012.9550,1012954.9594
1,1615.0179,1013.0249,1013024.8594
1,1615.7408,1013.7478,1013747.7594
1,1616.2790,1014.2860,1014285.9594
1,1616.4754,1014.4824,1014482.3594
1,1616.5538,1014.5608,1014560.7594
1,1616.5772,1014.5842,1014584.1594
1,1616.8878,1014.8948,1014894.7594
1,1616.9090,1014.9160,1014915.9594
1,1617.0118,1015.0188,1015018.7594
1,1617.8911,1015.8981,1015898.0594
1,1618.2750,1016.2820,1016281.9594
1,1619.7664,1017.7734,1017773.3594
1,1620.2575,1018.2645,1018264.4594
1,1620.3156,1018.3226,1018322.5594
1,1620.3781,1018.3851,1018385.0594
1,1620.4447,1018.4517,1018451.6594
1,1620.5474,1018.5544,1018554.3594
1,1620.5812,1018.5882,1018588.1594
1,1621.7225,1019.7295,1019729.4594
1,1622.0897,1020.0967,1020096.6594
1,1622.0961,1020.1031,1020103.0594
1,1622.1813,1020.1883,1020188.2594
1,1622.2486,1020.2556,1020255.5594
1,1622.3099,1020.3169,1020316.8594
1,1622.3331,1020.3401,1020340.0594
1,1622.3606,1020.3676,1020367.5594
1,1622.3663,1020.3733,1020373.2594
1,1622.3868,1020.3938,1020393.7594
1,1622.3933,1020.4003,1020400.2594
1,1624.3914,1022.3984,1022398.3594
1,1624.4618,1022.4688,1022468.7594
1,1624.5485,1022.5555,1022555.4594
1,1625.3177,1023.3247,1023324.6594
1,1635.3279,1033.3349,1033334.8594
1,1635.3856,1033.3926,1033392.5594
1,1635.9570,1033.9640,1033963.9594
1,1636.1529,1034.1599,1034159.8594
1,1637.8556,1035.8626,1035862.5594
1,1639.1459,1037.1529,1037152.8594
1,1639.2393,1037.2463,1037246.2594
1,1639.2617,1037.2687,1037268.6594
1,1639.4860,1037.4930,1037492.9594
1,1639.5378,1037.5448,1037544.7594
1,1641.0298,1039.0368,1039036.7594
1,1641.6098,1039.6168,1039616.7594
1,1641.6507,1039.6577,1039657.6594
1,1642.1962,1040.2032,1040203.1594
1,1642.2187,1040.2257,1040225.6594
1,1642.2838,1040.2908,1040290.7594
1,1642.3382,1040.3452,1040345.1594
1,1642.4105,1040.4175,1040417.4594
1,1642.4192,1040.4262,1040426.1594
1,1642.5432,1040.5502,1040550.1594
1,1642.6674,1040.6744,1040674.3594
1,1642.6920,1040.6990,1040698.9594
1,1642.7452,1040.7522,1040752.1594
1,1645.9478,1043.9548,1043954.7594
1,1646.5299,1044.5369,1044536.8594
1,1646.6127,1044.6197,1044619.6594
1,1646.9135,1044.9205,1044920.4594
1,1649.7599,1047.7669,1047766.8594
1,1649.9296,1047.9366,1047936.5594
1,1650.2931,1048.3001,1048300.0594
1,1650.3176,1048.3246,1048324.5594
1,1651.2115,1049.2185,1049218.4594
1,1651.3287,1049.3357,1049335.6594
1,1652.1297,1050.1367,1050136.6594
1,1652.4656,1050.4726,1050472.5594
1,1652.5412,1050.5482,1050548.1594
1,1653.2156,1051.2226,1051222.5594
1,1654.8555,1052.8625,1052862.4594
1,1654.8641,1052.8711,1052871.0594
1,1654.9369,1052.9439,1052943.8594
1,1654.9843,1052.9913,1052991.2594
1,1655.0207,1053.0277,1053027.6594
1,1655.0934,1053.1004,1053100.3594
1,1655.2315,1053.2385,1053238.4594
1,1656.9446,1054.9516,1054951.5594
1,1657.0148,1055.0218,1055021.7594
1,1657.1685,1055.1755,1055175.4594
1,1657.2115,1055.2185,1055218.4594
1,1657.2746,1055.2816,1055281.5594
1,1657.4675,1055.4745,1055474.4594
1,1657.5279,1055.5349,1055534.8594
1,1657.7405,1055.7475,1055747.4594
1,1657.7487,1055.7557,1055755.6594
1,1657.7877,1055.7947,1055794.6594
1,1657.8387,1055.8457,1055845.6594
1,1657.8597,1055.8667,1055866.6594
1,1657.9337,1055.9407,1055940.6594
1,1657.9947,1056.0017,1056001.6594
1,1658.0270,1056.0340,1056033.9594
1,1658.0463,1056.0533,1056053.2594
1,1658.0719,1056.0789,1056078.8594
1,1658.0846,1056.0916,1056091.5594
1,1658.1232,1056.1302,1056130.1594
1,1658.1519,1056.1589,1056158.8594
1,1658.2202,1056.2272,1056227.1594
1,1658.2392,1056.2462,1056246.1594
1,1658.2498,1056.2568,1056256.7594
1,1658.2599,1056.2669,1056266.8594
1,1658.2866,1056.2936,1056293.5594
1,1658.3694,1056.3764,1056376.3594
1,1658.4230,1056.4300,1056429.9594
1,1660.3314,1058.3384,1058338.3594
1,1660.4023,1058.4093,1058409.2594
1,1660.5489,1058.5559,1058555.8594
1,1660.6012,1058.6082,1058608.1594
1,1660.6787,1058.6857,1058685.6594
1,1660.7581,1058.7651,1058765.0594
1,1660.8029,1058.8099,1058809.8594
1,1660.9928,1058.9998,1058999.7594
1,1661.3583,1059.3653,1059365.2594
1,1661.3671,1059.3741,1059374.0594
1,1661.4047,1059.4117,1059411.6594
1,1661.4561,1059.4631,1059463.0594
1,1661.4914,1059.4984,1059498.3594
1,1661.5258,1059.5328,1059532.7594
1,1661.5800,1059.5870,1059586.9594
1,1661.5827,1059.5897,1059589.6594
1,1661.6007,1059.6077,1059607.6594
1,1661.6035,1059.6105,1059610.4594
1,1661.6090,1059.6160,1059615.9594
1,1661.6744,1059.6814,1059681.3594
1,1661.6850,1059.6920,1059691.9594
1,1661.7263,1059.7333,1059733.2594
1,1661.7512,1059.7582,1059758.1594
1,1661.7694,1059.7764,1059776.3594
1,1661.8576,1059.8646,1059864.5594
1,1662.0411,1060.0481,1060048.0594
1,1662.0525,1060.0595,1060059.4594
1,1662.0818,1060.0888,1060088.7594
1,1662.1418,1060.1488,1060148.7594
1,1662.1542,1060.1612,1060161.1594
1,1662.1618,1060.1688,1060168.7594
1,1662.1673,1060.1743,1060174.2594
1,1662.2778,1060.2848,1060284.7594
1,1662.3028,1060.3098,1060309.7594
1,1662.3202,1060.3272,1060327.1594
1,1662.3807,1060.3877,1060387.6594
1,1662.9177,1060.9247,1060924.6594
1,1662.9496,1060.9566,1060956.5594
1,1663.0162,1061.0232,1061023.1594
1,1663.0426,1061.0496,1061049.5594
1,1663.0463,1061.0533,1061053.2594
1,1663.0515,1061.0585,1061058.4594
1,1663.0976,1061.1046,1061104.5594
1,1663.2553,1061.2623,1061262.2594
1,1663.2765,1061.2835,1061283.4594
1,1663.3392,1061.3462,1061346.1594
1,1663.3634,1061.3704,1061370.3594
1,1663.4362,1061.4432,1061443.1594
1,1663.4971,1061.5041,1061504.0594
1,1663.5004,1061.5074,1061507.3594
1,1663.5530,1061.5600,1061559.9594
1,1663.5976,1061.6046,1061604.5594
1,1663.8865,1061.8935,1061893.4594
1,1664.3629,1062.3699,1062369.8594
1,1664.5505,1062.5575,1062557.4594
1,1666.4920,1064.4990,1064498.9594
1,1666.6319,1064.6389,1064638.8594
1,1666.7103,1064.7173,1064717.2594
1,1666.7265,1064.7335,1064733.4594
1,1666.8106,1064.8176,1064817.5594
1,1666.8140,1064.8210,1064820.9594
1,1666.8686,1064.8756,1064875.5594
1,1666.8913,1064.8983,1064898.2594
1,1666.9058,1064.9128,1064912.7594
1,1666.9225,1064.9295,1064929.4594
1,1666.9388,1064.9458,1064945.7594
1,1666.9719,1064.9789,1064978.8594
1,1667.0002,1065.0072,1065007.1594
1,1667.0198,1065.0268,1065026.7594
1,1667.0587,1065.0657,1065065.6594
1,1667.0882,1065.0952,1065095.1594
1,1667.1210,1065.1280,1065127.9594
1,1667.1314,1065.1384,1065138.3594
1,1667.2848,1065.2918,1065291.7594
1,1667.4152,1065.4222,1065422.1594
1,1667.4209,1065.4279,1065427.8594
1,1667.4746,1065.4816,1065481.5594
1,1667.6258,1065.6328,1065632.7594
1,1667.6352,1065.6422,1065642.1594
1,1667.6665,1065.6735,1065673.4594
1,1667.7077,1065.7147,1065714.6594
1,1667.7263,1065.7333,1065733.2594
1,1667.8104,1065.8174,1065817.3594
1,1667.8908,1065.8978,1065897.7594
1,1667.9232,1065.9302,1065930.1594
1,1667.9358,1065.9428,1065942.7594
1,1668.5798,1066.5868,1066586.7594
1,1668.7387,1066.7457,1066745.6594
1,1668.8287,1066.8357,1066835.6594
1,1668.8981,1066.9051,1066905.0594
1,1669.3127,1067.3197,1067319.6594
1,1669.4650,1067.4720,1067471.9594
1,1669.5310,1067.5380,1067537.9594
1,1669.5598,1067.5668,1067566.7594
1,1670.2273,1068.2343,1068234.2594
1,1670.2822,1068.2892,1068289.1594
1,1670.3768,1068.3838,1068383.7594
1,1670.4216,1068.4286,1068428.5594
1,1670.9823,1068.9893,1068989.2594
1,1672.5652,1070.5722,1070572.1594
1,1672.6380,1070.6450,1070644.9594
1,1673.0265,1071.0335,1071033.4594
1,1673.0498,1071.0568,1071056.7594
1,1673.2211,1071.2281,1071228.0594
1,1675.8365,1073.8435,1073843.4594
1,1675.8456,1073.8526,1073852.5594
1,1676.6453,1074.6523,1074652.2594
1,1683.6908,1081.6978,1081697.7594
1,1684.3042,1082.3112,1082311.1594
1,1684.3505,1082.3575,1082357.4594
1,1684.4614,1082.4684,1082468.3594
1,1685.8607,1083.8677,1083867.6594
1,1687.1542,1085.1612,1085161.1594
1,1687.8246,1085.8316,1085831.5594
1,1689.9259,1087.9329,1087932.8594
1,1690.0223,1088.0293,1088029.2594
1,1690.0300,1088.0370,1088036.9594
1,1692.0994,1090.1064,1090106.3594
1,1692.2697,1090.2767,1090276.6594
1,1692.3247,1090.3317,1090331.6594
1,1694.7037,1092.7107,1092710.6594
1,1694.9205,1092.9275,1092927.4594
1,1695.1235,1093.1305,1093130.4594
1,1695.2399,1093.2469,1093246.8594
1,1695.3364,1093.3434,1093343.3594
1,1696.1062,1094.1132,1094113.1594
1,1696.1888,1094.1958,1094195.7594
1,1696.2839,1094.2909,1094290.8594
1,1697.0005,1095.0075,1095007.4594
1,1697.1206,1095.1276,1095127.5594
1,1697.2013,1095.2083,1095208.2594
1,1697.3800,1095.3870,1095386.9594
1,1697.4002,1095.4072,1095407.1594
1,1697.5728,1095.5798,1095579.7594
1,1702.1113,1100.1183,1100118.2594
1,1702.1208,1100.1278,1100127.7594
1,1703.1201,1101.1271,1101127.0594
1,1703.2761,1101.2831,1101283.0594
1,1704.2880,1102.2950,1102294.9594
1,1704.2928,1102.2998,1102299.7594
1,1704.3863,1102.3933,1102393.2594
1,1704.5002,1102.5072,1102507.1594
1,1704.5545,1102.5615,1102561.4594
1,1704.5747,1102.5817,1102581.6594
1,1704.6013,1102.6083,1102608.2594
1,1704.6299,1102.6369,1102636.8594
1,1704.8029,1102.8099,1102809.8594
1,1704.8431,1102.8501,1102850.0594
1,1704.8998,1102.9068,1102906.7594
1,1704.9192,1102.9262,1102926.1594
1,1704.9804,1102.9874,1102987.3594
1,1705.0261,1103.0331,1103033.0594
1,1705.0724,1103.0794,1103079.3594
1,1705.1188,1103.1258,1103125.7594
1,1705.1968,1103.2038,1103203.7594
1,1705.3056,1103.3126,1103312.5594
1,1705.5512,1103.5582,1103558.1594
1,1705.6044,1103.6114,1103611.3594
1,1705.6723,1103.6793,1103679.2594
1,1705.7010,1103.7080,1103707.9594
1,1705.7084,1103.7154,1103715.3594
1,1705.7752,1103.7822,1103782.1594
1,1708.9437,1106.9507,1106950.6594
1,1709.3855,1107.3925,1107392.4594
1,1709.7281,1107.7351,1107735.0594
1,1710.3993,1108.4063,1108406.2594
1,1710.5136,1108.5206,1108520.5594
1,1710.5774,1108.5844,1108584.3594
1,1713.4275,1111.4345,1111434.4594
1,1714.2788,1112.2858,1112285.7594
1,1714.6078,1112.6148,1112614.7594
1,1714.7112,1112.7182,1112718.1594
1,1714.9904,1112.9974,1112997.3594
1,1717.9429,1115.9499,1115949.8594
1,1718.3945,1116.4015,1116401.4594
1,1718.8203,1116.8273,1116827.2594
1,1723.5168,1121.5238,1121523.7594
1,1726.4377,1124.4447,1124444.6594
1,1727.4767,1125.4837,1125483.6594
1,1727.5060,1125.5130,1125512.9594
1,1727.5237,1125.5307,1125530.6594
1,1727.6210,1125.6280,1125627.9594
1,1729.7520,1127.7590,1127758.9594
1,1731.0106,1129.0176,1129017.5594
1,1731.6826,1129.6896,1129689.5594
1,1735.8499,1133.8569,1133856.8594
1,1736.0378,1134.0448,1134044.7594
1,1736.0947,1134.1017,1134101.6594
1,1737.0154,1135.0224,1135022.3594
1,1738.2516,1136.2586,1136258.5594
1,1738.3250,1136.3320,1136331.9594
1,1742.4884,1140.4954,1140495.3594
1,1742.5157,1140.5227,1140522.6594
1,1742.5483,1140.5553,1140555.2594
1,1742.5873,1140.5943,1140594.2594
1,1742.5965,1140.6035,1140603.4594
1,1742.5999,1140.6069,1140606.8594
1,1742.6919,1140.6989,1140698.8594
1,1742.7601,1140.7671,1140767.0594
1,1742.7891,1140.7961,1140796.0594
1,1742.8201,1140.8271,1140827.0594
1,1742.8599,1140.8669,1140866.8594
1,1742.9108,1140.9178,1140917.7594
1,1742.9666,1140.9736,1140973.5594
1,1743.3698,1141.3768,1141376.7594
1,1743.4704,1141.4774,1141477.3594
1,1743.5414,1141.5484,1141548.3594
1,1743.5614,1141.5684,1141568.3594
1,1743.5964,1141.6034,1141603.3594
1,1743.6551,1141.6621,1141662.0594
1,1747.6530,1145.6600,1145659.9594
1,1747.6943,1145.7013,1145701.2594
1,1747.8040,1145.8110,1145810.9594
1,1747.8835,1145.8905,1145890.4594
1,1747.9791,1145.9861,1145986.0594
1,1748.4472,1146.4542,1146454.1594
1,1749.3950,1147.4020,1147401.9594
1,1749.4303,1147.4373,1147437.2594
1,1749.4800,1147.4870,1147486.9594
1,1751.4593,1149.4663,1149466.2594
1,1751.5062,1149.5132,1149513.1594
1,1751.6567,1149.6637,1149663.6594
1,1751.7457,1149.7527,1149752.6594
1,1752.6550,1150.6620,1150661.9594
1,1752.7018,1150.7088,1150708.7594
1,1752.7231,1150.7301,1150730.0594
1,1752.7415,1150.7485,1150748.4594
1,1752.8094,1150.8164,1150816.3594
1,1752.8290,1150.8360,1150835.9594
1,1752.8582,1150.8652,1150865.1594
1,1752.8874,1150.8944,1150894.3594
1,1752.9848,1150.9918,1150991.7594
1,1753.0013,1151.0083,1151008.2594
1,1753.0046,1151.0116,1151011.5594
1,1753.1639,1151.1709,1151170.8594
1,1753.2574,1151.2644,1151264.3594
1,1755.0336,1153.0406,1153040.5594
1,1755.2063,1153.2133,1153213.2594
1,1755.3267,1153.3337,1153333.6594
1,1756.1533,1154.1603,1154160.2594
1,1756.1561,1154.1631,1154163.0594
1,1756.1817,1154.1887,1154188.6594
1,1756.2187,1154.2257,1154225.6594
1,1756.2740,1154.2810,1154280.9594
1,1756.3581,1154.3651,1154365.0594
1,1756.4525,1154.4595,1154459.4594
1,1756.5087,1154.5157,1154515.6594
1,1756.5561,1154.5631,1154563.0594
1,1756.6525,1154.6595,1154659.4594
1,1756.6574,1154.6644,1154664.3594
1,1756.9530,1154.9600,1154959.9594
1,1757.6230,1155.6300,1155629.9594
1,1757.6832,1155.6902,1155690.1594
1,1757.7805,1155.7875,1155787.4594
1,1757.9659,1155.9729,1155972.8594
1,1758.0003,1156.0073,1156007.2594
1,1758.0253,1156.0323,1156032.2594
1,1758.0364,1156.0434,1156043.3594
1,1758.1293,1156.1363,1156136.2594
1,1758.1365,1156.1435,1156143.4594
1,1758.1543,1156.1613,1156161.2594
1,1758.1670,1156.1740,1156173.9594
1,1758.1920,1156.1990,1156198.9594
1,1758.2183,1156.2253,1156225.2594
1,1758.2285,1156.2355,1156235.4594
1,1758.3205,1156.3275,1156327.4594
1,1758.3940,1156.4010,1156400.9594
1,1758.4507,1156.4577,1156457.6594
1,1758.6067,1156.6137,1156613.6594
1,1759.2697,1157.2767,1157276.6594
1,1759.3774,1157.3844,1157384.3594
1,1759.4480,1157.4550,1157454.9594
1,1759.4975,1157.5045,1157504.4594
1,1759.5732,1157.5802,1157580.1594
1,1759.6615,1157.6685,1157668.4594
1,1759.7532,1157.7602,1157760.1594
1,1760.6351,1158.6421,1158642.0594
1,1760.9951,1159.0021,1159002.0594
1,1761.0351,1159.0421,1159042.0594
1,1761.0861,1159.0931,1159093.0594
1,1761.1396,1159.1466,1159146.5594
1,1761.2027,1159.2097,1159209.6594
1,1764.6717,1162.6787,1162678.6594
1,1764.8965,1162.9035,1162903.4594
1,1767.6067,1165.6137,1165613.6594
1,1768.0119,1166.0189,1166018.8594
1,1768.0679,1166.0749,1166074.8594
1,1768.1019,1166.1089,1166108.8594
1,1768.2501,1166.2571,1166257.0594
1,1768.2804,1166.2874,1166287.3594
1,1768.3261,1166.3331,1166333.0594
1,1768.3613,1166.3683,1166368.2594
1,1768.3905,1166.3975,1166397.4594
1,1768.4235,1166.4305,1166430.4594
1,1768.4382,1166.4452,1166445.1594
1,1768.4670,1166.4740,1166473.9594
1,1768.5101,1166.5171,1166517.0594
1,1768.5202,1166.5272,1166527.1594
1,1768.5503,1166.5573,1166557.2594
1,1768.5597,1166.5667,1166566.6594
1,1768.5943,1166.6013,1166601.2594
1,1768.6599,1166.6669,1166666.8594
1,1768.6744,1166.6814,1166681.3594
1,1768.6925,1166.6995,1166699.4594
1,1768.6960,1166.7030,1166702.9594
1,1768.7678,1166.7748,1166774.7594
1,1768.7932,1166.8002,1166800.1594
1,1768.8004,1166.8074,1166807.3594
1,1768.8248,1166.8318,1166831.7594
1,1768.8464,1166.8534,1166853.3594
1,1768.8743,1166.8813,1166881.2594
1,1768.9215,1166.9285,1166928.4594
1,1769.0123,1167.0193,1167019.2594
1,1769.0731,1167.0801,1167080.0594
1,1769.1433,1167.1503,1167150.2594
1,1769.1575,1167.1645,1167164.4594
1,1769.2783,1167.2853,1167285.2594
1,1769.3013,1167.3083,1167308.2594
1,1769.3583,1167.3653,1167365.2594
1,1769.4308,1167.4378,1167437.7594
1,1769.4980,1167.5050,1167504.9594
1,1769.5057,1167.5127,1167512.6594
1,1769.6967,1167.7037,1167703.6594
1,1769.9209,1167.9279,1167927.8594
1,1770.0330,1168.0400,1168039.9594
1,1770.0624,1168.0694,1168069.3594
1,1770.1093,1168.1163,1168116.2594
1,1770.1943,1168.2013,1168201.2594
1,1770.2183,1168.2253,1168225.2594
1,1770.2655,1168.2725,1168272.4594
1,1770.2920,1168.2990,1168298.9594
1,1770.3189,1168.3259,1168325.8594
1,1770.3591,1168.3661,1168366.0594
1,1770.3865,1168.3935,1168393.4594
1,1770.4162,1168.4232,1168423.1594
1,1770.4756,1168.4826,1168482.5594
1,1770.5021,1168.5091,1168509.0594
1,1770.5175,1168.5245,1168524.4594
1,1770.5501,1168.5571,1168557.0594
1,1770.5656,1168.5726,1168572.5594
1,1770.5949,1168.6019,1168601.8594
1,1770.6549,1168.6619,1168661.8594
1,1770.6747,1168.6817,1168681.6594
1,1770.6869,1168.6939,1168693.8594
1,1770.7209,1168.7279,1168727.8594
1,1770.7379,1168.7449,1168744.8594
1,1770.7480,1168.7550,1168754.9594
1,1770.7744,1168.7814,1168781.3594
1,1770.8343,1168.8413,1168841.2594
1,1773.3384,1171.3454,1171345.3594
1,1773.6641,1171.6711,1171671.0594
1,1773.7696,1171.7766,1171776.5594
1,1773.8962,1171.9032,1171903.1594
1,1773.9003,1171.9073,1171907.2594
1,1773.9470,1171.9540,1171953.9594
1,1773.9820,1171.9890,1171988.9594
1,1774.0415,1172.0485,1172048.4594
1,1774.0540,1172.0610,1172060.9594
1,1774.0792,1172.0862,1172086.1594
1,1774.1215,1172.1285,1172128.4594
1,1774.2547,1172.2617,1172261.6594
1,1774.3355,1172.3425,1172342.4594
1,1774.3862,1172.3932,1172393.1594
1,1775.4679,1173.4749,1173474.8594
1,1775.5593,1173.5663,1173566.2594
1,1776.9531,1174.9601,1174960.0594
1,1778.7144,1176.7214,1176721.3594
1,1778.7640,1176.7710,1176770.9594
1,1779.3792,1177.3862,1177386.1594
1,1779.4563,1177.4633,1177463.2594
1,1779.4942,1177.5012,1177501.1594
1,1779.5266,1177.5336,1177533.5594
1,1779.5592,1177.5662,1177566.1594
1,1779.6371,1177.6441,1177644.0594
1,1779.6820,1177.6890,1177688.9594
1,1779.8273,1177.8343,1177834.2594
1,1779.9015,1177.9085,1177908.4594
1,1784.0068,1182.0138,1182013.7594
1,1784.1665,1182.1735,1182173.4594
1,1784.1805,1182.1875,1182187.4594
1,1784.2484,1182.2554,1182255.3594
1,1784.2770,1182.2840,1182283.9594
1,1784.3577,1182.3647,1182364.6594
1,1787.2983,1185.3053,1185305.2594
1,1789.2966,1187.3036,1187303.5594
1,1789.3670,1187.3740,1187373.9594
1,1789.4135,1187.4205,1187420.4594
1,1790.5419,1188.5489,1188548.8594
1,1790.6486,1188.6556,1188655.5594
1,1790.7190,1188.7260,1188725.9594
1,1790.8564,1188.8634,1188863.3594
1,1791.4522,1189.4592,1189459.1594
1,1791.9802,1189.9872,1189987.1594
1,1792.5358,1190.5428,1190542.7594
1,1792.7851,1190.7921,1190792.0594
1,1792.8693,1190.8763,1190876.2594
1,1792.8744,1190.8814,1190881.3594
1,1793.0183,1191.0253,1191025.2594
1,1793.0796,1191.0866,1191086.5594
1,1794.0788,1192.0858,1192085.7594
1,1794.2134,1192.2204,1192220.3594
1,1794.3058,1192.3128,1192312.7594
1,1794.3881,1192.3951,1192395.0594
1,1794.5545,1192.5615,1192561.4594
1,1794.7997,1192.8067,1192806.6594
1,1800.4739,1198.4809,1198480.8594
1,1800.5333,1198.5403,1198540.2594
1,1801.4372,1199.4442,1199444.1594
1,1801.5533,1199.5603,1199560.2594
1,1801.6318,1199.6388,1199638.7594
1,1802.2849,1200.2919,1200291.8594
1,1802.3656,1200.3726,1200372.5594
1,1802.5314,1200.5384,1200538.3594
1,1803.0241,1201.0311,1201031.0594
1,1803.6872,1201.6942,1201694.1594
1,1803.8326,1201.8396,1201839.5594
1,1803.9160,1201.9230,1201922.9594
1,1803.9315,1201.9385,1201938.4594
1,1803.9849,1201.9919,1201991.8594
1,1804.1302,1202.1372,1202137.1594
1,1804.2039,1202.2109,1202210.8594
1,1804.2841,1202.2911,1202291.0594
1,1804.3823,1202.3893,1202389.2594
1,1804.3901,1202.3971,1202397.0594
1,1805.0540,1203.0610,1203060.9594
1,1805.5750,1203.5820,1203581.9594
1,1805.5919,1203.5989,1203598.8594
1,1808.3142,1206.3212,1206321.1594
1,1808.5448,1206.5518,1206551.7594
1,1808.6611,1206.6681,1206668.0594
1,1808.6725,1206.6795,1206679.4594
1,1809.5279,1207.5349,1207534.8594
1,1809.7943,1207.8013,1207801.2594
1,1809.9559,1207.9629,1207962.8594
1,1809.9648,1207.9718,1207971.7594
1,1814.5719,1212.5789,1212578.8594
1,1814.6278,1212.6348,1212634.7594
1,1814.6806,1212.6876,1212687.5594
1,1814.7551,1212.7621,1212762.0594
1,1814.7636,1212.7706,1212770.5594
1,1814.8132,1212.8202,1212820.1594
1,1814.9312,1212.9382,1212938.1594
1,1815.4075,1213.4145,1213414.4594
1,1817.4338,1215.4408,1215440.7594
1,1817.5032,1215.5102,1215510.1594
1,1817.6140,1215.6210,1215620.9594
1,1817.6806,1215.6876,1215687.5594
1,1817.7908,1215.7978,1215797.7594
1,1817.8240,1215.8310,1215830.9594
1,1818.0399,1216.0469,1216046.8594
1,1818.2979,1216.3049,1216304.8594
1,1819.8214,1217.8284,1217828.3594
1,1819.8867,1217.8937,1217893.6594
1,1820.0594,1218.0664,1218066.3594
1,1820.1918,1218.1988,1218198.7594
1,1820.2048,1218.2118,1218211.7594
1,1820.3196,1218.3266,1218326.5594
1,1820.6064,1218.6134,1218613.3594
1,1820.6345,1218.6415,1218641.4594
1,1820.6734,1218.6804,1218680.3594
1,1820.7331,1218.7401,1218740.0594
1,1820.7818,1218.7888,1218788.7594
1,1820.8191,1218.8261,1218826.0594
1,1820.8267,1218.8337,1218833.6594
1,1820.8509,1218.8579,1218857.8594
1,1820.8646,1218.8716,1218871.5594
1,1820.8790,1218.8860,1218885.9594
1,1820.9030,1218.9100,1218909.9594
1,1820.9341,1218.9411,1218941.0594
1,1821.0121,1219.0191,1219019.0594
1,1821.1940,1219.2010,1219200.9594
1,1823.4778,1221.4848,1221484.7594
1,1823.4905,1221.4975,1221497.4594
1,1823.4999,1221.5069,1221506.8594
1,1823.5927,1221.5997,1221599.6594
1,1823.6672,1221.6742,1221674.1594
1,1823.7149,1221.7219,1221721.8594
1,1823.7220,1221.7290,1221728.9594
1,1823.7697,1221.7767,1221776.6594
1,1823.9336,1221.9406,1221940.5594
1,1823.9912,1221.9982,1221998.1594
1,1824.1122,1222.1192,1222119.1594
1,1824.2057,1222.2127,1222212.6594
1,1824.2211,1222.2281,1222228.0594
1,1824.3176,1222.3246,1222324.5594
1,1824.3494,1222.3564,1222356.3594
1,1824.4333,1222.4403,1222440.2594
1,1824.6224,1222.6294,1222629.3594
1,1825.6652,1223.6722,1223672.1594
1,1825.7169,1223.7239,1223723.8594
1,1825.7976,1223.8046,1223804.5594
1,1825.9627,1223.9697,1223969.6594
1,1825.9876,1223.9946,1223994.5594
1,1826.0640,1224.0710,1224070.9594
1,1826.1161,1224.1231,1224123.0594
1,1826.1372,1224.1442,1224144.1594
1,1826.2430,1224.2500,1224249.9594
1,1826.5110,1224.5180,1224517.9594
1,1827.4698,1225.4768,1225476.7594
1,1827.9728,1225.9798,1225979.7594
1,1829.4193,1227.4263,1227426.2594
1,1830.2206,1228.2276,1228227.5594
1,1830.5467,1228.5537,1228553.6594
1,1832.4667,1230.4737,1230473.6594
1,1833.0251,1231.0321,1231032.0594
1,1833.4189,1231.4259,1231425.8594
1,1833.5283,1231.5353,1231535.2594
1,1833.7750,1231.7820,1231781.9594
1,1835.3354,1233.3424,1233342.3594
1,1835.6579,1233.6649,1233664.8594
1,1836.0474,1234.0544,1234054.3594
1,1838.5689,1236.5759,1236575.8594
1,1838.6134,1236.6204,1236620.3594
1,1839.9130,1237.9200,1237919.9594
1,1839.9174,1237.9244,1237924.3594
1,1840.2840,1238.2910,1238290.9594
1,1843.5526,1241.5596,1241559.5594
1,1844.2513,1242.2583,1242258.2594
1,1844.3681,1242.3751,1242375.0594
1,1844.6525,1242.6595,1242659.4594
1,1846.6040,1244.6110,1244610.9594
1,1846.6247,1244.6317,1244631.6594
1,1846.6494,1244.6564,1244656.3594
1,1846.6720,1244.6790,1244678.9594
1,1846.6803,1244.6873,1244687.2594
1,1846.7104,1244.7174,1244717.3594
1,1846.8649,1244.8719,1244871.8594
1,1846.8878,1244.8948,1244894.7594
1,1846.9237,1244.9307,1244930.6594
1,1846.9407,1244.9477,1244947.6594
1,1847.0799,1245.0869,1245086.8594
1,1847.1340,1245.1410,1245140.9594
1,1847.1801,1245.1871,1245187.0594
1,1847.2577,1245.2647,1245264.6594
1,1847.3251,1245.3321,1245332.0594
1,1847.3627,1245.3697,1245369.6594
1,1847.4292,1245.4362,1245436.1594
1,1847.5098,1245.5168,1245516.7594
1,1847.6323,1245.6393,1245639.2594
1,1848.0830,1246.0900,1246089.9594
1,1848.6006,1246.6076,1246607.5594
1,1848.6221,1246.6291,1246629.0594
1,1848.8041,1246.8111,1246811.0594
1,1848.8524,1246.8594,1246859.3594
1,1848.9290,1246.9360,1246935.9594
1,1849.1910,1247.1980,1247197.9594
1,1850.3005,1248.3075,1248307.4594
1,1850.7385,1248.7455,1248745.4594
1,1852.3232,1250.3302,1250330.1594
1,1852.3963,1250.4033,1250403.2594
1,1852.5474,1250.5544,1250554.3594
1,1852.5869,1250.5939,1250593.8594
1,1852.6347,1250.6417,1250641.6594
1,1852.6611,1250.6681,1250668.0594
1,1852.6694,1250.6764,1250676.3594
1,1852.6918,1250.6988,1250698.7594
1,1852.7102,1250.7172,1250717.1594
1,1852.8349,1250.8419,1250841.8594
1,1852.9615,1250.9685,1250968.4594
1,1852.9788,1250.9858,1250985.7594
1,1853.1072,1251.1142,1251114.1594
1,1854.2469,1252.2539,1252253.8594
1,1854.3012,1252.3082,1252308.1594
1,1854.3672,1252.3742,1252374.1594
1,1854.4379,1252.4449,1252444.8594
1,1854.5491,1252.5561,1252556.0594
1,1854.5717,1252.5787,1252578.6594
1,1854.6718,1252.6788,1252678.7594
1,1855.0741,1253.0811,1253081.0594
1,1855.1044,1253.1114,1253111.3594
1,1855.1108,1253.1178,1253117.7594
1,1855.1801,1253.1871,1253187.0594
1,1855.4500,1253.4570,1253456.9594
1,1855.6158,1253.6228,1253622.7594
1,1855.7338,1253.7408,1253740.7594
1,1855.7853,1253.7923,1253792.2594
1,1856.6186,1254.6256,1254625.5594
1,1856.7008,1254.7078,1254707.7594
1,1856.7777,1254.7847,1254784.6594
1,1856.8593,1254.8663,1254866.2594
1,1856.9070,1254.9140,1254913.9594
1,1856.9157,1254.9227,1254922.6594
1,1856.9253,1254.9323,1254932.2594
1,1856.9356,1254.9426,1254942.5594
1,1856.9986,1255.0056,1255005.5594
1,1857.0067,1255.0137,1255013.6594
1,1857.0099,1255.0169,1255016.8594
1,1857.0753,1255.0823,1255082.2594
1,1857.0872,1255.0942,1255094.1594
1,1857.1079,1255.1149,1255114.8594
1,1857.1421,1255.1491,1255149.0594
1,1857.2337,1255.2407,1255240.6594
1,1857.2787,1255.2857,1255285.6594
1,1857.3685,1255.3755,1255375.4594
1,1857.3895,1255.3965,1255396.4594
1,1857.4057,1255.4127,1255412.6594
1,1857.4116,1255.4186,1255418.5594
1,1857.4319,1255.4389,1255438.8594
1,1857.4492,1255.4562,1255456.1594
1,1857.4704,1255.4774,1255477.3594
1,1857.5062,1255.5132,1255513.1594
1,1857.5297,1255.5367,1255536.6594
1,1857.5842,1255.5912,1255591.1594
1,1857.6068,1255.6138,1255613.7594
1,1857.6484,1255.6554,1255655.3594
1,1857.6528,1255.6598,1255659.7594
1,1857.6817,1255.6887,1255688.6594
1,1857.6913,1255.6983,1255698.2594
1,1857.7173,1255.7243,1255724.2594
1,1857.7632,1255.7702,1255770.1594
1,1857.7960,1255.8030,1255802.9594
1,1857.8034,1255.8104,1255810.3594
1,1857.8473,1255.8543,1255854.2594
1,1857.8671,1255.8741,1255874.0594
1,1857.9557,1255.9627,1255962.6594
1,1858.1296,1256.1366,1256136.5594
1,1860.3750,1258.3820,1258381.9594
1,1862.1325,1260.1395,1260139.4594
1,1862.1986,1260.2056,1260205.5594
1,1863.1432,1261.1502,1261150.1594
1,1863.2112,1261.2182,1261218.1594
1,1863.2408,1261.2478,1261247.7594
1,1863.2466,1261.2536,1261253.5594
1,1863.2782,1261.2852,1261285.1594
1,1863.3016,1261.3086,1261308.5594
1,1863.8774,1261.8844,1261884.3594
1,1863.8954,1261.9024,1261902.3594
1,1864.0097,1262.0167,1262016.6594
1,1864.1243,1262.1313,1262131.2594
1,1864.5948,1262.6018,1262601.7594
1,1864.6401,1262.6471,1262647.0594
1,1864.6570,1262.6640,1262663.9594
1,1864.7074,1262.7144,1262714.3594
1,1864.7252,1262.7322,1262732.1594
1,1864.7965,1262.8035,1262803.4594
1,1864.8234,1262.8304,1262830.3594
1,1864.9049,1262.9119,1262911.8594
1,1864.9371,1262.9441,1262944.0594
1,1865.0075,1263.0145,1263014.4594
1,1865.0476,1263.0546,1263054.5594
1,1865.1152,1263.1222,1263122.1594
1,1865.1648,1263.1718,1263171.7594
1,1865.2208,1263.2278,1263227.7594
1,1865.2451,1263.2521,1263252.0594
1,1865.2755,1263.2825,1263282.4594
1,1865.2946,1263.3016,1263301.5594
1,1865.3077,1263.3147,1263314.6594
1,1865.3370,1263.3440,1263343.9594
1,1865.3951,1263.4021,1263402.0594
1,1865.4312,1263.4382,1263438.1594
1,1865.4672,1263.4742,1263474.1594
1,1865.5378,1263.5448,1263544.7594
1,1865.5495,1263.5565,1263556.4594
1,1865.5603,1263.5673,1263567.2594
1,1865.5953,1263.6023,1263602.2594
1,1865.6819,1263.6889,1263688.8594
1,1865.7922,1263.7992,1263799.1594
1,1865.8365,1263.8435,1263843.4594
1,1866.7115,1264.7185,1264718.4594
1,1866.7343,1264.7413,1264741.2594
1,1866.7483,1264.7553,1264755.2594
1,1866.7830,1264.7900,1264789.9594
1,1866.8141,1264.8211,1264821.0594
1,1866.8399,1264.8469,1264846.8594
1,1866.8795,1264.8865,1264886.4594
1,1866.9159,1264.9229,1264922.8594
1,1866.9391,1264.9461,1264946.0594
1,1866.9615,1264.9685,1264968.4594
1,1866.9968,1265.0038,1265003.7594
1,1867.0175,1265.0245,1265024.4594
1,1867.0592,1265.0662,1265066.1594
1,1867.0986,1265.1056,1265105.5594
1,1867.1055,1265.1125,1265112.4594
1,1867.1283,1265.1353,1265135.2594
1,1867.1516,1265.1586,1265158.5594
1,1867.1929,1265.1999,1265199.8594
1,1867.2195,1265.2265,1265226.4594
1,1867.2249,1265.2319,1265231.8594
1,1867.2470,1265.2540,1265253.9594
1,1867.2588,1265.2658,1265265.7594
1,1867.2622,1265.2692,1265269.1594
1,1867.2657,1265.2727,1265272.6594
1,1867.2772,1265.2842,1265284.1594
1,1867.2859,1265.2929,1265292.8594
1,1867.2912,1265.2982,1265298.1594
1,1867.2970,1265.3040,1265303.9594
1,1867.3020,1265.3090,1265308.9594
1,1867.3131,1265.3201,1265320.0594
1,1867.3169,1265.3239,1265323.8594
1,1867.3364,1265.3434,1265343.3594
1,1867.3412,1265.3482,1265348.1594
1,1867.3511,1265.3581,1265358.0594
1,1867.3629,1265.3699,1265369.8594
1,1867.3736,1265.3806,1265380.5594
1,1867.3767,1265.3837,1265383.6594
1,1867.3810,1265.3880,1265387.9594
1,1867.3842,1265.3912,1265391.1594
1,1867.3887,1265.3957,1265395.6594
1,1867.4116,1265.4186,1265418.5594
1,1867.4230,1265.4300,1265429.9594
1,1867.4273,1265.4343,1265434.2594
1,1867.4499,1265.4569,1265456.8594
1,1867.4891,1265.4961,1265496.0594
1,1867.5216,1265.5286,1265528.5594
1,1867.5416,1265.5486,1265548.5594
1,1867.5492,1265.5562,1265556.1594
1,1867.5567,1265.5637,1265563.6594
1,1867.5970,1265.6040,1265603.9594
1,1867.6037,1265.6107,1265610.6594
1,1867.6092,1265.6162,1265616.1594
1,1867.6692,1265.6762,1265676.1594
1,1867.7133,1265.7203,1265720.2594
1,1867.7929,1265.7999,1265799.8594
1,1867.8161,1265.8231,1265823.0594
1,1867.8430,1265.8500,1265849.9594
1,1867.8624,1265.8694,1265869.3594
1,1867.8657,1265.8727,1265872.6594
1,1867.9393,1265.9463,1265946.2594
1,1867.9433,1265.9503,1265950.2594
1,1867.9700,1265.9770,1265976.9594
1,1868.0157,1266.0227,1266022.6594
1,1868.0497,1266.0567,1266056.6594
1,1868.0982,1266.1052,1266105.1594
1,1868.1368,1266.1438,1266143.7594
1,1868.2619,1266.2689,1266268.8594
1,1868.2988,1266.3058,1266305.7594
1,1868.4521,1266.4591,1266459.0594
1,1868.4639,1266.4709,1266470.8594
1,1868.5238,1266.5308,1266530.7594
1,1868.5584,1266.5654,1266565.3594
1,1868.6045,1266.6115,1266611.4594
1,1868.6229,1266.6299,1266629.8594
1,1868.6452,1266.6522,1266652.1594
1,1868.9265,1266.9335,1266933.4594
1,1870.3156,1268.3226,1268322.5594
1,1870.5211,1268.5281,1268528.0594
1,1870.7344,1268.7414,1268741.3594
1,1873.0904,1271.0974,1271097.3594
1,1873.1399,1271.1469,1271146.8594
1,1873.1836,1271.1906,1271190.5594
1,1873.1941,1271.2011,1271201.0594
1,1873.2385,1271.2455,1271245.4594
1,1873.2511,1271.2581,1271258.0594
1,1873.2753,1271.2823,1271282.2594
1,1873.3082,1271.3152,1271315.1594
1,1873.4344,1271.4414,1271441.3594
1,1873.5432,1271.5502,1271550.1594
1,1874.7357,1272.7427,1272742.6594
1,1874.7554,1272.7624,1272762.3594
1,1874.8427,1272.8497,1272849.6594
1,1874.9001,1272.9071,1272907.0594
1,1874.9159,1272.9229,1272922.8594
1,1875.0019,1273.0089,1273008.8594
1,1875.0224,1273.0294,1273029.3594
1,1875.0615,1273.0685,1273068.4594
1,1875.1484,1273.1554,1273155.3594
1,1875.2207,1273.2277,1273227.6594
1,1875.2768,1273.2838,1273283.7594
1,1875.6999,1273.7069,1273706.8594
1,1875.8271,1273.8341,1273834.0594
1,1875.8625,1273.8695,1273869.4594
1,1876.0076,1274.0146,1274014.5594
1,1876.0314,1274.0384,1274038.3594
1,1876.0469,1274.0539,1274053.8594
1,1876.0985,1274.1055,1274105.4594
1,1876.1732,1274.1802,1274180.1594
1,1876.1873,1274.1943,1274194.2594
1,1876.2171,1274.2241,1274224.0594
1,1876.3130,1274.3200,1274319.9594
1,1876.3259,1274.3329,1274332.8594
1,1876.3497,1274.3567,1274356.6594
1,1876.3838,1274.3908,1274390.7594
1,1876.4147,1274.4217,1274421.6594
1,1876.4182,1274.4252,1274425.1594
1,1876.5814,1274.5884,1274588.3594
1,1876.6629,1274.6699,1274669.8594
1,1876.9752,1274.9822,1274982.1594
1,1877.1709,1275.1779,1275177.8594
1,1877.2403,1275.2473,1275247.2594
1,1877.4801,1275.4871,1275487.0594
1,1877.4998,1275.5068,1275506.7594
1,1877.6328,1275.6398,1275639.7594
1,1877.6827,1275.6897,1275689.6594
1,1877.8212,1275.8282,1275828.1594
1,1878.0283,1276.0353,1276035.2594
1,1878.1160,1276.1230,1276122.9594
1,1878.1422,1276.1492,1276149.1594
1,1878.1489,1276.1559,1276155.8594
1,1878.2527,1276.2597,1276259.6594
1,1878.2681,1276.2751,1276275.0594
1,1878.4388,1276.4458,1276445.7594
1,1879.4364,1277.4434,1277443.3594
1,1879.5123,1277.5193,1277519.2594
1,1879.6169,1277.6239,1277623.8594
1,1880.3462,1278.3532,1278353.1594
1,1883.9383,1281.9453,1281945.2594
1,1884.0311,1282.0381,1282038.0594
1,1884.1301,1282.1371,1282137.0594
1,1884.1816,1282.1886,1282188.5594
1,1884.3548,1282.3618,1282361.7594
1,1885.4239,1283.4309,1283430.8594
1,1887.4894,1285.4964,1285496.3594
1,1889.2076,1287.2146,1287214.5594
1,1893.2963,1291.3033,1291303.2594
1,1895.5611,1293.5681,1293568.0594
1,1895.8724,1293.8794,1293879.3594
1,1895.8934,1293.9004,1293900.3594
1,1895.9778,1293.9848,1293984.7594
1,1896.0424,1294.0494,1294049.3594
1,1896.6711,1294.6781,1294678.0594
1,1896.6851,1294.6921,1294692.0594
1,1896.7101,1294.7171,1294717.0594
1,1896.8662,1294.8732,1294873.1594
1,1896.8796,1294.8866,1294886.5594
1,1896.9488,1294.9558,1294955.7594
1,1897.0186,1295.0256,1295025.5594
1,1897.0732,1295.0802,1295080.1594
1,1897.5763,1295.5833,1295583.2594
1,1898.7742,1296.7812,1296781.1594
1,1898.8634,1296.8704,1296870.3594
1,1898.9188,1296.9258,1296925.7594
1,1898.9803,1296.9873,1296987.2594
1,1899.0236,1297.0306,1297030.5594
1,1899.1060,1297.1130,1297112.9594
1,1899.1409,1297.1479,1297147.8594
1,1900.0218,1298.0288,1298028.7594
1,1900.0746,1298.0816,1298081.5594
1,1900.1483,1298.1553,1298155.2594
1,1900.1756,1298.1826,1298182.5594
1,1900.1949,1298.2019,1298201.8594
1,1900.1984,1298.2054,1298205.3594
1,1900.3367,1298.3437,1298343.6594
1,1900.3630,1298.3700,1298369.9594
1,1901.6579,1299.6649,1299664.8594
1,1901.7266,1299.7336,1299733.5594
1,1901.7729,1299.7799,1299779.8594
1,1901.8847,1299.8917,1299891.6594
1,1901.9485,1299.9555,1299955.4594
1,1901.9819,1299.9889,1299988.8594
1,1902.0974,1300.1044,1300104.3594
1,1902.1594,1300.1664,1300166.3594
1,1902.2415,1300.2485,1300248.4594
1,1905.6730,1303.6800,1303679.9594
1,1905.7168,1303.7238,1303723.7594
1,1906.1493,1304.1563,1304156.2594
1,1907.7156,1305.7226,1305722.5594
1,1908.3474,1306.3544,1306354.3594
1,1912.7326,1310.7396,1310739.5594
1,1912.8415,1310.8485,1310848.4594
1,1912.9078,1310.9148,1310914.7594
1,1917.8340,1315.8410,1315840.9594
1,1920.3832,1318.3902,1318390.1594
1,1920.5325,1318.5395,1318539.4594
1,1920.6127,1318.6197,1318619.6594
1,1920.9617,1318.9687,1318968.6594
1,1920.9994,1319.0064,1319006.3594
1,1921.0994,1319.1064,1319106.3594
1,1921.1036,1319.1106,1319110.5594
1,1921.1214,1319.1284,1319128.3594
1,1921.1929,1319.1999,1319199.8594
1,1921.2263,1319.2333,1319233.2594
1,1921.3298,1319.3368,1319336.7594
1,1921.4731,1319.4801,1319480.0594
1,1921.5276,1319.5346,1319534.5594
1,1921.7327,1319.7397,1319739.6594
1,1922.8206,1320.8276,1320827.5594
1,1923.4430,1321.4500,1321449.9594
1,1924.1070,1322.1140,1322113.9594
1,1924.1555,1322.1625,1322162.4594
1,1924.2181,1322.2251,1322225.0594
1,1924.2801,1322.2871,1322287.0594
1,1924.3090,1322.3160,1322315.9594
1,1924.3883,1322.3953,1322395.2594
1,1924.5139,1322.5209,1322520.8594
1,1925.1122,1323.1192,1323119.1594
1,1927.4779,1325.4849,1325484.8594
1,1928.2041,1326.2111,1326211.0594
1,1928.2179,1326.2249,1326224.8594
1,1928.2235,1326.2305,1326230.4594
1,1928.3161,1326.3231,1326323.0594
1,1928.9517,1326.9587,1326958.6594
1,1929.0741,1327.0811,1327081.0594
1,1929.7700,1327.7770,1327776.9594
1,1933.1965,1331.2035,1331203.4594
1,1933.2559,1331.2629,1331262.8594
1,1933.2683,1331.2753,1331275.2594
1,1933.4994,1331.5064,1331506.3594
1,1933.6889,1331.6959,1331695.8594
1,1936.3882,1334.3952,1334395.1594
1,1936.4199,1334.4269,1334426.8594
1,1936.4780,1334.4850,1334484.9594
1,1937.3681,1335.3751,1335375.0594
1,1937.5200,1335.5270,1335526.9594
1,1937.5887,1335.5957,1335595.6594
1,1937.6411,1335.6481,1335648.0594
1,1937.7879,1335.7949,1335794.8594
1,1938.0953,1336.1023,1336102.2594
1,1938.7296,1336.7366,1336736.5594
1,1939.3162,1337.3232,1337323.1594
1,1940.6107,1338.6177,1338617.6594
1,1940.6614,1338.6684,1338668.3594
1,1942.2867,1340.2937,1340293.6594
1,1942.4133,1340.4203,1340420.2594
1,1942.5203,1340.5273,1340527.2594
1,1942.6102,1340.6172,1340617.1594
1,1942.6497,1340.6567,1340656.6594
1,1945.3408,1343.3478,1343347.7594
1,1945.6247,1343.6317,1343631.6594
1,1945.7017,1343.7087,1343708.6594
1,1945.8616,1343.8686,1343868.5594
1,1948.7159,1346.7229,1346722.8594
1,1950.0352,1348.0422,1348042.1594
1,1950.1007,1348.1077,1348107.6594
1,1950.2583,1348.2653,1348265.2594
1,1950.7867,1348.7937,1348793.6594
1,1951.1106,1349.1176,1349117.5594
1,1951.3859,1349.3929,1349392.8594
1,1951.3905,1349.3975,1349397.4594
1,1951.5264,1349.5334,1349533.3594
1,1951.6254,1349.6324,1349632.3594
1,1951.6510,1349.6580,1349657.9594
1,1951.8577,1349.8647,1349864.6594
1,1951.9116,1349.9186,1349918.5594
1,1952.0757,1350.0827,1350082.6594
1,1952.1525,1350.1595,1350159.4594
1,1952.3331,1350.3401,1350340.0594
1,1952.3985,1350.4055,1350405.4594
1,1952.4272,1350.4342,1350434.1594
1,1952.5426,1350.5496,1350549.5594
1,1952.7806,1350.7876,1350787.5594
1,1953.1730,1351.1800,1351179.9594
1,1955.2219,1353.2289,1353228.8594
1,1956.6293,1354.6363,1354636.2594
1,1958.9291,1356.9361,1356936.0594
1,1960.2002,1358.2072,1358207.1594
1,1960.3208,1358.3278,1358327.7594
1,1960.4861,1358.4931,1358493.0594
1,1960.7705,1358.7775,1358777.4594
1,1962.4323,1360.4393,1360439.2594
1,1965.7822,1363.7892,1363789.1594
1,1966.7196,1364.7266,1364726.5594
1,1966.7883,1364.7953,1364795.2594
1,1966.8160,1364.8230,1364822.9594
1,1966.8277,1364.8347,1364834.6594
1,1966.8958,1364.9028,1364902.7594
1,1966.9361,1364.9431,1364943.0594
1,1967.0391,1365.0461,1365046.0594
1,1967.0893,1365.0963,1365096.2594
1,1967.1343,1365.1413,1365141.2594
1,1967.2283,1365.2353,1365235.2594
1,1967.2709,1365.2779,1365277.8594
1,1967.3169,1365.3239,1365323.8594
1,1967.3211,1365.3281,1365328.0594
1,1967.3514,1365.3584,1365358.3594
1,1967.3972,1365.4042,1365404.1594
1,1967.4708,1365.4778,1365477.7594
1,1967.5170,1365.5240,1365523.9594
1,1967.5435,1365.5505,1365550.4594
1,1967.7016,1365.7086,1365708.5594
1,1967.8124,1365.8194,1365819.3594
1,1968.7514,1366.7584,1366758.3594
1,1968.8065,1366.8135,1366813.4594
1,1968.9143,1366.9213,1366921.2594
1,1969.1063,1367.1133,1367113.2594
1,1969.1252,1367.1322,1367132.1594
1,1972.0212,1370.0282,1370028.1594
1,1972.0799,1370.0869,1370086.8594
1,1972.0853,1370.0923,1370092.2594
1,1972.4187,1370.4257,1370425.6594
1,1972.6313,1370.6383,1370638.2594
1,1973.8374,1371.8444,1371844.3594
1,1974.0455,1372.0525,1372052.4594
1,1974.1410,1372.1480,1372147.9594
1,1974.3779,1372.3849,1372384.8594
1,1977.8552,1375.8622,1375862.1594
1,1978.4855,1376.4925,1376492.4594
1,1981.6081,1379.6151,1379615.0594
1,1981.6144,1379.6214,1379621.3594
1,1982.9844,1380.9914,1380991.3594
1,1983.3043,1381.3113,1381311.2594
1,1983.3676,1381.3746,1381374.5594
1,1983.4699,1381.4769,1381476.8594
1,1983.8568,1381.8638,1381863.7594
1,1985.3682,1383.3752,1383375.1594
1,1989.1500,1387.1570,1387156.9594
1,1989.5083,1387.5153,1387515.2594
1,1991.3263,1389.3333,1389333.2594
1,1991.4049,1389.4119,1389411.8594
1,1991.4683,1389.4753,1389475.2594
1,1993.1425,1391.1495,1391149.4594
1,1994.0345,1392.0415,1392041.4594
1,1994.1160,1392.1230,1392122.9594
1,1994.1234,1392.1304,1392130.3594
1,1994.2026,1392.2096,1392209.5594
1,1994.4384,1392.4454,1392445.3594
1,1994.4632,1392.4702,1392470.1594
1,1995.4217,1393.4287,1393428.6594
1,1995.4307,1393.4377,1393437.6594
1,1995.4735,1393.4805,1393480.4594
1,1995.4946,1393.5016,1393501.5594
1,1995.5112,1393.5182,1393518.1594
1,1995.5856,1393.5926,1393592.5594
1,1995.6243,1393.6313,1393631.2594
1,1998.5524,1396.5594,1396559.3594
1,1998.6283,1396.6353,1396635.2594
1,1998.9456,1396.9526,1396952.5594
1,1999.6254,1397.6324,1397632.3594
1,1999.6351,1397.6421,1397642.0594
1,1999.6679,1397.6749,1397674.8594
1,1999.6834,1397.6904,1397690.3594
1,1999.7741,1397.7811,1397781.0594
1,2000.1635,1398.1705,1398170.4594
1,2006.0487,1404.0557,1404055.6594
1,2006.1444,1404.1514,1404151.3594
1,2006.5287,1404.5357,1404535.6594
1,2007.3407,1405.3477,1405347.6594
1,2007.4776,1405.4846,1405484.5594
1,2007.9831,1405.9901,1405990.0594
1,2008.1088,1406.1158,1406115.7594
1,2008.1284,1406.1354,1406135.3594
1,2008.3493,1406.3563,1406356.2594
1,2009.5893,1407.5963,1407596.2594
1,2009.6965,1407.7035,1407703.4594
1,2015.6764,1413.6834,1413683.3594
1,2016.2498,1414.2568,1414256.7594
1,2017.4706,1415.4776,1415477.5594
1,2017.6142,1415.6212,1415621.1594
1,2019.3237,1417.3307,1417330.6594
1,2019.3315,1417.3385,1417338.4594
1,2019.3876,1417.3946,1417394.5594
1,2019.4879,1417.4949,1417494.8594
1,2019.5129,1417.5199,1417519.8594
1,2019.6069,1417.6139,1417613.8594
1,2020.0080,1418.0150,1418014.9594
1,2020.7040,1418.7110,1418710.9594
1,2021.3899,1419.3969,1419396.8594
1,2023.2531,1421.2601,1421260.0594
1,2023.3364,1421.3434,1421343.3594
1,2026.8223,1424.8293,1424829.2594
1,2028.0742,1426.0812,1426081.1594
1,2028.4836,1426.4906,1426490.5594
1,2036.1082,1434.1152,1434115.1594
1,2036.6764,1434.6834,1434683.3594
1,2038.9314,1436.9384,1436938.3594
1,2039.0179,1437.0249,1437024.8594
1,2039.0314,1437.0384,1437038.3594
1,2039.0765,1437.0835,1437083.4594
1,2039.1195,1437.1265,1437126.4594
1,2039.3734,1437.3804,1437380.3594
1,2039.5654,1437.5724,1437572.3594
1,2040.1393,1438.1463,1438146.2594
1,2040.1661,1438.1731,1438173.0594
1,2040.1786,1438.1856,1438185.5594
1,2040.2321,1438.2391,1438239.0594
1,2040.2649,1438.2719,1438271.8594
1,2040.3302,1438.3372,1438337.1594
1,2042.7686,1440.7756,1440775.5594
1,2044.3141,1442.3211,1442321.0594
1,2045.5191,1443.5261,1443526.0594
1,2047.5566,1445.5636,1445563.5594
1,2047.6450,1445.6520,1445651.9594
1,2048.5011,1446.5081,1446508.0594
1,2048.6236,1446.6306,1446630.5594
1,2048.7066,1446.7136,1446713.5594
1,2048.7392,1446.7462,1446746.1594
1,2049.1008,1447.1078,1447107.7594
1,2049.6553,1447.6623,1447662.2594
1,2049.9910,1447.9980,1447997.9594
1,2050.5988,1448.6058,1448605.7594
1,2051.0228,1449.0298,1449029.7594
1,2055.1795,1453.1865,1453186.4594
1,2055.2484,1453.2554,1453255.3594
1,2055.4847,1453.4917,1453491.6594
1,2055.5086,1453.5156,1453515.5594
1,2055.5743,1453.5813,1453581.2594
1,2055.6214,1453.6284,1453628.3594
1,2055.6249,1453.6319,1453631.8594
1,2056.4844,1454.4914,1454491.3594
1,2056.5825,1454.5895,1454589.4594
1,2056.6829,1454.6899,1454689.8594
1,2057.0342,1455.0412,1455041.1594
1,2057.1358,1455.1428,1455142.7594
1,2057.1984,1455.2054,1455205.3594
1,2057.2305,1455.2375,1455237.4594
1,2057.2774,1455.2844,1455284.3594
1,2057.3015,1455.3085,1455308.4594
1,2057.3291,1455.3361,1455336.0594
1,2057.3441,1455.3511,1455351.0594
1,2057.5989,1455.6059,1455605.8594
1,2057.6645,1455.6715,1455671.4594
1,2057.6812,1455.6882,1455688.1594
1,2057.7298,1455.7368,1455736.7594
1,2061.1900,1459.1970,1459196.9594
1,2061.2983,1459.3053,1459305.2594
1,2061.4657,1459.4727,1459472.6594
1,2061.5279,1459.5349,1459534.8594
1,2061.5626,1459.5696,1459569.5594
1,2061.5921,1459.5991,1459599.0594
1,2061.6336,1459.6406,1459640.5594
1,2061.6822,1459.6892,1459689.1594
1,2061.7946,1459.8016,1459801.5594
1,2061.8875,1459.8945,1459894.4594
1,2061.9182,1459.9252,1459925.1594
1,2062.0880,1460.0950,1460094.9594
1,2062.1690,1460.1760,1460175.9594
1,2062.3110,1460.3180,1460317.9594
1,2062.3402,1460.3472,1460347.1594
1,2062.5097,1460.5167,1460516.6594
1,2062.5771,1460.5841,1460584.0594
1,2062.5954,1460.6024,1460602.3594
1,2062.6896,1460.6966,1460696.5594
1,2062.9588,1460.9658,1460965.7594
1,2063.0787,1461.0857,1461085.6594
1,2063.1566,1461.1636,1461163.5594
1,2065.3650,1463.3720,1463371.9594
1,2066.9589,1464.9659,1464965.8594
1,2068.6914,1466.6984,1466698.3594
1,2069.2958,1467.3028,1467302.7594
1,2069.3466,1467.3536,1467353.5594
1,2069.3800,1467.3870,1467386.9594
1,2069.4018,1467.4088,1467408.7594
1,2069.4675,1467.4745,1467474.4594
1,2069.5514,1467.5584,1467558.3594
1,2069.7342,1467.7412,1467741.1594
1,2069.7413,1467.7483,1467748.2594
1,2070.5230,1468.5300,1468529.9594
1,2070.5978,1468.6048,1468604.7594
1,2071.5153,1469.5223,1469522.2594
1,2071.8316,1469.8386,1469838.5594
1,2074.4524,1472.4594,1472459.3594
1,2083.1037,1481.1107,1481110.6594
1,2083.2982,1481.3052,1481305.1594
1,2085.2144,1483.2214,1483221.3594
1,2085.9131,1483.9201,1483920.0594
1,2085.9222,1483.9292,1483929.1594
1,2085.9739,1483.9809,1483980.8594
1,2086.0168,1484.0238,1484023.7594
1,2086.1148,1484.1218,1484121.7594
1,2086.1288,1484.1358,1484135.7594
1,2086.1662,1484.1732,1484173.1594
1,2086.3281,1484.3351,1484335.0594
1,2086.4359,1484.4429,1484442.8594
1,2088.4983,1486.5053,1486505.2594
1,2088.6061,1486.6131,1486613.0594
1,2091.1326,1489.1396,1489139.5594
1,2091.2412,1489.2482,1489248.1594
1,2092.5550,1490.5620,1490561.9594
1,2099.7353,1497.7423,1497742.2594
1,2099.8792,1497.8862,1497886.1594
1,2102.0065,1500.0135,1500013.4594
1,2112.0902,1510.0972,1510097.1594
1,2113.9545,1511.9615,1511961.4594
1,2114.1199,1512.1269,1512126.8594
1,2126.7680,1524.7750,1524774.9594
1,2126.8940,1524.9010,1524900.9594
1,2129.5796,1527.5866,1527586.5594
1,2131.1190,1529.1260,1529125.9594
1,2131.1945,1529.2015,1529201.4594
1,2131.3377,1529.3447,1529344.6594
1,2131.8592,1529.8662,1529866.1594
1,2132.5969,1530.6039,1530603.8594
1,2133.3573,1531.3643,1531364.2594
1,2133.9257,1531.9327,1531932.6594
1,2142.1024,1540.1094,1540109.3594
1,2143.8084,1541.8154,1541815.3594
1,2143.9534,1541.9604,1541960.3594
1,2144.2950,1542.3020,1542301.9594
1,2144.3399,1542.3469,1542346.8594
1,2144.5045,1542.5115,1542511.4594
1,2144.6141,1542.6211,1542621.0594
1,2144.9341,1542.9411,1542941.0594
1,2144.9561,1542.9631,1542963.0594
1,2145.0827,1543.0897,1543089.6594
1,2145.2436,1543.2506,1543250.5594
1,2145.5173,1543.5243,1543524.2594
1,2145.5874,1543.5944,1543594.3594
1,2145.6367,1543.6437,1543643.6594
1,2145.6645,1543.6715,1543671.4594
1,2145.8138,1543.8208,1543820.7594
1,2145.8588,1543.8658,1543865.7594
1,2146.2623,1544.2693,1544269.2594
1,2146.3460,1544.3530,1544352.9594
1,2146.3886,1544.3956,1544395.5594
1,2146.4833,1544.4903,1544490.2594
1,2146.6945,1544.7015,1544701.4594
1,2147.3122,1545.3192,1545319.1594
1,2147.3805,1545.3875,1545387.4594
1,2148.0867,1546.0937,1546093.6594
1,2155.2809,1553.2879,1553287.8594
1,2157.0750,1555.0820,1555081.9594
1,2158.1227,1556.1297,1556129.6594
1,2158.2311,1556.2381,1556238.0594
1,2158.2715,1556.2785,1556278.4594
1,2158.3348,1556.3418,1556341.7594
1,2158.3892,1556.3962,1556396.1594
1,2158.4511,1556.4581,1556458.0594
1,2160.3329,1558.3399,1558339.8594
1,2160.3765,1558.3835,1558383.4594
1,2161.0539,1559.0609,1559060.8594
1,2161.1314,1559.1384,1559138.3594
1,2161.1904,1559.1974,1559197.3594
1,2161.2211,1559.2281,1559228.0594
1,2164.1433,1562.1503,1562150.2594
1,2164.2425,1562.2495,1562249.4594
1,2164.3239,1562.3309,1562330.8594
1,2168.5811,1566.5881,1566588.0594
1,2168.6872,1566.6942,1566694.1594
1,2170.4681,1568.4751,1568475.0594
1,2171.0881,1569.0951,1569095.0594
1,2171.1404,1569.1474,1569147.3594
1,2171.4488,1569.4558,1569455.7594
1,2171.5019,1569.5089,1569508.8594
1,2171.5690,1569.5760,1569575.9594
1,2175.2399,1573.2469,1573246.8594
1,2175.5406,1573.5476,1573547.5594
1,2175.6007,1573.6077,1573607.6594
1,2176.4038,1574.4108,1574410.7594
1,2176.5302,1574.5372,1574537.1594
1,2176.9198,1574.9268,1574926.7594
1,2177.7587,1575.7657,1575765.6594
1,2177.8467,1575.8537,1575853.6594
1,2177.9448,1575.9518,1575951.7594
1,2177.9770,1575.9840,1575983.9594
1,2178.0188,1576.0258,1576025.7594
1,2178.1091,1576.1161,1576116.0594
1,2178.3692,1576.3762,1576376.1594
1,2178.3774,1576.3844,1576384.3594
1,2178.5807,1576.5877,1576587.6594
1,2178.5966,1576.6036,1576603.5594
1,2178.9148,1576.9218,1576921.7594
1,2179.0208,1577.0278,1577027.7594
1,2179.0544,1577.0614,1577061.3594
1,2179.0683,1577.0753,1577075.2594
1,2181.7059,1579.7129,1579712.8594
1,2182.3082,1580.3152,1580315.1594
1,2182.6491,1580.6561,1580656.0594
1,2182.7222,1580.7292,1580729.1594
1,2183.1496,1581.1566,1581156.5594
1,2183.1926,1581.1996,1581199.5594
1,2183.8288,1581.8358,1581835.7594
1,2186.1633,1584.1703,1584170.2594
1,2186.1895,1584.1965,1584196.4594
1,2186.2377,1584.2447,1584244.6594
1,2187.2900,1585.2970,1585296.9594
1,2189.0363,1587.0433,1587043.2594
1,2189.9831,1587.9901,1587990.0594
1,2190.7859,1588.7929,1588792.8594
1,2193.4202,1591.4272,1591427.1594
1,2193.5112,1591.5182,1591518.1594
1,2193.7682,1591.7752,1591775.1594
1,2194.5637,1592.5707,1592570.6594
1,2195.1407,1593.1477,1593147.6594
1,2195.5588,1593.5658,1593565.7594
1,2201.6177,1599.6247,1599624.6594
1,2201.9536,1599.9606,1599960.5594
1,2207.0743,1605.0813,1605081.2594
1,2207.1780,1605.1850,1605184.9594
1,2209.5344,1607.5414,1607541.3594
1,2210.9472,1608.9542,1608954.1594
1,2216.5045,1614.5115,1614511.4594
1,2216.7361,1614.7431,1614743.0594
1,2220.4721,1618.4791,1618479.0594
1,2221.5492,1619.5562,1619556.1594
1,2221.9426,1619.9496,1619949.5594
1,2224.1570,1622.1640,1622163.9594
1,2225.8121,1623.8191,1623819.0594
1,2226.0765,1624.0835,1624083.4594
1,2226.1144,1624.1214,1624121.3594
1,2232.8394,1630.8464,1630846.3594
1,2232.9292,1630.9362,1630936.1594
1,2235.1715,1633.1785,1633178.4594
1,2235.4674,1633.4744,1633474.3594
1,2236.2429,1634.2499,1634249.8594
1,2236.3279,1634.3349,1634334.8594
1,2236.3801,1634.3871,1634387.0594
1,2236.9022,1634.9092,1634909.1594
1,2236.9086,1634.9156,1634915.5594
1,2237.0206,1635.0276,1635027.5594
1,2237.0387,1635.0457,1635045.6594
1,2237.4976,1635.5046,1635504.5594
1,2237.6005,1635.6075,1635607.4594
1,2237.7271,1635.7341,1635734.0594
1,2237.7600,1635.7670,1635766.9594
1,2237.7851,1635.7921,1635792.0594
1,2237.8173,1635.8243,1635824.2594
1,2238.0834,1636.0904,1636090.3594
1,2240.4167,1638.4237,1638423.6594
1,2242.6141,1640.6211,1640621.0594
1,2242.7236,1640.7306,1640730.5594
1,2242.8594,1640.8664,1640866.3594
1,2243.0753,1641.0823,1641082.2594
1,2243.5238,1641.5308,1641530.7594
1,2244.6547,1642.6617,1642661.6594
1,2244.8394,1642.8464,1642846.3594
1,2244.8728,1642.8798,1642879.7594
1,2246.4980,1644.5050,1644504.9594
1,2247.0480,1645.0550,1645054.9594
1,2248.9652,1646.9722,1646972.1594
1,2249.0227,1647.0297,1647029.6594
1,2249.0974,1647.1044,1647104.3594
1,2249.2420,1647.2490,1647248.9594
1,2250.3787,1648.3857,1648385.6594
1,2250.5147,1648.5217,1648521.6594
1,2250.5689,1648.5759,1648575.8594
1,2250.7303,1648.7373,1648737.2594
1,2254.5458,1652.5528,1652552.7594
1,2254.5642,1652.5712,1652571.1594
1,2254.6114,1652.6184,1652618.3594
1,2256.1842,1654.1912,1654191.1594
1,2256.2875,1654.2945,1654294.4594
1,2256.5022,1654.5092,1654509.1594
1,2257.9456,1655.9526,1655952.5594
1,2258.0422,1656.0492,1656049.1594
1,2260.2249,1658.2319,1658231.8594
1,2260.3191,1658.3261,1658326.0594
1,2260.3934,1658.4004,1658400.3594
1,2260.5387,1658.5457,1658545.6594
1,2261.3919,1659.3989,1659398.8594
1,2261.3988,1659.4058,1659405.7594
1,2261.5457,1659.5527,1659552.6594
1,2261.6167,1659.6237,1659623.6594
1,2262.5618,1660.5688,1660568.7594
1,2262.8566,1660.8636,1660863.5594
1,2264.9104,1662.9174,1662917.3594
1,2265.2180,1663.2250,1663224.9594
1,2265.2796,1663.2866,1663286.5594
1,2265.3246,1663.3316,1663331.5594
1,2265.6616,1663.6686,1663668.5594
1,2265.7394,1663.7464,1663746.3594
1,2265.7494,1663.7564,1663756.3594
1,2265.7555,1663.7625,1663762.4594
1,2266.0851,1664.0921,1664092.0594
1,2266.4276,1664.4346,1664434.5594
1,2266.6912,1664.6982,1664698.1594
1,2267.3128,1665.3198,1665319.7594
1,2267.3579,1665.3649,1665364.8594
1,2267.5571,1665.5641,1665564.0594
1,2267.5730,1665.5800,1665579.9594
1,2268.0925,1666.0995,1666099.4594
1,2268.2032,1666.2102,1666210.1594
1,2268.2941,1666.3011,1666301.0594
1,2268.3261,1666.3331,1666333.0594
1,2268.3845,1666.3915,1666391.4594
1,2268.4698,1666.4768,1666476.7594
1,2268.4839,1666.4909,1666490.8594
1,2268.6735,1666.6805,1666680.4594
1,2268.8287,1666.8357,1666835.6594
1,2269.1118,1667.1188,1667118.7594
1,2269.1342,1667.1412,1667141.1594
1,2269.2548,1667.2618,1667261.7594
1,2269.3180,1667.3250,1667324.9594
1,2269.3745,1667.3815,1667381.4594
1,2269.7195,1667.7265,1667726.4594
1,2272.5268,1670.5338,1670533.7594
1,2276.1848,1674.1918,1674191.7594
1,2276.2205,1674.2275,1674227.4594
1,2276.3884,1674.3954,1674395.3594
1,2276.5524,1674.5594,1674559.3594
1,2276.5837,1674.5907,1674590.6594
1,2276.7006,1674.7076,1674707.5594
1,2277.3903,1675.3973,1675397.2594
1,2277.5147,1675.5217,1675521.6594
1,2279.9367,1677.9437,1677943.6594
1,2279.9769,1677.9839,1677983.8594
1,2280.0582,1678.0652,1678065.1594
1,2281.7477,1679.7547,1679754.6594
1,2281.8091,1679.8161,1679816.0594
1,2281.8609,1679.8679,1679867.8594
1,2283.0995,1681.1065,1681106.4594
1,2287.3385,1685.3455,1685345.4594
1,2288.0072,1686.0142,1686014.1594
1,2288.1730,1686.1800,1686179.9594
1,2288.9362,1686.9432,1686943.1594
1,2288.9966,1687.0036,1687003.5594
1,2289.0587,1687.0657,1687065.6594
1,2289.1931,1687.2001,1687200.0594
1,2289.2473,1687.2543,1687254.2594
1,2289.2565,1687.2635,1687263.4594
1,2289.2866,1687.2936,1687293.5594
1,2291.0243,1689.0313,1689031.2594
1,2292.2089,1690.2159,1690215.8594
1,2293.3190,1691.3260,1691325.9594
1,2294.7050,1692.7120,1692711.9594
1,2295.1784,1693.1854,1693185.3594
1,2295.2004,1693.2074,1693207.3594
1,2295.2835,1693.2905,1693290.4594
1,2295.3776,1693.3846,1693384.5594
1,2295.7927,1693.7997,1693799.6594
1,2295.8533,1693.8603,1693860.2594
1,2296.0537,1694.0607,1694060.6594
1,2296.4389,1694.4459,1694445.8594
1,2296.4974,1694.5044,1694504.3594
1,2296.5873,1694.5943,1694594.2594
1,2296.6412,1694.6482,1694648.1594
1,2296.7374,1694.7444,1694744.3594
1,2296.8313,1694.8383,1694838.2594
1,2296.9689,1694.9759,1694975.8594
1,2298.1152,1696.1222,1696122.1594
1,2298.1743,1696.1813,1696181.2594
1,2299.2668,1697.2738,1697273.7594
1,2299.7505,1697.7575,1697757.4594
1,2300.3261,1698.3331,1698333.0594
1,2300.3705,1698.3775,1698377.4594
1,2302.1193,1700.1263,1700126.2594
1,2302.1332,1700.1402,1700140.1594
1,2302.4256,1700.4326,1700432.5594
1,2302.4794,1700.4864,1700486.3594
1,2302.5434,1700.5504,1700550.3594
1,2308.7179,1706.7249,1706724.8594
1,2308.7843,1706.7913,1706791.2594
1,2308.8667,1706.8737,1706873.6594
1,2308.9330,1706.9400,1706939.9594
1,2309.0029,1707.0099,1707009.8594
1,2309.0163,1707.0233,1707023.2594
1,2309.0415,1707.0485,1707048.4594
1,2309.0658,1707.0728,1707072.7594
1,2309.1526,1707.1596,1707159.5594
1,2309.3286,1707.3356,1707335.5594
1,2309.3985,1707.4055,1707405.4594
1,2309.7854,1707.7924,1707792.3594
1,2309.8083,1707.8153,1707815.2594
1,2309.8240,1707.8310,1707830.9594
1,2309.8522,1707.8592,1707859.1594
1,2312.0061,1710.0131,1710013.0594
1,2315.0758,1713.0828,1713082.7594
1,2316.2777,1714.2847,1714284.6594
1,2316.7238,1714.7308,1714730.7594
1,2316.7494,1714.7564,1714756.3594
1,2316.7681,1714.7751,1714775.0594
1,2316.8487,1714.8557,1714855.6594
1,2317.8839,1715.8909,1715890.8594
1,2318.2009,1716.2079,1716207.8594
1,2318.8269,1716.8339,1716833.8594
1,2319.7792,1717.7862,1717786.1594
1,2320.7821,1718.7891,1718789.0594
1,2322.3331,1720.3401,1720340.0594
1,2325.1910,1723.1980,1723197.9594
1,2325.3828,1723.3898,1723389.7594
1,2325.7018,1723.7088,1723708.7594
1,2325.8454,1723.8524,1723852.3594
1,2325.8848,1723.8918,1723891.7594
1,2325.8914,1723.8984,1723898.3594
1,2325.9098,1723.9168,1723916.7594
1,2325.9988,1724.0058,1724005.7594
1,2326.0412,1724.0482,1724048.1594
1,2326.1089,1724.1159,1724115.8594
1,2326.6223,1724.6293,1724629.2594
1,2326.6704,1724.6774,1724677.3594
1,2327.2840,1725.2910,1725290.9594
1,2327.3284,1725.3354,1725335.3594
1,2328.1232,1726.1302,1726130.1594
1,2328.1468,1726.1538,1726153.7594
1,2328.1665,1726.1735,1726173.4594
1,2328.3436,1726.3506,1726350.5594
1,2328.9389,1726.9459,1726945.8594
1,2330.2485,1728.2555,1728255.4594
1,2332.8700,1730.8770,1730876.9594
1,2333.6332,1731.6402,1731640.1594
1,2333.8467,1731.8537,1731853.6594
1,2334.9594,1732.9664,1732966.3594
1,2334.9813,1732.9883,1732988.2594
1,2335.0104,1733.0174,1733017.3594
1,2335.0983,1733.1053,1733105.2594
1,2335.1715,1733.1785,1733178.4594
1,2335.3216,1733.3286,1733328.5594
1,2339.3117,1737.3187,1737318.6594
1,2339.3986,1737.4056,1737405.5594
1,2339.6371,1737.6441,1737644.0594
1,2339.7927,1737.7997,1737799.6594
1,2339.8590,1737.8660,1737865.9594
1,2339.8777,1737.8847,1737884.6594
1,2339.9119,1737.9189,1737918.8594
1,2339.9257,1737.9327,1737932.6594
1,2339.9334,1737.9404,1737940.3594
1,2339.9808,1737.9878,1737987.7594
1,2340.0266,1738.0336,1738033.5594
1,2340.0808,1738.0878,1738087.7594
1,2340.1087,1738.1157,1738115.6594
1,2340.1745,1738.1815,1738181.4594
1,2340.2253,1738.2323,1738232.2594
1,2343.4919,1741.4989,1741498.8594
1,2345.8626,1743.8696,1743869.5594
1,2346.1166,1744.1236,1744123.5594
1,2347.4553,1745.4623,1745462.2594
1,2347.5364,1745.5434,1745543.3594
1,2348.2299,1746.2369,1746236.8594
1,2350.1906,1748.1976,1748197.5594
1,2350.3427,1748.3497,1748349.6594
1,2350.4229,1748.4299,1748429.8594
1,2351.6608,1749.6678,1749667.7594
1,2352.3241,1750.3311,1750331.0594
1,2352.3585,1750.3655,1750365.4594
1,2352.4325,1750.4395,1750439.4594
1,2352.4852,1750.4922,1750492.1594
1,2356.0127,1754.0197,1754019.6594
1,2356.1538,1754.1608,1754160.7594
1,2356.2406,1754.2476,1754247.5594
1,2357.0566,1755.0636,1755063.5594
1,2357.1590,1755.1660,1755165.9594
1,2357.6765,1755.6835,1755683.4594
1,2357.7898,1755.7968,1755796.7594
1,2360.1878,1758.1948,1758194.7594
1,2361.1399,1759.1469,1759146.8594
1,2361.2027,1759.2097,1759209.6594
1,2362.4787,1760.4857,1760485.6594
1,2362.5418,1760.5488,1760548.7594
1,2362.6338,1760.6408,1760640.7594
1,2362.7234,1760.7304,1760730.3594
1,2364.2416,1762.2486,1762248.5594
1,2364.7320,1762.7390,1762738.9594
1,2364.8237,1762.8307,1762830.6594
1,2365.6941,1763.7011,1763701.0594
1,2365.9586,1763.9656,1763965.5594
1,2366.1738,1764.1808,1764180.7594
1,2366.1775,1764.1845,1764184.4594
1,2366.2533,1764.2603,1764260.2594
1,2368.2808,1766.2878,1766287.7594
1,2368.3484,1766.3554,1766355.3594
1,2368.7589,1766.7659,1766765.8594
1,2369.0041,1767.0111,1767011.0594
1,2369.0309,1767.0379,1767037.8594
1,2369.0622,1767.0692,1767069.1594
1,2369.1219,1767.1289,1767128.8594
1,2369.1384,1767.1454,1767145.3594
1,2369.1997,1767.2067,1767206.6594
1,2369.2970,1767.3040,1767303.9594
1,2369.3859,1767.3929,1767392.8594
1,2369.4536,1767.4606,1767460.5594
1,2369.4873,1767.4943,1767494.2594
1,2369.5533,1767.5603,1767560.2594
1,2370.5304,1768.5374,1768537.3594
1,2374.7278,1772.7348,1772734.7594
1,2375.0145,1773.0215,1773021.4594
1,2375.6547,1773.6617,1773661.6594
1,2378.6716,1776.6786,1776678.5594
1,2381.2904,1779.2974,1779297.3594
1,2381.4402,1779.4472,1779447.1594
1,2382.6771,1780.6841,1780684.0594
1,2382.9404,1780.9474,1780947.3594
1,2384.6735,1782.6805,1782680.4594
1,2385.6476,1783.6546,1783654.5594
1,2385.7099,1783.7169,1783716.8594
1,2385.8361,1783.8431,1783843.0594
1,2386.0379,1784.0449,1784044.8594
1,2386.6617,1784.6687,1784668.6594
1,2386.7077,1784.7147,1784714.6594
1,2387.4689,1785.4759,1785475.8594
1,2387.4754,1785.4824,1785482.3594
1,2387.4884,1785.4954,1785495.3594
1,2389.3055,1787.3125,1787312.4594
1,2392.7877,1790.7947,1790794.6594
1,2392.8560,1790.8630,1790862.9594
1,2392.8855,1790.8925,1790892.4594
1,2393.0100,1791.0170,1791016.9594
1,2393.4199,1791.4269,1791426.8594
1,2393.5116,1791.5186,1791518.5594
1,2393.6983,1791.7053,1791705.2594
1,2393.8105,1791.8175,1791817.4594
1,2395.1042,1793.1112,1793111.1594
1,2400.4036,1798.4106,1798410.5594
1,2400.4608,1798.4678,1798467.7594
1,2401.8103,1799.8173,1799817.2594
1,2402.3276,1800.3346,1800334.5594
1,2402.5854,1800.5924,1800592.3594
1,2403.6925,1801.6995,1801699.4594
1,2403.7131,1801.7201,1801720.0594
1,2403.7189,1801.7259,1801725.8594
1,2403.8972,1801.9042,1801904.1594
1,2404.0362,1802.0432,1802043.1594
1,2404.0637,1802.0707,1802070.6594
1,2404.0745,1802.0815,1802081.4594
1,2404.1203,1802.1273,1802127.2594
1,2404.2055,1802.2125,1802212.4594
1,2404.3088,1802.3158,1802315.7594
1,2404.3702,1802.3772,1802377.1594
1,2404.3756,1802.3826,1802382.5594
1,2404.5407,1802.5477,1802547.6594
1,2404.6317,1802.6387,1802638.6594
1,2405.1886,1803.1956,1803195.5594
1,2406.1446,1804.1516,1804151.5594
1,2406.8818,1804.8888,1804888.7594
1,2407.2328,1805.2398,1805239.7594
1,2407.2365,1805.2435,1805243.4594
1,2407.4623,1805.4693,1805469.2594
1,2408.1431,1806.1501,1806150.0594
1,2408.6938,1806.7008,1806700.7594
1,2409.0580,1807.0650,1807064.9594
1,2409.1229,1807.1299,1807129.8594
1,2409.1400,1807.1470,1807146.9594
1,2409.1955,1807.2025,1807202.4594
1,2409.2100,1807.2170,1807216.9594
1,2409.2463,1807.2533,1807253.2594
1,2409.2699,1807.2769,1807276.8594
1,2409.3241,1807.3311,1807331.0594
1,2409.3477,1807.3547,1807354.6594
1,2409.3799,1807.3869,1807386.8594
1,2409.4802,1807.4872,1807487.1594
1,2409.4944,1807.5014,1807501.3594
1,2409.5781,1807.5851,1807585.0594
1,2409.6449,1807.6519,1807651.8594
1,2409.6599,1807.6669,1807666.8594
1,2409.7898,1807.7968,1807796.7594
1,2410.0502,1808.0572,1808057.1594
1,2412.2112,1810.2182,1810218.1594
1,2412.5711,1810.5781,1810578.0594
1,2413.1375,1811.1445,1811144.4594
1,2413.4512,1811.4582,1811458.1594
1,2413.5346,1811.5416,1811541.5594
1,2413.5946,1811.6016,1811601.5594
1,2413.9218,1811.9288,1811928.7594
1,2415.5701,1813.5771,1813577.0594
1,2416.6930,1814.7000,1814699.9594
1,2420.8183,1818.8253,1818825.2594
1,2420.8741,1818.8811,1818881.0594
1,2421.1860,1819.1930,1819192.9594
1,2421.4169,1819.4239,1819423.8594
1,2421.4778,1819.4848,1819484.7594
1,2421.4898,1819.4968,1819496.7594
1,2421.5375,1819.5445,1819544.4594
1,2421.5977,1819.6047,1819604.6594
1,2421.6241,1819.6311,1819631.0594
1,2421.6805,1819.6875,1819687.4594
1,2422.5882,1820.5952,1820595.1594
1,2422.8959,1820.9029,1820902.8594
1,2422.9500,1820.9570,1820956.9594
1,2423.6294,1821.6364,1821636.3594
1,2423.6725,1821.6795,1821679.4594
1,2423.7127,1821.7197,1821719.6594
1,2424.2098,1822.2168,1822216.7594
1,2424.6531,1822.6601,1822660.0594
1,2424.9645,1822.9715,1822971.4594
1,2425.0977,1823.1047,1823104.6594
1,2425.6934,1823.7004,1823700.3594
1,2425.7259,1823.7329,1823732.8594
1,2425.7606,1823.7676,1823767.5594
1,2426.3696,1824.3766,1824376.5594
1,2427.0070,1825.0140,1825013.9594
1,2427.1306,1825.1376,1825137.5594
1,2427.2378,1825.2448,1825244.7594
1,2427.4551,1825.4621,1825462.0594
1,2427.4670,1825.4740,1825473.9594
1,2427.5491,1825.5561,1825556.0594
1,2427.6556,1825.6626,1825662.5594
1,2427.7076,1825.7146,1825714.5594
1,2427.7604,1825.7674,1825767.3594
1,2427.7689,1825.7759,1825775.8594
1,2427.7728,1825.7798,1825779.7594
1,2427.8137,1825.8207,1825820.6594
1,2427.8432,1825.8502,1825850.1594
1,2427.8809,1825.8879,1825887.8594
1,2427.8850,1825.8920,1825891.9594
1,2427.8968,1825.9038,1825903.7594
1,2427.9692,1825.9762,1825976.1594
1,2427.9775,1825.9845,1825984.4594
1,2428.0421,1826.0491,1826049.0594
1,2428.1035,1826.1105,1826110.4594
1,2428.4744,1826.4814,1826481.3594
1,2428.5845,1826.5915,1826591.4594
1,2428.5902,1826.5972,1826597.1594
1,2429.2502,1827.2572,1827257.1594
1,2429.2620,1827.2690,1827268.9594
1,2433.0100,1831.0170,1831016.9594
1,2433.2531,1831.2601,1831260.0594
1,2433.4718,1831.4788,1831478.7594
1,2433.5249,1831.5319,1831531.8594
1,2433.5357,1831.5427,1831542.6594
1,2433.6244,1831.6314,1831631.3594
1,2433.7932,1831.8002,1831800.1594
1,2434.2262,1832.2332,1832233.1594
1,2434.6755,1832.6825,1832682.4594
1,2435.8345,1833.8415,1833841.4594
1,2436.1244,1834.1314,1834131.3594
1,2436.1651,1834.1721,1834172.0594
1,2436.2014,1834.2084,1834208.3594
1,2436.2446,1834.2516,1834251.5594
1,2436.6108,1834.6178,1834617.7594
1,2436.6823,1834.6893,1834689.2594
1,2436.8201,1834.8271,1834827.0594
1,2436.8390,1834.8460,1834845.9594
1,2436.8467,1834.8537,1834853.6594
1,2436.8509,1834.8579,1834857.8594
1,2436.8816,1834.8886,1834888.5594
1,2437.5761,1835.5831,1835583.0594
1,2437.6163,1835.6233,1835623.2594
1,2437.9436,1835.9506,1835950.5594
1,2438.0474,1836.0544,1836054.3594
1,2438.2200,1836.2270,1836226.9594
1,2439.2597,1837.2667,1837266.6594
1,2439.4280,1837.4350,1837434.9594
1,2439.4462,1837.4532,1837453.1594
1,2439.4581,1837.4651,1837465.0594
1,2439.5040,1837.5110,1837510.9594
1,2439.7262,1837.7332,1837733.1594
1,2440.1986,1838.2056,1838205.5594
1,2440.2513,1838.2583,1838258.2594
1,2440.3822,1838.3892,1838389.1594
1,2440.4389,1838.4459,1838445.8594
1,2440.5022,1838.5092,1838509.1594
1,2440.5269,1838.5339,1838533.8594
1,2440.5638,1838.5708,1838570.7594
1,2440.5926,1838.5996,1838599.5594
1,2440.7390,1838.7460,1838745.9594
1,2440.7929,1838.7999,1838799.8594
1,2440.8363,1838.8433,1838843.2594
1,2440.9823,1838.9893,1838989.2594
1,2441.5997,1839.6067,1839606.6594
1,2441.6994,1839.7064,1839706.3594
1,2441.8591,1839.8661,1839866.0594
1,2441.8681,1839.8751,1839875.0594
1,2441.9385,1839.9455,1839945.4594
1,2441.9641,1839.9711,1839971.0594
1,2442.0211,1840.0281,1840028.0594
1,2442.2871,1840.2941,1840294.0594
1,2442.4891,1840.4961,1840496.0594
1,2443.2269,1841.2339,1841233.8594
1,2443.2606,1841.2676,1841267.5594
1,2443.2941,1841.3011,1841301.0594
1,2443.3997,1841.4067,1841406.6594
1,2443.6049,1841.6119,1841611.8594
1,2444.0085,1842.0155,1842015.4594
1,2444.0380,1842.0450,1842044.9594
1,2445.3752,1843.3822,1843382.1594
1,2447.0795,1845.0865,1845086.4594
1,2448.4455,1846.4525,1846452.4594
1,2448.5439,1846.5509,1846550.8594
1,2449.4377,1847.4447,1847444.6594
1,2451.9245,1849.9315,1849931.4594
1,2451.9566,1849.9636,1849963.5594
1,2455.6569,1853.6639,1853663.8594
1,2455.7092,1853.7162,1853716.1594
1,2456.8619,1854.8689,1854868.8594
1,2457.8688,1855.8758,1855875.7594
1,2458.7924,1856.7994,1856799.3594
1,2458.8712,1856.8782,1856878.1594
1,2458.8773,1856.8843,1856884.2594
1,2458.9353,1856.9423,1856942.2594
1,2458.9736,1856.9806,1856980.5594
1,2458.9826,1856.9896,1856989.5594
1,2459.0176,1857.0246,1857024.5594
1,2459.0601,1857.0671,1857067.0594
1,2459.0630,1857.0700,1857069.9594
1,2459.0688,1857.0758,1857075.7594
1,2459.0733,1857.0803,1857080.2594
1,2459.1085,1857.1155,1857115.4594
1,2459.1215,1857.1285,1857128.4594
1,2459.1524,1857.1594,1857159.3594
1,2459.1784,1857.1854,1857185.3594
1,2459.2026,1857.2096,1857209.5594
1,2459.2501,1857.2571,1857257.0594
1,2459.2894,1857.2964,1857296.3594
1,2459.3183,1857.3253,1857325.2594
1,2459.3602,1857.3672,1857367.1594
1,2459.3782,1857.3852,1857385.1594
1,2459.5520,1857.5590,1857558.9594
1,2459.5573,1857.5643,1857564.2594
1,2459.6780,1857.6850,1857684.9594
1,2460.0356,1858.0426,1858042.5594
1,2460.1006,1858.1076,1858107.5594
1,2460.1590,1858.1660,1858165.9594
1,2460.3036,1858.3106,1858310.5594
1,2460.8042,1858.8112,1858811.1594
1,2460.8305,1858.8375,1858837.4594
1,2460.9373,1858.9443,1858944.2594
1,2460.9552,1858.9622,1858962.1594
1,2460.9664,1858.9734,1858973.3594
1,2461.0685,1859.0755,1859075.4594
1,2461.0849,1859.0919,1859091.8594
1,2461.7527,1859.7597,1859759.6594
1,2461.8281,1859.8351,1859835.0594
1,2461.9744,1859.9814,1859981.3594
1,2463.0939,1861.1009,1861100.8594
1,2463.1639,1861.1709,1861170.8594
1,2463.3546,1861.3616,1861361.5594
1,2463.4157,1861.4227,1861422.6594
1,2463.5427,1861.5497,1861549.6594
1,2463.6653,1861.6723,1861672.2594
1,2463.6855,1861.6925,1861692.4594
1,2463.7776,1861.7846,1861784.5594
1,2463.9032,1861.9102,1861910.1594
1,2463.9815,1861.9885,1861988.4594
1,2464.1433,1862.1503,1862150.2594
1,2464.1660,1862.1730,1862172.9594
1,2464.7651,1862.7721,1862772.0594
1,2464.8639,1862.8709,1862870.8594
1,2464.9082,1862.9152,1862915.1594
1,2465.0222,1863.0292,1863029.1594
1,2465.0644,1863.0714,1863071.3594
1,2465.1077,1863.1147,1863114.6594
1,2465.1150,1863.1220,1863121.9594
1,2465.2228,1863.2298,1863229.7594
1,2465.3310,1863.3380,1863337.9594
1,2465.5138,1863.5208,1863520.7594
1,2466.0250,1864.0320,1864031.9594
1,2466.6099,1864.6169,1864616.8594
1,2467.2215,1865.2285,1865228.4594
1,2467.8219,1865.8289,1865828.8594
1,2467.9569,1865.9639,1865963.8594
1,2469.4644,1867.4714,1867471.3594
1,2469.6725,1867.6795,1867679.4594
1,2469.7734,1867.7804,1867780.3594
1,2469.9499,1867.9569,1867956.8594
1,2470.0243,1868.0313,1868031.2594
1,2470.0828,1868.0898,1868089.7594
1,2470.1735,1868.1805,1868180.4594
1,2470.2934,1868.3004,1868300.3594
1,2470.6927,1868.6997,1868699.6594
1,2470.7779,1868.7849,1868784.8594
1,2472.3757,1870.3827,1870382.6594
1,2472.4689,1870.4759,1870475.8594
1,2474.8376,1872.8446,1872844.5594
1,2474.9136,1872.9206,1872920.5594
1,2474.9587,1872.9657,1872965.6594
1,2474.9637,1872.9707,1872970.6594
1,2478.1125,1876.1195,1876119.4594
1,2478.1740,1876.1810,1876180.9594
1,2478.5680,1876.5750,1876574.9594
1,2479.8446,1877.8516,1877851.5594
1,2479.9006,1877.9076,1877907.5594
1,2480.5918,1878.5988,1878598.7594
1,2482.5983,1880.6053,1880605.2594
1,2482.7919,1880.7989,1880798.8594
1,2483.1546,1881.1616,1881161.5594
1,2483.3177,1881.3247,1881324.6594
1,2483.3464,1881.3534,1881353.3594
1,2483.4481,1881.4551,1881455.0594
1,2483.4604,1881.4674,1881467.3594
1,2483.4652,1881.4722,1881472.1594
1,2483.7305,1881.7375,1881737.4594
1,2483.7757,1881.7827,1881782.6594
1,2483.8234,1881.8304,1881830.3594
1,2483.8529,1881.8599,1881859.8594
1,2483.8929,1881.8999,1881899.8594
1,2483.9198,1881.9268,1881926.7594
1,2484.1120,1882.1190,1882118.9594
1,2486.2867,1884.2937,1884293.6594
1,2486.3186,1884.3256,1884325.5594
1,2486.4609,1884.4679,1884467.8594
1,2486.6334,1884.6404,1884640.3594
1,2486.6963,1884.7033,1884703.2594
1,2486.8266,1884.8336,1884833.5594
1,2486.8982,1884.9052,1884905.1594
1,2486.9457,1884.9527,1884952.6594
1,2486.9500,1884.9570,1884956.9594
1,2487.0002,1885.0072,1885007.1594
1,2487.0065,1885.0135,1885013.4594
1,2487.0243,1885.0313,1885031.2594
1,2487.2276,1885.2346,1885234.5594
1,2487.3606,1885.3676,1885367.5594
1,2487.3749,1885.3819,1885381.8594
1,2487.7679,1885.7749,1885774.8594
1,2489.3328,1887.3398,1887339.7594
1,2489.9733,1887.9803,1887980.2594
1,2490.1547,1888.1617,1888161.6594
1,2490.2271,1888.2341,1888234.0594
1,2490.3352,1888.3422,1888342.1594
1,2490.3853,1888.3923,1888392.2594
1,2490.4992,1888.5062,1888506.1594
1,2493.1349,1891.1419,1891141.8594
1,2494.7211,1892.7281,1892728.0594
1,2494.7788,1892.7858,1892785.7594
1,2495.5386,1893.5456,1893545.5594
1,2495.5660,1893.5730,1893572.9594
1,2495.7552,1893.7622,1893762.1594
1,2495.7747,1893.7817,1893781.6594
1,2496.3291,1894.3361,1894336.0594
1,2496.3939,1894.4009,1894400.8594
1,2496.4221,1894.4291,1894429.0594
1,2496.5362,1894.5432,1894543.1594
1,2496.6829,1894.6899,1894689.8594
1,2497.2078,1895.2148,1895214.7594
1,2497.2231,1895.2301,1895230.0594
1,2497.4203,1895.4273,1895427.2594
1,2497.4908,1895.4978,1895497.7594
1,2497.6073,1895.6143,1895614.2594
1,2497.9190,1895.9260,1895925.9594
1,2497.9951,1896.0021,1896002.0594
1,2498.1507,1896.1577,1896157.6594
1,2498.3149,1896.3219,1896321.8594
1,2498.5163,1896.5233,1896523.2594
1,2498.5307,1896.5377,1896537.6594
1,2498.5592,1896.5662,1896566.1594
1,2498.6388,1896.6458,1896645.7594
1,2498.7196,1896.7266,1896726.5594
1,2498.8037,1896.8107,1896810.6594
1,2498.9382,1896.9452,1896945.1594
1,2499.5902,1897.5972,1897597.1594
1,2499.7755,1897.7825,1897782.4594
1,2499.8272,1897.8342,1897834.1594
1,2499.8544,1897.8614,1897861.3594
1,2499.8909,1897.8979,1897897.8594
1,2499.9468,1897.9538,1897953.7594
1,2500.0109,1898.0179,1898017.8594
1,2500.0700,1898.0770,1898076.9594
1,2500.2072,1898.2142,1898214.1594
1,2500.5184,1898.5254,1898525.3594
1,2501.2651,1899.2721,1899272.0594
1,2501.2932,1899.3002,1899300.1594
1,2501.4647,1899.4717,1899471.6594
1,2501.7817,1899.7887,1899788.6594
1,2501.8387,1899.8457,1899845.6594
1,2501.8598,1899.8668,1899866.7594
1,2503.5782,1901.5852,1901585.1594
1,2504.9882,1902.9952,1902995.1594
1,2505.6201,1903.6271,1903627.0594
1,2505.6666,1903.6736,1903673.5594
1,2505.6787,1903.6857,1903685.6594
1,2505.6858,1903.6928,1903692.7594
1,2505.9534,1903.9604,1903960.3594
1,2505.9884,1903.9954,1903995.3594
1,2508.2617,1906.2687,1906268.6594
1,2508.4635,1906.4705,1906470.4594
1,2508.8028,1906.8098,1906809.7594
1,2511.2948,1909.3018,1909301.7594
1,2511.8555,1909.8625,1909862.4594
1,2512.8037,1910.8107,1910810.6594
1,2512.8509,1910.8579,1910857.8594
1,2513.8108,1911.8178,1911817.7594
1,2513.8755,1911.8825,1911882.4594
1,2513.9622,1911.9692,1911969.1594
1,2514.2424,1912.2494,1912249.3594
1,2515.4369,1913.4439,1913443.8594
1,2515.4406,1913.4476,1913447.5594
1,2515.5427,1913.5497,1913549.6594
1,2515.5541,1913.5611,1913561.0594
1,2517.0091,1915.0161,1915016.0594
1,2517.0184,1915.0254,1915025.3594
1,2517.1332,1915.1402,1915140.1594
1,2517.1658,1915.1728,1915172.7594
1,2517.2117,1915.2187,1915218.6594
1,2517.3499,1915.3569,1915356.8594
1,2517.4873,1915.4943,1915494.2594
1,2517.5343,1915.5413,1915541.2594
1,2517.7695,1915.7765,1915776.4594
1,2518.7718,1916.7788,1916778.7594
1,2519.6361,1917.6431,1917643.0594
1,2520.6005,1918.6075,1918607.4594
1,2520.7877,1918.7947,1918794.6594
1,2521.4300,1919.4370,1919436.9594
1,2521.4763,1919.4833,1919483.2594
1,2521.4910,1919.4980,1919497.9594
1,2521.7336,1919.7406,1919740.5594
1,2521.8364,1919.8434,1919843.3594
1,2522.7509,1920.7579,1920757.8594
1,2523.5544,1921.5614,1921561.3594
1,2524.8668,1922.8738,1922873.7594
1,2526.7048,1924.7118,1924711.7594
1,2527.4582,1925.4652,1925465.1594
1,2530.1006,1928.1076,1928107.5594
1,2530.2888,1928.2958,1928295.7594
1,2533.2720,1931.2790,1931278.9594
1,2533.8342,1931.8412,1931841.1594
1,2534.1174,1932.1244,1932124.3594
1,2534.3179,1932.3249,1932324.8594
1,2534.8912,1932.8982,1932898.1594
1,2535.1057,1933.1127,1933112.6594
1,2539.7620,1937.7690,1937768.9594
1,2540.8740,1938.8810,1938880.9594
1,2541.2073,1939.2143,1939214.2594
1,2541.6744,1939.6814,1939681.3594
1,2542.1071,1940.1141,1940114.0594
1,2542.1252,1940.1322,1940132.1594
1,2542.2431,1940.2501,1940250.0594
1,2544.8420,1942.8490,1942848.9594
1,2545.2703,1943.2773,1943277.2594
1,2545.6968,1943.7038,1943703.7594
1,2546.8746,1944.8816,1944881.5594
1,2550.4149,1948.4219,1948421.8594
1,2550.4419,1948.4489,1948448.8594
1,2556.9812,1954.9882,1954988.1594
1,2558.1444,1956.1514,1956151.3594
1,2558.2139,1956.2209,1956220.8594
1,2558.3440,1956.3510,1956350.9594
1,2558.4117,1956.4187,1956418.6594
1,2558.8756,1956.8826,1956882.5594
1,2559.3445,1957.3515,1957351.4594
1,2559.5793,1957.5863,1957586.2594
1,2559.7513,1957.7583,1957758.2594
1,2559.8798,1957.8868,1957886.7594
1,2559.9903,1957.9973,1957997.2594
1,2560.1729,1958.1799,1958179.8594
1,2560.4032,1958.4102,1958410.1594
1,2561.4840,1959.4910,1959490.9594
1,2562.9306,1960.9376,1960937.5594
1,2562.9543,1960.9613,1960961.2594
1,2563.0546,1961.0616,1961061.5594
1,2563.8045,1961.8115,1961811.4594
1,2563.8101,1961.8171,1961817.0594
1,2563.8676,1961.8746,1961874.5594
1,2563.9593,1961.9663,1961966.2594
1,2564.0739,1962.0809,1962080.8594
1,2564.5623,1962.5693,1962569.2594
1,2565.7505,1963.7575,1963757.4594
1,2566.3916,1964.3986,1964398.5594
1,2566.4123,1964.4193,1964419.2594
1,2567.7713,1965.7783,1965778.2594
1,2567.8459,1965.8529,1965852.8594
1,2567.9488,1965.9558,1965955.7594
1,2570.6436,1968.6506,1968650.5594
1,2571.0053,1969.0123,1969012.2594
1,2572.9845,1970.9915,1970991.4594
1,2572.9906,1970.9976,1970997.5594
1,2573.0639,1971.0709,1971070.8594
1,2573.0935,1971.1005,1971100.4594
1,2573.1557,1971.1627,1971162.6594
1,2573.4117,1971.4187,1971418.6594
1,2573.5422,1971.5492,1971549.1594
1,2573.5995,1971.6065,1971606.4594
1,2573.6197,1971.6267,1971626.6594
1,2573.6644,1971.6714,1971671.3594
1,2574.0919,1972.0989,1972098.8594
1,2574.6515,1972.6585,1972658.4594
1,2574.7903,1972.7973,1972797.2594
1,2574.8652,1972.8722,1972872.1594
1,2577.9266,1975.9336,1975933.5594
1,2578.1196,1976.1266,1976126.5594
1,2578.3093,1976.3163,1976316.2594
1,2578.3820,1976.3890,1976388.9594
1,2578.5140,1976.5210,1976520.9594
1,2578.5504,1976.5574,1976557.3594
1,2578.5585,1976.5655,1976565.4594
1,2578.7414,1976.7484,1976748.3594
1,2578.7833,1976.7903,1976790.2594
1,2579.2292,1977.2362,1977236.1594
1,2583.1006,1981.1076,1981107.5594
1,2585.7894,1983.7964,1983796.3594
1,2585.8108,1983.8178,1983817.7594
1,2585.8934,1983.9004,1983900.3594
1,2586.8597,1984.8667,1984866.6594
1,2589.6939,1987.7009,1987700.8594
1,2590.0337,1988.0407,1988040.6594
1,2590.0496,1988.0566,1988056.5594
1,2590.1815,1988.1885,1988188.4594
1,2590.2222,1988.2292,1988229.1594
1,2591.0659,1989.0729,1989072.8594
1,2592.4456,1990.4526,1990452.5594
1,2595.7168,1993.7238,1993723.7594
1,2595.9872,1993.9942,1993994.1594
1,2596.0149,1994.0219,1994021.8594
1,2596.0228,1994.0298,1994029.7594
1,2596.1117,1994.1187,1994118.6594
1,2602.8814,2000.8884,2000888.3594
1,2603.0507,2001.0577,2001057.6594
1,2603.0550,2001.0620,2001061.9594
1,2603.1052,2001.1122,2001112.1594
1,2603.2562,2001.2632,2001263.1594
1,2604.7068,2002.7138,2002713.7594
1,2604.8127,2002.8197,2002819.6594
1,2605.7171,2003.7241,2003724.0594
1,2606.3548,2004.3618,2004361.7594
1,2608.2724,2006.2794,2006279.3594
1,2608.3078,2006.3148,2006314.7594
1,2608.3814,2006.3884,2006388.3594
1,2608.5093,2006.5163,2006516.2594
1,2612.0555,2010.0625,2010062.4594
1,2614.4182,2012.4252,2012425.1594
1,2617.4019,2015.4089,2015408.8594
1,2617.4570,2015.4640,2015463.9594
1,2617.5230,2015.5300,2015529.9594
1,2617.5344,2015.5414,2015541.3594
1,2617.5741,2015.5811,2015581.0594
1,2617.7755,2015.7825,2015782.4594
1,2617.8653,2015.8723,2015872.2594
1,2617.9231,2015.9301,2015930.0594
1,2617.9557,2015.9627,2015962.6594
1,2617.9987,2016.0057,2016005.6594
1,2618.1796,2016.1866,2016186.5594
1,2618.1855,2016.1925,2016192.4594
1,2618.2805,2016.2875,2016287.4594
1,2618.8400,2016.8470,2016846.9594
1,2619.4863,2017.4933,2017493.2594
1,2619.5153,2017.5223,2017522.2594
1,2619.6688,2017.6758,2017675.7594
1,2621.1429,2019.1499,2019149.8594
1,2622.9134,2020.9204,2020920.3594
1,2623.0208,2021.0278,2021027.7594
1,2623.1329,2021.1399,2021139.8594
1,2623.3138,2021.3208,2021320.7594
1,2623.6677,2021.6747,2021674.6594
1,2624.0076,2022.0146,2022014.5594
1,2624.0719,2022.0789,2022078.8594
1,2624.0973,2022.1043,2022104.2594
1,2624.7550,2022.7620,2022761.9594
1,2624.8356,2022.8426,2022842.5594
1,2624.8683,2022.8753,2022875.2594
1,2624.8817,2022.8887,2022888.6594
1,2625.6565,2023.6635,2023663.4594
1,2625.7015,2023.7085,2023708.4594
1,2625.8515,2023.8585,2023858.4594
1,2625.8830,2023.8900,2023889.9594
1,2625.9109,2023.9179,2023917.8594
1,2625.9335,2023.9405,2023940.4594
1,2626.4088,2024.4158,2024415.7594
1,2626.6395,2024.6465,2024646.4594
1,2627.1031,2025.1101,2025110.0594
1,2627.1926,2025.1996,2025199.5594
1,2627.2274,2025.2344,2025234.3594
1,2627.3460,2025.3530,2025352.9594
1,2627.6416,2025.6486,2025648.5594
1,2628.2442,2026.2512,2026251.1594
1,2628.2470,2026.2540,2026253.9594
1,2628.2579,2026.2649,2026264.8594
1,2628.3583,2026.3653,2026365.2594
1,2628.4393,2026.4463,2026446.2594
1,2628.4483,2026.4553,2026455.2594
1,2630.0954,2028.1024,2028102.3594
1,2630.4217,2028.4287,2028428.6594
1,2633.4100,2031.4170,2031416.9594
1,2634.8122,2032.8192,2032819.1594
1,2634.8628,2032.8698,2032869.7594
1,2637.0925,2035.0995,2035099.4594
1,2638.2057,2036.2127,2036212.6594
1,2638.2523,2036.2593,2036259.2594
1,2638.9081,2036.9151,2036915.0594
1,2638.9444,2036.9514,2036951.3594
1,2638.9676,2036.9746,2036974.5594
1,2639.1091,2037.1161,2037116.0594
1,2639.9242,2037.9312,2037931.1594
1,2640.1003,2038.1073,2038107.2594
1,2641.1780,2039.1850,2039184.9594
1,2644.5023,2042.5093,2042509.2594
1,2644.5765,2042.5835,2042583.4594
1,2644.5995,2042.6065,2042606.4594
1,2645.2833,2043.2903,2043290.2594
1,2646.6104,2044.6174,2044617.3594
1,2646.7540,2044.7610,2044760.9594
1,2646.9024,2044.9094,2044909.3594
1,2646.9823,2044.9893,2044989.2594
1,2647.1652,2045.1722,2045172.1594
1,2647.2026,2045.2096,2045209.5594
1,2647.2752,2045.2822,2045282.1594
1,2647.2958,2045.3028,2045302.7594
1,2647.3097,2045.3167,2045316.6594
1,2647.3239,2045.3309,2045330.8594
1,2648.9778,2046.9848,2046984.7594
1,2652.9722,2050.9792,2050979.1594
1,2654.9263,2052.9333,2052933.2594
1,2655.0841,2053.0911,2053091.0594
1,2655.1463,2053.1533,2053153.2594
1,2655.1579,2053.1649,2053164.8594
1,2655.2699,2053.2769,2053276.8594
1,2655.2784,2053.2854,2053285.3594
1,2655.2824,2053.2894,2053289.3594
1,2655.4097,2053.4167,2053416.6594
1,2655.5387,2053.5457,2053545.6594
1,2655.6272,2053.6342,2053634.1594
1,2655.8146,2053.8216,2053821.5594
1,2656.8450,2054.8520,2054851.9594
1,2657.1312,2055.1382,2055138.1594
1,2657.1486,2055.1556,2055155.5594
1,2658.6017,2056.6087,2056608.6594
1,2658.6907,2056.6977,2056697.6594
1,2658.7217,2056.7287,2056728.6594
1,2658.7745,2056.7815,2056781.4594
1,2659.4830,2057.4900,2057489.9594
1,2659.7315,2057.7385,2057738.4594
1,2659.8343,2057.8413,2057841.2594
1,2659.8835,2057.8905,2057890.4594
1,2659.9268,2057.9338,2057933.7594
1,2660.0726,2058.0796,2058079.5594
1,2660.9965,2059.0035,2059003.4594
1,2661.0142,2059.0212,2059021.1594
1,2661.1708,2059.1778,2059177.7594
1,2661.9221,2059.9291,2059929.0594
1,2663.6747,2061.6817,2061681.6594
1,2663.9370,2061.9440,2061943.9594
1,2664.8620,2062.8690,2062868.9594
1,2669.1503,2067.1573,2067157.2594
1,2669.4736,2067.4806,2067480.5594
1,2669.9752,2067.9822,2067982.1594
1,2671.3185,2069.3255,2069325.4594
1,2672.1980,2070.2050,2070204.9594
1,2672.3857,2070.3927,2070392.6594
1,2672.7912,2070.7982,2070798.1594
1,2672.9984,2071.0054,2071005.3594
1,2673.1343,2071.1413,2071141.2594
1,2673.2308,2071.2378,2071237.7594
1,2673.2922,2071.2992,2071299.1594
1,2673.9335,2071.9405,2071940.4594
1,2673.9738,2071.9808,2071980.7594
1,2674.0230,2072.0300,2072029.9594
1,2674.0635,2072.0705,2072070.4594
1,2674.0920,2072.0990,2072098.9594
1,2674.1147,2072.1217,2072121.6594
1,2674.1356,2072.1426,2072142.5594
1,2674.2715,2072.2785,2072278.4594
1,2676.2877,2074.2947,2074294.6594
1,2679.0314,2077.0384,2077038.3594
1,2679.4899,2077.4969,2077496.8594
1,2679.4987,2077.5057,2077505.6594
1,2679.5149,2077.5219,2077521.8594
1,2679.7053,2077.7123,2077712.2594
1,2679.8099,2077.8169,2077816.8594
1,2680.9687,2078.9757,2078975.6594
1,2680.9925,2078.9995,2078999.4594
1,2681.0250,2079.0320,2079031.9594
1,2681.4385,2079.4455,2079445.4594
1,2681.4474,2079.4544,2079454.3594
1,2681.9878,2079.9948,2079994.7594
1,2682.0297,2080.0367,2080036.6594
1,2682.1878,2080.1948,2080194.7594
1,2682.2370,2080.2440,2080243.9594
1,2682.2506,2080.2576,2080257.5594
1,2682.2723,2080.2793,2080279.2594
1,2682.2939,2080.3009,2080300.8594
1,2684.1249,2082.1319,2082131.8594
1,2685.9164,2083.9234,2083923.3594
1,2687.2436,2085.2506,2085250.5594
1,2694.0673,2092.0743,2092074.2594
1,2694.4822,2092.4892,2092489.1594
1,2694.6312,2092.6382,2092638.1594
1,2695.6726,2093.6796,2093679.5594
1,2695.9649,2093.9719,2093971.8594
1,2696.0371,2094.0441,2094044.0594
1,2696.1443,2094.1513,2094151.2594
1,2696.1793,2094.1863,2094186.2594
1,2700.2804,2098.2874,2098287.3594
1,2700.8016,2098.8086,2098808.5594
1,2703.5852,2101.5922,2101592.1594
1,2703.6628,2101.6698,2101669.7594
1,2703.7636,2101.7706,2101770.5594
1,2706.8349,2104.8419,2104841.8594
1,2707.1191,2105.1261,2105126.0594
1,2707.2368,2105.2438,2105243.7594
1,2711.4305,2109.4375,2109437.4594
1,2713.0572,2111.0642,2111064.1594
1,2713.4207,2111.4277,2111427.6594
1,2713.4603,2111.4673,2111467.2594
1,2713.7676,2111.7746,2111774.5594
1,2713.8172,2111.8242,2111824.1594
1,2713.8878,2111.8948,2111894.7594
1,2713.9292,2111.9362,2111936.1594
1,2713.9881,2111.9951,2111995.0594
1,2714.0556,2112.0626,2112062.5594
1,2714.0617,2112.0687,2112068.6594
1,2714.1296,2112.1366,2112136.5594
1,2714.2412,2112.2482,2112248.1594
1,2714.2443,2112.2513,2112251.2594
1,2715.2346,2113.2416,2113241.5594
1,2715.8303,2113.8373,2113837.2594
1,2716.3527,2114.3597,2114359.6594
1,2716.4388,2114.4458,2114445.7594
1,2717.4101,2115.4171,2115417.0594
1,2717.8133,2115.8203,2115820.2594
1,2717.8787,2115.8857,2115885.6594
1,2717.9237,2115.9307,2115930.6594
1,2717.9619,2115.9689,2115968.8594
1,2718.0363,2116.0433,2116043.2594
1,2718.0604,2116.0674,2116067.3594
1,2718.1098,2116.1168,2116116.7594
1,2718.1493,2116.1563,2116156.2594
1,2718.5058,2116.5128,2116512.7594
1,2718.6084,2116.6154,2116615.3594
1,2719.9523,2117.9593,2117959.2594
1,2721.2170,2119.2240,2119223.9594
1,2721.2693,2119.2763,2119276.2594
1,2721.3964,2119.4034,2119403.3594
1,2721.5407,2119.5477,2119547.6594
1,2721.5932,2119.6002,2119600.1594
1,2723.5961,2121.6031,2121603.0594
1,2723.6420,2121.6490,2121648.9594
1,2725.1207,2123.1277,2123127.6594
1,2725.7009,2123.7079,2123707.8594
1,2726.3479,2124.3549,2124354.8594
1,2726.9420,2124.9490,2124948.9594
1,2727.5492,2125.5562,2125556.1594
1,2728.8917,2126.8987,2126898.6594
1,2728.9410,2126.9480,2126947.9594
1,2729.0857,2127.0927,2127092.6594
1,2729.2252,2127.2322,2127232.1594
1,2735.3392,2133.3462,2133346.1594
1,2735.5294,2133.5364,2133536.3594
1,2735.5993,2133.6063,2133606.2594
1,2735.6187,2133.6257,2133625.6594
1,2735.8290,2133.8360,2133835.9594
1,2736.8361,2134.8431,2134843.0594
1,2736.8673,2134.8743,2134874.2594
1,2737.0358,2135.0428,2135042.7594
1,2737.7596,2135.7666,2135766.5594
1,2737.8062,2135.8132,2135813.1594
1,2737.9803,2135.9873,2135987.2594
1,2738.0488,2136.0558,2136055.7594
1,2738.1111,2136.1181,2136118.0594
1,2738.7046,2136.7116,2136711.5594
1,2739.0704,2137.0774,2137077.3594
1,2739.1744,2137.1814,2137181.3594
1,2739.2261,2137.2331,2137233.0594
1,2739.3077,2137.3147,2137314.6594
1,2739.3938,2137.4008,2137400.7594
1,2739.4358,2137.4428,2137442.7594
1,2739.4928,2137.4998,2137499.7594
1,2739.4967,2137.5037,2137503.6594
1,2739.6626,2137.6696,2137669.5594
1,2739.7636,2137.7706,2137770.5594
1,2739.8042,2137.8112,2137811.1594
1,2739.8377,2137.8447,2137844.6594
1,2739.9819,2137.9889,2137988.8594
1,2740.6306,2138.6376,2138637.5594
1,2741.1064,2139.1134,2139113.3594
1,2741.5915,2139.5985,2139598.4594
1,2741.7818,2139.7888,2139788.7594
1,2742.4686,2140.4756,2140475.5594
1,2742.5035,2140.5105,2140510.4594
1,2742.5199,2140.5269,2140526.8594
1,2742.5481,2140.5551,2140555.0594
1,2742.5867,2140.5937,2140593.6594
1,2742.6634,2140.6704,2140670.3594
1,2742.7886,2140.7956,2140795.5594
1,2743.6404,2141.6474,2141647.3594
1,2747.6346,2145.6416,2145641.5594
1,2747.7456,2145.7526,2145752.5594
1,2747.8891,2145.8961,2145896.0594
1,2748.0915,2146.0985,2146098.4594
1,2749.5227,2147.5297,2147529.6594
1,2752.2260,2150.2330,2150232.9594
1,2752.8684,2150.8754,2150875.3594
1,2754.1903,2152.1973,2152197.2594
1,2755.2771,2153.2841,2153284.0594
1,2756.5304,2154.5374,2154537.3594
1,2756.8075,2154.8145,2154814.4594
1,2759.4075,2157.4145,2157414.4594
1,2759.5976,2157.6046,2157604.5594
1,2762.8024,2160.8094,2160809.3594
1,2762.8315,2160.8385,2160838.4594
1,2762.8454,2160.8524,2160852.3594
1,2762.9084,2160.9154,2160915.3594
1,2762.9604,2160.9674,2160967.3594
1,2763.8953,2161.9023,2161902.2594
1,2765.1891,2163.1961,2163196.0594
1,2765.3358,2163.3428,2163342.7594
